#,Name,Description,Item,Key,Data[0],Data[1],Data[2],Data[3],Data[4],Data[5],Data[6],Data[7],Title,Icon,Order,AchievementCategory,AchievementTarget,Unknown0,Points,Unknown1,Unknown2,Unknown3,Unknown4,Type,Unknown5,AchievementHideCondition
0,,,0,0,0,0,0,0,0,0,0,0,0,0,0,0,0,0,0,255,255,0,0,0,1,0
1,勝利的榮光1,討伐100個敵人。,0,11,100,0,0,0,0,0,0,0,0,2565,1,1,0,0,5,255,255,0,3,1,1,0
2,勝利的榮光2,討伐500個敵人。,0,11,500,0,0,0,0,0,0,0,0,2565,2,1,0,0,5,255,255,0,3,1,1,0
3,勝利的榮光3,討伐1000個敵人。,0,11,1000,0,0,0,0,0,0,0,0,2565,3,1,0,0,10,255,255,0,3,1,1,0
4,勝利的榮光4,討伐5000個敵人。,0,11,5000,0,0,0,0,0,0,0,0,2565,4,1,0,0,10,255,255,0,3,1,1,0
5,勝利的榮光5,討伐10000個敵人。,0,11,10000,0,0,0,0,0,0,0,0,2565,5,1,0,0,10,255,255,0,3,1,1,0
6,勝利的榮光6,討伐50000個敵人。,0,11,50000,0,0,0,0,0,0,0,9,2565,6,1,43,1,10,255,255,0,3,1,1,0
7,戰爭女神的垂青,討伐100000個敵人。,2907,11,100000,0,0,0,0,0,0,0,0,2565,7,1,43,1,30,0,255,3,3,1,1,0
8,拉諾西亞的精英獵手,成功討伐以下危險標的怪物：巴羅梅茲、狡黠賽克斯、暴食格特魯德、炸彈男爵、未名士兵之靈、六爪長老、撼天猛牛。,0,0,0,0,0,0,0,0,0,0,0,62904,0,54,0,0,10,255,255,0,2,0,1,0
9,黑衣森林的精英獵手,成功討伐以下危險標的怪物：阿路修、波利特女王、頑猴傑克、西洛可、派亞、大肚子豪特珀克斯、瘟疫王子。,0,0,0,0,0,0,0,0,0,0,0,62904,0,54,0,0,10,255,255,0,2,0,1,0
10,薩納蘭的精英獵手,成功討伐以下危險標的怪物：苔角長老、擬仙人掌怪傑克、長腿老爹、彈指通柯柯盧恩、蟻巢指揮官、巴狄、蛾龍螟蜥。,0,0,0,0,0,0,0,0,0,0,0,62904,0,54,0,0,10,255,255,0,2,0,1,0
11,庫爾札斯的精英獵手,成功討伐以下危險標的怪物：烏賴烏斯、爆發石火精、毛絨絨鄧斯坦。,0,0,0,0,0,0,0,0,0,0,0,62904,0,54,0,0,10,255,255,0,2,0,1,0
12,摩杜納的精英獵手,成功討伐以下危險標的怪物：邪鬼之眼哆哆雷。,0,0,0,0,0,0,0,0,0,0,0,62904,0,54,0,0,10,255,255,0,2,0,1,0
13,斯珀謝靈窟的精英獵手,成功討伐以下危險標的怪物：剪刀手謝里登、巨印瑞莫拉、獨行夸爾。,0,0,0,0,0,0,0,0,0,0,0,62904,0,54,0,0,10,255,255,0,2,0,1,0
14,蠻族精英獵手,成功討伐以下危險標的怪物：劊子手羅梭爾·托托羅克、烈火拳阿力古·秋、第3團高級教士茲伽。,0,0,0,0,0,0,0,0,0,0,0,62904,0,54,0,0,10,255,255,0,2,0,1,0
15,精英殺手,成功討伐25種不同的危險標的怪物。,0,0,0,0,0,0,0,0,0,0,10,62904,0,54,0,0,30,255,255,0,2,0,1,0
16,炎神殲滅,在真 伊弗利特殲滅戰中戰勝伊弗利特。,0,0,0,0,0,0,0,0,0,0,0,62912,0,54,0,0,5,255,255,0,2,0,1,0
17,善王殲滅,在善王莫古爾·莫古XII世殲滅戰中戰勝善王莫古爾·莫古XII世。,0,0,0,0,0,0,0,0,0,0,0,62912,0,54,0,0,5,255,255,0,2,0,1,0
18,風神殲滅,在真 迦樓羅殲滅戰中戰勝迦樓羅。,0,0,0,0,0,0,0,0,0,0,0,62912,0,54,0,0,5,255,255,0,2,0,1,0
19,利劍中的領悟1,將劍術士升到10級。,0,1,10,0,0,0,0,0,0,0,0,30408,1,13,0,0,5,255,255,0,3,3,1,0
20,利劍中的領悟2,將劍術士升到20級。,0,1,20,0,0,0,0,0,0,0,0,30408,2,13,0,0,5,255,255,0,3,3,1,0
21,利劍中的領悟3,將劍術士升到30級。,0,1,30,0,0,0,0,0,0,0,0,30408,3,13,0,0,5,255,255,0,3,3,1,0
22,利劍中的領悟4,將劍術士升到40級。,0,1,40,0,0,0,0,0,0,0,0,30408,4,13,0,0,5,255,255,0,3,3,1,0
23,利劍中的領悟5,將劍術士升到50級。,0,1,50,0,0,0,0,0,0,0,0,30408,5,13,0,0,5,255,255,0,3,3,1,0
24,鬥拳中的領悟1,將格鬥士升到10級。,0,2,10,0,0,0,0,0,0,0,0,31004,21,13,0,0,5,255,255,0,3,3,1,0
25,鬥拳中的領悟2,將格鬥士升到20級。,0,2,20,0,0,0,0,0,0,0,0,31004,22,13,0,0,5,255,255,0,3,3,1,0
26,鬥拳中的領悟3,將格鬥士升到30級。,0,2,30,0,0,0,0,0,0,0,0,31004,23,13,0,0,5,255,255,0,3,3,1,0
27,鬥拳中的領悟4,將格鬥士升到40級。,0,2,40,0,0,0,0,0,0,0,0,31004,24,13,0,0,5,255,255,0,3,3,1,0
28,鬥拳中的領悟5,將格鬥士升到50級。,0,2,50,0,0,0,0,0,0,0,0,31004,25,13,0,0,5,255,255,0,3,3,1,0
29,大斧中的領悟1,將斧術士升到10級。,0,3,10,0,0,0,0,0,0,0,0,31409,41,13,0,0,5,255,255,0,3,3,1,0
30,大斧中的領悟2,將斧術士升到20級。,0,3,20,0,0,0,0,0,0,0,0,31409,42,13,0,0,5,255,255,0,3,3,1,0
31,大斧中的領悟3,將斧術士升到30級。,0,3,30,0,0,0,0,0,0,0,0,31409,43,13,0,0,5,255,255,0,3,3,1,0
32,大斧中的領悟4,將斧術士升到40級。,0,3,40,0,0,0,0,0,0,0,0,31409,44,13,0,0,5,255,255,0,3,3,1,0
33,大斧中的領悟5,將斧術士升到50級。,0,3,50,0,0,0,0,0,0,0,0,31409,45,13,0,0,5,255,255,0,3,3,1,0
34,尖槍中的領悟1,將槍術士升到10級。,0,4,10,0,0,0,0,0,0,0,0,31816,61,13,0,0,5,255,255,0,3,3,1,0
35,尖槍中的領悟2,將槍術士升到20級。,0,4,20,0,0,0,0,0,0,0,0,31816,62,13,0,0,5,255,255,0,3,3,1,0
36,尖槍中的領悟3,將槍術士升到30級。,0,4,30,0,0,0,0,0,0,0,0,31816,63,13,0,0,5,255,255,0,3,3,1,0
37,尖槍中的領悟4,將槍術士升到40級。,0,4,40,0,0,0,0,0,0,0,0,31816,64,13,0,0,5,255,255,0,3,3,1,0
38,尖槍中的領悟5,將槍術士升到50級。,0,4,50,0,0,0,0,0,0,0,0,31816,65,13,0,0,5,255,255,0,3,3,1,0
39,箭矢中的領悟1,將弓術士升到10級。,0,5,10,0,0,0,0,0,0,0,0,32204,81,13,0,0,5,255,255,0,3,3,1,0
40,箭矢中的領悟2,將弓術士升到20級。,0,5,20,0,0,0,0,0,0,0,0,32204,82,13,0,0,5,255,255,0,3,3,1,0
41,箭矢中的領悟3,將弓術士升到30級。,0,5,30,0,0,0,0,0,0,0,0,32204,83,13,0,0,5,255,255,0,3,3,1,0
42,箭矢中的領悟4,將弓術士升到40級。,0,5,40,0,0,0,0,0,0,0,0,32204,84,13,0,0,5,255,255,0,3,3,1,0
43,箭矢中的領悟5,將弓術士升到50級。,0,5,50,0,0,0,0,0,0,0,0,32204,85,13,0,0,5,255,255,0,3,3,1,0
44,尚武之勇者,將劍術士、格鬥士、斧術士、弓術士、槍術士都升到50級。,0,7,5,0,0,0,0,0,0,0,13,2547,1,12,41,50,20,255,255,0,1,26,1,0
45,幻術中的領悟1,將幻術士升到10級。,0,6,10,0,0,0,0,0,0,0,0,32611,1,14,0,0,5,255,255,0,3,3,1,0
46,幻術中的領悟2,將幻術士升到20級。,0,6,20,0,0,0,0,0,0,0,0,32611,2,14,0,0,5,255,255,0,3,3,1,0
47,幻術中的領悟3,將幻術士升到30級。,0,6,30,0,0,0,0,0,0,0,0,32611,3,14,0,0,5,255,255,0,3,3,1,0
48,幻術中的領悟4,將幻術士升到40級。,0,6,40,0,0,0,0,0,0,0,0,32611,4,14,0,0,5,255,255,0,3,3,1,0
49,幻術中的領悟5,將幻術士升到50級。,0,6,50,0,0,0,0,0,0,0,0,32611,5,14,0,0,5,255,255,0,3,3,1,0
50,咒術中的領悟1,將咒術士升到10級。,0,7,10,0,0,0,0,0,0,0,0,32806,21,14,0,0,5,255,255,0,3,3,1,0
51,咒術中的領悟2,將咒術士升到20級。,0,7,20,0,0,0,0,0,0,0,0,32806,22,14,0,0,5,255,255,0,3,3,1,0
52,咒術中的領悟3,將咒術士升到30級。,0,7,30,0,0,0,0,0,0,0,0,32806,23,14,0,0,5,255,255,0,3,3,1,0
53,咒術中的領悟4,將咒術士升到40級。,0,7,40,0,0,0,0,0,0,0,0,32806,24,14,0,0,5,255,255,0,3,3,1,0
54,咒術中的領悟5,將咒術士升到50級。,0,7,50,0,0,0,0,0,0,0,0,32806,25,14,0,0,5,255,255,0,3,3,1,0
55,御魔之智者,將幻術士、咒術士和巴術士都升到50級。,0,8,3,0,0,0,0,0,0,0,14,2661,2,12,42,50,20,255,255,0,1,26,1,0
56,八重之道的探究者,達成「尚武之勇者」和「御魔之智者」兩個成就。,2909,44,55,0,0,0,0,0,0,0,0,2517,3,12,43,50,30,1,255,3,4,2,1,0
57,木工中的領悟1,將木工師升到10級。,0,8,10,0,0,0,0,0,0,0,0,35001,1,15,0,0,5,255,255,0,3,3,1,0
58,木工中的領悟2,將木工師升到20級。,0,8,20,0,0,0,0,0,0,0,0,35001,2,15,0,0,5,255,255,0,3,3,1,0
59,木工中的領悟3,將木工師升到30級。,0,8,30,0,0,0,0,0,0,0,0,35001,3,15,0,0,5,255,255,0,3,3,1,0
60,木工中的領悟4,將木工師升到40級。,0,8,40,0,0,0,0,0,0,0,0,35001,4,15,0,0,5,255,255,0,3,3,1,0
61,木工中的領悟5,將木工師升到50級。,0,8,50,0,0,0,0,0,0,0,0,35001,5,15,0,0,5,255,255,0,3,3,1,0
62,鍛造中的領悟1,將鍛造師升到10級。,0,9,10,0,0,0,0,0,0,0,0,35106,21,15,0,0,5,255,255,0,3,3,1,0
63,鍛造中的領悟2,將鍛造師升到20級。,0,9,20,0,0,0,0,0,0,0,0,35106,22,15,0,0,5,255,255,0,3,3,1,0
64,鍛造中的領悟3,將鍛造師升到30級。,0,9,30,0,0,0,0,0,0,0,0,35106,23,15,0,0,5,255,255,0,3,3,1,0
65,鍛造中的領悟4,將鍛造師升到40級。,0,9,40,0,0,0,0,0,0,0,0,35106,24,15,0,0,5,255,255,0,3,3,1,0
66,鍛造中的領悟5,將鍛造師升到50級。,0,9,50,0,0,0,0,0,0,0,0,35106,25,15,0,0,5,255,255,0,3,3,1,0
67,甲胄中的領悟1,將甲冑師升到10級。,0,10,10,0,0,0,0,0,0,0,0,35203,41,15,0,0,5,255,255,0,3,3,1,0
68,甲胄中的領悟2,將甲冑師升到20級。,0,10,20,0,0,0,0,0,0,0,0,35203,42,15,0,0,5,255,255,0,3,3,1,0
69,甲胄中的領悟3,將甲冑師升到30級。,0,10,30,0,0,0,0,0,0,0,0,35203,43,15,0,0,5,255,255,0,3,3,1,0
70,甲胄中的領悟4,將甲冑師升到40級。,0,10,40,0,0,0,0,0,0,0,0,35203,44,15,0,0,5,255,255,0,3,3,1,0
71,甲胄中的領悟5,將甲冑師升到50級。,0,10,50,0,0,0,0,0,0,0,0,35203,45,15,0,0,5,255,255,0,3,3,1,0
72,金工中的領悟1,將金工師升到10級。,0,11,10,0,0,0,0,0,0,0,0,35301,61,15,0,0,5,255,255,0,3,3,1,0
73,金工中的領悟2,將金工師升到20級。,0,11,20,0,0,0,0,0,0,0,0,35301,62,15,0,0,5,255,255,0,3,3,1,0
74,金工中的領悟3,將金工師升到30級。,0,11,30,0,0,0,0,0,0,0,0,35301,63,15,0,0,5,255,255,0,3,3,1,0
75,金工中的領悟4,將金工師升到40級。,0,11,40,0,0,0,0,0,0,0,0,35301,64,15,0,0,5,255,255,0,3,3,1,0
76,金工中的領悟5,將金工師升到50級。,0,11,50,0,0,0,0,0,0,0,0,35301,65,15,0,0,5,255,255,0,3,3,1,0
77,皮革中的領悟1,將皮革師升到10級。,0,12,10,0,0,0,0,0,0,0,0,35404,81,15,0,0,5,255,255,0,3,3,1,0
78,皮革中的領悟2,將皮革師升到20級。,0,12,20,0,0,0,0,0,0,0,0,35404,82,15,0,0,5,255,255,0,3,3,1,0
79,皮革中的領悟3,將皮革師升到30級。,0,12,30,0,0,0,0,0,0,0,0,35404,83,15,0,0,5,255,255,0,3,3,1,0
80,皮革中的領悟4,將皮革師升到40級。,0,12,40,0,0,0,0,0,0,0,0,35404,84,15,0,0,5,255,255,0,3,3,1,0
81,皮革中的領悟5,將皮革師升到50級。,0,12,50,0,0,0,0,0,0,0,0,35404,85,15,0,0,5,255,255,0,3,3,1,0
82,裁縫中的領悟1,將裁縫師升到10級。,0,13,10,0,0,0,0,0,0,0,0,35501,101,15,0,0,5,255,255,0,3,3,1,0
83,裁縫中的領悟2,將裁縫師升到20級。,0,13,20,0,0,0,0,0,0,0,0,35501,102,15,0,0,5,255,255,0,3,3,1,0
84,裁縫中的領悟3,將裁縫師升到30級。,0,13,30,0,0,0,0,0,0,0,0,35501,103,15,0,0,5,255,255,0,3,3,1,0
85,裁縫中的領悟4,將裁縫師升到40級。,0,13,40,0,0,0,0,0,0,0,0,35501,104,15,0,0,5,255,255,0,3,3,1,0
86,裁縫中的領悟5,將裁縫師升到50級。,0,13,50,0,0,0,0,0,0,0,0,35501,105,15,0,0,5,255,255,0,3,3,1,0
87,鍊金中的領悟1,將鍊金術師升到10級。,0,14,10,0,0,0,0,0,0,0,0,35604,121,15,0,0,5,255,255,0,3,3,1,0
88,鍊金中的領悟2,將鍊金術師升到20級。,0,14,20,0,0,0,0,0,0,0,0,35604,122,15,0,0,5,255,255,0,3,3,1,0
89,鍊金中的領悟3,將鍊金術師升到30級。,0,14,30,0,0,0,0,0,0,0,0,35604,123,15,0,0,5,255,255,0,3,3,1,0
90,鍊金中的領悟4,將鍊金術師升到40級。,0,14,40,0,0,0,0,0,0,0,0,35604,124,15,0,0,5,255,255,0,3,3,1,0
91,鍊金中的領悟5,將鍊金術師升到50級。,0,14,50,0,0,0,0,0,0,0,0,35604,125,15,0,0,5,255,255,0,3,3,1,0
92,烹調中的領悟1,將烹調師升到10級。,0,15,10,0,0,0,0,0,0,0,0,35704,141,15,0,0,5,255,255,0,3,3,1,0
93,烹調中的領悟2,將烹調師升到20級。,0,15,20,0,0,0,0,0,0,0,0,35704,142,15,0,0,5,255,255,0,3,3,1,0
94,烹調中的領悟3,將烹調師升到30級。,0,15,30,0,0,0,0,0,0,0,0,35704,143,15,0,0,5,255,255,0,3,3,1,0
95,烹調中的領悟4,將烹調師升到40級。,0,15,40,0,0,0,0,0,0,0,0,35704,144,15,0,0,5,255,255,0,3,3,1,0
96,烹調中的領悟5,將烹調師升到50級。,0,15,50,0,0,0,0,0,0,0,0,35704,145,15,0,0,5,255,255,0,3,3,1,0
97,博學之巧者,將木工師、鍛造師、甲冑師、金工師、皮革師、裁縫師、鍊金術師、烹調師都升到50級。,0,9,8,0,0,0,0,0,0,0,15,61269,21,12,44,50,20,255,255,0,1,26,1,0
98,礦石中的領悟1,將採掘師升到10級。,0,16,10,0,0,0,0,0,0,0,0,38003,1,16,0,0,5,255,255,0,3,3,1,0
99,礦石中的領悟2,將採掘師升到20級。,0,16,20,0,0,0,0,0,0,0,0,38003,2,16,0,0,5,255,255,0,3,3,1,0
100,礦石中的領悟3,將採掘師升到30級。,0,16,30,0,0,0,0,0,0,0,0,38003,3,16,0,0,5,255,255,0,3,3,1,0
101,礦石中的領悟4,將採掘師升到40級。,0,16,40,0,0,0,0,0,0,0,0,38003,4,16,0,0,5,255,255,0,3,3,1,0
102,礦石中的領悟5,將採掘師升到50級。,0,16,50,0,0,0,0,0,0,0,0,38003,5,16,0,0,5,255,255,0,3,3,1,0
103,草木中的領悟1,將園藝師升到10級。,0,17,10,0,0,0,0,0,0,0,0,38103,21,16,0,0,5,255,255,0,3,3,1,0
104,草木中的領悟2,將園藝師升到20級。,0,17,20,0,0,0,0,0,0,0,0,38103,22,16,0,0,5,255,255,0,3,3,1,0
105,草木中的領悟3,將園藝師升到30級。,0,17,30,0,0,0,0,0,0,0,0,38103,23,16,0,0,5,255,255,0,3,3,1,0
106,草木中的領悟4,將園藝師升到40級。,0,17,40,0,0,0,0,0,0,0,0,38103,24,16,0,0,5,255,255,0,3,3,1,0
107,草木中的領悟5,將園藝師升到50級。,0,17,50,0,0,0,0,0,0,0,0,38103,25,16,0,0,5,255,255,0,3,3,1,0
108,垂釣中的領悟1,將漁師升到10級。,0,18,10,0,0,0,0,0,0,0,0,38203,41,16,0,0,5,255,255,0,3,3,1,0
109,垂釣中的領悟2,將漁師升到20級。,0,18,20,0,0,0,0,0,0,0,0,38203,42,16,0,0,5,255,255,0,3,3,1,0
110,垂釣中的領悟3,將漁師升到30級。,0,18,30,0,0,0,0,0,0,0,0,38203,43,16,0,0,5,255,255,0,3,3,1,0
111,垂釣中的領悟4,將漁師升到40級。,0,18,40,0,0,0,0,0,0,0,0,38203,44,16,0,0,5,255,255,0,3,3,1,0
112,垂釣中的領悟5,將漁師升到50級。,0,18,50,0,0,0,0,0,0,0,0,38203,45,16,0,0,5,255,255,0,3,3,1,0
113,廣識之賢者,將採掘師、園藝師、漁師的職業都升到50級。,0,10,3,0,0,0,0,0,0,0,16,1981,22,12,45,50,20,255,255,0,1,26,1,0
114,血與汗的價值1,透過理符任務獲得累計100Gil的報酬。,0,13,100,0,0,0,0,0,0,0,0,25919,0,20,0,0,5,255,255,0,3,1,1,0
115,血與汗的價值2,透過理符任務獲得累計1000Gil的報酬。,0,13,1000,0,0,0,0,0,0,0,0,25919,0,20,0,0,5,255,255,0,3,1,1,0
116,血與汗的價值3,透過理符任務獲得累計10000Gil的報酬。,0,13,10000,0,0,0,0,0,0,0,0,25919,0,20,0,0,5,255,255,0,3,1,1,0
117,血與汗的價值4,透過理符任務獲得累計100000Gil的報酬。,0,13,100000,0,0,0,0,0,0,0,0,25919,0,20,0,0,5,255,255,0,3,1,1,0
118,血與汗的價值5,透過理符任務獲得累計1000000Gil的報酬。,0,13,1000000,0,0,0,0,0,0,0,0,25919,0,20,0,0,5,255,255,0,3,1,1,0
119,商貿之神的垂青,透過理符任務獲得累計10000000Gil的報酬。,0,13,10000000,0,0,0,0,0,0,0,11,463,0,20,47,10,10,255,255,0,3,1,1,0
120,積土成山1,透過討伐敵人獲得累計1000Gil的報酬。,0,12,1000,0,0,0,0,0,0,0,0,26001,0,55,0,0,5,255,255,0,0,1,1,0
121,積土成山2,透過討伐敵人獲得累計10000Gil的報酬。,0,12,10000,0,0,0,0,0,0,0,0,26001,0,55,0,0,5,255,255,0,0,1,1,0
122,積土成山3,透過討伐敵人獲得累計100000Gil的報酬。,0,12,100000,0,0,0,0,0,0,0,0,26001,0,55,0,0,5,255,255,0,0,1,1,0
123,積土成山4,透過討伐敵人獲得累計1000000Gil的報酬。,0,12,1000000,0,0,0,0,0,0,0,0,26001,0,55,0,0,5,255,255,0,0,1,1,0
124,積土成山5,透過討伐敵人獲得累計10000000Gil的報酬。,0,12,10000000,0,0,0,0,0,0,0,0,26001,0,55,0,0,5,255,255,0,0,1,1,0
125,勇武之人的賞金,透過討伐敵人獲得累計100000000Gil的報酬。,0,12,100000000,0,0,0,0,0,0,0,12,613,0,55,0,0,10,255,255,0,0,1,1,0
126,高潔的聖堂騎士,"收集到聖堂鎖甲頭罩、聖堂鎖子鎧、聖堂鎖甲靴三件套裝。
※將收集到的裝備全都穿到身上之後與位於格里達尼亞舊街的喬納森對話後獲得。",0,232,0,0,0,0,0,0,0,0,0,40039,1,19,0,0,5,255,255,0,4,1,1,0
127,勇猛的海盜戰士,"收集到海盜三角帽、海盜戰裝、海盜長靴三件套裝。
※將收集到的裝備全都穿到身上之後與位於格里達尼亞舊街的喬納森對話後獲得。",0,233,0,0,0,0,0,0,0,0,0,41099,2,19,0,0,5,255,255,0,4,1,1,0
128,詼諧的滑稽小丑,"收集到滑稽帽、滑稽棉甲、滑稽緊身褲三件套裝。
※將收集到的裝備全都穿到身上之後與位於格里達尼亞舊街的喬納森對話後獲得。",0,234,0,0,0,0,0,0,0,0,0,41075,3,19,0,0,5,255,255,0,4,1,1,0
129,無鋒之騎士,完成任務「復甦的上古武器」，獲得無鋒劍柯塔納和神聖盾。,0,66656,0,0,0,0,0,0,0,0,2,30446,1,62,20,50,10,255,255,0,4,6,1,0
130,釋法之武僧,完成任務「復甦的上古武器」，獲得釋法來。,0,66657,0,0,0,0,0,0,0,0,3,31034,2,62,21,50,10,255,255,0,4,6,1,0
131,勇悍之戰士,完成任務「復甦的上古武器」，獲得勇悍斧。,0,66655,0,0,0,0,0,0,0,0,4,31440,3,62,22,50,10,255,255,0,4,6,1,0
132,穿心之龍騎士,完成任務「復甦的上古武器」，獲得穿心槍蓋博爾格。,0,66658,0,0,0,0,0,0,0,0,5,31842,4,62,23,50,10,255,255,0,4,6,1,0
133,月神之吟遊詩人,完成任務「復甦的上古武器」，獲得月神之弓。,0,66661,0,0,0,0,0,0,0,0,6,32238,5,62,24,50,10,255,255,0,4,6,1,0
134,酒神之白魔道士,完成任務「復甦的上古武器」，獲得酒神杖。,0,66660,0,0,0,0,0,0,0,0,7,32626,7,62,25,50,10,255,255,0,4,6,1,0
135,星塵之黑魔道士,完成任務「復甦的上古武器」，獲得星塵杖。,0,66659,0,0,0,0,0,0,0,0,8,33012,8,62,26,50,10,255,255,0,4,6,1,0
136,復甦的上古武器,完成任務「復甦的上古武器」，獲得無鋒劍柯塔納、神聖盾、釋法來、勇悍斧、穿心槍蓋博爾格、月神之弓、酒神杖、星塵杖、綠瞳列傳以及萬辭全書。,0,129,130,131,132,133,134,135,597,598,1,2502,31,62,43,50,30,255,255,0,4,2,1,0
137,木工愛好者,完成50次1-10級的木工作業。,0,23,50,0,0,0,0,0,0,0,0,35001,1,24,0,0,5,255,255,0,3,1,1,0
138,木工初學者,完成300次11-20級的木工作業。,0,24,300,0,0,0,0,0,0,0,0,35001,2,24,0,0,5,255,255,0,3,1,1,0
139,木工實習生,完成750次21-30級的木工作業。,0,25,750,0,0,0,0,0,0,0,0,35001,3,24,0,0,5,255,255,0,3,1,1,0
140,木工熟練工,完成1500次31-40級的木工作業。,0,26,1500,0,0,0,0,0,0,0,0,35001,4,24,0,0,5,255,255,0,3,1,1,0
141,木工職人,完成3000次41-50級的木工作業。,0,27,3000,0,0,0,0,0,0,0,17,35001,5,24,9,38,10,255,255,0,3,1,1,0
142,木工之巧匠,達成「木工愛好者」「木工初學者」「木工實習生」「木工熟練工」「木工職人」五個成就。,2326,137,138,139,140,141,0,0,0,0,0,35010,6,24,9,38,30,2,255,3,4,2,1,0
143,鍛造愛好者,完成50次1-10級的鍛造作業。,0,28,50,0,0,0,0,0,0,0,0,35106,1,25,0,0,5,255,255,0,3,1,1,0
144,鍛造初學者,完成300次11-20級的鍛造作業。,0,29,300,0,0,0,0,0,0,0,0,35106,2,25,0,0,5,255,255,0,3,1,1,0
145,鍛造實習生,完成750次21-30級的鍛造作業。,0,30,750,0,0,0,0,0,0,0,0,35106,3,25,0,0,5,255,255,0,3,1,1,0
146,鍛造熟練工,完成1500次31-40級的鍛造作業。,0,31,1500,0,0,0,0,0,0,0,0,35106,4,25,0,0,5,255,255,0,3,1,1,0
147,鍛造職人,完成3000次41-50級的鍛造作業。,0,32,3000,0,0,0,0,0,0,0,18,35106,5,25,10,38,10,255,255,0,3,1,1,0
148,鍛造之巧匠,達成「鍛造愛好者」「鍛造初學者」「鍛造實習生」「鍛造熟練工」「鍛造職人」五個成就。,2353,143,144,145,146,147,0,0,0,0,0,35110,6,25,10,38,30,3,255,3,4,2,1,0
149,甲冑愛好者,完成50次1-10級的甲冑作業。,0,33,50,0,0,0,0,0,0,0,0,35203,1,26,0,0,5,255,255,0,3,1,1,0
150,甲冑初學者,完成300次11-20級的甲冑作業。,0,34,300,0,0,0,0,0,0,0,0,35203,2,26,0,0,5,255,255,0,3,1,1,0
151,甲冑實習生,完成750次21-30級的甲冑作業。,0,35,750,0,0,0,0,0,0,0,0,35203,3,26,0,0,5,255,255,0,3,1,1,0
152,甲冑熟練工,完成1500次31-40級的甲冑作業。,0,36,1500,0,0,0,0,0,0,0,0,35203,4,26,0,0,5,255,255,0,3,1,1,0
153,甲冑職人,完成3000次41-50級的甲冑作業。,0,37,3000,0,0,0,0,0,0,0,19,35203,5,26,11,38,10,255,255,0,3,1,1,0
154,甲冑之巧匠,達成「甲冑愛好者」「甲冑初學者」「甲冑實習生」「甲冑熟練工」「甲冑職人」五個成就。,2378,149,150,151,152,153,0,0,0,0,0,35209,6,26,11,38,30,4,255,3,4,2,1,0
155,金工愛好者,完成50次1-10級的金工作業。,0,38,50,0,0,0,0,0,0,0,0,35301,1,27,0,0,5,255,255,0,3,1,1,0
156,金工初學者,完成300次11-20級的金工作業。,0,39,300,0,0,0,0,0,0,0,0,35301,2,27,0,0,5,255,255,0,3,1,1,0
157,金工實習生,完成750次21-30級的金工作業。,0,40,750,0,0,0,0,0,0,0,0,35301,3,27,0,0,5,255,255,0,3,1,1,0
158,金工熟練工,完成1500次31-40級的金工作業。,0,41,1500,0,0,0,0,0,0,0,0,35301,4,27,0,0,5,255,255,0,3,1,1,0
159,金工職人,完成3000次41-50級的金工作業。,0,42,3000,0,0,0,0,0,0,0,20,35301,5,27,12,38,10,255,255,0,3,1,1,0
160,金工之巧匠,達成「金工愛好者」「金工初學者」「金工實習生」「金工熟練工」「金工職人」五個成就。,2403,155,156,157,158,159,0,0,0,0,0,35309,6,27,12,38,30,5,255,3,4,2,1,0
161,皮革愛好者,完成50次1-10級的皮革作業。,0,43,50,0,0,0,0,0,0,0,0,35404,1,28,0,0,5,255,255,0,3,1,1,0
162,皮革初學者,完成300次11-20級的皮革作業。,0,44,300,0,0,0,0,0,0,0,0,35404,2,28,0,0,5,255,255,0,3,1,1,0
163,皮革實習生,完成750次21-30級的皮革作業。,0,45,750,0,0,0,0,0,0,0,0,35404,3,28,0,0,5,255,255,0,3,1,1,0
164,皮革熟練工,完成1500次31-40級的皮革作業。,0,46,1500,0,0,0,0,0,0,0,0,35404,4,28,0,0,5,255,255,0,3,1,1,0
165,皮革職人,完成3000次41-50級的皮革作業。,0,47,3000,0,0,0,0,0,0,0,21,35404,5,28,13,38,10,255,255,0,3,1,1,0
166,皮革之巧匠,達成「皮革愛好者」「皮革初學者」「皮革實習生」「皮革熟練工」「皮革職人」五個成就。,2428,161,162,163,164,165,0,0,0,0,0,35409,6,28,13,38,30,6,255,3,4,2,1,0
167,裁縫愛好者,完成50次1-10級的裁縫作業。,0,48,50,0,0,0,0,0,0,0,0,35501,1,29,0,0,5,255,255,0,3,1,1,0
168,裁縫初學者,完成300次11-20級的裁縫作業。,0,49,300,0,0,0,0,0,0,0,0,35501,2,29,0,0,5,255,255,0,3,1,1,0
169,裁縫實習生,完成750次21-30級的裁縫作業。,0,50,750,0,0,0,0,0,0,0,0,35501,3,29,0,0,5,255,255,0,3,1,1,0
170,裁縫熟練工,完成1500次31-40級的裁縫作業。,0,51,1500,0,0,0,0,0,0,0,0,35501,4,29,0,0,5,255,255,0,3,1,1,0
171,裁縫職人,完成3000次41-50級的裁縫作業。,0,52,3000,0,0,0,0,0,0,0,22,35501,5,29,14,38,10,255,255,0,3,1,1,0
172,裁縫之巧匠,達成「裁縫愛好者」「裁縫初學者」「裁縫實習生」「裁縫熟練工」「裁縫職人」五個成就。,2454,167,168,169,170,171,0,0,0,0,0,35510,6,29,14,38,30,7,255,3,4,2,1,0
173,鍊金愛好者,完成50次1-10級的鍊金作業。,0,53,50,0,0,0,0,0,0,0,0,35604,1,30,0,0,5,255,255,0,3,1,1,0
174,鍊金初學者,完成300次11-20級的鍊金作業。,0,54,300,0,0,0,0,0,0,0,0,35604,2,30,0,0,5,255,255,0,3,1,1,0
175,鍊金實習生,完成750次21-30級的鍊金作業。,0,55,750,0,0,0,0,0,0,0,0,35604,3,30,0,0,5,255,255,0,3,1,1,0
176,鍊金熟練工,完成1500次31-40級的鍊金作業。,0,56,1500,0,0,0,0,0,0,0,0,35604,4,30,0,0,5,255,255,0,3,1,1,0
177,鍊金職人,完成3000次41-50級的鍊金作業。,0,57,3000,0,0,0,0,0,0,0,23,35604,5,30,15,38,10,255,255,0,3,1,1,0
178,鍊金之巧匠,達成「鍊金愛好者」「鍊金初學者」「鍊金實習生」「鍊金熟練工」「鍊金職人」五個成就。,2479,173,174,175,176,177,0,0,0,0,0,35609,6,30,15,38,30,8,255,3,4,2,1,0
179,烹調愛好者,完成50次1-10級的烹調作業。,0,58,50,0,0,0,0,0,0,0,0,35704,1,31,0,0,5,255,255,0,3,1,1,0
180,烹調初學者,完成300次11-20級的烹調作業。,0,59,300,0,0,0,0,0,0,0,0,35704,2,31,0,0,5,255,255,0,3,1,1,0
181,烹調實習生,完成750次21-30級的烹調作業。,0,60,750,0,0,0,0,0,0,0,0,35704,3,31,0,0,5,255,255,0,3,1,1,0
182,烹調熟練工,完成1500次31-40級的烹調作業。,0,61,1500,0,0,0,0,0,0,0,0,35704,4,31,0,0,5,255,255,0,3,1,1,0
183,烹調職人,完成3000次41-50級的烹調作業。,0,62,3000,0,0,0,0,0,0,0,24,35704,5,31,16,38,10,255,255,0,3,1,1,0
184,烹調之巧匠,達成「烹調愛好者」「烹調初學者」「烹調實習生」「烹調熟練工」「烹調職人」五個成就。,2505,179,180,181,182,183,0,0,0,0,0,35711,6,31,16,38,30,9,255,3,4,2,1,0
185,拉諾西亞採掘能手1,在拉諾西亞的1-10級礦脈採掘或碎石20次。,0,63,20,0,0,0,0,0,0,0,0,1015,1,32,0,0,5,255,255,0,3,1,1,0
186,拉諾西亞採掘能手2,在拉諾西亞的11-20級礦脈採掘或碎石300次。,0,78,300,0,0,0,0,0,0,0,0,1015,2,32,0,0,5,255,255,0,3,1,1,0
187,拉諾西亞採掘能手3,在拉諾西亞的21-30級礦脈採掘或碎石1000次。,0,93,1000,0,0,0,0,0,0,0,0,1015,3,32,0,0,5,255,255,0,3,1,1,0
188,拉諾西亞採掘能手4,在拉諾西亞的31-40級礦脈採掘或碎石2000次。,0,108,2000,0,0,0,0,0,0,0,0,1015,4,32,0,0,5,255,255,0,3,1,1,0
189,拉諾西亞採掘能手5,在拉諾西亞的41-50級礦脈採掘或碎石4000次。,0,123,4000,0,0,0,0,0,0,0,0,1015,5,32,0,0,5,255,255,0,3,1,1,0
190,拉諾西亞採掘王,達成五個「拉諾西亞採掘能手」成就。,0,185,186,187,188,189,0,0,0,0,25,1002,6,32,17,40,10,255,255,0,4,2,1,0
191,黑衣森林採掘能手1,在黑衣森林的1-10級礦脈採掘或碎石20次。,0,64,20,0,0,0,0,0,0,0,0,1015,7,32,0,0,5,255,255,0,3,1,1,0
192,黑衣森林採掘能手2,在黑衣森林的11-20級礦脈採掘或碎石300次。,0,79,300,0,0,0,0,0,0,0,0,1015,8,32,0,0,5,255,255,0,3,1,1,0
193,黑衣森林採掘能手3,在黑衣森林的21-30級礦脈採掘或碎石1000次。,0,94,1000,0,0,0,0,0,0,0,0,1015,9,32,0,0,5,255,255,0,3,1,1,0
194,黑衣森林採掘能手4,在黑衣森林的31-40級礦脈採掘或碎石2000次。,0,109,2000,0,0,0,0,0,0,0,0,1015,10,32,0,0,5,255,255,0,3,1,1,0
195,黑衣森林採掘能手5,在黑衣森林的41-50級礦脈採掘或碎石4000次。,0,124,4000,0,0,0,0,0,0,0,0,1015,11,32,0,0,5,255,255,0,3,1,1,0
196,黑衣森林採掘王,達成五個「黑衣森林採掘能手」成就。,0,191,192,193,194,195,0,0,0,0,26,1002,12,32,17,40,10,255,255,0,4,2,1,0
197,薩納蘭採掘能手1,在薩納蘭的1-10級礦脈採掘或碎石20次。,0,65,20,0,0,0,0,0,0,0,0,1015,13,32,0,0,5,255,255,0,3,1,1,0
198,薩納蘭採掘能手2,在薩納蘭的11-20級礦脈採掘或碎石300次。,0,80,300,0,0,0,0,0,0,0,0,1015,14,32,0,0,5,255,255,0,3,1,1,0
199,薩納蘭採掘能手3,在薩納蘭的21-30級礦脈採掘或碎石1000次。,0,95,1000,0,0,0,0,0,0,0,0,1015,15,32,0,0,5,255,255,0,3,1,1,0
200,薩納蘭採掘能手4,在薩納蘭的31-40級礦脈採掘或碎石2000次。,0,110,2000,0,0,0,0,0,0,0,0,1015,16,32,0,0,5,255,255,0,3,1,1,0
201,薩納蘭採掘能手5,在薩納蘭的41-50級礦脈採掘或碎石4000次。,0,125,4000,0,0,0,0,0,0,0,0,1015,17,32,0,0,5,255,255,0,3,1,1,0
202,薩納蘭採掘王,達成五個「薩納蘭採掘能手」成就。,0,197,198,199,200,201,0,0,0,0,27,1002,18,32,17,40,10,255,255,0,4,2,1,0
203,黃金十字鎬,達成「拉諾西亞採掘王」「黑衣森林採掘王」「薩納蘭採掘王」三個成就。,2531,190,196,202,0,0,0,0,0,0,0,38011,19,32,17,40,30,10,255,3,4,2,1,0
204,拉諾西亞碎石能手1,在拉諾西亞的1-10級石場碎石20次。,0,66,10,0,0,0,0,0,0,0,0,1015,0,56,0,0,5,255,255,0,0,1,1,0
205,拉諾西亞碎石能手2,在拉諾西亞的11-20級石場碎石30次。,0,81,30,0,0,0,0,0,0,0,0,1015,0,56,0,0,5,255,255,0,0,1,1,0
206,拉諾西亞碎石能手3,在拉諾西亞的21-30級石場碎石100次。,0,96,100,0,0,0,0,0,0,0,0,1015,0,56,0,0,5,255,255,0,0,1,1,0
207,拉諾西亞碎石能手4,在拉諾西亞的31-40級石場碎石200次。,0,111,200,0,0,0,0,0,0,0,0,1015,0,56,0,0,5,255,255,0,0,1,1,0
208,拉諾西亞碎石能手5,在拉諾西亞的41-50級石場碎石500次。,0,126,500,0,0,0,0,0,0,0,0,1015,0,56,0,0,5,255,255,0,0,1,1,0
209,拉諾西亞碎石王,達成五個「拉諾西亞碎石能手」成就。,0,204,205,206,207,208,0,0,0,0,28,1002,0,56,0,0,10,255,255,0,0,2,1,0
210,黑衣森林碎石能手1,在黑衣森林的1-10級石場碎石20次。,0,67,10,0,0,0,0,0,0,0,0,1015,0,56,0,0,5,255,255,0,0,1,1,0
211,黑衣森林碎石能手2,在黑衣森林的11-20級石場碎石30次。,0,82,30,0,0,0,0,0,0,0,0,1015,0,56,0,0,5,255,255,0,0,1,1,0
212,黑衣森林碎石能手3,在黑衣森林的21-30級石場碎石100次。,0,97,100,0,0,0,0,0,0,0,0,1015,0,56,0,0,5,255,255,0,0,1,1,0
213,黑衣森林碎石能手4,在黑衣森林的31-40級石場碎石200次。,0,112,200,0,0,0,0,0,0,0,0,1015,0,56,0,0,5,255,255,0,0,1,1,0
214,黑衣森林碎石能手5,在黑衣森林的41-50級石場碎石500次。,0,127,500,0,0,0,0,0,0,0,0,1015,0,56,0,0,5,255,255,0,0,1,1,0
215,黑衣森林碎石王,達成五個「黑衣森林碎石能手」成就。,0,210,211,212,213,214,0,0,0,0,29,1002,0,56,0,0,10,255,255,0,0,2,1,0
216,薩納蘭碎石能手1,在薩納蘭的1-10級石場碎石20次。,0,68,10,0,0,0,0,0,0,0,0,1015,0,56,0,0,5,255,255,0,0,1,1,0
217,薩納蘭碎石能手2,在薩納蘭的11-20級石場碎石30次。,0,83,30,0,0,0,0,0,0,0,0,1015,0,56,0,0,5,255,255,0,0,1,1,0
218,薩納蘭碎石能手3,在薩納蘭的21-30級石場碎石100次。,0,98,100,0,0,0,0,0,0,0,0,1015,0,56,0,0,5,255,255,0,0,1,1,0
219,薩納蘭碎石能手4,在薩納蘭的31-40級石場碎石200次。,0,113,200,0,0,0,0,0,0,0,0,1015,0,56,0,0,5,255,255,0,0,1,1,0
220,薩納蘭碎石能手5,在薩納蘭的41-50級石場碎石500次。,0,128,500,0,0,0,0,0,0,0,0,1015,0,56,0,0,5,255,255,0,0,1,1,0
221,薩納蘭碎石王,達成五個「薩納蘭碎石能手」成就。,0,216,217,218,219,220,0,0,0,0,30,1002,0,56,0,0,10,255,255,0,0,2,1,0
222,拉諾西亞採伐能手1,在拉諾西亞的1-10級良材採伐或割草20次。,0,69,20,0,0,0,0,0,0,0,0,1056,1,33,0,0,5,255,255,0,3,1,1,0
223,拉諾西亞採伐能手2,在拉諾西亞的11-20級良材採伐或割草300次。,0,84,300,0,0,0,0,0,0,0,0,1056,2,33,0,0,5,255,255,0,3,1,1,0
224,拉諾西亞採伐能手3,在拉諾西亞的21-30級良材採伐或割草1000次。,0,99,1000,0,0,0,0,0,0,0,0,1056,3,33,0,0,5,255,255,0,3,1,1,0
225,拉諾西亞採伐能手4,在拉諾西亞的31-40級良材採伐或割草2000次。,0,114,2000,0,0,0,0,0,0,0,0,1056,4,33,0,0,5,255,255,0,3,1,1,0
226,拉諾西亞採伐能手5,在拉諾西亞的41-50級良材採伐或割草4000次。,0,129,4000,0,0,0,0,0,0,0,0,1056,5,33,0,0,5,255,255,0,3,1,1,0
227,拉諾西亞採伐王,達成五個「拉諾西亞採伐能手」成就。,0,222,223,224,225,226,0,0,0,0,31,1052,6,33,18,40,10,255,255,0,4,2,1,0
228,黑衣森林採伐能手1,在黑衣森林的1-10級良材採伐或割草20次。,0,70,20,0,0,0,0,0,0,0,0,1056,7,33,0,0,5,255,255,0,3,1,1,0
229,黑衣森林採伐能手2,在黑衣森林的11-20級良材採伐或割草300次。,0,85,300,0,0,0,0,0,0,0,0,1056,8,33,0,0,5,255,255,0,3,1,1,0
230,黑衣森林採伐能手3,在黑衣森林的21-30級良材採伐或割草1000次。,0,100,1000,0,0,0,0,0,0,0,0,1056,9,33,0,0,5,255,255,0,3,1,1,0
231,黑衣森林採伐能手4,在黑衣森林的31-40級良材採伐或割草2000次。,0,115,2000,0,0,0,0,0,0,0,0,1056,10,33,0,0,5,255,255,0,3,1,1,0
232,黑衣森林採伐能手5,在黑衣森林的41-50級良材採伐或割草4000次。,0,130,4000,0,0,0,0,0,0,0,0,1056,11,33,0,0,5,255,255,0,3,1,1,0
233,黑衣森林採伐王,達成五個「黑衣森林採伐能手」成就。,0,228,229,230,231,232,0,0,0,0,32,1052,12,33,18,40,10,255,255,0,4,2,1,0
234,薩納蘭採伐能手1,在薩納蘭的1-10級良材採伐或割草20次。,0,71,20,0,0,0,0,0,0,0,0,1056,13,33,0,0,5,255,255,0,3,1,1,0
235,薩納蘭採伐能手2,在薩納蘭的11-20級良材採伐或割草300次。,0,86,300,0,0,0,0,0,0,0,0,1056,14,33,0,0,5,255,255,0,3,1,1,0
236,薩納蘭採伐能手3,在薩納蘭的21-30級良材採伐或割草1000次。,0,101,1000,0,0,0,0,0,0,0,0,1056,15,33,0,0,5,255,255,0,3,1,1,0
237,薩納蘭採伐能手4,在薩納蘭的31-40級良材採伐或割草2000次。,0,116,2000,0,0,0,0,0,0,0,0,1056,16,33,0,0,5,255,255,0,3,1,1,0
238,薩納蘭採伐能手5,在薩納蘭的41-50級良材採伐或割草4000次。,0,131,4000,0,0,0,0,0,0,0,0,1056,17,33,0,0,5,255,255,0,3,1,1,0
239,薩納蘭採伐王,達成五個「薩納蘭採伐能手」成就。,0,234,235,236,237,238,0,0,0,0,33,1052,18,33,18,40,10,255,255,0,4,2,1,0
240,黃金手斧,達成「拉諾西亞採伐王」「黑衣森林採伐王」「薩納蘭採伐王」三個成就。,2557,227,233,239,0,0,0,0,0,0,0,38110,19,33,18,40,30,11,255,3,4,2,1,0
241,拉諾西亞割草能手1,在拉諾西亞的1-10級草場割草20次。,0,72,10,0,0,0,0,0,0,0,0,1065,0,56,0,0,5,255,255,0,0,1,1,0
242,拉諾西亞割草能手2,在拉諾西亞的11-20級草場割草30次。,0,87,30,0,0,0,0,0,0,0,0,1065,0,56,0,0,5,255,255,0,0,1,1,0
243,拉諾西亞割草能手3,在拉諾西亞的21-30級草場割草100次。,0,102,100,0,0,0,0,0,0,0,0,1065,0,56,0,0,5,255,255,0,0,1,1,0
244,拉諾西亞割草能手4,在拉諾西亞的31-40級草場割草200次。,0,117,200,0,0,0,0,0,0,0,0,1065,0,56,0,0,5,255,255,0,0,1,1,0
245,拉諾西亞割草能手5,在拉諾西亞的41-50級草場割草500次。,0,132,500,0,0,0,0,0,0,0,0,1065,0,56,0,0,5,255,255,0,0,1,1,0
246,拉諾西亞割草王,達成五個「拉諾西亞割草能手」成就。,0,241,242,243,244,245,0,0,0,0,34,1052,0,56,0,0,10,255,255,0,0,2,1,0
247,黑衣森林割草能手1,在黑衣森林的1-10級草場割草20次。,0,73,10,0,0,0,0,0,0,0,0,1065,0,56,0,0,5,255,255,0,0,1,1,0
248,黑衣森林割草能手2,在黑衣森林的11-20級草場割草30次。,0,88,30,0,0,0,0,0,0,0,0,1065,0,56,0,0,5,255,255,0,0,1,1,0
249,黑衣森林割草能手3,在黑衣森林的21-30級草場割草100次。,0,103,100,0,0,0,0,0,0,0,0,1065,0,56,0,0,5,255,255,0,0,1,1,0
250,黑衣森林割草能手4,在黑衣森林的31-40級草場割草200次。,0,118,200,0,0,0,0,0,0,0,0,1065,0,56,0,0,5,255,255,0,0,1,1,0
251,黑衣森林割草能手5,在黑衣森林的41-50級草場割草500次。,0,133,500,0,0,0,0,0,0,0,0,1065,0,56,0,0,5,255,255,0,0,1,1,0
252,黑衣森林割草王,達成五個「黑衣森林割草能手」成就。,0,247,248,249,250,251,0,0,0,0,35,1052,0,56,0,0,10,255,255,0,0,2,1,0
253,薩納蘭割草能手1,在薩納蘭的1-10級草場割草20次。,0,74,10,0,0,0,0,0,0,0,0,1065,0,56,0,0,5,255,255,0,0,1,1,0
254,薩納蘭割草能手2,在薩納蘭的11-20級草場割草30次。,0,89,30,0,0,0,0,0,0,0,0,1065,0,56,0,0,5,255,255,0,0,1,1,0
255,薩納蘭割草能手3,在薩納蘭的21-30級草場割草100次。,0,104,100,0,0,0,0,0,0,0,0,1065,0,56,0,0,5,255,255,0,0,1,1,0
256,薩納蘭割草能手4,在薩納蘭的31-40級草場割草200次。,0,119,200,0,0,0,0,0,0,0,0,1065,0,56,0,0,5,255,255,0,0,1,1,0
257,薩納蘭割草能手5,在薩納蘭的41-50級草場割草500次。,0,134,500,0,0,0,0,0,0,0,0,1065,0,56,0,0,5,255,255,0,0,1,1,0
258,薩納蘭割草王,達成五個「薩納蘭割草能手」成就。,0,253,254,255,256,257,0,0,0,0,36,1052,0,56,0,0,10,255,255,0,0,2,1,0
259,拉諾西亞釣魚能手1,在拉諾西亞的1-10級釣場釣魚20次。,0,75,20,0,0,0,0,0,0,0,0,1101,1,34,0,0,5,255,255,0,3,1,1,0
260,拉諾西亞釣魚能手2,在拉諾西亞的11-20級釣場釣魚100次。,0,90,100,0,0,0,0,0,0,0,0,1101,2,34,0,0,5,255,255,0,3,1,1,0
261,拉諾西亞釣魚能手3,在拉諾西亞的21-30級釣場釣魚300次。,0,105,300,0,0,0,0,0,0,0,0,1101,3,34,0,0,5,255,255,0,3,1,1,0
262,拉諾西亞釣魚能手4,在拉諾西亞的31-40級釣場釣魚500次。,0,120,500,0,0,0,0,0,0,0,0,1101,4,34,0,0,5,255,255,0,3,1,1,0
263,拉諾西亞釣魚能手5,在拉諾西亞的41-50級釣場釣魚1000次。,0,135,1000,0,0,0,0,0,0,0,0,1101,5,34,0,0,5,255,255,0,3,1,1,0
264,拉諾西亞釣魚王,達成五個「拉諾西亞釣魚能手」成就。,0,259,260,261,262,263,0,0,0,0,37,1103,6,34,19,1,10,255,255,0,4,2,1,0
265,黑衣森林釣魚能手1,在黑衣森林的1-10級釣場釣魚20次。,0,76,20,0,0,0,0,0,0,0,0,1101,7,34,0,0,5,255,255,0,3,1,1,0
266,黑衣森林釣魚能手2,在黑衣森林的11-20級釣場釣魚100次。,0,91,100,0,0,0,0,0,0,0,0,1101,8,34,0,0,5,255,255,0,3,1,1,0
267,黑衣森林釣魚能手3,在黑衣森林的21-30級釣場釣魚300次。,0,106,300,0,0,0,0,0,0,0,0,1101,9,34,0,0,5,255,255,0,3,1,1,0
268,黑衣森林釣魚能手4,在黑衣森林的31-40級釣場釣魚500次。,0,121,500,0,0,0,0,0,0,0,0,1101,10,34,0,0,5,255,255,0,3,1,1,0
269,黑衣森林釣魚能手5,在黑衣森林的41-50級釣場釣魚1000次。,0,136,1000,0,0,0,0,0,0,0,0,1101,11,34,0,0,5,255,255,0,3,1,1,0
270,黑衣森林釣魚王,達成五個「黑衣森林釣魚能手」成就。,0,265,266,267,268,269,0,0,0,0,38,1103,12,34,19,1,10,255,255,0,4,2,1,0
271,薩納蘭釣魚能手1,在薩納蘭的1-10級釣場釣魚20次。,0,77,20,0,0,0,0,0,0,0,0,1101,13,34,0,0,5,255,255,0,3,1,1,0
272,薩納蘭釣魚能手2,在薩納蘭的11-20級釣場釣魚100次。,0,92,100,0,0,0,0,0,0,0,0,1101,14,34,0,0,5,255,255,0,3,1,1,0
273,薩納蘭釣魚能手3,在薩納蘭的21-30級釣場釣魚300次。,0,107,300,0,0,0,0,0,0,0,0,1101,15,34,0,0,5,255,255,0,3,1,1,0
274,薩納蘭釣魚能手4,在薩納蘭的31-40級釣場釣魚500次。,0,122,500,0,0,0,0,0,0,0,0,1101,16,34,0,0,5,255,255,0,3,1,1,0
275,薩納蘭釣魚能手5,在薩納蘭的41-50級釣場釣魚1000次。,0,137,1000,0,0,0,0,0,0,0,0,1101,17,34,0,0,5,255,255,0,3,1,1,0
276,薩納蘭釣魚王,達成五個「薩納蘭釣魚能手」成就。,0,271,272,273,274,275,0,0,0,0,39,1103,18,34,19,1,10,255,255,0,4,2,1,0
277,黃金釣竿,達成「拉諾西亞釣魚王」「黑衣森林釣魚王」「薩納蘭釣魚王」三個成就。,2583,264,270,276,0,0,0,0,0,0,0,38211,19,34,19,1,30,12,255,3,4,2,1,0
278,拉諾西亞刺魚能手1,在拉諾西亞的1-10級漁場刺魚20次。,0,0,0,0,0,0,0,0,0,0,0,62911,0,56,0,0,5,255,255,0,0,0,1,0
279,拉諾西亞刺魚能手2,在拉諾西亞的11-20級漁場刺魚30次。,0,0,0,0,0,0,0,0,0,0,0,62911,0,56,0,0,5,255,255,0,0,0,1,0
280,拉諾西亞刺魚能手3,在拉諾西亞的21-30級漁場刺魚100次。,0,0,0,0,0,0,0,0,0,0,0,62911,0,56,0,0,5,255,255,0,0,0,1,0
281,拉諾西亞刺魚能手4,在拉諾西亞的31-40級漁場刺魚200次。,0,0,0,0,0,0,0,0,0,0,0,62911,0,56,0,0,5,255,255,0,0,0,1,0
282,拉諾西亞刺魚能手5,在拉諾西亞的41-50級漁場刺魚500次。,0,0,0,0,0,0,0,0,0,0,0,62911,0,56,0,0,5,255,255,0,0,0,1,0
283,拉諾西亞刺魚王,達成五個「拉諾西亞刺魚能手」成就。,0,0,0,0,0,0,0,0,0,0,40,62911,0,56,0,0,10,255,255,0,0,0,1,0
284,黑衣森林刺魚能手1,在黑衣森林的1-10級漁場刺魚20次。,0,0,0,0,0,0,0,0,0,0,0,62911,0,56,0,0,5,255,255,0,0,0,1,0
285,黑衣森林刺魚能手2,在黑衣森林的11-20級漁場刺魚30次。,0,0,0,0,0,0,0,0,0,0,0,62911,0,56,0,0,5,255,255,0,0,0,1,0
286,黑衣森林刺魚能手3,在黑衣森林的21-30級漁場刺魚100次。,0,0,0,0,0,0,0,0,0,0,0,62911,0,56,0,0,5,255,255,0,0,0,1,0
287,黑衣森林刺魚能手4,在黑衣森林的31-40級漁場刺魚200次。,0,0,0,0,0,0,0,0,0,0,0,62911,0,56,0,0,5,255,255,0,0,0,1,0
288,黑衣森林刺魚能手5,在黑衣森林的41-50級漁場刺魚500次。,0,0,0,0,0,0,0,0,0,0,0,62911,0,56,0,0,5,255,255,0,0,0,1,0
289,黑衣森林刺魚王,達成五個「黑衣森林刺魚能手」成就。,0,0,0,0,0,0,0,0,0,0,41,62911,0,56,0,0,10,255,255,0,0,0,1,0
290,薩納蘭刺魚能手1,在薩納蘭的1-10級漁場刺魚20次。,0,0,0,0,0,0,0,0,0,0,0,62911,0,56,0,0,5,255,255,0,0,0,1,0
291,薩納蘭刺魚能手2,在薩納蘭的11-20級漁場刺魚30次。,0,0,0,0,0,0,0,0,0,0,0,62911,0,56,0,0,5,255,255,0,0,0,1,0
292,薩納蘭刺魚能手3,在薩納蘭的21-30級漁場刺魚100次。,0,0,0,0,0,0,0,0,0,0,0,62911,0,56,0,0,5,255,255,0,0,0,1,0
293,薩納蘭刺魚能手4,在薩納蘭的31-40級漁場刺魚200次。,0,0,0,0,0,0,0,0,0,0,0,62911,0,56,0,0,5,255,255,0,0,0,1,0
294,薩納蘭刺魚能手5,在薩納蘭的41-50級漁場刺魚500次。,0,0,0,0,0,0,0,0,0,0,0,62911,0,56,0,0,5,255,255,0,0,0,1,0
295,薩納蘭刺魚王,達成五個「薩納蘭刺魚能手」成就。,0,0,0,0,0,0,0,0,0,0,42,62911,0,56,0,0,10,255,255,0,0,0,1,0
296,繆塔米克斯的學徒1,成功鑲嵌魔晶石10次。,0,16,10,0,0,0,0,0,0,0,0,20201,1,23,0,0,5,255,255,0,3,1,1,0
297,繆塔米克斯的學徒2,成功鑲嵌魔晶石50次。,0,16,50,0,0,0,0,0,0,0,0,20202,2,23,0,0,5,255,255,0,3,1,1,0
298,繆塔米克斯的學徒3,成功鑲嵌魔晶石100次。,0,16,100,0,0,0,0,0,0,0,0,20203,3,23,0,0,5,255,255,0,3,1,1,0
299,繆塔米克斯的學徒4,成功鑲嵌魔晶石500次。,0,16,500,0,0,0,0,0,0,0,0,20204,4,23,0,0,5,255,255,0,3,1,1,0
300,繆塔米克斯的高徒,成功鑲嵌魔晶石1000次。,0,16,1000,0,0,0,0,0,0,0,43,109,5,23,44,19,10,255,255,0,3,1,1,0
301,勇氣之主,成功將2顆魔晶石鑲嵌到同一個裝備上。,0,2,0,0,0,0,0,0,0,0,0,20206,9,23,0,0,10,255,255,0,4,4,1,0
302,幸運之主,成功將3顆魔晶石鑲嵌到同一個裝備上。,0,3,0,0,0,0,0,0,0,0,0,20207,20,23,0,0,20,255,255,0,4,4,1,0
303,強運之主,成功將4顆魔晶石鑲嵌到同一個裝備上。,0,4,0,0,0,0,0,0,0,0,0,20208,21,23,0,0,30,255,255,0,4,4,1,0
304,命運女神的垂青,成功將5顆魔晶石鑲嵌到同一個裝備上。,2910,5,0,0,0,0,0,0,0,0,0,407,22,23,44,19,40,13,255,3,4,4,1,0
305,思念的結晶1,成功用裝備精製魔晶石10次。,0,17,10,0,0,0,0,0,0,0,0,20209,23,23,0,0,5,255,255,0,3,1,1,0
306,思念的結晶2,成功用裝備精製魔晶石50次。,0,17,50,0,0,0,0,0,0,0,0,20210,24,23,0,0,5,255,255,0,3,1,1,0
307,思念的結晶3,成功用裝備精製魔晶石100次。,0,17,100,0,0,0,0,0,0,0,0,20211,25,23,0,0,5,255,255,0,3,1,1,0
308,思念的結晶4,成功用裝備精製魔晶石500次。,0,17,500,0,0,0,0,0,0,0,0,20212,26,23,0,0,5,255,255,0,3,1,1,0
309,重情重義的魔晶石師傅,成功用裝備精製魔晶石1000次。,0,17,1000,0,0,0,0,0,0,0,44,869,27,23,44,19,10,255,255,0,3,1,1,0
310,從利姆薩·羅敏薩啟程,完成主線任務「森都與沙都」。,0,66082,0,0,0,0,0,0,0,0,0,62951,21,76,0,0,5,255,255,0,4,6,25,0
311,從格里達尼亞啟程,完成主線任務「海都與沙都」。,0,66043,0,0,0,0,0,0,0,0,0,62952,22,76,0,0,5,255,255,0,4,6,25,0
312,從烏爾達哈啟程,完成主線任務「海都與森都」。,0,66064,0,0,0,0,0,0,0,0,0,62953,23,76,0,0,5,255,255,0,4,6,25,0
313,一段往事,完成任何一個職業的30級職業任務。,0,65801,66103,65855,65975,65612,65977,65889,65997,65691,0,26002,301,77,0,0,5,255,255,0,4,9,1,0
314,戰爭的傳奇,完成「納爾札爾雙劍」「拳聖」「斬斷宿怨之日」「勇氣的證明」「毫無迷惘的眼瞳」五個職業任務。,0,65801,66103,65855,65975,65612,0,0,0,0,45,2553,302,77,41,30,10,255,255,0,4,6,1,0
315,魔法的傳奇,完成「領悟自然」「膽小之人的勇氣」「巴術最高級命題的證明」三個職業任務。,0,65977,65889,65997,0,0,0,0,0,0,46,3132,303,77,42,30,10,255,255,0,4,6,1,0
316,巧手的傳奇,完成「包容之心」「大富豪的訂單」「各自的前程」「孔雀石的希望之光」「傑作的使命」「熱戀男兒的決心」「毒藥的愉悅」「美食家羅羅力特的挑戰」八個職業任務。,0,65705,65834,65816,66153,65597,66129,66120,65802,0,47,1997,304,77,44,30,10,255,255,0,4,6,1,0
317,大地的傳奇,完成「黑龍騰起風雲變」「自然的洗禮」「夜晚的釣線」三個職業任務。,0,66142,65545,66650,0,0,0,0,0,0,48,1015,305,77,45,30,10,255,255,0,4,6,1,0
318,經典的傳承,達成「戰爭的傳奇」「魔法的傳奇」「大地的傳奇」「巧手的傳奇」四個成就。,2908,314,315,316,317,0,0,0,0,0,0,452,306,77,47,30,20,14,255,3,4,2,1,0
319,拉諾西亞的熱心腸,完成15個拉諾西亞地區的支線任務。,0,0,0,0,0,0,0,0,0,0,0,62901,0,57,0,0,5,255,255,0,0,0,1,0
320,黑衣森林的熱心腸,完成15個黑衣森林地區的支線任務。,0,0,0,0,0,0,0,0,0,0,0,62902,0,57,0,0,5,255,255,0,0,0,1,0
321,薩納蘭的熱心腸,完成15個薩納蘭地區的支線任務。,0,0,0,0,0,0,0,0,0,0,0,62903,0,57,0,0,5,255,255,0,0,0,1,0
322,全心全意為人民服務,達成「拉諾西亞的熱心腸」「黑衣森林的熱心腸」「薩納蘭的熱心腸」三個成就。,0,319,320,321,0,0,0,0,0,0,49,62938,0,57,0,0,10,255,255,0,0,2,1,0
323,喜歡理符的僱傭兵1,累計完成10次傭兵理符任務。,0,18,10,0,0,0,0,0,0,0,0,2802,1,36,0,0,5,255,255,0,3,1,1,0
324,喜歡理符的僱傭兵2,累計完成20次傭兵理符任務。,0,18,20,0,0,0,0,0,0,0,0,2802,2,36,0,0,5,255,255,0,3,1,1,0
325,喜歡理符的僱傭兵3,累計完成50次傭兵理符任務。,0,18,50,0,0,0,0,0,0,0,0,2802,3,36,0,0,5,255,255,0,3,1,1,0
326,喜歡理符的僱傭兵4,累計完成100次傭兵理符任務。,0,18,100,0,0,0,0,0,0,0,0,2802,4,36,0,0,5,255,255,0,3,1,1,0
327,喜歡理符的僱傭兵5,累計完成200次傭兵理符任務。,0,18,200,0,0,0,0,0,0,0,0,2802,5,36,0,0,5,255,255,0,3,1,1,0
328,喜歡理符的僱傭兵6,累計完成500次傭兵理符任務。,0,18,500,0,0,0,0,0,0,0,50,2802,6,36,43,10,10,255,255,0,3,1,1,0
329,百戰歷練的冒險行家,累計完成1000次傭兵理符任務。,0,18,1000,0,0,0,0,0,0,0,0,803,7,36,0,0,20,255,255,0,3,1,1,0
330,喜歡理符的巧手人1,累計完成10次製作理符任務。,0,19,10,0,0,0,0,0,0,0,0,1903,21,36,0,0,5,255,255,0,3,1,1,0
331,喜歡理符的巧手人2,累計完成20次製作理符任務。,0,19,20,0,0,0,0,0,0,0,0,1903,22,36,0,0,5,255,255,0,3,1,1,0
332,喜歡理符的巧手人3,累計完成50次製作理符任務。,0,19,50,0,0,0,0,0,0,0,0,1903,23,36,0,0,5,255,255,0,3,1,1,0
333,喜歡理符的巧手人4,累計完成100次製作理符任務。,0,19,100,0,0,0,0,0,0,0,0,1903,24,36,0,0,5,255,255,0,3,1,1,0
334,喜歡理符的巧手人5,累計完成200次製作理符任務。,0,19,200,0,0,0,0,0,0,0,0,1903,25,36,0,0,5,255,255,0,3,1,1,0
335,喜歡理符的巧手人6,累計完成500次製作理符任務。,0,19,500,0,0,0,0,0,0,0,51,1903,26,36,44,10,10,255,255,0,3,1,1,0
336,天衣無縫的巧手匠人,累計完成1000次製作理符任務。,0,19,1000,0,0,0,0,0,0,0,0,1955,27,36,0,0,20,255,255,0,3,1,1,0
337,正義的執行者1,完成10個特殊部隊理符任務。,0,14,10,0,0,0,0,0,0,0,0,62906,0,57,0,0,5,255,255,0,0,1,1,0
338,正義的執行者2,完成50個特殊部隊理符任務。,0,14,50,0,0,0,0,0,0,0,0,62906,0,57,0,0,5,255,255,0,0,1,1,0
339,正義的執行者3,完成100個特殊部隊理符任務。,0,14,100,0,0,0,0,0,0,0,52,62906,0,57,0,0,10,255,255,0,0,1,1,0
340,義憤填膺,完成500個特殊部隊理符任務。,0,14,500,0,0,0,0,0,0,0,0,62905,0,57,0,0,20,255,255,0,0,1,1,0
341,特務隊員的職責1,完成5次行會令。,0,15,5,0,0,0,0,0,0,0,0,158,1,35,0,0,5,255,255,0,3,1,1,0
342,特務隊員的職責2,完成10次行會令。,0,15,10,0,0,0,0,0,0,0,0,158,2,35,0,0,5,255,255,0,3,1,1,0
343,特務隊員的職責3,完成20次行會令。,0,15,20,0,0,0,0,0,0,0,0,158,3,35,0,0,5,255,255,0,3,1,1,0
344,特務隊員的職責4,完成30次行會令。,0,15,30,0,0,0,0,0,0,0,0,158,4,35,0,0,5,255,255,0,3,1,1,0
345,特務隊員的職責5,完成50次行會令。,0,15,50,0,0,0,0,0,0,0,0,158,5,35,0,0,5,255,255,0,3,1,1,0
346,特務隊員的職責6,完成100次行會令。,0,15,100,0,0,0,0,0,0,0,53,158,6,35,43,10,10,255,255,0,3,1,1,0
347,特種老兵,完成200次行會令。,0,15,200,0,0,0,0,0,0,0,0,161,7,35,0,0,20,255,255,0,3,1,1,0
348,身經百戰的傭兵,在拉諾西亞、黑衣森林及薩納蘭的每個乙太之光和乙太之門各完成1個冒險理符傭兵任務。,0,0,0,0,0,0,0,0,0,0,0,62916,0,57,0,0,5,255,255,0,0,0,1,0
349,傭兵傳奇：鬍鬚岩營地,在鬍鬚岩營地完成20個冒險理符傭兵任務。,0,0,0,0,0,0,0,0,0,0,0,62916,0,57,0,0,5,255,255,0,0,0,1,0
350,傭兵傳奇：雪松原,在雪松原完成20個冒險理符傭兵任務。,0,0,0,0,0,0,0,0,0,0,0,62916,0,57,0,0,5,255,255,0,0,0,1,0
351,傭兵傳奇：骷髏谷營地,在骷髏谷營地完成20個冒險理符傭兵任務。,0,0,0,0,0,0,0,0,0,0,0,62916,0,57,0,0,5,255,255,0,0,0,1,0
352,傭兵傳奇：不毛丘營地,在不毛丘營地完成20個冒險理符傭兵任務。,0,0,0,0,0,0,0,0,0,0,0,62916,0,57,0,0,5,255,255,0,0,0,1,0
353,傭兵傳奇：鮮血濱營地,在鮮血濱岩營地完成20個冒險理符傭兵任務。,0,0,0,0,0,0,0,0,0,0,0,62916,0,57,0,0,5,255,255,0,0,0,1,0
354,傭兵傳奇：仙後岩洞,在仙後岩洞完成20個冒險理符傭兵任務。,0,0,0,0,0,0,0,0,0,0,0,62916,0,57,0,0,5,255,255,0,0,0,1,0
355,傭兵傳奇：黑金湖營地,在黑金湖營地完成20個冒險理符傭兵任務。,0,0,0,0,0,0,0,0,0,0,0,62916,0,57,0,0,5,255,255,0,0,0,1,0
356,拉諾西亞之利劍,在拉諾西亞的每個乙太之光和乙太之門各完成20個冒險理符傭兵任務。,0,0,0,0,0,0,0,0,0,0,54,62901,0,57,0,0,10,255,255,0,0,0,1,0
357,傭兵傳奇：彎枝營地,在彎枝營地完成20個冒險理符傭兵任務。,0,0,0,0,0,0,0,0,0,0,0,62916,0,57,0,0,5,255,255,0,0,0,1,0
358,傭兵傳奇：妖精火床,在妖精火床完成20個冒險理符傭兵任務。,0,0,0,0,0,0,0,0,0,0,0,62916,0,57,0,0,5,255,255,0,0,0,1,0
359,傭兵傳奇：九藤營地,在九藤營地完成20個冒險理符傭兵任務。,0,0,0,0,0,0,0,0,0,0,0,62916,0,57,0,0,5,255,255,0,0,0,1,0
360,傭兵傳奇：翠玉蘚營地,在翠玉蘚營地完成20個冒險理符傭兵任務。,0,0,0,0,0,0,0,0,0,0,0,62916,0,57,0,0,5,255,255,0,0,0,1,0
361,傭兵傳奇：私語巨木,在私語巨木地完成20個冒險理符傭兵任務。,0,0,0,0,0,0,0,0,0,0,0,62916,0,57,0,0,5,255,255,0,0,0,1,0
362,傭兵傳奇：姆恩·圖伊釀造庫,在姆恩·圖伊釀造庫完成20個冒險理符傭兵任務。,0,0,0,0,0,0,0,0,0,0,0,62916,0,57,0,0,5,255,255,0,0,0,1,0
363,傭兵傳奇：恬靜路營地,在恬靜路營地完成20個冒險理符傭兵任務。,0,0,0,0,0,0,0,0,0,0,0,62916,0,57,0,0,5,255,255,0,0,0,1,0
364,黑衣森林之利劍,在黑衣森林的每個乙太之光和乙太之門各完成20個冒險理符傭兵任務。,0,0,0,0,0,0,0,0,0,0,55,62902,0,57,0,0,10,255,255,0,0,0,1,0
365,傭兵傳奇：黑塵營地,在黑塵營地完成20個冒險理符傭兵任務。,0,0,0,0,0,0,0,0,0,0,0,62916,0,57,0,0,5,255,255,0,0,0,1,0
366,傭兵傳奇：納納瓦銀山,在納納瓦銀山完成20個冒險理符傭兵任務。,0,0,0,0,0,0,0,0,0,0,0,62916,0,57,0,0,5,255,255,0,0,0,1,0
367,傭兵傳奇：枯骨營地,在枯骨營地完成20個冒險理符傭兵任務。,0,0,0,0,0,0,0,0,0,0,0,62916,0,57,0,0,5,255,255,0,0,0,1,0
368,傭兵傳奇：日影地,在日影地完成20個冒險理符傭兵任務。,0,0,0,0,0,0,0,0,0,0,0,62916,0,57,0,0,5,255,255,0,0,0,1,0
369,傭兵傳奇：地平營地,在地平營地完成20個冒險理符傭兵任務。,0,0,0,0,0,0,0,0,0,0,0,62916,0,57,0,0,5,255,255,0,0,0,1,0
370,傭兵傳奇：豐饒神井,在豐饒神井完成20個冒險理符傭兵任務。,0,0,0,0,0,0,0,0,0,0,0,62916,0,57,0,0,5,255,255,0,0,0,1,0
371,傭兵傳奇：穢水營地,在穢水營地完成20個冒險理符傭兵任務。,0,0,0,0,0,0,0,0,0,0,0,62916,0,57,0,0,5,255,255,0,0,0,1,0
372,薩納蘭之利劍,在薩納蘭的每個乙太之光和乙太之門各完成20個冒險理符傭兵任務。,0,0,0,0,0,0,0,0,0,0,56,62903,0,57,0,0,10,255,255,0,0,0,1,0
373,城邦同盟之利劍,達成「拉諾西亞之利劍」「黑衣森林之利劍」「薩納蘭之利劍」三個成就。,0,0,0,0,0,0,0,0,0,0,57,62916,0,57,0,0,20,255,255,0,0,0,1,0
374,身經百戰的衛士,在拉諾西亞、黑衣森林及薩納蘭的每個乙太之光和乙太之門各完成1個討伐令。,0,0,0,0,0,0,0,0,0,0,0,62914,0,57,0,0,5,255,255,0,0,0,1,0
375,衛士傳奇：鬍鬚岩營地,在鬍鬚岩營地完成10個討伐令。,0,0,0,0,0,0,0,0,0,0,0,62913,0,57,0,0,5,255,255,0,0,0,1,0
376,衛士傳奇：雪松原,在雪松原完成10個討伐令。,0,0,0,0,0,0,0,0,0,0,0,62913,0,57,0,0,5,255,255,0,0,0,1,0
377,衛士傳奇：骷髏谷營地,在骷髏谷營地完成10個討伐令。,0,0,0,0,0,0,0,0,0,0,0,62913,0,57,0,0,5,255,255,0,0,0,1,0
378,衛士傳奇：不毛丘營地,在不毛丘營地完成10個討伐令。,0,0,0,0,0,0,0,0,0,0,0,62913,0,57,0,0,5,255,255,0,0,0,1,0
379,衛士傳奇：鮮血濱營地,在鮮血濱岩營地完成10個討伐令。,0,0,0,0,0,0,0,0,0,0,0,62913,0,57,0,0,5,255,255,0,0,0,1,0
380,衛士傳奇：仙後岩洞,在仙後岩洞完成10個討伐令。,0,0,0,0,0,0,0,0,0,0,0,62913,0,57,0,0,5,255,255,0,0,0,1,0
381,衛士傳奇：黑金湖營地,在黑金湖營地完成10個討伐令。,0,0,0,0,0,0,0,0,0,0,0,62913,0,57,0,0,5,255,255,0,0,0,1,0
382,拉諾西亞之堅盾,在拉諾西亞的每個乙太之光和乙太之門各完成10個討伐令。,0,0,0,0,0,0,0,0,0,0,58,62901,0,57,0,0,10,255,255,0,0,0,1,0
383,衛士傳奇：彎枝營地,在彎枝營地完成10個討伐令。,0,0,0,0,0,0,0,0,0,0,0,62913,0,57,0,0,5,255,255,0,0,0,1,0
384,衛士傳奇：妖精火床,在妖精火床完成10個討伐令。,0,0,0,0,0,0,0,0,0,0,0,62913,0,57,0,0,5,255,255,0,0,0,1,0
385,衛士傳奇：九藤營地,在九藤營地完成10個討伐令。,0,0,0,0,0,0,0,0,0,0,0,62913,0,57,0,0,5,255,255,0,0,0,1,0
386,衛士傳奇：翠玉蘚營地,在翠玉蘚營地完成10個討伐令。,0,0,0,0,0,0,0,0,0,0,0,62913,0,57,0,0,5,255,255,0,0,0,1,0
387,衛士傳奇：私語巨木,在私語巨木地完成10個討伐令。,0,0,0,0,0,0,0,0,0,0,0,62913,0,57,0,0,5,255,255,0,0,0,1,0
388,衛士傳奇：姆恩·圖伊釀造庫,在姆恩·圖伊釀造庫完成10個討伐令。,0,0,0,0,0,0,0,0,0,0,0,62913,0,57,0,0,5,255,255,0,0,0,1,0
389,衛士傳奇：恬靜路營地,在恬靜路營地完成10個討伐令。,0,0,0,0,0,0,0,0,0,0,0,62913,0,57,0,0,5,255,255,0,0,0,1,0
390,黑衣森林之堅盾,在黑衣森林的每個乙太之光和乙太之門各完成10個討伐令。,0,0,0,0,0,0,0,0,0,0,59,62902,0,57,0,0,10,255,255,0,0,0,1,0
391,衛士傳奇：黑塵營地,在黑塵營地完成10個討伐令。,0,0,0,0,0,0,0,0,0,0,0,62913,0,57,0,0,5,255,255,0,0,0,1,0
392,衛士傳奇：納納瓦銀山,在納納瓦銀山完成10個討伐令。,0,0,0,0,0,0,0,0,0,0,0,62913,0,57,0,0,5,255,255,0,0,0,1,0
393,衛士傳奇：枯骨營地,在枯骨營地完成10個討伐令。,0,0,0,0,0,0,0,0,0,0,0,62913,0,57,0,0,5,255,255,0,0,0,1,0
394,衛士傳奇：日影地,在日影地完成10個討伐令。,0,0,0,0,0,0,0,0,0,0,0,62913,0,57,0,0,5,255,255,0,0,0,1,0
395,衛士傳奇：地平營地,在地平營地完成10個討伐令。,0,0,0,0,0,0,0,0,0,0,0,62913,0,57,0,0,5,255,255,0,0,0,1,0
396,衛士傳奇：豐饒神井,在豐饒神井完成10個討伐令。,0,0,0,0,0,0,0,0,0,0,0,62913,0,57,0,0,5,255,255,0,0,0,1,0
397,衛士傳奇：穢水營地,在穢水營地完成10個討伐令。,0,0,0,0,0,0,0,0,0,0,0,62913,0,57,0,0,5,255,255,0,0,0,1,0
398,薩納蘭之堅盾,在薩納蘭的每個乙太之光和乙太之門各完成10個討伐令。,0,0,0,0,0,0,0,0,0,0,60,62903,0,57,0,0,10,255,255,0,0,0,1,0
399,城邦同盟之堅盾,達成「拉諾西亞之堅盾」「黑衣森林之堅盾」「薩納蘭之堅盾」三個成就。,0,0,0,0,0,0,0,0,0,0,61,62915,0,57,0,0,20,255,255,0,0,0,1,0
400,破刃之劍中隊新兵,完成10個破刃之劍中隊的特殊部隊理符任務。,0,20,10,0,0,0,0,0,0,0,0,62916,0,57,0,0,5,255,255,0,0,1,1,0
401,破刃之劍中隊老兵,完成50個破刃之劍中隊的特殊部隊理符任務。,0,20,50,0,0,0,0,0,0,0,62,62916,0,57,0,0,10,255,255,0,0,1,1,0
402,阿澤瑪之盾中隊新兵,完成10個阿澤瑪之盾中隊的特殊部隊理符任務。,0,21,10,0,0,0,0,0,0,0,0,62916,0,57,0,0,5,255,255,0,0,1,1,0
403,阿澤瑪之盾中隊老兵,完成50個阿澤瑪之盾中隊的特殊部隊理符任務。,0,21,50,0,0,0,0,0,0,0,63,62916,0,57,0,0,10,255,255,0,0,1,1,0
404,獨角之手小隊新兵,完成10個獨角之手小隊的特殊部隊理符任務。,0,22,10,0,0,0,0,0,0,0,0,62916,0,57,0,0,5,255,255,0,0,1,1,0
405,獨角之手小隊老兵,完成50個獨角之手小隊的特殊部隊理符任務。,0,22,50,0,0,0,0,0,0,0,64,62916,0,57,0,0,10,255,255,0,0,1,1,0
406,特殊部隊之星,達成「破刃之劍中隊老兵」「阿澤瑪之盾中隊老兵」「獨角之手小隊老兵」三個成就。,0,401,403,405,0,0,0,0,0,0,65,62916,0,57,0,0,20,255,255,0,0,2,1,0
407,白銀之騎士,完成任務「高舉騎士的聖劍」。,0,66596,0,0,0,0,0,0,0,0,0,26003,321,77,0,0,5,255,255,0,4,6,1,0
408,練氣之武僧,完成任務「廢王的回歸」。,0,66602,0,0,0,0,0,0,0,0,0,26004,341,77,0,0,5,255,255,0,4,6,1,0
409,原初之戰士,完成任務「頂級戰士」。,0,66590,0,0,0,0,0,0,0,0,0,26005,361,77,0,0,5,255,255,0,4,6,1,0
410,蒼天之龍騎士,完成任務「蒼天之龍騎士」。,0,66608,0,0,0,0,0,0,0,0,0,26006,381,77,0,0,5,255,255,0,4,6,1,0
411,古曲之吟遊詩人,完成任務「生命的讚歌」。,0,66626,0,0,0,0,0,0,0,0,0,26007,401,77,0,0,5,255,255,0,4,6,1,0
412,無瑕之白魔道士,完成任務「鎮撫的儀式」。,0,66620,0,0,0,0,0,0,0,0,0,26008,441,77,0,0,5,255,255,0,4,6,1,0
413,深遠之黑魔道士,完成任務「黑魔的引導，法師的真實」。,0,66614,0,0,0,0,0,0,0,0,0,26009,461,77,0,0,5,255,255,0,4,6,1,0
414,古典戰鬥主義者,達成「白銀之騎士」「練氣之武僧」「原初之戰士」「蒼天之龍騎士」「古曲之吟遊詩人」「無瑕之白魔道士」「深遠之黑魔道士」「正道之召喚士」「重生之學者」九個成就。,0,407,408,409,410,411,412,413,599,600,66,2627,1000,77,43,50,20,255,255,0,4,2,1,0
415,抗爭靈災之人,完成任務「閉上雙眼，則希望滿懷」。,0,0,0,0,0,0,0,0,0,0,0,26002,0,57,0,0,20,15,255,0,0,0,1,0
416,無神論者,在小麥酒港保衛戰中打倒第11團高級教士崮布。,0,0,0,0,0,0,0,0,0,0,67,62901,0,57,0,0,5,255,255,0,0,0,1,0
417,斷劍之人,在林場水車保衛戰中打倒天劍之薩扎爾·西羅克。,0,0,0,0,0,0,0,0,0,0,68,62902,0,57,0,0,5,255,255,0,0,0,1,0
418,不碎之岩,在黃金市集保衛戰中打倒碎岩之塔納德·夏,0,0,0,0,0,0,0,0,0,0,69,62903,0,57,0,0,5,255,255,0,0,0,1,0
419,小麥酒港初級衛士,在小麥酒港保衛戰中以10000以上的防衛戰績取得勝利。,0,0,0,0,0,0,0,0,0,0,0,62901,0,57,0,0,5,255,255,0,0,0,1,0
420,小麥酒港低級衛士,在小麥酒港保衛戰中以20000以上的防衛戰績取得勝利。,0,0,0,0,0,0,0,0,0,0,0,62901,0,57,0,0,5,255,255,0,0,0,1,0
421,小麥酒港中級衛士,在小麥酒港保衛戰中以30000以上的防衛戰績取得勝利。,0,0,0,0,0,0,0,0,0,0,0,62901,0,57,0,0,5,255,255,0,0,0,1,0
422,小麥酒港上級衛士,在小麥酒港保衛戰中以40000以上的防衛戰績取得勝利。,0,0,0,0,0,0,0,0,0,0,0,62901,0,57,0,0,5,255,255,0,0,0,1,0
423,小麥酒港衛士長,在小麥酒港保衛戰中以50000以上的防衛戰績取得勝利。,0,0,0,0,0,0,0,0,0,0,70,62901,0,57,0,0,10,255,255,0,0,0,1,0
424,林場水車初級衛士,在林場水車保衛戰中以10000以上的防衛戰績取得勝利。,0,0,0,0,0,0,0,0,0,0,0,62902,0,57,0,0,5,255,255,0,0,0,1,0
425,林場水車低級衛士,在林場水車保衛戰中以20000以上的防衛戰績取得勝利。,0,0,0,0,0,0,0,0,0,0,0,62902,0,57,0,0,5,255,255,0,0,0,1,0
426,林場水車中級衛士,在林場水車保衛戰中以30000以上的防衛戰績取得勝利。,0,0,0,0,0,0,0,0,0,0,0,62902,0,57,0,0,5,255,255,0,0,0,1,0
427,林場水車上級衛士,在林場水車保衛戰中以40000以上的防衛戰績取得勝利。,0,0,0,0,0,0,0,0,0,0,0,62902,0,57,0,0,5,255,255,0,0,0,1,0
428,林場水車衛士長,在林場水車保衛戰中以50000以上的防衛戰績取得勝利。,0,0,0,0,0,0,0,0,0,0,71,62902,0,57,0,0,10,255,255,0,0,0,1,0
429,黃金市集初級衛士,在黃金市集保衛戰中以10000以上的防衛戰績取得勝利。,0,0,0,0,0,0,0,0,0,0,0,62903,0,57,0,0,5,255,255,0,0,0,1,0
430,黃金市集低級衛士,在黃金市集保衛戰中以20000以上的防衛戰績取得勝利。,0,0,0,0,0,0,0,0,0,0,0,62903,0,57,0,0,5,255,255,0,0,0,1,0
431,黃金市集中級衛士,在黃金市集保衛戰中以30000以上的防衛戰績取得勝利。,0,0,0,0,0,0,0,0,0,0,0,62903,0,57,0,0,5,255,255,0,0,0,1,0
432,黃金市集上級衛士,在黃金市集保衛戰中以40000以上的防衛戰績取得勝利。,0,0,0,0,0,0,0,0,0,0,0,62903,0,57,0,0,5,255,255,0,0,0,1,0
433,黃金市集衛士長,在黃金市集保衛戰中以50000以上的防衛戰績取得勝利。,0,0,0,0,0,0,0,0,0,0,72,62903,0,57,0,0,10,255,255,0,0,0,1,0
434,保衛輔城：小麥酒港,成功保衛小麥酒港5次。,0,162,5,0,0,0,0,0,0,0,0,62901,0,57,0,0,5,255,255,0,0,1,1,0
435,護衛輔城：小麥酒港,成功保衛小麥酒港10次。,0,162,10,0,0,0,0,0,0,0,0,62901,0,57,0,0,5,255,255,0,0,1,1,0
436,堅守輔城：小麥酒港,成功保衛小麥酒港50次。,0,162,50,0,0,0,0,0,0,0,0,62901,0,57,0,0,5,255,255,0,0,1,1,0
437,鎮守輔城：小麥酒港,成功保衛小麥酒港100次。,0,162,100,0,0,0,0,0,0,0,0,62901,0,57,0,0,5,255,255,0,0,1,1,0
438,地靈剋星,成功保衛小麥酒港1000次。,0,162,1000,0,0,0,0,0,0,0,73,62901,0,57,0,0,10,255,255,0,0,1,1,0
439,保衛輔城：林場水車,成功保衛林場水車5次。,0,163,5,0,0,0,0,0,0,0,0,62902,0,57,0,0,5,255,255,0,0,1,1,0
440,護衛輔城：林場水車,成功保衛林場水車10次。,0,163,10,0,0,0,0,0,0,0,0,62902,0,57,0,0,5,255,255,0,0,1,1,0
441,堅守輔城：林場水車,成功保衛林場水車50次。,0,163,50,0,0,0,0,0,0,0,0,62902,0,57,0,0,5,255,255,0,0,1,1,0
442,鎮守輔城：林場水車,成功保衛林場水車100次。,0,163,100,0,0,0,0,0,0,0,0,62902,0,57,0,0,5,255,255,0,0,1,1,0
443,鳥人剋星,成功保衛林場水車1000次。,0,163,1000,0,0,0,0,0,0,0,74,62902,0,57,0,0,10,255,255,0,0,1,1,0
444,保衛輔城：黃金市集,成功保衛黃金市集5次。,0,164,5,0,0,0,0,0,0,0,0,62903,0,57,0,0,5,255,255,0,0,1,1,0
445,護衛輔城：黃金市集,成功保衛黃金市集10次。,0,164,10,0,0,0,0,0,0,0,0,62903,0,57,0,0,5,255,255,0,0,1,1,0
446,堅守輔城：黃金市集,成功保衛黃金市集50次。,0,164,50,0,0,0,0,0,0,0,0,62903,0,57,0,0,5,255,255,0,0,1,1,0
447,鎮守輔城：黃金市集,成功保衛黃金市集100次。,0,164,100,0,0,0,0,0,0,0,0,62903,0,57,0,0,5,255,255,0,0,1,1,0
448,蜥蜴人剋星,成功保衛黃金市集1000次。,0,164,1000,0,0,0,0,0,0,0,75,62903,0,57,0,0,10,255,255,0,0,1,1,0
449,小麥酒港初級補給員,向小麥酒港保交納指定物品10次。,0,165,10,0,0,0,0,0,0,0,0,62901,0,57,0,0,5,255,255,0,0,1,1,0
450,小麥酒港低級補給員,向小麥酒港保交納指定物品100次。,0,165,100,0,0,0,0,0,0,0,0,62901,0,57,0,0,5,255,255,0,0,1,1,0
451,小麥酒港中級補給員,向小麥酒港保交納指定物品500次。,0,165,500,0,0,0,0,0,0,0,0,62901,0,57,0,0,5,255,255,0,0,1,1,0
452,小麥酒港上級補給員,向小麥酒港保交納指定物品1000次。,0,165,1000,0,0,0,0,0,0,0,0,62901,0,57,0,0,5,255,255,0,0,1,1,0
453,小麥酒港補給要員,向小麥酒港保交納指定物品10000次。,0,165,10000,0,0,0,0,0,0,0,76,62901,0,57,0,0,10,255,255,0,0,1,1,0
454,林場水車初級補給員,向林場水車保交納指定物品10次。,0,166,10,0,0,0,0,0,0,0,0,62902,0,57,0,0,5,255,255,0,0,1,1,0
455,林場水車低級補給員,向林場水車保交納指定物品100次。,0,166,100,0,0,0,0,0,0,0,0,62902,0,57,0,0,5,255,255,0,0,1,1,0
456,林場水車中級補給員,向林場水車保交納指定物品500次。,0,166,500,0,0,0,0,0,0,0,0,62902,0,57,0,0,5,255,255,0,0,1,1,0
457,林場水車上級補給員,向林場水車保交納指定物品1000次。,0,166,1000,0,0,0,0,0,0,0,0,62902,0,57,0,0,5,255,255,0,0,1,1,0
458,林場水車補給要員,向林場水車保交納指定物品10000次。,0,166,10000,0,0,0,0,0,0,0,77,62902,0,57,0,0,10,255,255,0,0,1,1,0
459,黃金市集初級補給員,向黃金市集保交納指定物品10次。,0,167,10,0,0,0,0,0,0,0,0,62903,0,57,0,0,5,255,255,0,0,1,1,0
460,黃金市集低級補給員,向黃金市集保交納指定物品100次。,0,167,100,0,0,0,0,0,0,0,0,62903,0,57,0,0,5,255,255,0,0,1,1,0
461,黃金市集中級補給員,向黃金市集保交納指定物品500次。,0,167,500,0,0,0,0,0,0,0,0,62903,0,57,0,0,5,255,255,0,0,1,1,0
462,黃金市集上級補給員,向黃金市集保交納指定物品1000次。,0,167,1000,0,0,0,0,0,0,0,0,62903,0,57,0,0,5,255,255,0,0,1,1,0
463,黃金市集補給要員,向黃金市集保交納指定物品10000次。,0,167,10000,0,0,0,0,0,0,0,78,62903,0,57,0,0,10,255,255,0,0,1,1,0
464,小麥酒港初級軍工匠,向小麥酒港保交納魔晶石武具10次。,0,168,10,0,0,0,0,0,0,0,0,62901,0,57,0,0,5,255,255,0,0,1,1,0
465,小麥酒港低級軍工匠,向小麥酒港保交納魔晶石武具100次。,0,168,100,0,0,0,0,0,0,0,0,62901,0,57,0,0,5,255,255,0,0,1,1,0
466,小麥酒港中級軍工匠,向小麥酒港保交納魔晶石武具500次。,0,168,500,0,0,0,0,0,0,0,0,62901,0,57,0,0,5,255,255,0,0,1,1,0
467,小麥酒港上級軍工匠,向小麥酒港保交納魔晶石武具1000次。,0,168,1000,0,0,0,0,0,0,0,0,62901,0,57,0,0,5,255,255,0,0,1,1,0
468,小麥酒港御用工匠,向小麥酒港保交納魔晶石武具10000次。,0,168,10000,0,0,0,0,0,0,0,79,62901,0,57,0,0,10,255,255,0,0,1,1,0
469,林場水車初級軍工匠,向林場水車保交納魔晶石武具10次。,0,169,10,0,0,0,0,0,0,0,0,62902,0,57,0,0,5,255,255,0,0,1,1,0
470,林場水車低級軍工匠,向林場水車保交納魔晶石武具100次。,0,169,100,0,0,0,0,0,0,0,0,62902,0,57,0,0,5,255,255,0,0,1,1,0
471,林場水車中級軍工匠,向林場水車保交納魔晶石武具500次。,0,169,500,0,0,0,0,0,0,0,0,62902,0,57,0,0,5,255,255,0,0,1,1,0
472,林場水車上級軍工匠,向林場水車保交納魔晶石武具1000次。,0,169,1000,0,0,0,0,0,0,0,0,62902,0,57,0,0,5,255,255,0,0,1,1,0
473,林場水車御用工匠,向林場水車保交納魔晶石武具10000次。,0,169,10000,0,0,0,0,0,0,0,80,62902,0,57,0,0,10,255,255,0,0,1,1,0
474,黃金市集初級軍工匠,向黃金市集保交納魔晶石武具10次。,0,170,10,0,0,0,0,0,0,0,0,62903,0,57,0,0,5,255,255,0,0,1,1,0
475,黃金市集低級軍工匠,向黃金市集保交納魔晶石武具100次。,0,170,100,0,0,0,0,0,0,0,0,62903,0,57,0,0,5,255,255,0,0,1,1,0
476,黃金市集中級軍工匠,向黃金市集保交納魔晶石武具500次。,0,170,500,0,0,0,0,0,0,0,0,62903,0,57,0,0,5,255,255,0,0,1,1,0
477,黃金市集上級軍工匠,向黃金市集保交納魔晶石武具1000次。,0,170,1000,0,0,0,0,0,0,0,0,62903,0,57,0,0,5,255,255,0,0,1,1,0
478,黃金市集御用工匠,向黃金市集保交納魔晶石武具10000次。,0,170,10000,0,0,0,0,0,0,0,81,62903,0,57,0,0,10,255,255,0,0,1,1,0
479,全力應戰：小麥酒港,以僅由戰鬥精英和魔法導師組成的隊伍成功保衛小麥酒港。,0,0,0,0,0,0,0,0,0,0,0,62901,0,57,0,0,5,255,255,0,0,0,1,0
480,全力應戰：林場水車,以僅由戰鬥精英和魔法導師組成的隊伍成功保衛林場水車。,0,0,0,0,0,0,0,0,0,0,0,62902,0,57,0,0,5,255,255,0,0,0,1,0
481,全力應戰：黃金市集,以僅由戰鬥精英和魔法導師組成的隊伍成功保衛黃金市集。,0,0,0,0,0,0,0,0,0,0,0,62903,0,57,0,0,5,255,255,0,0,0,1,0
482,全力後勤：小麥酒港,以僅由大地使者和能工巧匠組成的隊伍成功保衛小麥酒港。,0,0,0,0,0,0,0,0,0,0,0,62901,0,57,0,0,5,255,255,0,0,0,1,0
483,全力後勤：林場水車,以僅由大地使者和能工巧匠組成的隊伍成功保衛林場水車。,0,0,0,0,0,0,0,0,0,0,0,62902,0,57,0,0,5,255,255,0,0,0,1,0
484,全力後勤：黃金市集,以僅由大地使者和能工巧匠組成的隊伍成功保衛黃金市集。,0,0,0,0,0,0,0,0,0,0,0,62903,0,57,0,0,5,255,255,0,0,0,1,0
485,輔城保衛者,完成小麥酒港、林場水車、黃金市集三個輔城的保衛戰任務。,0,0,0,0,0,0,0,0,0,0,0,62939,0,57,0,0,5,255,255,0,0,0,1,0
486,黑兔印的馴鹿先生,收集到馴鹿角和馴鹿裝兩件套裝。,0,0,0,0,0,0,0,0,0,0,82,62931,0,58,0,0,20,255,255,0,0,0,1,0
487,東方之龍,獲得天龍武士盔。,0,0,0,0,0,0,0,0,0,0,0,62932,0,58,0,0,5,255,255,0,0,0,1,0
488,東方之紅龍,獲得朱漆天龍武士盔。,0,0,0,0,0,0,0,0,0,0,0,62934,0,58,0,0,5,255,255,0,0,0,1,0
489,東方之金龍,獲得金箔天龍武士盔。,0,0,0,0,0,0,0,0,0,0,0,62933,0,58,0,0,5,255,255,0,0,0,1,0
490,東方之黑龍,獲得黑漆天龍武士盔。,0,0,0,0,0,0,0,0,0,0,0,62935,0,58,0,0,5,255,255,0,0,0,1,0
491,龍神傳說,收集到天龍武士盔、朱漆天龍武士盔、金箔天龍武士盔和黑漆天龍武士盔。,0,0,0,0,0,0,0,0,0,0,83,62908,0,58,0,0,20,255,255,0,0,0,1,0
492,純情之證,獲得情人墜飾。,0,0,0,0,0,0,0,0,0,0,0,62921,0,58,0,0,5,255,255,0,0,0,1,0
493,友情之證,獲得白金情人墜飾。,0,0,0,0,0,0,0,0,0,0,0,62922,0,58,0,0,5,255,255,0,0,0,1,0
494,永戀的祝福,獲得永戀之羈絆。,0,0,0,0,0,0,0,0,0,0,0,62923,0,58,0,0,5,255,255,0,0,0,1,0
495,散播愛心之人,獲得情人墜飾、白金情人墜飾和永戀之羈絆。,0,0,0,0,0,0,0,0,0,0,84,62908,0,58,0,0,20,255,255,0,0,0,1,0
496,謁見公主,獲得耳飾「桃香」。,0,0,0,0,0,0,0,0,0,0,85,62924,0,58,0,0,20,255,255,0,0,0,1,0
497,質樸獵蛋人,獲得質樸蛋戒指。,0,0,0,0,0,0,0,0,0,0,0,62925,0,58,0,0,5,255,255,0,0,0,1,0
498,迷彩獵蛋人,獲得迷彩蛋戒指。,0,0,0,0,0,0,0,0,0,0,0,62928,0,58,0,0,5,255,255,0,0,0,1,0
499,三色獵蛋人,獲得三色蛋戒指。,0,0,0,0,0,0,0,0,0,0,0,62927,0,58,0,0,5,255,255,0,0,0,1,0
500,暗黑獵蛋人,獲得暗黑蛋戒指。,0,0,0,0,0,0,0,0,0,0,0,62926,0,58,0,0,5,255,255,0,0,0,1,0
501,秘密的指環,獲得陸行鳥蛋戒指。,0,0,0,0,0,0,0,0,0,0,0,62929,0,58,0,0,5,255,255,0,0,0,1,0
502,知名獵蛋人,達成「質樸獵蛋人」「迷彩獵蛋人」「三色獵蛋人」「暗黑獵蛋人」「秘密的指環」五個成就。,0,0,0,0,0,0,0,0,0,0,86,62908,0,58,0,0,20,255,255,0,0,0,1,0
503,防爆組敢死隊員,獲得青藍君子浴衣或丹紅淑女浴衣。,0,0,0,0,0,0,0,0,0,0,0,62917,0,58,0,0,5,255,255,0,0,0,1,0
504,時髦的防爆組隊員,獲得碧綠君子浴衣或青藍淑女浴衣。,0,0,0,0,0,0,0,0,0,0,0,62918,0,58,0,0,5,255,255,0,0,0,1,0
505,瀟灑的防爆組隊員,獲得墨黑君子浴衣或墨黑淑女浴衣。,0,0,0,0,0,0,0,0,0,0,0,62919,0,58,0,0,5,255,255,0,0,0,1,0
506,漂亮的防爆組隊員,獲得粉白君子束褲或粉白淑女束褲。,0,0,0,0,0,0,0,0,0,0,0,62936,0,58,0,0,5,255,255,0,0,0,1,0
507,優雅的防爆組隊員,獲得金黃君子束褲或金黃淑女束褲。,0,0,0,0,0,0,0,0,0,0,0,62937,0,58,0,0,5,255,255,0,0,0,1,0
508,腳下清涼,獲得二齒木屐或舟形木屐。,0,0,0,0,0,0,0,0,0,0,0,62920,0,58,0,0,5,255,255,0,0,0,1,0
509,防爆組終身名譽隊員,達成「防爆組敢死隊員」「時髦的防爆組隊員」「瀟灑的防爆組隊員」「漂亮的防爆組隊員」「優雅的防爆組隊員」「腳下清涼」六個成就。,0,0,0,0,0,0,0,0,0,0,87,62908,0,58,0,0,20,255,255,0,0,0,1,0
510,預示災變的水晶,獲得過屬性晶簇,0,0,0,0,0,0,0,0,0,0,88,62930,0,58,0,0,20,255,255,0,0,0,1,0
511,千獄的心火,在副本任務「托托·拉克偵察令」中打倒「心火蛛蠍」。,0,0,0,0,0,0,0,0,0,0,0,62907,0,59,0,0,5,255,255,0,0,0,1,0
512,千獄的明尾,在副本任務「托托·拉克偵察令」中打倒「明尾蛛蠍」。,0,0,0,0,0,0,0,0,0,0,0,62907,0,59,0,0,5,255,255,0,0,0,1,0
513,千獄的螯刺,在副本任務「托托·拉克偵察令」中打倒「螯刺蛛蠍」。,0,0,0,0,0,0,0,0,0,0,0,62907,0,59,0,0,5,255,255,0,0,0,1,0
514,地獄的巴特拉爾,在副本任務「澤梅爾要塞收復戰」中打倒「巴特拉爾」。,0,0,0,0,0,0,0,0,0,0,0,62907,0,59,0,0,5,255,255,0,0,0,1,0
515,黃金的守財奴,在副本任務「黃金谷霧中行軍」中打倒「守財夫人」。,0,0,0,0,0,0,0,0,0,0,0,62907,0,59,0,0,5,255,255,0,0,0,1,0
516,黃金谷財寶獵人,打倒「守財夫人」之後出現5隻寶箱。,0,0,0,0,0,0,0,0,0,0,0,62907,0,59,0,0,5,255,255,0,0,0,1,0
517,人為財生,在不使用魔花之果與魔花之根的情況下突破黃金谷。,0,0,0,0,0,0,0,0,0,0,0,62907,0,59,0,0,5,255,255,0,0,0,1,0
518,悲鳴的奇美拉,在副本任務「樵鳴洞流沙迷宮」中打倒「奇美拉」。,0,0,0,0,0,0,0,0,0,0,0,62907,0,59,0,0,5,255,255,0,0,0,1,0
519,樵鳴洞財寶獵人,打倒「奇美拉」之後出現5隻寶箱。,0,0,0,0,0,0,0,0,0,0,0,62907,0,59,0,0,5,255,255,0,0,0,1,0
520,團結不破,盡可能在小隊隊員集體行動的情況下打倒靈蟻禁軍元帥並突破樵鳴洞。,0,0,0,0,0,0,0,0,0,0,0,62907,0,59,0,0,5,255,255,0,0,0,1,0
521,拉諾西亞的旅人,記錄過拉諾西亞地區的全部19個乙太之光及乙太之門。,0,0,0,0,0,0,0,0,0,0,0,62909,0,60,0,0,5,255,255,0,0,0,1,0
522,黑衣森林的旅人,記錄過黑衣森林地區的全部23個乙太之光及乙太之門。,0,0,0,0,0,0,0,0,0,0,0,62909,0,60,0,0,5,255,255,0,0,0,1,0
523,薩納蘭的旅人,記錄過薩納蘭地區的全部22個乙太之光及乙太之門。,0,0,0,0,0,0,0,0,0,0,0,62909,0,60,0,0,5,255,255,0,0,0,1,0
524,庫爾札斯的旅人,記錄過庫爾札斯地區的全部19個乙太之光及乙太之門。,0,0,0,0,0,0,0,0,0,0,0,62909,0,60,0,0,5,255,255,0,0,0,1,0
525,摩杜納的旅人,記錄過摩杜納地區的全部4個乙太之光及乙太之門。,0,0,0,0,0,0,0,0,0,0,0,62909,0,60,0,0,5,255,255,0,0,0,1,0
526,放浪之神的垂青,達成「拉諾西亞的旅人」「黑衣森林的旅人」「薩納蘭的旅人」「庫爾札斯的旅人」「摩杜納的旅人」五個成就。,0,0,0,0,0,0,0,0,0,0,105,62910,0,60,0,0,10,255,255,0,0,0,1,0
527,海上的黑渦勇士,成為黑渦團的正式成員。,0,241,0,0,0,0,0,0,0,0,0,62951,0,51,0,0,5,255,255,0,4,1,1,0
528,林中的雙蛇勇士,成為雙蛇黨的正式成員。,0,242,0,0,0,0,0,0,0,0,0,62952,0,52,0,0,5,255,255,0,4,1,1,0
529,沙漠的不滅勇士,成為不滅隊的正式成員。,0,243,0,0,0,0,0,0,0,0,0,62953,0,53,0,0,5,255,255,0,4,1,1,0
530,初級軍票漩渦,累積獲得黑渦團軍票數達到10000。,0,138,10000,0,0,0,0,0,0,0,0,62951,0,51,0,0,5,255,255,0,3,1,1,0
531,中級軍票漩渦,累積獲得黑渦團軍票數達到50000。,0,138,50000,0,0,0,0,0,0,0,0,62951,0,51,0,0,5,255,255,0,3,1,1,0
532,高級軍票漩渦,累積獲得黑渦團軍票數達到100000。,0,138,100000,0,0,0,0,0,0,0,89,62951,0,51,43,20,10,255,255,0,3,1,1,0
533,紅錨勳章,累積獲得黑渦團軍票數達到500000。,2222,138,500000,0,0,0,0,0,0,0,0,62951,0,51,43,20,20,16,255,3,3,1,1,0
534,初級軍票牙蛇,累積獲得雙蛇黨軍票數達到10000。,0,139,10000,0,0,0,0,0,0,0,0,62952,0,52,0,0,5,255,255,0,3,1,1,0
535,中級軍票牙蛇,累積獲得雙蛇黨軍票數達到50000。,0,139,50000,0,0,0,0,0,0,0,0,62952,0,52,0,0,5,255,255,0,3,1,1,0
536,高級軍票牙蛇,累積獲得雙蛇黨軍票數達到100000。,0,139,100000,0,0,0,0,0,0,0,90,62952,0,52,43,20,10,255,255,0,3,1,1,0
537,紅木葉勳章,累積獲得雙蛇黨軍票數達到500000。,2221,139,500000,0,0,0,0,0,0,0,0,62952,0,52,43,20,20,17,255,3,3,1,1,0
538,初級軍票不滅,累積獲得不滅隊軍票數達到10000。,0,140,10000,0,0,0,0,0,0,0,0,62953,0,53,0,0,5,255,255,0,3,1,1,0
539,中級軍票不滅,累積獲得不滅隊軍票數達到50000。,0,140,50000,0,0,0,0,0,0,0,0,62953,0,53,0,0,5,255,255,0,3,1,1,0
540,高級軍票不滅,累積獲得不滅隊軍票數達到100000。,0,140,100000,0,0,0,0,0,0,0,91,62953,0,53,43,20,10,255,255,0,3,1,1,0
541,秘銀天平章,累積獲得不滅隊軍票數達到500000。,2223,140,500000,0,0,0,0,0,0,0,0,62953,0,53,43,20,20,18,255,3,3,1,1,0
542,初級戰曆漩渦,累計完成黑渦團軍隊理符10次。,0,141,10,0,0,0,0,0,0,0,0,62951,0,51,0,0,5,255,255,0,3,1,1,0
543,中級戰曆漩渦,累計完成黑渦團軍隊理符100次。,0,141,100,0,0,0,0,0,0,0,0,62951,0,51,0,0,5,255,255,0,3,1,1,0
544,高級戰曆漩渦,累計完成黑渦團軍隊理符200次。,0,141,200,0,0,0,0,0,0,0,92,62951,0,51,43,20,10,255,255,0,3,1,1,0
545,蒼砲勳章,累計完成黑渦團軍隊理符500次。,6116,141,500,0,0,0,0,0,0,0,0,62951,0,51,43,20,20,255,29,3,3,1,1,0
546,初級戰曆牙蛇,累計完成雙蛇黨軍隊理符10次。,0,142,10,0,0,0,0,0,0,0,0,62952,0,52,0,0,5,255,255,0,3,1,1,0
547,中級戰曆牙蛇,累計完成雙蛇黨軍隊理符100次。,0,142,100,0,0,0,0,0,0,0,0,62952,0,52,0,0,5,255,255,0,3,1,1,0
548,高級戰曆牙蛇,累計完成雙蛇黨軍隊理符200次。,0,142,200,0,0,0,0,0,0,0,93,62952,0,52,43,20,10,255,255,0,3,1,1,0
549,鐵木葉勳章,累計完成雙蛇黨軍隊理符500次。,6117,142,500,0,0,0,0,0,0,0,0,62952,0,52,43,20,20,255,30,3,3,1,1,0
550,初級戰曆不滅,累計完成不滅隊軍隊理符10次。,0,143,10,0,0,0,0,0,0,0,0,62953,0,53,0,0,5,255,255,0,3,1,1,0
551,中級戰曆不滅,累計完成不滅隊軍隊理符100次。,0,143,100,0,0,0,0,0,0,0,0,62953,0,53,0,0,5,255,255,0,3,1,1,0
552,高級戰曆不滅,累計完成不滅隊軍隊理符200次。,0,143,200,0,0,0,0,0,0,0,94,62953,0,53,43,20,10,255,255,0,3,1,1,0
553,白銀天平章,累計完成不滅隊軍隊理符500次。,6118,143,500,0,0,0,0,0,0,0,0,62953,0,53,43,20,20,255,31,3,3,1,1,0
554,初級輜重漩渦,累積進行黑渦團軍需品籌備達到10次。,0,144,10,0,0,0,0,0,0,0,0,62951,0,51,0,0,5,255,255,0,3,1,1,0
555,中級輜重漩渦,累積進行黑渦團軍需品籌備達到50次。,0,144,50,0,0,0,0,0,0,0,0,62951,0,51,0,0,5,255,255,0,3,1,1,0
556,高級輜重漩渦,累積進行黑渦團軍需品籌備達到200次。,0,144,200,0,0,0,0,0,0,0,95,62951,0,51,43,20,10,255,255,0,3,1,1,0
557,黑槳勳章,累積進行黑渦團軍需品籌備達到500次。,4274,144,500,0,0,0,0,0,0,0,0,62951,0,51,43,20,20,19,255,3,3,1,1,0
558,初級輜重牙蛇,累積進行雙蛇黨軍需品籌備達到10次。,0,145,10,0,0,0,0,0,0,0,0,62952,0,52,0,0,5,255,255,0,3,1,1,0
559,中級輜重牙蛇,累積進行雙蛇黨軍需品籌備達到50次。,0,145,50,0,0,0,0,0,0,0,0,62952,0,52,0,0,5,255,255,0,3,1,1,0
560,高級輜重牙蛇,累積進行雙蛇黨軍需品籌備達到200次。,0,145,200,0,0,0,0,0,0,0,96,62952,0,52,43,20,10,255,255,0,3,1,1,0
561,楓木葉勳章,累積進行雙蛇黨軍需品籌備達到500次。,4276,145,500,0,0,0,0,0,0,0,0,62952,0,52,43,20,20,20,255,3,3,1,1,0
562,初級輜重不滅,累積進行不滅隊軍需品籌備達到10次。,0,146,10,0,0,0,0,0,0,0,0,62953,0,53,0,0,5,255,255,0,3,1,1,0
563,中級輜重不滅,累積進行不滅隊軍需品籌備達到50次。,0,146,50,0,0,0,0,0,0,0,0,62953,0,53,0,0,5,255,255,0,3,1,1,0
564,高級輜重不滅,累積進行不滅隊軍需品籌備達到200次。,0,146,200,0,0,0,0,0,0,0,97,62953,0,53,43,20,10,255,255,0,3,1,1,0
565,黃銅天平章,累積進行不滅隊軍需品籌備達到500次。,4275,146,500,0,0,0,0,0,0,0,0,62953,0,53,43,20,20,21,255,3,3,1,1,0
566,初級補給漩渦,累積進行黑渦團補給品籌備達到10次。,0,147,10,0,0,0,0,0,0,0,0,62951,0,51,0,0,5,255,255,0,3,1,1,0
567,中級補給漩渦,累積進行黑渦團補給品籌備達到30次。,0,147,30,0,0,0,0,0,0,0,0,62951,0,51,0,0,5,255,255,0,3,1,1,0
568,高級補給漩渦,累積進行黑渦團補給品籌備達到100次。,0,147,100,0,0,0,0,0,0,0,98,62951,0,51,43,20,10,255,255,0,3,1,1,0
569,翠桅勳章,累積進行黑渦團補給品籌備達到200次。,4517,147,200,0,0,0,0,0,0,0,0,62951,0,51,43,20,20,22,255,3,3,1,1,0
570,初級補給牙蛇,累積進行雙蛇黨補給品籌備達到10次。,0,148,10,0,0,0,0,0,0,0,0,62952,0,52,0,0,5,255,255,0,3,1,1,0
571,中級補給牙蛇,累積進行雙蛇黨補給品籌備達到30次。,0,148,30,0,0,0,0,0,0,0,0,62952,0,52,0,0,5,255,255,0,3,1,1,0
572,高級補給牙蛇,累積進行雙蛇黨補給品籌備達到100次。,0,148,100,0,0,0,0,0,0,0,99,62952,0,52,43,20,10,255,255,0,3,1,1,0
573,柳木葉勳章,累積進行雙蛇黨補給品籌備達到200次。,4519,148,200,0,0,0,0,0,0,0,0,62952,0,52,43,20,20,23,255,3,3,1,1,0
574,初級補給不滅,累積進行不滅隊補給品籌備達到10次。,0,149,10,0,0,0,0,0,0,0,0,62953,0,53,0,0,5,255,255,0,3,1,1,0
575,中級補給不滅,累積進行不滅隊補給品籌備達到30次。,0,149,30,0,0,0,0,0,0,0,0,62953,0,53,0,0,5,255,255,0,3,1,1,0
576,高級補給不滅,累積進行不滅隊補給品籌備達到100次。,0,149,100,0,0,0,0,0,0,0,100,62953,0,53,43,20,10,255,255,0,3,1,1,0
577,青銅天平章,累積進行不滅隊補給品籌備達到200次。,4518,149,200,0,0,0,0,0,0,0,0,62953,0,53,43,20,20,24,255,3,3,1,1,0
578,堅如磐石的下級護衛隊,在12分鐘之內完成20級的護衛旅商隊任務。,0,0,0,0,0,0,0,0,0,0,0,904,0,61,0,0,5,255,255,0,0,0,1,0
579,行如疾風的下級護衛隊,在10分鐘之內完成20級的護衛旅商隊任務。,0,0,0,0,0,0,0,0,0,0,0,904,0,61,0,0,5,255,255,0,0,0,1,0
580,迅如閃電的下級護衛隊,在8分鐘之內完成20級的護衛旅商隊任務。,0,0,0,0,0,0,0,0,0,0,101,904,0,61,0,0,10,255,255,0,0,0,1,0
581,堅如磐石的上級護衛隊,在12分鐘之內完成40級的護衛旅商隊任務。,0,0,0,0,0,0,0,0,0,0,0,904,0,61,0,0,5,255,255,0,0,0,1,0
582,行如疾風的上級護衛隊,在10分鐘之內完成40級的護衛旅商隊任務。,0,0,0,0,0,0,0,0,0,0,0,904,0,61,0,0,5,255,255,0,0,0,1,0
583,迅如閃電的上級護衛隊,在8分鐘之內完成40級的護衛旅商隊任務。,0,0,0,0,0,0,0,0,0,0,103,904,0,61,0,0,10,255,255,0,0,0,1,0
584,初級運輸員,在護衛旅商隊任務中累計運輸貨品達到100個。,0,100,150,151,152,0,0,0,0,0,0,9011,0,61,0,0,5,255,255,0,0,5,1,0
585,低級運輸員,在護衛旅商隊任務中累計運輸貨品達到500個。,0,500,150,151,152,0,0,0,0,0,0,9011,0,61,0,0,5,255,255,0,0,5,1,0
586,中級運輸員,在護衛旅商隊任務中累計運輸貨品達到1000個。,0,1000,150,151,152,0,0,0,0,0,0,9011,0,61,0,0,5,25,255,0,0,5,1,0
587,上級運輸員,在護衛旅商隊任務中累計運輸貨品達到5000個。,0,5000,150,151,152,0,0,0,0,0,102,9011,0,61,0,0,10,255,255,0,0,5,1,0
588,物流的大動脈,在護衛旅商隊任務中累計運輸貨品達到10000個。,0,10000,150,151,152,0,0,0,0,0,0,9011,0,61,0,0,20,255,255,0,0,5,1,0
589,正襟危站,"收集到自己所在軍隊的士兵軍帽、士兵軍服、士兵軍用手套、士兵軍靴四件套裝。
※將收集到的裝備全都穿到身上之後與位於格里達尼亞舊街的喬納森對話後獲得。",0,235,0,0,0,0,0,0,0,0,0,151,0,50,0,0,5,255,255,0,4,1,1,0
590,我可愛的陸行鳥,獲得陸行鳥笛。,0,66237,66236,66238,0,0,0,0,0,0,0,9001,0,50,0,0,5,255,255,0,4,9,1,0
591,我漂亮的陸行鳥,獲得任意大國防聯軍的三種陸行鳥裝甲。,0,236,0,0,0,0,0,0,0,0,104,9014,0,50,43,20,5,255,255,0,4,1,1,0
592,巴術中的領悟1,將巴術士升到10級。,0,26,10,0,0,0,0,0,0,0,0,33401,41,14,0,0,5,255,255,0,1,3,1,0
593,巴術中的領悟2,將巴術士升到20級。,0,26,20,0,0,0,0,0,0,0,0,33401,42,14,0,0,5,255,255,0,1,3,1,0
594,巴術中的領悟3,將巴術士升到30級。,0,26,30,0,0,0,0,0,0,0,0,33401,43,14,0,0,5,255,255,0,1,3,1,0
595,巴術中的領悟4,將巴術士升到40級。,0,26,40,0,0,0,0,0,0,0,0,33401,44,14,0,0,5,255,255,0,1,3,1,0
596,巴術中的領悟5,將巴術士升到50級。,0,26,50,0,0,0,0,0,0,0,0,33401,45,14,0,0,5,255,255,0,1,3,1,0
597,綠瞳之召喚士,完成任務「復甦的上古武器」，獲得綠瞳列傳。,0,66662,0,0,0,0,0,0,0,0,106,33457,9,62,28,50,10,255,255,0,2,6,1,0
598,萬辭之學者,完成任務「復甦的上古武器」，獲得萬辭全書。,0,66663,0,0,0,0,0,0,0,0,107,33458,10,62,29,50,10,255,255,0,2,6,1,0
599,正道之召喚士,完成任務「邪道與正道」。,0,66632,0,0,0,0,0,0,0,0,0,26010,481,77,0,0,5,255,255,0,2,6,1,0
600,重生之學者,完成任務「新時代的學者」。,0,66638,0,0,0,0,0,0,0,0,0,26011,501,77,0,0,5,255,255,0,2,6,1,0
601,喜歡理符的收穫者1,累計完成10次採集理符任務。,0,179,10,0,0,0,0,0,0,0,0,1903,41,36,0,0,5,255,255,0,1,1,1,0
602,喜歡理符的收穫者2,累計完成20次採集理符任務。,0,179,20,0,0,0,0,0,0,0,0,1903,42,36,0,0,5,255,255,0,1,1,1,0
603,喜歡理符的收穫者3,累計完成50次採集理符任務。,0,179,50,0,0,0,0,0,0,0,0,1903,43,36,0,0,5,255,255,0,1,1,1,0
604,喜歡理符的收穫者4,累計完成100次採集理符任務。,0,179,100,0,0,0,0,0,0,0,0,1903,44,36,0,0,5,255,255,0,1,1,1,0
605,喜歡理符的收穫者5,累計完成200次採集理符任務。,0,179,200,0,0,0,0,0,0,0,0,1903,45,36,0,0,5,255,255,0,1,1,1,0
606,喜歡理符的收穫者6,累計完成500次採集理符任務。,0,179,500,0,0,0,0,0,0,0,108,1903,46,36,45,10,10,255,255,0,1,1,1,0
607,才華橫溢的大地使者,累計完成1000次採集理符任務。,0,179,1000,0,0,0,0,0,0,0,0,1955,47,36,0,0,20,255,255,0,1,1,1,0
608,傭兵傳奇1,累計完成10種傭兵理符任務。,0,180,10,0,0,0,0,0,0,0,0,30408,61,36,0,0,5,255,255,0,1,1,1,0
609,傭兵傳奇2,累計完成50種傭兵理符任務。,0,180,50,0,0,0,0,0,0,0,0,30408,62,36,0,0,5,255,255,0,1,1,1,0
610,傭兵傳奇3,累計完成100種傭兵理符任務。,0,180,100,0,0,0,0,0,0,0,0,30408,63,36,0,0,10,255,255,0,1,1,1,0
611,木匠傳奇1,累計完成5種木工理符任務。,0,181,5,0,0,0,0,0,0,0,0,35001,81,36,0,0,5,255,255,0,1,1,1,0
612,木匠傳奇2,累計完成20種木工理符任務。,0,181,20,0,0,0,0,0,0,0,0,35001,82,36,0,0,5,255,255,0,1,1,1,0
613,木匠傳奇3,累計完成40種木工理符任務。,0,181,40,0,0,0,0,0,0,0,0,35001,83,36,0,0,10,255,255,0,1,1,1,0
614,鐵匠傳奇1,累計完成5種鍛造理符任務。,0,182,5,0,0,0,0,0,0,0,0,35106,101,36,0,0,5,255,255,0,1,1,1,0
615,鐵匠傳奇2,累計完成20種鍛造理符任務。,0,182,20,0,0,0,0,0,0,0,0,35106,102,36,0,0,5,255,255,0,1,1,1,0
616,鐵匠傳奇3,累計完成40種鍛造理符任務。,0,182,40,0,0,0,0,0,0,0,0,35106,103,36,0,0,10,255,255,0,1,1,1,0
617,甲匠傳奇1,累計完成5種甲冑理符任務。,0,183,5,0,0,0,0,0,0,0,0,35203,121,36,0,0,5,255,255,0,1,1,1,0
618,甲匠傳奇2,累計完成20種甲冑理符任務。,0,183,20,0,0,0,0,0,0,0,0,35203,122,36,0,0,5,255,255,0,1,1,1,0
619,甲匠傳奇3,累計完成40種甲冑理符任務。,0,183,40,0,0,0,0,0,0,0,0,35203,123,36,0,0,10,255,255,0,1,1,1,0
620,金匠傳奇1,累計完成5種金工理符任務。,0,184,5,0,0,0,0,0,0,0,0,35301,141,36,0,0,5,255,255,0,1,1,1,0
621,金匠傳奇2,累計完成20種金工理符任務。,0,184,20,0,0,0,0,0,0,0,0,35301,142,36,0,0,5,255,255,0,1,1,1,0
622,金匠傳奇3,累計完成40種金工理符任務。,0,184,40,0,0,0,0,0,0,0,0,35301,143,36,0,0,10,255,255,0,1,1,1,0
623,革匠傳奇1,累計完成5種皮革理符任務。,0,185,5,0,0,0,0,0,0,0,0,35404,161,36,0,0,5,255,255,0,1,1,1,0
624,革匠傳奇2,累計完成20種皮革理符任務。,0,185,20,0,0,0,0,0,0,0,0,35404,162,36,0,0,5,255,255,0,1,1,1,0
625,革匠傳奇3,累計完成40種皮革理符任務。,0,185,40,0,0,0,0,0,0,0,0,35404,163,36,0,0,10,255,255,0,1,1,1,0
626,衣匠傳奇1,累計完成5種裁縫理符任務。,0,186,5,0,0,0,0,0,0,0,0,35501,181,36,0,0,5,255,255,0,1,1,1,0
627,衣匠傳奇2,累計完成20種裁縫理符任務。,0,186,20,0,0,0,0,0,0,0,0,35501,182,36,0,0,5,255,255,0,1,1,1,0
628,衣匠傳奇3,累計完成40種裁縫理符任務。,0,186,40,0,0,0,0,0,0,0,0,35501,183,36,0,0,10,255,255,0,1,1,1,0
629,鍊金傳奇1,累計完成5種鍊金理符任務。,0,187,5,0,0,0,0,0,0,0,0,35604,201,36,0,0,5,255,255,0,1,1,1,0
630,鍊金傳奇2,累計完成20種鍊金理符任務。,0,187,20,0,0,0,0,0,0,0,0,35604,202,36,0,0,5,255,255,0,1,1,1,0
631,鍊金傳奇3,累計完成40種鍊金理符任務。,0,187,40,0,0,0,0,0,0,0,0,35604,203,36,0,0,10,255,255,0,1,1,1,0
632,廚師傳奇1,累計完成5種烹調理符任務。,0,188,5,0,0,0,0,0,0,0,0,35704,221,36,0,0,5,255,255,0,1,1,1,0
633,廚師傳奇2,累計完成20種烹調理符任務。,0,188,20,0,0,0,0,0,0,0,0,35704,222,36,0,0,5,255,255,0,1,1,1,0
634,廚師傳奇3,累計完成40種烹調理符任務。,0,188,40,0,0,0,0,0,0,0,0,35704,223,36,0,0,10,255,255,0,1,1,1,0
635,礦石傳奇1,累計完成5種採掘理符任務。,0,189,5,0,0,0,0,0,0,0,0,38003,241,36,0,0,5,255,255,0,1,1,1,0
636,礦石傳奇2,累計完成20種採掘理符任務。,0,189,20,0,0,0,0,0,0,0,0,38003,242,36,0,0,5,255,255,0,1,1,1,0
637,礦石傳奇3,累計完成40種採掘理符任務。,0,189,40,0,0,0,0,0,0,0,0,38003,243,36,0,0,10,255,255,0,1,1,1,0
638,草木傳奇1,累計完成5種園藝理符任務。,0,190,5,0,0,0,0,0,0,0,0,38103,261,36,0,0,5,255,255,0,1,1,1,0
639,草木傳奇2,累計完成20種園藝理符任務。,0,190,20,0,0,0,0,0,0,0,0,38103,262,36,0,0,5,255,255,0,1,1,1,0
640,草木傳奇3,累計完成40種園藝理符任務。,0,190,40,0,0,0,0,0,0,0,0,38103,263,36,0,0,10,255,255,0,1,1,1,0
641,漁民傳奇1,累計完成5種釣魚理符任務。,0,191,5,0,0,0,0,0,0,0,0,38203,281,36,0,0,5,255,255,0,1,1,1,0
642,漁民傳奇2,累計完成20種釣魚理符任務。,0,191,20,0,0,0,0,0,0,0,0,38203,282,36,0,0,5,255,255,0,1,1,1,0
643,漁民傳奇3,累計完成40種釣魚理符任務。,0,191,40,0,0,0,0,0,0,0,0,38203,283,36,0,0,10,255,255,0,1,1,1,0
644,行會特令1,累計完成3種行會令。,0,218,3,0,0,0,0,0,0,0,0,158,8,35,0,0,5,255,255,0,1,1,1,0
645,行會特令2,累計完成7種行會令。,0,218,7,0,0,0,0,0,0,0,0,158,9,35,0,0,5,255,255,0,1,1,1,0
646,行會特令3,累計完成14種行會令。,0,218,14,0,0,0,0,0,0,0,0,161,10,35,0,0,10,255,255,0,1,1,1,0
647,踏入中拉諾西亞,成功到達中拉諾西亞並點亮地圖。,0,15,0,0,0,0,0,0,0,0,0,1001,1,40,0,0,10,255,255,0,1,8,1,0
648,踏入拉諾西亞低地,成功到達拉諾西亞低地並點亮地圖。,0,16,0,0,0,0,0,0,0,0,0,1001,2,40,0,0,10,255,255,0,1,8,1,0
649,踏入東拉諾西亞,成功到達東拉諾西亞並點亮地圖。,0,17,0,0,0,0,0,0,0,0,0,1001,3,40,0,0,10,255,255,0,1,8,1,0
650,踏入西拉諾西亞,成功到達西拉諾西亞並點亮地圖。,0,18,0,0,0,0,0,0,0,0,0,1001,4,40,0,0,10,255,255,0,1,8,1,0
651,踏入拉諾西亞高地,成功到達拉諾西亞高地並點亮地圖。,0,19,0,0,0,0,0,0,0,0,0,1001,5,40,0,0,10,255,255,0,1,8,1,0
652,踏入西薩納蘭,成功到達西薩納蘭並點亮地圖。,0,20,0,0,0,0,0,0,0,0,0,1001,0,42,0,0,10,255,255,0,1,8,1,0
653,踏入中薩納蘭,成功到達中薩納蘭並點亮地圖。,0,21,0,0,0,0,0,0,0,0,0,1001,0,42,0,0,10,255,255,0,1,8,1,0
654,踏入東薩納蘭,成功到達東薩納蘭並點亮地圖。,0,22,0,0,0,0,0,0,0,0,0,1001,0,42,0,0,10,255,255,0,1,8,1,0
655,踏入南薩納蘭,成功到達南薩納蘭並點亮地圖。,0,23,0,0,0,0,0,0,0,0,0,1001,0,42,0,0,10,255,255,0,1,8,1,0
656,踏入北薩納蘭,成功到達北薩納蘭並點亮地圖。,0,24,0,0,0,0,0,0,0,0,0,1001,0,42,0,0,10,255,255,0,1,8,1,0
657,踏入黑衣森林中央林區,成功到達黑衣森林中央林區並點亮地圖。,0,4,0,0,0,0,0,0,0,0,0,1001,1,41,0,0,10,255,255,0,1,8,1,0
658,踏入黑衣森林東部林區,成功到達黑衣森林東部林區並點亮地圖。,0,5,0,0,0,0,0,0,0,0,0,1001,2,41,0,0,10,255,255,0,1,8,1,0
659,踏入黑衣森林南部林區,成功到達黑衣森林南部林區並點亮地圖。,0,6,0,0,0,0,0,0,0,0,0,1001,3,41,0,0,10,255,255,0,1,8,1,0
660,踏入黑衣森林北部林區,成功到達黑衣森林北部林區並點亮地圖。,0,7,0,0,0,0,0,0,0,0,0,1001,4,41,0,0,10,255,255,0,1,8,1,0
661,踏入庫爾札斯中央高地,成功到達庫爾札斯中央高地並點亮地圖。,0,53,0,0,0,0,0,0,0,0,0,1001,0,43,0,0,10,255,255,0,1,8,1,0
662,踏入摩杜納,成功到達摩杜納並點亮地圖。,0,25,0,0,0,0,0,0,0,0,0,1001,0,44,0,0,10,255,255,0,1,8,1,0
663,踏遍沙斯塔夏溶洞,成功探索沙斯塔夏溶洞的所有地區。,0,31,0,0,0,0,0,0,0,0,0,1001,1,49,0,0,10,255,255,0,1,8,1,0
664,踏遍布雷福洛克斯野營地,成功探索布雷福洛克斯野營地的所有地區。,0,45,0,0,0,0,0,0,0,0,0,1001,7,49,0,0,10,255,255,0,1,8,1,0
665,踏遍放浪神古神殿,成功探索放浪神古神殿的所有地區。,0,32,0,0,0,0,0,0,0,0,0,1001,13,49,0,0,10,255,255,0,1,8,1,0
666,踏遍銅鈴銅山,成功探索銅鈴銅山的所有地區。,0,34,0,0,0,0,0,0,0,0,0,1001,3,49,0,0,10,255,255,0,1,8,1,0
667,踏遍日影地修練所,成功探索日影地修練所的所有地區。,0,46,0,0,0,0,0,0,0,0,0,1001,4,49,0,0,10,255,255,0,1,8,1,0
668,踏遍喀恩埋沒聖堂,成功探索喀恩埋沒聖堂的所有地區。,0,42,0,0,0,0,0,0,0,0,0,1001,8,49,0,0,10,255,255,0,1,8,1,0
669,踏遍塔姆·塔拉墓園,成功探索塔姆·塔拉墓園的所有地區。,0,8,0,0,0,0,0,0,0,0,0,1001,2,49,0,0,10,255,255,0,1,8,1,0
670,踏遍靜語莊園,成功探索靜語莊園的所有地區。,0,48,0,0,0,0,0,0,0,0,0,1001,6,49,0,0,10,255,255,0,1,8,1,0
671,踏遍無限城古堡,成功探索無限城古堡的所有地區。,0,49,0,0,0,0,0,0,0,0,0,1001,16,49,0,0,10,255,255,0,1,8,1,0
672,踏遍石衛塔,成功探索石衛塔的所有地區。,0,37,0,0,0,0,0,0,0,0,0,1001,10,49,0,0,10,255,255,0,1,8,1,0
673,踏遍托托·拉克千獄,成功探索托托·拉克千獄的所有地區。,0,9,0,0,0,0,0,0,0,0,0,1001,5,49,0,0,10,255,255,0,1,8,1,0
674,踏遍樵鳴洞,成功探索樵鳴洞的所有地區。,0,52,0,0,0,0,0,0,0,0,0,1001,9,49,0,0,10,255,255,0,1,8,1,0
675,踏遍澤梅爾要塞,成功探索澤梅爾要塞的所有地區。,0,50,0,0,0,0,0,0,0,0,0,1001,11,49,0,0,10,255,255,0,1,8,1,0
676,踏遍黃金谷,成功探索黃金谷的所有地區。,0,38,0,0,0,0,0,0,0,0,0,1001,12,49,0,0,10,255,255,0,1,8,1,0
677,踏入拉諾西亞外地,成功到達拉諾西亞外地並點亮地圖。,0,30,0,0,0,0,0,0,0,0,0,1001,6,40,0,0,10,255,255,0,1,8,1,0
678,踏遍帝國南方堡,成功探索帝國南方堡的所有地區。,0,47,0,0,0,0,0,0,0,0,0,1001,14,49,0,0,10,255,255,0,1,8,1,0
679,踏遍天幕魔導城,成功探索天幕魔導城的所有地區。,0,56,0,0,0,0,0,0,0,0,0,1001,15,49,0,0,10,255,255,0,1,8,1,0
680,勇闖初級大迷宮1,挑戰巴哈姆特大迷宮邂逅之章，並成功探索第一階段所有地區。,0,57,0,0,0,0,0,0,0,0,0,1001,1004,49,0,0,10,255,255,0,1,8,35,0
681,勇闖初級大迷宮2,挑戰巴哈姆特大迷宮邂逅之章，並成功探索第二階段所有地區。,0,58,0,0,0,0,0,0,0,0,0,1001,1005,49,0,0,10,255,255,0,1,8,35,0
682,勇闖初級大迷宮3,挑戰巴哈姆特大迷宮邂逅之章，並成功探索第三階段所有地區。,0,62,0,0,0,0,0,0,0,0,0,1001,1006,49,0,0,10,255,255,0,1,8,35,0
683,,,0,0,0,0,0,0,0,0,0,0,0,0,0,0,0,0,0,255,255,0,1,0,1,0
684,勇闖初級大迷宮5,挑戰巴哈姆特大迷宮邂逅之章，並成功探索第五階段所有地區。,0,60,0,0,0,0,0,0,0,0,0,1001,1008,49,0,0,10,255,255,0,1,8,35,0
685,,,0,0,0,0,0,0,0,0,0,0,0,0,0,0,0,0,0,255,255,0,1,0,1,0
686,黑渦團傳奇1,累計完成5種黑渦團軍隊理符任務。,0,238,5,0,0,0,0,0,0,0,0,62951,0,51,0,0,5,255,255,0,1,1,1,0
687,黑渦團傳奇2,累計完成10種黑渦團軍隊理符任務。,0,238,10,0,0,0,0,0,0,0,0,62951,0,51,0,0,5,255,255,0,1,1,1,0
688,黑渦團傳奇3,累計完成15種黑渦團軍隊理符任務。,0,238,15,0,0,0,0,0,0,0,0,62951,0,51,0,0,10,255,255,0,1,1,1,0
689,雙蛇黨傳奇1,累計完成5種雙蛇黨軍隊理符任務。,0,239,5,0,0,0,0,0,0,0,0,62952,0,52,0,0,5,255,255,0,1,1,1,0
690,雙蛇黨傳奇2,累計完成10種雙蛇黨軍隊理符任務。,0,239,10,0,0,0,0,0,0,0,0,62952,0,52,0,0,5,255,255,0,1,1,1,0
691,雙蛇黨傳奇3,累計完成15種雙蛇黨軍隊理符任務。,0,239,15,0,0,0,0,0,0,0,0,62952,0,52,0,0,10,255,255,0,1,1,1,0
692,不滅隊傳奇1,累計完成5種不滅隊軍隊理符任務。,0,240,5,0,0,0,0,0,0,0,0,62953,0,53,0,0,5,255,255,0,1,1,1,0
693,不滅隊傳奇2,累計完成10種不滅隊軍隊理符任務。,0,240,10,0,0,0,0,0,0,0,0,62953,0,53,0,0,5,255,255,0,1,1,1,0
694,不滅隊傳奇3,累計完成15種不滅隊軍隊理符任務。,0,240,15,0,0,0,0,0,0,0,0,62953,0,53,0,0,10,255,255,0,1,1,1,0
695,專研木工筆記1,累計完成並標記30種製作筆記中的木工配方。,0,192,30,0,0,0,0,0,0,0,0,1524,21,24,0,0,5,255,255,0,1,1,1,0
696,專研木工筆記2,累計完成並標記50種製作筆記中的木工配方。,0,192,50,0,0,0,0,0,0,0,0,1524,22,24,0,0,5,255,255,0,1,1,1,0
697,專研木工筆記3,累計完成並標記100種製作筆記中的木工配方。,6127,192,100,0,0,0,0,0,0,0,0,1524,23,24,9,50,10,255,32,3,1,1,1,0
698,專研鍛造筆記1,累計完成並標記40種製作筆記中的鍛造配方。,0,193,40,0,0,0,0,0,0,0,0,1574,21,25,0,0,5,255,255,0,1,1,1,0
699,專研鍛造筆記2,累計完成並標記90種製作筆記中的鍛造配方。,0,193,90,0,0,0,0,0,0,0,0,1574,22,25,0,0,5,255,255,0,1,1,1,0
700,專研鍛造筆記3,累計完成並標記190種製作筆記中的鍛造配方。,6128,193,190,0,0,0,0,0,0,0,0,1574,23,25,10,50,10,255,33,3,1,1,1,0
701,專研甲胄筆記1,累計完成並標記30種製作筆記中的甲冑配方。,0,194,30,0,0,0,0,0,0,0,0,1625,21,26,0,0,5,255,255,0,1,1,1,0
702,專研甲胄筆記2,累計完成並標記70種製作筆記中的甲冑配方。,0,194,70,0,0,0,0,0,0,0,0,1625,22,26,0,0,5,255,255,0,1,1,1,0
703,專研甲胄筆記3,累計完成並標記160種製作筆記中的甲冑配方。,6129,194,160,0,0,0,0,0,0,0,0,1625,23,26,11,50,10,255,34,3,1,1,1,0
704,專研金工筆記1,累計完成並標記60種製作筆記中的金工配方。,0,195,60,0,0,0,0,0,0,0,0,1676,21,27,0,0,5,255,255,0,1,1,1,0
705,專研金工筆記2,累計完成並標記130種製作筆記中的金工配方。,0,195,130,0,0,0,0,0,0,0,0,1676,22,27,0,0,5,255,255,0,1,1,1,0
706,專研金工筆記3,累計完成並標記270種製作筆記中的金工配方。,6130,195,270,0,0,0,0,0,0,0,0,1676,23,27,12,50,10,255,35,3,1,1,1,0
707,專研皮革筆記1,累計完成並標記40種製作筆記中的皮革配方。,0,196,40,0,0,0,0,0,0,0,0,1724,21,28,0,0,5,255,255,0,1,1,1,0
708,專研皮革筆記2,累計完成並標記90種製作筆記中的皮革配方。,0,196,90,0,0,0,0,0,0,0,0,1724,22,28,0,0,5,255,255,0,1,1,1,0
709,專研皮革筆記3,累計完成並標記180種製作筆記中的皮革配方。,6131,196,180,0,0,0,0,0,0,0,0,1724,23,28,13,50,10,255,36,3,1,1,1,0
710,專研裁縫筆記1,累計完成並標記50種製作筆記中的裁縫配方。,0,197,50,0,0,0,0,0,0,0,0,1774,21,29,0,0,5,255,255,0,1,1,1,0
711,專研裁縫筆記2,累計完成並標記110種製作筆記中的裁縫配方。,0,197,110,0,0,0,0,0,0,0,0,1774,22,29,0,0,5,255,255,0,1,1,1,0
712,專研裁縫筆記3,累計完成並標記230種製作筆記中的裁縫配方。,6132,197,230,0,0,0,0,0,0,0,0,1774,23,29,14,50,10,255,37,3,1,1,1,0
713,專研鍊金筆記1,累計完成並標記30種製作筆記中的鍊金配方。,0,198,30,0,0,0,0,0,0,0,0,1825,21,30,0,0,5,255,255,0,1,1,1,0
714,專研鍊金筆記2,累計完成並標記60種製作筆記中的鍊金配方。,0,198,60,0,0,0,0,0,0,0,0,1825,22,30,0,0,5,255,255,0,1,1,1,0
715,專研鍊金筆記3,累計完成並標記110種製作筆記中的鍊金配方。,6133,198,110,0,0,0,0,0,0,0,0,1825,23,30,15,50,10,255,38,3,1,1,1,0
716,專研烹調筆記1,累計完成並標記30種製作筆記中的烹調配方。,0,199,30,0,0,0,0,0,0,0,0,1875,21,31,0,0,5,255,255,0,1,1,1,0
717,專研烹調筆記2,累計完成並標記60種製作筆記中的烹調配方。,0,199,60,0,0,0,0,0,0,0,0,1875,22,31,0,0,5,255,255,0,1,1,1,0
718,專研烹調筆記3,累計完成並標記120種製作筆記中的烹調配方。,6134,199,120,0,0,0,0,0,0,0,0,1875,23,31,16,50,10,255,39,3,1,1,1,0
719,專研採掘筆記1,累計採掘成功並標記15種採集筆記中記載的採掘師專屬素材。,0,200,15,0,0,0,0,0,0,0,0,1015,41,32,0,0,5,255,255,0,1,1,1,0
720,專研採掘筆記2,累計採掘成功並標記30種採集筆記中記載的採掘師專屬素材。,0,200,30,0,0,0,0,0,0,0,0,1015,42,32,0,0,5,255,255,0,1,1,1,0
721,專研採掘筆記3,累計採掘成功並標記50種採集筆記中記載的採掘師專屬素材。,6135,200,50,0,0,0,0,0,0,0,0,1015,43,32,17,50,10,255,40,3,1,1,1,0
722,專研採伐筆記1,累計採伐成功並標記25種採集筆記中記載的園藝師專屬素材。,0,201,25,0,0,0,0,0,0,0,0,1065,41,33,0,0,5,255,255,0,1,1,1,0
723,專研採伐筆記2,累計採伐成功並標記50種採集筆記中記載的園藝師專屬素材。,0,201,50,0,0,0,0,0,0,0,0,1065,42,33,0,0,5,255,255,0,1,1,1,0
724,專研採伐筆記3,累計採伐成功並標記100種採集筆記中記載的園藝師專屬素材。,6136,201,100,0,0,0,0,0,0,0,0,1065,43,33,18,50,10,255,41,3,1,1,1,0
725,專研釣魚筆記1,累計釣上並標記40種釣魚筆記中記載的物種。,0,202,40,0,0,0,0,0,0,0,0,1104,41,34,0,0,5,255,255,0,1,1,1,0
726,專研釣魚筆記2,累計釣上並標記80種釣魚筆記中記載的物種。,0,202,80,0,0,0,0,0,0,0,0,1104,42,34,0,0,5,255,255,0,1,1,1,0
727,專研釣魚筆記3,累計釣上並標記160種釣魚筆記中記載的物種。,6137,202,160,0,0,0,0,0,0,0,0,1104,43,34,19,50,10,255,42,3,1,1,1,0
728,專研劍術筆記,完成劍術士討伐筆記中的所有內容。,6119,0,0,0,0,0,0,0,0,0,0,62801,9,1,1,40,20,255,43,3,1,7,1,0
729,專研拳術筆記,完成格鬥士討伐筆記中的所有內容。,6120,1,0,0,0,0,0,0,0,0,0,62802,10,1,2,40,20,255,44,3,1,7,1,0
730,專研斧術筆記,完成斧術士討伐筆記中的所有內容。,6121,2,0,0,0,0,0,0,0,0,0,62803,11,1,3,40,20,255,45,3,1,7,1,0
731,專研槍術筆記,完成槍術士討伐筆記中的所有內容。,6122,3,0,0,0,0,0,0,0,0,0,62804,12,1,4,40,20,255,46,3,1,7,1,0
732,專研弓術筆記,完成弓術士討伐筆記中的所有內容。,6123,4,0,0,0,0,0,0,0,0,0,62805,13,1,5,40,20,255,47,3,1,7,1,0
733,專研幻術筆記,完成幻術士討伐筆記中的所有內容。,6124,5,0,0,0,0,0,0,0,0,0,62806,15,1,6,40,20,255,48,3,1,7,1,0
734,專研咒術筆記,完成咒術士討伐筆記中的所有內容。,6125,6,0,0,0,0,0,0,0,0,0,62807,16,1,7,40,20,255,49,3,1,7,1,0
735,專研巴術筆記,完成巴術士討伐筆記中的所有內容。,6126,7,0,0,0,0,0,0,0,0,0,62826,17,1,27,40,20,255,54,3,1,7,1,0
736,專研黑渦團筆記,完成黑渦團討伐筆記中的所有內容。,6167,8,0,0,0,0,0,0,0,0,0,62951,0,51,43,40,20,26,255,2,1,7,1,0
737,專研雙蛇黨筆記,完成雙蛇黨討伐筆記中的所有內容。,6168,9,0,0,0,0,0,0,0,0,0,62952,0,52,43,40,20,27,255,2,1,7,1,0
738,專研不滅隊筆記,完成不滅隊討伐筆記中的所有內容。,6169,10,0,0,0,0,0,0,0,0,0,62953,0,53,43,40,20,28,255,2,1,7,1,0
739,迷宮的信者1,成功突破5種迷宮或討伐殲滅戰。,0,216,5,0,0,0,0,0,0,0,0,801,1,2,0,0,5,255,255,0,1,1,1,0
740,迷宮的信者2,成功突破10種迷宮或討伐殲滅戰。,0,216,10,0,0,0,0,0,0,0,0,801,2,2,0,0,10,255,255,0,1,1,1,0
741,迷宮的信者3,成功突破20種迷宮或討伐殲滅戰。,0,216,20,0,0,0,0,0,0,0,0,801,3,2,0,0,20,255,255,0,1,1,1,0
742,迷宮的霸者1,累計突破10次迷宮或討伐殲滅戰。,0,215,10,0,0,0,0,0,0,0,0,151,7,2,0,0,5,255,255,0,1,1,1,0
743,迷宮的霸者2,累計突破30次迷宮或討伐殲滅戰。,0,215,30,0,0,0,0,0,0,0,0,151,8,2,0,0,5,255,255,0,1,1,1,0
744,迷宮的霸者3,累計突破100次迷宮或討伐殲滅戰。,0,215,100,0,0,0,0,0,0,0,0,151,9,2,0,0,5,255,255,0,1,1,1,0
745,迷宮的霸者4,累計突破300次迷宮或討伐殲滅戰。,0,215,300,0,0,0,0,0,0,0,109,151,10,2,43,15,10,255,255,0,1,1,1,0
746,偉大的探險家,累計突破1000次迷宮或討伐殲滅戰。,0,215,1000,0,0,0,0,0,0,0,0,151,11,2,0,0,20,255,255,0,1,1,1,0
747,稱霸大迷宮開端1,成功挑戰巴哈姆特大迷宮邂逅之章。,0,217,1,0,0,0,0,0,0,0,0,2682,0,4,0,0,5,255,255,0,1,1,35,0
748,稱霸大迷宮開端2,累計成功挑戰巴哈姆特大迷宮邂逅之章5次。,0,217,5,0,0,0,0,0,0,0,0,2682,0,4,0,0,10,255,255,0,1,1,35,0
749,稱霸大迷宮開端3,累計成功挑戰巴哈姆特大迷宮邂逅之章10次。,0,217,10,0,0,0,0,0,0,0,0,2682,0,4,0,0,20,255,255,0,1,1,35,0
750,木工專精1,累計做出優質木工製品100次。,0,203,100,0,0,0,0,0,0,0,0,35015,40,24,0,0,5,255,255,0,1,1,1,0
751,木工專精2,累計做出優質木工製品500次。,0,203,500,0,0,0,0,0,0,0,0,35015,41,24,0,0,5,255,255,0,1,1,1,0
752,木工專精3,累計做出優質木工製品3000次。,0,203,3000,0,0,0,0,0,0,0,0,35015,42,24,0,0,10,255,255,0,1,1,1,0
753,鍛造專精1,累計做出優質鍛造製品100次。,0,204,100,0,0,0,0,0,0,0,0,35114,40,25,0,0,5,255,255,0,1,1,1,0
754,鍛造專精2,累計做出優質鍛造製品500次。,0,204,500,0,0,0,0,0,0,0,0,35114,41,25,0,0,5,255,255,0,1,1,1,0
755,鍛造專精3,累計做出優質鍛造製品3000次。,0,204,3000,0,0,0,0,0,0,0,0,35114,42,25,0,0,10,255,255,0,1,1,1,0
756,甲胄專精1,累計做出優質甲冑製品100次。,0,205,100,0,0,0,0,0,0,0,0,35214,40,26,0,0,5,255,255,0,1,1,1,0
757,甲胄專精2,累計做出優質甲冑製品500次。,0,205,500,0,0,0,0,0,0,0,0,35214,41,26,0,0,5,255,255,0,1,1,1,0
758,甲胄專精3,累計做出優質甲冑製品3000次。,0,205,3000,0,0,0,0,0,0,0,0,35214,42,26,0,0,10,255,255,0,1,1,1,0
759,金工專精1,累計做出優質金工製品100次。,0,206,100,0,0,0,0,0,0,0,0,35313,40,27,0,0,5,255,255,0,1,1,1,0
760,金工專精2,累計做出優質金工製品500次。,0,206,500,0,0,0,0,0,0,0,0,35313,41,27,0,0,5,255,255,0,1,1,1,0
761,金工專精3,累計做出優質金工製品3000次。,0,206,3000,0,0,0,0,0,0,0,0,35313,42,27,0,0,10,255,255,0,1,1,1,0
762,皮革專精1,累計做出優質皮革製品100次。,0,207,100,0,0,0,0,0,0,0,0,35414,40,28,0,0,5,255,255,0,1,1,1,0
763,皮革專精2,累計做出優質皮革製品500次。,0,207,500,0,0,0,0,0,0,0,0,35414,41,28,0,0,5,255,255,0,1,1,1,0
764,皮革專精3,累計做出優質皮革製品3000次。,0,207,3000,0,0,0,0,0,0,0,0,35414,42,28,0,0,10,255,255,0,1,1,1,0
765,裁縫專精1,累計做出優質裁縫製品100次。,0,208,100,0,0,0,0,0,0,0,0,35514,40,29,0,0,5,255,255,0,1,1,1,0
766,裁縫專精2,累計做出優質裁縫製品500次。,0,208,500,0,0,0,0,0,0,0,0,35514,41,29,0,0,5,255,255,0,1,1,1,0
767,裁縫專精3,累計做出優質裁縫製品3000次。,0,208,3000,0,0,0,0,0,0,0,0,35514,42,29,0,0,10,255,255,0,1,1,1,0
768,鍊金專精1,累計做出優質鍊金製品100次。,0,209,100,0,0,0,0,0,0,0,0,35613,40,30,0,0,5,255,255,0,1,1,1,0
769,鍊金專精2,累計做出優質鍊金製品500次。,0,209,500,0,0,0,0,0,0,0,0,35613,41,30,0,0,5,255,255,0,1,1,1,0
770,鍊金專精3,累計做出優質鍊金製品3000次。,0,209,3000,0,0,0,0,0,0,0,0,35613,42,30,0,0,10,255,255,0,1,1,1,0
771,烹調專精1,累計做出優質烹調製品100次。,0,210,100,0,0,0,0,0,0,0,0,35716,40,31,0,0,5,255,255,0,1,1,1,0
772,烹調專精2,累計做出優質烹調製品500次。,0,210,500,0,0,0,0,0,0,0,0,35716,41,31,0,0,5,255,255,0,1,1,1,0
773,烹調專精3,累計做出優質烹調製品3000次。,0,210,3000,0,0,0,0,0,0,0,0,35716,42,31,0,0,10,255,255,0,1,1,1,0
774,採掘專精1,累計採掘到額外獎勵礦石素材300次。,0,211,300,0,0,0,0,0,0,0,0,38016,60,32,0,0,5,255,255,0,1,1,1,0
775,採掘專精2,累計採掘到額外獎勵礦石素材1500次。,0,211,1500,0,0,0,0,0,0,0,0,38016,61,32,0,0,5,255,255,0,1,1,1,0
776,採掘專精3,累計採掘到額外獎勵礦石素材10000次。,0,211,10000,0,0,0,0,0,0,0,0,38016,62,32,0,0,10,255,255,0,1,1,1,0
777,採伐專精1,累計採伐到額外獎勵草木素材300次。,0,212,300,0,0,0,0,0,0,0,0,38114,61,33,0,0,5,255,255,0,1,1,1,0
778,採伐專精2,累計採伐到額外獎勵草木素材1500次。,0,212,1500,0,0,0,0,0,0,0,0,38114,62,33,0,0,5,255,255,0,1,1,1,0
779,採伐專精3,累計採伐到額外獎勵草木素材10000次。,0,212,10000,0,0,0,0,0,0,0,0,38114,63,33,0,0,10,255,255,0,1,1,1,0
780,釣魚專精1,累計釣到大尺寸的魚100次。,0,213,100,0,0,0,0,0,0,0,0,38217,60,34,0,0,5,255,255,0,1,1,1,0
781,釣魚專精2,累計釣到大尺寸的魚500次。,0,213,500,0,0,0,0,0,0,0,0,38217,61,34,0,0,5,255,255,0,1,1,1,0
782,釣魚專精3,累計釣到大尺寸的魚3000次。,0,213,3000,0,0,0,0,0,0,0,0,38217,62,34,0,0,10,255,255,0,1,1,1,0
783,超越言語之壁,完成主線任務「從森林歸來」。,0,66282,0,0,0,0,0,0,0,0,0,26002,24,76,0,0,5,255,255,0,1,6,25,0
784,追蹤黑暗之影,完成主線任務「達爾坦庫爾家的悲劇」。,0,66337,0,0,0,0,0,0,0,0,0,26002,25,76,0,0,5,255,255,0,1,6,25,0
785,英雄的後繼者,完成主線任務「陰雲籠罩」。,0,66053,0,0,0,0,0,0,0,0,0,26002,26,76,0,0,5,255,255,0,1,6,25,0
786,自由的蒼翼,完成主線任務「石衛塔霸主」。,0,66488,0,0,0,0,0,0,0,0,0,26002,27,76,0,0,5,255,255,0,1,6,25,0
787,艾奧傑亞的希望,完成主線任務「暴虐風神迦樓羅」。,0,66055,0,0,0,0,0,0,0,0,0,26002,28,76,0,0,10,255,255,0,1,6,25,0
788,光之戰士,完成主線任務「超越幻想，究極武器」。,0,66060,70058,0,0,0,0,0,0,0,0,26002,29,76,0,0,20,255,255,0,1,9,25,0
789,述說傳奇之人1,累計完成10種任務。,0,214,10,0,0,0,0,0,0,0,0,26002,281,35,0,0,5,255,255,0,1,1,1,0
790,述說傳奇之人2,累計完成30種任務。,0,214,30,0,0,0,0,0,0,0,0,26002,282,35,0,0,10,255,255,0,1,1,1,0
791,述說傳奇之人3,累計完成100種任務。,0,214,100,0,0,0,0,0,0,0,0,26002,283,35,0,0,20,255,255,0,1,1,1,0
792,魔獸終結者,以最高評價完成F.A.T.E.事件「受傷的魔獸——凶惡巨獸」。,0,220,1,0,0,0,0,0,0,0,0,2629,18,1,0,0,10,255,255,0,1,1,1,0
793,鐵蹄的弒神者,以最高評價完成F.A.T.E.事件「上古鬥神——奧汀」。,0,221,1,0,0,0,0,0,0,0,0,2629,19,1,0,0,10,255,255,0,1,1,1,0
794,強殺奇美拉,以最高評價完成F.A.T.E.事件「狂暴巨獸——強化奇美拉」。,0,222,1,0,0,0,0,0,0,0,0,2629,20,1,0,0,10,255,255,0,1,1,1,0
795,史特羅佩斯之敵,以最高評價完成F.A.T.E.事件「歸來的復仇者——史特羅佩斯」。,0,223,1,0,0,0,0,0,0,0,0,2629,21,1,0,0,10,255,255,0,1,1,1,0
796,冥府引路人,以最高評價完成F.A.T.E.事件「死亡的假面——黃道巨蟹」。,0,224,1,0,0,0,0,0,0,0,0,2629,22,1,0,0,10,255,255,0,1,1,1,0
797,收割者剋星,以最高評價完成F.A.T.E.事件「無情的收割者——懶惰食腐獸勞倫斯」。,0,225,1,0,0,0,0,0,0,0,0,2629,23,1,0,0,10,255,255,0,1,1,1,0
798,傑出的異端審問官,以最高評價完成F.A.T.E.事件「救世神的活祭：妖異之章」。,0,226,1,0,0,0,0,0,0,0,0,2629,24,1,0,0,10,255,255,0,1,1,1,0
799,屠龍者,以最高評價完成F.A.T.E.事件「斯瓦拉的墜落」或「斯瓦拉的憤怒」。,0,227,1,0,0,0,0,0,0,0,0,2629,25,1,0,0,10,255,255,0,1,1,1,0
800,埋枝村的救世主,以最高評價完成F.A.T.E.事件「紅腹蜂巢佔領戰」、「紅腹蜂巢防衛戰」、「紅腹蜂巢迎擊戰」其中之一。,0,228,1,0,0,0,0,0,0,0,0,2629,26,1,0,0,10,255,255,0,1,1,1,0
801,跨天橋的英雄,以最高評價完成F.A.T.E.事件「跨天橋上的死鬥 迎擊納約克·秋」。,0,229,1,0,0,0,0,0,0,0,0,2629,27,1,0,0,10,255,255,0,1,1,1,0
802,保護弱女子,以最高評價完成F.A.T.E.事件「振興貧女材場 討伐猛獸」。,0,230,1,0,0,0,0,0,0,0,0,2629,28,1,0,0,10,255,255,0,1,1,1,0
803,命運中的危機1,成功完成10次F.A.T.E.事件。,0,219,10,0,0,0,0,0,0,0,0,3126,46,1,0,0,5,255,255,0,1,1,1,0
804,命運中的危機2,成功完成100次F.A.T.E.事件。,0,219,100,0,0,0,0,0,0,0,0,3126,47,1,0,0,5,255,255,0,1,1,1,0
805,命運中的危機3,成功完成300次F.A.T.E.事件。,0,219,300,0,0,0,0,0,0,0,0,3126,48,1,0,0,10,255,255,0,1,1,1,0
806,命運中的危機4,成功完成1000次F.A.T.E.事件。,0,219,1000,0,0,0,0,0,0,0,110,3126,49,1,47,1,10,255,255,0,1,1,1,0
807,命運之子,成功完成3000次F.A.T.E.事件。,6111,219,3000,0,0,0,0,0,0,0,0,3126,50,1,47,1,20,255,55,3,1,1,1,0
808,可靠的搭檔1,陸行鳥搭檔升為1級。,0,1,0,0,0,0,0,0,0,0,0,26012,60,1,0,0,5,255,255,0,1,10,1,0
809,可靠的搭檔2,陸行鳥搭檔升為5級。,0,5,0,0,0,0,0,0,0,0,0,26012,61,1,0,0,10,255,255,0,1,10,1,0
810,可靠的搭檔3,陸行鳥搭檔升為10級。,2994,10,0,0,0,0,0,0,0,0,0,26012,62,1,47,20,20,255,56,3,1,10,1,0
811,重生防爆組隊員,獲得夜暮夏裝或晨曦夏裝或條紋夏裝。,0,231,1,0,0,0,0,0,0,0,111,48905,1,38,0,0,10,255,255,0,1,1,1,0
812,大陸馬戲團的秘密,完成季節任務「守護天節的搗蛋鬧劇」。,0,66702,66706,66710,0,0,0,0,0,0,0,43579,2,38,0,0,10,255,255,0,1,9,1,0
813,黑渦凶狼1,黑渦團的PvP等級升到1級。,0,1,1,0,0,0,0,0,0,0,112,62951,1,7,43,30,5,255,255,0,1,11,1,0
814,黑渦凶狼2,黑渦團的PvP等級升到10級。,0,1,10,0,0,0,0,0,0,0,113,62951,2,7,43,30,5,255,255,0,1,11,1,0
815,黑渦凶狼3,黑渦團的PvP等級升到20級。,0,1,20,0,0,0,0,0,0,0,114,62951,3,7,43,30,5,255,255,0,1,11,1,0
816,黑渦凶狼4,黑渦團的PvP等級升到30級。,0,1,30,0,0,0,0,0,0,0,115,62951,4,7,43,30,5,255,255,0,1,11,1,0
817,黑渦凶狼5,黑渦團的PvP等級升到40級。,0,1,40,0,0,0,0,0,0,0,116,62951,5,7,43,30,5,255,255,0,1,11,1,0
818,黑渦凶狼6,黑渦團的PvP等級升到50級。,0,1,50,0,0,0,0,0,0,0,117,62951,6,7,43,30,5,255,255,0,1,11,1,0
819,,,0,0,0,0,0,0,0,0,0,0,0,0,0,0,0,0,0,0,0,0,0,0,0,0
820,,,0,0,0,0,0,0,0,0,0,0,0,0,0,0,0,0,0,0,0,0,0,0,0,0
821,,,0,0,0,0,0,0,0,0,0,0,0,0,0,0,0,0,0,0,0,0,0,0,0,0
822,,,0,0,0,0,0,0,0,0,0,0,0,0,0,0,0,0,0,0,0,0,0,0,0,0
823,不滅凶狼1,不滅隊的PvP等級升到1級。,0,3,1,0,0,0,0,0,0,0,132,62953,21,7,43,30,5,255,255,0,1,11,1,0
824,不滅凶狼2,不滅隊的PvP等級升到10級。,0,3,10,0,0,0,0,0,0,0,133,62953,22,7,43,30,5,255,255,0,1,11,1,0
825,不滅凶狼3,不滅隊的PvP等級升到20級。,0,3,20,0,0,0,0,0,0,0,134,62953,23,7,43,30,5,255,255,0,1,11,1,0
826,不滅凶狼4,不滅隊的PvP等級升到30級。,0,3,30,0,0,0,0,0,0,0,135,62953,24,7,43,30,5,255,255,0,1,11,1,0
827,不滅凶狼5,不滅隊的PvP等級升到40級。,0,3,40,0,0,0,0,0,0,0,136,62953,25,7,43,30,5,255,255,0,1,11,1,0
828,不滅凶狼6,不滅隊的PvP等級升到50級。,0,3,50,0,0,0,0,0,0,0,137,62953,26,7,43,30,5,255,255,0,1,11,1,0
829,,,0,0,0,0,0,0,0,0,0,0,0,0,0,0,0,0,0,0,0,0,0,0,0,0
830,,,0,0,0,0,0,0,0,0,0,0,0,0,0,0,0,0,0,0,0,0,0,0,0,0
831,,,0,0,0,0,0,0,0,0,0,0,0,0,0,0,0,0,0,0,0,0,0,0,0,0
832,,,0,0,0,0,0,0,0,0,0,0,0,0,0,0,0,0,0,0,0,0,0,0,0,0
833,雙蛇凶狼1,雙蛇黨的PvP等級升到1級。,0,2,1,0,0,0,0,0,0,0,122,62952,11,7,43,30,5,255,255,0,1,11,1,0
834,雙蛇凶狼2,雙蛇黨的PvP等級升到10級。,0,2,10,0,0,0,0,0,0,0,123,62952,12,7,43,30,5,255,255,0,1,11,1,0
835,雙蛇凶狼3,雙蛇黨的PvP等級升到20級。,0,2,20,0,0,0,0,0,0,0,124,62952,13,7,43,30,5,255,255,0,1,11,1,0
836,雙蛇凶狼4,雙蛇黨的PvP等級升到30級。,0,2,30,0,0,0,0,0,0,0,125,62952,14,7,43,30,5,255,255,0,1,11,1,0
837,雙蛇凶狼5,雙蛇黨的PvP等級升到40級。,0,2,40,0,0,0,0,0,0,0,126,62952,15,7,43,30,5,255,255,0,1,11,1,0
838,雙蛇凶狼6,雙蛇黨的PvP等級升到50級。,0,2,50,0,0,0,0,0,0,0,127,62952,16,7,43,30,5,255,255,0,1,11,1,0
839,,,0,0,0,0,0,0,0,0,0,0,0,0,0,0,0,0,0,0,0,0,0,0,0,0
840,,,0,0,0,0,0,0,0,0,0,0,0,0,0,0,0,0,0,0,0,0,0,0,0,0
841,,,0,0,0,0,0,0,0,0,0,0,0,0,0,0,0,0,0,0,0,0,0,0,0,0
842,,,0,0,0,0,0,0,0,0,0,0,0,0,0,0,0,0,0,0,0,0,0,0,0,0
843,獄中困狼1,初次在群狼困鬥、群狼盛宴或水晶衝突中參戰。,0,1,0,0,0,0,0,0,0,0,0,156,101,9,0,0,5,255,255,0,1,12,1,0
844,獄中困狼2,在群狼困鬥、群狼盛宴或水晶衝突中累計參戰50次。,0,50,0,0,0,0,0,0,0,0,0,156,102,9,0,0,5,255,255,0,1,12,1,0
845,獄中困狼3,在群狼困鬥、群狼盛宴或水晶衝突中累計參戰100次。,0,100,0,0,0,0,0,0,0,0,0,156,103,9,0,0,5,255,255,0,1,12,1,0
846,獄中困狼4,在群狼困鬥、群狼盛宴或水晶衝突中累計參戰500次。,0,500,0,0,0,0,0,0,0,0,0,156,104,9,0,0,5,255,255,0,1,12,1,0
847,獄中困狼5,在群狼困鬥、群狼盛宴或水晶衝突中累計參戰1000次。,0,1000,0,0,0,0,0,0,0,0,0,156,105,9,0,0,10,255,255,0,1,12,1,0
848,獄中古狼,在群狼困鬥、群狼盛宴或水晶衝突中累計參戰5000次。,0,5000,0,0,0,0,0,0,0,0,142,156,106,9,43,30,20,255,255,0,1,12,1,0
849,凶狼狂嘯1,在群狼困鬥、群狼盛宴或水晶衝突中取得初次勝利。,0,1,0,0,0,0,0,0,0,0,0,2555,201,9,0,0,5,255,255,0,1,13,1,0
850,凶狼狂嘯2,在群狼困鬥、群狼盛宴或水晶衝突中累計取勝50次。,0,50,0,0,0,0,0,0,0,0,0,2555,202,9,0,0,5,255,255,0,1,13,1,0
851,凶狼狂嘯3,在群狼困鬥、群狼盛宴或水晶衝突中累計取勝100次。,0,100,0,0,0,0,0,0,0,0,0,2555,203,9,0,0,5,255,255,0,1,13,1,0
852,凶狼狂嘯4,在群狼困鬥、群狼盛宴或水晶衝突中累計取勝500次。,0,500,0,0,0,0,0,0,0,0,0,2555,204,9,0,0,5,255,255,0,1,13,1,0
853,凶狼狂嘯5,在群狼困鬥、群狼盛宴或水晶衝突中累計取勝1000次。,0,1000,0,0,0,0,0,0,0,0,0,2555,205,9,0,0,10,255,255,0,1,13,1,0
854,狼王狂嘯,在群狼困鬥、群狼盛宴或水晶衝突中累計取勝5000次。,0,5000,0,0,0,0,0,0,0,0,143,2555,206,9,43,30,20,255,255,0,1,13,1,0
855,獄炎的弒神者,在極 伊弗利特殲滅戰中戰勝伊弗利特。,0,20008,0,0,0,0,0,0,0,0,0,317,1,3,0,0,10,255,255,0,1,14,1,0
856,狂風的弒神者,在極 迦樓羅殲滅戰中戰勝迦樓羅。,0,20010,0,0,0,0,0,0,0,0,0,317,2,3,0,0,10,255,255,0,1,14,1,0
857,厚土的弒神者,在極 泰坦殲滅戰中戰勝泰坦。,0,20009,0,0,0,0,0,0,0,0,0,317,3,3,0,0,10,255,255,0,1,14,1,0
858,令人銘記1,累計獲得10次最優隊員推薦。,0,244,10,0,0,0,0,0,0,0,144,2802,0,17,43,15,0,255,255,0,1,1,1,0
859,令人銘記2,累計獲得50次最優隊員推薦。,6989,244,50,0,0,0,0,0,0,0,0,2802,0,17,43,15,0,50,255,2,1,1,1,0
860,令人銘記3,累計獲得100次最優隊員推薦。,6110,244,100,0,0,0,0,0,0,0,0,2802,0,17,43,15,0,51,255,3,1,1,1,0
861,令人銘記4,累計獲得300次最優隊員推薦。,6995,244,300,0,0,0,0,0,0,0,0,2802,0,17,43,15,0,52,255,4,1,1,1,0
862,銘記不忘的隊友,累計獲得500次最優隊員推薦。,6993,244,500,0,0,0,0,0,0,0,0,2802,0,17,43,15,0,53,255,1,1,1,1,0
863,灰黨1,與蜥蜴人族的「灰黨」之間的關係程度到達1級「中立」。,0,1,1,0,0,0,0,0,0,0,0,62955,0,37,0,0,5,255,255,0,1,15,1,0
864,灰黨2,與蜥蜴人族的「灰黨」之間的關係程度到達2級「承認」。,0,1,2,0,0,0,0,0,0,0,0,62955,0,37,0,0,5,255,255,0,1,15,1,0
865,灰黨3,與蜥蜴人族的「灰黨」之間的關係程度到達3級「友好」。,0,1,3,0,0,0,0,0,0,0,0,62955,0,37,0,0,10,255,255,0,1,15,1,0
866,灰黨武人,與蜥蜴人族的「灰黨」之間的關係程度到達4級「信賴」。,0,1,4,0,0,0,0,0,0,0,145,62955,0,37,43,48,20,255,255,0,1,15,1,0
867,暫留地風精靈1,與風精靈族的「暫留地風精靈」之間的關係程度到達1級「中立」。,0,2,1,0,0,0,0,0,0,0,0,62956,0,37,0,0,5,255,255,0,1,15,1,0
868,暫留地風精靈2,與風精靈族的「暫留地風精靈」之間的關係程度到達2級「承認」。,0,2,2,0,0,0,0,0,0,0,0,62956,0,37,0,0,5,255,255,0,1,15,1,0
869,暫留地風精靈3,與風精靈族的「暫留地風精靈」之間的關係程度到達3級「友好」。,0,2,3,0,0,0,0,0,0,0,0,62956,0,37,0,0,10,255,255,0,1,15,1,0
870,風精靈之友,與風精靈族的「暫留地風精靈」之間的關係程度到達4級「信賴」。,0,2,4,0,0,0,0,0,0,0,146,62956,0,37,43,48,20,255,255,0,1,15,1,0
871,再次踏遍銅鈴銅山,成功探索銅鈴銅山（騷亂坑道）的所有地區。,0,140,0,0,0,0,0,0,0,0,0,1001,18,49,0,0,10,255,255,0,1,8,1,0
872,再次踏遍靜語莊園,成功探索靜語莊園（惡靈府邸）的所有地區。,0,137,0,0,0,0,0,0,0,0,0,1001,19,49,0,0,10,255,255,0,1,8,1,0
873,踏遍天狼星燈塔,成功探索天狼星燈塔的所有地區。,0,108,0,0,0,0,0,0,0,0,0,1001,17,49,0,0,10,255,255,0,1,8,1,0
874,永遠的雪人,獲得雪人帽、雪人服或雪人手套其中之一。,0,250,1,0,0,0,0,0,0,0,0,41184,3,38,0,0,10,255,255,0,1,1,1,0
875,看哪，有一匹灰馬,完成季節任務「降神祭的馬與鳥」。,0,66832,0,0,0,0,0,0,0,0,0,24113,4,38,0,0,10,255,255,0,1,6,1,0
876,愛情傳道士的助手,完成季節任務「戀人節永不結束」。,0,66837,0,0,0,0,0,0,0,0,0,42351,5,38,0,0,10,255,255,0,1,6,1,0
877,穿越時空的公主,完成季節任務「穿越時空的公主節」。,0,66843,0,0,0,0,0,0,0,0,0,59457,6,38,0,0,10,255,255,0,1,6,1,0
878,寶藏獵人1,累計3次成功解讀陳舊地圖G1並開啟寶箱。,0,245,3,0,0,0,0,0,0,0,0,115,1,6,0,0,5,255,255,0,1,1,1,0
879,寶藏獵人2,累計5次成功解讀陳舊地圖G2並開啟寶箱。,0,246,5,0,0,0,0,0,0,0,0,115,2,6,0,0,5,255,255,0,1,1,1,0
880,寶藏獵人3,累計10次成功解讀陳舊地圖G3並開啟寶箱。,0,247,10,0,0,0,0,0,0,0,0,115,3,6,0,0,5,255,255,0,1,1,1,0
881,寶藏獵人4,累計20次成功解讀陳舊地圖G4並開啟寶箱。,0,248,20,0,0,0,0,0,0,0,0,115,4,6,0,0,10,255,255,0,1,1,1,0
882,知名寶藏獵人,累計20次成功解讀陳舊地圖G5並開啟寶箱。,0,249,20,0,0,0,0,0,0,0,147,115,5,6,43,50,20,255,255,0,1,1,1,0
883,稱霸古代人迷宮,成功挑戰古代人迷宮。,0,30001,0,0,0,0,0,0,0,0,0,2697,0,4,0,0,10,255,255,0,1,14,39,0
884,踏遍古代人迷宮,成功探索古代人迷宮的所有地區。,0,71,0,0,0,0,0,0,0,0,0,1001,1001,49,0,0,10,255,255,0,1,8,39,0
885,過路聖人1,救助1位處於無法戰鬥狀態的非小隊隊友玩家。,0,251,1,0,0,0,0,0,0,0,0,411,63,1,0,0,5,255,255,0,1,1,1,0
886,過路聖人2,救助20位處於無法戰鬥狀態的非小隊隊友玩家。,0,251,20,0,0,0,0,0,0,0,0,411,64,1,0,0,10,255,255,0,1,1,1,0
887,稱霸第二大迷宮1,成功挑戰巴哈姆特大迷宮入侵之章。,0,266,1,0,0,0,0,0,0,0,0,2686,0,4,0,0,5,255,255,0,1,1,35,0
888,稱霸第二大迷宮2,累計成功挑戰巴哈姆特大迷宮入侵之章5次。,0,266,5,0,0,0,0,0,0,0,0,2686,0,4,0,0,10,255,255,0,1,1,35,0
889,稱霸第二大迷宮3,累計成功挑戰巴哈姆特大迷宮入侵之章10次。,0,266,10,0,0,0,0,0,0,0,0,2686,0,4,0,0,20,255,255,0,1,1,35,0
890,勇闖第二大迷宮1,挑戰巴哈姆特大迷宮入侵之章，並成功探索第一階段所有地區。,0,148,0,0,0,0,0,0,0,0,0,1001,1009,49,0,0,10,255,255,0,1,8,35,0
891,勇闖第二大迷宮2,挑戰巴哈姆特大迷宮入侵之章，並成功探索第二階段所有地區。,0,149,0,0,0,0,0,0,0,0,0,1001,1010,49,0,0,10,255,255,0,1,8,35,0
892,勇闖第二大迷宮3,挑戰巴哈姆特大迷宮入侵之章，並成功探索第三階段所有地區。,0,65,0,0,0,0,0,0,0,0,0,1001,1011,49,0,0,10,255,255,0,1,8,35,0
893,淵水的弒神者,在極 利維坦殲滅戰中戰勝利維坦。,0,20018,0,0,0,0,0,0,0,0,0,317,4,3,0,0,10,255,255,0,1,14,1,0
894,動亂的弒君者,在極王莫古爾·莫古XII世殲滅戰中戰勝極王莫古爾·莫古XII世。,0,20012,0,0,0,0,0,0,0,0,0,317,5,3,0,0,10,255,255,0,1,14,1,0
895,再次踏遍日影地修練所,成功探索日影地修練所（劍鬥領域）的所有地區。,0,145,0,0,0,0,0,0,0,0,0,1001,21,49,0,0,10,255,255,0,1,8,1,0
896,再次踏遍布雷福洛克斯野營地,成功探索布雷福洛克斯野營地（紛爭要地）的所有地區。,0,146,0,0,0,0,0,0,0,0,0,1001,22,49,0,0,10,255,255,0,1,8,1,0
897,踏遍無限城市街古跡,成功探索無限城市街古跡的所有地區。,0,151,0,0,0,0,0,0,0,0,0,1001,20,49,0,0,10,255,255,0,1,8,1,0
898,覺醒之境,完成任務「前往石之家」。,0,66729,66881,69414,69415,0,0,0,0,0,0,26002,30,76,0,0,20,255,255,0,1,9,25,0
899,混沌的漩渦,完成任務「混沌的漩渦」。,0,66899,0,0,0,0,0,0,0,0,0,26002,31,76,0,0,20,255,255,0,1,6,25,0
900,邂逅大迷宮,完成任務「第七靈災的真相」。,0,66696,66849,0,0,0,0,0,0,0,0,26002,221,35,0,0,10,255,255,0,1,9,1,0
901,入侵大迷宮,完成任務「真相與決定」。,0,66850,0,0,0,0,0,0,0,0,0,26002,222,35,0,0,20,255,255,0,1,6,1,0
902,挑戰釣場之王,完成任務「海川魚神」。,0,66966,0,0,0,0,0,0,0,0,150,26002,202,35,19,50,10,255,255,0,1,6,1,0
903,全新的獵蛋人,完成任務「獵蛋賢者」。,0,66956,0,0,0,0,0,0,0,0,0,58573,7,38,0,0,10,255,255,0,1,6,1,0
904,第789洞穴團1,與地靈族的「第789洞穴團」之間的關係程度到達1級「中立」。,0,3,1,0,0,0,0,0,0,0,0,62958,0,37,0,0,5,255,255,0,1,15,1,0
905,第789洞穴團2,與地靈族的「第789洞穴團」之間的關係程度到達2級「承認」。,0,3,2,0,0,0,0,0,0,0,0,62958,0,37,0,0,5,255,255,0,1,15,1,0
906,第789洞穴團3,與地靈族的「第789洞穴團」之間的關係程度到達3級「友好」。,0,3,3,0,0,0,0,0,0,0,0,62958,0,37,0,0,10,255,255,0,1,15,1,0
907,洞穴英雄,與地靈族的「第789洞穴團」之間的關係程度到達4級「信賴」。,0,3,4,0,0,0,0,0,0,0,148,62958,0,37,43,48,20,255,255,0,1,15,1,0
908,諾布一夥1,與魚人族的「諾布一夥」之間的關係程度到達1級「中立」。,0,4,1,0,0,0,0,0,0,0,0,62959,0,37,0,0,5,255,255,0,1,15,1,0
909,諾布一夥2,與魚人族的「諾布一夥」之間的關係程度到達2級「承認」。,0,4,2,0,0,0,0,0,0,0,0,62959,0,37,0,0,5,255,255,0,1,15,1,0
910,諾布一夥3,與魚人族的「諾布一夥」之間的關係程度到達3級「友好」。,0,4,3,0,0,0,0,0,0,0,0,62959,0,37,0,0,10,255,255,0,1,15,1,0
911,諾布家族,與魚人族的「諾布一夥」之間的關係程度到達4級「信賴」。,0,4,4,0,0,0,0,0,0,0,149,62959,0,37,43,48,20,255,255,0,1,15,1,0
912,僱員大探險1,僱員探險成功5次。,0,268,5,0,0,0,0,0,0,0,0,1069,41,12,0,0,5,255,255,0,1,1,1,0
913,僱員大探險2,僱員探險成功50次。,0,268,50,0,0,0,0,0,0,0,0,1069,42,12,0,0,5,255,255,0,1,1,1,0
914,僱員大探險3,僱員探險成功100次。,0,268,100,0,0,0,0,0,0,0,0,1069,43,12,0,0,10,255,255,0,1,1,1,0
915,探險精英,僱員探險成功500次。,0,268,500,0,0,0,0,0,0,0,0,1069,44,12,0,0,20,255,255,0,1,1,1,0
916,願者上鉤1,在新生、蒼天、紅蓮區域釣上釣場之王。,0,267,1,0,0,0,0,0,0,0,0,1102,70,34,0,0,5,255,255,0,1,1,1,0
917,願者上鉤2,在新生、蒼天、紅蓮區域釣上16種釣場之王。,0,267,16,0,0,0,0,0,0,0,0,1102,71,34,0,0,10,255,255,0,1,1,1,0
918,願者上鉤3,在新生、蒼天、紅蓮區域釣上37種釣場之王。,0,267,37,0,0,0,0,0,0,0,0,1102,72,34,0,0,20,255,255,0,1,1,1,0
919,騎士出征1,使用騎士挑戰高難度蠻神戰及大型任務共計50次。,0,277,50,0,0,0,0,0,0,0,151,2505,70,1,52,50,5,255,255,0,1,1,1,0
920,騎士出征2,使用騎士挑戰高難度蠻神戰及大型任務共計100次。,0,277,100,0,0,0,0,0,0,0,153,2505,71,1,52,50,10,255,255,0,1,1,1,0
921,頑強騎士,使用騎士挑戰高難度蠻神戰及大型任務共計200次。,7848,277,200,0,0,0,0,0,0,0,0,2505,72,1,52,50,20,255,57,1,1,1,1,0
922,戰士出征1,使用戰士挑戰高難度蠻神戰及大型任務共計50次。,0,278,50,0,0,0,0,0,0,0,152,2551,73,1,53,50,5,255,255,0,1,1,1,0
923,戰士出征2,使用戰士挑戰高難度蠻神戰及大型任務共計100次。,0,278,100,0,0,0,0,0,0,0,154,2551,74,1,53,50,10,255,255,0,1,1,1,0
924,勇猛戰士,使用戰士挑戰高難度蠻神戰及大型任務共計200次。,7849,278,200,0,0,0,0,0,0,0,0,2551,75,1,53,50,20,255,58,1,1,1,1,0
925,黃道之光,獲得任意一把「上古武器·魂靈」。,0,279,1,0,0,0,0,0,0,0,0,501,32,62,0,0,10,255,255,0,1,1,1,0
926,群星之光,獲得任意一把「上古武器·新星」。,0,280,1,0,0,0,0,0,0,0,0,501,33,62,0,0,10,255,255,0,1,1,1,0
927,天賜魔晶石,合成時產生了高一等級的魔晶石。,0,281,1,0,0,0,0,0,0,0,0,25911,40,23,0,0,10,255,255,0,1,1,1,0
928,初出茅廬的探索者,完成探索筆記中的項目1-20。,0,284,20,0,0,0,0,0,0,0,0,1019,61,39,0,0,5,255,255,0,1,1,1,0
929,見多識廣的探索者,完成探索筆記中的項目1-80。,6201,284,80,0,0,0,0,0,0,0,0,1019,62,39,47,50,10,255,59,2,1,1,1,0
930,紛爭不斷1,初次在紛爭前線中參戰。,0,1,0,0,0,0,0,0,0,0,0,259,1,10,0,0,5,255,255,0,1,17,1,0
931,紛爭不斷2,在紛爭前線中累計參戰30次。,0,30,0,0,0,0,0,0,0,0,0,259,2,10,0,0,5,255,255,0,1,17,1,0
932,紛爭不斷3,在紛爭前線中累計參戰50次。,0,50,0,0,0,0,0,0,0,0,0,259,3,10,0,0,5,255,255,0,1,17,1,0
933,紛爭不斷4,在紛爭前線中累計參戰100次。,0,100,0,0,0,0,0,0,0,0,0,259,4,10,0,0,5,255,255,0,1,17,1,0
934,紛爭不斷5,在紛爭前線中累計參戰300次。,0,300,0,0,0,0,0,0,0,0,155,259,5,10,43,30,10,255,255,0,1,17,1,0
935,身經千戰,在紛爭前線中累計參戰1000次。,0,1000,0,0,0,0,0,0,0,0,0,259,6,10,0,0,20,255,255,0,1,17,1,0
936,海都的凱旋1,在加入黑渦團的狀態下，參加紛爭前線的戰鬥並取得初次勝利。,0,1,1,0,0,0,0,0,0,0,0,62951,7,10,0,0,5,255,255,0,1,18,1,0
937,海都的凱旋2,在加入黑渦團的狀態下，參加紛爭前線的戰鬥並取得30次勝利。,0,1,30,0,0,0,0,0,0,0,0,62951,8,10,0,0,5,255,255,0,1,18,1,0
938,海都的凱旋3,在加入黑渦團的狀態下，參加紛爭前線的戰鬥並取得50次勝利。,0,1,50,0,0,0,0,0,0,0,0,62951,9,10,0,0,5,255,255,0,1,18,1,0
939,海都的凱旋4,在加入黑渦團的狀態下，參加紛爭前線的戰鬥並取得100次勝利。,8209,1,100,0,0,0,0,0,0,0,0,62951,10,10,43,30,5,255,60,1,1,18,1,0
940,海都的凱旋5,在加入黑渦團的狀態下，參加紛爭前線的戰鬥並取得300次勝利。,0,1,300,0,0,0,0,0,0,0,156,62951,11,10,43,30,10,255,255,0,1,18,1,0
941,紫龍骨勳章,在加入黑渦團的狀態下，參加紛爭前線的戰鬥並取得1000次勝利。,0,1,1000,0,0,0,0,0,0,0,0,62951,12,10,0,0,20,255,255,0,1,18,1,0
942,森都的凱旋1,在加入雙蛇黨的狀態下，參加紛爭前線的戰鬥並取得初次勝利。,0,2,1,0,0,0,0,0,0,0,0,62952,13,10,0,0,5,255,255,0,1,18,1,0
943,森都的凱旋2,在加入雙蛇黨的狀態下，參加紛爭前線的戰鬥並取得30次勝利。,0,2,30,0,0,0,0,0,0,0,0,62952,14,10,0,0,5,255,255,0,1,18,1,0
944,森都的凱旋3,在加入雙蛇黨的狀態下，參加紛爭前線的戰鬥並取得50次勝利。,0,2,50,0,0,0,0,0,0,0,0,62952,15,10,0,0,5,255,255,0,1,18,1,0
945,森都的凱旋4,在加入雙蛇黨的狀態下，參加紛爭前線的戰鬥並取得100次勝利。,8210,2,100,0,0,0,0,0,0,0,0,62952,16,10,43,30,5,255,61,1,1,18,1,0
946,森都的凱旋5,在加入雙蛇黨的狀態下，參加紛爭前線的戰鬥並取得300次勝利。,0,2,300,0,0,0,0,0,0,0,158,62952,17,10,43,30,10,255,255,0,1,18,1,0
947,黑檀葉勳章,在加入雙蛇黨的狀態下，參加紛爭前線的戰鬥並取得1000次勝利。,0,2,1000,0,0,0,0,0,0,0,0,62952,18,10,0,0,20,255,255,0,1,18,1,0
948,沙都的凱旋1,在加入不滅隊的狀態下，參加紛爭前線的戰鬥並取得初次勝利。,0,3,1,0,0,0,0,0,0,0,0,62953,19,10,0,0,5,255,255,0,1,18,1,0
949,沙都的凱旋2,在加入不滅隊的狀態下，參加紛爭前線的戰鬥並取得30次勝利。,0,3,30,0,0,0,0,0,0,0,0,62953,20,10,0,0,5,255,255,0,1,18,1,0
950,沙都的凱旋3,在加入不滅隊的狀態下，參加紛爭前線的戰鬥並取得50次勝利。,0,3,50,0,0,0,0,0,0,0,0,62953,21,10,0,0,5,255,255,0,1,18,1,0
951,沙都的凱旋4,在加入不滅隊的狀態下，參加紛爭前線的戰鬥並取得100次勝利。,8211,3,100,0,0,0,0,0,0,0,0,62953,22,10,43,30,5,255,62,1,1,18,1,0
952,沙都的凱旋5,在加入不滅隊的狀態下，參加紛爭前線的戰鬥並取得300次勝利。,0,3,300,0,0,0,0,0,0,0,157,62953,23,10,43,30,10,255,255,0,1,18,1,0
953,黃金天平章,在加入不滅隊的狀態下，參加紛爭前線的戰鬥並取得1000次勝利。,0,3,1000,0,0,0,0,0,0,0,0,62953,24,10,0,0,20,255,255,0,1,18,1,0
954,空中爭霸1,擊毀1架截擊無人機。,0,285,1,0,0,0,0,0,0,0,0,468,25,10,0,0,5,255,255,0,1,1,1,0
955,空中爭霸2,擊毀30架截擊無人機。,0,285,30,0,0,0,0,0,0,0,0,468,26,10,0,0,5,255,255,0,1,1,1,0
956,空中爭霸3,擊毀50架截擊無人機。,0,285,50,0,0,0,0,0,0,0,0,468,27,10,0,0,5,255,255,0,1,1,1,0
957,空中爭霸4,擊毀100架截擊無人機。,0,285,100,0,0,0,0,0,0,0,159,468,28,10,43,30,5,255,255,0,1,1,1,0
958,空中霸王,擊毀300架截擊無人機。,0,285,300,0,0,0,0,0,0,0,0,468,29,10,0,0,10,255,255,0,1,1,1,0
959,系統故障1,破壞1台截擊系統。,0,286,1,0,0,0,0,0,0,0,0,459,30,10,0,0,5,255,255,0,1,1,1,0
960,系統故障2,破壞5台截擊系統。,0,286,5,0,0,0,0,0,0,0,0,459,31,10,0,0,5,255,255,0,1,1,1,0
961,系統故障3,破壞10台截擊系統。,0,286,10,0,0,0,0,0,0,0,0,459,32,10,0,0,5,255,255,0,1,1,1,0
962,系統故障4,破壞20台截擊系統。,0,286,20,0,0,0,0,0,0,0,160,459,33,10,43,30,5,255,255,0,1,1,1,0
963,致命故障,破壞50台截擊系統。,0,286,50,0,0,0,0,0,0,0,0,459,34,10,0,0,10,255,255,0,1,1,1,0
964,密林狩獵新星,成功討伐在黑衣森林出現的4種B級危險標的怪物。,0,4,296,297,298,299,0,0,0,0,0,2684,1,5,0,0,5,255,255,0,1,5,1,0
965,黃沙狩獵新星,成功討伐在薩納蘭出現的5種B級危險標的怪物。,0,5,300,301,302,303,304,0,0,0,0,2684,2,5,0,0,5,255,255,0,1,5,1,0
966,碧海狩獵新星,成功討伐在拉諾西亞出現的6種B級危險標的怪物。,0,6,305,306,307,308,309,310,0,0,0,2684,3,5,0,0,5,255,255,0,1,5,1,0
967,雪山狩獵新星,成功討伐在庫爾札斯中央高地和摩杜納出現的2種B級危險標的怪物。,0,2,311,312,0,0,0,0,0,0,0,2684,4,5,0,0,5,255,255,0,1,5,1,0
968,令人期待的狩獵新星,完成「密林狩獵新星」、「黃沙狩獵新星」、「碧海狩獵新星」、「雪山狩獵新星」4種成就。,0,964,965,966,967,0,0,0,0,0,161,2684,5,5,43,50,10,255,255,0,2,2,1,0
969,密林狩獵行家,成功討伐在黑衣森林出現的4種A級危險標的怪物。,0,4,313,314,315,316,0,0,0,0,0,2680,6,5,0,0,5,255,255,0,1,5,1,0
970,黃沙狩獵行家,成功討伐在薩納蘭出現的5種A級危險標的怪物。,0,5,317,318,319,320,321,0,0,0,0,2680,7,5,0,0,5,255,255,0,1,5,1,0
971,碧海狩獵行家,成功討伐在拉諾西亞出現的6種A級危險標的怪物。,0,6,322,323,324,325,326,327,0,0,0,2680,8,5,0,0,5,255,255,0,1,5,1,0
972,雪山狩獵行家,成功討伐在庫爾札斯中央高地和摩杜納出現的2種A級危險標的怪物。,0,2,328,329,0,0,0,0,0,0,0,2680,9,5,0,0,5,255,255,0,1,5,1,0
973,技巧熟練的狩獵行家,完成「密林狩獵行家」、「黃沙狩獵行家」、「碧海狩獵行家」、「雪山狩獵行家」4種成就。,0,969,970,971,972,0,0,0,0,0,162,2680,10,5,43,50,10,255,255,0,2,2,1,0
974,密林狩獵大師,成功討伐在黑衣森林出現的4種S級危險標的怪物。,0,4,330,331,332,333,0,0,0,0,0,2732,11,5,0,0,5,255,255,0,1,5,1,0
975,黃沙狩獵大師,成功討伐在薩納蘭出現的5種S級危險標的怪物。,0,5,334,335,336,337,338,0,0,0,0,2732,12,5,0,0,5,255,255,0,1,5,1,0
976,碧海狩獵大師,成功討伐在拉諾西亞出現的6種S級危險標的怪物。,0,6,339,340,341,342,343,344,0,0,0,2732,13,5,0,0,5,255,255,0,1,5,1,0
977,雪山狩獵大師,成功討伐在庫爾札斯中央高地和摩杜納出現的2種S級危險標的怪物。,0,2,345,346,0,0,0,0,0,0,0,2732,14,5,0,0,5,255,255,0,1,5,1,0
978,聲名遠播的狩獵大師,完成「密林狩獵大師」、「黃沙狩獵大師」、「碧海狩獵大師」、「雪山狩獵大師」4種成就。,0,974,975,976,977,0,0,0,0,0,163,2732,15,5,43,50,10,255,255,0,2,2,1,0
979,B級精英殺手1,成功討伐10隻B級危險標的怪物。,0,290,10,0,0,0,0,0,0,0,0,2684,100,5,0,0,5,255,255,0,1,1,1,0
980,B級精英殺手2,成功討伐50隻B級危險標的怪物。,0,290,50,0,0,0,0,0,0,0,0,2684,101,5,0,0,5,255,255,0,1,1,1,0
981,B級精英殺手3,成功討伐300隻B級危險標的怪物。,0,290,300,0,0,0,0,0,0,0,164,2684,102,5,43,50,5,255,255,0,1,1,1,0
982,英名遠播的B級精英殺手,成功討伐1000隻B級危險標的怪物。,0,290,1000,0,0,0,0,0,0,0,0,2684,103,5,0,0,10,255,255,0,1,1,1,0
983,A級精英殺手1,成功討伐5隻A級危險標的怪物。,0,291,5,0,0,0,0,0,0,0,0,2680,120,5,0,0,5,255,255,0,1,1,1,0
984,A級精英殺手2,成功討伐30隻A級危險標的怪物。,0,291,30,0,0,0,0,0,0,0,0,2680,121,5,0,0,5,255,255,0,1,1,1,0
985,A級精英殺手3,成功討伐200隻A級危險標的怪物。,0,291,200,0,0,0,0,0,0,0,165,2680,122,5,43,50,5,255,255,0,1,1,1,0
986,英名遠播的A級精英殺手,成功討伐500隻A級危險標的怪物。,0,291,500,0,0,0,0,0,0,0,0,2680,123,5,0,0,10,255,255,0,1,1,1,0
987,S級精英殺手1,成功討伐3隻S級危險標的怪物。,0,292,3,0,0,0,0,0,0,0,0,2732,140,5,0,0,5,255,255,0,1,1,1,0
988,S級精英殺手2,成功討伐20隻S級危險標的怪物。,0,292,20,0,0,0,0,0,0,0,0,2732,141,5,0,0,5,255,255,0,1,1,1,0
989,S級精英殺手3,成功討伐200隻S級危險標的怪物。,0,292,200,0,0,0,0,0,0,0,166,2732,142,5,43,50,5,255,255,0,1,1,1,0
990,英名遠播的S級精英殺手,成功討伐500隻S級危險標的怪物。,0,292,500,0,0,0,0,0,0,0,0,2732,143,5,0,0,10,255,255,0,1,1,1,0
991,再次踏遍塔姆·塔拉墓園,成功探索塔姆·塔拉墓園（慘劇靈殿）的所有地區。,0,165,0,0,0,0,0,0,0,0,0,1001,24,49,0,0,10,255,255,0,1,8,1,0
992,再次踏遍石衛塔,成功探索石衛塔（激戰城塞）的所有地區。,0,157,0,0,0,0,0,0,0,0,0,1001,25,49,0,0,10,255,255,0,1,8,1,0
993,踏遍破艦島,成功探索破艦島的所有地區。,0,168,0,0,0,0,0,0,0,0,0,1001,23,49,0,0,10,255,255,0,1,8,1,0
994,獰雷的弒神者,在極 拉姆殲滅戰中戰勝拉姆。,0,20023,0,0,0,0,0,0,0,0,0,317,6,3,0,0,10,255,255,0,1,14,1,0
995,稱霸希爾科斯塔,成功挑戰希爾科斯塔。,0,30011,0,0,0,0,0,0,0,0,0,2697,0,4,0,0,10,255,255,0,1,14,39,0
996,踏遍希爾科斯塔,成功探索希爾科斯塔的所有地區。,0,158,0,0,0,0,0,0,0,0,0,1001,1002,49,0,0,10,255,255,0,1,8,39,0
997,殲滅大王花,在巴哈姆特零式大迷宮入侵之章1中戰勝大王花。,0,30012,0,0,0,0,0,0,0,0,167,2737,0,4,48,50,10,255,255,0,1,14,35,0
998,殲滅美瑠姬奴,在巴哈姆特零式大迷宮入侵之章2中戰勝美瑠姬奴。,0,30013,0,0,0,0,0,0,0,0,168,2737,0,4,48,50,10,255,255,0,1,14,35,0
999,殲滅降世化身,在巴哈姆特零式大迷宮入侵之章3中戰勝降世化身。,0,30014,0,0,0,0,0,0,0,0,169,2737,0,4,48,50,10,255,255,0,1,14,35,0
1000,殲滅白銀的凶鳥,在巴哈姆特零式大迷宮入侵之章4中戰勝奈爾·神·達納斯。,0,30015,0,0,0,0,0,0,0,0,170,2737,0,4,48,50,10,255,255,0,1,14,35,0
1001,艾奧傑亞的守護者,完成任務「艾奧傑亞的守護者」。,0,66996,0,0,0,0,0,0,0,0,174,26002,32,76,43,50,20,255,255,0,1,6,25,0
1002,超興奮的紅蓮祭,完成任務「紅蓮祭與委員長那不得不說的故事」。,0,67079,0,0,0,0,0,0,0,0,0,27001,8,38,0,0,10,255,255,0,1,6,1,0
1003,重生之花,完成任務「慶祝重生」。,0,67082,0,0,0,0,0,0,0,0,0,26107,9,38,0,0,10,255,255,0,1,6,1,0
1004,新人郵務士,完成任務「神出鬼沒的郵務士」。,0,67017,0,0,0,0,0,0,0,0,175,26002,262,35,43,50,10,255,255,0,1,6,1,0
1005,解謎超人,完成任務「瓦因博德的謎題」。,0,66973,0,0,0,0,0,0,0,0,0,26002,264,35,0,0,10,255,255,0,1,6,1,0
1006,分解技工1,成功分解道具50次。,0,294,50,0,0,0,0,0,0,0,0,26269,0,21,0,0,5,255,255,0,1,1,1,0
1007,分解技工2,成功分解道具200次。,0,294,200,0,0,0,0,0,0,0,0,26269,0,21,0,0,5,255,255,0,1,1,1,0
1008,分解技工3,成功分解道具500次。,0,294,500,0,0,0,0,0,0,0,0,26269,0,21,0,0,5,255,255,0,1,1,1,0
1009,分解技工4,成功分解道具1000次。,0,294,1000,0,0,0,0,0,0,0,0,26269,0,21,0,0,5,255,255,0,1,1,1,0
1010,分解技工5,成功分解道具2000次。,0,294,2000,0,0,0,0,0,0,0,0,26269,0,21,0,0,10,255,255,0,1,1,1,0
1011,大卸八塊,成功分解道具5000次。,0,294,5000,0,0,0,0,0,0,0,171,26269,0,21,44,30,10,255,255,0,1,1,1,0
1012,,,0,0,0,0,0,0,0,0,0,0,0,0,0,0,0,0,0,0,0,0,0,0,0,0
1013,,,0,0,0,0,0,0,0,0,0,0,0,0,0,0,0,0,0,0,0,0,0,0,0,0
1014,,,0,0,0,0,0,0,0,0,0,0,0,0,0,0,0,0,0,0,0,0,0,0,0,0
1015,願者上鉤4,在新生、蒼天、紅蓮區域釣上56種釣場之王。,0,267,56,0,0,0,0,0,0,0,0,1102,73,34,0,0,20,255,255,0,1,1,1,0
1016,願者上鉤5,在新生、蒼天、紅蓮區域釣上71種釣場之王。,0,267,71,0,0,0,0,0,0,0,0,1102,74,34,0,0,20,255,255,0,1,1,1,0
1017,願者上鉤6,在新生、蒼天、紅蓮區域釣上81種釣場之王。,0,267,81,0,0,0,0,0,0,0,0,1102,75,34,0,0,20,255,255,0,1,1,1,0
1018,願者上鉤7,在新生、蒼天、紅蓮區域釣上87種釣場之王。,0,267,87,0,0,0,0,0,0,0,0,1102,76,34,0,0,20,255,255,0,1,1,1,0
1019,秘寶獵人,累計20次成功解讀鞣革製的隱藏地圖並開啟寶箱。,0,293,20,0,0,0,0,0,0,0,173,25935,9,6,43,50,20,255,255,0,1,1,1,0
1020,陸行鳥訓練師,對其他玩家的陸行鳥進行30次訓練。,8571,287,30,0,0,0,0,0,0,0,0,903,81,12,47,20,5,255,63,4,1,1,1,0
1021,,,0,0,0,0,0,0,0,0,0,0,0,0,0,0,0,0,0,0,0,0,0,0,0,0
1022,長風空力團1,與鳥人族的「長風空力團」之間的關係程度到達1級「中立」。,0,5,1,0,0,0,0,0,0,0,0,62957,0,37,0,0,5,255,255,0,1,15,1,0
1023,長風空力團2,與鳥人族的「長風空力團」之間的關係程度到達3級「友好」。,0,5,3,0,0,0,0,0,0,0,0,62957,0,37,0,0,5,255,255,0,1,15,1,0
1024,長風空力團3,與鳥人族的「長風空力團」之間的關係程度到達5級「尊敬」。,0,5,5,0,0,0,0,0,0,0,0,62957,0,37,0,0,10,255,255,0,1,15,1,0
1025,長風同志,與鳥人族的「長風空力團」之間的關係程度到達7級「誓約」。,0,5,7,0,0,0,0,0,0,0,176,62957,0,37,44,18,20,255,255,0,1,15,1,0
1026,六族聯盟,完成任務「友誼地久天長」。,0,67009,0,0,0,0,0,0,0,0,177,60033,0,37,43,50,20,255,255,0,1,6,1,0
1027,大陸馬戲大遊行,完成任務「帶來歡笑的幸運魔咒」。,0,65774,0,0,0,0,0,0,0,0,0,41212,11,38,0,0,10,255,255,0,1,6,1,0
1028,鎮魂之光,獲得任意一把「上古武器·鎮魂」。,0,347,1,0,0,0,0,0,0,0,0,501,34,62,0,0,10,255,255,0,1,1,1,0
1029,寒冰的幻想,完成任務「寒冰的幻想」。,0,65625,0,0,0,0,0,0,0,0,183,26002,33,76,43,50,20,255,255,0,1,6,25,0
1030,大迷宮的真源,完成任務「真源永存於心」。,0,65580,0,0,0,0,0,0,0,0,178,26002,223,35,43,50,20,255,255,0,1,6,1,0
1031,揮竿降龍,完成任務「爆釣艾奧傑亞」。,0,65782,0,0,0,0,0,0,0,0,179,26002,261,35,19,50,30,255,255,0,1,6,1,0
1032,願者上鉤8,在新生、蒼天、紅蓮區域釣上94種釣場之王。,0,267,94,0,0,0,0,0,0,0,0,1102,77,34,0,0,20,255,255,0,1,1,1,0
1033,願者上鉤9,在新生、蒼天、紅蓮區域釣上100種釣場之王。,0,267,100,0,0,0,0,0,0,0,180,1102,78,34,19,50,20,255,255,0,1,1,1,0
1034,願者上鉤10,在新生、蒼天、紅蓮區域釣上106種釣場之王。,8717,267,106,0,0,0,0,0,0,0,0,1102,79,34,19,50,20,255,64,3,1,1,1,0
1035,令人難忘1,累計獲得1500次最優隊員推薦。,9317,244,1500,0,0,0,0,0,0,0,0,2802,0,17,43,15,0,255,67,3,1,1,1,0
1036,令人難忘2,累計獲得3000次最優隊員推薦。,9353,244,3000,0,0,0,0,0,0,0,0,2802,0,17,43,15,0,255,65,1,1,1,1,0
1037,再次踏遍喀恩埋沒聖堂,成功探索喀恩埋沒聖堂（甦醒遺跡）的所有地區。,0,182,0,0,0,0,0,0,0,0,0,1001,28,49,0,0,10,255,255,0,1,8,1,0
1038,再次踏遍沙斯塔夏溶洞,成功探索沙斯塔夏溶洞（逆轉要害）的所有地區。,0,169,0,0,0,0,0,0,0,0,0,1001,27,49,0,0,10,255,255,0,1,8,1,0
1039,踏遍披雪大冰壁,成功探索披雪大冰壁的所有地區。,0,174,0,0,0,0,0,0,0,0,0,1001,26,49,0,0,10,255,255,0,1,8,1,0
1040,稱霸最終大迷宮1,成功挑戰巴哈姆特大迷宮真源之章。,9352,348,1,0,0,0,0,0,0,0,0,2693,0,4,43,50,5,255,68,2,1,1,35,0
1041,稱霸最終大迷宮2,累計成功挑戰巴哈姆特大迷宮真源之章5次。,0,348,5,0,0,0,0,0,0,0,0,2693,0,4,0,0,10,255,255,0,1,1,35,0
1042,稱霸最終大迷宮3,累計成功挑戰巴哈姆特大迷宮真源之章10次。,0,348,10,0,0,0,0,0,0,0,0,2693,0,4,0,0,20,255,255,0,1,1,35,0
1043,勇闖最終大迷宮1,挑戰巴哈姆特大迷宮真源之章，並成功探索第一階段所有地區。,0,175,0,0,0,0,0,0,0,0,0,1001,1017,49,0,0,10,255,255,0,1,8,35,0
1044,勇闖最終大迷宮2,挑戰巴哈姆特大迷宮真源之章，並成功探索第二階段所有地區。,0,176,0,0,0,0,0,0,0,0,0,1001,1018,49,0,0,10,255,255,0,1,8,35,0
1045,嚴冰的弒神者,在極 濕婆殲滅戰中戰勝濕婆。,0,20025,0,0,0,0,0,0,0,0,0,317,7,3,0,0,10,255,255,0,1,14,1,0
1046,雙劍中的領悟1,將雙劍士升到10級。,0,29,10,0,0,0,0,0,0,0,0,33801,101,13,0,0,5,255,255,0,1,3,1,0
1047,雙劍中的領悟2,將雙劍士升到20級。,0,29,20,0,0,0,0,0,0,0,0,33801,102,13,0,0,5,255,255,0,1,3,1,0
1048,雙劍中的領悟3,將雙劍士升到30級。,0,29,30,0,0,0,0,0,0,0,0,33801,103,13,0,0,5,255,255,0,1,3,1,0
1049,雙劍中的領悟4,將雙劍士升到40級。,0,29,40,0,0,0,0,0,0,0,0,33801,104,13,0,0,5,255,255,0,1,3,1,0
1050,雙劍中的領悟5,將雙劍士升到50級。,0,29,50,0,0,0,0,0,0,0,0,33801,105,13,0,0,5,255,255,0,1,3,1,0
1051,專研雙劍筆記,完成雙劍士討伐筆記中的所有內容。,9381,11,0,0,0,0,0,0,0,0,0,62829,14,1,8,40,20,255,66,3,1,7,1,0
1052,東方之忍者,完成任務「師與徒」。,0,65770,0,0,0,0,0,0,0,0,0,26037,421,77,0,0,5,255,255,0,2,6,1,0
1053,吉光之忍者,完成任務「復甦的上古武器」，獲得吉光。,0,67115,0,0,0,0,0,0,0,0,182,33855,6,62,8,50,10,255,255,0,2,6,1,0
1054,重生的黃道武器,獲得任意一把「黃道武器」。,0,349,1,0,0,0,0,0,0,0,0,3226,1,63,0,0,10,255,255,0,1,1,1,0
1055,,,0,0,0,0,0,0,0,0,0,0,0,0,0,0,0,0,0,0,0,0,0,0,0,0
1056,聖人的追隨者,完成任務「你的微笑有如滿天星光」。,0,65890,0,0,0,0,0,0,0,0,0,41220,12,38,0,0,10,255,255,0,1,6,1,0
1057,愛意洋洋,完成任務「喜洋洋的降神祭」。,0,65823,0,0,0,0,0,0,0,0,0,59441,13,38,0,0,10,255,255,0,1,6,1,0
1058,黃道武器再鑄者,完成任務「大器晚成」。,0,65897,0,0,0,0,0,0,0,0,0,2516,641,35,0,0,10,255,255,0,1,6,1,0
1059,,,0,0,0,0,0,0,0,0,0,0,0,0,0,0,0,0,0,0,0,0,0,0,0,0
1060,撥雲見日,完成任務「希望之光」。,0,66031,0,0,0,0,0,0,0,0,184,26002,642,35,43,50,20,255,255,0,1,6,1,0
1061,命運之友,完成任務「隨風而逝的結局」。,0,66038,0,0,0,0,0,0,0,0,185,26002,643,35,43,50,20,255,255,0,1,6,1,0
1062,愛戀的帶路人,完成任務「戀人節永遠綻放」。,0,66083,0,0,0,0,0,0,0,0,186,58589,14,38,0,0,10,255,255,0,1,6,1,0
1063,天上麒麟,獲得麒麟魔笛。,0,65968,0,0,0,0,0,0,0,0,187,26039,20,19,43,50,20,255,255,0,1,6,1,0
1064,斬鐵劍·返,在奧汀殲滅戰中戰勝奧汀。,0,20027,0,0,0,0,0,0,0,0,188,317,8,3,43,50,10,255,255,0,1,14,1,0
1065,皇都鐵衛,在皇都伊修加爾德保衛戰中戰勝維剎普巨龍。,0,70127,65955,0,0,0,0,0,0,0,0,317,11,3,0,0,10,255,255,0,1,9,1,0
1066,劍之豪者,在真 吉爾伽美什殲滅戰中戰勝吉爾伽美什與恩奇都。,0,20030,0,0,0,0,0,0,0,0,0,317,9,3,0,0,10,255,255,0,1,14,1,0
1067,尊嚴王的末日,在那布里亞勒斯討伐戰中戰勝那布里亞勒斯。,0,20029,0,0,0,0,0,0,0,0,0,317,10,3,0,0,10,255,255,0,1,14,1,0
1068,稱霸暗之世界,成功挑戰暗之世界。,0,30020,0,0,0,0,0,0,0,0,0,2697,0,4,0,0,20,255,255,0,1,14,39,0
1069,踏遍暗之世界,成功探索暗之世界的所有地區。,0,184,0,0,0,0,0,0,0,0,0,1001,1003,49,0,0,10,255,255,0,1,8,39,0
1070,再次踏遍無限城古堡,成功探索無限城古堡（邪念妖地）的所有地區。,0,189,0,0,0,0,0,0,0,0,0,1001,31,49,0,0,10,255,255,0,1,8,1,0
1071,再次踏遍放浪神古神殿,成功探索放浪神古神殿（武裝聖域）的所有地區。,0,188,0,0,0,0,0,0,0,0,0,1001,30,49,0,0,10,255,255,0,1,8,1,0
1072,踏遍密約之塔,成功探索密約之塔的所有地區。,0,201,0,0,0,0,0,0,0,0,0,1001,29,49,0,0,10,255,255,0,1,8,1,0
1073,戰果輝煌1,在紛爭前線中擊倒1名敵兵。,0,362,1,0,0,0,0,0,0,0,0,2555,35,10,0,0,5,255,255,0,1,1,1,0
1074,戰果輝煌2,在紛爭前線中擊倒100名敵兵。,0,362,100,0,0,0,0,0,0,0,0,2555,36,10,0,0,5,255,255,0,1,1,1,0
1075,戰果輝煌3,在紛爭前線中擊倒500名敵兵。,0,362,500,0,0,0,0,0,0,0,0,2555,37,10,0,0,5,255,255,0,1,1,1,0
1076,戰果輝煌4,在紛爭前線中擊倒1000名敵兵。,0,362,1000,0,0,0,0,0,0,0,189,2555,38,10,43,30,10,255,255,0,1,1,1,0
1077,戰場的支配者,在紛爭前線中擊倒5000名敵兵。,0,362,5000,0,0,0,0,0,0,0,190,2555,39,10,43,30,20,255,255,0,1,1,1,0
1078,能工巧匠的追求,獲得任意一把能工巧匠的華光主手工具。,0,367,1,0,0,0,0,0,0,0,191,35015,21,19,44,50,10,255,255,0,1,1,1,0
1079,大地使者的追求,獲得任意一把大地使者的華光主手工具。,0,368,1,0,0,0,0,0,0,0,192,38016,22,19,45,50,10,255,255,0,1,1,1,0
1080,黃道勇士復活,完成任務「黃道無雙」。,0,66097,67823,0,0,0,0,0,0,0,0,26002,644,35,0,0,20,255,255,0,1,9,1,0
1081,本我覺醒,獲得任意一把「黃道武器·本我」。,0,350,1,0,0,0,0,0,0,0,193,3226,2,63,43,50,20,255,255,0,1,1,1,0
1082,傳統人偶重現世間,完成任務「公主節的父女親情」。,0,66037,0,0,0,0,0,0,0,0,194,54911,15,38,0,0,10,255,255,0,1,6,1,0
1083,黃金之夢1,"透過遊樂園設施獲得1000枚金碟幣。
不包括從金碟幣兌換員和卡片兌換員兌換到的數量，也不包括使用金碟卡及完成挑戰筆記獲得的數量。",0,356,1000,0,0,0,0,0,0,0,195,26001,1,18,47,15,5,255,255,0,1,1,1,0
1084,黃金之夢2,"透過遊樂園設施獲得10000枚金碟幣。
不包括從金碟幣兌換員和卡片兌換員兌換到的數量，也不包括使用金碟卡及完成挑戰筆記獲得的數量。",0,356,10000,0,0,0,0,0,0,0,0,26001,2,18,0,0,5,255,255,0,1,1,1,0
1085,黃金之夢3,"透過遊樂園設施獲得100000枚金碟幣。
不包括從金碟幣兌換員和卡片兌換員兌換到的數量，也不包括使用金碟卡及完成挑戰筆記獲得的數量。",0,356,100000,0,0,0,0,0,0,0,0,26001,3,18,0,0,5,255,255,0,1,1,1,0
1086,黃金之夢4,"透過遊樂園設施獲得1000000枚金碟幣。
不包括從金碟幣兌換員和卡片兌換員兌換到的數量，也不包括使用金碟卡及完成挑戰筆記獲得的數量。",0,356,1000000,0,0,0,0,0,0,0,0,26001,4,18,0,0,10,255,255,0,1,1,1,0
1087,黃金之夢5,"透過遊樂園設施獲得10000000枚金碟幣。
不包括從金碟幣兌換員和卡片兌換員兌換到的數量，也不包括使用金碟卡及完成挑戰筆記獲得的數量。",0,356,10000000,0,0,0,0,0,0,0,0,26001,5,18,0,0,10,255,255,0,1,1,1,0
1088,紙醉金迷,完成「鳥到成功」、「人定勝天」、「算無遺策」、「命運臨門3」、「神閃避3」、「仙風道骨」、「奇光異彩」7種成就。,0,1099,1110,1114,1117,1120,1124,1128,0,0,196,2601,6,18,47,15,20,255,255,0,2,2,1,0
1089,雛鳥展翅,透過配種獲得新陸行鳥。,0,359,1,0,0,0,0,0,0,0,197,27645,10,18,47,15,5,255,255,0,1,1,1,0
1090,血氣方剛,獲得一隻9級或更高級血統的新陸行鳥,10065,360,1,0,0,0,0,0,0,0,0,27645,11,18,47,15,5,255,69,3,1,1,1,0
1091,練鳥師,培養出一隻285羽力以上的競賽陸行鳥。,0,361,1,0,0,0,0,0,0,0,198,27647,12,18,47,15,5,255,255,0,1,1,1,0
1092,陸行鳥騎手1,參加陸行鳥競賽。,0,357,1,0,0,0,0,0,0,0,199,27641,20,18,47,15,5,255,255,0,1,1,1,0
1093,陸行鳥騎手2,累計參加100次陸行鳥競賽。,0,357,100,0,0,0,0,0,0,0,0,27641,21,18,0,0,5,255,255,0,1,1,1,0
1094,陸行鳥騎手3,累計參加300次陸行鳥競賽。,0,357,300,0,0,0,0,0,0,0,200,27641,22,18,47,15,5,255,255,0,1,1,1,0
1095,陸行鳥騎手4,累計參加3000次陸行鳥競賽。,0,357,3000,0,0,0,0,0,0,0,201,27641,23,18,47,15,10,255,255,0,1,1,1,0
1096,一鳥當先1,在陸行鳥競賽中取得勝利。,0,358,1,0,0,0,0,0,0,0,0,27646,30,18,0,0,5,255,255,0,1,1,1,0
1097,一鳥當先2,在陸行鳥競賽中累計取得10次勝利。,0,358,10,0,0,0,0,0,0,0,0,27646,31,18,0,0,5,255,255,0,1,1,1,0
1098,一鳥當先3,在陸行鳥競賽中累計取得50次勝利。,0,358,50,0,0,0,0,0,0,0,0,27646,32,18,0,0,5,255,255,0,1,1,1,0
1099,鳥到成功,在陸行鳥競賽中累計取得500次勝利。,0,358,500,0,0,0,0,0,0,0,202,27646,33,18,47,15,10,255,255,0,1,1,1,0
1100,九宮卡手1,獲得九宮幻卡。,0,352,1,0,0,0,0,0,0,0,0,27661,40,18,0,0,5,255,255,0,1,1,1,0
1101,九宮卡手2,獲得30種九宮幻卡。,0,352,30,0,0,0,0,0,0,0,203,27661,41,18,47,15,5,255,255,0,1,1,1,0
1102,九宮卡手3,獲得60種九宮幻卡。,0,352,60,0,0,0,0,0,0,0,204,27661,42,18,47,15,10,255,255,0,1,1,1,0
1103,街頭決鬥者1,與NPC角色進行九宮幻卡對局並取得勝利。,0,353,1,0,0,0,0,0,0,0,0,3564,50,18,0,0,5,255,255,0,1,1,1,0
1104,街頭決鬥者2,與30位NPC角色進行九宮幻卡對局並取得勝利。,9846,353,30,0,0,0,0,0,0,0,0,3564,51,18,47,15,10,255,70,4,1,1,1,0
1105,成事在天1,在九宮幻卡對局中以對局規則「天選」取得勝利。,0,354,1,0,0,0,0,0,0,0,0,27661,60,18,0,0,5,255,255,0,1,1,1,0
1106,成事在天2,在九宮幻卡對局中以對局規則「天選」取得累計10場勝利。,0,354,10,0,0,0,0,0,0,0,0,27661,61,18,0,0,5,255,255,0,1,1,1,0
1107,成事在天3,在九宮幻卡對局中以對局規則「天選」取得累計30場勝利。,0,354,30,0,0,0,0,0,0,0,0,27661,62,18,0,0,5,255,255,0,1,1,1,0
1108,成事在天4,在九宮幻卡對局中以對局規則「天選」取得累計100場勝利。,0,354,100,0,0,0,0,0,0,0,0,27661,63,18,0,0,5,255,255,0,1,1,1,0
1109,成事在天5,在九宮幻卡對局中以對局規則「天選」取得累計300場勝利。,9850,354,300,0,0,0,0,0,0,0,0,27661,64,18,47,15,5,255,71,4,1,1,1,0
1110,人定勝天,在九宮幻卡對局中以對局規則「天選」取得累計1000場勝利。,0,354,1000,0,0,0,0,0,0,0,205,27661,65,18,47,15,10,255,255,0,1,1,1,0
1111,神機妙算1,在九宮幻卡大賽中取得勝利。,0,355,1,0,0,0,0,0,0,0,0,27661,70,18,0,0,5,255,255,0,1,1,1,0
1112,神機妙算2,在九宮幻卡大賽中累計取得10場勝利。,0,355,10,0,0,0,0,0,0,0,0,27661,71,18,0,0,5,255,255,0,1,1,1,0
1113,神機妙算3,在九宮幻卡大賽中累計取得30場勝利。,9849,355,30,0,0,0,0,0,0,0,0,27661,72,18,47,15,5,255,72,4,1,1,1,0
1114,算無遺策,在九宮幻卡大賽中累計取得100場勝利。,0,355,100,0,0,0,0,0,0,0,206,27661,73,18,47,15,10,255,255,0,1,1,1,0
1115,命運臨門1,完成G.A.T.E.事件。,0,363,1,0,0,0,0,0,0,0,0,2801,80,18,0,0,5,255,255,0,1,1,1,0
1116,命運臨門2,完成30次G.A.T.E.事件。,0,363,30,0,0,0,0,0,0,0,0,2801,81,18,0,0,5,255,73,0,1,1,1,0
1117,命運臨門3,完成100次G.A.T.E.事件。,0,363,100,0,0,0,0,0,0,0,207,2801,82,18,47,15,10,255,255,0,1,1,1,0
1118,神閃避1,完成G.A.T.E.事件「暴風倖存者」。,0,364,1,0,0,0,0,0,0,0,0,3251,90,18,0,0,5,255,74,0,1,1,1,0
1119,神閃避2,累計完成5次G.A.T.E.事件「暴風倖存者」。,0,364,5,0,0,0,0,0,0,0,0,3251,91,18,0,0,5,255,255,0,1,1,1,0
1120,神閃避3,累計完成10次G.A.T.E.事件「暴風倖存者」。,0,364,10,0,0,0,0,0,0,0,208,3251,92,18,47,15,10,255,255,0,1,1,1,0
1121,仙人指路1,購買仙人仙彩並贏得金碟幣。,0,365,1,0,0,0,0,0,0,0,0,26112,100,18,0,0,5,255,255,0,1,1,1,0
1122,仙人指路2,透過仙人仙彩累計獲得10000金碟幣。,0,365,10000,0,0,0,0,0,0,0,0,26112,101,18,0,0,5,255,75,0,1,1,1,0
1123,仙人指路3,透過仙人仙彩累計獲得500000金碟幣。,0,365,500000,0,0,0,0,0,0,0,0,26112,102,18,0,0,5,255,255,0,1,1,1,0
1124,仙風道骨,透過仙人仙彩累計獲得1000000金碟幣。,0,365,1000000,0,0,0,0,0,0,0,209,26112,103,18,47,15,10,255,255,0,1,1,1,0
1125,五彩繽紛1,購買仙人微彩並贏得金碟幣。,0,366,1,0,0,0,0,0,0,0,0,26111,110,18,0,0,5,255,255,0,1,1,1,0
1126,五彩繽紛2,透過仙人微彩累計獲得10000金碟幣。,0,366,10000,0,0,0,0,0,0,0,0,26111,111,18,0,0,5,255,76,0,1,1,1,0
1127,五彩繽紛3,透過仙人微彩累計獲得500000金碟幣。,0,366,500000,0,0,0,0,0,0,0,0,26111,112,18,0,0,5,255,255,0,1,1,1,0
1128,奇光異彩,透過仙人微彩累計獲得1000000金碟幣。,0,366,1000000,0,0,0,0,0,0,0,210,26111,113,18,47,15,10,255,255,0,1,1,1,0
1129,希望的燈火,完成任務「希望的燈火」。,0,65964,0,0,0,0,0,0,0,0,211,26002,34,76,43,50,20,255,255,0,1,6,25,0
1130,光之郵務士,完成任務「一切為了送信」。,0,65898,0,0,0,0,0,0,0,0,212,26002,263,35,43,50,10,255,255,0,1,6,1,0
1131,尋找巨大彩蛋,完成任務「尋蛋趣與夢中蛋」。,0,66095,0,0,0,0,0,0,0,0,213,55318,16,38,0,0,10,255,255,0,1,6,1,0
1132,英雄凱旋,加入紛爭前線的黑渦團、雙蛇黨、不滅隊任一部隊並取得200次勝利。,10081,200,0,0,0,0,0,0,0,0,0,2601,40,10,43,30,10,255,77,1,1,19,1,0
1133,聖教首腦,完成任務「教皇托爾丹七世」。,0,67134,0,0,0,0,0,0,0,0,214,26002,35,76,43,50,20,255,255,0,1,6,26,0
1134,越獄,完成任務「永恆的光輝」。,0,67137,0,0,0,0,0,0,0,0,215,26002,36,76,43,51,20,255,255,0,1,6,26,0
1135,皇都騷亂,完成任務「皇都騷動」。,0,67172,0,0,0,0,0,0,0,0,216,26002,37,76,43,56,20,255,255,0,1,6,26,0
1136,革命,完成任務「真正的變革」。,0,67177,0,0,0,0,0,0,0,0,217,26002,38,76,43,57,20,255,255,0,1,6,26,0
1137,心中信念,完成任務「集信念於胸中」。,0,67185,0,0,0,0,0,0,0,0,218,26002,39,76,43,57,20,255,255,0,1,6,26,0
1138,點亮希望,完成任務「燃燒的希望」。,0,67198,0,0,0,0,0,0,0,0,219,26002,40,76,43,59,20,255,255,0,1,6,26,0
1139,蒼天伊修加爾德,完成任務「蒼天伊修加爾德」。,0,67205,0,0,0,0,0,0,0,0,220,26002,41,76,43,60,20,255,255,0,1,6,26,0
1140,※ManHvs801,※ManHvs801をコンプリート,0,0,0,0,0,0,0,0,0,0,0,0,32,0,0,0,20,255,255,0,0,0,1,0
1141,聖劍之騎士,完成任務「真正的騎士」。,0,67573,0,0,0,0,0,0,0,0,222,26003,322,77,20,60,5,255,255,0,2,6,1,0
1142,陰陽之武僧,完成任務「力量與責任」。,0,67567,0,0,0,0,0,0,0,0,223,26004,342,77,21,60,5,255,255,0,2,6,1,0
1143,上古之戰士,完成任務「為保護一切的亂擊」。,0,66137,0,0,0,0,0,0,0,0,224,26005,362,77,22,60,5,255,255,0,2,6,1,0
1144,蒼天之龍騎士,完成任務「誓言與槍同在」。,0,67231,0,0,0,0,0,0,0,0,225,26006,382,77,23,60,5,255,255,0,2,6,1,0
1145,天空之吟遊詩人,完成任務「終焉的戰歌」。,0,67254,0,0,0,0,0,0,0,0,226,26007,402,77,24,60,5,255,255,0,2,6,1,0
1146,純白之白魔道士,完成任務「治癒之手」。,0,67261,0,0,0,0,0,0,0,0,227,26008,442,77,25,60,5,255,255,0,2,6,1,0
1147,漆黑之黑魔道士,完成任務「破壞的烈焰，治癒的清流」。,0,67219,0,0,0,0,0,0,0,0,228,26009,462,77,26,60,5,255,255,0,2,6,1,0
1148,龍神之召喚士,完成任務「破除黑暗，綻放光明」。,0,67641,0,0,0,0,0,0,0,0,229,26010,482,77,28,60,5,255,255,0,2,6,1,0
1149,新生之學者,完成任務「新時代的海兵團」。,0,67212,0,0,0,0,0,0,0,0,230,26011,502,77,29,60,5,255,255,0,2,6,1,0
1150,悟道之忍者,完成任務「雪與雨」。,0,67224,0,0,0,0,0,0,0,0,231,26037,422,77,30,60,5,255,255,0,2,6,1,0
1151,皇都之暗黑騎士,完成任務「英雄的幻影」。,0,67594,0,0,0,0,0,0,0,0,0,26040,521,77,0,0,5,255,255,0,2,6,1,0
1152,皇都之機工士,完成任務「賭上名譽的戰鬥」。,0,67240,0,0,0,0,0,0,0,0,0,26042,541,77,0,0,5,255,255,0,2,6,1,0
1153,皇都之占星術師,完成任務「冰槍的試煉」。,0,67555,0,0,0,0,0,0,0,0,0,26041,561,77,0,0,5,255,255,0,2,6,1,0
1154,深淵之暗黑騎士,完成任務「消逝於雲海間」。,0,67600,0,0,0,0,0,0,0,0,232,26040,522,77,32,60,5,255,255,0,2,6,1,0
1155,氣盛之機工士,完成任務「瞄準！我們的未來」。,0,67248,0,0,0,0,0,0,0,0,233,26042,542,77,31,60,5,255,255,0,2,6,1,0
1156,觀星之占星術師,完成任務「命運之手」。,0,67561,0,0,0,0,0,0,0,0,234,26041,562,77,33,60,5,255,255,0,2,6,1,0
1157,展翅迎風：庫爾札斯西部高地,在庫爾札斯西部高地開放飛行坐騎。,0,1,0,0,0,0,0,0,0,0,0,21901,101,12,0,0,5,255,255,0,1,20,1,0
1158,展翅迎風：德拉瓦尼亞山麓地,在德拉瓦尼亞山麓地開放飛行坐騎。,0,2,0,0,0,0,0,0,0,0,0,21901,102,12,0,0,5,255,255,0,1,20,1,0
1159,展翅迎風：德拉瓦尼亞河谷地,在德拉瓦尼亞河谷地開放飛行坐騎。,0,3,0,0,0,0,0,0,0,0,0,21901,103,12,0,0,5,255,255,0,1,20,1,0
1160,展翅迎風：德拉瓦尼亞雲海,在德拉瓦尼亞雲海開放飛行坐騎。,0,4,0,0,0,0,0,0,0,0,0,21901,104,12,0,0,5,255,255,0,1,20,1,0
1161,展翅迎風：阿巴拉提亞雲海,在阿巴拉提亞雲海開放飛行坐騎。,0,5,0,0,0,0,0,0,0,0,0,21901,105,12,0,0,5,255,255,0,1,20,1,0
1162,展翅迎風：阿濟茲拉,在阿濟茲拉開放飛行坐騎。,0,6,0,0,0,0,0,0,0,0,0,21901,106,12,0,0,5,255,255,0,1,20,1,0
1163,展翅迎風，飛向蒼天,在庫爾札斯西部高地、德拉瓦尼亞山麓地、德拉瓦尼亞河谷地、德拉瓦尼亞雲海、阿巴拉提亞雲海和阿濟茲拉均開放飛行坐騎。,0,1157,1158,1159,1160,1161,1162,0,0,0,0,21901,107,12,0,0,10,255,255,0,1,2,1,0
1164,機神城啟動,完成任務「她的寶物」。,0,67630,0,0,0,0,0,0,0,0,235,26002,224,35,43,60,10,255,255,0,1,6,1,0
1165,三鬥神之聲,完成任務「登峰造極的武神羅波那」與「登峰造極的雲神俾斯麥」。,0,67651,67652,0,0,0,0,0,0,0,236,26002,645,35,43,60,10,255,255,0,1,6,1,0
1166,我相信我能觸到天空,完成任務「我心飛翔」。,0,67653,0,0,0,0,0,0,0,0,237,905,646,35,0,0,10,255,255,0,1,6,1,1
1167,利劍中的領悟6,將劍術士升到60級。,0,1,60,0,0,0,0,0,0,0,0,30408,6,13,0,0,5,255,255,0,1,3,1,0
1168,鬥拳中的領悟6,將格鬥士升到60級。,0,2,60,0,0,0,0,0,0,0,0,31004,26,13,0,0,5,255,255,0,1,3,1,0
1169,大斧中的領悟6,將斧術士升到60級。,0,3,60,0,0,0,0,0,0,0,0,31409,46,13,0,0,5,255,255,0,1,3,1,0
1170,尖槍中的領悟6,將槍術士升到60級。,0,4,60,0,0,0,0,0,0,0,0,31816,66,13,0,0,5,255,255,0,1,3,1,0
1171,箭矢中的領悟6,將弓術士升到60級。,0,5,60,0,0,0,0,0,0,0,0,32204,86,13,0,0,5,255,255,0,1,3,1,0
1172,幻術中的領悟6,將幻術士升到60級。,0,6,60,0,0,0,0,0,0,0,0,32611,6,14,0,0,5,255,255,0,1,3,1,0
1173,咒術中的領悟6,將咒術士升到60級。,0,7,60,0,0,0,0,0,0,0,0,32806,26,14,0,0,5,255,255,0,1,3,1,0
1174,巴術中的領悟6,將巴術士升到60級。,0,26,60,0,0,0,0,0,0,0,0,33401,46,14,0,0,5,255,255,0,1,3,1,0
1175,雙劍中的領悟6,將雙劍士升到60級。,0,29,60,0,0,0,0,0,0,0,0,33801,106,13,0,0,5,255,255,0,1,3,1,0
1176,暗劍中的領悟1,將暗黑騎士升到30級。,0,32,30,0,0,0,0,0,0,0,0,34203,121,13,0,0,5,255,255,0,1,3,1,0
1177,暗劍中的領悟2,將暗黑騎士升到40級。,0,32,40,0,0,0,0,0,0,0,0,34203,122,13,0,0,5,255,255,0,1,3,1,0
1178,暗劍中的領悟3,將暗黑騎士升到50級。,0,32,50,0,0,0,0,0,0,0,0,34203,123,13,0,0,5,255,255,0,1,3,1,0
1179,暗劍中的領悟4,將暗黑騎士升到60級。,0,32,60,0,0,0,0,0,0,0,0,34203,124,13,0,0,5,255,255,0,1,3,1,0
1180,機工中的領悟1,將機工士升到30級。,0,31,30,0,0,0,0,0,0,0,0,34607,141,13,0,0,5,255,255,0,1,3,1,0
1181,機工中的領悟2,將機工士升到40級。,0,31,40,0,0,0,0,0,0,0,0,34607,142,13,0,0,5,255,255,0,1,3,1,0
1182,機工中的領悟3,將機工士升到50級。,0,31,50,0,0,0,0,0,0,0,0,34607,143,13,0,0,5,255,255,0,1,3,1,0
1183,機工中的領悟4,將機工士升到60級。,0,31,60,0,0,0,0,0,0,0,0,34607,144,13,0,0,5,255,255,0,1,3,1,0
1184,星圖中的領悟1,將占星術師升到30級。,0,33,30,0,0,0,0,0,0,0,0,34808,61,14,0,0,5,255,255,0,1,3,1,0
1185,星圖中的領悟2,將占星術師升到40級。,0,33,40,0,0,0,0,0,0,0,0,34808,62,14,0,0,5,255,255,0,1,3,1,0
1186,星圖中的領悟3,將占星術師升到50級。,0,33,50,0,0,0,0,0,0,0,0,34808,63,14,0,0,5,255,255,0,1,3,1,0
1187,星圖中的領悟4,將占星術師升到60級。,0,33,60,0,0,0,0,0,0,0,0,34808,64,14,0,0,5,255,255,0,1,3,1,0
1188,宣武之勇者,將劍術士、格鬥士、斧術士、槍術士、弓術士、雙劍士、暗黑騎士、機工士都升到60級。,0,11,8,0,0,0,0,0,0,0,239,2547,4,12,41,60,20,255,255,0,1,26,1,0
1189,煉魔之智者,將幻術士、咒術士、巴術士、占星術師都升到60級。,0,12,4,0,0,0,0,0,0,0,240,2661,5,12,42,60,20,255,255,0,1,26,1,0
1190,十二重之道的探究者,達成「宣武之勇者」和「煉魔之智者」兩個成就。,6109,1188,1189,0,0,0,0,0,0,0,0,2517,6,12,43,60,30,255,78,3,2,2,1,0
1191,太陽海岸的紅蓮祭,完成任務「紅蓮祭與海盜與冒險者」。,0,67663,0,0,0,0,0,0,0,0,0,27001,17,38,0,0,10,255,255,0,1,6,1,0
1192,有你陪伴的二周年,完成任務「向夜空祈禱」。,0,67670,0,0,0,0,0,0,0,0,0,26107,18,38,0,0,10,255,255,0,1,6,1,0
1193,暗黑騎士出征1,使用暗黑騎士挑戰高難度蠻神戰及大型任務共計50次。,0,369,50,0,0,0,0,0,0,0,241,3071,76,1,54,50,5,255,255,0,1,1,1,0
1194,暗黑騎士出征2,使用暗黑騎士挑戰高難度蠻神戰及大型任務共計100次。,0,369,100,0,0,0,0,0,0,0,242,3071,77,1,54,50,10,255,255,0,1,1,1,0
1195,毅然暗黑騎士,使用暗黑騎士挑戰高難度蠻神戰及大型任務共計200次。,12074,369,200,0,0,0,0,0,0,0,0,3071,78,1,54,50,20,255,79,1,1,1,1,0
1196,解密塵封之謎1,佔領塵封秘岩的亞拉戈石文。,0,423,1,0,0,0,0,0,0,0,0,2656,42,10,0,0,5,255,255,0,1,1,1,0
1197,解密塵封之謎2,佔領30次塵封秘岩的亞拉戈石文。,0,423,30,0,0,0,0,0,0,0,0,2656,43,10,0,0,5,255,255,0,1,1,1,0
1198,解密塵封之謎3,佔領100次塵封秘岩的亞拉戈石文。,0,423,100,0,0,0,0,0,0,0,0,2656,44,10,0,0,5,255,255,0,1,1,1,0
1199,解密塵封之謎4,佔領300次塵封秘岩的亞拉戈石文。,0,423,300,0,0,0,0,0,0,0,243,2656,45,10,43,30,5,255,255,0,1,1,1,0
1200,解密塵封之謎5,佔領500次塵封秘岩的亞拉戈石文。,0,423,500,0,0,0,0,0,0,0,0,2656,46,10,0,0,10,255,255,0,1,1,1,0
1201,霸者凱旋,加入紛爭前線的黑渦團、雙蛇黨、不滅隊任一部隊並取得300次勝利。,0,300,0,0,0,0,0,0,0,0,0,2601,41,10,0,0,10,255,255,0,1,19,1,0
1202,踏遍庫爾札斯西部高地,成功探索庫爾札斯西部高地的所有地區。,0,211,0,0,0,0,0,0,0,0,0,1001,0,43,0,0,10,255,255,0,1,8,1,0
1203,踏遍德拉瓦尼亞山麓地,成功探索德拉瓦尼亞山麓地的所有地區。,0,212,0,0,0,0,0,0,0,0,0,1001,1,46,0,0,10,255,255,0,1,8,1,0
1204,踏遍德拉瓦尼亞河谷地,成功探索德拉瓦尼亞河谷地的所有地區。,0,213,0,0,0,0,0,0,0,0,0,1001,2,46,0,0,10,255,255,0,1,8,1,0
1205,踏遍德拉瓦尼亞雲海,成功探索德拉瓦尼亞雲海的所有地區。,0,214,0,0,0,0,0,0,0,0,0,1001,3,46,0,0,10,255,255,0,1,8,1,0
1206,踏遍阿巴拉提亞雲海,成功探索阿巴拉提亞雲海的所有地區。,0,215,0,0,0,0,0,0,0,0,0,1001,0,45,0,0,10,255,255,0,1,8,1,0
1207,踏遍阿濟茲拉,成功探索阿濟茲拉的所有地區。,0,216,0,0,0,0,0,0,0,0,0,1001,0,45,0,0,10,255,255,0,1,8,1,0
1208,踏遍暮衛塔,成功探索暮衛塔（冰雪廢堡）的所有地區。,0,243,0,0,0,0,0,0,0,0,0,1001,40,49,0,0,10,255,255,0,1,8,1,0
1209,踏遍索姆阿爾靈峰,成功探索索姆阿爾靈峰（天山絕頂）的所有地區。,0,227,0,0,0,0,0,0,0,0,0,1001,41,49,0,0,10,255,255,0,1,8,1,0
1210,踏遍龍巢神殿,成功探索龍巢神殿（邪龍王座）的所有地區。,0,252,0,0,0,0,0,0,0,0,0,1001,42,49,0,0,10,255,255,0,1,8,1,0
1211,踏遍伊修加爾德教皇廳,成功探索伊修加爾德教皇廳（聖教中樞）的所有地區。,0,248,0,0,0,0,0,0,0,0,0,1001,43,49,0,0,10,255,255,0,1,8,1,0
1212,踏遍迦巴勒幻想圖書館,成功探索迦巴勒幻想圖書館（學識寶庫）的所有地區。,0,241,0,0,0,0,0,0,0,0,0,1001,44,49,0,0,10,255,255,0,1,8,1,0
1213,踏遍魔科學研究所,成功探索魔科學研究所（蒼天聖戰）的所有地區。,0,231,0,0,0,0,0,0,0,0,0,1001,45,49,0,0,10,255,255,0,1,8,1,0
1214,踏遍不獲島,成功探索不獲島（空中神域）的所有地區。,0,230,0,0,0,0,0,0,0,0,0,1001,46,49,0,0,10,255,255,0,1,8,1,0
1215,踏遍無限回廊,成功探索無限回廊（博物戰艦）的所有地區。,0,244,0,0,0,0,0,0,0,0,0,1001,47,49,0,0,10,255,255,0,1,8,1,0
1216,勇闖啟動機神城1,挑戰亞歷山大機神城啟動之章，並成功探索第一階段所有地區。,0,237,0,0,0,0,0,0,0,0,0,1001,1040,49,0,0,10,255,255,0,1,8,36,0
1217,勇闖啟動機神城2,挑戰亞歷山大機神城啟動之章，並成功探索第二階段所有地區。,0,238,0,0,0,0,0,0,0,0,0,1001,1041,49,0,0,10,255,255,0,1,8,36,0
1218,勇闖啟動機神城3,挑戰亞歷山大機神城啟動之章，並成功探索第三階段所有地區。,0,239,0,0,0,0,0,0,0,0,0,1001,1042,49,0,0,10,255,255,0,1,8,36,0
1219,,,0,0,0,0,0,0,0,0,0,0,0,0,0,0,0,0,0,0,0,0,0,0,0,0
1220,淩雲的弒神者,在極 俾斯麥殲滅戰中戰勝俾斯麥。,0,20034,0,0,0,0,0,0,0,0,0,317,12,3,0,0,10,255,255,0,1,14,1,0
1221,偃武的弒神者,在極 羅波那殲滅戰中戰勝羅波那。,0,20032,0,0,0,0,0,0,0,0,0,317,13,3,0,0,10,255,255,0,1,14,1,0
1222,迷宮的信者4,成功突破30種迷宮或討伐殲滅戰。,0,216,30,0,0,0,0,0,0,0,0,801,4,2,0,0,20,255,255,0,1,1,1,0
1223,迷宮的信者5,成功突破40種迷宮或討伐殲滅戰。,0,216,40,0,0,0,0,0,0,0,0,801,5,2,0,0,20,255,255,0,1,1,1,0
1224,迷宮的信者6,成功突破50種迷宮或討伐殲滅戰。,0,216,50,0,0,0,0,0,0,0,0,801,6,2,0,0,20,255,255,0,1,1,1,0
1225,冒險異聞錄1,累計突破2000次迷宮或討伐殲滅戰。,0,215,2000,0,0,0,0,0,0,0,0,151,12,2,0,0,20,255,255,0,1,1,1,0
1226,冒險異聞錄2,累計突破5000次迷宮或討伐殲滅戰。,0,215,5000,0,0,0,0,0,0,0,0,151,13,2,0,0,20,255,255,0,1,1,1,0
1227,冒險異聞錄3,累計突破10000次迷宮或討伐殲滅戰。,0,215,10000,0,0,0,0,0,0,0,0,151,14,2,0,0,20,255,255,0,1,1,1,0
1228,稱霸啟動機神城1,成功挑戰亞歷山大機神城啟動之章。,0,370,1,0,0,0,0,0,0,0,0,467,0,4,0,0,5,255,255,0,1,1,36,0
1229,稱霸啟動機神城2,累計成功挑戰亞歷山大機神城啟動之章5次。,0,370,5,0,0,0,0,0,0,0,0,467,0,4,0,0,10,255,255,0,1,1,36,0
1230,稱霸啟動機神城3,累計成功挑戰亞歷山大機神城啟動之章10次。,0,370,10,0,0,0,0,0,0,0,0,467,0,4,0,0,20,255,255,0,1,1,36,0
1231,完全稱霸啟動機神城1,成功挑戰亞歷山大零式機神城啟動之章。,0,371,1,0,0,0,0,0,0,0,0,467,0,4,0,0,5,255,255,0,1,1,36,0
1232,完全稱霸啟動機神城2,累計成功挑戰亞歷山大零式機神城啟動之章5次。,0,371,5,0,0,0,0,0,0,0,0,467,0,4,0,0,10,255,255,0,1,1,36,0
1233,完全稱霸啟動機神城3,累計成功挑戰亞歷山大零式機神城啟動之章10次。,0,371,10,0,0,0,0,0,0,0,0,467,0,4,0,0,20,255,255,0,1,1,36,0
1234,,,0,0,0,0,0,0,0,0,0,0,0,0,0,0,0,0,0,0,0,0,0,0,0,0
1235,,,0,0,0,0,0,0,0,0,0,0,0,0,0,0,0,0,0,0,0,0,0,0,0,0
1236,,,0,0,0,0,0,0,0,0,0,0,0,0,0,0,0,0,0,0,0,0,0,0,0,0
1237,,,0,0,0,0,0,0,0,0,0,0,0,0,0,0,0,0,0,0,0,0,0,0,0,0
1238,,,0,0,0,0,0,0,0,0,0,0,0,0,0,0,0,0,0,0,0,0,0,0,0,0
1239,,,0,0,0,0,0,0,0,0,0,0,0,0,0,0,0,0,0,0,0,0,0,0,0,0
1240,,,0,0,0,0,0,0,0,0,0,0,0,0,0,0,0,0,0,0,0,0,0,0,0,0
1241,,,0,0,0,0,0,0,0,0,0,0,0,0,0,0,0,0,0,0,0,0,0,0,0,0
1242,,,0,0,0,0,0,0,0,0,0,0,0,0,0,0,0,0,0,0,0,0,0,0,0,0
1243,,,0,0,0,0,0,0,0,0,0,0,0,0,0,0,0,0,0,0,0,0,0,0,0,0
1244,,,0,0,0,0,0,0,0,0,0,0,0,0,0,0,0,0,0,0,0,0,0,0,0,0
1245,,,0,0,0,0,0,0,0,0,0,0,0,0,0,0,0,0,0,0,0,0,0,0,0,0
1246,,,0,0,0,0,0,0,0,0,0,0,0,0,0,0,0,0,0,0,0,0,0,0,0,0
1247,,,0,0,0,0,0,0,0,0,0,0,0,0,0,0,0,0,0,0,0,0,0,0,0,0
1248,,,0,0,0,0,0,0,0,0,0,0,0,0,0,0,0,0,0,0,0,0,0,0,0,0
1249,,,0,0,0,0,0,0,0,0,0,0,0,0,0,0,0,0,0,0,0,0,0,0,0,0
1250,,,0,0,0,0,0,0,0,0,0,0,0,0,0,0,0,0,0,0,0,0,0,0,0,0
1251,,,0,0,0,0,0,0,0,0,0,0,0,0,0,0,0,0,0,0,0,0,0,0,0,0
1252,,,0,0,0,0,0,0,0,0,0,0,0,0,0,0,0,0,0,0,0,0,0,0,0,0
1253,,,0,0,0,0,0,0,0,0,0,0,0,0,0,0,0,0,0,0,0,0,0,0,0,0
1254,,,0,0,0,0,0,0,0,0,0,0,0,0,0,0,0,0,0,0,0,0,0,0,0,0
1255,,,0,0,0,0,0,0,0,0,0,0,0,0,0,0,0,0,0,0,0,0,0,0,0,0
1256,,,0,0,0,0,0,0,0,0,0,0,0,0,0,0,0,0,0,0,0,0,0,0,0,0
1257,,,0,0,0,0,0,0,0,0,0,0,0,0,0,0,0,0,0,0,0,0,0,0,0,0
1258,,,0,0,0,0,0,0,0,0,0,0,0,0,0,0,0,0,0,0,0,0,0,0,0,0
1259,德拉瓦尼亞狩獵新星,成功討伐在德拉瓦尼亞出現的6種B級危險標的怪物。,0,6,389,390,391,392,393,394,0,0,0,2684,16,5,0,0,5,255,255,0,1,5,1,0
1260,冰雲狩獵新星,成功討伐在庫爾札斯西部高地和阿巴拉提亞出現的6種B級危險標的怪物。,0,6,395,396,397,398,399,400,0,0,0,2684,17,5,0,0,5,255,255,0,1,5,1,0
1261,德拉瓦尼亞狩獵行家,成功討伐在德拉瓦尼亞出現的6種A級危險標的怪物。,0,6,401,402,403,404,405,406,0,0,0,2680,18,5,0,0,5,255,255,0,1,5,1,0
1262,冰雲狩獵行家,成功討伐在庫爾札斯西部高地和阿巴拉提亞出現的6種A級危險標的怪物。,0,6,407,408,409,410,411,412,0,0,0,2680,19,5,0,0,5,255,255,0,1,5,1,0
1263,德拉瓦尼亞狩獵大師,成功討伐在德拉瓦尼亞出現的3種S級危險標的怪物。,0,3,413,414,415,0,0,0,0,0,0,2732,20,5,0,0,5,255,255,0,1,5,1,0
1264,冰雲狩獵大師,成功討伐在庫爾札斯西部高地和阿巴拉提亞出現的3種S級危險標的怪物。,0,3,416,417,418,0,0,0,0,0,0,2732,21,5,0,0,5,255,255,0,1,5,1,0
1265,木工中的領悟6,將木工師升到60級。,0,8,60,0,0,0,0,0,0,0,0,35001,6,15,0,0,5,255,255,0,1,3,1,0
1266,鍛造中的領悟6,將鍛造師升到60級。,0,9,60,0,0,0,0,0,0,0,0,35106,26,15,0,0,5,255,255,0,1,3,1,0
1267,甲胄中的領悟6,將甲冑師升到60級。,0,10,60,0,0,0,0,0,0,0,0,35203,46,15,0,0,5,255,255,0,1,3,1,0
1268,金工中的領悟6,將金工師升到60級。,0,11,60,0,0,0,0,0,0,0,0,35301,66,15,0,0,5,255,255,0,1,3,1,0
1269,皮革中的領悟6,將皮革師升到60級。,0,12,60,0,0,0,0,0,0,0,0,35404,86,15,0,0,5,255,255,0,1,3,1,0
1270,裁縫中的領悟6,將裁縫師升到60級。,0,13,60,0,0,0,0,0,0,0,0,35501,106,15,0,0,5,255,255,0,1,3,1,0
1271,鍊金中的領悟6,將鍊金術師升到60級。,0,14,60,0,0,0,0,0,0,0,0,35604,126,15,0,0,5,255,255,0,1,3,1,0
1272,烹調中的領悟6,將烹調師升到60級。,0,15,60,0,0,0,0,0,0,0,0,35704,146,15,0,0,5,255,255,0,1,3,1,0
1273,礦石中的領悟6,將採掘師升到60級。,0,16,60,0,0,0,0,0,0,0,0,38003,6,16,0,0,5,255,255,0,1,3,1,0
1274,草木中的領悟6,將園藝師升到60級。,0,17,60,0,0,0,0,0,0,0,0,38103,26,16,0,0,5,255,255,0,1,3,1,0
1275,垂釣中的領悟6,將漁師升到60級。,0,18,60,0,0,0,0,0,0,0,0,38203,46,16,0,0,5,255,255,0,1,3,1,0
1276,博聞之巧者,將木工師、鍛造師、甲冑師、金工師、皮革師、裁縫師、鍊金術師、烹調師都升到60級。,0,13,8,0,0,0,0,0,0,0,248,61269,23,12,44,60,20,255,255,0,1,26,1,0
1277,強識之賢者,將採掘師、園藝師、漁師的職業都升到60級。,0,14,3,0,0,0,0,0,0,0,249,1981,24,12,45,60,20,255,255,0,1,26,1,0
1278,專研木工筆記4,累計完成並標記200種製作筆記中的木工配方。,0,192,200,0,0,0,0,0,0,0,0,1524,24,24,0,0,10,255,255,0,1,1,1,0
1279,專研鍛造筆記4,累計完成並標記270種製作筆記中的鍛造配方。,0,193,270,0,0,0,0,0,0,0,0,1574,24,25,0,0,10,255,255,0,1,1,1,0
1280,專研甲胄筆記4,累計完成並標記210種製作筆記中的甲冑配方。,0,194,210,0,0,0,0,0,0,0,0,1625,24,26,0,0,10,255,255,0,1,1,1,0
1281,專研金工筆記4,累計完成並標記380種製作筆記中的金工配方。,0,195,380,0,0,0,0,0,0,0,0,1676,24,27,0,0,10,255,255,0,1,1,1,0
1282,專研皮革筆記4,累計完成並標記260種製作筆記中的皮革配方。,0,196,260,0,0,0,0,0,0,0,0,1724,24,28,0,0,10,255,255,0,1,1,1,0
1283,專研裁縫筆記4,累計完成並標記320種製作筆記中的裁縫配方。,0,197,320,0,0,0,0,0,0,0,0,1774,24,29,0,0,10,255,255,0,1,1,1,0
1284,專研鍊金筆記4,累計完成並標記170種製作筆記中的鍊金配方。,0,198,170,0,0,0,0,0,0,0,0,1825,24,30,0,0,10,255,255,0,1,1,1,0
1285,專研烹調筆記4,累計完成並標記160種製作筆記中的烹調配方。,0,199,160,0,0,0,0,0,0,0,0,1875,24,31,0,0,10,255,255,0,1,1,1,0
1286,專研採掘筆記4,累計採掘成功並標記100種採集筆記中記載的採掘師專屬素材。,0,200,100,0,0,0,0,0,0,0,0,1015,44,32,0,0,10,255,255,0,1,1,1,0
1287,專研採伐筆記4,累計採伐成功並標記150種採集筆記中記載的園藝師專屬素材。,0,201,150,0,0,0,0,0,0,0,0,1065,44,33,0,0,10,255,255,0,1,1,1,0
1288,專研釣魚筆記4,累計釣上並標記400種釣魚筆記中記載的物種。,0,202,400,0,0,0,0,0,0,0,0,1104,44,34,0,0,10,255,255,0,1,1,1,0
1289,收藏品製作者1,累計製作收藏品100次。,0,372,100,0,0,0,0,0,0,0,0,62973,1,22,0,0,5,255,255,0,1,1,1,0
1290,收藏品製作者2,累計製作收藏品300次。,0,372,300,0,0,0,0,0,0,0,0,62973,2,22,0,0,5,255,255,0,1,1,1,0
1291,收藏品製作者3,累計製作收藏品1000次。,0,372,1000,0,0,0,0,0,0,0,250,62973,3,22,44,50,10,255,255,0,1,1,1,0
1292,收藏品採集者1,累計採集收藏品300次。,0,373,300,0,0,0,0,0,0,0,0,60031,11,22,0,0,5,255,255,0,1,1,1,0
1293,收藏品採集者2,累計採集收藏品1000次。,0,373,1000,0,0,0,0,0,0,0,0,60031,12,22,0,0,5,255,255,0,1,1,1,0
1294,收藏品採集者3,累計採集收藏品3000次。,0,373,3000,0,0,0,0,0,0,0,251,60031,13,22,45,50,10,255,255,0,1,1,1,0
1295,聲勢顯赫1,在收藏品交易員處累計交納收藏品300次。,0,374,300,0,0,0,0,0,0,0,0,26109,21,22,0,0,5,255,255,0,1,1,1,0
1296,聲勢顯赫2,在收藏品交易員處累計交納收藏品1000次。,0,374,1000,0,0,0,0,0,0,0,0,26109,22,22,0,0,5,255,255,0,1,1,1,0
1297,聲勢顯赫3,在收藏品交易員處累計交納收藏品3000次。,0,374,3000,0,0,0,0,0,0,0,252,26109,23,22,46,50,10,255,255,0,1,1,1,0
1298,寶藏獵人5,累計20次成功解讀陳舊地圖G6並開啟寶箱。,0,375,20,0,0,0,0,0,0,0,0,115,6,6,0,0,20,255,255,0,1,1,1,0
1299,寶藏獵人6,累計20次成功解讀陳舊地圖G7並開啟寶箱。,0,376,20,0,0,0,0,0,0,0,0,115,7,6,0,0,20,255,255,0,1,1,1,0
1300,寶藏獵人7,累計20次成功解讀陳舊地圖G8並開啟寶箱。,0,377,20,0,0,0,0,0,0,0,0,115,8,6,0,0,20,255,255,0,1,1,1,0
1301,木工繼承者,完成1000次51-60級的木工作業。,0,378,1000,0,0,0,0,0,0,0,0,35001,7,24,0,0,10,255,255,0,1,1,1,0
1302,鍛造繼承者,完成1000次51-60級的鍛造作業。,0,379,1000,0,0,0,0,0,0,0,0,35106,7,25,0,0,10,255,255,0,1,1,1,0
1303,甲冑繼承者,完成1000次51-60級的甲冑作業。,0,380,1000,0,0,0,0,0,0,0,0,35203,7,26,0,0,10,255,255,0,1,1,1,0
1304,金工繼承者,完成1000次51-60級的金工作業。,0,381,1000,0,0,0,0,0,0,0,0,35301,7,27,0,0,10,255,255,0,1,1,1,0
1305,皮革繼承者,完成1000次51-60級的皮革作業。,0,382,1000,0,0,0,0,0,0,0,0,35404,7,28,0,0,10,255,255,0,1,1,1,0
1306,裁縫繼承者,完成1000次51-60級的裁縫作業。,0,383,1000,0,0,0,0,0,0,0,0,35501,7,29,0,0,10,255,255,0,1,1,1,0
1307,鍊金繼承者,完成1000次51-60級的鍊金作業。,0,384,1000,0,0,0,0,0,0,0,0,35604,7,30,0,0,10,255,255,0,1,1,1,0
1308,烹調繼承者,完成1000次51-60級的烹調作業。,0,385,1000,0,0,0,0,0,0,0,0,35704,7,31,0,0,10,255,255,0,1,1,1,0
1309,蒼天之採掘能手,在51-60級的礦脈採掘或碎石5000次。,0,386,5000,0,0,0,0,0,0,0,0,1015,20,32,0,0,10,255,255,0,1,1,1,0
1310,蒼天之採伐能手,在51-60級的良材採伐或割草5000次。,0,387,5000,0,0,0,0,0,0,0,0,1056,20,33,0,0,10,255,255,0,1,1,1,0
1311,蒼天之釣魚能手,在51-60級的釣場釣魚3000次。,0,388,3000,0,0,0,0,0,0,0,0,1101,20,34,0,0,10,255,255,0,1,1,1,0
1312,突破天際的探索者,完成探索筆記中蒼天之章的項目1-42。,0,432,42,0,0,0,0,0,0,0,0,1019,63,39,0,0,10,255,255,0,1,1,1,0
1313,木工專精4,累計做出優質木工製品5000次。,0,203,5000,0,0,0,0,0,0,0,0,35015,43,24,0,0,10,255,255,0,1,1,1,0
1314,鍛造專精4,累計做出優質鍛造製品5000次。,0,204,5000,0,0,0,0,0,0,0,0,35114,43,25,0,0,10,255,255,0,1,1,1,0
1315,甲胄專精4,累計做出優質甲冑製品5000次。,0,205,5000,0,0,0,0,0,0,0,0,35214,43,26,0,0,10,255,255,0,1,1,1,0
1316,金工專精4,累計做出優質金工製品5000次。,0,206,5000,0,0,0,0,0,0,0,0,35313,43,27,0,0,10,255,255,0,1,1,1,0
1317,皮革專精4,累計做出優質皮革製品5000次。,0,207,5000,0,0,0,0,0,0,0,0,35414,43,28,0,0,10,255,255,0,1,1,1,0
1318,裁縫專精4,累計做出優質裁縫製品5000次。,0,208,5000,0,0,0,0,0,0,0,0,35514,43,29,0,0,10,255,255,0,1,1,1,0
1319,鍊金專精4,累計做出優質鍊金製品5000次。,0,209,5000,0,0,0,0,0,0,0,0,35613,43,30,0,0,10,255,255,0,1,1,1,0
1320,烹調專精4,累計做出優質烹調製品5000次。,0,210,5000,0,0,0,0,0,0,0,0,35716,43,31,0,0,10,255,255,0,1,1,1,0
1321,木工專精5,累計做出優質木工製品10000次。,0,203,10000,0,0,0,0,0,0,0,253,35015,44,24,9,1,10,255,255,0,1,1,1,0
1322,鍛造專精5,累計做出優質鍛造製品10000次。,0,204,10000,0,0,0,0,0,0,0,254,35114,44,25,10,1,10,255,255,0,1,1,1,0
1323,甲胄專精5,累計做出優質甲冑製品10000次。,0,205,10000,0,0,0,0,0,0,0,255,35214,44,26,11,1,10,255,255,0,1,1,1,0
1324,金工專精5,累計做出優質金工製品10000次。,0,206,10000,0,0,0,0,0,0,0,256,35313,44,27,12,1,10,255,255,0,1,1,1,0
1325,皮革專精5,累計做出優質皮革製品10000次。,0,207,10000,0,0,0,0,0,0,0,257,35414,44,28,13,1,10,255,255,0,1,1,1,0
1326,裁縫專精5,累計做出優質裁縫製品10000次。,0,208,10000,0,0,0,0,0,0,0,258,35514,44,29,14,1,10,255,255,0,1,1,1,0
1327,鍊金專精5,累計做出優質鍊金製品10000次。,0,209,10000,0,0,0,0,0,0,0,259,35613,44,30,15,1,10,255,255,0,1,1,1,0
1328,烹調專精5,累計做出優質烹調製品10000次。,0,210,10000,0,0,0,0,0,0,0,260,35716,44,31,16,1,10,255,255,0,1,1,1,0
1329,採掘專精4,累計採掘到額外獎勵礦石素材20000次。,0,211,20000,0,0,0,0,0,0,0,261,38016,63,32,17,1,10,255,255,0,1,1,1,0
1330,採伐專精4,累計採伐到額外獎勵草木素材20000次。,0,212,20000,0,0,0,0,0,0,0,262,38114,64,33,18,1,10,255,255,0,1,1,1,0
1331,釣魚專精4,累計釣到大尺寸的魚10000次。,0,213,10000,0,0,0,0,0,0,0,263,38217,63,34,19,1,10,255,255,0,1,1,1,0
1332,,,0,0,0,0,0,0,0,0,0,0,0,0,0,0,0,0,0,0,0,0,0,0,0,0
1333,繆塔米克斯的學徒5,成功鑲嵌魔晶石2500次。,0,16,2500,0,0,0,0,0,0,0,0,109,6,23,0,0,10,255,255,0,1,1,1,0
1334,繆塔米克斯的學徒6,成功鑲嵌魔晶石5000次。,0,16,5000,0,0,0,0,0,0,0,0,109,7,23,0,0,10,255,255,0,1,1,1,0
1335,思念的結晶5,成功用裝備精製魔晶石5000次。,0,17,5000,0,0,0,0,0,0,0,0,869,28,23,0,0,10,255,255,0,1,1,1,0
1336,勝利的榮光7,討伐200000個敵人。,0,11,200000,0,0,0,0,0,0,0,0,2565,8,1,0,0,30,255,255,0,1,1,1,0
1337,血與汗的價值6,透過理符任務獲得累計20000000Gil的報酬。,0,13,20000000,0,0,0,0,0,0,0,0,463,0,20,0,0,20,255,255,0,1,1,1,0
1338,喜歡理符的僱傭兵7,累計完成5000次傭兵理符任務。,0,18,5000,0,0,0,0,0,0,0,0,803,8,36,0,0,20,255,255,0,1,1,1,0
1339,喜歡理符的巧手人7,累計完成5000次製作理符任務。,0,19,5000,0,0,0,0,0,0,0,0,1955,28,36,0,0,20,255,255,0,1,1,1,0
1340,喜歡理符的收穫者7,累計完成5000次採集理符任務。,0,179,5000,0,0,0,0,0,0,0,0,1955,48,36,0,0,20,255,255,0,1,1,1,0
1341,傭兵傳奇4,累計完成150種傭兵理符任務。,0,180,150,0,0,0,0,0,0,0,0,30408,64,36,0,0,10,255,255,0,1,1,1,0
1342,木匠傳奇4,累計完成80種木工理符任務。,0,181,80,0,0,0,0,0,0,0,0,35001,84,36,0,0,10,255,255,0,1,1,1,0
1343,鐵匠傳奇4,累計完成80種鍛造理符任務。,0,182,80,0,0,0,0,0,0,0,0,35106,104,36,0,0,10,255,255,0,1,1,1,0
1344,甲匠傳奇4,累計完成80種甲冑理符任務。,0,183,80,0,0,0,0,0,0,0,0,35203,124,36,0,0,10,255,255,0,1,1,1,0
1345,金匠傳奇4,累計完成80種金工理符任務。,0,184,80,0,0,0,0,0,0,0,0,35301,144,36,0,0,10,255,255,0,1,1,1,0
1346,革匠傳奇4,累計完成80種皮革理符任務。,0,185,80,0,0,0,0,0,0,0,0,35404,164,36,0,0,10,255,255,0,1,1,1,0
1347,衣匠傳奇4,累計完成80種裁縫理符任務。,0,186,80,0,0,0,0,0,0,0,0,35501,184,36,0,0,10,255,255,0,1,1,1,0
1348,鍊金傳奇4,累計完成80種鍊金理符任務。,0,187,80,0,0,0,0,0,0,0,0,35604,204,36,0,0,10,255,255,0,1,1,1,0
1349,廚師傳奇4,累計完成80種烹調理符任務。,0,188,80,0,0,0,0,0,0,0,0,35704,224,36,0,0,10,255,255,0,1,1,1,0
1350,礦石傳奇4,累計完成70種採掘理符任務。,0,189,70,0,0,0,0,0,0,0,0,38003,244,36,0,0,10,255,255,0,1,1,1,0
1351,草木傳奇4,累計完成70種園藝理符任務。,0,190,70,0,0,0,0,0,0,0,0,38103,264,36,0,0,10,255,255,0,1,1,1,0
1352,漁民傳奇4,累計完成70種釣魚理符任務。,0,191,70,0,0,0,0,0,0,0,0,38203,284,36,0,0,10,255,255,0,1,1,1,0
1353,命運中的危機5,成功完成5000次F.A.T.E.事件。,0,219,5000,0,0,0,0,0,0,0,0,3126,51,1,0,0,20,255,255,0,1,1,1,0
1354,命運中的危機6,成功完成10000次F.A.T.E.事件。,0,219,10000,0,0,0,0,0,0,0,264,3126,52,1,47,1,20,255,255,0,1,1,1,0
1355,過路聖人3,救助50位處於無法戰鬥狀態的非小隊隊友玩家。,0,251,50,0,0,0,0,0,0,0,0,411,65,1,0,0,10,255,255,0,1,1,1,0
1356,過路聖人4,救助100位處於無法戰鬥狀態的非小隊隊友玩家。,0,251,100,0,0,0,0,0,0,0,0,411,66,1,0,0,10,255,255,0,1,1,1,0
1357,過路聖人5,救助200位處於無法戰鬥狀態的非小隊隊友玩家。,0,251,200,0,0,0,0,0,0,0,265,411,67,1,56,12,10,255,255,0,1,1,1,0
1358,,,0,0,0,0,0,0,0,0,0,0,0,0,0,0,0,0,0,0,0,0,0,0,0,0
1359,天不佑女王,以最高評價完成F.A.T.E.事件「幻影女王——夸爾女王」。,0,425,1,0,0,0,0,0,0,0,0,2629,30,1,0,0,10,255,255,0,1,1,1,0
1360,白龍勁敵,以最高評價完成F.A.T.E.事件「蒼天白龍——維茲爾弗尼爾」。,0,426,1,0,0,0,0,0,0,0,0,2629,31,1,0,0,10,255,255,0,1,1,1,0
1361,珍獸獵人,以最高評價完成F.A.T.E.事件「吞噬犛牛的巨人——巨腳雪人」。,0,427,1,0,0,0,0,0,0,0,0,2629,32,1,0,0,10,255,255,0,1,1,1,0
1362,粉身碎甲,以最高評價完成F.A.T.E.事件「堅甲鐵龍——塔拉斯克」。,0,428,1,0,0,0,0,0,0,0,0,2629,33,1,0,0,10,255,255,0,1,1,1,0
1363,合金裝備,以最高評價完成F.A.T.E.事件「全面改造機——3號哥布林裝甲J型」。,0,429,1,0,0,0,0,0,0,0,0,2629,34,1,0,0,10,255,255,0,1,1,1,0
1364,暗龍剋星,以最高評價完成F.A.T.E.事件「暗鱗黑龍征討戰 決戰」。,0,430,1,0,0,0,0,0,0,0,0,2629,35,1,0,0,10,255,255,0,1,1,1,0
1365,浮島守護者,以最高評價完成F.A.T.E.事件「暴食人形岩——大地饕餮」。,0,431,1,0,0,0,0,0,0,0,0,2629,36,1,0,0,10,255,255,0,1,1,1,0
1366,秘岩戰役1,加入黑渦團、雙蛇黨、不滅隊中的任一部隊並在塵封秘岩取得勝利。,12513,433,1,0,0,0,0,0,0,0,0,2601,47,10,43,30,5,255,80,3,1,1,1,0
1367,秘岩戰役2,加入黑渦團、雙蛇黨、不滅隊中的任一部隊並在塵封秘岩取得10次勝利。,12517,433,10,0,0,0,0,0,0,0,0,2601,48,10,43,30,5,255,81,3,1,1,1,0
1368,秘岩戰役3,加入黑渦團、雙蛇黨、不滅隊中的任一部隊並在塵封秘岩取得30次勝利。,12515,433,30,0,0,0,0,0,0,0,0,2601,49,10,43,30,5,255,82,3,1,1,1,0
1369,秘岩戰役4,加入黑渦團、雙蛇黨、不滅隊中的任一部隊並在塵封秘岩取得50次勝利。,12516,433,50,0,0,0,0,0,0,0,0,2601,50,10,43,30,5,255,83,3,1,1,1,0
1370,秘岩戰役5,加入黑渦團、雙蛇黨、不滅隊中的任一部隊並在塵封秘岩取得100次勝利。,12514,433,100,0,0,0,0,0,0,0,0,2601,51,10,43,30,5,255,84,3,1,1,1,0
1371,英雄武勳,加入黑渦團、雙蛇黨、不滅隊中的任一部隊並在塵封秘岩取得300次勝利。,0,433,300,0,0,0,0,0,0,0,0,2601,52,10,0,0,10,255,255,0,1,1,1,0
1372,九宮卡手4,獲得90種九宮幻卡。,12266,352,90,0,0,0,0,0,0,0,0,27661,43,18,47,15,10,255,85,4,1,1,1,0
1373,街頭決鬥者3,與41位NPC角色進行九宮幻卡對局並取得勝利。,12277,353,41,0,0,0,0,0,0,0,0,3564,52,18,47,15,10,255,86,4,1,1,1,0
1374,,,0,0,0,0,0,0,0,0,0,0,0,0,0,0,0,0,0,0,0,0,0,0,0,0
1375,,,0,0,0,0,0,0,0,0,0,0,0,0,0,0,0,0,0,0,0,0,0,0,0,0
1376,能讓我看看這把掃帚嗎？,完成任務「奇怪的掃帚與守護天節」。,0,67687,0,0,0,0,0,0,0,0,0,26054,21,38,0,0,10,255,255,0,1,6,1,0
1377,寵物收藏家1,收集50種寵物。,0,0,50,0,0,0,0,0,0,0,266,59401,23,19,47,1,5,255,255,0,1,21,1,0
1378,寵物收藏家2,收集100種寵物。,0,0,100,0,0,0,0,0,0,0,267,59401,24,19,47,1,10,255,255,0,1,21,1,0
1379,跟隨我的腳步1,收集30種跟從型寵物。,0,1,30,0,0,0,0,0,0,0,268,59488,25,19,47,1,10,255,255,0,1,21,1,0
1380,萌寵挑戰者1,完成萌寵之王的「關卡挑戰」中的所有內容。,13282,24,0,0,0,0,0,0,0,0,0,59469,120,18,47,15,10,255,87,2,1,23,1,0
1381,萌寵之王1,在萌寵之王的PvP（績點賽）中初次取得勝利。,0,444,1,0,0,0,0,0,0,0,0,59402,121,18,0,0,5,255,255,0,1,1,1,0
1382,萌寵之王2,在萌寵之王的PvP（績點賽）中累計取得50場勝利。,13280,444,50,0,0,0,0,0,0,0,0,59402,122,18,47,15,5,255,88,2,1,1,1,0
1383,萌寵之王3,在萌寵之王的PvP（績點賽）中累計取得100場勝利。,0,444,100,0,0,0,0,0,0,0,269,59402,123,18,47,15,5,255,255,0,1,1,1,0
1384,萌寵之王4,在萌寵之王的PvP（績點賽）中累計取得300場勝利。,0,444,300,0,0,0,0,0,0,0,270,59402,124,18,47,15,10,255,255,0,1,1,1,0
1385,盤上的軍事家1,在萌寵之王大賽的累計4次大賽中取得10勝以上的成績並獲得大賽獎品。,13281,445,4,0,0,0,0,0,0,0,0,59403,125,18,47,15,10,255,89,2,1,1,1,0
1386,突破天際的嫺熟探索者,完成探索筆記中蒼天之章的項目43-62。,0,446,20,0,0,0,0,0,0,0,276,1019,64,39,47,60,10,255,255,0,1,1,1,0
1387,光與暗的分界,完成任務「光與暗的分界」。,0,67699,0,0,0,0,0,0,0,0,271,26002,42,76,43,60,10,255,255,0,1,6,26,0
1388,赤喙的合作者,完成任務「魔航船虛無方舟」。,0,67741,0,0,0,0,0,0,0,0,272,26002,241,35,43,60,10,255,255,0,1,6,1,0
1389,五郎八的代理老師,完成任務「星歌異聞」。,0,67742,0,0,0,0,0,0,0,0,0,48094,22,38,0,0,10,255,255,0,1,6,3,0
1390,傳說之鐘,完成任務「星芒鐘聲為誰響」。,0,67760,0,0,0,0,0,0,0,0,0,40704,23,38,0,0,10,255,255,0,1,6,1,0
1391,年糕！,完成任務「猴子發糕降神祭」。,0,67753,0,0,0,0,0,0,0,0,0,40225,24,38,0,0,10,255,255,0,1,6,1,0
1392,為愛而生,完成任務「戀人節滿懷愛意」。,0,67756,0,0,0,0,0,0,0,0,0,41301,25,38,0,0,10,255,255,0,1,6,1,0
1393,黃鶯的引路人,完成任務「公主節的誓言」。,0,67759,0,0,0,0,0,0,0,0,0,48930,26,38,0,0,10,255,255,0,1,6,1,0
1394,聖靈武器研究者,完成任務「閃耀的聖靈武器」。,0,67750,0,0,0,0,0,0,0,0,273,2633,651,35,43,60,10,255,255,0,1,6,1,0
1395,美艷的袞杜1,與瓦努族的「美艷的袞杜」之間的關係程度到達1級「中立」。,0,6,1,0,0,0,0,0,0,0,0,62960,0,37,0,0,5,255,255,0,1,15,1,0
1396,美艷的袞杜2,與瓦努族的「美艷的袞杜」之間的關係程度到達3級「友好」。,0,6,3,0,0,0,0,0,0,0,0,62960,0,37,0,0,5,255,255,0,1,15,1,0
1397,美艷的袞杜3,與瓦努族的「美艷的袞杜」之間的關係程度到達5級「尊敬」。,0,6,5,0,0,0,0,0,0,0,0,62960,0,37,0,0,10,255,255,0,1,15,1,0
1398,太陽舞者,與瓦努族的「美艷的袞杜」之間的關係程度到達7級「誓約」。,0,6,7,0,0,0,0,0,0,0,274,62960,0,37,43,50,20,255,255,0,1,15,1,0
1399,稱霸魔航船虛無方舟,成功挑戰魔航船虛無方舟。,0,30029,0,0,0,0,0,0,0,0,0,2667,0,4,0,0,10,255,255,0,1,14,40,0
1400,英傑的弒神者,在蒼天幻想 圓桌騎士殲滅戰中戰勝騎神托爾丹。,0,20036,0,0,0,0,0,0,0,0,275,317,14,3,43,60,10,255,255,0,1,14,1,0
1401,踏遍魔航船虛無方舟,成功探索魔航船虛無方舟的所有地區。,0,269,0,0,0,0,0,0,0,0,0,1001,1030,49,0,0,10,255,255,0,1,8,40,0
1402,踏遍聖茉夏娜植物園,成功探索聖茉夏娜植物園（草木庭園）的所有地區。,0,268,0,0,0,0,0,0,0,0,0,1001,48,49,0,0,10,255,255,0,1,8,1,0
1403,再次踏遍天狼星燈塔,成功探索天狼星燈塔（地脈靈燈）的所有地區。,0,262,0,0,0,0,0,0,0,0,0,1001,49,49,0,0,10,255,255,0,1,8,1,0
1404,踏遍雲冠群島,成功探索雲冠群島的所有地區。,0,276,0,0,0,0,0,0,0,0,0,1001,2001,49,0,0,10,255,255,0,1,8,1,0
1405,聖恩達利姆神學院記：第1章,完成任務「歡笑的使者」。,0,67691,0,0,0,0,0,0,0,0,277,26002,647,35,43,60,10,255,255,0,1,6,1,0
1406,全能之騎士,獲得全能劍阿爾瑪斯和安喀勒盾。,0,67750,19,0,0,0,0,0,0,0,0,30537,100,64,0,0,20,255,255,0,1,24,1,0
1407,軍神之武僧,獲得軍神護拳。,0,67750,20,0,0,0,0,0,0,0,0,31103,200,64,0,0,20,255,255,0,1,24,1,0
1408,天雷之戰士,獲得天雷神斧。,0,67750,21,0,0,0,0,0,0,0,0,31508,300,64,0,0,20,255,255,0,1,24,1,0
1409,先鋒之龍騎士,獲得先鋒槍隆格米安特。,0,67750,22,0,0,0,0,0,0,0,0,31908,400,64,0,0,20,255,255,0,1,24,1,0
1410,甘狄之吟遊詩人,獲得鋼迪瓦神弓。,0,67750,23,0,0,0,0,0,0,0,0,32304,500,64,0,0,20,255,255,0,1,24,1,0
1411,天威之白魔道士,獲得天威杖。,0,67750,24,0,0,0,0,0,0,0,0,32684,700,64,0,0,20,255,255,0,1,24,1,0
1412,無盡之黑魔道士,獲得無盡魔源杖。,0,67750,25,0,0,0,0,0,0,0,0,33052,800,64,0,0,20,255,255,0,1,24,1,0
1413,巨龍之召喚士,獲得巨龍之書。,0,67750,27,0,0,0,0,0,0,0,0,33538,900,64,0,0,20,255,255,0,1,24,1,0
1414,星象之學者,獲得星象四書。,0,67750,28,0,0,0,0,0,0,0,0,33539,1000,64,0,0,20,255,255,0,1,24,1,0
1415,神無之忍者,獲得神無。,0,67750,30,0,0,0,0,0,0,0,0,33891,600,64,0,0,20,255,255,0,1,24,1,0
1416,末日之機工士,獲得末日。,0,67750,31,0,0,0,0,0,0,0,0,34664,1200,64,0,0,20,255,255,0,1,24,1,0
1417,諾統之暗黑騎士,獲得諾統。,0,67750,32,0,0,0,0,0,0,0,0,34264,1100,64,0,0,20,255,255,0,1,24,1,0
1418,天津之占星術師,獲得天津四天儀。,0,67750,33,0,0,0,0,0,0,0,0,34864,1300,64,0,0,20,255,255,0,1,24,1,0
1419,初級雲海探索1,在雲冠群島探索中首次達到200點活動評價。,0,460,1,0,0,0,0,0,0,0,0,2535,2002,49,0,0,5,255,255,0,1,1,1,1
1420,初級雲海探索2,在雲冠群島探索中累計10次達到200點活動評價。,0,460,10,0,0,0,0,0,0,0,0,2535,2003,49,0,0,10,255,255,0,1,1,1,1
1421,初級雲海探索3,在雲冠群島探索中累計100次達到200點活動評價。,0,460,100,0,0,0,0,0,0,0,0,2535,2004,49,0,0,20,255,255,0,1,1,1,1
1422,中級雲海探索1,在雲冠群島探索中首次達到400點活動評價。,0,461,1,0,0,0,0,0,0,0,0,2535,2005,49,0,0,5,255,255,0,1,1,1,1
1423,中級雲海探索2,在雲冠群島探索中累計10次達到400點活動評價。,0,461,10,0,0,0,0,0,0,0,0,2535,2006,49,0,0,10,255,255,0,1,1,1,1
1424,中級雲海探索3,在雲冠群島探索中累計100次達到400點活動評價。,0,461,100,0,0,0,0,0,0,0,0,2535,2007,49,0,0,20,255,255,0,1,1,1,1
1425,高級雲海探索1,在雲冠群島探索中首次達到600點活動評價。,0,462,1,0,0,0,0,0,0,0,0,2535,2008,49,0,0,5,255,255,0,1,1,1,1
1426,高級雲海探索2,在雲冠群島探索中累計10次達到600點活動評價。,0,462,10,0,0,0,0,0,0,0,0,2535,2009,49,0,0,10,255,255,0,1,1,1,1
1427,高級雲海探索3,在雲冠群島探索中累計100次達到600點活動評價。,0,462,100,0,0,0,0,0,0,0,0,2535,2010,49,0,0,20,255,255,0,1,1,1,1
1428,雲冠群島獵人1,在雲冠群島探索中，自身所在小隊初次成功討伐危險標的怪物。,0,463,1,0,0,0,0,0,0,0,0,2560,2011,49,0,0,5,255,255,0,1,1,1,1
1429,雲冠群島獵人2,在雲冠群島探索中，自身所在小隊累計討伐危險標的怪物5隻。,0,463,5,0,0,0,0,0,0,0,0,2560,2012,49,0,0,5,255,255,0,1,1,1,1
1430,雲冠群島獵人3,在雲冠群島探索中，自身所在小隊累計討伐危險標的怪物10隻。,0,463,10,0,0,0,0,0,0,0,0,2560,2013,49,0,0,5,255,255,0,1,1,1,1
1431,雲冠群島獵人4,在雲冠群島探索中，自身所在小隊累計討伐危險標的怪物50隻。,0,463,50,0,0,0,0,0,0,0,0,2560,2014,49,0,0,10,255,255,0,1,1,1,1
1432,雲冠群島獵人5,在雲冠群島探索中，自身所在小隊累計討伐危險標的怪物100隻。,0,463,100,0,0,0,0,0,0,0,278,2560,2015,49,0,0,20,255,255,0,1,1,1,1
1433,旋律的沉醉者1,在管弦樂琴樂譜集中加入累計10首樂曲。,14232,464,10,0,0,0,0,0,0,0,0,25945,26,19,47,1,5,255,90,4,1,1,1,0
1434,旋律的沉醉者2,在管弦樂琴樂譜集中加入累計30首樂曲。,14249,464,30,0,0,0,0,0,0,0,0,25945,27,19,47,1,5,255,91,4,1,1,1,0
1435,群狼盛宴1,初次在群狼盛宴或水晶衝突中參戰。,0,465,1,0,0,0,0,0,0,0,0,156,301,9,0,0,5,255,255,0,1,1,1,0
1436,群狼盛宴2,在群狼盛宴或水晶衝突中累計參戰50次。,0,465,50,0,0,0,0,0,0,0,0,156,302,9,0,0,5,255,255,0,1,1,1,0
1437,群狼盛宴3,在群狼盛宴或水晶衝突中累計參戰100次。,0,465,100,0,0,0,0,0,0,0,0,156,303,9,0,0,5,255,255,0,1,1,1,0
1438,群狼盛宴4,在群狼盛宴或水晶衝突中累計參戰200次。,0,465,200,0,0,0,0,0,0,0,0,156,304,9,0,0,5,255,255,0,1,1,1,0
1439,群狼盛宴5,在群狼盛宴或水晶衝突中累計參戰500次。,0,465,500,0,0,0,0,0,0,0,0,156,305,9,0,0,10,255,255,0,1,1,1,0
1440,盛宴的主賓,在群狼盛宴或水晶衝突中累計參戰1000次。,0,465,1000,0,0,0,0,0,0,0,279,156,306,9,43,30,20,255,255,0,1,1,1,0
1441,磨礪利爪1,在群狼盛宴或水晶衝突中取得初次勝利。,0,466,1,0,0,0,0,0,0,0,0,2555,401,9,0,0,5,255,255,0,1,1,1,0
1442,磨礪利爪2,在群狼盛宴或水晶衝突中累計勝利50次。,0,466,50,0,0,0,0,0,0,0,0,2555,402,9,0,0,5,255,255,0,1,1,1,0
1443,磨礪利爪3,在群狼盛宴或水晶衝突中累計勝利100次。,0,466,100,0,0,0,0,0,0,0,0,2555,403,9,0,0,5,255,255,0,1,1,1,0
1444,磨礪利爪4,在群狼盛宴或水晶衝突中累計勝利200次。,14089,466,200,0,0,0,0,0,0,0,0,2555,404,9,43,30,5,255,92,1,1,1,1,0
1445,磨礪利爪5,在群狼盛宴或水晶衝突中累計勝利500次。,0,466,500,0,0,0,0,0,0,0,0,2555,405,9,0,0,10,255,255,0,1,1,1,0
1446,猙獰利爪,在群狼盛宴或水晶衝突中累計勝利1000次。,0,466,1000,0,0,0,0,0,0,0,280,2555,406,9,43,30,20,255,255,0,1,1,1,0
1447,呼喚勝利的守護者1,在群狼盛宴或水晶衝突中以防護職業參戰並累計勝利10次。,0,467,10,0,0,0,0,0,0,0,0,2553,501,9,0,0,5,255,255,0,1,1,1,0
1448,呼喚勝利的守護者2,在群狼盛宴或水晶衝突中以防護職業參戰並累計勝利50次。,0,467,50,0,0,0,0,0,0,0,0,2553,502,9,0,0,5,255,255,0,1,1,1,0
1449,呼喚勝利的守護者3,在群狼盛宴或水晶衝突中以防護職業參戰並累計勝利100次。,0,467,100,0,0,0,0,0,0,0,0,2553,503,9,0,0,5,255,255,0,1,1,1,0
1450,呼喚勝利的守護者4,在群狼盛宴或水晶衝突中以防護職業參戰並累計勝利500次。,0,467,500,0,0,0,0,0,0,0,0,2553,504,9,0,0,5,255,255,0,1,1,1,0
1451,絕對的守護者,在群狼盛宴或水晶衝突中以防護職業參戰並累計勝利1000次。,0,467,1000,0,0,0,0,0,0,0,281,2553,505,9,43,30,10,255,255,0,1,1,1,0
1452,呼喚勝利的鬥士1,在群狼盛宴或水晶衝突中以近戰職業參戰並累計勝利10次。,0,468,10,0,0,0,0,0,0,0,0,213,601,9,0,0,5,255,255,0,1,1,1,0
1453,呼喚勝利的鬥士2,在群狼盛宴或水晶衝突中以近戰職業參戰並累計勝利50次。,0,468,50,0,0,0,0,0,0,0,0,213,602,9,0,0,5,255,255,0,1,1,1,0
1454,呼喚勝利的鬥士3,在群狼盛宴或水晶衝突中以近戰職業參戰並累計勝利100次。,0,468,100,0,0,0,0,0,0,0,0,213,603,9,0,0,5,255,255,0,1,1,1,0
1455,呼喚勝利的鬥士4,在群狼盛宴或水晶衝突中以近戰職業參戰並累計勝利500次。,0,468,500,0,0,0,0,0,0,0,0,213,604,9,0,0,5,255,255,0,1,1,1,0
1456,勇猛的鬥士,在群狼盛宴或水晶衝突中以近戰職業參戰並累計勝利1000次。,0,468,1000,0,0,0,0,0,0,0,282,213,605,9,43,30,10,255,255,0,1,1,1,0
1457,呼喚勝利的狙擊手1,在群狼盛宴或水晶衝突中以遠程物理職業參戰並累計勝利10次。,0,469,10,0,0,0,0,0,0,0,0,2603,701,9,0,0,5,255,255,0,1,1,1,0
1458,呼喚勝利的狙擊手2,在群狼盛宴或水晶衝突中以遠程物理職業參戰並累計勝利50次。,0,469,50,0,0,0,0,0,0,0,0,2603,702,9,0,0,5,255,255,0,1,1,1,0
1459,呼喚勝利的狙擊手3,在群狼盛宴或水晶衝突中以遠程物理職業參戰並累計勝利100次。,0,469,100,0,0,0,0,0,0,0,0,2603,703,9,0,0,5,255,255,0,1,1,1,0
1460,呼喚勝利的狙擊手4,在群狼盛宴或水晶衝突中以遠程物理職業參戰並累計勝利500次。,0,469,500,0,0,0,0,0,0,0,0,2603,704,9,0,0,5,255,255,0,1,1,1,0
1461,敏銳的狙擊手,在群狼盛宴或水晶衝突中以遠程物理職業參戰並累計勝利1000次。,0,469,1000,0,0,0,0,0,0,0,283,2603,705,9,43,30,10,255,255,0,1,1,1,0
1462,呼喚勝利的破壞者1,在群狼盛宴或水晶衝突中以遠程魔法職業參戰並累計勝利10次。,0,470,10,0,0,0,0,0,0,0,0,866,801,9,0,0,5,255,255,0,1,1,1,0
1463,呼喚勝利的破壞者2,在群狼盛宴或水晶衝突中以遠程魔法職業參戰並累計勝利50次。,0,470,50,0,0,0,0,0,0,0,0,866,802,9,0,0,5,255,255,0,1,1,1,0
1464,呼喚勝利的破壞者3,在群狼盛宴或水晶衝突中以遠程魔法職業參戰並累計勝利100次。,0,470,100,0,0,0,0,0,0,0,0,866,803,9,0,0,5,255,255,0,1,1,1,0
1465,呼喚勝利的破壞者4,在群狼盛宴或水晶衝突中以遠程魔法職業參戰並累計勝利500次。,0,470,500,0,0,0,0,0,0,0,0,866,804,9,0,0,5,255,255,0,1,1,1,0
1466,冷酷的破壞者,在群狼盛宴或水晶衝突中以遠程魔法職業參戰並累計勝利1000次。,0,470,1000,0,0,0,0,0,0,0,284,866,805,9,43,30,10,255,255,0,1,1,1,0
1467,呼喚勝利的醫師1,在群狼盛宴或水晶衝突中以治療職業參戰並累計勝利10次。,0,471,10,0,0,0,0,0,0,0,0,2636,901,9,0,0,5,255,255,0,1,1,1,0
1468,呼喚勝利的醫師2,在群狼盛宴或水晶衝突中以治療職業參戰並累計勝利50次。,0,471,50,0,0,0,0,0,0,0,0,2636,902,9,0,0,5,255,255,0,1,1,1,0
1469,呼喚勝利的醫師3,在群狼盛宴或水晶衝突中以治療職業參戰並累計勝利100次。,0,471,100,0,0,0,0,0,0,0,0,2636,903,9,0,0,5,255,255,0,1,1,1,0
1470,呼喚勝利的醫師4,在群狼盛宴或水晶衝突中以治療職業參戰並累計勝利500次。,0,471,500,0,0,0,0,0,0,0,0,2636,904,9,0,0,5,255,255,0,1,1,1,0
1471,慈愛的醫師,在群狼盛宴或水晶衝突中以治療職業參戰並累計勝利1000次。,0,471,1000,0,0,0,0,0,0,0,285,2636,905,9,43,30,10,255,255,0,1,1,1,0
1472,可靠的前輩1,參加並完成累計10次隨機任務：指導者任務。,0,472,10,0,0,0,0,0,0,0,0,2808,141,12,0,0,5,255,255,0,1,1,1,0
1473,可靠的前輩2,參加並完成累計50次隨機任務：指導者任務。,0,472,50,0,0,0,0,0,0,0,286,2808,142,12,43,80,5,255,255,0,1,1,1,0
1474,可靠的前輩3,參加並完成累計200次隨機任務：指導者任務。,14838,472,200,0,0,0,0,0,0,0,0,2808,143,12,43,80,5,255,93,3,1,1,1,0
1475,可靠的前輩4,參加並完成累計500次隨機任務：指導者任務。,0,472,500,0,0,0,0,0,0,0,287,2808,144,12,43,80,5,255,255,0,1,1,1,0
1476,稱霸律動機神城1,成功挑戰亞歷山大機神城律動之章。,0,473,1,0,0,0,0,0,0,0,0,2676,0,4,0,0,5,255,255,0,1,1,36,0
1477,稱霸律動機神城2,累計成功挑戰亞歷山大機神城律動之章5次。,0,473,5,0,0,0,0,0,0,0,0,2676,0,4,0,0,10,255,255,0,1,1,36,0
1478,稱霸律動機神城3,累計成功挑戰亞歷山大機神城律動之章10次。,0,473,10,0,0,0,0,0,0,0,0,2676,0,4,0,0,20,255,255,0,1,1,36,0
1479,完全稱霸律動機神城1,成功挑戰亞歷山大零式機神城律動之章。,0,474,1,0,0,0,0,0,0,0,0,2676,0,4,0,0,5,255,255,0,1,1,36,0
1480,完全稱霸律動機神城2,累計成功挑戰亞歷山大零式機神城律動之章5次。,0,474,5,0,0,0,0,0,0,0,0,2676,0,4,0,0,10,255,255,0,1,1,36,0
1481,完全稱霸律動機神城3,累計成功挑戰亞歷山大零式機神城律動之章10次。,0,474,10,0,0,0,0,0,0,0,0,2676,0,4,0,0,20,255,255,0,1,1,36,0
1482,勇闖律動機神城1,挑戰亞歷山大機神城律動之章，並成功探索第一階段所有地區。,0,286,0,0,0,0,0,0,0,0,0,1001,1048,49,0,0,10,255,255,0,1,8,36,0
1483,勇闖律動機神城2,挑戰亞歷山大機神城律動之章，並成功探索第二階段所有地區。,0,287,0,0,0,0,0,0,0,0,0,1001,1049,49,0,0,10,255,255,0,1,8,36,0
1484,勇闖律動機神城3,挑戰亞歷山大機神城律動之章，並成功探索第三階段所有地區。,0,289,0,0,0,0,0,0,0,0,0,1001,1050,49,0,0,10,255,255,0,1,8,36,0
1485,魔樹的弒神者,在極 魔神賽菲羅特殲滅戰中戰勝賽菲羅特。,0,20038,0,0,0,0,0,0,0,0,0,317,15,3,0,0,10,255,255,0,1,14,1,0
1486,踏遍顛倒塔,成功探索顛倒塔（星海空間）的所有地區。,0,277,0,0,0,0,0,0,0,0,0,1001,50,49,0,0,10,255,255,0,1,8,1,0
1487,再次踏遍無限城市街古跡,成功探索無限城市街古跡（神聖遺跡）的所有地區。,0,280,0,0,0,0,0,0,0,0,0,1001,51,49,0,0,10,255,255,0,1,8,1,0
1488,九宮卡手5,獲得120種九宮幻卡。,14209,352,120,0,0,0,0,0,0,0,0,27661,44,18,47,15,10,255,94,4,1,1,1,0
1489,街頭決鬥者4,與50位NPC角色進行九宮幻卡對局並取得勝利。,0,353,50,0,0,0,0,0,0,0,0,3564,53,18,0,0,10,255,255,0,1,1,1,0
1490,森都的尋蛋人,完成任務「尋蛋趣與黃金般的寶物」。,0,67668,0,0,0,0,0,0,0,0,0,58627,27,38,0,0,10,255,255,0,1,6,1,0
1491,金碟事件簿,完成任務「金碟遊樂園感謝的證明」。,0,67671,0,0,0,0,0,0,0,0,0,26173,28,38,0,0,10,255,255,0,1,6,1,0
1492,燒水利器,完成任務「鍋嫌壺黑」。,0,67206,0,0,0,0,0,0,0,0,288,31107,652,35,43,50,10,255,255,0,1,6,1,0
1493,命運的齒輪,完成任務「命運的齒輪」。,0,67777,0,0,0,0,0,0,0,0,289,26002,43,76,43,60,10,255,255,0,1,6,26,0
1494,機神城的律動,完成任務「沒有她的世界」。,0,67789,0,0,0,0,0,0,0,0,290,26002,225,35,43,60,10,255,255,0,1,6,1,0
1495,離群一族1,與骨頜族的「離群一族」之間的關係程度到達3級「友好」。,0,7,3,0,0,0,0,0,0,0,0,62961,0,37,0,0,5,255,255,0,1,15,1,0
1496,離群一族2,與骨頜族的「離群一族」之間的關係程度到達4級「信賴」。,0,7,4,0,0,0,0,0,0,0,0,62961,0,37,0,0,5,255,255,0,1,15,1,0
1497,離群一族3,與骨頜族的「離群一族」之間的關係程度到達6級「名譽」。,0,7,6,0,0,0,0,0,0,0,0,62961,0,37,0,0,10,255,255,0,1,15,1,0
1498,自由前輩,與骨頜族的「離群一族」之間的關係程度到達7級「誓約」。,0,7,7,0,0,0,0,0,0,0,291,62961,0,37,43,50,20,255,255,0,1,15,1,0
1499,全能之騎士·超導,獲得全能劍阿爾瑪斯·超導和安喀勒盾·超導。,0,67820,19,0,0,0,0,0,0,0,0,30537,101,64,0,0,20,255,255,0,1,24,1,0
1500,軍神之武僧·超導,獲得軍神護拳·超導。,0,67820,20,0,0,0,0,0,0,0,0,31103,201,64,0,0,20,255,255,0,1,24,1,0
1501,天雷之戰士·超導,獲得天雷神斧·超導。,0,67820,21,0,0,0,0,0,0,0,0,31508,301,64,0,0,20,255,255,0,1,24,1,0
1502,先鋒之龍騎士·超導,獲得先鋒槍隆格米安特·超導。,0,67820,22,0,0,0,0,0,0,0,0,31908,401,64,0,0,20,255,255,0,1,24,1,0
1503,甘狄之吟遊詩人·超導,獲得鋼迪瓦神弓·超導。,0,67820,23,0,0,0,0,0,0,0,0,32304,501,64,0,0,20,255,255,0,1,24,1,0
1504,天威之白魔道士·超導,獲得天威杖·超導。,0,67820,24,0,0,0,0,0,0,0,0,32684,701,64,0,0,20,255,255,0,1,24,1,0
1505,無盡之黑魔道士·超導,獲得無盡魔源杖·超導。,0,67820,25,0,0,0,0,0,0,0,0,33052,801,64,0,0,20,255,255,0,1,24,1,0
1506,巨龍之召喚士·超導,獲得巨龍之書·超導。,0,67820,27,0,0,0,0,0,0,0,0,33538,901,64,0,0,20,255,255,0,1,24,1,0
1507,星象之學者·超導,獲得星象四書·超導。,0,67820,28,0,0,0,0,0,0,0,0,33539,1001,64,0,0,20,255,255,0,1,24,1,0
1508,神無之忍者·超導,獲得神無·超導。,0,67820,30,0,0,0,0,0,0,0,0,33891,601,64,0,0,20,255,255,0,1,24,1,0
1509,末日之機工士·超導,獲得末日·超導。,0,67820,31,0,0,0,0,0,0,0,0,34664,1201,64,0,0,20,255,255,0,1,24,1,0
1510,諾統之暗黑騎士·超導,獲得諾統·超導。,0,67820,32,0,0,0,0,0,0,0,0,34264,1101,64,0,0,20,255,255,0,1,24,1,0
1511,天津之占星術師·超導,獲得天津四天儀·超導。,0,67820,33,0,0,0,0,0,0,0,0,34864,1301,64,0,0,20,255,255,0,1,24,1,0
1512,陸行鳥挑戰征服者1,完成陸行鳥競賽競速挑戰的前15關。,15129,475,1,0,0,0,0,0,0,0,0,27646,34,18,47,15,10,255,95,4,1,1,1,0
1513,,,0,0,0,0,0,0,0,0,0,0,0,0,0,0,0,0,0,0,0,0,0,0,0,0
1514,,,0,0,0,0,0,0,0,0,0,0,0,0,0,0,0,0,0,0,0,0,0,0,0,0
1515,,,0,0,0,0,0,0,0,0,0,0,0,0,0,0,0,0,0,0,0,0,0,0,0,0
1516,,,0,0,0,0,0,0,0,0,0,0,0,0,0,0,0,0,0,0,0,0,0,0,0,0
1517,,,0,0,0,0,0,0,0,0,0,0,0,0,0,0,0,0,0,0,0,0,0,0,0,0
1518,,,0,0,0,0,0,0,0,0,0,0,0,0,0,0,0,0,0,0,0,0,0,0,0,0
1519,,,0,0,0,0,0,0,0,0,0,0,0,0,0,0,0,0,0,0,0,0,0,0,0,0
1520,,,0,0,0,0,0,0,0,0,0,0,0,0,0,0,0,0,0,0,0,0,0,0,0,0
1521,,,0,0,0,0,0,0,0,0,0,0,0,0,0,0,0,0,0,0,0,0,0,0,0,0
1522,,,0,0,0,0,0,0,0,0,0,0,0,0,0,0,0,0,0,0,0,0,0,0,0,0
1523,,,0,0,0,0,0,0,0,0,0,0,0,0,0,0,0,0,0,0,0,0,0,0,0,0
1524,,,0,0,0,0,0,0,0,0,0,0,0,0,0,0,0,0,0,0,0,0,0,0,0,0
1525,,,0,0,0,0,0,0,0,0,0,0,0,0,0,0,0,0,0,0,0,0,0,0,0,0
1526,,,0,0,0,0,0,0,0,0,0,0,0,0,0,0,0,0,0,0,0,0,0,0,0,0
1527,,,0,0,0,0,0,0,0,0,0,0,0,0,0,0,0,0,0,0,0,0,0,0,0,0
1528,,,0,0,0,0,0,0,0,0,0,0,0,0,0,0,0,0,0,0,0,0,0,0,0,0
1529,,,0,0,0,0,0,0,0,0,0,0,0,0,0,0,0,0,0,0,0,0,0,0,0,0
1530,,,0,0,0,0,0,0,0,0,0,0,0,0,0,0,0,0,0,0,0,0,0,0,0,0
1531,,,0,0,0,0,0,0,0,0,0,0,0,0,0,0,0,0,0,0,0,0,0,0,0,0
1532,,,0,0,0,0,0,0,0,0,0,0,0,0,0,0,0,0,0,0,0,0,0,0,0,0
1533,,,0,0,0,0,0,0,0,0,0,0,0,0,0,0,0,0,0,0,0,0,0,0,0,0
1534,,,0,0,0,0,0,0,0,0,0,0,0,0,0,0,0,0,0,0,0,0,0,0,0,0
1535,,,0,0,0,0,0,0,0,0,0,0,0,0,0,0,0,0,0,0,0,0,0,0,0,0
1536,,,0,0,0,0,0,0,0,0,0,0,0,0,0,0,0,0,0,0,0,0,0,0,0,0
1537,,,0,0,0,0,0,0,0,0,0,0,0,0,0,0,0,0,0,0,0,0,0,0,0,0
1538,,,0,0,0,0,0,0,0,0,0,0,0,0,0,0,0,0,0,0,0,0,0,0,0,0
1539,,,0,0,0,0,0,0,0,0,0,0,0,0,0,0,0,0,0,0,0,0,0,0,0,0
1540,盛宴的王者,在群狼盛宴的任意賽季中取得排名第1名的成績。,0,490,1,0,0,0,0,0,0,0,297,210,0,8,43,30,20,255,255,0,1,1,1,0
1541,盛宴的殺戮者,在群狼盛宴的任意賽季中取得排名第2-10名的成績。,0,491,1,0,0,0,0,0,0,0,298,210,0,8,43,30,10,255,255,0,1,1,1,0
1542,盛宴的榮譽者,在群狼盛宴的任意賽季中取得排名第11-100名的成績。,0,492,1,0,0,0,0,0,0,0,299,210,0,8,43,30,10,255,255,0,1,1,1,0
1543,青銅之盛宴孤狼,在群狼盛宴的任意賽季中最終取得青銅段位。,0,493,1,0,0,0,0,0,0,0,300,821,0,8,43,30,10,255,255,0,1,1,1,0
1544,白銀之盛宴孤狼,在群狼盛宴的任意賽季中最終取得白銀段位。,0,494,1,0,0,0,0,0,0,0,301,821,0,8,43,30,10,255,255,0,1,1,1,0
1545,黃金之盛宴孤狼,在群狼盛宴的任意賽季中最終取得黃金段位。,0,495,1,0,0,0,0,0,0,0,302,821,0,8,43,30,10,255,255,0,1,1,1,0
1546,白金之盛宴孤狼,在群狼盛宴的任意賽季中最終取得白金段位。,0,496,1,0,0,0,0,0,0,0,303,821,0,8,43,30,10,255,255,0,1,1,1,0
1547,鑽石之盛宴孤狼,在群狼盛宴的任意賽季中最終取得鑽石段位。,0,497,1,0,0,0,0,0,0,0,304,821,0,8,43,30,20,255,255,0,1,1,1,0
1548,水落城出1,初次入侵水城寶物庫。,0,498,1,0,0,0,0,0,0,0,293,116,20,6,43,60,5,255,255,0,1,1,1,0
1549,水落城出2,累計入侵水城寶物庫5次。,0,498,5,0,0,0,0,0,0,0,0,116,21,6,0,0,10,255,255,0,1,1,1,0
1550,水落城出3,累計入侵水城寶物庫10次。,0,498,10,0,0,0,0,0,0,0,0,116,22,6,0,0,10,255,255,0,1,1,1,0
1551,水落城出4,累計入侵水城寶物庫20次。,0,498,20,0,0,0,0,0,0,0,294,116,23,6,43,60,20,255,255,0,1,1,1,0
1552,稱霸寶物庫1,初次稱霸水城寶物庫。,0,499,1,0,0,0,0,0,0,0,0,116,30,6,0,0,5,255,255,0,1,1,1,0
1553,稱霸寶物庫2,累計稱霸水城寶物庫5次。,0,499,5,0,0,0,0,0,0,0,0,116,31,6,0,0,10,255,255,0,1,1,1,0
1554,稱霸寶物庫3,累計稱霸水城寶物庫10次。,0,499,10,0,0,0,0,0,0,0,0,116,32,6,0,0,10,255,255,0,1,1,1,0
1555,稱霸寶物庫4,累計稱霸水城寶物庫20次。,0,499,20,0,0,0,0,0,0,0,295,116,33,6,43,60,20,255,255,0,1,1,1,0
1556,大家的隊長1,派遣冒險者分隊成功執行任務10次。,0,500,10,0,0,0,0,0,0,0,0,510,0,50,0,0,5,255,255,0,1,1,1,0
1557,大家的隊長2,派遣冒險者分隊成功執行任務30次。,0,500,30,0,0,0,0,0,0,0,0,510,0,50,0,0,5,255,255,0,1,1,1,0
1558,大家的隊長3,派遣冒險者分隊成功執行任務100次。,0,500,100,0,0,0,0,0,0,0,0,510,0,50,0,0,10,255,255,0,1,1,1,0
1559,榮譽之戰1,加入黑渦團、雙蛇黨、不滅隊中的任一部隊並在榮譽野取得勝利。,0,501,1,0,0,0,0,0,0,0,0,2601,60,10,0,0,5,255,255,0,1,1,1,0
1560,榮譽之戰2,加入黑渦團、雙蛇黨、不滅隊中的任一部隊並在榮譽野取得10次勝利。,0,501,10,0,0,0,0,0,0,0,0,2601,61,10,0,0,5,255,255,0,1,1,1,0
1561,榮譽之戰3,加入黑渦團、雙蛇黨、不滅隊中的任一部隊並在榮譽野取得30次勝利。,0,501,30,0,0,0,0,0,0,0,0,2601,62,10,0,0,5,255,255,0,1,1,1,0
1562,榮譽之戰4,加入黑渦團、雙蛇黨、不滅隊中的任一部隊並在榮譽野取得50次勝利。,0,501,50,0,0,0,0,0,0,0,0,2601,63,10,0,0,5,255,255,0,1,1,1,0
1563,榮譽之戰5,加入黑渦團、雙蛇黨、不滅隊中的任一部隊並在榮譽野取得100次勝利。,15932,501,100,0,0,0,0,0,0,0,0,2601,64,10,43,30,5,255,101,1,1,1,1,0
1564,榮譽之戰6,加入黑渦團、雙蛇黨、不滅隊中的任一部隊並在榮譽野取得300次勝利。,0,501,300,0,0,0,0,0,0,0,313,2601,65,10,43,30,10,255,255,0,1,1,1,0
1565,盛宴的王者們,在群狼盛宴的任意賽季中取得小隊排名第1名的成績。,0,502,1,0,0,0,0,0,0,0,305,210,0,8,43,30,20,255,255,0,1,1,1,0
1566,盛宴的殺戮者們,在群狼盛宴的任意賽季中取得小隊排名第2-10名的成績。,0,503,1,0,0,0,0,0,0,0,306,210,0,8,43,30,20,255,255,0,1,1,1,0
1567,盛宴的榮譽者們,在群狼盛宴的任意賽季中取得小隊排名第11-30名的成績。,0,504,1,0,0,0,0,0,0,0,307,210,0,8,43,30,20,255,255,0,1,1,1,0
1568,青銅之盛宴狼群,在群狼盛宴的任意賽季中小隊最終取得青銅段位。,0,505,1,0,0,0,0,0,0,0,308,821,0,8,43,30,20,255,255,0,1,1,1,0
1569,白銀之盛宴狼群,在群狼盛宴的任意賽季中小隊最終取得白銀段位。,0,506,1,0,0,0,0,0,0,0,309,821,0,8,43,30,20,255,255,0,1,1,1,0
1570,黃金之盛宴狼群,在群狼盛宴的任意賽季中小隊最終取得黃金段位。,0,507,1,0,0,0,0,0,0,0,310,821,0,8,43,30,20,255,255,0,1,1,1,0
1571,白金之盛宴狼群,在群狼盛宴的任意賽季中小隊最終取得白金段位。,0,508,1,0,0,0,0,0,0,0,311,821,0,8,43,30,20,255,255,0,1,1,1,0
1572,鑽石之盛宴狼群,在群狼盛宴的任意賽季中小隊最終取得鑽石段位。,0,509,1,0,0,0,0,0,0,0,312,821,0,8,43,30,20,255,255,0,1,1,1,0
1573,,,0,0,0,0,0,0,0,0,0,0,0,0,0,0,0,0,0,0,0,0,0,0,0,0
1574,稱霸禁忌城邦瑪哈,成功挑戰禁忌城邦瑪哈。,0,30038,0,0,0,0,0,0,0,0,0,2667,0,4,0,0,10,255,255,0,1,14,40,0
1575,逝者安息,完成任務「安息吧朋友」。,0,67093,0,0,0,0,0,0,0,0,314,26002,203,35,43,50,10,255,255,0,1,6,1,0
1576,死者宮殿的探索者1,成功突破死者宮殿地下10層。,0,513,1,0,0,0,0,0,0,0,0,3284,20,2,0,0,5,255,255,0,1,1,1,0
1577,死者宮殿的探索者2,成功突破死者宮殿地下20層。,0,514,1,0,0,0,0,0,0,0,0,3284,21,2,0,0,5,255,255,0,1,1,1,0
1578,死者宮殿的探索者3,成功突破死者宮殿地下30層。,0,515,1,0,0,0,0,0,0,0,0,3284,22,2,0,0,5,255,255,0,1,1,1,0
1579,死者宮殿的探索者4,成功突破死者宮殿地下40層。,0,516,1,0,0,0,0,0,0,0,0,3284,23,2,0,0,5,255,255,0,1,1,1,0
1580,死者宮殿的探索者5,成功突破死者宮殿地下50層。,0,517,1,0,0,0,0,0,0,0,0,3284,24,2,0,0,10,255,255,0,1,1,1,0
1581,聚魔之光·劍盾,獲得角尊劍和角尊盾。,0,518,1,0,0,0,0,0,0,0,0,30544,100,65,0,0,10,255,255,0,1,1,1,0
1582,聚魔之光·拳套,獲得角尊指虎。,0,519,1,0,0,0,0,0,0,0,0,31112,200,65,0,0,10,255,255,0,1,1,1,0
1583,聚魔之光·大斧,獲得角尊斧。,0,520,1,0,0,0,0,0,0,0,0,31516,300,65,0,0,10,255,255,0,1,1,1,0
1584,聚魔之光·長槍,獲得角尊長槍。,0,521,1,0,0,0,0,0,0,0,0,31916,400,65,0,0,10,255,255,0,1,1,1,0
1585,聚魔之光·長弓,獲得角尊長弓。,0,522,1,0,0,0,0,0,0,0,0,32311,500,65,0,0,10,255,255,0,1,1,1,0
1586,聚魔之光·咒杖,獲得角尊法杖。,0,523,1,0,0,0,0,0,0,0,0,32862,800,65,0,0,10,255,255,0,1,1,1,0
1587,聚魔之光·幻杖,獲得角尊牧杖。,0,524,1,0,0,0,0,0,0,0,0,32444,700,65,0,0,10,255,255,0,1,1,1,0
1588,聚魔之光·雙劍,獲得角尊小刀。,0,525,1,0,0,0,0,0,0,0,0,33898,600,65,0,0,10,255,255,0,1,1,1,0
1589,聚魔之光·魔書,獲得角尊魔導書。,0,526,1,0,0,0,0,0,0,0,0,33552,900,65,0,0,10,255,255,0,1,1,1,0
1590,聚魔之光·魔典,獲得角尊魔導典。,0,527,1,0,0,0,0,0,0,0,0,33553,1000,65,0,0,10,255,255,0,1,1,1,0
1591,聚魔之光·巨劍,獲得角尊巨劍。,0,528,1,0,0,0,0,0,0,0,0,34271,1100,65,0,0,10,255,255,0,1,1,1,0
1592,聚魔之光·火槍,獲得角尊左輪槍。,0,529,1,0,0,0,0,0,0,0,0,34672,1200,65,0,0,10,255,255,0,1,1,1,0
1593,聚魔之光·天球,獲得角尊量天儀。,0,530,1,0,0,0,0,0,0,0,0,34871,1300,65,0,0,10,255,255,0,1,1,1,0
1594,絕命怒嚎,完成任務「絕命怒嚎」。,0,67783,0,0,0,0,0,0,0,0,292,26002,44,76,43,60,10,255,255,0,1,6,26,0
1595,追憶之旅,完成任務「友人的微笑」。,0,67015,0,0,0,0,0,0,0,0,0,26002,44,35,0,0,10,255,255,0,1,6,26,0
1596,紅蓮祭的滅火戰士,完成任務「紅蓮祭的滅火戰士」。,0,67676,0,0,0,0,0,0,0,0,0,48108,61,38,0,0,10,255,255,0,1,6,1,0
1597,一起走過的三周年,完成任務「新生祭的英雄讚歌」。,0,67867,0,0,0,0,0,0,0,0,0,26107,62,38,0,0,10,255,255,0,1,6,1,0
1598,,,0,0,0,0,0,0,0,0,0,0,0,0,0,0,0,0,0,0,0,0,0,0,0,0
1599,踏遍憶罪宮,成功探索憶罪宮（天龍宮殿）的所有地區。,0,292,0,0,0,0,0,0,0,0,0,1001,52,49,0,0,10,255,255,0,1,8,1,0
1600,再次踏遍破艦島,成功探索破艦島（黑渦傳說）的所有地區。,0,297,0,0,0,0,0,0,0,0,0,1001,53,49,0,0,10,255,255,0,1,8,1,0
1601,邪影的征龍者,在極 尼德霍格征龍戰中戰勝尼德霍格。,0,20040,0,0,0,0,0,0,0,0,0,317,16,3,0,0,10,255,255,0,1,14,1,0
1602,踏遍禁忌城邦瑪哈,成功探索禁忌城邦瑪哈的所有地區。,0,298,0,0,0,0,0,0,0,0,0,1001,1031,49,0,0,10,255,255,0,1,8,40,0
1603,可靠的前輩5,參加並完成累計1000次隨機任務：指導者任務。,15451,472,1000,0,0,0,0,0,0,0,0,2808,145,12,43,80,10,255,98,3,1,1,1,0
1604,可靠的前輩6,參加並完成累計2000次隨機任務：指導者任務。,15433,472,2000,0,0,0,0,0,0,0,0,2808,146,12,43,80,20,255,99,1,1,1,1,0
1605,領主之騎士,獲得雙子領主之利劍和雙子領主之堅盾。,0,67864,19,0,0,0,0,0,0,0,0,30545,102,64,0,0,20,255,255,0,1,24,1,0
1606,蘇丹之武僧,獲得強權蘇丹之對拳。,0,67864,20,0,0,0,0,0,0,0,0,31113,202,64,0,0,20,255,255,0,1,24,1,0
1607,皇帝之戰士,獲得鮮血皇帝之巨斧。,0,67864,21,0,0,0,0,0,0,0,0,31517,302,64,0,0,20,255,255,0,1,24,1,0
1608,霸王之龍騎士,獲得蓋世霸王之尖槍。,0,67864,22,0,0,0,0,0,0,0,0,31917,402,64,0,0,20,255,255,0,1,24,1,0
1609,帝王之吟遊詩人,獲得獨裁帝王之長弓。,0,67864,23,0,0,0,0,0,0,0,0,32312,502,64,0,0,20,255,255,0,1,24,1,0
1610,沙皇之白魔道士,獲得純白沙皇之法杖。,0,67864,24,0,0,0,0,0,0,0,0,32693,702,64,0,0,20,255,255,0,1,24,1,0
1611,可汗之黑魔道士,獲得漆黑可汗之魔杖。,0,67864,25,0,0,0,0,0,0,0,0,33061,802,64,0,0,20,255,255,0,1,24,1,0
1612,女王之召喚士,獲得瘋狂女王之書卷。,0,67864,27,0,0,0,0,0,0,0,0,33554,902,64,0,0,20,255,255,0,1,24,1,0
1613,巨擘之學者,獲得絕世巨擘之諾言。,0,67864,28,0,0,0,0,0,0,0,0,33555,1002,64,0,0,20,255,255,0,1,24,1,0
1614,親王之忍者,獲得荊棘親王之銳刺。,0,67864,30,0,0,0,0,0,0,0,0,33899,602,64,0,0,20,255,255,0,1,24,1,0
1615,君主之機工士,獲得王朝君主之烈火。,0,67864,31,0,0,0,0,0,0,0,0,34673,1202,64,0,0,20,255,255,0,1,24,1,0
1616,暴君之暗黑騎士,獲得無道暴君之斬首。,0,67864,32,0,0,0,0,0,0,0,0,34272,1102,64,0,0,20,255,255,0,1,24,1,0
1617,王儲之占星術師,獲得末代王儲之天球。,0,67864,33,0,0,0,0,0,0,0,0,34872,1302,64,0,0,20,255,255,0,1,24,1,0
1618,莫古利修復團1,與莫古利族的「莫古利修復團」之間的關係程度到達1級「中立」。,0,8,1,0,0,0,0,0,0,0,0,62962,0,37,0,0,5,255,255,0,1,15,1,0
1619,莫古利修復團2,與莫古利族的「莫古利修復團」之間的關係程度到達3級「友好」。,0,8,3,0,0,0,0,0,0,0,0,62962,0,37,0,0,5,255,255,0,1,15,1,0
1620,莫古利修復團3,與莫古利族的「莫古利修復團」之間的關係程度到達5級「尊敬」。,0,8,5,0,0,0,0,0,0,0,0,62962,0,37,0,0,10,255,255,0,1,15,1,0
1621,修復團的老師,與莫古利族的「莫古利修復團」之間的關係程度到達7級「誓約」。,0,8,7,0,0,0,0,0,0,0,296,62962,0,37,44,50,20,255,255,0,1,15,1,0
1622,願者上鉤11,在新生、蒼天、紅蓮區域釣上119種釣場之王。,0,267,119,0,0,0,0,0,0,0,0,1102,80,34,0,0,20,255,255,0,1,1,1,0
1623,旋律的沉醉者3,在管弦樂琴樂譜集中加入累計50首樂曲。,15826,464,50,0,0,0,0,0,0,0,0,25945,28,19,47,1,10,255,100,4,1,1,1,0
1624,舞會之星,完成任務「守護天節和奇妙的舞會」。,0,67084,0,0,0,0,0,0,0,0,0,42532,70,38,0,0,10,255,255,0,1,6,1,0
1625,兒科病房的星芒祭,完成任務「星芒祭與父子之情」。,0,67913,0,0,0,0,0,0,0,0,0,42531,71,38,0,0,10,255,255,0,1,6,1,0
1626,猴面雀之友,完成任務「雞與鳥猿的降神祭」。,0,67085,0,0,0,0,0,0,0,0,0,40241,72,38,0,0,10,255,255,0,1,6,1,0
1627,伊修加爾德的盟友們,完成任務「伊修加爾德的盟友們」。,0,67921,0,0,0,0,0,0,0,0,339,60033,0,37,43,60,20,255,255,0,1,6,1,0
1628,聖恩達利姆神學院記：第2章,完成任務「雪中福音」。,0,67746,0,0,0,0,0,0,0,0,0,26002,648,35,0,0,10,255,255,0,1,6,1,0
1629,光陰之翼,完成任務「邁向無人知曉的明天」。,0,67875,0,0,0,0,0,0,0,0,315,26002,226,35,43,60,10,255,255,0,1,6,1,0
1630,靈魂繼承者,完成任務「靈魂繼承者」。,0,67886,0,0,0,0,0,0,0,0,316,26002,45,76,43,60,10,255,255,0,1,6,26,0
1631,九宮卡手6,獲得150種九宮幻卡。,16768,352,150,0,0,0,0,0,0,0,0,27661,45,18,47,15,10,255,102,4,1,1,1,0
1632,街頭決鬥者5,與60位NPC角色進行九宮幻卡對局並取得勝利。,16769,353,60,0,0,0,0,0,0,0,0,3564,54,18,47,15,10,255,103,4,1,1,1,0
1633,願者上鉤12,在新生、蒼天、紅蓮區域釣上135種釣場之王。,0,267,135,0,0,0,0,0,0,0,0,1102,81,34,0,0,20,255,255,0,1,1,1,0
1634,旋律的沉醉者4,在管弦樂琴樂譜集中加入累計70首樂曲。,0,464,70,0,0,0,0,0,0,0,0,25945,29,19,0,0,10,255,255,0,1,1,1,0
1635,旋律的沉醉者5,在管弦樂琴樂譜集中加入累計100首樂曲。,16799,464,100,0,0,0,0,0,0,0,0,25945,30,19,47,1,10,255,104,4,1,1,1,0
1636,睿智的弒神者,在極 女神索菲亞殲滅戰中戰勝索菲亞。,0,20042,0,0,0,0,0,0,0,0,0,317,17,3,0,0,10,255,255,0,1,14,1,0
1637,踏遍塞爾法特爾溪谷,成功探索塞爾法特爾溪谷（險峻峽谷）的所有地區。,0,313,0,0,0,0,0,0,0,0,0,1001,54,49,0,0,10,255,255,0,1,8,1,0
1638,再次踏遍迦巴勒幻想圖書館,成功探索迦巴勒幻想圖書館（秘本寶庫）的所有地區。,0,311,0,0,0,0,0,0,0,0,0,1001,55,49,0,0,10,255,255,0,1,8,1,0
1639,稱霸天動機神城1,成功挑戰亞歷山大機神城天動之章。,0,511,1,0,0,0,0,0,0,0,0,2651,0,4,0,0,5,255,255,0,1,1,36,0
1640,稱霸天動機神城2,累計成功挑戰亞歷山大機神城天動之章5次。,0,511,5,0,0,0,0,0,0,0,0,2651,0,4,0,0,10,255,255,0,1,1,36,0
1641,稱霸天動機神城3,累計成功挑戰亞歷山大機神城天動之章10次。,0,511,10,0,0,0,0,0,0,0,0,2651,0,4,0,0,20,255,255,0,1,1,36,0
1642,完全稱霸天動機神城1,成功挑戰亞歷山大零式機神城天動之章。,0,512,1,0,0,0,0,0,0,0,0,2651,0,4,0,0,5,255,255,0,1,1,36,0
1643,完全稱霸天動機神城2,累計成功挑戰亞歷山大零式機神城天動之章5次。,0,512,5,0,0,0,0,0,0,0,0,2651,0,4,0,0,10,255,255,0,1,1,36,0
1644,完全稱霸天動機神城3,累計成功挑戰亞歷山大零式機神城天動之章10次。,0,512,10,0,0,0,0,0,0,0,0,2651,0,4,0,0,20,255,255,0,1,1,36,0
1645,勇闖天動機神城1,挑戰亞歷山大機神城天動之章，並成功探索第一階段所有地區。,0,326,0,0,0,0,0,0,0,0,0,1001,1057,49,0,0,10,255,255,0,1,8,36,0
1646,勇闖天動機神城2,挑戰亞歷山大機神城天動之章，並成功探索第二階段所有地區。,0,328,0,0,0,0,0,0,0,0,0,1001,1058,49,0,0,10,255,255,0,1,8,36,0
1647,勇闖天動機神城3,挑戰亞歷山大機神城天動之章，並成功探索第三階段所有地區。,0,330,0,0,0,0,0,0,0,0,0,1001,1059,49,0,0,10,255,255,0,1,8,36,0
1648,奇談怪論1,在天書奇談中獲得1次獎勵。,0,532,1,0,0,0,0,0,0,0,0,25987,161,12,0,0,5,255,255,0,1,1,1,0
1649,奇談怪論2,在天書奇談中獲得5次獎勵。,0,532,5,0,0,0,0,0,0,0,317,25987,162,12,43,60,5,255,255,0,1,1,1,0
1650,奇談怪論3,在天書奇談中獲得10次獎勵。,0,532,10,0,0,0,0,0,0,0,0,25987,163,12,0,0,5,255,255,0,1,1,1,0
1651,奇談怪論4,在天書奇談中獲得20次獎勵。,0,532,20,0,0,0,0,0,0,0,0,25987,164,12,0,0,5,255,255,0,1,1,1,0
1652,奇談怪論5,在天書奇談中獲得30次獎勵。,0,532,30,0,0,0,0,0,0,0,0,25987,165,12,0,0,5,255,255,0,1,1,1,0
1653,奇談怪論6,在天書奇談中獲得40次獎勵。,0,532,40,0,0,0,0,0,0,0,0,25987,166,12,0,0,5,255,255,0,1,1,1,0
1654,奇談怪論7,在天書奇談中獲得50次獎勵。,0,532,50,0,0,0,0,0,0,0,318,25987,167,12,43,60,10,255,255,0,1,1,1,0
1655,死者宮殿的探索者6,成功突破死者宮殿地下100層。,0,533,1,0,0,0,0,0,0,0,319,3284,25,2,43,60,10,255,255,0,1,1,1,0
1656,死者宮殿的探索者7,成功突破死者宮殿地下150層。,0,534,1,0,0,0,0,0,0,0,0,3284,26,2,0,0,10,255,255,0,1,1,1,0
1657,死者宮殿的探索者8,成功突破死者宮殿地下200層。,0,535,1,0,0,0,0,0,0,0,0,3284,27,2,0,0,20,255,255,0,1,1,1,0
1658,閃熠之光,獲得任意一把「閃熠裝備」。,0,536,1,0,0,0,0,0,0,0,320,27961,3000,65,43,60,10,255,255,0,1,1,1,0
1659,孤獨的挑戰者1,單人從地下1層進入死者宮殿，並在通過地下50層後記錄積分。,0,537,1,0,0,0,0,0,0,0,0,3321,30,2,0,0,10,255,255,0,1,1,1,0
1660,孤獨的挑戰者2,單人從地下1層進入死者宮殿，並在通過地下100層後記錄積分。,0,538,1,0,0,0,0,0,0,0,321,3321,31,2,43,60,10,255,255,0,1,1,1,0
1661,埋藏的寶藏1,初次發現埋藏的寶藏。,0,539,1,0,0,0,0,0,0,0,0,60035,35,2,0,0,5,255,255,0,1,1,1,0
1662,埋藏的寶藏2,發現埋藏的寶藏100個。,0,539,100,0,0,0,0,0,0,0,0,60035,36,2,0,0,5,255,255,0,1,1,1,0
1663,埋藏的寶藏3,發現埋藏的寶藏1000個。,0,539,1000,0,0,0,0,0,0,0,322,60035,37,2,43,60,10,255,255,0,1,1,1,0
1664,埋藏的寶藏4,發現埋藏的寶藏5000個。,0,539,5000,0,0,0,0,0,0,0,0,60035,38,2,0,0,20,255,255,0,1,1,1,0
1665,直覺敏銳1,初次在未使用「魔陶器：感知寶藏」和「魔科學器：感知寶藏」的情況下發現埋藏的寶藏。,0,540,1,0,0,0,0,0,0,0,0,60035,41,2,0,0,10,255,255,0,1,1,1,0
1666,直覺敏銳2,在未使用「魔陶器：感知寶藏」和「魔科學器：感知寶藏」的情況下發現埋藏的寶藏100個。,0,540,100,0,0,0,0,0,0,0,323,60035,42,2,43,60,20,255,255,0,1,1,1,0
1667,領主之騎士·靈慧,獲得雙子領主之利劍·靈慧和雙子領主之堅盾·靈慧。,0,67915,19,0,0,0,0,0,0,0,0,30545,103,64,0,0,20,255,255,0,1,24,1,0
1668,蘇丹之武僧·靈慧,獲得強權蘇丹之對拳·靈慧。,0,67915,20,0,0,0,0,0,0,0,0,31113,203,64,0,0,20,255,255,0,1,24,1,0
1669,皇帝之戰士·靈慧,獲得鮮血皇帝之巨斧·靈慧。,0,67915,21,0,0,0,0,0,0,0,0,31517,303,64,0,0,20,255,255,0,1,24,1,0
1670,霸王之龍騎士·靈慧,獲得蓋世霸王之尖槍·靈慧。,0,67915,22,0,0,0,0,0,0,0,0,31917,403,64,0,0,20,255,255,0,1,24,1,0
1671,帝王之吟遊詩人·靈慧,獲得獨裁帝王之長弓·靈慧。,0,67915,23,0,0,0,0,0,0,0,0,32312,503,64,0,0,20,255,255,0,1,24,1,0
1672,沙皇之白魔道士·靈慧,獲得純白沙皇之法杖·靈慧。,0,67915,24,0,0,0,0,0,0,0,0,32693,703,64,0,0,20,255,255,0,1,24,1,0
1673,可汗之黑魔道士·靈慧,獲得漆黑可汗之魔杖·靈慧。,0,67915,25,0,0,0,0,0,0,0,0,33061,803,64,0,0,20,255,255,0,1,24,1,0
1674,女王之召喚士·靈慧,獲得瘋狂女王之書卷·靈慧。,0,67915,27,0,0,0,0,0,0,0,0,33554,903,64,0,0,20,255,255,0,1,24,1,0
1675,巨擘之學者·靈慧,獲得絕世巨擘之諾言·靈慧。,0,67915,28,0,0,0,0,0,0,0,0,33555,1003,64,0,0,20,255,255,0,1,24,1,0
1676,親王之忍者·靈慧,獲得荊棘親王之銳刺·靈慧。,0,67915,30,0,0,0,0,0,0,0,0,33899,603,64,0,0,20,255,255,0,1,24,1,0
1677,君主之機工士·靈慧,獲得王朝君主之烈火·靈慧。,0,67915,31,0,0,0,0,0,0,0,0,34673,1203,64,0,0,20,255,255,0,1,24,1,0
1678,暴君之暗黑騎士·靈慧,獲得無道暴君之斬首·靈慧。,0,67915,32,0,0,0,0,0,0,0,0,34272,1103,64,0,0,20,255,255,0,1,24,1,0
1679,王儲之占星術師·靈慧,獲得末代王儲之天球·靈慧。,0,67915,33,0,0,0,0,0,0,0,0,34872,1303,64,0,0,20,255,255,0,1,24,1,0
1680,逝者已矣,完成任務「安息吧死者」。,0,67924,0,0,0,0,0,0,0,0,324,26002,204,35,43,60,10,255,255,0,1,6,1,0
1681,示愛者,完成任務「在戀人節表示感謝」。,0,67956,0,0,0,0,0,0,0,0,0,59627,73,38,0,0,10,255,255,0,1,6,1,0
1682,小黃鶯的忠實粉絲,完成任務「公主節的新裝公演」。,0,67944,0,0,0,0,0,0,0,0,0,43745,74,38,0,0,10,255,255,0,1,6,1,0
1683,彩蛋騎士,完成任務「尋蛋趣和亮閃閃的寶石」。,0,67959,0,0,0,0,0,0,0,0,0,25903,75,38,0,0,10,255,255,0,1,6,1,0
1684,狂歡夜,完成任務「金碟狂歡」。,0,67960,0,0,0,0,0,0,0,0,0,26173,76,38,0,0,10,255,255,0,1,6,1,0
1685,厲鬼的弒神者,在極 鬼神祖爾宛殲滅戰中戰勝祖爾宛。,0,20044,0,0,0,0,0,0,0,0,0,317,18,3,0,0,10,255,255,0,1,14,1,0
1686,踏遍巴埃薩長城,成功探索巴埃薩長城（堅牢鐵壁）的所有地區。,0,337,0,0,0,0,0,0,0,0,0,1001,56,49,0,0,10,255,255,0,1,8,1,0
1687,再次踏遍索姆阿爾靈峰,成功探索索姆阿爾靈峰（天山深境）的所有地區。,0,350,0,0,0,0,0,0,0,0,0,1001,57,49,0,0,10,255,255,0,1,8,1,0
1688,踏遍影之國,成功探索影之國的所有地區。,0,343,0,0,0,0,0,0,0,0,0,1001,1032,49,0,0,10,255,255,0,1,8,40,0
1689,稱霸影之國,成功挑戰影之國。,0,30047,0,0,0,0,0,0,0,0,0,2667,0,4,0,0,10,255,255,0,1,14,40,0
1690,永遠的畢業生,完成任務「路易索瓦的得意門生」。,0,67891,0,0,0,0,0,0,0,0,340,26002,46,76,43,60,10,255,255,0,1,6,26,0
1691,命運的止境,完成任務「命運的止境」。,0,67895,0,0,0,0,0,0,0,0,341,26002,47,76,43,60,10,255,255,0,1,6,26,0
1692,聖恩達利姆神學院記：第3章,完成任務「戰神引領的聖戰」。,0,67900,0,0,0,0,0,0,0,0,342,26002,649,35,43,60,10,255,255,0,1,6,1,0
1693,天天都是寶,完成任務「理想的每一天」。,0,67908,0,0,0,0,0,0,0,0,343,26002,650,35,43,60,10,255,255,0,1,6,1,0
1694,鸞翔鳳集,獲得鳳皇魔笛。,0,67086,0,0,0,0,0,0,0,0,344,26039,250,19,43,60,20,255,255,0,1,6,1,0
1695,血族之騎士,獲得血族劍和聖母盾。,0,67932,19,0,0,0,0,0,0,0,0,30551,104,64,0,0,20,255,255,0,1,24,1,0
1696,鐵腕之武僧,獲得尼耶佩爾鬥拳。,0,67932,20,0,0,0,0,0,0,0,0,31119,204,64,0,0,20,255,255,0,1,24,1,0
1697,主宰之戰士,獲得米諾斯斧。,0,67932,21,0,0,0,0,0,0,0,0,31523,304,64,0,0,20,255,255,0,1,24,1,0
1698,屠戮之龍騎士,獲得屠龍戟。,0,67932,22,0,0,0,0,0,0,0,0,31923,404,64,0,0,20,255,255,0,1,24,1,0
1699,典樂之詩人,獲得特爾潘德弓。,0,67932,23,0,0,0,0,0,0,0,0,32318,504,64,0,0,20,255,255,0,1,24,1,0
1700,閃爍之白魔道士,獲得辛德利幻杖。,0,67932,24,0,0,0,0,0,0,0,0,32699,704,64,0,0,20,255,255,0,1,24,1,0
1701,死命之黑魔道士,獲得死亡命運。,0,67932,25,0,0,0,0,0,0,0,0,33068,804,64,0,0,20,255,255,0,1,24,1,0
1702,摹仿之召喚士,獲得摹仿論。,0,67932,27,0,0,0,0,0,0,0,0,33566,904,64,0,0,20,255,255,0,1,24,1,0
1703,遠征之學者,獲得遠征記。,0,67932,28,0,0,0,0,0,0,0,0,33567,1004,64,0,0,20,255,255,0,1,24,1,0
1704,藏骨之忍者,獲得藏骨短刀。,0,67932,30,0,0,0,0,0,0,0,0,33905,604,64,0,0,20,255,255,0,1,24,1,0
1705,死鎖之機工士,獲得死鎖。,0,67932,31,0,0,0,0,0,0,0,0,34679,1204,64,0,0,20,255,255,0,1,24,1,0
1706,神王之暗黑騎士,獲得柯羅諾斯巨劍。,0,67932,32,0,0,0,0,0,0,0,0,34278,1104,64,0,0,20,255,255,0,1,24,1,0
1707,壽老之占星術師,獲得壽星儀。,0,67932,33,0,0,0,0,0,0,0,0,34878,1304,64,0,0,20,255,255,0,1,24,1,0
1708,血族之騎士·靈光,獲得血族劍·靈光和聖母盾·靈光。,0,67940,19,0,0,0,0,0,0,0,0,30552,105,64,0,0,20,255,255,0,1,24,1,0
1709,鐵腕之武僧·靈光,獲得尼耶佩爾鬥拳·靈光。,0,67940,20,0,0,0,0,0,0,0,0,31120,205,64,0,0,20,255,255,0,1,24,1,0
1710,主宰之戰士·靈光,獲得米諾斯斧·靈光。,0,67940,21,0,0,0,0,0,0,0,0,31524,305,64,0,0,20,255,255,0,1,24,1,0
1711,屠戮之龍騎士·靈光,獲得屠龍戟·靈光。,0,67940,22,0,0,0,0,0,0,0,0,31924,405,64,0,0,20,255,255,0,1,24,1,0
1712,典樂之詩人·靈光,獲得特爾潘德弓·靈光。,0,67940,23,0,0,0,0,0,0,0,0,32319,505,64,0,0,20,255,255,0,1,24,1,0
1713,閃爍之白魔道士·靈光,獲得辛德利幻杖·靈光。,0,67940,24,0,0,0,0,0,0,0,0,32700,705,64,0,0,20,255,255,0,1,24,1,0
1714,死命之黑魔道士·靈光,獲得死亡命運·靈光。,0,67940,25,0,0,0,0,0,0,0,0,33069,805,64,0,0,20,255,255,0,1,24,1,0
1715,摹仿之召喚士·靈光,獲得摹仿論·靈光。,0,67940,27,0,0,0,0,0,0,0,0,33568,905,64,0,0,20,255,255,0,1,24,1,0
1716,遠征之學者·靈光,獲得遠征記·靈光。,0,67940,28,0,0,0,0,0,0,0,0,33569,1005,64,0,0,20,255,255,0,1,24,1,0
1717,藏骨之忍者·靈光,獲得藏骨短刀·靈光。,0,67940,30,0,0,0,0,0,0,0,0,33906,605,64,0,0,20,255,255,0,1,24,1,0
1718,死鎖之機工士·靈光,獲得死鎖·靈光。,0,67940,31,0,0,0,0,0,0,0,0,34680,1205,64,0,0,20,255,255,0,1,24,1,0
1719,神王之暗黑騎士·靈光,獲得柯羅諾斯巨劍·靈光。,0,67940,32,0,0,0,0,0,0,0,0,34279,1105,64,0,0,20,255,255,0,1,24,1,0
1720,壽老之占星術師·靈光,獲得壽星儀·靈光。,0,67940,33,0,0,0,0,0,0,0,0,34879,1305,64,0,0,20,255,255,0,1,24,1,0
1721,專研木工筆記5,累計完成並標記320種製作筆記中的木工配方。,16958,192,320,0,0,0,0,0,0,0,0,1524,25,24,9,60,10,255,107,3,1,1,1,0
1722,專研鍛造筆記5,累計完成並標記380種製作筆記中的鍛造配方。,16959,193,380,0,0,0,0,0,0,0,0,1574,25,25,10,60,10,255,108,3,1,1,1,0
1723,專研甲胄筆記5,累計完成並標記280種製作筆記中的甲冑配方。,16960,194,280,0,0,0,0,0,0,0,0,1625,25,26,11,60,10,255,109,3,1,1,1,0
1724,專研金工筆記5,累計完成並標記550種製作筆記中的金工配方。,16961,195,550,0,0,0,0,0,0,0,0,1676,25,27,12,60,10,255,110,3,1,1,1,0
1725,專研皮革筆記5,累計完成並標記360種製作筆記中的皮革配方。,16962,196,360,0,0,0,0,0,0,0,0,1724,25,28,13,60,10,255,111,3,1,1,1,0
1726,專研裁縫筆記5,累計完成並標記440種製作筆記中的裁縫配方。,16963,197,440,0,0,0,0,0,0,0,0,1774,25,29,14,60,10,255,112,3,1,1,1,0
1727,專研鍊金筆記5,累計完成並標記270種製作筆記中的鍊金配方。,16964,198,270,0,0,0,0,0,0,0,0,1825,25,30,15,60,10,255,113,3,1,1,1,0
1728,專研烹調筆記5,累計完成並標記190種製作筆記中的烹調配方。,16965,199,190,0,0,0,0,0,0,0,0,1875,25,31,16,60,10,255,114,3,1,1,1,0
1729,專研採掘筆記5,累計採掘成功並標記150種採集筆記中記載的採掘師專屬素材。,16966,200,150,0,0,0,0,0,0,0,0,1015,45,32,17,60,10,255,115,3,1,1,1,0
1730,專研採伐筆記5,累計採伐成功並標記230種採集筆記中記載的園藝師專屬素材。,16967,201,230,0,0,0,0,0,0,0,0,1065,45,33,18,60,10,255,116,3,1,1,1,0
1731,專研釣魚筆記5,累計釣上並標記460種釣魚筆記中記載的物種。,16968,202,460,0,0,0,0,0,0,0,0,1104,45,34,19,60,10,255,117,3,1,1,1,0
1732,願者上鉤13,在新生、蒼天、紅蓮區域釣上156種釣場之王。,0,267,156,0,0,0,0,0,0,0,0,1102,82,34,0,0,20,255,255,0,1,1,1,0
1733,,,0,0,0,0,0,0,0,0,0,0,0,0,0,0,0,0,0,0,0,0,0,0,0,0
1734,艾因哈特家的探索任務1,首次達成雲冠群島的探索任務。,0,544,1,0,0,0,0,0,0,0,0,2806,2016,49,0,0,5,255,255,0,1,1,1,1
1735,艾因哈特家的探索任務2,累計達成10次雲冠群島的探索任務。,0,544,10,0,0,0,0,0,0,0,0,2806,2017,49,0,0,5,255,255,0,1,1,1,1
1736,艾因哈特家的探索任務3,累計達成30次雲冠群島的探索任務。,0,544,30,0,0,0,0,0,0,0,0,2806,2018,49,0,0,10,255,255,0,1,1,1,1
1737,艾因哈特家的探索任務4,累計達成100次雲冠群島的探索任務。,0,544,100,0,0,0,0,0,0,0,0,2806,2019,49,0,0,20,255,255,0,1,1,1,1
1738,,,0,0,0,0,0,0,0,0,0,0,0,0,0,0,0,0,0,0,0,0,0,0,0,0
1739,,,0,0,0,0,0,0,0,0,0,0,0,0,0,0,0,0,0,0,0,0,0,0,0,0
1740,,,0,0,0,0,0,0,0,0,0,0,0,0,0,0,0,0,0,0,0,0,0,0,0,0
1741,,,0,0,0,0,0,0,0,0,0,0,0,0,0,0,0,0,0,0,0,0,0,0,0,0
1742,,,0,0,0,0,0,0,0,0,0,0,0,0,0,0,0,0,0,0,0,0,0,0,0,0
1743,激昂青雲1,成功完成30次雲冠群島的F.A.T.E.事件。,0,546,30,0,0,0,0,0,0,0,0,3126,2020,49,0,0,5,255,255,0,1,1,1,1
1744,激昂青雲2,成功完成100次雲冠群島的F.A.T.E.事件。,0,546,100,0,0,0,0,0,0,0,0,3126,2021,49,0,0,5,255,255,0,1,1,1,1
1745,激昂青雲3,成功完成300次雲冠群島的F.A.T.E.事件。,0,546,300,0,0,0,0,0,0,0,0,3126,2022,49,0,0,10,255,255,0,1,1,1,1
1746,稱霸漂流遺跡,完成雲冠群島漂流遺跡的緊急任務。,0,547,1,0,0,0,0,0,0,0,0,317,2023,49,0,0,10,255,255,0,1,1,1,1
1747,如探囊取物1,在群狼盛宴或水晶衝突中首次擊倒敵人（K）。,0,548,1,0,0,0,0,0,0,0,0,254,1001,9,0,0,5,255,255,0,1,1,1,0
1748,如探囊取物2,在群狼盛宴或水晶衝突中累計擊倒敵人（K）100次。,0,548,100,0,0,0,0,0,0,0,345,254,1002,9,43,30,5,255,255,0,1,1,1,0
1749,如探囊取物3,在群狼盛宴或水晶衝突中累計擊倒敵人（K）300次。,17533,548,300,0,0,0,0,0,0,0,0,254,1003,9,43,30,5,255,105,2,1,1,1,0
1750,如探囊取物4,在群狼盛宴或水晶衝突中累計擊倒敵人（K）1000次。,0,548,1000,0,0,0,0,0,0,0,0,254,1004,9,0,0,10,255,255,0,1,1,1,0
1751,如探囊取物5,在群狼盛宴或水晶衝突中累計擊倒敵人（K）5000次。,0,548,5000,0,0,0,0,0,0,0,346,254,1005,9,43,30,20,255,255,0,1,1,1,0
1752,左右手1,在群狼盛宴或水晶衝突中首次拿到助攻（A）。,0,549,1,0,0,0,0,0,0,0,0,618,1101,9,0,0,5,255,255,0,1,1,1,0
1753,左右手2,在群狼盛宴或水晶衝突中累計拿到100次助攻（A）。,0,549,100,0,0,0,0,0,0,0,347,618,1102,9,43,30,5,255,255,0,1,1,1,0
1754,左右手3,在群狼盛宴或水晶衝突中累計拿到300次助攻（A）。,17534,549,300,0,0,0,0,0,0,0,0,618,1103,9,43,30,5,255,106,2,1,1,1,0
1755,左右手4,在群狼盛宴或水晶衝突中累計拿到1000次助攻（A）。,0,549,1000,0,0,0,0,0,0,0,0,618,1104,9,0,0,10,255,255,0,1,1,1,0
1756,左右手5,在群狼盛宴或水晶衝突中累計拿到5000次助攻（A）。,0,549,5000,0,0,0,0,0,0,0,348,618,1105,9,43,30,20,255,255,0,1,1,1,0
1757,守護者,從黑衣法師那裡獲得13個職業稱號。,0,550,1,0,0,0,0,0,0,0,325,40248,260,19,0,0,20,255,255,0,1,1,1,0
1758,金狼,從黑衣法師那裡獲得金狼裝備的全套5件以及牙狼劍，並讓黑衣法師看到全部裝備上的形態。,0,551,1,0,0,0,0,0,0,0,326,30555,261,19,0,0,10,255,255,0,1,1,1,0
1759,漆黑,從黑衣法師那裡獲得漆黑裝備的全套5件以及暗黑斬，並讓黑衣法師看到全部裝備上的形態。,0,553,1,0,0,0,0,0,0,0,328,31528,263,19,0,0,10,255,255,0,1,1,1,0
1760,暗黑,從黑衣法師那裡獲得暗黑裝備的全套5件以及閻魔斬光劍，並讓黑衣法師看到全部裝備上的形態。,0,561,1,0,0,0,0,0,0,0,336,34281,271,19,0,0,10,255,255,0,1,1,1,0
1761,白夜,從黑衣法師那裡獲得白夜裝備的全套5件以及白夜槍，並讓黑衣法師看到全部裝備上的形態。,0,554,1,0,0,0,0,0,0,0,329,31928,264,19,0,0,10,255,255,0,1,1,1,0
1762,魔戒鬥師·拳,從黑衣法師那裡獲得魔戒鬥師裝備的全套5件以及魔戒拳，並讓黑衣法師看到全部裝備上的形態。,0,552,1,0,0,0,0,0,0,0,327,31121,262,19,0,0,10,255,255,0,1,1,1,0
1763,銀狼,從黑衣法師那裡獲得銀狼裝備的全套5件以及銀狼劍，並讓黑衣法師看到全部裝備上的形態。,0,558,1,0,0,0,0,0,0,0,333,33907,266,19,0,0,10,255,255,0,1,1,1,0
1764,魔戒弓師·射,從黑衣法師那裡獲得魔戒弓師裝備的全套5件以及魔戒弓，並讓黑衣法師看到全部裝備上的形態。,0,555,1,0,0,0,0,0,0,0,330,32320,265,19,0,0,10,255,255,0,1,1,1,0
1765,魔戒弓師·擊,從黑衣法師那裡獲得魔戒弓師裝備的全套5件以及魔戒銃，並讓黑衣法師看到全部裝備上的形態。,0,562,1,0,0,0,0,0,0,0,337,34681,272,19,0,0,10,255,255,0,1,1,1,0
1766,魔戒法師·暗,從黑衣法師那裡獲得魔戒魔道士裝備的全套5件以及魔導筆，並讓黑衣法師看到全部裝備上的形態。,0,556,1,0,0,0,0,0,0,0,331,33071,268,19,0,0,10,255,255,0,1,1,1,0
1767,魔戒法師·令,從黑衣法師那裡獲得魔戒魔道士裝備的全套5件以及魔導錄，並讓黑衣法師看到全部裝備上的形態。,0,559,1,0,0,0,0,0,0,0,334,33570,269,19,0,0,10,255,255,0,1,1,1,0
1768,魔戒導師·光,從黑衣法師那裡獲得魔戒導師裝備的全套5件以及魔導杖，並讓黑衣法師看到全部裝備上的形態。,0,557,1,0,0,0,0,0,0,0,332,32703,267,19,0,0,10,255,255,0,1,1,1,0
1769,魔戒導師·知,從黑衣法師那裡獲得魔戒導師裝備的全套5件以及魔戒書，並讓黑衣法師看到全部裝備上的形態。,0,560,1,0,0,0,0,0,0,0,335,33571,270,19,0,0,10,255,255,0,1,1,1,0
1770,魔戒導師·星,從黑衣法師那裡獲得魔戒導師裝備的全套5件以及魔導球，並讓黑衣法師看到全部裝備上的形態。,0,563,1,0,0,0,0,0,0,0,338,34880,273,19,0,0,10,255,255,0,1,1,1,0
1771,轟天,設定從黑衣法師那裡獲得的稱號後在群狼盛宴與水晶衝突中累計取得30次勝利。,16565,564,30,0,0,0,0,0,0,0,0,266,51,7,0,0,10,255,118,1,1,1,1,0
1772,銀牙,設定從黑衣法師那裡獲得的稱號後在紛爭前線與烈羽爭鋒中累計取得10次勝利。,16566,565,10,0,0,0,0,0,0,0,0,266,52,7,0,0,10,255,119,1,1,1,1,0
1773,雷剛,設定從黑衣法師那裡獲得的稱號後在群狼盛宴、水晶衝突、紛爭前線與烈羽爭鋒中累計取得60次勝利。,16567,566,60,0,0,0,0,0,0,0,0,266,53,7,0,0,20,255,120,1,1,1,1,0
1774,熙洛·阿里亞珀的信任1,熙洛·阿里亞珀的信賴等級達到1級。,0,545,1,0,0,0,0,0,0,0,0,25507,181,12,0,0,5,255,255,0,1,1,1,0
1775,熙洛·阿里亞珀的信任2,熙洛·阿里亞珀的信賴等級達到2級。,0,545,2,0,0,0,0,0,0,0,0,25507,182,12,0,0,5,255,255,0,1,1,1,0
1776,熙洛·阿里亞珀的信任3,熙洛·阿里亞珀的信賴等級達到3級。,0,545,3,0,0,0,0,0,0,0,0,25507,183,12,0,0,5,255,255,0,1,1,1,0
1777,熙洛·阿里亞珀的信任4,熙洛·阿里亞珀的信賴等級達到4級。,0,545,4,0,0,0,0,0,0,0,0,25507,184,12,0,0,5,255,255,0,1,1,1,0
1778,熙洛·阿里亞珀的信任5,熙洛·阿里亞珀的信賴等級達到5級。,0,545,5,0,0,0,0,0,0,0,349,25507,185,12,46,60,10,255,255,0,1,1,1,0
1779,熙洛·阿里亞珀的老主顧1,在熙洛·阿里亞珀處累計交納收藏品36次。,0,567,36,0,0,0,0,0,0,0,0,26551,31,22,0,0,5,255,255,0,1,1,1,0
1780,熙洛·阿里亞珀的老主顧2,在熙洛·阿里亞珀處累計交納收藏品48次。,0,567,48,0,0,0,0,0,0,0,0,26551,32,22,0,0,5,255,255,0,1,1,1,0
1781,熙洛·阿里亞珀的老主顧3,在熙洛·阿里亞珀處累計交納收藏品60次。,0,567,60,0,0,0,0,0,0,0,0,26551,33,22,0,0,5,255,255,0,1,1,1,0
1782,熙洛·阿里亞珀的老主顧4,在熙洛·阿里亞珀處累計交納收藏品90次。,0,567,90,0,0,0,0,0,0,0,0,26551,34,22,0,0,5,255,255,0,1,1,1,0
1783,熙洛·阿里亞珀的老主顧5,在熙洛·阿里亞珀處累計交納收藏品120次。,0,567,120,0,0,0,0,0,0,0,0,26551,35,22,0,0,5,255,255,0,1,1,1,0
1784,熙洛·阿里亞珀的老主顧6,在熙洛·阿里亞珀處累計交納收藏品150次。,0,567,150,0,0,0,0,0,0,0,350,26551,36,22,46,60,10,255,255,0,1,1,1,0
1785,找到寶貝了,完成任務「寶物和紅蓮祭」。,0,68496,0,0,0,0,0,0,0,0,0,42538,77,38,0,0,10,255,255,0,1,6,1,0
1786,感謝有你的四周年,完成任務「故障蟲再現」。,0,68497,0,0,0,0,0,0,0,0,0,26107,78,38,0,0,10,255,255,0,1,6,1,0
1787,乘風破浪,完成任務「乘風破浪」。,0,68005,0,0,0,0,0,0,0,0,351,26002,48,76,43,61,20,255,255,0,1,6,27,0
1788,重逢和啟程,完成任務「重逢和啟程」。,0,68012,0,0,0,0,0,0,0,0,352,26002,49,76,43,62,20,255,255,0,1,6,27,0
1789,片刻的風平浪靜,完成任務「片刻的風平浪靜」。,0,68026,0,0,0,0,0,0,0,0,353,26002,50,76,43,63,20,255,255,0,1,6,27,0
1790,邁出的一步,完成任務「邁出的一步」。,0,68035,0,0,0,0,0,0,0,0,354,26002,51,76,43,64,20,255,255,0,1,6,27,0
1791,紅色的祈願,完成任務「紅色的祈願」。,0,68053,0,0,0,0,0,0,0,0,355,26002,52,76,43,66,20,255,255,0,1,6,27,0
1792,離別和歸來,完成任務「離別和歸來」。,0,68062,0,0,0,0,0,0,0,0,356,26002,53,76,43,67,20,255,255,0,1,6,27,0
1793,紅衣女子,完成任務「紅衣女子」。,0,68083,0,0,0,0,0,0,0,0,357,26002,54,76,43,69,20,255,255,0,1,6,27,0
1794,紅蓮解放者,完成任務「紅蓮解放者」。,0,68089,0,0,0,0,0,0,0,0,358,26002,55,76,43,70,20,255,255,0,1,6,27,0
1795,,,0,0,0,0,0,0,0,0,0,0,0,0,0,0,0,0,0,0,0,0,0,0,0,0
1796,明瞭真相,完成任務「異常的真相」。,0,68469,0,0,0,0,0,0,0,0,359,26002,227,35,43,70,10,255,255,0,1,6,1,0
1797,自由之騎士,完成任務「為了更強」。,0,68111,0,0,0,0,0,0,0,0,360,26003,323,77,20,70,5,255,255,0,2,6,1,0
1798,復興之武僧,完成任務「守護之力」。,0,67966,0,0,0,0,0,0,0,0,361,26004,343,77,21,70,5,255,255,0,2,6,1,0
1799,純愛之戰士,完成任務「燃燒吧高吉」。,0,68440,0,0,0,0,0,0,0,0,362,26005,363,77,22,70,5,255,255,0,2,6,1,0
1800,紅血之龍騎士,完成任務「紅血之龍騎士」。,0,68450,0,0,0,0,0,0,0,0,363,26006,383,77,23,70,5,255,255,0,2,6,1,0
1801,紅葉之吟遊詩人,完成任務「和平頌歌」。,0,68430,0,0,0,0,0,0,0,0,364,26007,403,77,24,70,5,255,255,0,2,6,1,0
1802,鎮守之白魔道士,完成任務「角尊的寶貝」。,0,67954,0,0,0,0,0,0,0,0,365,26008,443,77,25,70,5,255,255,0,2,6,1,0
1803,魔石之黑魔道士,完成任務「通向未來的記憶」。,0,68128,0,0,0,0,0,0,0,0,366,26009,463,77,26,70,5,255,255,0,2,6,1,0
1804,最強之召喚士,完成任務「召喚士的使命」。,0,68165,0,0,0,0,0,0,0,0,367,26010,483,77,28,70,5,255,255,0,2,6,1,0
1805,繼承之學者,完成任務「穿越時空的夙願」。,0,68463,0,0,0,0,0,0,0,0,368,26011,503,77,29,70,5,255,255,0,2,6,1,0
1806,西方之忍者,完成任務「影隱忍法帖」。,0,68488,0,0,0,0,0,0,0,0,369,26037,423,77,30,70,5,255,255,0,2,6,1,0
1807,黑霧之暗黑騎士,完成任務「再次相見」。,0,68455,0,0,0,0,0,0,0,0,370,26040,523,77,32,70,5,255,255,0,2,6,1,0
1808,火槍之機工士,完成任務「認同彼此」。,0,68445,0,0,0,0,0,0,0,0,371,26042,543,77,31,70,5,255,255,0,2,6,1,0
1809,天地之占星術師,完成任務「天地交融」。,0,67949,0,0,0,0,0,0,0,0,372,26041,563,77,33,70,5,255,255,0,2,6,1,0
1810,赤紅之赤魔道士,完成任務「最後的抗爭」。,0,68118,0,0,0,0,0,0,0,0,0,26056,581,77,0,0,5,255,255,0,2,6,1,0
1811,紅蓮之赤魔道士,完成任務「抗爭之力」。,0,68123,0,0,0,0,0,0,0,0,373,26056,582,77,35,70,5,255,255,0,2,6,1,0
1812,大義之武士,完成任務「極惡之人木枯」。,0,68101,0,0,0,0,0,0,0,0,0,26055,601,77,0,0,5,255,255,0,2,6,1,0
1813,赤誠之武士,完成任務「決戰龜甲島」。,0,68106,0,0,0,0,0,0,0,0,374,26055,602,77,34,70,5,255,255,0,2,6,1,0
1814,利劍中的領悟7,將劍術士升到70級。,0,1,70,0,0,0,0,0,0,0,0,30408,7,13,0,0,5,255,255,0,1,3,1,0
1815,鬥拳中的領悟7,將格鬥士升到70級。,0,2,70,0,0,0,0,0,0,0,0,31004,27,13,0,0,5,255,255,0,1,3,1,0
1816,大斧中的領悟7,將斧術士升到70級。,0,3,70,0,0,0,0,0,0,0,0,31409,47,13,0,0,5,255,255,0,1,3,1,0
1817,尖槍中的領悟7,將槍術士升到70級。,0,4,70,0,0,0,0,0,0,0,0,31816,67,13,0,0,5,255,255,0,1,3,1,0
1818,箭矢中的領悟7,將弓術士升到70級。,0,5,70,0,0,0,0,0,0,0,0,32204,87,13,0,0,5,255,255,0,1,3,1,0
1819,幻術中的領悟7,將幻術士升到70級。,0,6,70,0,0,0,0,0,0,0,0,32611,7,14,0,0,5,255,255,0,1,3,1,0
1820,咒術中的領悟7,將咒術士升到70級。,0,7,70,0,0,0,0,0,0,0,0,32806,27,14,0,0,5,255,255,0,1,3,1,0
1821,巴術中的領悟7,將巴術士升到70級。,0,26,70,0,0,0,0,0,0,0,0,33401,47,14,0,0,5,255,255,0,1,3,1,0
1822,雙劍中的領悟7,將雙劍士升到70級。,0,29,70,0,0,0,0,0,0,0,0,33801,107,13,0,0,5,255,255,0,1,3,1,0
1823,暗劍中的領悟5,將暗黑騎士升到70級。,0,32,70,0,0,0,0,0,0,0,0,34203,125,13,0,0,5,255,255,0,1,3,1,0
1824,機工中的領悟5,將機工士升到70級。,0,31,70,0,0,0,0,0,0,0,0,34607,145,13,0,0,5,255,255,0,1,3,1,0
1825,星圖中的領悟5,將占星術師升到70級。,0,33,70,0,0,0,0,0,0,0,0,34808,65,14,0,0,5,255,255,0,1,3,1,0
1826,刺劍中的領悟1,將赤魔道士升到50級。,0,35,50,0,0,0,0,0,0,0,0,36747,81,14,0,0,5,255,255,0,1,3,1,0
1827,刺劍中的領悟2,將赤魔道士升到60級。,0,35,60,0,0,0,0,0,0,0,0,36747,82,14,0,0,5,255,255,0,1,3,1,0
1828,刺劍中的領悟3,將赤魔道士升到70級。,0,35,70,0,0,0,0,0,0,0,0,36747,83,14,0,0,5,255,255,0,1,3,1,0
1829,武道中的領悟1,將武士升到50級。,0,34,50,0,0,0,0,0,0,0,0,36427,161,13,0,0,5,255,255,0,1,3,1,0
1830,武道中的領悟2,將武士升到60級。,0,34,60,0,0,0,0,0,0,0,0,36427,162,13,0,0,5,255,255,0,1,3,1,0
1831,武道中的領悟3,將武士升到70級。,0,34,70,0,0,0,0,0,0,0,0,36427,163,13,0,0,5,255,255,0,1,3,1,0
1832,昭武之勇者,將劍術士、格鬥士、斧術士、槍術士、弓術士、雙劍士、暗黑騎士、機工士、武士都升到70級。,0,15,9,0,0,0,0,0,0,0,375,2547,7,12,41,70,20,255,255,0,1,26,1,0
1833,靈魔之智者,將幻術士、咒術士、巴術士、占星術師、赤魔道士都升到70級。,0,16,5,0,0,0,0,0,0,0,376,2661,8,12,42,70,20,255,255,0,1,26,1,0
1834,十四重之道的探究者,達成「昭武之勇者」和「靈魔之智者」兩個成就。,20677,1832,1833,0,0,0,0,0,0,0,0,2517,9,12,43,70,30,255,127,3,2,2,1,0
1835,木工中的領悟7,將木工師升到70級。,0,8,70,0,0,0,0,0,0,0,0,35001,7,15,0,0,5,255,255,0,1,3,1,0
1836,鍛造中的領悟7,將鍛造師升到70級。,0,9,70,0,0,0,0,0,0,0,0,35106,27,15,0,0,5,255,255,0,1,3,1,0
1837,甲胄中的領悟7,將甲冑師升到70級。,0,10,70,0,0,0,0,0,0,0,0,35203,47,15,0,0,5,255,255,0,1,3,1,0
1838,金工中的領悟7,將金工師升到70級。,0,11,70,0,0,0,0,0,0,0,0,35301,67,15,0,0,5,255,255,0,1,3,1,0
1839,皮革中的領悟7,將皮革師升到70級。,0,12,70,0,0,0,0,0,0,0,0,35404,87,15,0,0,5,255,255,0,1,3,1,0
1840,裁縫中的領悟7,將裁縫師升到70級。,0,13,70,0,0,0,0,0,0,0,0,35501,107,15,0,0,5,255,255,0,1,3,1,0
1841,鍊金中的領悟7,將鍊金術師升到70級。,0,14,70,0,0,0,0,0,0,0,0,35604,127,15,0,0,5,255,255,0,1,3,1,0
1842,烹調中的領悟7,將烹調師升到70級。,0,15,70,0,0,0,0,0,0,0,0,35704,147,15,0,0,5,255,255,0,1,3,1,0
1843,草木中的領悟7,將園藝師升到70級。,0,17,70,0,0,0,0,0,0,0,0,38103,27,16,0,0,5,255,255,0,1,3,1,0
1844,礦石中的領悟7,將採掘師升到70級。,0,16,70,0,0,0,0,0,0,0,0,38003,7,16,0,0,5,255,255,0,1,3,1,0
1845,垂釣中的領悟7,將漁師升到70級。,0,18,70,0,0,0,0,0,0,0,0,38203,47,16,0,0,5,255,255,0,1,3,1,0
1846,博志之巧者,將木工師、鍛造師、甲冑師、金工師、皮革師、裁縫師、鍊金術師、烹調師都升到70級。,0,17,8,0,0,0,0,0,0,0,377,61269,25,12,44,70,20,255,255,0,1,26,1,0
1847,淵識之賢者,將採掘師、園藝師、漁師的職業都升到70級。,0,18,3,0,0,0,0,0,0,0,378,1981,26,12,45,70,20,255,255,0,1,26,1,0
1848,木工資深者,完成1000次61-70級的木工作業。,0,573,1000,0,0,0,0,0,0,0,0,35001,8,24,0,0,10,255,255,0,1,1,1,0
1849,鍛造資深者,完成1000次61-70級的鍛造作業。,0,574,1000,0,0,0,0,0,0,0,0,35106,8,25,0,0,10,255,255,0,1,1,1,0
1850,甲冑資深者,完成1000次61-70級的甲冑作業。,0,575,1000,0,0,0,0,0,0,0,0,35203,8,26,0,0,10,255,255,0,1,1,1,0
1851,金工資深者,完成1000次61-70級的金工作業。,0,576,1000,0,0,0,0,0,0,0,0,35301,8,27,0,0,10,255,255,0,1,1,1,0
1852,皮革資深者,完成1000次61-70級的皮革作業。,0,577,1000,0,0,0,0,0,0,0,0,35404,8,28,0,0,10,255,255,0,1,1,1,0
1853,裁縫資深者,完成1000次61-70級的裁縫作業。,0,578,1000,0,0,0,0,0,0,0,0,35501,8,29,0,0,10,255,255,0,1,1,1,0
1854,鍊金資深者,完成1000次61-70級的鍊金作業。,0,579,1000,0,0,0,0,0,0,0,0,35604,8,30,0,0,10,255,255,0,1,1,1,0
1855,烹調資深者,完成1000次61-70級的烹調作業。,0,580,1000,0,0,0,0,0,0,0,0,35704,8,31,0,0,10,255,255,0,1,1,1,0
1856,紅蓮之採伐能手,在61-70級的良材採伐或割草5000次。,0,581,5000,0,0,0,0,0,0,0,0,1056,21,33,0,0,10,255,255,0,1,1,1,0
1857,紅蓮之採掘能手,在61-70級的礦脈採掘或碎石5000次。,0,582,5000,0,0,0,0,0,0,0,0,1015,21,32,0,0,10,255,255,0,1,1,1,0
1858,紅蓮之釣魚能手,在61-70級的釣場捕魚3000次。,0,583,3000,0,0,0,0,0,0,0,0,1101,21,34,0,0,10,255,255,0,1,1,1,0
1859,木匠傳奇5,累計完成100種木工理符任務。,0,181,100,0,0,0,0,0,0,0,0,35001,85,36,0,0,10,255,255,0,1,1,1,0
1860,鐵匠傳奇5,累計完成100種鍛造理符任務。,0,182,100,0,0,0,0,0,0,0,0,35106,105,36,0,0,10,255,255,0,1,1,1,0
1861,甲匠傳奇5,累計完成100種甲冑理符任務。,0,183,100,0,0,0,0,0,0,0,0,35203,125,36,0,0,10,255,255,0,1,1,1,0
1862,金匠傳奇5,累計完成100種金工理符任務。,0,184,100,0,0,0,0,0,0,0,0,35301,145,36,0,0,10,255,255,0,1,1,1,0
1863,革匠傳奇5,累計完成100種皮革理符任務。,0,185,100,0,0,0,0,0,0,0,0,35404,165,36,0,0,10,255,255,0,1,1,1,0
1864,衣匠傳奇5,累計完成100種裁縫理符任務。,0,186,100,0,0,0,0,0,0,0,0,35501,185,36,0,0,10,255,255,0,1,1,1,0
1865,鍊金傳奇5,累計完成100種鍊金理符任務。,0,187,100,0,0,0,0,0,0,0,0,35604,205,36,0,0,10,255,255,0,1,1,1,0
1866,廚師傳奇5,累計完成100種烹調理符任務。,0,188,100,0,0,0,0,0,0,0,0,35704,225,36,0,0,10,255,255,0,1,1,1,0
1867,草木傳奇5,累計完成80種園藝理符任務。,0,190,80,0,0,0,0,0,0,0,0,38103,265,36,0,0,10,255,255,0,1,1,1,0
1868,礦石傳奇5,累計完成80種採掘理符任務。,0,189,80,0,0,0,0,0,0,0,0,38003,245,36,0,0,10,255,255,0,1,1,1,0
1869,漁民傳奇5,累計完成80種釣魚理符任務。,0,191,80,0,0,0,0,0,0,0,0,38203,285,36,0,0,10,255,255,0,1,1,1,0
1870,展翅迎風：基拉巴尼亞邊區,在基拉巴尼亞邊區開放飛行坐騎。,0,7,0,0,0,0,0,0,0,0,0,21901,108,12,0,0,5,255,255,0,1,20,1,0
1871,展翅迎風：基拉巴尼亞山區,在基拉巴尼亞山區開放飛行坐騎。,0,9,0,0,0,0,0,0,0,0,0,21901,109,12,0,0,5,255,255,0,1,20,1,0
1872,展翅迎風：基拉巴尼亞湖區,在基拉巴尼亞湖區開放飛行坐騎。,0,11,0,0,0,0,0,0,0,0,0,21901,110,12,0,0,5,255,255,0,1,20,1,0
1873,展翅迎風：紅玉海,在紅玉海開放飛行坐騎。,0,8,0,0,0,0,0,0,0,0,0,21901,111,12,0,0,5,255,255,0,1,20,1,0
1874,展翅迎風：延夏,在延夏開放飛行坐騎。,0,10,0,0,0,0,0,0,0,0,0,21901,112,12,0,0,5,255,255,0,1,20,1,0
1875,展翅迎風：太陽神草原,在太陽神草原開放飛行坐騎。,0,12,0,0,0,0,0,0,0,0,0,21901,113,12,0,0,5,255,255,0,1,20,1,0
1876,展翅迎風，救民水火,在基拉巴尼亞邊區、基拉巴尼亞山區、基拉巴尼亞湖區、紅玉海、延夏和太陽神草原均開放飛行坐騎。,0,1870,1871,1872,1873,1874,1875,0,0,0,0,21901,114,12,0,0,10,255,255,0,1,2,1,0
1877,踏遍基拉巴尼亞邊區,成功探索基拉巴尼亞邊區的所有地區。,0,367,0,0,0,0,0,0,0,0,0,1001,0,47,0,0,10,255,255,0,1,8,1,0
1878,踏遍基拉巴尼亞山區,成功探索基拉巴尼亞山區的所有地區。,0,368,0,0,0,0,0,0,0,0,0,1001,0,47,0,0,10,255,255,0,1,8,1,0
1879,踏遍基拉巴尼亞湖區,成功探索基拉巴尼亞湖區的所有地區。,0,369,0,0,0,0,0,0,0,0,0,1001,0,47,0,0,10,255,255,0,1,8,1,0
1880,踏遍紅玉海,成功探索紅玉海的所有地區。,0,371,0,0,0,0,0,0,0,0,0,1001,0,48,0,0,10,255,255,0,1,8,1,0
1881,踏遍延夏,成功探索延夏的所有地區。,0,354,0,0,0,0,0,0,0,0,0,1001,0,48,0,0,10,255,255,0,1,8,1,0
1882,踏遍太陽神草原,成功探索太陽神草原的所有地區。,0,372,0,0,0,0,0,0,0,0,0,1001,0,48,0,0,10,255,255,0,1,8,1,0
1883,踏遍賽蓮海,成功探索賽蓮海（漂流海域）的所有地區。,0,359,0,0,0,0,0,0,0,0,0,1001,60,49,0,0,10,255,255,0,1,8,1,0
1884,踏遍紫水宮,成功探索紫水宮（海底宮殿）的所有地區。,0,336,0,0,0,0,0,0,0,0,0,1001,61,49,0,0,10,255,255,0,1,8,1,0
1885,踏遍巴兒達木霸道,成功探索巴兒達木霸道（試煉行路）的所有地區。,0,375,0,0,0,0,0,0,0,0,0,1001,62,49,0,0,10,255,255,0,1,8,1,0
1886,踏遍多瑪王城,成功探索多瑪王城（解放決戰）的所有地區。,0,396,0,0,0,0,0,0,0,0,0,1001,63,49,0,0,10,255,255,0,1,8,1,0
1887,踏遍帝國白山堡,成功探索帝國白山堡（巨砲要塞）的所有地區。,0,397,0,0,0,0,0,0,0,0,0,1001,64,49,0,0,10,255,255,0,1,8,1,0
1888,踏遍阿拉米格,成功探索阿拉米格（激戰紅蓮）的所有地區。,0,373,0,0,0,0,0,0,0,0,0,1001,65,49,0,0,10,255,255,0,1,8,1,0
1889,踏遍黃金閣,成功探索黃金閣（惡黨孤城）的所有地區。,0,360,0,0,0,0,0,0,0,0,0,1001,66,49,0,0,10,255,255,0,1,8,1,0
1890,踏遍星導寺,成功探索星導寺（修行古剎）的所有地區。,0,362,0,0,0,0,0,0,0,0,0,1001,67,49,0,0,10,255,255,0,1,8,1,0
1891,,,0,0,0,0,0,0,0,0,0,0,0,0,0,0,0,0,0,0,0,0,0,0,0,0
1892,,,0,0,0,0,0,0,0,0,0,0,0,0,0,0,0,0,0,0,0,0,0,0,0,0
1893,,,0,0,0,0,0,0,0,0,0,0,0,0,0,0,0,0,0,0,0,0,0,0,0,0
1894,,,0,0,0,0,0,0,0,0,0,0,0,0,0,0,0,0,0,0,0,0,0,0,0,0
1895,稱霸德爾塔幻境1,成功挑戰歐米茄時空狹縫德爾塔幻境。,0,584,1,0,0,0,0,0,0,0,0,2513,0,4,0,0,5,255,255,0,1,1,37,0
1896,稱霸德爾塔幻境2,累計成功挑戰歐米茄時空狹縫德爾塔幻境5次。,0,584,5,0,0,0,0,0,0,0,0,2513,0,4,0,0,10,255,255,0,1,1,37,0
1897,稱霸德爾塔幻境3,累計成功挑戰歐米茄時空狹縫德爾塔幻境10次。,0,584,10,0,0,0,0,0,0,0,0,2513,0,4,0,0,20,255,255,0,1,1,37,0
1898,完全稱霸德爾塔幻境1,成功挑戰歐米茄零式時空狹縫德爾塔幻境。,0,585,1,0,0,0,0,0,0,0,0,2513,0,4,0,0,5,255,255,0,1,1,37,0
1899,完全稱霸德爾塔幻境2,累計成功挑戰歐米茄零式時空狹縫德爾塔幻境5次。,0,585,5,0,0,0,0,0,0,0,0,2513,0,4,0,0,10,255,255,0,1,1,37,0
1900,完全稱霸德爾塔幻境3,累計成功挑戰歐米茄零式時空狹縫德爾塔幻境10次。,0,585,10,0,0,0,0,0,0,0,0,2513,0,4,0,0,20,255,255,0,1,1,37,0
1901,魅惑的弒神者,在極 吉祥天女殲滅戰中戰勝吉祥天女。,0,20049,0,0,0,0,0,0,0,0,0,317,19,3,0,0,10,255,255,0,1,14,1,0
1902,悍勇的弒神者,在極 須佐之男殲滅戰中戰勝須佐之男。,0,20047,0,0,0,0,0,0,0,0,0,317,20,3,0,0,10,255,255,0,1,14,1,0
1903,爐火純青的探索者,完成探索筆記中紅蓮之章的項目1-45。,0,586,45,0,0,0,0,0,0,0,0,1019,65,39,0,0,10,255,255,0,1,1,1,0
1904,分解小能手,成功分解道具10000次。,0,294,10000,0,0,0,0,0,0,0,0,26269,0,21,0,0,10,255,255,0,1,1,1,0
1905,繆塔米克斯的學徒7,成功鑲嵌魔晶石10000次。,0,16,10000,0,0,0,0,0,0,0,0,109,8,23,0,0,10,255,255,0,1,1,1,0
1906,收藏品製作者4,累計製作收藏品3000次。,0,372,3000,0,0,0,0,0,0,0,0,62973,4,22,0,0,10,255,255,0,1,1,1,0
1907,收藏品採集者4,累計採集收藏品5000次。,0,373,5000,0,0,0,0,0,0,0,0,60031,14,22,0,0,10,255,255,0,1,1,1,0
1908,九宮卡手7,獲得190種九宮幻卡。,20256,352,190,0,0,0,0,0,0,0,0,27661,46,18,47,15,10,255,125,4,1,1,1,0
1909,街頭決鬥者6,與70位NPC角色進行九宮幻卡對局並取得勝利。,20257,353,70,0,0,0,0,0,0,0,0,3564,55,18,47,15,10,255,126,4,1,1,1,0
1910,紅蓮狩獵新星,成功討伐在基拉巴尼亞出現的6種B級危險標的怪物。,0,6,603,604,605,606,607,608,0,0,0,2684,22,5,0,0,5,255,255,0,1,5,1,0
1911,紅蓮狩獵行家,成功討伐在基拉巴尼亞出現的6種A級危險標的怪物。,0,6,615,616,617,618,619,620,0,0,0,2680,24,5,0,0,5,255,255,0,1,5,1,0
1912,紅蓮狩獵大師,成功討伐在基拉巴尼亞出現的3種S級危險標的怪物。,0,3,627,628,629,0,0,0,0,0,0,2732,26,5,0,0,5,255,255,0,1,5,1,0
1913,東方狩獵新星,成功討伐在紅玉海、延夏、太陽神草原出現的6種B級危險標的怪物。,0,6,609,610,611,612,613,614,0,0,0,2684,23,5,0,0,5,255,255,0,1,5,1,0
1914,東方狩獵行家,成功討伐在紅玉海、延夏、太陽神草原出現的6種A級危險標的怪物。,0,6,621,622,623,624,625,626,0,0,0,2680,25,5,0,0,5,255,255,0,1,5,1,0
1915,東方狩獵大師,成功討伐在紅玉海、延夏、太陽神草原出現的3種S級危險標的怪物。,0,3,630,631,632,0,0,0,0,0,0,2732,27,5,0,0,5,255,255,0,1,5,1,0
1916,A級精英殺手4,成功討伐1500隻A級危險標的怪物。,0,291,1500,0,0,0,0,0,0,0,0,2680,124,5,0,0,10,255,255,0,1,1,1,0
1917,A級精英殺手5,成功討伐3000隻A級危險標的怪物。,0,291,3000,0,0,0,0,0,0,0,379,2680,125,5,43,61,10,255,255,0,1,1,1,0
1918,A級精英殺手6,成功討伐10000隻A級危險標的怪物。,0,291,10000,0,0,0,0,0,0,0,380,2680,126,5,43,61,10,255,255,0,1,1,1,0
1919,S級精英殺手4,成功討伐1000隻S級危險標的怪物。,0,292,1000,0,0,0,0,0,0,0,0,2732,144,5,0,0,10,255,255,0,1,1,1,0
1920,S級精英殺手5,成功討伐2000隻S級危險標的怪物。,0,292,2000,0,0,0,0,0,0,0,381,2732,145,5,43,61,10,255,255,0,1,1,1,0
1921,S級精英殺手6,成功討伐5000隻S級危險標的怪物。,0,292,5000,0,0,0,0,0,0,0,382,2732,146,5,43,61,10,255,255,0,1,1,1,0
1922,怪物獵人傳奇,達成「A級精英殺手5」和「S級精英殺手5」兩個成就。,20557,1917,1920,0,0,0,0,0,0,0,0,2685,147,5,43,61,10,255,124,1,2,2,1,0
1923,了不起的伐樹工,以最高評價完成F.A.T.E.事件「樹人長老——奇爾尼斯」。,0,587,1,0,0,0,0,0,0,0,0,2629,37,1,0,0,10,255,255,0,1,1,1,0
1924,馮巴巴殺手,以最高評價完成F.A.T.E.事件「強大的襲擊者——馮巴巴」。,0,588,1,0,0,0,0,0,0,0,0,2629,37,1,0,0,10,255,255,0,1,1,1,0
1925,山崩,以最高評價完成F.A.T.E.事件「白色的大臉——濤爾·馬烏恩坦」。,0,589,1,0,0,0,0,0,0,0,0,2629,37,1,0,0,10,255,255,0,1,1,1,0
1926,夢斷魂勞,以最高評價完成F.A.T.E.事件「做夢的大名——大名觀夢螺」。,0,590,1,0,0,0,0,0,0,0,0,2629,37,1,0,0,10,255,255,0,1,1,1,0
1927,塵歸塵土歸土,以最高評價完成F.A.T.E.事件「叛逆的巨兵——鬼童丸」。,0,591,1,0,0,0,0,0,0,0,0,2629,37,1,0,0,10,255,255,0,1,1,1,0
1928,以牙還牙,以最高評價完成F.A.T.E.事件「長牙大物——摩西娑蘇羅」。,0,592,1,0,0,0,0,0,0,0,0,2629,37,1,0,0,10,255,255,0,1,1,1,0
1929,鎮壓妖狐,以最高評價完成F.A.T.E.事件「九尾妖狐——玉藻御前」。,0,593,1,0,0,0,0,0,0,0,0,2629,37,1,0,0,10,255,255,0,1,1,1,0
1930,斷角者,以最高評價完成F.A.T.E.事件「傳說中的雷馬——伊克西翁」。,0,594,1,0,0,0,0,0,0,0,0,2629,37,1,0,0,10,255,255,0,1,1,1,0
1931,答塔克之旅,以最高評價完成F.A.T.E.事件「答塔克的旅程之大王出陣」。,0,595,1,0,0,0,0,0,0,0,0,2629,37,1,0,0,10,255,255,0,1,1,1,0
1932,勇猛之翼1,初次在烈羽爭鋒中參戰。,0,596,1,0,0,0,0,0,0,0,0,2567,0,11,0,0,5,255,255,0,1,1,1,0
1933,勇猛之翼2,在烈羽爭鋒中參戰50次。,0,596,50,0,0,0,0,0,0,0,0,2567,0,11,0,0,5,255,255,0,1,1,1,0
1934,勇猛之翼3,在烈羽爭鋒中參戰100次。,0,596,100,0,0,0,0,0,0,0,0,2567,0,11,0,0,5,255,255,0,1,1,1,0
1935,勇猛之翼4,在烈羽爭鋒中參戰500次。,0,596,500,0,0,0,0,0,0,0,0,2567,0,11,0,0,10,255,255,0,1,1,1,0
1936,勇猛之翼5,在烈羽爭鋒中參戰1000次。,0,596,1000,0,0,0,0,0,0,0,120,2567,0,11,43,30,20,255,255,0,1,1,1,0
1937,凱旋之翼1,在烈羽爭鋒中取得初次勝利。,0,597,1,0,0,0,0,0,0,0,0,2568,0,11,0,0,5,255,255,0,1,1,1,0
1938,凱旋之翼2,在烈羽爭鋒中取勝50次。,0,597,50,0,0,0,0,0,0,0,0,2568,0,11,0,0,5,255,255,0,1,1,1,0
1939,凱旋之翼3,在烈羽爭鋒中取勝100次。,21053,597,100,0,0,0,0,0,0,0,0,2568,0,11,43,30,5,255,128,1,1,1,1,0
1940,凱旋之翼4,在烈羽爭鋒中取勝500次。,0,597,500,0,0,0,0,0,0,0,0,2568,0,11,0,0,10,255,255,0,1,1,1,0
1941,凱旋之翼5,在烈羽爭鋒中取勝1000次。,0,597,1000,0,0,0,0,0,0,0,121,2568,0,11,43,30,20,255,255,0,1,1,1,0
1942,寶藏獵人8,累計20次成功解讀陳舊地圖G9並開啟寶箱。,0,598,20,0,0,0,0,0,0,0,0,115,9,6,0,0,20,255,255,0,1,1,1,0
1943,寶藏獵人9,累計20次成功解讀陳舊地圖G10並開啟寶箱。,0,599,20,0,0,0,0,0,0,0,0,115,10,6,0,0,20,255,255,0,1,1,1,0
1944,運河探險1,初次入侵運河寶物庫。,0,600,1,0,0,0,0,0,0,0,383,116,40,6,43,70,5,255,255,0,1,1,1,0
1945,運河探險2,累計入侵運河寶物庫5次。,0,600,5,0,0,0,0,0,0,0,0,116,41,6,0,0,10,255,255,0,1,1,1,0
1946,運河探險3,累計入侵運河寶物庫10次。,0,600,10,0,0,0,0,0,0,0,0,116,42,6,0,0,10,255,255,0,1,1,1,0
1947,運河探險4,累計入侵運河寶物庫20次。,0,600,20,0,0,0,0,0,0,0,244,116,43,6,43,70,20,255,255,0,1,1,1,0
1948,稱霸運河1,初次稱霸運河寶物庫。,0,601,1,0,0,0,0,0,0,0,0,116,44,6,0,0,5,255,255,0,1,1,1,0
1949,稱霸運河2,累計稱霸運河寶物庫5次。,0,601,5,0,0,0,0,0,0,0,0,116,45,6,0,0,10,255,255,0,1,1,1,0
1950,稱霸運河3,累計稱霸運河寶物庫10次。,0,601,10,0,0,0,0,0,0,0,0,116,46,6,0,0,10,255,255,0,1,1,1,0
1951,稱霸運河4,累計稱霸運河寶物庫20次。,0,601,20,0,0,0,0,0,0,0,245,116,47,6,43,70,20,255,255,0,1,1,1,0
1952,孤獨的挑戰者3,單人從地下1層進入死者宮殿，並到達地下200層。,0,602,1,0,0,0,0,0,0,0,246,3321,32,2,43,60,20,255,255,0,1,1,1,0
1953,為人民服務的騎士1,"使用騎士挑戰「副本迷宮（61級以上）」「極殲滅戰（61級以上）」「幻殲滅戰」「隨機任務：練級迷宮」「隨機任務：拾級迷宮」共計50次。
※隨機任務一天只可以計算一個防護職業，且只能計算一次。",0,633,50,0,0,0,0,0,0,0,0,2505,101,1,0,0,5,255,255,0,1,1,1,0
1954,為人民服務的騎士2,"使用騎士挑戰「副本迷宮（61級以上）」「極殲滅戰（61級以上）」「幻殲滅戰」「隨機任務：練級迷宮」「隨機任務：拾級迷宮」共計100次。
※隨機任務一天只可以計算一個防護職業，且只能計算一次。",0,633,100,0,0,0,0,0,0,0,0,2505,102,1,0,0,10,255,255,0,1,1,1,0
1955,為人民服務的騎士3,"使用騎士挑戰「副本迷宮（61級以上）」「極殲滅戰（61級以上）」「幻殲滅戰」「隨機任務：練級迷宮」「隨機任務：拾級迷宮」共計300次。
※隨機任務一天只可以計算一個防護職業，且只能計算一次。",20552,633,300,0,0,0,0,0,0,0,0,2505,103,1,20,50,20,255,121,1,1,1,1,0
1956,為人民服務的戰士1,"使用戰士挑戰「副本迷宮（61級以上）」「極殲滅戰（61級以上）」「幻殲滅戰」「隨機任務：練級迷宮」「隨機任務：拾級迷宮」共計50次。
※隨機任務一天只可以計算一個防護職業，且只能計算一次。",0,634,50,0,0,0,0,0,0,0,0,2551,121,1,0,0,5,255,255,0,1,1,1,0
1957,為人民服務的戰士2,"使用戰士挑戰「副本迷宮（61級以上）」「極殲滅戰（61級以上）」「幻殲滅戰」「隨機任務：練級迷宮」「隨機任務：拾級迷宮」共計100次。
※隨機任務一天只可以計算一個防護職業，且只能計算一次。",0,634,100,0,0,0,0,0,0,0,0,2551,122,1,0,0,10,255,255,0,1,1,1,0
1958,為人民服務的戰士3,"使用戰士挑戰「副本迷宮（61級以上）」「極殲滅戰（61級以上）」「幻殲滅戰」「隨機任務：練級迷宮」「隨機任務：拾級迷宮」共計300次。
※隨機任務一天只可以計算一個防護職業，且只能計算一次。",20553,634,300,0,0,0,0,0,0,0,0,2551,123,1,22,50,20,255,122,1,1,1,1,0
1959,為人民服務的暗黑騎士1,"使用暗黑騎士挑戰「副本迷宮（61級以上）」「極殲滅戰（61級以上）」「幻殲滅戰」「隨機任務：練級迷宮」「隨機任務：拾級迷宮」共計50次。
※隨機任務一天只可以計算一個防護職業，且只能計算一次。",0,635,50,0,0,0,0,0,0,0,0,3071,141,1,0,0,5,255,255,0,1,1,1,0
1960,為人民服務的暗黑騎士2,"使用暗黑騎士挑戰「副本迷宮（61級以上）」「極殲滅戰（61級以上）」「幻殲滅戰」「隨機任務：練級迷宮」「隨機任務：拾級迷宮」共計100次。
※隨機任務一天只可以計算一個防護職業，且只能計算一次。",0,635,100,0,0,0,0,0,0,0,0,3071,142,1,0,0,10,255,255,0,1,1,1,0
1961,為人民服務的暗黑騎士3,"使用暗黑騎士挑戰「副本迷宮（61級以上）」「極殲滅戰（61級以上）」「幻殲滅戰」「隨機任務：練級迷宮」「隨機任務：拾級迷宮」共計300次。
※隨機任務一天只可以計算一個防護職業，且只能計算一次。",20554,635,300,0,0,0,0,0,0,0,0,3071,143,1,32,50,20,255,123,1,1,1,1,0
1962,聚魔之光·武士刀,獲得角尊太刀。,0,636,1,0,0,0,0,0,0,0,0,36431,1400,65,0,0,10,255,255,0,1,1,1,0
1963,聚魔之光·刺劍,獲得角尊刺劍。,0,637,1,0,0,0,0,0,0,0,0,36751,1500,65,0,0,10,255,255,0,1,1,1,0
1964,忠犬太郎,完成任務「忠犬奮鬥降神祭」。,0,67961,0,0,0,0,0,0,0,0,0,40283,81,38,0,0,10,255,255,0,1,6,6,0
1965,爐火純青的嫺熟探索者,完成探索筆記中紅蓮之章的項目46-62。,0,638,17,0,0,0,0,0,0,0,131,1019,66,39,43,70,10,255,255,0,1,1,1,0
1966,可靠的隊長1,完成10次分隊攻略任務。,0,639,10,0,0,0,0,0,0,0,0,510,0,50,0,0,5,255,255,0,1,1,1,0
1967,可靠的隊長2,完成30次分隊攻略任務。,0,639,30,0,0,0,0,0,0,0,0,510,0,50,0,0,5,255,255,0,1,1,1,0
1968,可靠的隊長3,完成100次分隊攻略任務。,0,639,100,0,0,0,0,0,0,0,0,510,0,50,0,0,10,255,255,0,1,1,1,0
1969,梅·娜格的信任1,梅·娜格的信賴等級達到1級。,0,640,1,0,0,0,0,0,0,0,0,25507,186,12,0,0,5,255,255,0,1,1,1,0
1970,梅·娜格的信任2,梅·娜格的信賴等級達到2級。,0,640,2,0,0,0,0,0,0,0,0,25507,187,12,0,0,5,255,255,0,1,1,1,0
1971,梅·娜格的信任3,梅·娜格的信賴等級達到3級。,0,640,3,0,0,0,0,0,0,0,0,25507,188,12,0,0,5,255,255,0,1,1,1,0
1972,梅·娜格的信任4,梅·娜格的信賴等級達到4級。,0,640,4,0,0,0,0,0,0,0,0,25507,189,12,0,0,5,255,255,0,1,1,1,0
1973,梅·娜格的信任5,梅·娜格的信賴等級達到5級。,0,640,5,0,0,0,0,0,0,0,118,25507,190,12,46,60,10,255,255,0,1,1,1,0
1974,梅·娜格的老主顧1,在梅·娜格處累計交納收藏品36次。,0,641,36,0,0,0,0,0,0,0,0,26551,37,22,0,0,5,255,255,0,1,1,1,0
1975,梅·娜格的老主顧2,在梅·娜格處累計交納收藏品48次。,0,641,48,0,0,0,0,0,0,0,0,26551,38,22,0,0,5,255,255,0,1,1,1,0
1976,梅·娜格的老主顧3,在梅·娜格處累計交納收藏品60次。,0,641,60,0,0,0,0,0,0,0,0,26551,39,22,0,0,5,255,255,0,1,1,1,0
1977,梅·娜格的老主顧4,在梅·娜格處累計交納收藏品90次。,0,641,90,0,0,0,0,0,0,0,0,26551,40,22,0,0,5,255,255,0,1,1,1,0
1978,梅·娜格的老主顧5,在梅·娜格處累計交納收藏品120次。,0,641,120,0,0,0,0,0,0,0,0,26551,41,22,0,0,5,255,255,0,1,1,1,0
1979,梅·娜格的老主顧6,在梅·娜格處累計交納收藏品150次。,0,641,150,0,0,0,0,0,0,0,119,26551,42,22,46,60,10,255,255,0,1,1,1,0
1980,運河深入1,初次入侵運河寶物庫深層。,0,642,1,0,0,0,0,0,0,0,128,116,48,6,43,70,5,255,255,0,1,1,1,0
1981,運河深入2,累計入侵運河寶物庫深層5次。,0,642,5,0,0,0,0,0,0,0,0,116,49,6,0,0,10,255,255,0,1,1,1,0
1982,運河深入3,累計入侵運河寶物庫深層10次。,0,642,10,0,0,0,0,0,0,0,0,116,50,6,0,0,10,255,255,0,1,1,1,0
1983,運河深入4,累計入侵運河寶物庫深層20次。,0,642,20,0,0,0,0,0,0,0,129,116,51,6,43,70,20,255,255,0,1,1,1,0
1984,稱霸運河深層1,初次稱霸運河寶物庫深層。,0,643,1,0,0,0,0,0,0,0,0,116,52,6,0,0,5,255,255,0,1,1,1,0
1985,稱霸運河深層2,累計稱霸運河寶物庫深層5次。,0,643,5,0,0,0,0,0,0,0,0,116,53,6,0,0,10,255,255,0,1,1,1,0
1986,稱霸運河深層3,累計稱霸運河寶物庫深層10次。,0,643,10,0,0,0,0,0,0,0,0,116,54,6,0,0,10,255,255,0,1,1,1,0
1987,稱霸運河深層4,累計稱霸運河寶物庫深層20次。,0,643,20,0,0,0,0,0,0,0,130,116,55,6,43,70,20,255,255,0,1,1,1,0
1988,踏遍斯卡拉遺跡,成功探索斯卡拉遺跡（沉沒神殿）的所有地區。,0,413,0,0,0,0,0,0,0,0,0,1001,68,49,0,0,10,255,255,0,1,8,1,0
1989,神勇的征龍者,在極 神龍殲滅戰中戰勝神龍。,0,20050,0,0,0,0,0,0,0,0,0,317,21,3,0,0,10,255,255,0,1,14,1,0
1990,英雄歸來,完成任務「英雄歸來」。,0,68508,0,0,0,0,0,0,0,0,139,26002,56,76,43,70,20,255,255,0,1,6,27,0
1991,踏遍拉巴納斯塔,成功探索失落之都拉巴納斯塔的所有地區。,0,422,0,0,0,0,0,0,0,0,0,1001,1501,49,0,0,10,255,255,0,1,8,23,0
1992,稱霸拉巴納斯塔,成功挑戰失落之都拉巴納斯塔。,0,30058,0,0,0,0,0,0,0,0,0,2542,0,4,0,0,5,255,255,0,1,14,23,0
1993,狩獵絕 巴哈姆特之人,在絕 巴哈姆特殲滅戰中戰勝至尊巴哈姆特。,0,30057,0,0,0,0,0,0,0,0,138,317,0,4,43,70,10,255,255,0,1,14,1,0
1994,狼來了!,完成任務「守護天節與一群狼」。,0,68548,0,0,0,0,0,0,0,0,0,42584,79,38,0,0,10,255,255,0,1,6,3,0
1995,邂逅的森林,完成任務「小偷與熊的星芒祭」。,0,68546,0,0,0,0,0,0,0,0,0,26038,80,38,0,0,10,255,255,0,1,6,5,0
1996,亥貓戰爭,完成任務「豬豬危機降神祭」。,0,68550,0,0,0,0,0,0,0,0,0,40299,90,38,0,0,10,255,255,0,1,6,16,0
1997,碧玉尋寶眾1,與甲人族的「碧玉尋寶眾」之間的關係程度到達3級「友好」。,0,9,3,0,0,0,0,0,0,0,0,62964,0,37,0,0,5,255,255,0,1,15,1,0
1998,碧玉尋寶眾2,與甲人族的「碧玉尋寶眾」之間的關係程度到達4級「信賴」。,0,9,4,0,0,0,0,0,0,0,0,62964,0,37,0,0,5,255,255,0,1,15,1,0
1999,碧玉尋寶眾3,與甲人族的「碧玉尋寶眾」之間的關係程度到達6級「名譽」。,0,9,6,0,0,0,0,0,0,0,0,62964,0,37,0,0,10,255,255,0,1,15,1,0
2000,尋寶眾親屬,與甲人族的「碧玉尋寶眾」之間的關係程度到達7級「誓約」。,0,9,7,0,0,0,0,0,0,0,140,62964,0,37,43,60,20,255,255,0,1,15,1,0
2001,時尚先鋒1,在時尚品鑑中獲得80分以上的評價。,0,664,1,0,0,0,0,0,0,0,0,119,501,12,0,0,5,255,255,0,1,1,1,0
2002,時尚先鋒2,在時尚品鑑中獲得90分以上的評價。,0,665,1,0,0,0,0,0,0,0,0,119,502,12,0,0,5,255,255,0,1,1,1,0
2003,時尚先鋒3,在時尚品鑑中獲得100分滿分評價。,0,666,1,0,0,0,0,0,0,0,141,119,503,12,47,15,10,255,255,0,1,1,1,0
2004,,,0,0,0,0,0,0,0,0,0,0,0,0,0,0,0,0,0,0,0,0,0,0,0,0
2005,,,0,0,0,0,0,0,0,0,0,0,0,0,0,0,0,0,0,0,0,0,0,0,0,0
2006,旋律的沉醉者6,在管弦樂琴樂譜集中加入累計200首樂曲。,22472,464,200,0,0,0,0,0,0,0,0,25945,31,19,47,1,10,255,129,4,1,1,1,0
2007,礪爪群狼1,在群狼盛宴中以戰隊參戰並取得初次勝利。,0,645,1,0,0,0,0,0,0,0,0,3218,1201,9,0,0,5,255,255,0,1,1,1,1
2008,礪爪群狼2,在群狼盛宴中以戰隊參戰並累計勝利10次。,22354,645,10,0,0,0,0,0,0,0,0,3218,1202,9,0,0,5,255,130,3,1,1,1,1
2009,礪爪群狼3,在群狼盛宴中以戰隊參戰並累計勝利50次。,22353,645,50,0,0,0,0,0,0,0,0,3218,1203,9,0,0,5,255,131,3,1,1,1,1
2010,礪爪群狼4,在群狼盛宴中以戰隊參戰並累計勝利100次。,22356,645,100,0,0,0,0,0,0,0,0,3218,1204,9,0,0,10,255,132,3,1,1,1,1
2011,礪爪群狼5,在群狼盛宴中以戰隊參戰並累計勝利200次。,22355,645,200,0,0,0,0,0,0,0,0,3218,1205,9,0,0,10,255,133,3,1,1,1,1
2012,銳爪群狼,在群狼盛宴中以戰隊參戰並累計勝利500次。,0,645,500,0,0,0,0,0,0,0,172,3218,1206,9,0,0,20,255,255,0,1,1,1,1
2013,曙光微明,完成任務「曙光微明」。,0,68565,0,0,0,0,0,0,0,0,181,26002,57,76,43,70,20,255,255,0,1,6,27,0
2014,阿露帕國境警備隊1,與阿難陀族的「阿露帕國境警備隊」之間的關係程度到達3級「友好」。,0,10,3,0,0,0,0,0,0,0,0,62963,0,37,0,0,5,255,255,0,1,15,1,0
2015,阿露帕國境警備隊2,與阿難陀族的「阿露帕國境警備隊」之間的關係程度到達4級「信賴」。,0,10,4,0,0,0,0,0,0,0,0,62963,0,37,0,0,5,255,255,0,1,15,1,0
2016,阿露帕國境警備隊3,與阿難陀族的「阿露帕國境警備隊」之間的關係程度到達6級「名譽」。,0,10,6,0,0,0,0,0,0,0,0,62963,0,37,0,0,10,255,255,0,1,15,1,0
2017,阿露帕的引導者,與阿難陀族的「阿露帕國境警備隊」之間的關係程度到達7級「誓約」。,0,10,7,0,0,0,0,0,0,0,221,62963,0,37,43,60,20,255,255,0,1,15,1,0
2018,見習愛情傳道士的幫手,完成任務「戀人節與見習愛情傳道士」。,0,68618,0,0,0,0,0,0,0,0,0,52583,82,38,0,0,10,255,255,0,1,6,7,0
2019,狂熱粉絲,完成任務「公主節的大聲援」。,0,68620,0,0,0,0,0,0,0,0,0,26435,83,38,0,0,10,255,255,0,1,6,8,0
2020,彩蛋追蹤者,完成任務「尋蛋趣的大事件」。,0,68615,0,0,0,0,0,0,0,0,0,59680,84,38,0,0,10,255,255,0,1,6,9,0
2021,踏遍獄之蓋,成功探索獄之蓋（紅玉火山）的所有地區。,0,439,0,0,0,0,0,0,0,0,0,1001,69,49,0,0,10,255,255,0,1,8,1,0
2022,再次踏遍無限回廊,成功探索無限回廊（瘋狂戰艦）的所有地區。,0,441,0,0,0,0,0,0,0,0,0,1001,70,49,0,0,10,255,255,0,1,8,1,0
2023,白帝的鎮魂者,在極 白虎征魂戰中戰勝白虎。,0,20052,0,0,0,0,0,0,0,0,0,317,22,3,0,0,10,255,255,0,1,14,1,0
2024,稱霸西格瑪幻境1,成功挑戰歐米茄時空狹縫西格瑪幻境。,0,646,1,0,0,0,0,0,0,0,0,2638,0,4,0,0,5,255,255,0,1,1,37,0
2025,稱霸西格瑪幻境2,累計成功挑戰歐米茄時空狹縫西格瑪幻境5次。,0,646,5,0,0,0,0,0,0,0,0,2638,0,4,0,0,10,255,255,0,1,1,37,0
2026,稱霸西格瑪幻境3,累計成功挑戰歐米茄時空狹縫西格瑪幻境10次。,0,646,10,0,0,0,0,0,0,0,0,2638,0,4,0,0,20,255,255,0,1,1,37,0
2027,完全稱霸西格瑪幻境1,成功挑戰歐米茄零式時空狹縫西格瑪幻境。,0,647,1,0,0,0,0,0,0,0,0,2638,0,4,0,0,5,255,255,0,1,1,37,0
2028,完全稱霸西格瑪幻境2,累計成功挑戰歐米茄零式時空狹縫西格瑪幻境5次。,0,647,5,0,0,0,0,0,0,0,0,2638,0,4,0,0,10,255,255,0,1,1,37,0
2029,完全稱霸西格瑪幻境3,累計成功挑戰歐米茄零式時空狹縫西格瑪幻境10次。,0,647,10,0,0,0,0,0,0,0,0,2638,0,4,0,0,20,255,255,0,1,1,37,0
2030,俠義之騎士·常風,獲得嘉拉汀·常風和艾瓦拉克血十字盾·常風。,0,648,1,0,0,0,0,0,0,0,0,30575,100,66,0,0,10,255,255,0,1,1,1,0
2031,伐煞之戰士·常風,獲得伐煞斧·常風。,0,649,1,0,0,0,0,0,0,0,0,31541,300,66,0,0,10,255,255,0,1,1,1,0
2032,裂斬之暗黑騎士·常風,獲得裂斬劍卡拉德博爾格·常風。,0,650,1,0,0,0,0,0,0,0,0,34299,1100,66,0,0,10,255,255,0,1,1,1,0
2033,真血之龍騎士·常風,獲得龍鬚·常風。,0,651,1,0,0,0,0,0,0,0,0,31947,400,66,0,0,10,255,255,0,1,1,1,0
2034,善見之武僧·常風,獲得善見神輪·常風。,0,652,1,0,0,0,0,0,0,0,0,31142,200,66,0,0,10,255,255,0,1,1,1,0
2035,息風之忍者·常風,獲得息風·常風。,0,653,1,0,0,0,0,0,0,0,0,33921,600,66,0,0,10,255,255,0,1,1,1,0
2036,明珍之武士·常風,獲得菊一文字·常風。,0,654,1,0,0,0,0,0,0,0,0,36412,1400,66,0,0,10,255,255,0,1,1,1,0
2037,必中之吟遊詩人·常風,獲得必中琴弓·常風。,0,655,1,0,0,0,0,0,0,0,0,32342,500,66,0,0,10,255,255,0,1,1,1,0
2038,異鄉之機工士·常風,獲得外來者·常風。,0,656,1,0,0,0,0,0,0,0,0,34693,1200,66,0,0,10,255,255,0,1,1,1,0
2039,破壞之黑魔道士·常風,獲得破壞之杖·常風。,0,657,1,0,0,0,0,0,0,0,0,33093,800,66,0,0,10,255,255,0,1,1,1,0
2040,魔神之召喚士·常風,獲得雷蒙蓋頓·常風。,0,658,1,0,0,0,0,0,0,0,0,33237,900,66,0,0,10,255,255,0,1,1,1,0
2041,死印之赤魔道士·常風,獲得死印劍·常風。,0,659,1,0,0,0,0,0,0,0,0,36701,1500,66,0,0,10,255,255,0,1,1,1,0
2042,驅除之白魔道士·常風,獲得驅除之杖·常風。,0,660,1,0,0,0,0,0,0,0,0,32724,700,66,0,0,10,255,255,0,1,1,1,0
2043,神工之學者·常風,獲得工具論·常風。,0,661,1,0,0,0,0,0,0,0,0,33240,1000,66,0,0,10,255,255,0,1,1,1,0
2044,昴宿之占星術師·常風,獲得昴星團天儀·常風。,0,662,1,0,0,0,0,0,0,0,0,34900,1300,66,0,0,10,255,255,0,1,1,1,0
2045,常風地帶調查報告書,完成禁地優雷卡常風之地的所有劇情目標。,0,663,1,0,0,0,0,0,0,0,0,26185,2111,49,0,0,10,255,255,0,1,1,1,0
2046,踏遍常風之地,成功探索禁地優雷卡常風之地的所有地區。,0,414,0,0,0,0,0,0,0,0,0,1001,2101,49,0,0,10,255,255,0,1,8,1,0
2047,天之御柱的探索者1,成功突破天之御柱第10層。,0,667,1,0,0,0,0,0,0,0,0,2533,101,2,0,0,5,255,255,0,1,1,1,0
2048,天之御柱的探索者2,成功突破天之御柱第20層。,0,668,1,0,0,0,0,0,0,0,0,2533,102,2,0,0,5,255,255,0,1,1,1,0
2049,天之御柱的探索者3,成功突破天之御柱第30層。,0,669,1,0,0,0,0,0,0,0,384,2533,103,2,43,70,5,255,255,0,1,1,1,0
2050,天之御柱的探索者4,成功突破天之御柱第50層。,0,670,1,0,0,0,0,0,0,0,0,2533,104,2,0,0,10,255,255,0,1,1,1,0
2051,天之御柱的探索者5,成功突破天之御柱第100層。,0,671,1,0,0,0,0,0,0,0,385,2533,105,2,43,70,10,255,255,0,1,1,1,0
2052,天光閃耀,獲得任意一把「天之武器」。,0,672,1,0,0,0,0,0,0,0,0,27961,5000,65,0,0,10,255,255,0,1,1,1,0
2053,真正英雄的證明,持有或裝備「天之耳飾」「天之首飾」「天之手飾」「天之指飾」時，與年邁的海盜對話。,0,673,1,0,0,0,0,0,0,0,386,2509,218,19,43,70,10,255,255,0,1,1,1,0
2054,孤高的挑戰者1,單人從第1層進入天之御柱，並在通過第50層後記錄積分。,0,674,1,0,0,0,0,0,0,0,0,3321,108,2,0,0,10,255,255,0,1,1,1,0
2055,孤高的挑戰者2,單人從第1層進入天之御柱，並到達第100層。,0,675,1,0,0,0,0,0,0,0,387,3321,109,2,43,70,10,255,255,0,1,1,1,0
2056,埋藏的寶藏5,發現埋藏的寶藏10000個。,0,539,10000,0,0,0,0,0,0,0,388,60035,39,2,43,60,20,255,255,0,1,1,1,0
2057,踏遍岩燕廟,成功探索岩燕廟（風水靈廟）的所有地區。,0,464,0,0,0,0,0,0,0,0,0,1001,71,49,0,0,10,255,255,0,1,8,1,0
2058,踏遍黎鐸拉納,成功探索封閉聖塔黎鐸拉納大燈塔的所有地區。,0,470,0,0,0,0,0,0,0,0,0,1001,1502,49,0,0,10,255,255,0,1,8,23,0
2059,踏遍恆冰之地,成功探索禁地優雷卡恆冰之地的所有地區。,0,467,0,0,0,0,0,0,0,0,0,1001,2102,49,0,0,10,255,255,0,1,8,1,0
2060,夜月的弒神者,在極 月讀殲滅戰中戰勝月讀。,0,20056,0,0,0,0,0,0,0,0,0,317,23,3,0,0,10,255,255,0,1,14,1,0
2061,常在戰場1,在每日輪換的紛爭前線中取得初次勝利。,0,676,1,0,0,0,0,0,0,0,0,210,101,10,0,0,5,255,255,0,1,1,1,0
2062,常在戰場2,在每日輪換的紛爭前線中取得10次勝利。,0,676,10,0,0,0,0,0,0,0,0,210,102,10,0,0,5,255,255,0,1,1,1,0
2063,常在戰場3,在每日輪換的紛爭前線中取得30次勝利。,0,676,30,0,0,0,0,0,0,0,0,210,103,10,0,0,5,255,255,0,1,1,1,0
2064,常在戰場4,在每日輪換的紛爭前線中取得50次勝利。,0,676,50,0,0,0,0,0,0,0,0,210,104,10,0,0,5,255,255,0,1,1,1,0
2065,常在戰場5,在每日輪換的紛爭前線中取得100次勝利。,23124,676,100,0,0,0,0,0,0,0,0,210,105,10,43,30,10,255,134,1,1,1,1,0
2066,常在戰場6,在每日輪換的紛爭前線中取得300次勝利。,0,676,300,0,0,0,0,0,0,0,389,210,106,10,43,30,20,255,255,0,1,1,1,0
2067,紅的信任1,紅的信賴等級達到1級。,0,677,1,0,0,0,0,0,0,0,0,25507,191,12,0,0,5,255,255,0,1,1,1,0
2068,紅的信任2,紅的信賴等級達到2級。,0,677,2,0,0,0,0,0,0,0,0,25507,192,12,0,0,5,255,255,0,1,1,1,0
2069,紅的信任3,紅的信賴等級達到3級。,0,677,3,0,0,0,0,0,0,0,0,25507,193,12,0,0,5,255,255,0,1,1,1,0
2070,紅的信任4,紅的信賴等級達到4級。,0,677,4,0,0,0,0,0,0,0,0,25507,194,12,0,0,5,255,255,0,1,1,1,0
2071,紅的信任5,紅的信賴等級達到5級。,0,677,5,0,0,0,0,0,0,0,390,25507,195,12,46,62,10,255,255,0,1,1,1,0
2072,紅的老主顧1,在紅處累計交納收藏品36次。,0,678,36,0,0,0,0,0,0,0,0,26551,43,22,0,0,5,255,255,0,1,1,1,0
2073,紅的老主顧2,在紅處累計交納收藏品48次。,0,678,48,0,0,0,0,0,0,0,0,26551,44,22,0,0,5,255,255,0,1,1,1,0
2074,紅的老主顧3,在紅處累計交納收藏品60次。,0,678,60,0,0,0,0,0,0,0,0,26551,45,22,0,0,5,255,255,0,1,1,1,0
2075,紅的老主顧4,在紅處累計交納收藏品90次。,0,678,90,0,0,0,0,0,0,0,0,26551,46,22,0,0,5,255,255,0,1,1,1,0
2076,紅的老主顧5,在紅處累計交納收藏品120次。,0,678,120,0,0,0,0,0,0,0,0,26551,47,22,0,0,5,255,255,0,1,1,1,0
2077,紅的老主顧6,在紅處累計交納收藏品150次。,0,678,150,0,0,0,0,0,0,0,391,26551,48,22,46,62,10,255,255,0,1,1,1,0
2078,九宮卡手8,獲得220種九宮幻卡。,23053,352,220,0,0,0,0,0,0,0,0,27661,47,18,47,15,10,255,135,4,1,1,1,0
2079,願者上鉤14,在新生、蒼天、紅蓮區域釣上170種釣場之王。,0,267,170,0,0,0,0,0,0,0,0,1102,83,34,0,0,20,255,255,0,1,1,1,0
2080,與多瑪的羈絆1,多瑪飛地的重建工作進入第1階段。,0,679,1,0,0,0,0,0,0,0,0,2802,601,12,0,0,5,255,255,0,1,1,1,0
2081,與多瑪的羈絆2,多瑪飛地的重建工作進入第2階段。,0,680,1,0,0,0,0,0,0,0,0,2802,602,12,0,0,10,255,255,0,1,1,1,0
2082,元素之騎士,獲得元素長劍和元素之盾。,0,681,1,0,0,0,0,0,0,0,0,30586,101,66,0,0,10,255,255,0,1,1,1,0
2083,元素之戰士,獲得元素戰斧。,0,682,1,0,0,0,0,0,0,0,0,31560,301,66,0,0,10,255,255,0,1,1,1,0
2084,元素之暗黑騎士,獲得元素斷頭劍。,0,683,1,0,0,0,0,0,0,0,0,34314,1101,66,0,0,10,255,255,0,1,1,1,0
2085,元素之龍騎士,獲得元素龍槍。,0,684,1,0,0,0,0,0,0,0,0,31960,401,66,0,0,10,255,255,0,1,1,1,0
2086,元素之武僧,獲得元素指虎。,0,685,1,0,0,0,0,0,0,0,0,31152,201,66,0,0,10,255,255,0,1,1,1,0
2087,元素之忍者,獲得元素匕首。,0,686,1,0,0,0,0,0,0,0,0,33938,601,66,0,0,10,255,255,0,1,1,1,0
2088,元素之武士,獲得元素武士刀。,0,687,1,0,0,0,0,0,0,0,0,36468,1401,66,0,0,10,255,255,0,1,1,1,0
2089,元素之吟遊詩人,獲得元素豎琴弓。,0,688,1,0,0,0,0,0,0,0,0,32351,501,66,0,0,10,255,255,0,1,1,1,0
2090,元素之機工士,獲得元素手砲。,0,689,1,0,0,0,0,0,0,0,0,34437,1201,66,0,0,10,255,255,0,1,1,1,0
2091,元素之黑魔道士,獲得元素法杖。,0,690,1,0,0,0,0,0,0,0,0,33103,801,66,0,0,10,255,255,0,1,1,1,0
2092,元素之召喚士,獲得元素魔導書。,0,691,1,0,0,0,0,0,0,0,0,33258,901,66,0,0,10,255,255,0,1,1,1,0
2093,元素之赤魔道士,獲得元素刺劍。,0,692,1,0,0,0,0,0,0,0,0,36769,1501,66,0,0,10,255,255,0,1,1,1,0
2094,元素之白魔道士,獲得元素牧杖。,0,693,1,0,0,0,0,0,0,0,0,32735,701,66,0,0,10,255,255,0,1,1,1,0
2095,元素之學者,獲得元素魔導典。,0,694,1,0,0,0,0,0,0,0,0,33257,1001,66,0,0,10,255,255,0,1,1,1,0
2096,元素之占星術師,獲得元素天儀。,0,695,1,0,0,0,0,0,0,0,0,34911,1301,66,0,0,10,255,255,0,1,1,1,0
2097,恆冰地帶調查報告書,完成禁地優雷卡恆冰之地的所有劇情目標。,0,696,1,0,0,0,0,0,0,0,0,26185,2112,49,0,0,10,255,255,0,1,1,1,0
2098,月下芳華,完成主線任務「月下芳華」。,0,68611,0,0,0,0,0,0,0,0,392,26002,58,76,43,70,20,255,255,0,1,6,27,0
2099,大鯰大祭執行委員會1,與鯰魚精族的「大鯰大祭執行委員會」之間的關係程度到達3級「友好」。,0,11,3,0,0,0,0,0,0,0,0,62965,0,37,0,0,5,255,255,0,1,15,1,0
2100,大鯰大祭執行委員會2,與鯰魚精族的「大鯰大祭執行委員會」之間的關係程度到達4級「信賴」。,0,11,4,0,0,0,0,0,0,0,0,62965,0,37,0,0,5,255,255,0,1,15,1,0
2101,大鯰大祭執行委員會3,與鯰魚精族的「大鯰大祭執行委員會」之間的關係程度到達6級「名譽」。,0,11,6,0,0,0,0,0,0,0,0,62965,0,37,0,0,10,255,255,0,1,15,1,0
2102,完美的文明開化,與鯰魚精族的「大鯰大祭執行委員會」之間的關係程度到達7級「誓約」。,0,11,7,0,0,0,0,0,0,0,393,62965,0,37,46,60,20,255,255,0,1,15,1,0
2103,莫古約會,完成季節任務「金碟遊樂園的莫古約會」。,0,68670,0,0,0,0,0,0,0,0,394,26173,85,38,0,0,10,255,255,0,1,6,10,0
2104,全明星,完成季節任務「紅蓮祭與開始的第一步」。,0,68673,0,0,0,0,0,0,0,0,395,40972,86,38,0,0,10,255,255,0,1,6,11,0
2105,不忘歷史的五周年,完成季節任務「新生祭與冒險者們的戰鬥」。,0,68674,0,0,0,0,0,0,0,0,396,26107,87,38,0,0,10,255,255,0,1,6,12,0
2106,稱霸黎鐸拉納,成功挑戰封閉聖塔黎鐸拉納大燈塔。,0,30068,0,0,0,0,0,0,0,0,0,2542,0,4,0,0,5,255,255,0,1,14,23,0
2107,破壞絕 究極武器之人,在絕 究極武器破壞作戰中成功討伐究極武器。,0,30067,0,0,0,0,0,0,0,0,397,317,0,4,43,70,10,255,255,0,1,14,1,0
2108,王在頂點沉睡,完成任務「王在頂點沉睡」。,0,67090,0,0,0,0,0,0,0,0,398,52262,1001,35,43,70,10,255,255,0,1,6,13,0
2109,狩獵進階火龍的人,在極 火龍狩獵戰中狩獵火龍。,0,20054,0,0,0,0,0,0,0,0,0,317,101,3,0,0,10,255,255,0,1,14,13,0
2110,2018年度群狼盛宴區域錦標賽冠軍,在2018年度群狼盛宴區域錦標賽中取得賽區冠軍。,0,1,1,0,0,0,0,0,0,0,399,62968,1,9,0,0,0,255,255,0,0,25,17,1
2111,2018年度群狼盛宴區域錦標賽冠軍,在2018年度群狼盛宴區域錦標賽中取得賽區冠軍。,0,2,1,0,0,0,0,0,0,0,399,62968,2,9,0,0,0,255,255,0,0,25,17,1
2112,2018年度群狼盛宴區域錦標賽冠軍,在2018年度群狼盛宴區域錦標賽中取得賽區冠軍。,0,3,1,0,0,0,0,0,0,0,399,62968,3,9,0,0,0,255,255,0,0,25,17,1
2113,2018年度群狼盛宴區域錦標賽決勝者,在2018年度群狼盛宴區域錦標賽中進入總決賽。,0,4,1,0,0,0,0,0,0,0,400,62967,4,9,0,0,0,255,255,0,0,25,17,1
2114,2018年度群狼盛宴區域錦標賽突破者,在2018年度群狼盛宴區域錦標賽中進入總決賽預選前10名。,0,5,1,0,0,0,0,0,0,0,401,62966,5,9,0,0,0,255,255,0,0,25,17,1
2115,踏遍終末焦土,成功探索終末焦土（死亡大地）的所有地區。,0,480,0,0,0,0,0,0,0,0,0,1001,72,49,0,0,10,255,255,0,1,8,1,0
2116,再次踏遍聖茉夏娜植物園,成功探索聖茉夏娜植物園（污染庭園）的所有地區。,0,481,0,0,0,0,0,0,0,0,0,1001,73,49,0,0,10,255,255,0,1,8,1,0
2117,朱華的鎮魂者,在極 朱雀征魂戰中戰勝朱雀。,0,20058,0,0,0,0,0,0,0,0,0,317,24,3,0,0,10,255,255,0,1,14,1,0
2118,稱霸阿爾法幻境1,成功挑戰歐米茄時空狹縫阿爾法幻境。,0,702,1,0,0,0,0,0,0,0,0,467,0,4,0,0,5,255,255,0,1,1,37,0
2119,稱霸阿爾法幻境2,累計成功挑戰歐米茄時空狹縫阿爾法幻境5次。,0,702,5,0,0,0,0,0,0,0,0,467,0,4,0,0,10,255,255,0,1,1,37,0
2120,稱霸阿爾法幻境3,累計成功挑戰歐米茄時空狹縫阿爾法幻境10次。,0,702,10,0,0,0,0,0,0,0,0,467,0,4,0,0,20,255,255,0,1,1,37,0
2121,完全稱霸阿爾法幻境1,成功挑戰歐米茄零式時空狹縫阿爾法幻境。,0,703,1,0,0,0,0,0,0,0,0,467,0,4,0,0,5,255,255,0,1,1,37,0
2122,完全稱霸阿爾法幻境2,累計成功挑戰歐米茄零式時空狹縫阿爾法幻境5次。,0,703,5,0,0,0,0,0,0,0,0,467,0,4,0,0,10,255,255,0,1,1,37,0
2123,完全稱霸阿爾法幻境3,累計成功挑戰歐米茄零式時空狹縫阿爾法幻境10次。,0,703,10,0,0,0,0,0,0,0,0,467,0,4,0,0,20,255,255,0,1,1,37,0
2124,狂亂前奏,完成任務「狂亂前奏」。,0,68685,0,0,0,0,0,0,0,0,402,26002,59,76,43,70,20,255,255,0,1,6,27,0
2125,願者上鉤15,在新生、蒼天、紅蓮區域釣上185種釣場之王。,0,267,185,0,0,0,0,0,0,0,0,1102,84,34,0,0,20,255,255,0,1,1,1,0
2126,黃金仙人掌怪1,在G.A.T.E.事件「登高跳跳樂大挑戰」中獲得金仙人掌怪。,0,704,1,0,0,0,0,0,0,0,0,59429,130,18,0,0,5,255,255,0,1,1,1,0
2127,黃金仙人掌怪2,在G.A.T.E.事件「登高跳跳樂大挑戰」中累計獲得10次金仙人掌怪。,0,704,10,0,0,0,0,0,0,0,0,59429,131,18,0,0,5,255,255,0,1,1,1,0
2128,黃金仙人掌怪3,在G.A.T.E.事件「登高跳跳樂大挑戰」中累計獲得20次金仙人掌怪。,0,704,20,0,0,0,0,0,0,0,0,59429,132,18,0,0,10,255,255,0,1,1,1,0
2129,與多瑪的羈絆3,多瑪飛地的重建工作進入第3階段。,0,705,1,0,0,0,0,0,0,0,0,2802,603,12,0,0,10,255,255,0,1,1,1,0
2130,與多瑪的羈絆4,多瑪飛地的重建工作進入第4階段。,0,706,1,0,0,0,0,0,0,0,0,2802,604,12,0,0,10,255,255,0,1,1,1,0
2131,與多瑪的羈絆5,多瑪飛地的重建工作進入第5階段。,0,68689,0,0,0,0,0,0,0,0,403,2802,605,12,43,61,20,255,255,0,1,6,1,0
2132,踏入神殿1,初次入侵運河寶物庫神殿。,0,708,1,0,0,0,0,0,0,0,404,116,56,6,43,70,5,255,255,0,1,1,1,0
2133,踏入神殿2,累計入侵運河寶物庫神殿5次。,0,708,5,0,0,0,0,0,0,0,0,116,57,6,0,0,10,255,255,0,1,1,1,0
2134,踏入神殿3,累計入侵運河寶物庫神殿10次。,0,708,10,0,0,0,0,0,0,0,0,116,58,6,0,0,10,255,255,0,1,1,1,0
2135,踏入神殿4,累計入侵運河寶物庫神殿20次。,0,708,20,0,0,0,0,0,0,0,405,116,59,6,43,70,20,255,255,0,1,1,1,0
2136,稱霸運河神殿1,初次稱霸運河寶物庫神殿。,0,709,1,0,0,0,0,0,0,0,0,116,60,6,0,0,5,255,255,0,1,1,1,0
2137,稱霸運河神殿2,累計稱霸運河寶物庫神殿5次。,0,709,5,0,0,0,0,0,0,0,0,116,61,6,0,0,10,255,255,0,1,1,1,0
2138,稱霸運河神殿3,累計稱霸運河寶物庫神殿10次。,0,709,10,0,0,0,0,0,0,0,0,116,62,6,0,0,10,255,255,0,1,1,1,0
2139,稱霸運河神殿4,累計稱霸運河寶物庫神殿20次。,0,709,20,0,0,0,0,0,0,0,406,116,63,6,43,70,20,255,255,0,1,1,1,0
2140,幽靈之友,完成任務「守護天節與奇異的暗號」。,0,68707,0,0,0,0,0,0,0,0,0,59707,88,38,0,0,10,255,255,0,1,6,14,0
2141,森都謝幕之音,完成任務「獻給所有人的星芒祭」。,0,68711,0,0,0,0,0,0,0,0,0,42621,89,38,0,0,10,255,255,0,1,6,15,0
2142,年糕也瘋狂,完成任務「福鼠切糕降神祭」。,0,68712,0,0,0,0,0,0,0,0,0,40312,100,38,0,0,10,255,255,0,1,6,33,0
2143,湧火之騎士,獲得湧火長劍和湧火之盾。,0,710,1,0,0,0,0,0,0,0,0,30586,102,66,0,0,10,255,255,0,1,1,1,0
2144,湧火之戰士,獲得湧火戰斧。,0,711,1,0,0,0,0,0,0,0,0,31560,302,66,0,0,10,255,255,0,1,1,1,0
2145,湧火之暗黑騎士,獲得湧火斷頭劍。,0,712,1,0,0,0,0,0,0,0,0,34314,1102,66,0,0,10,255,255,0,1,1,1,0
2146,湧火之龍騎士,獲得湧火龍槍。,0,713,1,0,0,0,0,0,0,0,0,31960,402,66,0,0,10,255,255,0,1,1,1,0
2147,湧火之武僧,獲得湧火指虎。,0,714,1,0,0,0,0,0,0,0,0,31152,202,66,0,0,10,255,255,0,1,1,1,0
2148,湧火之忍者,獲得湧火匕首。,0,715,1,0,0,0,0,0,0,0,0,33938,602,66,0,0,10,255,255,0,1,1,1,0
2149,湧火之武士,獲得湧火武士刀。,0,716,1,0,0,0,0,0,0,0,0,36468,1402,66,0,0,10,255,255,0,1,1,1,0
2150,湧火之吟遊詩人,獲得湧火豎琴弓。,0,717,1,0,0,0,0,0,0,0,0,32351,502,66,0,0,10,255,255,0,1,1,1,0
2151,湧火之機工士,獲得湧火手砲。,0,718,1,0,0,0,0,0,0,0,0,34437,1202,66,0,0,10,255,255,0,1,1,1,0
2152,湧火之黑魔道士,獲得湧火法杖。,0,719,1,0,0,0,0,0,0,0,0,33103,802,66,0,0,10,255,255,0,1,1,1,0
2153,湧火之召喚士,獲得湧火魔導書。,0,720,1,0,0,0,0,0,0,0,0,33258,902,66,0,0,10,255,255,0,1,1,1,0
2154,湧火之赤魔道士,獲得湧火刺劍。,0,721,1,0,0,0,0,0,0,0,0,36769,1502,66,0,0,10,255,255,0,1,1,1,0
2155,湧火之白魔道士,獲得湧火牧杖。,0,722,1,0,0,0,0,0,0,0,0,32735,702,66,0,0,10,255,255,0,1,1,1,0
2156,湧火之學者,獲得湧火魔導典。,0,723,1,0,0,0,0,0,0,0,0,33257,1002,66,0,0,10,255,255,0,1,1,1,0
2157,湧火之占星術師,獲得湧火天儀。,0,724,1,0,0,0,0,0,0,0,0,34911,1302,66,0,0,10,255,255,0,1,1,1,0
2158,踏遍湧火之地,成功探索禁地優雷卡湧火之地的所有地區。,0,484,0,0,0,0,0,0,0,0,0,1001,2103,49,0,0,10,255,255,0,1,8,1,0
2159,湧火地帶調查報告書,完成禁地優雷卡湧火之地的所有劇情目標。,0,725,1,0,0,0,0,0,0,0,0,26185,2113,49,0,0,10,255,255,0,1,1,1,0
2160,開戰之時,完成任務「開戰之時」。,0,68719,0,0,0,0,0,0,0,0,0,26002,60,76,0,0,20,255,255,0,1,6,27,0
2161,九尾狐狸,獲得九尾神威魔笛。,0,68736,0,0,0,0,0,0,0,0,408,26039,1200,19,43,70,20,255,255,0,1,6,1,0
2162,踏遍基姆利特暗區,成功探索基姆利特暗區（國境防線）的所有地區。,0,500,0,0,0,0,0,0,0,0,0,1001,74,49,0,0,10,255,255,0,1,8,1,0
2163,踏遍甌博訥修道院,成功探索樂欲之所甌博訥修道院的所有地區。,0,512,0,0,0,0,0,0,0,0,0,1001,1503,49,0,0,10,255,255,0,1,8,23,0
2164,稱霸甌博訥修道院,成功挑戰樂欲之所甌博訥修道院。,0,30077,0,0,0,0,0,0,0,0,0,2542,0,4,0,0,5,255,255,0,1,14,23,0
2165,青君的鎮魂者,在極 青龍征魂戰中戰勝青龍。,0,20061,0,0,0,0,0,0,0,0,0,317,25,3,0,0,10,255,255,0,1,14,1,0
2166,專研木工筆記6,累計完成並標記410種製作筆記中的木工配方。,24821,192,410,0,0,0,0,0,0,0,0,1524,26,24,9,70,10,255,136,3,1,1,1,0
2167,專研鍛造筆記6,累計完成並標記480種製作筆記中的鍛造配方。,24822,193,480,0,0,0,0,0,0,0,0,1574,26,25,10,70,10,255,137,3,1,1,1,0
2168,專研甲胄筆記6,累計完成並標記340種製作筆記中的甲冑配方。,24823,194,340,0,0,0,0,0,0,0,0,1625,26,26,11,70,10,255,138,3,1,1,1,0
2169,專研金工筆記6,累計完成並標記730種製作筆記中的金工配方。,24824,195,730,0,0,0,0,0,0,0,0,1676,26,27,12,70,10,255,139,3,1,1,1,0
2170,專研皮革筆記6,累計完成並標記460種製作筆記中的皮革配方。,24825,196,460,0,0,0,0,0,0,0,0,1724,26,28,13,70,10,255,140,3,1,1,1,0
2171,專研裁縫筆記6,累計完成並標記550種製作筆記中的裁縫配方。,24826,197,550,0,0,0,0,0,0,0,0,1774,26,29,14,70,10,255,141,3,1,1,1,0
2172,專研鍊金筆記6,累計完成並標記370種製作筆記中的鍊金配方。,24827,198,370,0,0,0,0,0,0,0,0,1825,26,30,15,70,10,255,142,3,1,1,1,0
2173,專研烹調筆記6,累計完成並標記230種製作筆記中的烹調配方。,24828,199,230,0,0,0,0,0,0,0,0,1875,26,31,16,70,10,255,143,3,1,1,1,0
2174,專研採掘筆記6,累計採掘成功並標記180種採集筆記中記載的採掘師專屬素材。,24829,200,180,0,0,0,0,0,0,0,0,1015,46,32,17,70,10,255,144,3,1,1,1,0
2175,專研採伐筆記6,累計採伐成功並標記280種採集筆記中記載的園藝師專屬素材。,24830,201,280,0,0,0,0,0,0,0,0,1065,46,33,18,70,10,255,145,3,1,1,1,0
2176,專研釣魚筆記6,累計釣上並標記780種釣魚筆記中記載的物種。,24831,202,780,0,0,0,0,0,0,0,0,1104,46,34,19,70,10,255,146,3,1,1,1,0
2177,王牌駕駛員1,完美完成1次G.A.T.E.事件「空軍裝甲駕駛員」。,0,727,1,0,0,0,0,0,0,0,0,3032,140,18,0,0,5,255,255,0,1,1,1,0
2178,王牌駕駛員2,完美完成10次G.A.T.E.事件「空軍裝甲駕駛員」。,0,727,10,0,0,0,0,0,0,0,0,3032,141,18,0,0,5,255,255,0,1,1,1,0
2179,王牌駕駛員3,完美完成20次G.A.T.E.事件「空軍裝甲駕駛員」。,0,727,20,0,0,0,0,0,0,0,0,3032,142,18,0,0,10,255,255,0,1,1,1,0
2180,運籌帷幄1,在「多瑪方城戰」中積分超過1600點。,25061,728,1,0,0,0,0,0,0,0,0,1954,1000,18,47,15,5,255,147,4,1,1,1,0
2181,運籌帷幄2,在「多瑪方城戰」中積分超過1800點。,0,729,1,0,0,0,0,0,0,0,409,1954,1001,18,47,15,5,255,255,0,1,1,1,0
2182,運籌帷幄3,在「多瑪方城戰」中積分超過2000點。,0,730,1,0,0,0,0,0,0,0,410,1954,1002,18,47,15,10,255,255,0,1,1,1,0
2183,亞德基拉的信任1,亞德基拉的信賴等級達到1級。,0,731,1,0,0,0,0,0,0,0,0,25507,196,12,0,0,5,255,255,0,1,1,1,0
2184,亞德基拉的信任2,亞德基拉的信賴等級達到2級。,0,731,2,0,0,0,0,0,0,0,0,25507,197,12,0,0,5,255,255,0,1,1,1,0
2185,亞德基拉的信任3,亞德基拉的信賴等級達到3級。,0,731,3,0,0,0,0,0,0,0,0,25507,198,12,0,0,5,255,255,0,1,1,1,0
2186,亞德基拉的信任4,亞德基拉的信賴等級達到4級。,0,731,4,0,0,0,0,0,0,0,0,25507,199,12,0,0,5,255,255,0,1,1,1,0
2187,亞德基拉的信任5,亞德基拉的信賴等級達到5級。,0,731,5,0,0,0,0,0,0,0,411,25507,200,12,46,66,10,255,255,0,1,1,1,0
2188,亞德基拉的老主顧1,在亞德基拉處累計交納收藏品36次。,0,732,36,0,0,0,0,0,0,0,0,26551,49,22,0,0,5,255,255,0,1,1,1,0
2189,亞德基拉的老主顧2,在亞德基拉處累計交納收藏品48次。,0,732,48,0,0,0,0,0,0,0,0,26551,50,22,0,0,5,255,255,0,1,1,1,0
2190,亞德基拉的老主顧3,在亞德基拉處累計交納收藏品60次。,0,732,60,0,0,0,0,0,0,0,0,26551,51,22,0,0,5,255,255,0,1,1,1,0
2191,亞德基拉的老主顧4,在亞德基拉處累計交納收藏品90次。,0,732,90,0,0,0,0,0,0,0,0,26551,52,22,0,0,5,255,255,0,1,1,1,0
2192,亞德基拉的老主顧5,在亞德基拉處累計交納收藏品120次。,0,732,120,0,0,0,0,0,0,0,0,26551,53,22,0,0,5,255,255,0,1,1,1,0
2193,亞德基拉的老主顧6,在亞德基拉處累計交納收藏品150次。,0,732,150,0,0,0,0,0,0,0,412,26551,54,22,46,66,10,255,255,0,1,1,1,0
2194,魔書中的領悟1,將青魔道士升到10級。,0,36,10,0,0,0,0,0,0,0,0,39903,1001,14,0,0,5,255,255,0,1,3,1,0
2195,魔書中的領悟2,將青魔道士升到20級。,0,36,20,0,0,0,0,0,0,0,0,39903,1002,14,0,0,5,255,255,0,1,3,1,0
2196,魔書中的領悟3,將青魔道士升到30級。,0,36,30,0,0,0,0,0,0,0,0,39903,1003,14,0,0,5,255,255,0,1,3,1,0
2197,魔書中的領悟4,將青魔道士升到40級。,0,36,40,0,0,0,0,0,0,0,0,39903,1004,14,0,0,5,255,255,0,1,3,1,0
2198,魔書中的領悟5,將青魔道士升到50級。,0,36,50,0,0,0,0,0,0,0,0,39903,1005,14,0,0,5,255,255,0,1,3,1,0
2199,學海無涯1,學習5種青魔法。,0,6,5,0,0,0,0,0,0,0,0,62969,1101,14,0,0,5,255,255,0,1,25,1,0
2200,學海無涯3,學習20種青魔法。,0,6,20,0,0,0,0,0,0,0,0,62969,1103,14,0,0,5,255,255,0,1,25,1,0
2201,學海無涯4,學習30種青魔法。,0,6,30,0,0,0,0,0,0,0,413,62969,1104,14,36,1,5,255,255,0,1,25,1,0
2202,學海無涯5,學習40種青魔法。,0,6,40,0,0,0,0,0,0,0,0,62969,1105,14,0,0,5,255,255,0,1,25,1,0
2203,假面狂歡1,完成1種假面狂歡關卡。,0,733,1,0,0,0,0,0,0,0,0,3253,1001,2,0,0,5,255,255,0,1,1,1,0
2204,假面狂歡2,完成5種假面狂歡關卡。,0,733,5,0,0,0,0,0,0,0,0,3253,1002,2,0,0,5,255,255,0,1,1,1,0
2205,假面狂歡3,完成10種假面狂歡關卡。,0,733,10,0,0,0,0,0,0,0,0,3253,1003,2,0,0,5,255,255,0,1,1,1,0
2206,假面狂歡4,完成15種假面狂歡關卡。,0,733,15,0,0,0,0,0,0,0,0,3253,1004,2,0,0,5,255,255,0,1,1,1,0
2207,假面狂歡5,完成20種假面狂歡關卡。,0,733,20,0,0,0,0,0,0,0,0,3253,1005,2,0,0,5,255,255,0,1,1,1,0
2208,假面狂歡6,完成25種假面狂歡關卡。,0,733,25,0,0,0,0,0,0,0,414,3253,1006,2,36,50,5,255,255,0,1,1,1,0
2209,巨人狩獵,在假面狂歡中達成巨人狩獵。,0,734,1,0,0,0,0,0,0,0,0,26058,1101,2,0,0,10,255,255,0,1,1,1,0
2210,觸手愛好者,在假面狂歡中達成觸手愛好者。,0,735,1,0,0,0,0,0,0,0,0,26058,1102,2,0,0,10,255,255,0,1,1,1,0
2211,青之完美,在假面狂歡中達成青之完美。,0,736,1,0,0,0,0,0,0,0,415,26058,1103,2,36,50,10,255,255,0,1,1,1,0
2212,勇武之騎士·優雷卡,獲得安忒亞·優雷卡和柏勒洛豐·優雷卡。,0,737,1,0,0,0,0,0,0,0,0,30598,103,66,0,0,10,255,255,0,1,1,1,0
2213,光芒之戰士·優雷卡,獲得沙瑪什·優雷卡。,0,738,1,0,0,0,0,0,0,0,0,31572,303,66,0,0,10,255,255,0,1,1,1,0
2214,穿刺之暗黑騎士·優雷卡,獲得劍魚·優雷卡。,0,739,1,0,0,0,0,0,0,0,0,34327,1103,66,0,0,10,255,255,0,1,1,1,0
2215,猛毒之龍騎士·優雷卡,獲得瓔珞蛇·優雷卡。,0,740,1,0,0,0,0,0,0,0,0,31974,403,66,0,0,10,255,255,0,1,1,1,0
2216,豐饒之武僧·優雷卡,獲得杜穆齊德·優雷卡。,0,741,1,0,0,0,0,0,0,0,0,31164,203,66,0,0,10,255,255,0,1,1,1,0
2217,輕身之忍者·優雷卡,獲得鵲·優雷卡。,0,742,1,0,0,0,0,0,0,0,0,33950,603,66,0,0,10,255,255,0,1,1,1,0
2218,威嚴之武士·優雷卡,獲得鳥頭太刀·優雷卡。,0,743,1,0,0,0,0,0,0,0,0,36481,1403,66,0,0,10,255,255,0,1,1,1,0
2219,銳眼之吟遊詩人·優雷卡,獲得澤鷹·優雷卡,0,744,1,0,0,0,0,0,0,0,0,32363,503,66,0,0,10,255,255,0,1,1,1,0
2220,自由之機工師·優雷卡,獲得瑪麗弗里斯·優雷卡。,0,745,1,0,0,0,0,0,0,0,0,34449,1203,66,0,0,10,255,255,0,1,1,1,0
2221,復仇之黑魔道士·優雷卡,獲得座頭鯨·優雷卡。,0,746,1,0,0,0,0,0,0,0,0,33116,803,66,0,0,10,255,255,0,1,1,1,0
2222,閃耀之召喚士·優雷卡,獲得圖亞·優雷卡。,0,747,1,0,0,0,0,0,0,0,0,33282,903,66,0,0,10,255,255,0,1,1,1,0
2223,巔峰之赤魔道士·優雷卡,獲得布魯奈羅·優雷卡。,0,748,1,0,0,0,0,0,0,0,0,36781,1503,66,0,0,10,255,255,0,1,1,1,0
2224,謙遜之白魔道士·優雷卡,獲得夜薔薇·優雷卡。,0,749,1,0,0,0,0,0,0,0,0,32747,703,66,0,0,10,255,255,0,1,1,1,0
2225,重生之學者·優雷卡,獲得傑巴特·優雷卡。,0,750,1,0,0,0,0,0,0,0,0,33281,1003,66,0,0,10,255,255,0,1,1,1,0
2226,牛宿之占星術師·優雷卡,獲得輦道增七·優雷卡。,0,751,1,0,0,0,0,0,0,0,0,34923,1303,66,0,0,10,255,255,0,1,1,1,0
2227,稱霸兵武塔1,首次成功挑戰兵武塔。,24626,752,1,0,0,0,0,0,0,0,0,64612,501,71,43,70,5,255,148,1,1,1,1,0
2228,稱霸兵武塔2,累計成功挑戰兵武塔5次。,0,752,5,0,0,0,0,0,0,0,0,64612,502,71,0,0,5,255,255,0,1,1,1,0
2229,稱霸兵武塔3,累計成功挑戰兵武塔10次。,0,752,10,0,0,0,0,0,0,0,0,64612,503,71,0,0,5,255,255,0,1,1,1,0
2230,踏遍豐水之地,成功探索禁地優雷卡豐水之地的所有地區。,0,515,0,0,0,0,0,0,0,0,0,1001,2104,49,0,0,10,255,255,0,1,8,1,0
2231,豐水地帶調查報告書,完成禁地優雷卡豐水之地的所有劇情目標。,0,753,1,0,0,0,0,0,0,0,416,26185,2114,49,43,70,10,255,255,0,1,1,1,0
2232,隱塞之翼,在隱塞（機動戰）中取勝100次。,24631,754,100,0,0,0,0,0,0,0,0,2568,0,11,43,30,5,255,149,1,1,1,1,0
2233,英雄挽歌,完成任務「英雄挽歌」。,0,68721,0,0,0,0,0,0,0,0,417,26002,61,76,43,70,20,255,255,0,1,6,27,0
2234,再見了親愛的調查員,完成任務「最強的男人不會停歇」。,0,68704,0,0,0,0,0,0,0,0,418,26002,653,35,43,70,10,255,255,0,1,6,1,0
2235,文化碰撞,完成任務「三種至寶」。,0,68700,0,0,0,0,0,0,0,0,419,60033,0,37,43,70,20,255,255,0,1,6,1,0
2236,仗劍的習武者,在真 保鑣殲滅戰中戰勝保鑣。,0,20059,0,0,0,0,0,0,0,0,0,317,26,3,0,0,10,255,255,0,1,14,1,0
2237,愛的見證人,完成任務「戀人節與多彩的愛」。,0,68741,0,0,0,0,0,0,0,0,0,53292,91,38,0,0,10,255,255,0,1,6,18,0
2238,公主節與追夢的公主,完成任務「公主節與追夢的公主」。,0,68744,0,0,0,0,0,0,0,0,0,41750,92,38,0,0,10,255,255,0,1,6,19,0
2239,尋蛋趣乃新的旅程,完成任務「尋蛋趣是新的旅程」。,0,68740,0,0,0,0,0,0,0,0,0,43858,93,38,0,0,10,255,255,0,1,6,20,0
2240,身在其中,完成任務「金碟遊樂園的明星」。,0,68743,0,0,0,0,0,0,0,0,0,26173,94,38,0,0,10,255,255,0,1,6,21,0
2241,戰友,完成任務「風之使者」。,0,68696,0,0,0,0,0,0,0,0,420,43848,95,38,0,0,10,255,255,0,1,6,22,0
2242,豐水地帶完整調查報告書,完成禁地優雷卡豐水之地的真正劇情目標。,0,756,1,0,0,0,0,0,0,0,0,26185,2115,49,0,0,0,255,255,0,1,1,1,1
2243,尋物高手再出擊,完成任務「尋物高手再出擊」。,0,68726,0,0,0,0,0,0,0,0,421,2542,901,35,43,70,10,255,255,0,1,6,23,0
2244,學海無涯2,學習10種青魔法。,0,6,10,0,0,0,0,0,0,0,0,62969,1102,14,0,0,5,255,255,0,1,25,1,0
2245,願者上鉤16,在新生、蒼天、紅蓮區域釣上204種釣場之王。,0,267,204,0,0,0,0,0,0,0,407,1102,85,34,19,70,20,255,255,0,1,1,1,0
2246,利劍中的領悟8,將劍術士升到80級。,0,1,80,0,0,0,0,0,0,0,0,30408,8,13,0,0,5,255,255,0,1,3,1,0
2247,鬥拳中的領悟8,將格鬥士升到80級。,0,2,80,0,0,0,0,0,0,0,0,31004,28,13,0,0,5,255,255,0,1,3,1,0
2248,大斧中的領悟8,將斧術士升到80級。,0,3,80,0,0,0,0,0,0,0,0,31409,48,13,0,0,5,255,255,0,1,3,1,0
2249,尖槍中的領悟8,將槍術士升到80級。,0,4,80,0,0,0,0,0,0,0,0,31816,68,13,0,0,5,255,255,0,1,3,1,0
2250,箭矢中的領悟8,將弓術士升到80級。,0,5,80,0,0,0,0,0,0,0,0,32204,88,13,0,0,5,255,255,0,1,3,1,0
2251,幻術中的領悟8,將幻術士升到80級。,0,6,80,0,0,0,0,0,0,0,0,32611,8,14,0,0,5,255,255,0,1,3,1,0
2252,咒術中的領悟8,將咒術士升到80級。,0,7,80,0,0,0,0,0,0,0,0,32806,28,14,0,0,5,255,255,0,1,3,1,0
2253,巴術中的領悟8,將巴術士升到80級。,0,26,80,0,0,0,0,0,0,0,0,33401,48,14,0,0,5,255,255,0,1,3,1,0
2254,雙劍中的領悟8,將雙劍士升到80級。,0,29,80,0,0,0,0,0,0,0,0,33801,108,13,0,0,5,255,255,0,1,3,1,0
2255,暗劍中的領悟6,將暗黑騎士升到80級。,0,32,80,0,0,0,0,0,0,0,0,34203,126,13,0,0,5,255,255,0,1,3,1,0
2256,機工中的領悟6,將機工士升到80級。,0,31,80,0,0,0,0,0,0,0,0,34607,146,13,0,0,5,255,255,0,1,3,1,0
2257,星圖中的領悟6,將占星術師升到80級。,0,33,80,0,0,0,0,0,0,0,0,34808,66,14,0,0,5,255,255,0,1,3,1,0
2258,刺劍中的領悟4,將赤魔道士升到80級。,0,35,80,0,0,0,0,0,0,0,0,36747,84,14,0,0,5,255,255,0,1,3,1,0
2259,武道中的領悟4,將武士升到80級。,0,34,80,0,0,0,0,0,0,0,0,36427,164,13,0,0,5,255,255,0,1,3,1,0
2260,槍刃中的領悟1,將絕槍戰士升到70級。,0,37,70,0,0,0,0,0,0,0,0,36005,181,13,0,0,5,255,255,0,1,3,1,0
2261,槍刃中的領悟2,將絕槍戰士升到80級。,0,37,80,0,0,0,0,0,0,0,0,36005,182,13,0,0,5,255,255,0,1,3,1,0
2262,舞步中的領悟1,將舞者升到70級。,0,38,70,0,0,0,0,0,0,0,0,36205,201,13,0,0,5,255,255,0,1,3,1,0
2263,舞步中的領悟2,將舞者升到80級。,0,38,80,0,0,0,0,0,0,0,0,36205,202,13,0,0,5,255,255,0,1,3,1,0
2264,木工中的領悟8,將木工師升到80級。,0,8,80,0,0,0,0,0,0,0,0,35001,8,15,0,0,5,255,255,0,1,3,1,0
2265,鍛造中的領悟8,將鍛造師升到80級。,0,9,80,0,0,0,0,0,0,0,0,35106,28,15,0,0,5,255,255,0,1,3,1,0
2266,甲胄中的領悟8,將甲冑師升到80級。,0,10,80,0,0,0,0,0,0,0,0,35203,48,15,0,0,5,255,255,0,1,3,1,0
2267,金工中的領悟8,將金工師升到80級。,0,11,80,0,0,0,0,0,0,0,0,35301,68,15,0,0,5,255,255,0,1,3,1,0
2268,皮革中的領悟8,將皮革師升到80級。,0,12,80,0,0,0,0,0,0,0,0,35404,88,15,0,0,5,255,255,0,1,3,1,0
2269,裁縫中的領悟8,將裁縫師升到80級。,0,13,80,0,0,0,0,0,0,0,0,35501,108,15,0,0,5,255,255,0,1,3,1,0
2270,鍊金中的領悟8,將鍊金術師升到80級。,0,14,80,0,0,0,0,0,0,0,0,35604,128,15,0,0,5,255,255,0,1,3,1,0
2271,烹調中的領悟8,將烹調師升到80級。,0,15,80,0,0,0,0,0,0,0,0,35704,148,15,0,0,5,255,255,0,1,3,1,0
2272,草木中的領悟8,將園藝師升到80級。,0,17,80,0,0,0,0,0,0,0,0,38103,28,16,0,0,5,255,255,0,1,3,1,0
2273,礦石中的領悟8,將採掘師升到80級。,0,16,80,0,0,0,0,0,0,0,0,38003,8,16,0,0,5,255,255,0,1,3,1,0
2274,垂釣中的領悟8,將漁師升到80級。,0,18,80,0,0,0,0,0,0,0,0,38203,48,16,0,0,5,255,255,0,1,3,1,0
2275,精武之勇者,將劍術士、格鬥士、斧術士、槍術士、弓術士、雙劍士、暗黑騎士、機工士、武士、絕槍戰士、舞者都升到80級。,0,19,11,0,0,0,0,0,0,0,422,2547,10,12,41,80,20,255,255,0,1,26,1,0
2276,導魔之智者,將幻術士、咒術士、巴術士、占星術師、赤魔道士都升到80級。,0,20,5,0,0,0,0,0,0,0,423,2661,11,12,42,80,20,255,255,0,1,26,1,0
2277,十六重之道的探究者,達成「精武之勇者」和「導魔之智者」兩個成就。,27967,2275,2276,0,0,0,0,0,0,0,0,2517,12,12,43,80,30,255,150,1,2,2,1,0
2278,博物之巧者,將木工師、鍛造師、甲冑師、金工師、皮革師、裁縫師、鍊金術師、烹調師都升到80級。,0,21,8,0,0,0,0,0,0,0,424,61269,27,12,44,80,20,255,255,0,1,26,1,0
2279,飽識之賢者,將採掘師、園藝師、漁師的職業都升到80級。,0,22,3,0,0,0,0,0,0,0,425,1981,28,12,45,80,20,255,255,0,1,26,1,0
2280,木工覺悟者,完成1000次71-80級的木工作業。,0,757,1000,0,0,0,0,0,0,0,0,35001,9,24,0,0,10,255,255,0,1,1,1,0
2281,鍛造覺悟者,完成1000次71-80級的鍛造作業。,0,758,1000,0,0,0,0,0,0,0,0,35106,9,25,0,0,10,255,255,0,1,1,1,0
2282,甲冑覺悟者,完成1000次71-80級的甲冑作業。,0,759,1000,0,0,0,0,0,0,0,0,35203,9,26,0,0,10,255,255,0,1,1,1,0
2283,金工覺悟者,完成1000次71-80級的金工作業。,0,760,1000,0,0,0,0,0,0,0,0,35301,9,27,0,0,10,255,255,0,1,1,1,0
2284,皮革覺悟者,完成1000次71-80級的皮革作業。,0,761,1000,0,0,0,0,0,0,0,0,35404,9,28,0,0,10,255,255,0,1,1,1,0
2285,裁縫覺悟者,完成1000次71-80級的裁縫作業。,0,762,1000,0,0,0,0,0,0,0,0,35501,9,29,0,0,10,255,255,0,1,1,1,0
2286,鍊金覺悟者,完成1000次71-80級的鍊金作業。,0,763,1000,0,0,0,0,0,0,0,0,35604,9,30,0,0,10,255,255,0,1,1,1,0
2287,烹調覺悟者,完成1000次71-80級的烹調作業。,0,764,1000,0,0,0,0,0,0,0,0,35704,9,31,0,0,10,255,255,0,1,1,1,0
2288,漆黑之採伐能手,在71-80級的良材採伐或割草5000次。,0,765,5000,0,0,0,0,0,0,0,0,1056,22,33,0,0,10,255,255,0,1,1,1,0
2289,漆黑之採掘能手,在71-80級的礦脈採掘或碎石5000次。,0,766,5000,0,0,0,0,0,0,0,0,1015,22,32,0,0,10,255,255,0,1,1,1,0
2290,漆黑之釣魚能手,在71-80級的釣場捕魚3000次。,0,767,3000,0,0,0,0,0,0,0,0,1101,22,34,0,0,10,255,255,0,1,1,1,0
2291,收藏品製作者5,累計製作收藏品5000次。,0,372,5000,0,0,0,0,0,0,0,0,62973,5,22,0,0,10,255,255,0,1,1,1,0
2292,收藏品採集者5,累計採集收藏品8000次。,0,373,8000,0,0,0,0,0,0,0,0,60031,15,22,0,0,10,255,255,0,1,1,1,0
2293,暗之戰士,完成任務「暗之戰士」。,0,68837,0,0,0,0,0,0,0,0,426,26002,62,76,43,71,20,255,255,0,1,6,28,0
2294,命運再次轉動,完成任務「命運再次轉動」。,0,68857,0,0,0,0,0,0,0,0,427,26002,63,76,43,73,20,255,255,0,1,6,28,0
2295,向著遠方祈禱,完成任務「向著遠方祈禱」。,0,68878,0,0,0,0,0,0,0,0,428,26002,64,76,43,76,20,255,255,0,1,6,28,0
2296,痛在拯救之後,完成任務「痛在拯救之後」。,0,69158,0,0,0,0,0,0,0,0,429,26002,65,76,43,77,20,255,255,0,1,6,28,0
2297,熄滅最後的光,完成任務「熄滅最後的光」。,0,69179,0,0,0,0,0,0,0,0,430,26002,66,76,43,79,20,255,255,0,1,6,28,0
2298,漆黑反叛者,完成任務「漆黑反叛者」。,0,69190,0,0,0,0,0,0,0,0,431,26002,67,76,43,80,20,255,255,0,1,6,28,0
2299,堅壁之守護者,完成任務「真正的絕槍戰士」。,0,68802,0,0,0,0,0,0,0,0,432,26061,604,77,37,70,5,255,255,0,2,6,1,0
2300,退邪之舞者,完成任務「最精彩的演出」。,0,68790,0,0,0,0,0,0,0,0,433,26062,606,77,38,70,5,255,255,0,2,6,1,0
2301,正義英雄,完成任務「你曾說過的話」。,0,68784,0,0,0,0,0,0,0,0,0,61264,800,77,0,0,5,255,255,0,2,6,1,0
2302,節制英雄,完成任務「光榮的被驅逐者」。,0,68808,0,0,0,0,0,0,0,0,0,61251,801,77,0,0,5,255,255,0,2,6,1,0
2303,勇氣英雄,完成任務「不朽的搭檔」。,0,68814,0,0,0,0,0,0,0,0,0,61265,802,77,0,0,5,255,255,0,2,6,1,0
2304,智慧英雄,完成任務「終於又能見到你了」。,0,69164,0,0,0,0,0,0,0,0,0,61262,803,77,0,0,5,255,255,0,2,6,1,0
2305,英雄史詩,完成任務「影之英雄譚」。,0,69165,0,0,0,0,0,0,0,0,434,2698,804,77,43,80,10,255,255,0,2,6,1,0
2306,守護之騎士,完成任務「堅守之物」。,0,68746,0,0,0,0,0,0,0,0,435,26003,324,77,20,80,5,255,255,0,1,6,1,0
2307,星導之武僧,完成任務「星導繼承者」。,0,68747,0,0,0,0,0,0,0,0,436,26004,344,77,21,80,5,255,255,0,1,6,1,0
2308,碎石之戰士,完成任務「戰士歸來」。,0,68748,0,0,0,0,0,0,0,0,437,26005,364,77,22,80,5,255,255,0,1,6,1,0
2309,黑翼之龍騎士,完成任務「獻給那孤高的守護者」。,0,68749,0,0,0,0,0,0,0,0,438,26006,384,77,23,80,5,255,255,0,1,6,1,0
2310,合奏之吟遊詩人,完成任務「響徹雲霄的三重奏」。,0,68750,0,0,0,0,0,0,0,0,439,26007,404,77,24,80,5,255,255,0,1,6,1,0
2311,治癒之白魔道士,完成任務「治癒之力的源泉」。,0,68751,0,0,0,0,0,0,0,0,440,26008,444,77,25,80,5,255,255,0,1,6,1,0
2312,破壞之黑魔道士,完成任務「精誠所至，金石為開」。,0,68752,0,0,0,0,0,0,0,0,441,26009,464,77,26,80,5,255,255,0,1,6,1,0
2313,先導之召喚士,完成任務「次優召喚士」。,0,68753,69569,0,0,0,0,0,0,0,442,26010,484,77,28,80,5,255,255,0,1,9,1,0
2314,全新之學者,完成任務「新次元學者」。,0,68754,0,0,0,0,0,0,0,0,443,26011,504,77,29,80,5,255,255,0,1,6,1,0
2315,異界之忍者,完成任務「朧的秘策」。,0,68755,0,0,0,0,0,0,0,0,444,26037,424,77,30,80,5,255,255,0,1,6,1,0
2316,孤高之暗黑騎士,完成任務「勇往直前的孤高騎士」。,0,68757,0,0,0,0,0,0,0,0,445,26040,524,77,32,80,5,255,255,0,1,6,1,0
2317,未來之機工士,完成任務「開創！機工士的明天」。,0,68756,0,0,0,0,0,0,0,0,446,26042,544,77,31,80,5,255,255,0,1,6,1,0
2318,夜空之占星術師,完成任務「蕾薇瓦戀愛了？」。,0,68758,0,0,0,0,0,0,0,0,447,26041,564,77,33,80,5,255,255,0,1,6,1,0
2319,疾風之赤魔道士,完成任務「以劍承志」。,0,68760,0,0,0,0,0,0,0,0,448,26056,583,77,35,80,5,255,255,0,1,6,1,0
2320,主角之武士,完成任務「仗劍行俠無雙齋傳」。,0,68759,0,0,0,0,0,0,0,0,449,26055,603,77,34,80,5,255,255,0,1,6,1,0
2321,雙璧之守護者,完成任務「另一位絕槍戰士」。,0,68761,0,0,0,0,0,0,0,0,450,26061,605,77,37,80,5,255,255,0,1,6,1,0
2322,彷徨之舞者,完成任務「向新天地進發」。,0,68762,0,0,0,0,0,0,0,0,451,26062,607,77,38,80,5,255,255,0,1,6,1,0
2323,黑鐵工坊的拯救者,完成任務「黑鐵工坊」。,0,68765,0,0,0,0,0,0,0,0,452,1988,900,77,57,80,5,255,255,0,2,6,1,0
2324,時光工坊的恩師,完成任務「實錄資料003‘修復羈絆的工匠’」。,0,68768,0,0,0,0,0,0,0,0,453,1987,901,77,58,80,5,255,255,0,2,6,1,0
2325,阿馬羅心靈拯救者,完成任務「治癒舊傷」。,0,68771,0,0,0,0,0,0,0,0,454,1955,902,77,59,80,5,255,255,0,2,6,1,0
2326,薩邁爾搜索隊的名譽隊長,完成任務「接近傳說中的生物薩邁爾的真相！」。,0,68774,0,0,0,0,0,0,0,0,455,1006,903,77,60,80,5,255,255,0,2,6,1,0
2327,水生資源部改革的功臣,完成任務「水晶病的治療方法」。,0,68777,0,0,0,0,0,0,0,0,456,1116,904,77,61,80,5,255,255,0,2,6,1,0
2328,中庸工藝館的助力,完成任務「照亮水晶都的光芒」。,0,68778,0,0,0,0,0,0,0,0,457,1901,905,77,46,80,10,255,255,0,2,6,1,0
2329,展翅迎風：雷克蘭德,在雷克蘭德開放飛行坐騎。,0,13,0,0,0,0,0,0,0,0,0,21901,115,12,0,0,5,255,255,0,1,20,1,0
2330,展翅迎風：珂露西亞島,在珂露西亞島開放飛行坐騎。,0,16,0,0,0,0,0,0,0,0,0,21901,116,12,0,0,5,255,255,0,1,20,1,0
2331,展翅迎風：安穆·艾蘭,在安穆·艾蘭開放飛行坐騎。,0,14,0,0,0,0,0,0,0,0,0,21901,117,12,0,0,5,255,255,0,1,20,1,0
2332,展翅迎風：伊爾美格,在伊爾美格開放飛行坐騎。,0,15,0,0,0,0,0,0,0,0,0,21901,118,12,0,0,5,255,255,0,1,20,1,0
2333,展翅迎風：拉凱提卡大森林,在拉凱提卡大森林開放飛行坐騎。,0,17,0,0,0,0,0,0,0,0,0,21901,119,12,0,0,5,255,255,0,1,20,1,0
2334,展翅迎風：黑風海,在黑風海開放飛行坐騎。,0,18,0,0,0,0,0,0,0,0,0,21901,120,12,0,0,5,255,255,0,1,20,1,3
2335,展翅迎風，衝入漆黑,在雷克蘭德、珂露西亞島、安穆·艾蘭、伊爾美格、拉凱提卡大森林和黑風海均開放飛行坐騎。,0,2329,2330,2331,2332,2333,2334,0,0,0,0,21901,121,12,0,0,10,255,255,0,1,2,1,2
2336,戰友的信賴,親信戰友阿爾菲諾、阿莉塞、桑克瑞德、尤里安傑、雅·修朵拉和琳全都升到80級。,0,768,1,0,0,0,0,0,0,0,458,3139,1000,12,0,0,20,255,255,0,1,1,1,2
2337,衛兵團信賴的同志,以最高評價完成F.A.T.E.事件「與紫葉團的戰鬥之座狼參戰」。,0,769,1,0,0,0,0,0,0,0,0,2629,39,1,0,0,10,255,255,0,1,1,1,0
2338,荒野中的拾荒者,以最高評價完成F.A.T.E.事件「尋求者之大老之劍」。,0,770,1,0,0,0,0,0,0,0,0,2629,39,1,0,0,10,255,255,0,1,1,1,0
2339,妖精鄉的居民,以最高評價完成F.A.T.E.事件「小頑童代恩兄弟之最後的戰鬥！」。,0,771,1,0,0,0,0,0,0,0,0,2629,39,1,0,0,10,255,255,0,1,1,1,0
2340,隆卡守護者,以最高評價完成F.A.T.E.事件「緬楠的狩獵之討伐托希爾」。,0,772,1,0,0,0,0,0,0,0,0,2629,39,1,0,0,10,255,255,0,1,1,1,0
2341,自走人偶粉碎者,以最高評價完成F.A.T.E.事件「激鬥畏懼裝甲之秘密武器」。,0,773,1,0,0,0,0,0,0,0,0,2629,39,1,0,0,10,255,255,0,1,1,1,0
2342,大嘴巨獸,以最高評價完成F.A.T.E.事件「災厄的古塔尼亞之深海討伐戰」。,0,774,1,0,0,0,0,0,0,0,0,2629,39,1,0,0,10,255,255,0,1,1,1,0
2343,廣域交易商的夥伴：雷克蘭德,在雷克蘭德的F.A.T.E.事件完成度達到3級。,0,775,66,0,0,0,0,0,0,0,0,2645,40,1,0,0,10,255,255,0,0,1,1,0
2344,廣域交易商的夥伴：珂露西亞島,在珂露西亞島的F.A.T.E.事件完成度達到3級。,0,776,66,0,0,0,0,0,0,0,0,2645,40,1,0,0,10,255,255,0,0,1,1,0
2345,廣域交易商的夥伴：安穆·艾蘭,在安穆·艾蘭的F.A.T.E.事件完成度達到3級。,0,777,66,0,0,0,0,0,0,0,0,2645,40,1,0,0,10,255,255,0,0,1,1,0
2346,廣域交易商的夥伴：伊爾美格,在伊爾美格的F.A.T.E.事件完成度達到3級。,0,778,66,0,0,0,0,0,0,0,0,2645,40,1,0,0,10,255,255,0,0,1,1,0
2347,廣域交易商的夥伴：拉凱提卡大森林,在拉凱提卡大森林的F.A.T.E.事件完成度達到3級。,0,779,66,0,0,0,0,0,0,0,0,2645,40,1,0,0,10,255,255,0,0,1,1,0
2348,廣域交易商的夥伴：黑風海,在黑風海的F.A.T.E.事件完成度達到3級。,0,780,66,0,0,0,0,0,0,0,0,2645,40,1,0,0,10,255,255,0,0,1,1,3
2349,廣域交易商的夥伴：諾弗蘭特,完成「廣域交易商的夥伴：雷克蘭德」、「廣域交易商的夥伴：珂露西亞島」、「廣域交易商的夥伴：安穆·艾蘭」、「廣域交易商的夥伴：伊爾美格」、「廣域交易商的夥伴：拉凱提卡大森林」和「廣域交易商的夥伴：黑風海」6個成就。,0,2343,2344,2345,2346,2347,2348,0,0,0,459,2645,40,1,0,0,20,255,255,0,1,2,1,2
2350,漆黑A級精英殺手1,成功討伐在諾弗蘭特出現的100隻A級危險標的怪物。,0,781,100,0,0,0,0,0,0,0,0,2680,127,5,0,0,10,255,255,0,1,1,1,0
2351,漆黑A級精英殺手2,成功討伐在諾弗蘭特出現的500隻A級危險標的怪物。,0,781,500,0,0,0,0,0,0,0,0,2680,128,5,0,0,10,255,255,0,1,1,1,0
2352,漆黑A級精英殺手3,成功討伐在諾弗蘭特出現的2000隻A級危險標的怪物。,0,781,2000,0,0,0,0,0,0,0,460,2680,129,5,43,71,10,255,255,0,1,1,1,0
2353,漆黑S級精英殺手1,成功討伐在諾弗蘭特出現的30隻S級或更高級危險標的怪物。,0,782,30,0,0,0,0,0,0,0,0,2731,148,5,0,0,10,255,255,0,1,1,1,0
2354,漆黑S級精英殺手2,成功討伐在諾弗蘭特出現的300隻S級或更高級危險標的怪物。,0,782,300,0,0,0,0,0,0,0,0,2731,149,5,0,0,10,255,255,0,1,1,1,0
2355,漆黑S級精英殺手3,成功討伐在諾弗蘭特出現的1000隻S級或更高級危險標的怪物。,0,782,1000,0,0,0,0,0,0,0,461,2731,150,5,43,71,10,255,255,0,1,1,1,0
2356,狂熱怪物獵人,完成「漆黑A級精英殺手3」、「漆黑S級精英殺手3」兩個成就。,26780,2352,2355,0,0,0,0,0,0,0,0,2685,151,5,43,71,10,255,151,1,2,2,1,0
2357,木匠傳奇6,累計完成110種木工理符任務。,0,181,110,0,0,0,0,0,0,0,0,35001,86,36,0,0,10,255,255,0,1,1,1,0
2358,鐵匠傳奇6,累計完成110種鍛造理符任務。,0,182,110,0,0,0,0,0,0,0,0,35106,106,36,0,0,10,255,255,0,1,1,1,0
2359,甲匠傳奇6,累計完成110種甲冑理符任務。,0,183,110,0,0,0,0,0,0,0,0,35203,126,36,0,0,10,255,255,0,1,1,1,0
2360,金匠傳奇6,累計完成110種金工理符任務。,0,184,110,0,0,0,0,0,0,0,0,35301,146,36,0,0,10,255,255,0,1,1,1,0
2361,革匠傳奇6,累計完成110種皮革理符任務。,0,185,110,0,0,0,0,0,0,0,0,35404,166,36,0,0,10,255,255,0,1,1,1,0
2362,衣匠傳奇6,累計完成110種裁縫理符任務。,0,186,110,0,0,0,0,0,0,0,0,35501,186,36,0,0,10,255,255,0,1,1,1,0
2363,鍊金傳奇6,累計完成110種鍊金理符任務。,0,187,110,0,0,0,0,0,0,0,0,35604,206,36,0,0,10,255,255,0,1,1,1,0
2364,廚師傳奇6,累計完成110種烹調理符任務。,0,188,110,0,0,0,0,0,0,0,0,35704,226,36,0,0,10,255,255,0,1,1,1,0
2365,草木傳奇6,累計完成90種園藝理符任務。,0,190,90,0,0,0,0,0,0,0,0,38103,266,36,0,0,10,255,255,0,1,1,1,0
2366,礦石傳奇6,累計完成90種採掘理符任務。,0,189,90,0,0,0,0,0,0,0,0,38003,246,36,0,0,10,255,255,0,1,1,1,0
2367,漁民傳奇6,累計完成90種釣魚理符任務。,0,191,90,0,0,0,0,0,0,0,0,38203,286,36,0,0,10,255,255,0,1,1,1,0
2368,九宮卡手9,獲得270種九宮幻卡。,26774,352,270,0,0,0,0,0,0,0,0,27661,48,18,47,15,10,255,152,4,1,1,1,0
2369,街頭決鬥者7,與92位NPC角色進行九宮幻卡對局並取得勝利。,26777,353,92,0,0,0,0,0,0,0,0,3564,56,18,47,15,10,255,153,4,1,1,1,0
2370,深不可測的探索者,完成探索筆記中漆黑之章的項目1-45。,0,783,45,0,0,0,0,0,0,0,0,1019,67,39,0,0,10,255,255,0,1,1,1,0
2371,踏遍雷克蘭德,成功探索雷克蘭德的所有地區。,0,491,0,0,0,0,0,0,0,0,0,1001,0,67,0,0,10,255,255,0,1,8,1,0
2372,踏遍珂露西亞島,成功探索珂露西亞島的所有地區。,0,492,0,0,0,0,0,0,0,0,0,1001,0,67,0,0,10,255,255,0,1,8,1,0
2373,踏遍安穆·艾蘭,成功探索安穆·艾蘭的所有地區。,0,493,0,0,0,0,0,0,0,0,0,1001,0,67,0,0,10,255,255,0,1,8,1,0
2374,踏遍伊爾美格,成功探索伊爾美格的所有地區。,0,494,0,0,0,0,0,0,0,0,0,1001,0,67,0,0,10,255,255,0,1,8,1,0
2375,踏遍拉凱提卡大森林,成功探索拉凱提卡大森林的所有地區。,0,495,0,0,0,0,0,0,0,0,0,1001,0,67,0,0,10,255,255,0,1,8,1,0
2376,踏遍黑風海,成功探索黑風海的所有地區。,0,496,0,0,0,0,0,0,0,0,0,1001,0,67,0,0,10,255,255,0,1,8,1,3
2377,踏遍水灘村,成功探索水灘村（殺戮鄉村）的所有地區。,0,544,0,0,0,0,0,0,0,0,0,1001,75,49,0,0,10,255,255,0,1,8,1,0
2378,踏遍多恩美格禁園,成功探索多恩美格禁園（水妖幻園）的所有地區。,0,529,0,0,0,0,0,0,0,0,0,1001,76,49,0,0,10,255,255,0,1,8,1,0
2379,踏遍奇坦那神影洞,成功探索奇坦那神影洞（文明古跡）的所有地區。,0,511,0,0,0,0,0,0,0,0,0,1001,77,49,0,0,10,255,255,0,1,8,1,0
2380,踏遍馬利卡大井,成功探索馬利卡大井（避暑離宮）的所有地區。,0,542,0,0,0,0,0,0,0,0,0,1001,78,49,0,0,10,255,255,0,1,8,1,0
2381,踏遍格魯格火山,成功探索格魯格火山（偽造天界）的所有地區。,0,537,0,0,0,0,0,0,0,0,0,1001,79,49,0,0,10,255,255,0,1,8,1,0
2382,踏遍亞馬烏羅提,成功探索亞馬烏羅提（終末幻想）的所有地區。,0,533,0,0,0,0,0,0,0,0,0,1001,80,49,0,0,10,255,255,0,1,8,1,1
2383,踏遍希爾科斯孿晶塔,成功探索希爾科斯孿晶塔（異界遺構）的所有地區。,0,531,0,0,0,0,0,0,0,0,0,1001,81,49,0,0,10,255,255,0,1,8,1,1
2384,踏遍阿尼德羅學院,成功探索阿尼德羅學院（創造機構）的所有地區。,0,539,0,0,0,0,0,0,0,0,0,1001,82,49,0,0,10,255,255,0,1,8,1,1
2385,綺夢的弒君者,在極 緹坦妮雅殲滅戰中戰勝緹坦妮雅。,0,20063,0,0,0,0,0,0,0,0,0,317,27,3,0,0,10,255,255,0,1,14,1,2
2386,無瑕的弒君者,在極 無瑕靈君殲滅戰中戰勝無瑕靈君。,0,20065,0,0,0,0,0,0,0,0,0,317,28,3,0,0,10,255,255,0,1,14,1,2
2387,為人民服務的騎士4,"使用騎士挑戰「副本迷宮（61級以上）」「極殲滅戰（61級以上）」「幻殲滅戰」「隨機任務：練級迷宮」「隨機任務：拾級迷宮」共計500次。
※隨機任務一天只可以計算一個防護職業，且只能計算一次。",0,633,500,0,0,0,0,0,0,0,462,2505,104,1,20,50,20,255,255,0,1,1,1,0
2388,為人民服務的戰士4,"使用戰士挑戰「副本迷宮（61級以上）」「極殲滅戰（61級以上）」「幻殲滅戰」「隨機任務：練級迷宮」「隨機任務：拾級迷宮」共計500次。
※隨機任務一天只可以計算一個防護職業，且只能計算一次。",0,634,500,0,0,0,0,0,0,0,463,2551,124,1,22,50,20,255,255,0,1,1,1,0
2389,為人民服務的暗黑騎士4,"使用暗黑騎士挑戰「副本迷宮（61級以上）」「極殲滅戰（61級以上）」「幻殲滅戰」「隨機任務：練級迷宮」「隨機任務：拾級迷宮」共計500次。
※隨機任務一天只可以計算一個防護職業，且只能計算一次。",0,635,500,0,0,0,0,0,0,0,464,3071,144,1,32,50,20,255,255,0,1,1,1,0
2390,為人民服務的絕槍戰士1,"使用絕槍戰士挑戰「副本迷宮（61級以上）」「極殲滅戰（61級以上）」「幻殲滅戰」「隨機任務：練級迷宮」「隨機任務：拾級迷宮」共計100次。
※隨機任務一天只可以計算一個防護職業，且只能計算一次。",0,784,100,0,0,0,0,0,0,0,0,3406,161,1,0,0,5,255,255,0,1,1,1,0
2391,為人民服務的絕槍戰士2,"使用絕槍戰士挑戰「副本迷宮（61級以上）」「極殲滅戰（61級以上）」「幻殲滅戰」「隨機任務：練級迷宮」「隨機任務：拾級迷宮」共計200次。
※隨機任務一天只可以計算一個防護職業，且只能計算一次。",24629,784,200,0,0,0,0,0,0,0,0,3406,162,1,37,50,10,255,154,1,1,1,1,0
2392,為人民服務的絕槍戰士3,"使用絕槍戰士挑戰「副本迷宮（61級以上）」「極殲滅戰（61級以上）」「幻殲滅戰」「隨機任務：練級迷宮」「隨機任務：拾級迷宮」共計300次。
※隨機任務一天只可以計算一個防護職業，且只能計算一次。",27971,784,300,0,0,0,0,0,0,0,0,3406,163,1,37,50,20,255,155,1,1,1,1,0
2393,為人民服務的絕槍戰士4,"使用絕槍戰士挑戰「副本迷宮（61級以上）」「極殲滅戰（61級以上）」「幻殲滅戰」「隨機任務：練級迷宮」「隨機任務：拾級迷宮」共計500次。
※隨機任務一天只可以計算一個防護職業，且只能計算一次。",0,784,500,0,0,0,0,0,0,0,465,3406,164,1,37,50,20,255,255,0,1,1,1,0
2394,聚魔之光·槍刃,獲得角尊槍刃。,0,785,1,0,0,0,0,0,0,0,0,36026,1600,65,0,0,10,255,255,0,1,1,1,0
2395,聚魔之光·戰輪,獲得角尊戰輪。,0,786,1,0,0,0,0,0,0,0,0,36224,1700,65,0,0,10,255,255,0,1,1,1,0
2396,寶藏獵人10,累計20次成功解讀陳舊地圖G11並開啟寶箱。,0,787,20,0,0,0,0,0,0,0,0,115,11,6,0,0,20,255,255,0,1,1,1,0
2397,寶藏獵人11,累計20次成功解讀陳舊地圖G12並開啟寶箱。,0,788,20,0,0,0,0,0,0,0,0,115,12,6,0,0,20,255,255,0,1,1,1,0
2398,新生代,完成任務「仰慕的前輩和紅蓮祭」。,0,69200,0,0,0,0,0,0,0,0,0,41751,96,38,0,0,10,255,255,0,1,6,29,0
2399,祝福順利的六周年,完成任務「新生祭與充滿謎團的信」。,0,69196,0,0,0,0,0,0,0,0,0,26107,97,38,0,0,10,255,255,0,1,6,30,0
2400,視線沒什麼可怕的,完成任務「守護天節與恐怖視線？」。,0,69204,0,0,0,0,0,0,0,0,0,26038,98,38,0,0,10,255,255,0,1,6,31,0
2401,踏入寶境1,初次入侵夢羽寶境。,0,789,1,0,0,0,0,0,0,0,466,116,64,6,43,80,5,255,255,0,1,1,1,0
2402,踏入寶境2,累計入侵夢羽寶境5次。,0,789,5,0,0,0,0,0,0,0,0,116,65,6,0,0,10,255,255,0,1,1,1,0
2403,踏入寶境3,累計入侵夢羽寶境10次。,0,789,10,0,0,0,0,0,0,0,0,116,66,6,0,0,10,255,255,0,1,1,1,0
2404,踏入寶境4,累計入侵夢羽寶境20次。,0,789,20,0,0,0,0,0,0,0,467,116,67,6,43,80,20,255,255,0,1,1,1,0
2405,稱霸夢羽寶境1,初次稱霸夢羽寶境。,0,790,1,0,0,0,0,0,0,0,0,116,68,6,0,0,5,255,255,0,1,1,1,0
2406,稱霸夢羽寶境2,累計稱霸夢羽寶境5次。,0,790,5,0,0,0,0,0,0,0,0,116,69,6,0,0,10,255,255,0,1,1,1,0
2407,稱霸夢羽寶境3,累計稱霸夢羽寶境10次。,0,790,10,0,0,0,0,0,0,0,0,116,70,6,0,0,10,255,255,0,1,1,1,0
2408,稱霸夢羽寶境4,累計稱霸夢羽寶境20次。,0,790,20,0,0,0,0,0,0,0,468,116,71,6,43,80,20,255,255,0,1,1,1,0
2409,稱霸覺醒伊甸1,成功挑戰伊甸希望樂園覺醒之章。,0,791,1,0,0,0,0,0,0,0,0,3120,0,4,0,0,5,255,255,0,1,1,38,0
2410,稱霸覺醒伊甸2,累計成功挑戰伊甸希望樂園覺醒之章5次。,0,791,5,0,0,0,0,0,0,0,0,3120,0,4,0,0,10,255,255,0,1,1,38,0
2411,稱霸覺醒伊甸3,累計成功挑戰伊甸希望樂園覺醒之章10次。,0,791,10,0,0,0,0,0,0,0,0,3120,0,4,0,0,20,255,255,0,1,1,38,0
2412,完全稱霸覺醒伊甸1,成功挑戰伊甸零式覺醒之章。,0,792,1,0,0,0,0,0,0,0,0,3120,0,4,0,0,5,255,255,0,1,1,38,0
2413,完全稱霸覺醒伊甸2,累計成功挑戰伊甸零式覺醒之章5次。,0,792,5,0,0,0,0,0,0,0,0,3120,0,4,0,0,10,255,255,0,1,1,38,0
2414,完全稱霸覺醒伊甸3,累計成功挑戰伊甸零式覺醒之章10次。,0,792,10,0,0,0,0,0,0,0,0,3120,0,4,0,0,20,255,255,0,1,1,38,0
2415,有錢能使鬼上臺1,完成G.A.T.E.事件「必中一閃快刀斬魔」。,0,793,1,0,0,0,0,0,0,0,0,613,143,18,0,0,5,255,255,0,1,1,1,0
2416,有錢能使鬼上臺2,累計完成5次G.A.T.E.事件「必中一閃快刀斬魔」。,0,793,5,0,0,0,0,0,0,0,0,613,144,18,0,0,5,255,255,0,1,1,1,0
2417,有錢能使鬼上臺3,累計完成10次G.A.T.E.事件「必中一閃快刀斬魔」。,0,793,10,0,0,0,0,0,0,0,469,613,145,18,47,15,10,255,255,0,1,1,1,0
2418,,,0,0,0,0,0,0,0,0,0,0,0,0,0,0,0,0,0,0,0,0,0,0,0,0
2419,,,0,0,0,0,0,0,0,0,0,0,0,0,0,0,0,0,0,0,0,0,0,0,0,0
2420,,,0,0,0,0,0,0,0,0,0,0,0,0,0,0,0,0,0,0,0,0,0,0,0,0
2421,,,0,0,0,0,0,0,0,0,0,0,0,0,0,0,0,0,0,0,0,0,0,0,0,0
2422,,,0,0,0,0,0,0,0,0,0,0,0,0,0,0,0,0,0,0,0,0,0,0,0,0
2423,,,0,0,0,0,0,0,0,0,0,0,0,0,0,0,0,0,0,0,0,0,0,0,0,0
2424,純白誓約、漆黑密約,完成任務「純白誓約、漆黑密約」。,0,69218,0,0,0,0,0,0,0,0,476,26002,68,76,43,80,20,255,255,0,1,6,28,0
2425,凱·希爾的信任1,凱·希爾的信賴等級達到1級。,0,801,1,0,0,0,0,0,0,0,0,25507,201,12,0,0,5,255,255,0,1,1,1,0
2426,凱·希爾的信任2,凱·希爾的信賴等級達到2級。,0,801,2,0,0,0,0,0,0,0,0,25507,202,12,0,0,5,255,255,0,1,1,1,0
2427,凱·希爾的信任3,凱·希爾的信賴等級達到3級。,0,801,3,0,0,0,0,0,0,0,0,25507,203,12,0,0,5,255,255,0,1,1,1,0
2428,凱·希爾的信任4,凱·希爾的信賴等級達到4級。,0,801,4,0,0,0,0,0,0,0,0,25507,204,12,0,0,5,255,255,0,1,1,1,0
2429,凱·希爾的信任5,凱·希爾的信賴等級達到5級。,0,801,5,0,0,0,0,0,0,0,477,25507,205,12,46,70,10,255,255,0,1,1,1,0
2430,凱·希爾的老主顧1,在凱·希爾處累計交納收藏品36次。,0,802,36,0,0,0,0,0,0,0,0,26551,55,22,0,0,5,255,255,0,1,1,1,0
2431,凱·希爾的老主顧2,在凱·希爾處累計交納收藏品48次。,0,802,48,0,0,0,0,0,0,0,0,26551,56,22,0,0,5,255,255,0,1,1,1,0
2432,凱·希爾的老主顧3,在凱·希爾處累計交納收藏品60次。,0,802,60,0,0,0,0,0,0,0,0,26551,57,22,0,0,5,255,255,0,1,1,1,0
2433,凱·希爾的老主顧4,在凱·希爾處累計交納收藏品90次。,0,802,90,0,0,0,0,0,0,0,0,26551,58,22,0,0,5,255,255,0,1,1,1,0
2434,凱·希爾的老主顧5,在凱·希爾處累計交納收藏品120次。,0,802,120,0,0,0,0,0,0,0,0,26551,59,22,0,0,5,255,255,0,1,1,1,0
2435,凱·希爾的老主顧6,在凱·希爾處累計交納收藏品150次。,0,802,150,0,0,0,0,0,0,0,478,26551,60,22,46,70,10,255,255,0,1,1,1,0
2436,夢園仙子1,與仙子族的「夢園仙子」之間的關係程度到達3級「友好」。,0,12,3,0,0,0,0,0,0,0,0,62970,0,37,0,0,5,255,255,0,1,15,1,0
2437,夢園仙子2,與仙子族的「夢園仙子」之間的關係程度到達4級「信賴」。,0,12,4,0,0,0,0,0,0,0,0,62970,0,37,0,0,5,255,255,0,1,15,1,0
2438,夢園仙子3,與仙子族的「夢園仙子」之間的關係程度到達6級「名譽」。,0,12,6,0,0,0,0,0,0,0,0,62970,0,37,0,0,10,255,255,0,1,15,1,0
2439,夢園住民,與仙子族的「夢園仙子」之間的關係程度到達7級「誓約」。,0,12,7,0,0,0,0,0,0,0,479,62970,0,37,43,70,20,255,255,0,1,15,1,0
2440,踏遍宇宙宮,成功探索宇宙宮（魔法宮殿）的所有地區。,0,567,0,0,0,0,0,0,0,0,0,1001,83,49,0,0,10,255,255,0,1,8,1,0
2441,冥魂的送葬者,在極 黑迪斯殲滅戰中戰勝黑迪斯。,0,20067,0,0,0,0,0,0,0,0,0,317,29,3,0,0,10,255,255,0,1,14,1,0
2442,踏遍複製工廠廢墟,成功探索複製工廠廢墟的所有地區。,0,572,0,0,0,0,0,0,0,0,0,1001,1504,49,0,0,10,255,255,0,1,8,41,0
2443,稱霸複製工廠廢墟,成功挑戰複製工廠廢墟。,0,30087,0,0,0,0,0,0,0,0,0,3501,0,4,0,0,5,255,255,0,1,14,41,0
2444,破壞絕 亞歷山大之人,在絕 亞歷山大殲滅戰中戰勝亞歷山大。,0,30086,0,0,0,0,0,0,0,0,480,317,0,4,43,80,10,255,255,0,1,14,1,0
2445,,,0,0,0,0,0,0,0,0,0,0,0,0,0,0,0,0,0,0,0,0,0,0,0,0
2446,魔書中的領悟6,將青魔道士升到60級。,0,36,60,0,0,0,0,0,0,0,0,39903,1006,14,0,0,5,255,255,0,1,3,1,0
2447,學海無涯6,學習50種青魔法。,0,6,50,0,0,0,0,0,0,0,0,62969,1107,14,0,0,5,255,255,0,1,25,1,0
2448,學海無涯7,學習80種青魔法。,0,6,80,0,0,0,0,0,0,0,481,62969,1108,14,36,1,5,255,255,0,1,25,1,0
2449,假面狂歡7,完成30種假面狂歡關卡。,0,733,30,0,0,0,0,0,0,0,0,3253,1007,2,0,0,5,255,255,0,1,1,1,0
2450,青磷之青,在假面狂歡中達成青磷之青。,0,803,1,0,0,0,0,0,0,0,487,26058,1104,2,36,50,10,255,255,0,1,1,1,0
2451,魔書記錄者1,完成5種青魔道士記錄中的普通任務。,0,804,5,0,0,0,0,0,0,0,0,3253,1200,1,0,0,5,255,255,0,1,1,1,0
2452,魔書記錄者2,完成20種青魔道士記錄中的普通任務。,0,804,20,0,0,0,0,0,0,0,0,3253,1201,1,0,0,5,255,255,0,1,1,1,0
2453,魔書記錄者3,完成50種青魔道士記錄中的普通任務。,0,804,50,0,0,0,0,0,0,0,482,3253,1202,1,36,60,5,255,255,0,1,1,1,0
2454,天青的獄炎弒神者,僅限由青魔道士組成的小隊，在不解除限制並開啟超越之力無效化的狀態下完成極 伊弗利特殲滅戰。,0,805,1,0,0,0,0,0,0,0,0,62969,1300,1,0,0,5,255,255,0,1,1,1,0
2455,天青的厚土弒神者,僅限由青魔道士組成的小隊，在不解除限制並開啟超越之力無效化的狀態下完成極 泰坦殲滅戰。,0,806,1,0,0,0,0,0,0,0,0,62969,1301,1,0,0,5,255,255,0,1,1,1,0
2456,天青的狂風弒神者,僅限由青魔道士組成的小隊，在不解除限制並開啟超越之力無效化的狀態下完成極 迦樓羅殲滅戰。,0,807,1,0,0,0,0,0,0,0,0,62969,1302,1,0,0,5,255,255,0,1,1,1,0
2457,天青的動亂弒君者,僅限由青魔道士組成的小隊，在不解除限制並開啟超越之力無效化的狀態下完成極王莫古爾·莫古XII世殲滅戰。,0,808,1,0,0,0,0,0,0,0,0,62969,1303,1,0,0,5,255,255,0,1,1,1,0
2458,天青的淵水弒神者,僅限由青魔道士組成的小隊，在不解除限制並開啟超越之力無效化的狀態下完成極 利維坦殲滅戰。,0,809,1,0,0,0,0,0,0,0,0,62969,1304,1,0,0,5,255,255,0,1,1,1,0
2459,天青的獰雷弒神者,僅限由青魔道士組成的小隊，在不解除限制並開啟超越之力無效化的狀態下完成極 拉姆殲滅戰。,0,810,1,0,0,0,0,0,0,0,0,62969,1305,1,0,0,5,255,255,0,1,1,1,0
2460,天青的嚴冰弒神者,僅限由青魔道士組成的小隊，在不解除限制並開啟超越之力無效化的狀態下完成極 濕婆殲滅戰。,0,811,1,0,0,0,0,0,0,0,0,62969,1306,1,0,0,5,255,255,0,1,1,1,0
2461,稱霸大迷宮開端的青魔道士,僅限由青魔道士組成的小隊，在不解除限制並開啟超越之力無效化的狀態下完成巴哈姆特大迷宮邂逅之章5。,0,812,1,0,0,0,0,0,0,0,0,62969,1307,1,0,0,5,255,255,0,1,1,1,0
2462,稱霸第二大迷宮的青魔道士,僅限由青魔道士組成的小隊，在不解除限制並開啟超越之力無效化的狀態下完成巴哈姆特大迷宮入侵之章4。,0,813,1,0,0,0,0,0,0,0,0,62969,1308,1,0,0,5,255,255,0,1,1,1,0
2463,稱霸最終大迷宮的青魔道士,僅限由青魔道士組成的小隊，在不解除限制並開啟超越之力無效化的狀態下完成巴哈姆特大迷宮真源之章4。,0,814,1,0,0,0,0,0,0,0,0,62969,1309,1,0,0,5,255,255,0,1,1,1,0
2464,天青的偃武弒神者,僅限由青魔道士組成的小隊，在不解除限制並開啟超越之力無效化的狀態下完成極 羅波那殲滅戰。,0,815,1,0,0,0,0,0,0,0,0,62969,1310,1,0,0,5,255,255,0,1,1,1,0
2465,天青的淩雲弒神者,僅限由青魔道士組成的小隊，在不解除限制並開啟超越之力無效化的狀態下完成極 俾斯麥殲滅戰。,0,816,1,0,0,0,0,0,0,0,0,62969,1311,1,0,0,5,255,255,0,1,1,1,0
2466,天青的英傑弒神者,僅限由青魔道士組成的小隊，在不解除限制並開啟超越之力無效化的狀態下完成蒼天幻想 圓桌騎士殲滅戰。,0,817,1,0,0,0,0,0,0,0,483,62969,1312,1,36,60,5,255,255,0,1,1,1,0
2467,天青的魔樹弒神者,僅限由青魔道士組成的小隊，在不解除限制並開啟超越之力無效化的狀態下完成極 魔神賽菲羅特殲滅戰。,0,818,1,0,0,0,0,0,0,0,0,62969,1313,1,0,0,5,255,255,0,1,1,1,0
2468,天青的邪影征龍者,僅限由青魔道士組成的小隊，在不解除限制並開啟超越之力無效化的狀態下完成極 尼德霍格征龍戰。,0,819,1,0,0,0,0,0,0,0,0,62969,1314,1,0,0,5,255,255,0,1,1,1,0
2469,天青的睿智弒神者,僅限由青魔道士組成的小隊，在不解除限制並開啟超越之力無效化的狀態下完成極 女神索菲亞殲滅戰。,0,820,1,0,0,0,0,0,0,0,0,62969,1315,1,0,0,5,255,255,0,1,1,1,0
2470,天青的厲鬼弒神者,僅限由青魔道士組成的小隊，在不解除限制並開啟超越之力無效化的狀態下完成極 鬼神祖爾宛殲滅戰。,0,821,1,0,0,0,0,0,0,0,0,62969,1316,1,0,0,5,255,255,0,1,1,1,0
2471,稱霸啟動機神城的青魔道士,僅限由青魔道士組成的小隊，在不解除限制並開啟超越之力無效化的狀態下完成亞歷山大零式機神城啟動之章4。,0,822,1,0,0,0,0,0,0,0,0,62969,1317,1,0,0,5,255,255,0,1,1,1,0
2472,稱霸律動機神城的青魔道士,僅限由青魔道士組成的小隊，在不解除限制並開啟超越之力無效化的狀態下完成亞歷山大零式機神城律動之章4。,0,823,1,0,0,0,0,0,0,0,0,62969,1318,1,0,0,5,255,255,0,1,1,1,0
2473,稱霸天動機神城的青魔道士,僅限由青魔道士組成的小隊，在不解除限制並開啟超越之力無效化的狀態下完成亞歷山大零式機神城天動之章4。,0,824,1,0,0,0,0,0,0,0,0,62969,1319,1,0,0,5,255,255,0,1,1,1,0
2474,通曉大迷宮的青魔道士,達成「稱霸大迷宮開端的青魔道士」「稱霸第二大迷宮的青魔道士」「稱霸最終大迷宮的青魔道士」三個成就。,0,2461,2462,2463,0,0,0,0,0,0,484,62969,1320,1,36,50,10,255,255,0,2,2,1,0
2475,通曉機神城的青魔道士,達成「稱霸啟動機神城的青魔道士」「稱霸律動機神城的青魔道士」「稱霸天動機神城的青魔道士」三個成就。,0,2471,2472,2473,0,0,0,0,0,0,485,62969,1321,1,36,60,10,255,255,0,2,2,1,0
2476,傑出的青魔道士,達成「通曉大迷宮的青魔道士」「通曉機神城的青魔道士」兩個成就。,28116,2474,2475,0,0,0,0,0,0,0,0,62969,1322,1,36,60,10,255,156,1,2,2,1,0
2477,那達慕勇士1,加入黑渦團、雙蛇黨、不滅隊中的任一部隊並在昂薩哈凱爾取得勝利。,0,825,1,0,0,0,0,0,0,0,0,2601,150,10,0,0,5,255,255,0,1,1,1,0
2478,那達慕勇士2,加入黑渦團、雙蛇黨、不滅隊中的任一部隊並在昂薩哈凱爾取得10次勝利。,0,825,10,0,0,0,0,0,0,0,0,2601,151,10,0,0,5,255,255,0,1,1,1,0
2479,那達慕勇士3,加入黑渦團、雙蛇黨、不滅隊中的任一部隊並在昂薩哈凱爾取得30次勝利。,0,825,30,0,0,0,0,0,0,0,0,2601,152,10,0,0,5,255,255,0,1,1,1,0
2480,那達慕勇士4,加入黑渦團、雙蛇黨、不滅隊中的任一部隊並在昂薩哈凱爾取得50次勝利。,0,825,50,0,0,0,0,0,0,0,0,2601,153,10,0,0,5,255,255,0,1,1,1,0
2481,那達慕勇士5,加入黑渦團、雙蛇黨、不滅隊中的任一部隊並在昂薩哈凱爾取得100次勝利。,28120,825,100,0,0,0,0,0,0,0,0,2601,154,10,43,30,5,255,157,1,1,1,1,0
2482,那達慕勇士6,加入黑渦團、雙蛇黨、不滅隊中的任一部隊並在昂薩哈凱爾取得300次勝利。,0,825,300,0,0,0,0,0,0,0,486,2601,155,10,43,30,10,255,255,0,1,1,1,0
2483,星芒的陸行鳥,完成任務「陸行鳥聖歌」。,0,69259,0,0,0,0,0,0,0,0,0,58723,99,38,0,0,10,255,255,0,1,6,32,0
2484,愛的戰士們,完成任務「愛情傳道士和煩惱的委託人」。,0,69292,69293,69294,0,0,0,0,0,0,0,42671,101,38,0,0,10,255,255,0,1,9,34,0
2485,牛轉乾坤,完成任務「壯牛瘋糕降神祭」。,0,69274,0,0,0,0,0,0,0,0,0,40356,108,38,0,0,10,255,255,0,1,6,52,0
2486,淨界太公1,在漆黑區域釣上8種釣場之王。,0,826,8,0,0,0,0,0,0,0,0,1102,100,34,0,0,10,255,255,0,1,1,1,0
2487,蒼天街的聖人（重建計畫第二期）,在伊修加爾德重建工程（重建計畫第二期）的工匠排名中取得1-12名的成績。,0,838,1,0,0,0,0,0,0,0,488,1995,1000,69,0,0,10,255,255,0,1,1,44,1
2488,蒼天街的聖徒（重建計畫第二期）,在伊修加爾德重建工程（重建計畫第二期）的工匠排名中取得1-100名的成績。,0,839,1,0,0,0,0,0,0,0,489,1987,1000,69,0,0,10,255,255,0,1,1,44,1
2489,蒼天街的木工師1,"在重建伊修加爾德工程中，使用木工師累計獲得50,000點技巧點。",0,827,50000,0,0,0,0,0,0,0,0,1503,100,24,0,0,5,255,255,0,1,1,44,0
2490,蒼天街的木工師2,"在重建伊修加爾德工程中，使用木工師累計獲得150,000點技巧點。",0,827,150000,0,0,0,0,0,0,0,0,1503,101,24,0,0,5,255,255,0,1,1,44,0
2491,蒼天街的刻木大師,"在重建伊修加爾德工程中，使用木工師累計獲得500,000點技巧點。",0,827,500000,0,0,0,0,0,0,0,490,1503,102,24,9,20,10,255,255,0,1,1,44,0
2492,蒼天街的鍛造師1,"在重建伊修加爾德工程中，使用鍛造師累計獲得50,000點技巧點。",0,828,50000,0,0,0,0,0,0,0,0,1553,100,25,0,0,5,255,255,0,1,1,44,0
2493,蒼天街的鍛造師2,"在重建伊修加爾德工程中，使用鍛造師累計獲得150,000點技巧點。",0,828,150000,0,0,0,0,0,0,0,0,1553,101,25,0,0,5,255,255,0,1,1,44,0
2494,蒼天街的鍛造大師,"在重建伊修加爾德工程中，使用鍛造師累計獲得500,000點技巧點。",0,828,500000,0,0,0,0,0,0,0,491,1553,102,25,10,20,10,255,255,0,1,1,44,0
2495,蒼天街的甲冑匠1,"在重建伊修加爾德工程中，使用甲冑師累計獲得50,000點技巧點。",0,829,50000,0,0,0,0,0,0,0,0,1603,100,26,0,0,5,255,255,0,1,1,44,0
2496,蒼天街的甲冑匠2,"在重建伊修加爾德工程中，使用甲冑師累計獲得150,000點技巧點。",0,829,150000,0,0,0,0,0,0,0,0,1603,101,26,0,0,5,255,255,0,1,1,44,0
2497,蒼天街的甲冑大師,"在重建伊修加爾德工程中，使用甲冑師累計獲得500,000點技巧點。",0,829,500000,0,0,0,0,0,0,0,492,1603,102,26,11,20,10,255,255,0,1,1,44,0
2498,蒼天街的金工匠1,"在重建伊修加爾德工程中，使用金工師累計獲得50,000點技巧點。",0,830,50000,0,0,0,0,0,0,0,0,1653,100,27,0,0,5,255,255,0,1,1,44,0
2499,蒼天街的金工匠2,"在重建伊修加爾德工程中，使用金工師累計獲得150,000點技巧點。",0,830,150000,0,0,0,0,0,0,0,0,1653,101,27,0,0,5,255,255,0,1,1,44,0
2500,蒼天街的金工大師,"在重建伊修加爾德工程中，使用金工師累計獲得500,000點技巧點。",0,830,500000,0,0,0,0,0,0,0,493,1653,102,27,12,20,10,255,255,0,1,1,44,0
2501,蒼天街的皮革匠1,"在重建伊修加爾德工程中，使用皮革師累計獲得50,000點技巧點。",0,831,50000,0,0,0,0,0,0,0,0,1703,100,28,0,0,5,255,255,0,1,1,44,0
2502,蒼天街的皮革匠2,"在重建伊修加爾德工程中，使用皮革師累計獲得150,000點技巧點。",0,831,150000,0,0,0,0,0,0,0,0,1703,101,28,0,0,5,255,255,0,1,1,44,0
2503,蒼天街的皮革大師,"在重建伊修加爾德工程中，使用皮革師累計獲得500,000點技巧點。",0,831,500000,0,0,0,0,0,0,0,494,1703,102,28,13,20,10,255,255,0,1,1,44,0
2504,蒼天街的裁縫匠1,"在重建伊修加爾德工程中，使用裁縫師累計獲得50,000點技巧點。",0,832,50000,0,0,0,0,0,0,0,0,1753,100,29,0,0,5,255,255,0,1,1,44,0
2505,蒼天街的裁縫匠2,"在重建伊修加爾德工程中，使用裁縫師累計獲得150,000點技巧點。",0,832,150000,0,0,0,0,0,0,0,0,1753,101,29,0,0,5,255,255,0,1,1,44,0
2506,蒼天街的裁縫大師,"在重建伊修加爾德工程中，使用裁縫師累計獲得500,000點技巧點。",0,832,500000,0,0,0,0,0,0,0,495,1753,102,29,14,20,10,255,255,0,1,1,44,0
2507,蒼天街的鍊金術師1,"在重建伊修加爾德工程中，使用鍊金術師累計獲得50,000點技巧點。",0,833,50000,0,0,0,0,0,0,0,0,1803,100,30,0,0,5,255,255,0,1,1,44,0
2508,蒼天街的鍊金術師2,"在重建伊修加爾德工程中，使用鍊金術師累計獲得150,000點技巧點。",0,833,150000,0,0,0,0,0,0,0,0,1803,101,30,0,0,5,255,255,0,1,1,44,0
2509,蒼天街的鍊金術大師,"在重建伊修加爾德工程中，使用鍊金術師累計獲得500,000點技巧點。",0,833,500000,0,0,0,0,0,0,0,496,1803,102,30,15,20,10,255,255,0,1,1,44,0
2510,蒼天街的烹調師1,"在重建伊修加爾德工程中，使用烹調師累計獲得50,000點技巧點。",0,834,50000,0,0,0,0,0,0,0,0,1853,100,31,0,0,5,255,255,0,1,1,44,0
2511,蒼天街的烹調師2,"在重建伊修加爾德工程中，使用烹調師累計獲得150,000點技巧點。",0,834,150000,0,0,0,0,0,0,0,0,1853,101,31,0,0,5,255,255,0,1,1,44,0
2512,蒼天街的烹調大師,"在重建伊修加爾德工程中，使用烹調師累計獲得500,000點技巧點。",0,834,500000,0,0,0,0,0,0,0,497,1853,102,31,16,20,10,255,255,0,1,1,44,0
2513,蒼天街的採掘師1,"在重建伊修加爾德工程中，使用採掘師累計獲得50,000點技巧點。",0,835,50000,0,0,0,0,0,0,0,0,1021,80,32,0,0,5,255,255,0,1,1,44,0
2514,蒼天街的採掘師2,"在重建伊修加爾德工程中，使用採掘師累計獲得150,000點技巧點。",0,835,150000,0,0,0,0,0,0,0,0,1021,81,32,0,0,5,255,255,0,1,1,44,0
2515,蒼天街的採掘大師,"在重建伊修加爾德工程中，使用採掘師累計獲得500,000點技巧點。",0,835,500000,0,0,0,0,0,0,0,498,1021,82,32,17,10,10,255,255,0,1,1,44,0
2516,蒼天街的園藝師1,"在重建伊修加爾德工程中，使用園藝師累計獲得50,000點技巧點。",0,836,50000,0,0,0,0,0,0,0,0,1071,80,33,0,0,5,255,255,0,1,1,44,0
2517,蒼天街的園藝師2,"在重建伊修加爾德工程中，使用園藝師累計獲得150,000點技巧點。",0,836,150000,0,0,0,0,0,0,0,0,1071,81,33,0,0,5,255,255,0,1,1,44,0
2518,蒼天街的園藝大師,"在重建伊修加爾德工程中，使用園藝師累計獲得500,000點技巧點。",0,836,500000,0,0,0,0,0,0,0,499,1071,82,33,18,10,10,255,255,0,1,1,44,0
2519,蒼天街的漁師1,"在重建伊修加爾德工程中，使用漁師累計獲得50,000點技巧點。",0,837,50000,0,0,0,0,0,0,0,0,1126,120,34,0,0,5,255,255,0,1,1,44,0
2520,蒼天街的漁師2,"在重建伊修加爾德工程中，使用漁師累計獲得150,000點技巧點。",0,837,150000,0,0,0,0,0,0,0,0,1126,121,34,0,0,5,255,255,0,1,1,44,0
2521,蒼天街的捕魚大師,"在重建伊修加爾德工程中，使用漁師累計獲得500,000點技巧點。",0,837,500000,0,0,0,0,0,0,0,500,1126,122,34,19,10,10,255,255,0,1,1,44,0
2522,蒼天街的製作大師,"在重建伊修加爾德工程中，使用任意製作職業累計獲得50,000點技巧點。",30100,34,1,0,0,0,0,0,0,0,0,1986,1,69,44,20,5,255,158,2,0,26,44,0
2523,蒼天街的採集大師,"在重建伊修加爾德工程中，使用任意採集職業累計獲得50,000點技巧點。",30089,35,1,0,0,0,0,0,0,0,0,1019,21,69,45,10,5,255,159,2,0,26,44,0
2524,蒼天街的製作之王,"在重建伊修加爾德工程中，所有的製作職業均累計獲得500,000點技巧點。",0,23,8,0,0,0,0,0,0,0,501,1982,2,69,44,20,10,255,255,0,0,26,44,0
2525,蒼天街的採集之王,"在重建伊修加爾德工程中，所有的採集職業均累計獲得500,000點技巧點。",0,24,3,0,0,0,0,0,0,0,502,1029,22,69,45,10,10,255,255,0,0,26,44,0
2526,蒼天街的復興之王,"在重建伊修加爾德工程中，所有的製作職業和採集職業均累計獲得500,000點技巧點。",30104,25,11,0,0,0,0,0,0,0,0,1955,30,69,46,20,20,255,160,1,0,26,44,0
2527,新巢居住區的木工師,交納第二期重建用的高難度配方木工製品100次。,0,840,100,0,0,0,0,0,0,0,503,52675,130,24,9,80,10,255,255,0,1,1,44,0
2528,新巢居住區的鍛造師,交納第二期重建用的高難度配方鍛造製品100次。,0,841,100,0,0,0,0,0,0,0,504,51139,130,25,10,80,10,255,255,0,1,1,44,0
2529,新巢居住區的甲冑匠,交納第二期重建用的高難度配方甲冑製品100次。,0,842,100,0,0,0,0,0,0,0,505,52676,130,26,11,80,10,255,255,0,1,1,44,0
2530,新巢居住區的金工匠,交納第二期重建用的高難度配方金工製品100次。,0,843,100,0,0,0,0,0,0,0,506,52677,130,27,12,80,10,255,255,0,1,1,44,0
2531,新巢居住區的皮革匠,交納第二期重建用的高難度配方皮革製品100次。,0,844,100,0,0,0,0,0,0,0,507,43909,130,28,13,80,10,255,255,0,1,1,44,0
2532,新巢居住區的裁縫匠,交納第二期重建用的高難度配方裁縫製品100次。,0,845,100,0,0,0,0,0,0,0,508,51248,130,29,14,80,10,255,255,0,1,1,44,0
2533,新巢居住區的鍊金術師,交納第二期重建用的高難度配方鍊金製品100次。,0,846,100,0,0,0,0,0,0,0,509,53100,130,30,15,80,10,255,255,0,1,1,44,0
2534,新巢居住區的烹調師,交納第二期重建用的高難度配方烹調製品100次。,0,847,100,0,0,0,0,0,0,0,510,24208,130,31,16,80,10,255,255,0,1,1,44,0
2535,新巢居住區的採掘師,"對50,000個第二期重建用的高難度配方中的礦石素材進行檢驗。",0,848,50000,0,0,0,0,0,0,0,511,21237,130,32,17,80,10,255,255,0,1,1,44,0
2536,新巢居住區的園藝師,"對50,000個第二期重建用的高難度配方中的草木素材進行檢驗。",0,849,50000,0,0,0,0,0,0,0,512,22422,130,33,18,80,10,255,255,0,1,1,44,0
2537,新巢居住區的漁師,對300條第二期重建用的特供魚進行檢驗。,0,850,300,0,0,0,0,0,0,0,513,29865,140,34,19,80,10,255,255,0,1,1,44,0
2538,踏上好運道1,在咕波好運道中抽中5次1等獎。,30047,851,5,0,0,0,0,0,0,0,0,3308,100,69,44,20,5,255,161,3,1,1,44,0
2539,踏上好運道2,在咕波好運道中抽中10次1等獎。,0,851,10,0,0,0,0,0,0,0,0,3308,101,69,0,0,5,255,255,0,1,1,44,0
2540,踏上好運道3,在咕波好運道中抽中30次1等獎。,0,851,30,0,0,0,0,0,0,0,514,3308,102,69,44,20,10,255,255,0,1,1,44,0
2541,夢幻的採掘師1,在夢幻的採集地點採掘或碎石50次。,0,852,50,0,0,0,0,0,0,0,0,1020,90,32,0,0,5,255,255,0,1,1,44,0
2542,夢幻的採掘師2,在夢幻的採集地點採掘或碎石500次。,0,852,500,0,0,0,0,0,0,0,0,1020,91,32,0,0,5,255,255,0,1,1,44,0
2543,夢幻的採掘師3,在夢幻的採集地點採掘或碎石1000次。,0,852,1000,0,0,0,0,0,0,0,0,1020,92,32,0,0,10,255,255,0,1,1,44,0
2544,夢幻的園藝師1,在夢幻的採集地點採伐或割草50次。,0,853,50,0,0,0,0,0,0,0,0,1070,90,33,0,0,5,255,255,0,1,1,44,0
2545,夢幻的園藝師2,在夢幻的採集地點採伐或割草500次。,0,853,500,0,0,0,0,0,0,0,0,1070,91,33,0,0,5,255,255,0,1,1,44,0
2546,夢幻的園藝師3,在夢幻的採集地點採伐或割草1000次。,0,853,1000,0,0,0,0,0,0,0,0,1070,92,33,0,0,10,255,255,0,1,1,44,0
2547,觀天的漁師1,累計釣上5條僅在靈烈火、靈飄塵、靈飛電、靈罡風時可以釣到的魚。,0,854,5,0,0,0,0,0,0,0,0,1112,130,34,0,0,5,255,255,0,1,1,44,0
2548,觀天的漁師2,累計釣上50條僅在靈烈火、靈飄塵、靈飛電、靈罡風時可以釣到的魚。,0,854,50,0,0,0,0,0,0,0,0,1112,131,34,0,0,5,255,255,0,1,1,44,0
2549,觀天的漁師3,累計釣上100條僅在靈烈火、靈飄塵、靈飛電、靈罡風時可以釣到的魚。,0,854,100,0,0,0,0,0,0,0,0,1112,132,34,0,0,10,255,255,0,1,1,44,0
2550,乙太發射者1,發射50回乙太鑽孔機。,0,855,50,0,0,0,0,0,0,0,0,61271,50,69,0,0,5,255,255,0,1,1,44,0
2551,乙太發射者2,發射500回乙太鑽孔機。,0,855,500,0,0,0,0,0,0,0,0,61271,51,69,0,0,5,255,255,0,1,1,44,0
2552,乙太發射者3,發射1000回乙太鑽孔機。,0,855,1000,0,0,0,0,0,0,0,0,61271,52,69,0,0,10,255,255,0,1,1,44,0
2553,加拉迪翁灣外海的魚拓王,釣上加拉迪翁灣外海幻海流期間以外的所有魚類。,0,26,10,0,0,0,0,0,0,0,0,1116,150,34,0,0,10,255,255,0,0,27,1,0
2554,梅爾托爾海峽南的魚拓王,釣上梅爾托爾海峽南幻海流期間以外的所有魚類。,0,27,10,0,0,0,0,0,0,0,0,1116,152,34,0,0,10,255,255,0,0,27,1,0
2555,羅塔諾海海面的魚拓王,釣上羅塔諾海海面幻海流期間以外的所有魚類。,0,28,10,0,0,0,0,0,0,0,0,1116,156,34,0,0,10,255,255,0,0,27,1,0
2556,梅爾托爾海峽北的魚拓王,釣上梅爾托爾海峽北幻海流期間以外的所有魚類。,0,29,10,0,0,0,0,0,0,0,0,1116,154,34,0,0,10,255,255,0,0,27,1,0
2557,海釣愛好者1,"在出海垂釣中累計獲得10,000漁分。",0,856,10000,0,0,0,0,0,0,0,0,1115,172,34,0,0,5,255,255,0,1,1,1,0
2558,海釣愛好者2,"在出海垂釣中累計獲得100,000漁分。",0,856,100000,0,0,0,0,0,0,0,0,1115,173,34,0,0,10,255,255,0,1,1,1,0
2559,海釣愛好者3,"在出海垂釣中累計獲得500,000漁分。",0,856,500000,0,0,0,0,0,0,0,0,1115,174,34,0,0,20,255,255,0,1,1,1,0
2560,游釣大洋1,"在1次出海垂釣（近海）中獲得5,000以上漁分。",30097,857,1,0,0,0,0,0,0,0,0,1118,200,34,19,1,5,255,162,2,1,1,1,0
2561,游釣大洋2,"在1次出海垂釣（近海）中獲得10,000以上漁分。",30106,858,1,0,0,0,0,0,0,0,0,1118,201,34,19,1,10,255,163,1,1,1,1,0
2562,游釣大洋3,"在1次出海垂釣（近海）中獲得16,000以上漁分。",0,859,1,0,0,0,0,0,0,0,515,1118,202,34,19,1,20,255,255,0,1,1,1,0
2563,八爪旅人,在出海垂釣（近海）中達成八爪旅人。,0,860,1,0,0,0,0,0,0,0,516,29023,220,34,19,1,10,255,255,0,1,1,1,0
2564,捕鯊人,在出海垂釣（近海）中達成捕鯊人。,0,861,1,0,0,0,0,0,0,0,517,29011,221,34,19,1,10,255,255,0,1,1,1,0
2565,水母狂魔,在出海垂釣（近海）中達成水母狂魔。,0,862,1,0,0,0,0,0,0,0,518,29755,222,34,19,1,10,255,255,0,1,1,1,0
2566,龍馬驚神,在出海垂釣（近海）中達成龍馬驚神。,0,863,1,0,0,0,0,0,0,0,519,29040,223,34,19,1,10,255,255,0,1,1,1,0
2567,依然砥礪前行,完成任務「依然砥礪前行」。,0,69264,0,0,0,0,0,0,0,0,0,26002,670,35,0,0,5,255,255,0,1,6,44,0
2568,天鋼工具的持有者,完成任務「改良天鋼工具」。,0,69385,0,0,0,0,0,0,0,0,0,26002,680,35,0,0,5,255,255,0,1,6,44,0
2569,義軍之騎士,獲得身負榮耀和堅毅。,0,69380,69381,19,0,0,0,0,0,0,0,30620,100,68,0,0,10,255,255,0,1,24,1,3
2570,義軍之戰士,獲得開天碎顱。,0,69380,69381,21,0,0,0,0,0,0,0,31593,300,68,0,0,10,255,255,0,1,24,1,3
2571,義軍之暗黑騎士,獲得生於哀傷。,0,69380,69381,32,0,0,0,0,0,0,0,34352,1100,68,0,0,10,255,255,0,1,24,1,3
2572,義軍之絕槍戰士,獲得冠絕之刃。,0,69380,69381,37,0,0,0,0,0,0,0,36041,1600,68,0,0,10,255,255,0,1,24,1,3
2573,義軍之龍騎士,獲得三鋒銳。,0,69380,69381,22,0,0,0,0,0,0,0,31995,400,68,0,0,10,255,255,0,1,24,1,3
2574,義軍之武僧,獲得輪迴。,0,69380,69381,20,0,0,0,0,0,0,0,31186,200,68,0,0,10,255,255,0,1,24,1,3
2575,義軍之忍者,獲得骨不知。,0,69380,69381,30,0,0,0,0,0,0,0,33970,600,68,0,0,10,255,255,0,1,24,1,3
2576,義軍之武士,獲得星切。,0,69380,69381,34,0,0,0,0,0,0,0,36502,1400,68,0,0,10,255,255,0,1,24,1,3
2577,義軍之吟遊詩人,獲得才氣煥發。,0,69380,69381,23,0,0,0,0,0,0,0,32386,500,68,0,0,10,255,255,0,1,24,1,3
2578,義軍之機工士,獲得執法。,0,69380,69381,31,0,0,0,0,0,0,0,34468,1200,68,0,0,10,255,255,0,1,24,1,3
2579,義軍之舞者,獲得交轉重環。,0,69380,69381,38,0,0,0,0,0,0,0,36244,1700,68,0,0,10,255,255,0,1,24,1,3
2580,義軍之黑魔道士,獲得魂罰。,0,69380,69381,25,0,0,0,0,0,0,0,33140,800,68,0,0,10,255,255,0,1,24,1,3
2581,義軍之召喚士,獲得一靈真性。,0,69380,69381,27,0,0,0,0,0,0,0,33322,900,68,0,0,10,255,255,0,1,24,1,3
2582,義軍之赤魔道士,獲得述說者。,0,69380,69381,35,0,0,0,0,0,0,0,36801,1500,68,0,0,10,255,255,0,1,24,1,3
2583,義軍之白魔道士,獲得怒心。,0,69380,69381,24,0,0,0,0,0,0,0,32769,700,68,0,0,10,255,255,0,1,24,1,3
2584,義軍之學者,獲得群賢畢至。,0,69380,69381,28,0,0,0,0,0,0,0,33321,1000,68,0,0,10,255,255,0,1,24,1,3
2585,義軍之占星術師,獲得天陽至寧。,0,69380,69381,33,0,0,0,0,0,0,0,34945,1300,68,0,0,10,255,255,0,1,24,1,3
2586,博茲雅堡壘的追憶者,在極 博茲雅堡壘追憶戰中打倒瓦厲斯·耶·加爾烏斯。,0,20070,0,0,0,0,0,0,0,0,0,317,201,3,0,0,10,255,255,0,1,14,1,2
2587,追憶的凶星,完成任務「追憶的凶星」。,0,69306,0,0,0,0,0,0,0,0,520,26002,69,76,43,80,20,255,255,0,1,6,28,0
2588,淨界太公2,在漆黑區域釣上14種釣場之王。,0,826,14,0,0,0,0,0,0,0,0,1102,101,34,0,0,10,255,255,0,1,1,1,0
2589,踏遍阿尼德羅追憶館,成功探索阿尼德羅追憶館（黑風海底）的所有地區。,0,586,0,0,0,0,0,0,0,0,0,1001,84,49,0,0,10,255,255,0,1,8,1,0
2590,紅寶石的降神者,在極 紅寶石武器破壞作戰中成功破壞紅寶石武器。,0,20069,0,0,0,0,0,0,0,0,0,317,30,3,0,0,10,255,255,0,1,14,1,0
2591,稱霸共鳴伊甸1,成功挑戰伊甸希望樂園共鳴之章。,0,864,1,0,0,0,0,0,0,0,0,3122,0,4,0,0,5,255,255,0,1,1,38,0
2592,稱霸共鳴伊甸2,累計成功挑戰伊甸希望樂園共鳴之章5次。,0,864,5,0,0,0,0,0,0,0,0,3122,0,4,0,0,10,255,255,0,1,1,38,0
2593,稱霸共鳴伊甸3,累計成功挑戰伊甸希望樂園共鳴之章10次。,0,864,10,0,0,0,0,0,0,0,0,3122,0,4,0,0,20,255,255,0,1,1,38,0
2594,完全稱霸共鳴伊甸1,成功挑戰伊甸零式共鳴之章。,0,865,1,0,0,0,0,0,0,0,0,3122,0,4,0,0,5,255,255,0,1,1,38,0
2595,完全稱霸共鳴伊甸2,累計成功挑戰伊甸零式共鳴之章5次。,0,865,5,0,0,0,0,0,0,0,0,3122,0,4,0,0,10,255,255,0,1,1,38,0
2596,完全稱霸共鳴伊甸3,累計成功挑戰伊甸零式共鳴之章10次。,0,865,10,0,0,0,0,0,0,0,0,3122,0,4,0,0,20,255,255,0,1,1,38,0
2597,盧利採掘隊1,與奇塔利族的「盧利採掘隊」之間的關係程度到達3級「友好」。,0,13,3,0,0,0,0,0,0,0,0,62971,0,37,0,0,5,255,255,0,1,15,1,0
2598,盧利採掘隊2,與奇塔利族的「盧利採掘隊」之間的關係程度到達4級「信賴」。,0,13,4,0,0,0,0,0,0,0,0,62971,0,37,0,0,5,255,255,0,1,15,1,0
2599,盧利採掘隊3,與奇塔利族的「盧利採掘隊」之間的關係程度到達6級「名譽」。,0,13,6,0,0,0,0,0,0,0,0,62971,0,37,0,0,10,255,255,0,1,15,1,0
2600,隆卡書記官,與奇塔利族的「盧利採掘隊」之間的關係程度到達7級「誓約」。,0,13,7,0,0,0,0,0,0,0,521,62971,0,37,45,70,20,255,255,0,1,15,1,0
2601,憧憬之人,完成任務「為了大家的公主節」。,0,69386,0,0,0,0,0,0,0,0,0,41792,102,38,0,0,10,255,255,0,1,6,42,0
2602,彩蛋搬運者,完成任務「尋蛋趣見友人」。,0,69383,0,0,0,0,0,0,0,0,0,41791,103,38,0,0,10,255,255,0,1,6,43,0
2603,加拉迪翁灣外海的幻海王,釣上加拉迪翁灣外海幻海流期間的所有魚類。,0,30,10,0,0,0,0,0,0,0,0,1116,151,34,0,0,10,255,255,0,0,27,1,0
2604,梅爾托爾海峽南的幻海王,釣上梅爾托爾海峽南幻海流期間的所有魚類。,0,31,10,0,0,0,0,0,0,0,0,1116,153,34,0,0,10,255,255,0,0,27,1,0
2605,羅塔諾海海面的幻海王,釣上羅塔諾海海面幻海流期間的所有魚類。,0,32,10,0,0,0,0,0,0,0,0,1116,157,34,0,0,10,255,255,0,0,27,1,0
2606,梅爾托爾海峽北的幻海王,釣上梅爾托爾海峽北幻海流期間的所有魚類。,0,33,10,0,0,0,0,0,0,0,0,1116,155,34,0,0,10,255,255,0,0,27,1,0
2607,博茲雅堡壘蒸發事件,完成任務「博茲雅堡壘蒸發事件」。,0,69372,0,0,0,0,0,0,0,0,0,26002,690,35,0,0,10,255,255,0,1,6,1,0
2608,,,0,0,0,0,0,0,0,0,0,0,0,0,0,0,0,0,0,0,0,0,0,0,0,0
2609,,,0,0,0,0,0,0,0,0,0,0,0,0,0,0,0,0,0,0,0,0,0,0,0,0
2610,,,0,0,0,0,0,0,0,0,0,0,0,0,0,0,0,0,0,0,0,0,0,0,0,0
2611,,,0,0,0,0,0,0,0,0,0,0,0,0,0,0,0,0,0,0,0,0,0,0,0,0
2612,,,0,0,0,0,0,0,0,0,0,0,0,0,0,0,0,0,0,0,0,0,0,0,0,0
2613,,,0,0,0,0,0,0,0,0,0,0,0,0,0,0,0,0,0,0,0,0,0,0,0,0
2614,,,0,0,0,0,0,0,0,0,0,0,0,0,0,0,0,0,0,0,0,0,0,0,0,0
2615,,,0,0,0,0,0,0,0,0,0,0,0,0,0,0,0,0,0,0,0,0,0,0,0,0
2616,,,0,0,0,0,0,0,0,0,0,0,0,0,0,0,0,0,0,0,0,0,0,0,0,0
2617,,,0,0,0,0,0,0,0,0,0,0,0,0,0,0,0,0,0,0,0,0,0,0,0,0
2618,踏遍諾弗蘭特,成功探索諾弗蘭特（漆黑決戰）的所有地區。,0,594,0,0,0,0,0,0,0,0,0,1001,85,49,0,0,10,255,255,0,1,8,1,0
2619,踏遍人偶軍事基地,成功探索人偶軍事基地的所有地區。,0,611,0,0,0,0,0,0,0,0,0,1001,1505,49,0,0,10,255,255,0,1,8,41,0
2620,踏遍南方博茲雅戰線,成功探索南方博茲雅戰線的所有地區。,0,606,0,0,0,0,0,0,0,0,0,1001,2201,49,0,0,10,255,255,0,1,8,50,0
2621,初光的終結者,在極 光之戰士殲滅戰中戰勝光之戰士。,0,20072,0,0,0,0,0,0,0,0,0,317,31,3,0,0,10,255,255,0,1,14,1,3
2622,稱霸人偶軍事基地,成功突破人偶軍事基地。,0,30096,0,0,0,0,0,0,0,0,0,3501,0,4,0,0,5,255,255,0,1,14,41,0
2623,艾爾·圖的信任1,艾爾·圖的信賴等級達到1級。,0,876,1,0,0,0,0,0,0,0,0,25507,206,12,0,0,5,255,255,0,1,1,1,0
2624,艾爾·圖的信任2,艾爾·圖的信賴等級達到2級。,0,876,2,0,0,0,0,0,0,0,0,25507,207,12,0,0,5,255,255,0,1,1,1,0
2625,艾爾·圖的信任3,艾爾·圖的信賴等級達到3級。,0,876,3,0,0,0,0,0,0,0,0,25507,208,12,0,0,5,255,255,0,1,1,1,0
2626,艾爾·圖的信任4,艾爾·圖的信賴等級達到4級。,0,876,4,0,0,0,0,0,0,0,0,25507,209,12,0,0,5,255,255,0,1,1,1,0
2627,艾爾·圖的信任5,艾爾·圖的信賴等級達到5級。,0,876,5,0,0,0,0,0,0,0,522,25507,210,12,46,70,10,255,255,0,1,1,1,0
2628,艾爾·圖的老主顧1,在艾爾·圖處累計交納收藏品36次。,0,877,36,0,0,0,0,0,0,0,0,26551,61,22,0,0,5,255,255,0,1,1,1,0
2629,艾爾·圖的老主顧2,在艾爾·圖處累計交納收藏品48次。,0,877,48,0,0,0,0,0,0,0,0,26551,62,22,0,0,5,255,255,0,1,1,1,0
2630,艾爾·圖的老主顧3,在艾爾·圖處累計交納收藏品60次。,0,877,60,0,0,0,0,0,0,0,0,26551,63,22,0,0,5,255,255,0,1,1,1,0
2631,艾爾·圖的老主顧4,在艾爾·圖處累計交納收藏品90次。,0,877,90,0,0,0,0,0,0,0,0,26551,64,22,0,0,5,255,255,0,1,1,1,0
2632,艾爾·圖的老主顧5,在艾爾·圖處累計交納收藏品120次。,0,877,120,0,0,0,0,0,0,0,0,26551,65,22,0,0,5,255,255,0,1,1,1,0
2633,艾爾·圖的老主顧6,在艾爾·圖處累計交納收藏品150次。,0,877,150,0,0,0,0,0,0,0,523,26551,66,22,46,70,10,255,255,0,1,1,1,0
2634,宗長的茶友1,挑戰1次宗長的幻巧拼圖。,0,878,1,0,0,0,0,0,0,0,0,24414,168,12,0,0,5,255,255,0,1,1,1,0
2635,宗長的茶友2,挑戰5次宗長的幻巧拼圖。,0,878,5,0,0,0,0,0,0,0,524,24414,169,12,43,80,5,255,255,0,1,1,1,0
2636,宗長的茶友3,挑戰20次宗長的幻巧拼圖。,0,878,20,0,0,0,0,0,0,0,0,24414,170,12,0,0,5,255,255,0,1,1,1,0
2637,宗長的茶友4,挑戰50次宗長的幻巧拼圖。,0,878,50,0,0,0,0,0,0,0,525,24414,171,12,43,80,10,255,255,0,1,1,1,0
2638,沃茨之錘1,與矮人族的「沃茨之錘」之間的關係程度到達3級「友好」。,0,14,3,0,0,0,0,0,0,0,0,62972,0,37,0,0,5,255,255,0,1,15,1,0
2639,沃茨之錘2,與矮人族的「沃茨之錘」之間的關係程度到達4級「信賴」。,0,14,4,0,0,0,0,0,0,0,0,62972,0,37,0,0,5,255,255,0,1,15,1,0
2640,沃茨之錘3,與矮人族的「沃茨之錘」之間的關係程度到達6級「名譽」。,0,14,6,0,0,0,0,0,0,0,0,62972,0,37,0,0,10,255,255,0,1,15,1,0
2641,沃茨之錘的死黨,與矮人族的「沃茨之錘」之間的關係程度到達7級「誓約」。,0,14,7,0,0,0,0,0,0,0,526,62972,0,37,44,70,20,255,255,0,1,15,1,0
2642,水晶的殘光,完成任務「水晶的殘光」。,0,69318,0,0,0,0,0,0,0,0,527,26002,70,76,43,80,20,255,255,0,1,6,28,0
2643,九宮卡手10,獲得300種九宮幻卡。,31347,352,300,0,0,0,0,0,0,0,0,27661,48,18,47,15,10,255,165,4,1,1,1,0
2644,淨界太公3,在漆黑區域釣上22種釣場之王。,0,826,22,0,0,0,0,0,0,0,0,1102,102,34,0,0,10,255,255,0,1,1,1,0
2645,金碟遊樂園的知名接待員,完成任務「金碟遊樂園的歡呼聲」。,0,69499,0,0,0,0,0,0,0,0,0,26173,104,38,0,0,10,255,255,0,1,6,47,0
2646,盛夏舞者,完成任務「盛夏之舞與紅蓮祭」。,0,69503,0,0,0,0,0,0,0,0,0,26435,105,38,0,0,10,255,255,0,1,6,48,0
2647,歷久彌新的七周年,完成任務「新生祭與昔日時光」。,0,69510,0,0,0,0,0,0,0,0,0,26107,106,38,0,0,10,255,255,0,1,6,49,0
2648,落羽商業區的木工師,交納第三期重建用的高難度配方木工製品100次。,0,879,100,0,0,0,0,0,0,0,528,52691,140,24,9,80,10,255,255,0,1,1,44,0
2649,落羽商業區的鍛造師,交納第三期重建用的高難度配方鍛造製品100次。,0,880,100,0,0,0,0,0,0,0,529,52692,140,25,10,80,10,255,255,0,1,1,44,0
2650,落羽商業區的甲冑匠,交納第三期重建用的高難度配方甲冑製品100次。,0,881,100,0,0,0,0,0,0,0,530,50114,140,26,11,80,10,255,255,0,1,1,44,0
2651,落羽商業區的金工匠,交納第三期重建用的高難度配方金工製品100次。,0,882,100,0,0,0,0,0,0,0,531,53371,140,27,12,80,10,255,255,0,1,1,44,0
2652,落羽商業區的皮革匠,交納第三期重建用的高難度配方皮革製品100次。,0,883,100,0,0,0,0,0,0,0,532,26117,140,28,13,80,10,255,255,0,1,1,44,0
2653,落羽商業區的裁縫匠,交納第三期重建用的高難度配方裁縫製品100次。,0,884,100,0,0,0,0,0,0,0,533,42696,140,29,14,80,10,255,255,0,1,1,44,0
2654,落羽商業區的鍊金術師,交納第三期重建用的高難度配方鍊金製品100次。,0,885,100,0,0,0,0,0,0,0,534,51043,140,30,15,80,10,255,255,0,1,1,44,0
2655,落羽商業區的烹調師,交納第三期重建用的高難度配方烹調製品100次。,0,886,100,0,0,0,0,0,0,0,535,26119,140,31,16,80,10,255,255,0,1,1,44,0
2656,落羽商業區的採掘師,"對50,000個第三期重建用的高難度配方中的礦石素材進行檢驗。",0,887,50000,0,0,0,0,0,0,0,536,21483,140,32,17,80,10,255,255,0,1,1,44,0
2657,落羽商業區的園藝師,"對50,000個第三期重建用的高難度配方中的草木素材進行檢驗。",0,888,50000,0,0,0,0,0,0,0,537,25410,140,33,18,80,10,255,255,0,1,1,44,0
2658,落羽商業區的漁師,對300條第三期重建用的特供魚進行檢驗。,0,889,300,0,0,0,0,0,0,0,538,29737,141,34,19,80,10,255,255,0,1,1,44,0
2659,天鋼工具：天詩手鋸,獲得天詩手鋸。,0,69430,8,0,0,0,0,0,0,0,0,35040,100,70,0,0,10,255,255,0,1,24,44,0
2660,天鋼工具：天詩橫頭錘,獲得天詩橫頭錘。,0,69430,9,0,0,0,0,0,0,0,0,35139,200,70,0,0,10,255,255,0,1,24,44,0
2661,天鋼工具：天詩圓頭錘,獲得天詩圓頭錘。,0,69430,10,0,0,0,0,0,0,0,0,35239,300,70,0,0,10,255,255,0,1,24,44,0
2662,天鋼工具：天詩工藝錘,獲得天詩工藝錘。,0,69430,11,0,0,0,0,0,0,0,0,35338,400,70,0,0,10,255,255,0,1,24,44,0
2663,天鋼工具：天詩圓革刀,獲得天詩圓革刀。,0,69430,12,0,0,0,0,0,0,0,0,35439,500,70,0,0,10,255,255,0,1,24,44,0
2664,天鋼工具：天詩縫針,獲得天詩縫針。,0,69430,13,0,0,0,0,0,0,0,0,35539,600,70,0,0,10,255,255,0,1,24,44,0
2665,天鋼工具：天詩蒸餾器,獲得天詩蒸餾器。,0,69430,14,0,0,0,0,0,0,0,0,35638,700,70,0,0,10,255,255,0,1,24,44,0
2666,天鋼工具：天詩煎鍋,獲得天詩煎鍋。,0,69430,15,0,0,0,0,0,0,0,0,35741,800,70,0,0,10,255,255,0,1,24,44,0
2667,天鋼工具：天詩十字鎬,獲得天詩十字鎬。,0,69430,16,0,0,0,0,0,0,0,0,38041,900,70,0,0,10,255,255,0,1,24,44,0
2668,天鋼工具：天詩手斧,獲得天詩手斧。,0,69430,17,0,0,0,0,0,0,0,0,38139,1000,70,0,0,10,255,255,0,1,24,44,0
2669,天鋼工具：天詩釣竿,獲得天詩釣竿。,0,69430,18,0,0,0,0,0,0,0,0,38242,1100,70,0,0,10,255,255,0,1,24,44,0
2670,南方博茲雅戰線的解放者,完成任務「聖劍天佑女王」。,0,69487,0,0,0,0,0,0,0,0,0,26002,691,35,0,0,10,255,255,0,1,6,50,0
2671,南方博茲雅戰線的記錄員,完成南方博茲雅戰線戰果記錄中的所有項目。,0,36,20,0,0,0,0,0,0,0,0,26184,2210,49,0,0,10,255,255,0,0,28,50,0
2672,急中生智1,在博茲雅戰線中完成10次緊急遭遇戰。,0,890,10,0,0,0,0,0,0,0,0,64836,1511,71,0,0,10,255,255,0,1,1,50,0
2673,急中生智2,在博茲雅戰線中完成50次緊急遭遇戰。,0,890,50,0,0,0,0,0,0,0,0,64836,1512,71,0,0,10,255,255,0,1,1,50,0
2674,急中生智3,在博茲雅戰線中完成100次緊急遭遇戰。,0,890,100,0,0,0,0,0,0,0,0,64836,1513,71,0,0,10,255,255,0,1,1,50,0
2675,急中生智4,在博茲雅戰線中完成500次緊急遭遇戰。,0,890,500,0,0,0,0,0,0,0,539,64836,1514,71,43,80,20,255,255,0,1,1,50,0
2676,武裝衝突1,在博茲雅戰線中完成10次衝突戰。,0,891,10,0,0,0,0,0,0,0,0,3004,1501,71,0,0,5,255,255,0,1,1,50,0
2677,武裝衝突2,在博茲雅戰線中完成50次衝突戰。,0,891,50,0,0,0,0,0,0,0,0,3004,1502,71,0,0,5,255,255,0,1,1,50,0
2678,武裝衝突3,在博茲雅戰線中完成100次衝突戰。,0,891,100,0,0,0,0,0,0,0,0,3004,1503,71,0,0,5,255,255,0,1,1,50,0
2679,武裝衝突4,在博茲雅戰線中完成500次衝突戰。,0,891,500,0,0,0,0,0,0,0,540,3004,1504,71,43,80,10,255,255,0,1,1,50,0
2680,蒼鷹歸巢1,首次成功挑戰帝國湖岸堡。,0,892,1,0,0,0,0,0,0,0,0,64824,1531,71,0,0,10,255,255,0,1,1,50,0
2681,蒼鷹歸巢2,累計成功挑戰帝國湖岸堡10次。,0,892,10,0,0,0,0,0,0,0,0,64824,1532,71,0,0,10,255,255,0,1,1,50,0
2682,蒼鷹歸巢3,累計成功挑戰帝國湖岸堡50次。,0,892,50,0,0,0,0,0,0,0,541,64824,1533,71,43,80,20,255,255,0,1,1,50,0
2683,加百列的末日,在南方博茲雅戰線中，成功單挑加百列。,0,893,1,0,0,0,0,0,0,0,542,2629,1521,71,43,80,10,255,255,0,1,1,50,0
2684,威鎮百獸,在南方博茲雅戰線中，成功單挑獸王萊昂。,0,894,1,0,0,0,0,0,0,0,543,2629,1522,71,43,80,10,255,255,0,1,1,50,0
2685,烈火金剛,在南方博茲雅戰線中，成功單挑鐵膽獄火薩托瓦爾。,0,895,1,0,0,0,0,0,0,0,544,2629,1523,71,43,80,10,255,255,0,1,1,50,0
2686,南方博茲雅戰線的英雄,達成「加百列的末日」「威鎮百獸」「烈火金剛」三個成就。,0,2683,2684,2685,0,0,0,0,0,0,545,64836,1524,71,43,80,20,255,255,0,2,2,50,0
2687,失傳碎晶的研究者1,鑑定10次失傳碎晶。,0,896,10,0,0,0,0,0,0,0,0,121,1541,71,0,0,5,255,255,0,1,1,50,0
2688,失傳碎晶的研究者2,鑑定100次失傳碎晶。,0,896,100,0,0,0,0,0,0,0,0,121,1542,71,0,0,5,255,255,0,1,1,50,0
2689,失傳碎晶的研究者3,鑑定500次失傳碎晶。,0,896,500,0,0,0,0,0,0,0,0,121,1543,71,0,0,5,255,255,0,1,1,50,0
2690,失傳碎晶的研究者4,鑑定1000次失傳碎晶。,31393,896,1000,0,0,0,0,0,0,0,0,121,1544,71,43,80,10,255,166,3,1,1,50,0
2691,博茲雅的天使1,在天佑女王相關任務中，救助10位除自身外處於無法戰鬥狀態的玩家。,0,897,10,0,0,0,0,0,0,0,0,64645,1551,71,0,0,5,255,255,0,1,1,50,0
2692,博茲雅的天使2,在天佑女王相關任務中，救助100位除自身外處於無法戰鬥狀態的玩家。,0,897,100,0,0,0,0,0,0,0,0,64645,1552,71,0,0,5,255,255,0,1,1,50,0
2693,博茲雅的天使3,在天佑女王相關任務中，救助500位除自身外處於無法戰鬥狀態的玩家。,0,897,500,0,0,0,0,0,0,0,546,64645,1553,71,43,80,10,255,255,0,1,1,50,0
2694,義軍之騎士·回憶,獲得身負榮耀·回憶和堅毅·回憶。,0,69507,19,0,0,0,0,0,0,0,0,30620,101,68,0,0,10,255,255,0,1,24,50,3
2695,義軍之戰士·回憶,獲得開天碎顱·回憶。,0,69507,21,0,0,0,0,0,0,0,0,31593,301,68,0,0,10,255,255,0,1,24,50,3
2696,義軍之暗黑騎士·回憶,獲得生於哀傷·回憶。,0,69507,32,0,0,0,0,0,0,0,0,34352,1101,68,0,0,10,255,255,0,1,24,50,3
2697,義軍之絕槍戰士·回憶,獲得冠絕之刃·回憶。,0,69507,37,0,0,0,0,0,0,0,0,36041,1601,68,0,0,10,255,255,0,1,24,50,3
2698,義軍之龍騎士·回憶,獲得三鋒銳·回憶。,0,69507,22,0,0,0,0,0,0,0,0,31995,401,68,0,0,10,255,255,0,1,24,50,3
2699,義軍之武僧·回憶,獲得輪迴·回憶。,0,69507,20,0,0,0,0,0,0,0,0,31186,201,68,0,0,10,255,255,0,1,24,50,3
2700,義軍之忍者·回憶,獲得骨不知·回憶。,0,69507,30,0,0,0,0,0,0,0,0,33970,601,68,0,0,10,255,255,0,1,24,50,3
2701,義軍之武士·回憶,獲得星切·回憶。,0,69507,34,0,0,0,0,0,0,0,0,36502,1401,68,0,0,10,255,255,0,1,24,50,3
2702,義軍之吟遊詩人·回憶,獲得才氣煥發·回憶。,0,69507,23,0,0,0,0,0,0,0,0,32386,501,68,0,0,10,255,255,0,1,24,50,3
2703,義軍之機工士·回憶,獲得執法·回憶。,0,69507,31,0,0,0,0,0,0,0,0,34468,1201,68,0,0,10,255,255,0,1,24,50,3
2704,義軍之舞者·回憶,獲得交轉重環·回憶。,0,69507,38,0,0,0,0,0,0,0,0,36244,1701,68,0,0,10,255,255,0,1,24,50,3
2705,義軍之黑魔道士·回憶,獲得魂罰·回憶。,0,69507,25,0,0,0,0,0,0,0,0,33140,801,68,0,0,10,255,255,0,1,24,50,3
2706,義軍之召喚士·回憶,獲得一靈真性·回憶。,0,69507,27,0,0,0,0,0,0,0,0,33322,901,68,0,0,10,255,255,0,1,24,50,3
2707,義軍之赤魔道士·回憶,獲得述說者·回憶。,0,69507,35,0,0,0,0,0,0,0,0,36801,1501,68,0,0,10,255,255,0,1,24,50,3
2708,義軍之白魔道士·回憶,獲得怒心·回憶。,0,69507,24,0,0,0,0,0,0,0,0,32769,701,68,0,0,10,255,255,0,1,24,50,3
2709,義軍之學者·回憶,獲得群賢畢至·回憶。,0,69507,28,0,0,0,0,0,0,0,0,33321,1001,68,0,0,10,255,255,0,1,24,50,3
2710,義軍之占星術師·回憶,獲得天陽至寧·回憶。,0,69507,33,0,0,0,0,0,0,0,0,34945,1301,68,0,0,10,255,255,0,1,24,50,3
2711,為了皇都的繁榮,完成任務「為了皇都的繁榮」。,0,69494,0,0,0,0,0,0,0,0,0,26002,671,35,0,0,5,255,255,0,1,6,44,0
2712,蒼天街的聖人（重建計畫第三期）,在伊修加爾德重建工程（重建計畫第三期）中做出了傑出貢獻。,0,898,1,0,0,0,0,0,0,0,547,1995,1001,69,0,0,10,255,255,0,1,1,44,1
2713,蒼天街的聖徒（重建計畫第三期）,在伊修加爾德重建工程（重建計畫第三期）中做出了貢獻。,0,899,1,0,0,0,0,0,0,0,548,1987,1001,69,0,0,10,255,255,0,1,1,44,1
2714,另一個未來,完成任務「另一個未來」。,0,69552,0,0,0,0,0,0,0,0,549,26002,71,76,43,80,20,255,255,0,1,6,28,0
2715,英雄候補和同伴們,完成任務「英雄候補和同伴們」。,0,69524,0,0,0,0,0,0,0,0,0,2698,805,77,0,0,10,255,255,0,1,6,1,0
2716,淨界太公4,在漆黑區域釣上28種釣場之王。,0,826,28,0,0,0,0,0,0,0,0,1102,103,34,0,0,10,255,255,0,1,1,1,0
2717,踏遍瑪托雅工作室,成功探索瑪托雅工作室（魔術工坊）的所有地區。,0,630,0,0,0,0,0,0,0,0,0,1001,86,49,0,0,10,255,255,0,1,8,1,0
2718,綠寶石的降神者,在極 綠寶石武器破壞作戰中成功破壞綠寶石武器。,0,20074,0,0,0,0,0,0,0,0,0,317,32,3,0,0,10,255,255,0,1,14,1,0
2719,稱霸再生伊甸1,成功挑戰伊甸希望樂園再生之章。,0,901,1,0,0,0,0,0,0,0,0,3122,0,4,0,0,5,255,255,0,1,1,38,0
2720,稱霸再生伊甸2,累計成功挑戰伊甸希望樂園再生之章5次。,0,901,5,0,0,0,0,0,0,0,0,3122,0,4,0,0,10,255,255,0,1,1,38,0
2721,稱霸再生伊甸3,累計成功挑戰伊甸希望樂園再生之章10次。,0,901,10,0,0,0,0,0,0,0,0,3122,0,4,0,0,20,255,255,0,1,1,38,0
2722,完全稱霸再生伊甸1,成功挑戰伊甸零式再生之章。,0,902,1,0,0,0,0,0,0,0,0,3122,0,4,0,0,5,255,255,0,1,1,38,0
2723,完全稱霸再生伊甸2,累計成功挑戰伊甸零式再生之章5次。,0,902,5,0,0,0,0,0,0,0,0,3122,0,4,0,0,10,255,255,0,1,1,38,0
2724,完全稱霸再生伊甸3,累計成功挑戰伊甸零式再生之章10次。,0,902,10,0,0,0,0,0,0,0,0,3122,0,4,0,0,20,255,255,0,1,1,38,0
2725,魔書中的領悟7,將青魔道士升到70級。,0,36,70,0,0,0,0,0,0,0,0,39903,1007,14,0,0,5,255,255,0,1,3,1,0
2726,學海無涯8,學習100種青魔法。,0,6,100,0,0,0,0,0,0,0,0,62969,1109,14,0,0,5,255,255,0,1,25,1,0
2727,青之純粹,在假面狂歡中達成青之純粹。,0,903,1,0,0,0,0,0,0,0,550,26058,1105,2,36,50,10,255,255,0,1,1,1,0
2728,魔書記錄者4,完成90種青魔道士記錄中的普通任務。,0,804,90,0,0,0,0,0,0,0,551,3253,1203,1,36,60,5,255,255,0,1,1,1,0
2729,天青的悍勇弒神者,僅限由青魔道士組成的小隊，在不解除限制並開啟超越之力無效化的狀態下完成極 須佐之男殲滅戰。,0,904,1,0,0,0,0,0,0,0,0,62969,1323,1,0,0,5,255,255,0,1,1,1,0
2730,天青的魅惑弒神者,僅限由青魔道士組成的小隊，在不解除限制並開啟超越之力無效化的狀態下完成極 吉祥天女殲滅戰。,0,905,1,0,0,0,0,0,0,0,0,62969,1324,1,0,0,5,255,255,0,1,1,1,0
2731,天青的神勇征龍者,僅限由青魔道士組成的小隊，在不解除限制並開啟超越之力無效化的狀態下完成極 神龍殲滅戰。,0,906,1,0,0,0,0,0,0,0,0,62969,1325,1,0,0,5,255,255,0,1,1,1,0
2732,天青的夜月弒神者,僅限由青魔道士組成的小隊，在不解除限制並開啟超越之力無效化的狀態下完成極 月讀殲滅戰。,0,907,1,0,0,0,0,0,0,0,0,62969,1326,1,0,0,5,255,255,0,1,1,1,0
2733,天青的白帝鎮魂者,僅限由青魔道士組成的小隊，在不解除限制並開啟超越之力無效化的狀態下完成極 白虎征魂戰。,0,908,1,0,0,0,0,0,0,0,0,62969,1327,1,0,0,5,255,255,0,1,1,1,0
2734,天青的朱華鎮魂者,僅限由青魔道士組成的小隊，在不解除限制並開啟超越之力無效化的狀態下完成極 朱雀征魂戰。,0,909,1,0,0,0,0,0,0,0,0,62969,1328,1,0,0,5,255,255,0,1,1,1,0
2735,天青的青君鎮魂者,僅限由青魔道士組成的小隊，在不解除限制並開啟超越之力無效化的狀態下完成極 青龍征魂戰。,0,910,1,0,0,0,0,0,0,0,0,62969,1329,1,0,0,5,255,255,0,1,1,1,0
2736,稱霸德爾塔幻境的青魔道士,僅限由青魔道士組成的小隊，在不解除限制並開啟超越之力無效化的狀態下完成歐米茄零式時空狹縫 德爾塔幻境4。,0,911,1,0,0,0,0,0,0,0,0,62969,1330,1,0,0,5,255,255,0,1,1,1,0
2737,稱霸西格瑪幻境的青魔道士,僅限由青魔道士組成的小隊，在不解除限制並開啟超越之力無效化的狀態下完成歐米茄零式時空狹縫 西格瑪幻境4。,0,912,1,0,0,0,0,0,0,0,0,62969,1331,1,0,0,5,255,255,0,1,1,1,0
2738,稱霸阿爾法幻境的青魔道士,僅限由青魔道士組成的小隊，在不解除限制並開啟超越之力無效化的狀態下完成歐米茄零式時空狹縫 阿爾法幻境4。,0,913,1,0,0,0,0,0,0,0,0,62969,1332,1,0,0,5,255,255,0,1,1,1,0
2739,通曉時空狹縫的青魔道士,達成「稱霸德爾塔幻境的青魔道士」「稱霸西格瑪幻境的青魔道士」「稱霸阿爾法幻境的青魔道士」三個成就。,0,2736,2737,2738,0,0,0,0,0,0,552,62969,1333,1,36,70,10,255,255,0,2,2,1,0
2740,踏入夢羽寶殿1,初次入侵夢羽寶殿。,0,914,1,0,0,0,0,0,0,0,560,116,72,6,43,80,5,255,255,0,1,1,1,0
2741,踏入夢羽寶殿2,累計入侵夢羽寶殿5次。,0,914,5,0,0,0,0,0,0,0,0,116,73,6,0,0,10,255,255,0,1,1,1,0
2742,踏入夢羽寶殿3,累計入侵夢羽寶殿10次。,0,914,10,0,0,0,0,0,0,0,0,116,74,6,0,0,10,255,255,0,1,1,1,0
2743,踏入夢羽寶殿4,累計入侵夢羽寶殿20次。,0,914,20,0,0,0,0,0,0,0,561,116,75,6,43,80,20,255,255,0,1,1,1,0
2744,稱霸夢羽寶殿1,初次稱霸夢羽寶殿。,0,915,1,0,0,0,0,0,0,0,0,116,76,6,0,0,5,255,255,0,1,1,1,0
2745,稱霸夢羽寶殿2,累計稱霸夢羽寶殿5次。,0,915,5,0,0,0,0,0,0,0,0,116,77,6,0,0,10,255,255,0,1,1,1,0
2746,稱霸夢羽寶殿3,累計稱霸夢羽寶殿10次。,0,915,10,0,0,0,0,0,0,0,0,116,78,6,0,0,10,255,255,0,1,1,1,0
2747,稱霸夢羽寶殿4,累計稱霸夢羽寶殿20次。,0,915,20,0,0,0,0,0,0,0,562,116,79,6,43,80,20,255,255,0,1,1,1,0
2748,謝爾達萊群島近海的魚拓王,釣上謝爾達萊群島近海幻海流期間以外的所有魚類。,0,37,10,0,0,0,0,0,0,0,0,1116,158,34,0,0,10,255,255,0,0,27,1,0
2749,緋汐海近海的魚拓王,釣上緋汐海近海幻海流期間以外的所有魚類。,0,38,10,0,0,0,0,0,0,0,0,1116,160,34,0,0,10,255,255,0,0,27,1,0
2750,羅斯利特灣近海的魚拓王,釣上羅斯利特灣近海幻海流期間以外的所有魚類。,0,39,10,0,0,0,0,0,0,0,0,1116,162,34,0,0,10,255,255,0,0,27,1,0
2751,謝爾達萊群島近海的幻海王,釣上謝爾達萊群島近海幻海流期間的所有魚類。,0,40,10,0,0,0,0,0,0,0,0,1116,159,34,0,0,10,255,255,0,0,27,1,0
2752,緋汐海近海的幻海王,釣上緋汐海近海幻海流期間的所有魚類。,0,41,10,0,0,0,0,0,0,0,0,1116,161,34,0,0,10,255,255,0,0,27,1,0
2753,羅斯利特灣近海的幻海王,釣上羅斯利特灣近海幻海流期間的所有魚類。,0,42,10,0,0,0,0,0,0,0,0,1116,163,34,0,0,10,255,255,0,0,27,1,0
2754,氣魨四海,在出海垂釣（近海）中達成氣魨四海。,0,918,1,0,0,0,0,0,0,0,553,29118,224,34,19,1,10,255,255,0,1,1,1,0
2755,橫路不通,在出海垂釣（近海）中達成橫路不通。,0,919,1,0,0,0,0,0,0,0,554,29110,225,34,19,1,10,255,255,0,1,1,1,0
2756,魟隆隆衝衝衝,在出海垂釣（近海）中達成魟隆隆衝衝衝。,0,920,1,0,0,0,0,0,0,0,555,29130,250,34,19,1,10,255,255,0,1,1,1,0
2757,海釣愛好者4,"在出海垂釣中累計獲得1,000,000漁分。",32847,856,1000000,0,0,0,0,0,0,0,0,1115,175,34,19,1,20,255,167,2,1,1,1,0
2758,海釣愛好者5,"在出海垂釣中累計獲得3,000,000漁分。",0,856,3000000,0,0,0,0,0,0,0,556,1115,176,34,19,1,20,255,255,0,1,1,1,0
2759,游釣大洋4,"在1次出海垂釣（近海）中獲得20,000以上漁分。",0,921,1,0,0,0,0,0,0,0,563,1118,203,34,19,1,20,255,255,0,1,1,1,0
2760,神佑女王,完成任務「神佑女王」。,0,69562,0,0,0,0,0,0,0,0,0,26002,692,35,0,0,10,255,255,0,1,6,50,0
2761,女王古殿的記錄員,完成女王古殿戰果記錄中的所有項目。,0,43,10,0,0,0,0,0,0,0,0,26184,2211,49,0,0,10,255,255,0,0,28,50,0
2762,稱霸女王古殿1,成功挑戰女王古殿。,0,916,1,0,0,0,0,0,0,0,0,64856,1561,71,0,0,5,255,255,0,1,1,50,0
2763,稱霸女王古殿2,累計成功挑戰女王古殿10次。,0,916,10,0,0,0,0,0,0,0,0,64856,1562,71,0,0,10,255,255,0,1,1,50,0
2764,稱霸女王古殿3,累計成功挑戰女王古殿50次。,0,916,50,0,0,0,0,0,0,0,0,64856,1563,71,0,0,20,255,255,0,1,1,50,0
2765,完全稱霸女王古殿1,成功挑戰零式女王古殿。,32840,917,1,0,0,0,0,0,0,0,0,64856,1564,71,43,80,5,255,170,1,1,1,50,0
2766,完全稱霸女王古殿2,累計成功挑戰零式女王古殿5次。,0,917,5,0,0,0,0,0,0,0,564,64856,1565,71,43,80,10,255,255,0,1,1,50,0
2767,完全稱霸女王古殿3,累計成功挑戰零式女王古殿10次。,0,917,10,0,0,0,0,0,0,0,0,64856,1566,71,0,0,20,255,255,0,1,1,50,0
2768,進化的義軍之騎士·裁決,獲得改良型裁決手半劍和改良型裁決鳶盾。,0,69576,19,0,0,0,0,0,0,0,0,30629,102,68,0,0,10,255,255,0,1,24,50,3
2769,進化的義軍之戰士·裁決,獲得改良型裁決雙刃斧。,0,69576,21,0,0,0,0,0,0,0,0,31204,302,68,0,0,10,255,255,0,1,24,50,3
2770,進化的義軍之暗黑騎士·裁決,獲得改良型裁決雙手劍。,0,69576,32,0,0,0,0,0,0,0,0,34358,1102,68,0,0,10,255,255,0,1,24,50,3
2771,進化的義軍之絕槍戰士·裁決,獲得改良型裁決魔機刃。,0,69576,37,0,0,0,0,0,0,0,0,36050,1602,68,0,0,10,255,255,0,1,24,50,3
2772,進化的義軍之龍騎士·裁決,獲得改良型裁決長槍。,0,69576,22,0,0,0,0,0,0,0,0,31606,402,68,0,0,10,255,255,0,1,24,50,3
2773,進化的義軍之武僧·裁決,獲得改良型裁決指虎。,0,69576,20,0,0,0,0,0,0,0,0,31194,202,68,0,0,10,255,255,0,1,24,50,3
2774,進化的義軍之忍者·裁決,獲得改良型裁決匕首。,0,69576,30,0,0,0,0,0,0,0,0,33980,602,68,0,0,10,255,255,0,1,24,50,3
2775,進化的義軍之武士·裁決,獲得改良型裁決武士刀。,0,69576,34,0,0,0,0,0,0,0,0,36509,1402,68,0,0,10,255,255,0,1,24,50,3
2776,進化的義軍之吟遊詩人·裁決,獲得改良型裁決複合弓。,0,69576,23,0,0,0,0,0,0,0,0,32393,502,68,0,0,10,255,255,0,1,24,50,3
2777,進化的義軍之機工士·裁決,獲得改良型裁決左輪槍。,0,69576,31,0,0,0,0,0,0,0,0,34404,1202,68,0,0,10,255,255,0,1,24,50,3
2778,進化的義軍之舞者·裁決,獲得改良型裁決圓月輪。,0,69576,38,0,0,0,0,0,0,0,0,36249,1702,68,0,0,10,255,255,0,1,24,50,3
2779,進化的義軍之黑魔道士·裁決,獲得改良型裁決咒杖。,0,69576,25,0,0,0,0,0,0,0,0,33148,802,68,0,0,10,255,255,0,1,24,50,3
2780,進化的義軍之召喚士·裁決,獲得改良型裁決魔導書。,0,69576,27,0,0,0,0,0,0,0,0,33213,902,68,0,0,10,255,255,0,1,24,50,3
2781,進化的義軍之赤魔道士·裁決,獲得改良型裁決刺劍。,0,69576,35,0,0,0,0,0,0,0,0,36808,1502,68,0,0,10,255,255,0,1,24,50,3
2782,進化的義軍之白魔道士·裁決,獲得改良型裁決牧杖。,0,69576,24,0,0,0,0,0,0,0,0,32777,702,68,0,0,10,255,255,0,1,24,50,3
2783,進化的義軍之學者·裁決,獲得改良型裁決魔導典。,0,69576,28,0,0,0,0,0,0,0,0,33214,1002,68,0,0,10,255,255,0,1,24,50,3
2784,進化的義軍之占星術師·裁決,獲得改良型裁決量天儀。,0,69576,33,0,0,0,0,0,0,0,0,34952,1302,68,0,0,10,255,255,0,1,24,50,3
2785,蒼天街的聖人（重建計畫第四期）,在伊修加爾德重建工程（重建計畫第四期）中做出了傑出貢獻。,0,922,1,0,0,0,0,0,0,0,557,1995,1002,69,0,0,10,255,255,0,1,1,44,1
2786,蒼天街的聖徒（重建計畫第四期）,在伊修加爾德重建工程（重建計畫第四期）中做出了貢獻。,0,923,1,0,0,0,0,0,0,0,558,1987,1002,69,0,0,10,255,255,0,1,1,44,1
2787,天鋼工具：天工手鋸,獲得天工手鋸。,0,69519,8,0,0,0,0,0,0,0,0,35040,101,70,0,0,10,255,255,0,1,24,44,0
2788,天鋼工具：天工橫頭錘,獲得天工橫頭錘。,0,69519,9,0,0,0,0,0,0,0,0,35139,201,70,0,0,10,255,255,0,1,24,44,0
2789,天鋼工具：天工圓頭錘,獲得天工圓頭錘。,0,69519,10,0,0,0,0,0,0,0,0,35239,301,70,0,0,10,255,255,0,1,24,44,0
2790,天鋼工具：天工工藝錘,獲得天工工藝錘。,0,69519,11,0,0,0,0,0,0,0,0,35338,401,70,0,0,10,255,255,0,1,24,44,0
2791,天鋼工具：天工圓革刀,獲得天工圓革刀。,0,69519,12,0,0,0,0,0,0,0,0,35439,501,70,0,0,10,255,255,0,1,24,44,0
2792,天鋼工具：天工縫針,獲得天工縫針。,0,69519,13,0,0,0,0,0,0,0,0,35539,601,70,0,0,10,255,255,0,1,24,44,0
2793,天鋼工具：天工蒸餾器,獲得天工蒸餾器。,0,69519,14,0,0,0,0,0,0,0,0,35638,701,70,0,0,10,255,255,0,1,24,44,0
2794,天鋼工具：天工煎鍋,獲得天工煎鍋。,0,69519,15,0,0,0,0,0,0,0,0,35741,801,70,0,0,10,255,255,0,1,24,44,0
2795,天鋼工具：天工十字鎬,獲得天工十字鎬。,0,69519,16,0,0,0,0,0,0,0,0,38041,901,70,0,0,10,255,255,0,1,24,44,0
2796,天鋼工具：天工手斧,獲得天工手斧。,0,69519,17,0,0,0,0,0,0,0,0,38139,1001,70,0,0,10,255,255,0,1,24,44,0
2797,天鋼工具：天工釣竿,獲得天工釣竿。,0,69519,18,0,0,0,0,0,0,0,0,38242,1101,70,0,0,10,255,255,0,1,24,44,0
2798,夢想成真,完成任務「夢想成真之後」。,0,69520,0,0,0,0,0,0,0,0,0,26002,681,35,0,0,10,255,255,0,1,6,1,0
2799,突出重圍1,在官方錦標賽中奪冠1次。,33025,924,1,0,0,0,0,0,0,0,0,3116,74,18,47,15,5,255,168,4,1,1,1,0
2800,突出重圍2,在官方錦標賽中奪冠50次。,0,924,50,0,0,0,0,0,0,0,559,3116,75,18,47,15,10,255,255,0,1,1,1,0
2801,官方記錄1,在官方錦標賽中取勝10次。,33139,925,10,0,0,0,0,0,0,0,0,27661,76,18,47,15,5,255,171,4,1,1,1,0
2802,官方記錄2,在官方錦標賽中取勝50次。,0,925,50,0,0,0,0,0,0,0,0,27661,77,18,0,0,10,255,255,0,1,1,1,0
2803,官方記錄3,在官方錦標賽中取勝150次。,33040,925,150,0,0,0,0,0,0,0,0,27661,78,18,47,15,20,255,169,4,1,1,1,0
2804,繁星般的笑容,完成任務「星芒祭帶給大家笑容！」。,0,69558,0,0,0,0,0,0,0,0,0,4186,107,38,0,0,10,255,255,0,1,6,51,0
2805,休息，休息一下,完成任務「猛虎神樂降神祭」。,0,69559,0,0,0,0,0,0,0,0,0,41807,116,38,0,0,10,255,255,0,1,6,60,0
2806,小小的冒險，大大的一步,完成任務「公主節與小小冒險者」。,0,69533,0,0,0,0,0,0,0,0,0,41519,109,38,0,0,10,255,255,0,1,6,53,0
2807,升歌文化區的木工師,交納第四期重建用的高難度配方木工製品100次。,0,927,100,0,0,0,0,0,0,0,565,26120,150,24,9,80,10,255,255,0,1,1,44,0
2808,升歌文化區的鍛造師,交納第四期重建用的高難度配方鍛造製品100次。,0,928,100,0,0,0,0,0,0,0,566,26612,150,25,10,80,10,255,255,0,1,1,44,0
2809,升歌文化區的甲冑匠,交納第四期重建用的高難度配方甲冑製品100次。,0,929,100,0,0,0,0,0,0,0,567,52715,150,26,11,80,10,255,255,0,1,1,44,0
2810,升歌文化區的金工匠,交納第四期重建用的高難度配方金工製品100次。,0,930,100,0,0,0,0,0,0,0,568,52714,150,27,12,80,10,255,255,0,1,1,44,0
2811,升歌文化區的皮革匠,交納第四期重建用的高難度配方皮革製品100次。,0,931,100,0,0,0,0,0,0,0,569,54212,150,28,13,80,10,255,255,0,1,1,44,0
2812,升歌文化區的裁縫匠,交納第四期重建用的高難度配方裁縫製品100次。,0,932,100,0,0,0,0,0,0,0,570,42706,150,29,14,80,10,255,255,0,1,1,44,0
2813,升歌文化區的鍊金術師,交納第四期重建用的高難度配方鍊金製品100次。,0,933,100,0,0,0,0,0,0,0,571,20711,150,30,15,80,10,255,255,0,1,1,44,0
2814,升歌文化區的烹調師,交納第四期重建用的高難度配方烹調製品100次。,0,934,100,0,0,0,0,0,0,0,572,24093,150,31,16,80,10,255,255,0,1,1,44,0
2815,升歌文化區的採掘師,"對50,000個第四期重建用的高難度配方中的礦石素材進行檢驗。",0,935,50000,0,0,0,0,0,0,0,573,21484,150,32,17,80,10,255,255,0,1,1,44,0
2816,升歌文化區的園藝師,"對50,000個第四期重建用的高難度配方中的草木素材進行檢驗。",0,936,50000,0,0,0,0,0,0,0,574,22424,150,33,18,80,10,255,255,0,1,1,44,0
2817,升歌文化區的漁師,對300條第四期重建用的特供魚進行檢驗。,0,937,300,0,0,0,0,0,0,0,575,29748,142,34,19,80,10,255,255,0,1,1,44,0
2818,蒼天之下露出笑容,完成任務「蒼天之下露出笑容」。,0,69538,0,0,0,0,0,0,0,0,0,26002,671,35,0,0,5,255,255,0,1,6,44,0
2819,狂熱幻卡收藏家,獲得編號第1至第312號的九宮幻卡。,0,44,312,0,0,0,0,0,0,0,576,27672,49,18,47,15,20,255,255,0,1,29,1,0
2820,機龍乘雲,獲得機龍魔笛。,0,69593,0,0,0,0,0,0,0,0,577,104,1250,19,43,80,20,255,255,0,1,6,1,0
2821,輝煌工具：輝煌異木手鋸,獲得輝煌異木手鋸。,0,938,1,0,0,0,0,0,0,0,0,35042,170,24,0,0,10,255,255,0,1,1,1,0
2822,輝煌工具：輝煌怪鐵鳥嘴錘,獲得輝煌怪鐵鳥嘴錘。,0,939,1,0,0,0,0,0,0,0,0,35141,170,25,0,0,10,255,255,0,1,1,1,0
2823,輝煌工具：輝煌凶甲圓頭錘,獲得輝煌凶甲圓頭錘。,0,940,1,0,0,0,0,0,0,0,0,35241,170,26,0,0,10,255,255,0,1,1,1,0
2824,輝煌工具：輝煌惡金工藝錘,獲得輝煌惡金工藝錘。,0,941,1,0,0,0,0,0,0,0,0,35340,170,27,0,0,10,255,255,0,1,1,1,0
2825,輝煌工具：輝煌邪衣縫針,獲得輝煌邪衣縫針。,0,942,1,0,0,0,0,0,0,0,0,35541,170,29,0,0,10,255,255,0,1,1,1,0
2826,輝煌工具：輝煌妖革裁皮刀,獲得輝煌妖革裁皮刀。,0,943,1,0,0,0,0,0,0,0,0,35441,170,28,0,0,10,255,255,0,1,1,1,0
2827,輝煌工具：輝煌煉魔蒸餾器,獲得輝煌煉魔蒸餾器。,0,944,1,0,0,0,0,0,0,0,0,35640,170,30,0,0,10,255,255,0,1,1,1,0
2828,輝煌工具：輝煌烹宰廚鍋,獲得輝煌烹宰廚鍋。,0,945,1,0,0,0,0,0,0,0,0,35743,170,31,0,0,10,255,255,0,1,1,1,0
2829,工欲善其事必先利其器,獲得所有能工巧匠職業的輝煌工具。,0,2821,2822,2823,2824,2825,2826,2827,2828,0,578,1982,2000,69,44,80,20,255,255,0,1,2,1,0
2830,專研採掘筆記7,累計採掘成功並標記220種採集筆記中記載的採掘師專屬素材。,33356,200,220,0,0,0,0,0,0,0,0,1015,47,32,17,80,10,255,172,3,1,1,1,0
2831,專研採伐筆記7,累計採伐成功並標記340種採集筆記中記載的園藝師專屬素材。,33357,201,340,0,0,0,0,0,0,0,0,1065,47,33,18,80,10,255,173,3,1,1,1,0
2832,專研釣魚筆記7,累計釣上並標記1140種釣魚筆記中記載的物種。,33358,202,1140,0,0,0,0,0,0,0,0,1104,47,34,19,80,10,255,174,3,1,1,1,0
2833,淨界太公5,在漆黑區域釣上45種釣場之王。,0,826,45,0,0,0,0,0,0,0,579,1102,104,34,19,80,10,255,255,0,1,1,1,0
2834,太公仙路,達成「願者上鉤16」「淨界太公5」成就。,0,2245,2833,0,0,0,0,0,0,0,580,1113,105,34,19,80,20,255,255,0,2,2,1,0
2835,狄蘭達爾伯爵的信任1,狄蘭達爾伯爵的信賴等級達到1級。,0,946,1,0,0,0,0,0,0,0,0,25507,211,12,0,0,5,255,255,0,1,1,1,0
2836,狄蘭達爾伯爵的信任2,狄蘭達爾伯爵的信賴等級達到2級。,0,946,2,0,0,0,0,0,0,0,0,25507,212,12,0,0,5,255,255,0,1,1,1,0
2837,狄蘭達爾伯爵的信任3,狄蘭達爾伯爵的信賴等級達到3級。,0,946,3,0,0,0,0,0,0,0,0,25507,213,12,0,0,5,255,255,0,1,1,1,0
2838,狄蘭達爾伯爵的信任4,狄蘭達爾伯爵的信賴等級達到4級。,0,946,4,0,0,0,0,0,0,0,0,25507,214,12,0,0,5,255,255,0,1,1,1,0
2839,狄蘭達爾伯爵的信任5,狄蘭達爾伯爵的信賴等級達到5級。,0,946,5,0,0,0,0,0,0,0,581,25507,215,12,46,70,10,255,255,0,1,1,1,0
2840,狄蘭達爾伯爵的老主顧1,在狄蘭達爾伯爵處累計交納收藏品36次。,0,947,36,0,0,0,0,0,0,0,0,26551,67,22,0,0,5,255,255,0,1,1,1,0
2841,狄蘭達爾伯爵的老主顧2,在狄蘭達爾伯爵處累計交納收藏品48次。,0,947,48,0,0,0,0,0,0,0,0,26551,68,22,0,0,5,255,255,0,1,1,1,0
2842,狄蘭達爾伯爵的老主顧3,在狄蘭達爾伯爵處累計交納收藏品60次。,0,947,60,0,0,0,0,0,0,0,0,26551,69,22,0,0,5,255,255,0,1,1,1,0
2843,狄蘭達爾伯爵的老主顧4,在狄蘭達爾伯爵處累計交納收藏品90次。,0,947,90,0,0,0,0,0,0,0,0,26551,70,22,0,0,5,255,255,0,1,1,1,0
2844,狄蘭達爾伯爵的老主顧5,在狄蘭達爾伯爵處累計交納收藏品120次。,0,947,120,0,0,0,0,0,0,0,0,26551,71,22,0,0,5,255,255,0,1,1,1,0
2845,狄蘭達爾伯爵的老主顧6,在狄蘭達爾伯爵處累計交納收藏品150次。,0,947,150,0,0,0,0,0,0,0,582,26551,72,22,46,70,10,255,255,0,1,1,1,0
2846,鑽石的降神者,在極 鑽石武器捕獲作戰中成功捕獲鑽石武器。,0,20076,0,0,0,0,0,0,0,0,0,317,33,3,0,0,10,255,255,0,1,14,1,0
2847,稱霸希望之砲臺：“塔”,成功挑戰希望之砲臺：“塔”。,0,30105,0,0,0,0,0,0,0,0,0,3501,0,4,0,0,5,255,255,0,1,14,41,0
2848,踏遍希望之砲臺：“塔”,成功探索希望之砲臺：“塔”的所有地區。,0,659,0,0,0,0,0,0,0,0,0,1001,1506,49,0,0,10,255,255,0,1,8,41,0
2849,踏遍帕戈爾贊草原,成功探索帕戈爾贊草原（黃金平原）的所有地區。,0,667,0,0,0,0,0,0,0,0,0,1001,87,49,0,0,10,255,255,0,1,8,1,0
2850,戰爭與犧牲,完成任務「戰爭與犧牲」。,0,69599,0,0,0,0,0,0,0,0,0,26002,72,76,0,0,20,255,255,0,1,6,28,0
2851,死鬥至黎明,完成任務「死鬥至黎明」。,0,69602,0,0,0,0,0,0,0,0,583,26002,73,76,43,80,20,255,255,0,1,6,28,0
2852,心之所在,完成任務「心之所在」。,0,69589,0,0,0,0,0,0,0,0,584,4764,902,35,43,80,10,255,255,0,1,6,41,0
2853,特製冰品,完成任務「紅蓮祭與特製冰品」。,0,69619,0,0,0,0,0,0,0,0,0,53406,112,38,0,0,10,255,255,0,1,6,56,0
2854,小雞與尋蛋趣,完成任務「尋蛋趣添彩」。,0,69626,0,0,0,0,0,0,0,0,0,41827,110,38,0,0,10,255,255,0,1,6,54,0
2855,不是他不是他就不是他,完成任務「金碟遊樂園的謝禮」。,0,69591,0,0,0,0,0,0,0,0,0,26435,111,38,0,0,10,255,255,0,1,6,55,0
2856,展望未來的八周年,完成任務「新生祭與鎮魂花的香氣」。,0,69627,0,0,0,0,0,0,0,0,0,26107,113,38,0,0,10,255,255,0,1,6,57,0
2857,女王麾下之騎士,獲得女王之榮耀與女王之堅毅。,0,69637,19,0,0,0,0,0,0,0,0,30633,103,68,0,0,10,255,255,0,1,24,1,3
2858,女王麾下之戰士,獲得女王之英勇。,0,69637,21,0,0,0,0,0,0,0,0,31208,303,68,0,0,10,255,255,0,1,24,1,3
2859,女王麾下之暗黑騎士,獲得女王之正義。,0,69637,32,0,0,0,0,0,0,0,0,34362,1103,68,0,0,10,255,255,0,1,24,1,3
2860,女王麾下之絕槍戰士,獲得女王之決意。,0,69637,37,0,0,0,0,0,0,0,0,36054,1603,68,0,0,10,255,255,0,1,24,1,3
2861,女王麾下之龍騎士,獲得女王之榮光。,0,69637,22,0,0,0,0,0,0,0,0,31610,403,68,0,0,10,255,255,0,1,24,1,3
2862,女王麾下之武僧,獲得女王之安寧。,0,69637,20,0,0,0,0,0,0,0,0,31198,203,68,0,0,10,255,255,0,1,24,1,3
2863,女王麾下之忍者,獲得女王之精巧。,0,69637,30,0,0,0,0,0,0,0,0,33984,603,68,0,0,10,255,255,0,1,24,1,3
2864,女王麾下之武士,獲得女王之忠誠。,0,69637,34,0,0,0,0,0,0,0,0,36513,1403,68,0,0,10,255,255,0,1,24,1,3
2865,女王麾下之吟遊詩人,獲得女王之沉思。,0,69637,23,0,0,0,0,0,0,0,0,32397,503,68,0,0,10,255,255,0,1,24,1,3
2866,女王麾下之機工士,獲得女王之才智。,0,69637,31,0,0,0,0,0,0,0,0,34408,1203,68,0,0,10,255,255,0,1,24,1,3
2867,女王麾下之舞者,獲得女王之愉悅。,0,69637,38,0,0,0,0,0,0,0,0,36253,1703,68,0,0,10,255,255,0,1,24,1,3
2868,女王麾下之黑魔道士,獲得女王之盛怒。,0,69637,25,0,0,0,0,0,0,0,0,33152,803,68,0,0,10,255,255,0,1,24,1,3
2869,女王麾下之召喚士,獲得女王之敏銳。,0,69637,27,0,0,0,0,0,0,0,0,33222,903,68,0,0,10,255,255,0,1,24,1,3
2870,女王麾下之赤魔道士,獲得女王之克己。,0,69637,35,0,0,0,0,0,0,0,0,36812,1503,68,0,0,10,255,255,0,1,24,1,3
2871,女王麾下之白魔道士,獲得女王之慈悲。,0,69637,24,0,0,0,0,0,0,0,0,32781,703,68,0,0,10,255,255,0,1,24,1,3
2872,女王麾下之學者,獲得女王之睿智。,0,69637,28,0,0,0,0,0,0,0,0,33221,1003,68,0,0,10,255,255,0,1,24,1,3
2873,女王麾下之占星術師,獲得女王之天命。,0,69637,33,0,0,0,0,0,0,0,0,34956,1303,68,0,0,10,255,255,0,1,24,1,3
2874,蒼鷹翱翔1,首次成功挑戰旗艦達爾里阿達號。,0,948,1,0,0,0,0,0,0,0,0,64858,1580,71,0,0,10,255,255,0,1,1,1,0
2875,蒼鷹翱翔2,累計成功挑戰旗艦達爾里阿達號10次。,0,948,10,0,0,0,0,0,0,0,0,64858,1581,71,0,0,10,255,255,0,1,1,1,0
2876,蒼鷹翱翔3,累計成功挑戰旗艦達爾里阿達號50次。,0,948,50,0,0,0,0,0,0,0,585,64858,1582,71,43,80,20,255,255,0,1,1,1,0
2877,超級調整兵,在扎杜諾爾高原中，成功單挑超級調整兵達波格。,0,949,1,0,0,0,0,0,0,0,586,2629,1570,71,43,80,10,255,255,0,1,1,1,0
2878,斬將,在扎杜諾爾高原中，成功單挑梅內紐斯·薩斯·拉那圖斯。,0,950,1,0,0,0,0,0,0,0,587,2629,1571,71,43,80,10,255,255,0,1,1,1,0
2879,桀驁不馴,在扎杜諾爾高原中，成功單挑獸王萊昂。,0,951,1,0,0,0,0,0,0,0,588,2629,1572,71,43,80,10,255,255,0,1,1,1,0
2880,扎杜諾爾高原的英雄,達成「超級調整兵」「斬將」「桀驁不馴」三個成就。,0,2877,2878,2879,0,0,0,0,0,0,589,64836,1573,71,43,80,20,255,255,0,2,2,1,0
2881,女王之刃,達成「南方博茲雅戰線的英雄」「扎杜諾爾高原的英雄」成就。,0,2686,2880,0,0,0,0,0,0,0,590,64805,1575,71,43,80,20,255,255,0,2,2,1,0
2882,博茲雅的彗星,獲得堅守彗星勳章、勇猛彗星勳章、救命彗星勳章各10個。,0,952,1,0,0,0,0,0,0,0,591,64660,1585,71,43,80,10,255,255,0,1,1,1,0
2883,失傳戰技的繼承者,獲得全部99種失傳技能。,0,953,1,0,0,0,0,0,0,0,0,64840,1590,71,0,0,10,255,255,0,1,1,1,0
2884,鮮血女王的進軍,完成任務「鮮血女王的進軍」。,0,69624,0,0,0,0,0,0,0,0,592,26002,693,35,43,80,10,255,255,0,1,6,1,0
2885,扎杜諾爾高原的記錄員,完成扎杜諾爾高原記錄中的所有項目。,0,45,20,0,0,0,0,0,0,0,0,26184,2212,49,0,0,10,255,255,0,0,28,1,0
2886,博茲雅的記錄員,達成「南方博茲雅戰線的記錄員」「女王古殿的記錄員」「扎杜諾爾高原的記錄員」三個成就。,33676,2671,2761,2885,0,0,0,0,0,0,0,26184,2213,49,43,70,20,255,175,1,2,2,1,0
2887,相伴到永遠,完成任務「相伴到永遠」。,0,69568,0,0,0,0,0,0,0,0,0,26002,695,35,0,0,10,255,255,0,1,6,1,0
2888,海鷗相伴,在出海垂釣中遇見3次海鷗群。,33690,954,3,0,0,0,0,0,0,0,0,1133,260,34,19,1,10,255,176,2,1,1,1,0
2889,海中智者,在出海垂釣中遇見3次海豚群。,33692,955,3,0,0,0,0,0,0,0,0,1133,261,34,19,1,10,255,177,2,1,1,1,0
2890,蒼天街的慶典愛好者,蒼天街復興慶典期間以最高評價完成10次慶典活動。,0,956,10,0,0,0,0,0,0,0,0,1902,110,69,0,0,5,255,255,0,1,1,44,0
2891,踏遍扎杜諾爾高原,成功探索扎杜諾爾高原的所有地區。,0,665,0,0,0,0,0,0,0,0,0,1001,2202,49,0,0,10,255,255,0,1,8,50,0
2892,利劍中的領悟9,將劍術士升到90級。,0,1,90,0,0,0,0,0,0,0,0,30408,9,13,0,0,5,255,255,0,1,3,1,0
2893,鬥拳中的領悟9,將格鬥士升到90級。,0,2,90,0,0,0,0,0,0,0,0,31004,29,13,0,0,5,255,255,0,1,3,1,0
2894,大斧中的領悟9,將斧術士升到90級。,0,3,90,0,0,0,0,0,0,0,0,31409,49,13,0,0,5,255,255,0,1,3,1,0
2895,尖槍中的領悟9,將槍術士升到90級。,0,4,90,0,0,0,0,0,0,0,0,31816,69,13,0,0,5,255,255,0,1,3,1,0
2896,箭矢中的領悟9,將弓術士升到90級。,0,5,90,0,0,0,0,0,0,0,0,32204,89,13,0,0,5,255,255,0,1,3,1,0
2897,幻術中的領悟9,將幻術士升到90級。,0,6,90,0,0,0,0,0,0,0,0,32611,9,14,0,0,5,255,255,0,1,3,1,0
2898,咒術中的領悟9,將咒術士升到90級。,0,7,90,0,0,0,0,0,0,0,0,32806,29,14,0,0,5,255,255,0,1,3,1,0
2899,巴術中的領悟9,將巴術士升到90級。,0,26,90,0,0,0,0,0,0,0,0,33401,49,14,0,0,5,255,255,0,1,3,1,0
2900,雙劍中的領悟9,將雙劍士升到90級。,0,29,90,0,0,0,0,0,0,0,0,33801,109,13,0,0,5,255,255,0,1,3,1,0
2901,暗劍中的領悟7,將暗黑騎士升到90級。,0,32,90,0,0,0,0,0,0,0,0,34203,129,13,0,0,5,255,255,0,1,3,1,0
2902,機工中的領悟7,將機工士升到90級。,0,31,90,0,0,0,0,0,0,0,0,34607,149,13,0,0,5,255,255,0,1,3,1,0
2903,星圖中的領悟7,將占星術師升到90級。,0,33,90,0,0,0,0,0,0,0,0,34808,69,14,0,0,5,255,255,0,1,3,1,0
2904,刺劍中的領悟5,將赤魔道士升到90級。,0,35,90,0,0,0,0,0,0,0,0,36747,89,14,0,0,5,255,255,0,1,3,1,0
2905,武道中的領悟5,將武士升到90級。,0,34,90,0,0,0,0,0,0,0,0,36427,169,13,0,0,5,255,255,0,1,3,1,0
2906,槍刃中的領悟3,將絕槍戰士升到90級。,0,37,90,0,0,0,0,0,0,0,0,36005,189,13,0,0,5,255,255,0,1,3,1,0
2907,舞步中的領悟3,將舞者升到90級。,0,38,90,0,0,0,0,0,0,0,0,36205,209,13,0,0,5,255,255,0,1,3,1,0
2908,收割中的領悟1,將奪魂者升到80級。,0,39,80,0,0,0,0,0,0,0,0,37231,228,13,0,0,5,255,255,0,1,3,1,0
2909,收割中的領悟2,將奪魂者升到90級。,0,39,90,0,0,0,0,0,0,0,0,37231,229,13,0,0,5,255,255,0,1,3,1,0
2910,賢學中的領悟1,將賢者升到80級。,0,40,80,0,0,0,0,0,0,0,0,37030,108,14,0,0,5,255,255,0,1,3,1,0
2911,賢學中的領悟2,將賢者升到90級。,0,40,90,0,0,0,0,0,0,0,0,37030,109,14,0,0,5,255,255,0,1,3,1,0
2912,木工中的領悟9,將木工師升到90級。,0,8,90,0,0,0,0,0,0,0,0,35001,9,15,0,0,5,255,255,0,1,3,1,0
2913,鍛造中的領悟9,將鍛造師升到90級。,0,9,90,0,0,0,0,0,0,0,0,35106,29,15,0,0,5,255,255,0,1,3,1,0
2914,甲胄中的領悟9,將甲冑師升到90級。,0,10,90,0,0,0,0,0,0,0,0,35203,49,15,0,0,5,255,255,0,1,3,1,0
2915,金工中的領悟9,將金工師升到90級。,0,11,90,0,0,0,0,0,0,0,0,35301,69,15,0,0,5,255,255,0,1,3,1,0
2916,皮革中的領悟9,將皮革師升到90級。,0,12,90,0,0,0,0,0,0,0,0,35404,89,15,0,0,5,255,255,0,1,3,1,0
2917,裁縫中的領悟9,將裁縫師升到90級。,0,13,90,0,0,0,0,0,0,0,0,35501,109,15,0,0,5,255,255,0,1,3,1,0
2918,鍊金中的領悟9,將鍊金術師升到90級。,0,14,90,0,0,0,0,0,0,0,0,35604,129,15,0,0,5,255,255,0,1,3,1,0
2919,烹調中的領悟9,將烹調師升到90級。,0,15,90,0,0,0,0,0,0,0,0,35704,149,15,0,0,5,255,255,0,1,3,1,0
2920,草木中的領悟9,將園藝師升到90級。,0,17,90,0,0,0,0,0,0,0,0,38103,29,16,0,0,5,255,255,0,1,3,1,0
2921,礦石中的領悟9,將採掘師升到90級。,0,16,90,0,0,0,0,0,0,0,0,38003,9,16,0,0,5,255,255,0,1,3,1,0
2922,垂釣中的領悟9,將漁師升到90級。,0,18,90,0,0,0,0,0,0,0,0,38203,49,16,0,0,5,255,255,0,1,3,1,0
2923,極武之勇者,將劍術士、格鬥士、斧術士、槍術士、弓術士、雙劍士、暗黑騎士、機工士、武士、絕槍戰士、舞者和奪魂者都升到90級。,0,46,12,0,0,0,0,0,0,0,593,2547,13,12,41,90,20,255,255,0,1,26,1,0
2924,究魔之智者,將幻術士、咒術士、巴術士、占星術師、赤魔道士和賢者都升到90級。,0,47,6,0,0,0,0,0,0,0,594,2661,14,12,42,90,20,255,255,0,1,26,1,0
2925,十八重之道的探究者,達成「極武之勇者」和「究魔之智者」兩個成就。,35858,2923,2924,0,0,0,0,0,0,0,0,2517,15,12,43,90,30,255,178,3,2,2,1,0
2926,博心之巧者,將木工師、鍛造師、甲冑師、金工師、皮革師、裁縫師、鍊金術師和烹調師都升到90級。,0,48,8,0,0,0,0,0,0,0,595,61269,29,12,44,90,20,255,255,0,1,26,1,0
2927,遍識之賢者,將採掘師、園藝師和漁師都升到90級。,0,49,3,0,0,0,0,0,0,0,596,1981,30,12,45,90,20,255,255,0,1,26,1,0
2928,木工績學者,完成1000次81-90級的木工作業。,0,957,1000,0,0,0,0,0,0,0,0,35001,10,24,0,0,10,255,255,0,1,1,1,0
2929,鍛造績學者,完成1000次81-90級的鍛造作業。,0,958,1000,0,0,0,0,0,0,0,0,35106,10,25,0,0,10,255,255,0,1,1,1,0
2930,甲冑績學者,完成1000次81-90級的甲冑作業。,0,959,1000,0,0,0,0,0,0,0,0,35203,10,26,0,0,10,255,255,0,1,1,1,0
2931,金工績學者,完成1000次81-90級的金工作業。,0,960,1000,0,0,0,0,0,0,0,0,35301,10,27,0,0,10,255,255,0,1,1,1,0
2932,皮革績學者,完成1000次81-90級的皮革作業。,0,961,1000,0,0,0,0,0,0,0,0,35404,10,28,0,0,10,255,255,0,1,1,1,0
2933,裁縫績學者,完成1000次81-90級的裁縫作業。,0,962,1000,0,0,0,0,0,0,0,0,35501,10,29,0,0,10,255,255,0,1,1,1,0
2934,鍊金績學者,完成1000次81-90級的鍊金作業。,0,963,1000,0,0,0,0,0,0,0,0,35604,10,30,0,0,10,255,255,0,1,1,1,0
2935,烹調績學者,完成1000次81-90級的烹調作業。,0,964,1000,0,0,0,0,0,0,0,0,35704,10,31,0,0,10,255,255,0,1,1,1,0
2936,曉月之採伐能手,在81-90級的良材採伐或割草5000次。,0,965,5000,0,0,0,0,0,0,0,0,1056,23,33,0,0,10,255,255,0,1,1,1,0
2937,曉月之採掘能手,在81-90級的礦脈採掘或碎石5000次。,0,966,5000,0,0,0,0,0,0,0,0,1015,23,32,0,0,10,255,255,0,1,1,1,0
2938,曉月之釣魚能手,在81-90級的釣場捕魚3000次。,0,967,3000,0,0,0,0,0,0,0,0,1101,23,34,0,0,10,255,255,0,1,1,1,0
2939,收藏品製作者6,累計製作收藏品7000次。,0,372,7000,0,0,0,0,0,0,0,0,62973,6,22,0,0,10,255,255,0,1,1,1,0
2940,收藏品採集者6,累計採集收藏品10000次。,0,373,10000,0,0,0,0,0,0,0,0,60031,16,22,0,0,10,255,255,0,1,1,1,0
2941,木匠傳奇7,累計完成120種木工理符任務。,0,181,120,0,0,0,0,0,0,0,0,35001,87,36,0,0,10,255,255,0,1,1,1,0
2942,鐵匠傳奇7,累計完成120種鍛造理符任務。,0,182,120,0,0,0,0,0,0,0,0,35106,107,36,0,0,10,255,255,0,1,1,1,0
2943,甲匠傳奇7,累計完成120種甲冑理符任務。,0,183,120,0,0,0,0,0,0,0,0,35203,127,36,0,0,10,255,255,0,1,1,1,0
2944,金匠傳奇7,累計完成120種金工理符任務。,0,184,120,0,0,0,0,0,0,0,0,35301,147,36,0,0,10,255,255,0,1,1,1,0
2945,革匠傳奇7,累計完成120種皮革理符任務。,0,185,120,0,0,0,0,0,0,0,0,35404,167,36,0,0,10,255,255,0,1,1,1,0
2946,衣匠傳奇7,累計完成120種裁縫理符任務。,0,186,120,0,0,0,0,0,0,0,0,35501,187,36,0,0,10,255,255,0,1,1,1,0
2947,鍊金傳奇7,累計完成120種鍊金理符任務。,0,187,120,0,0,0,0,0,0,0,0,35604,207,36,0,0,10,255,255,0,1,1,1,0
2948,廚師傳奇7,累計完成120種烹調理符任務。,0,188,120,0,0,0,0,0,0,0,0,35704,227,36,0,0,10,255,255,0,1,1,1,0
2949,草木傳奇7,累計完成100種園藝理符任務。,0,190,100,0,0,0,0,0,0,0,0,38103,267,36,0,0,10,255,255,0,1,1,1,0
2950,礦石傳奇7,累計完成100種採掘理符任務。,0,189,100,0,0,0,0,0,0,0,0,38003,247,36,0,0,10,255,255,0,1,1,1,0
2951,漁民傳奇7,累計完成100種釣魚理符任務。,0,191,100,0,0,0,0,0,0,0,0,38203,287,36,0,0,10,255,255,0,1,1,1,0
2952,歡喜的顏色,完成任務「歡喜的顏色」。,0,69915,0,0,0,0,0,0,0,0,597,26002,74,76,43,81,20,255,255,0,1,6,63,0
2953,拯救星球的英雄,完成任務「拯救星球的英雄」。,0,69934,0,0,0,0,0,0,0,0,598,26002,75,76,43,86,20,255,255,0,1,6,63,0
2954,亞伊太利斯的明天,完成任務「亞伊太利斯的明天」。,0,69944,0,0,0,0,0,0,0,0,599,26002,76,76,43,86,20,255,255,0,1,6,63,0
2955,這個世界的末日,完成任務「這個世界的末日」。,0,69954,0,0,0,0,0,0,0,0,600,26002,77,76,43,87,20,255,255,0,1,6,63,0
2956,獲得生與死的答案,完成任務「獲得生與死的答案」。,0,69974,0,0,0,0,0,0,0,0,601,26002,78,76,43,89,20,255,255,0,1,6,63,0
2957,所有的孩子們,完成任務「所有的孩子們」。,0,69985,0,0,0,0,0,0,0,0,602,26002,79,76,43,90,20,255,255,0,1,6,63,0
2958,曉月之終途,完成任務「曉月之終途」。,0,70000,0,0,0,0,0,0,0,0,603,26002,80,76,43,90,20,255,255,0,1,6,63,0
2959,異鄉之奪魂者,完成任務「暗殺道」。,0,69614,0,0,0,0,0,0,0,0,604,26063,608,77,39,70,5,255,255,0,2,6,1,0
2960,睿智之賢者,完成任務「生命瞬逝，術道恆久」。,0,69608,0,0,0,0,0,0,0,0,605,26064,609,77,40,70,5,255,255,0,2,6,1,0
2961,跨越病毒之絕望,完成任務「未來之路」。,0,69643,0,0,0,0,0,0,0,0,0,61264,806,77,0,0,5,255,255,0,2,6,1,0
2962,跨越罪惡之絕望,完成任務「目送生者前行」。,0,69649,0,0,0,0,0,0,0,0,0,61251,807,77,0,0,5,255,255,0,2,6,1,0
2963,跨越滅絕之絕望,完成任務「駛向融合的巨輪」。,0,69655,0,0,0,0,0,0,0,0,0,61265,808,77,0,0,5,255,255,0,2,6,1,0
2964,跨越別離之絕望,完成任務「英魂安息」。,0,69661,0,0,0,0,0,0,0,0,0,61262,809,77,0,0,5,255,255,0,2,6,1,0
2965,跨越廢教之絕望,完成任務「仰望蒼天，不斷邁進」。,0,69667,0,0,0,0,0,0,0,0,0,61253,810,77,0,0,5,255,255,0,2,6,1,0
2966,露露夏研究室的理解者,完成任務「與古代的對話」。,0,69674,0,0,0,0,0,0,0,0,606,1988,906,77,57,90,5,255,255,0,2,6,1,0
2967,古典天文學研究會的同伴,完成任務「約定的星星」。,0,69681,0,0,0,0,0,0,0,0,607,1987,907,77,58,90,5,255,255,0,2,6,1,0
2968,加爾韋羅什研究室的精髓,完成任務「薩雷安的飲食文化」。,0,69688,0,0,0,0,0,0,0,0,608,1955,908,77,59,90,5,255,255,0,2,6,1,0
2969,連接斷金研究室的橋樑,完成任務「美妙的結局」。,0,69695,0,0,0,0,0,0,0,0,609,1006,909,77,60,90,5,255,255,0,2,6,1,0
2970,環境乙太研究室的共同作者,完成任務「海港的未來」。,0,69702,0,0,0,0,0,0,0,0,610,1116,910,77,61,90,5,255,255,0,2,6,1,0
2971,薩雷安魔法大學的助力,完成任務「連繫在一起的情感」。,0,70010,0,0,0,0,0,0,0,0,611,1901,911,77,46,90,10,255,255,0,2,6,1,0
2972,戰友的希望,親信戰友阿爾菲諾、阿莉塞、桑克瑞德、尤里安傑、雅·修朵拉、古·拉哈·提亞和艾斯蒂尼安全都升到90級。,0,968,1,0,0,0,0,0,0,0,612,3139,1001,12,0,0,20,255,255,0,1,1,1,2
2973,持之以恆的探索者,完成探索筆記中曉月之章的項目1-46。,0,969,46,0,0,0,0,0,0,0,0,1019,68,39,0,0,10,255,255,0,1,1,1,0
2974,踏遍迷津,成功探索迷津的所有地區。,0,695,0,0,0,0,0,0,0,0,0,1001,0,72,0,0,10,255,255,0,1,8,1,0
2975,踏遍薩維奈島,成功探索薩維奈島的所有地區。,0,696,0,0,0,0,0,0,0,0,0,1001,0,73,0,0,10,255,255,0,1,8,1,0
2976,踏遍加雷馬,成功探索加雷馬的所有地區。,0,697,0,0,0,0,0,0,0,0,0,1001,0,73,0,0,10,255,255,0,1,8,1,0
2977,踏遍嘆息海,成功探索嘆息海的所有地區。,0,698,0,0,0,0,0,0,0,0,0,1001,0,74,0,0,10,255,255,0,1,8,1,3
2978,踏遍厄爾庇斯,成功探索厄爾庇斯的所有地區。,0,700,0,0,0,0,0,0,0,0,0,1001,0,74,0,0,10,255,255,0,1,8,1,3
2979,踏遍天外天垓,成功探索天外天垓的所有地區。,0,699,0,0,0,0,0,0,0,0,0,1001,0,74,0,0,10,255,255,0,1,8,1,3
2980,踏遍佐特塔,成功探索佐特塔（異形樓閣）的所有地區。,0,701,0,0,0,0,0,0,0,0,0,1001,88,49,0,0,10,255,255,0,1,8,1,0
2981,踏遍巴別塔,成功探索巴別塔（魔導神門）的所有地區。,0,723,0,0,0,0,0,0,0,0,0,1001,89,49,0,0,10,255,255,0,1,8,1,0
2982,踏遍萬相森國,成功探索萬相森國（末日樹海）的所有地區。,0,739,0,0,0,0,0,0,0,0,0,1001,90,49,0,0,10,255,255,0,1,8,1,0
2983,踏遍極北造物院,成功探索極北造物院（創造環境）的所有地區。,0,710,0,0,0,0,0,0,0,0,0,1001,91,49,0,0,10,255,255,0,1,8,1,0
2984,踏遍尋因星晶鏡,成功探索尋因星晶鏡（星海深幽）的所有地區。,0,719,0,0,0,0,0,0,0,0,0,1001,92,49,0,0,10,255,255,0,1,8,1,0
2985,踏遍末世終跡,成功探索末世終跡（最終幻想）的所有地區。,0,736,0,0,0,0,0,0,0,0,0,1001,93,49,0,0,10,255,255,0,1,8,1,1
2986,踏遍斯提格瑪四,成功探索斯提格瑪四（電腦夢境）的所有地區。,0,716,0,0,0,0,0,0,0,0,0,1001,95,49,0,0,10,255,255,0,1,8,1,1
2987,踏遍笑笑鎮,成功探索笑笑鎮（樂園都市）的所有地區。,0,706,0,0,0,0,0,0,0,0,0,1001,94,49,0,0,10,255,255,0,1,8,1,1
2988,暝暗的弒神者,在極 佐狄亞克殲滅戰中戰勝佐狄亞克。,0,20081,0,0,0,0,0,0,0,0,0,317,34,3,0,0,10,255,255,0,1,14,1,2
2989,暉光的超神者,在極 海德林殲滅戰中戰勝海德林。,0,20078,0,0,0,0,0,0,0,0,0,317,35,3,0,0,10,255,255,0,1,14,1,2
2990,為人民服務的騎士5,"使用騎士挑戰「副本迷宮（61級以上）」「極殲滅戰（61級以上）」「幻殲滅戰」「隨機任務：練級迷宮」「隨機任務：拾級迷宮」共計700次。
※隨機任務一天只可以計算一個防護職業，且只能計算一次。",0,633,700,0,0,0,0,0,0,0,613,2505,105,1,20,50,20,255,255,0,1,1,1,0
2991,為人民服務的戰士5,"使用戰士挑戰「副本迷宮（61級以上）」「極殲滅戰（61級以上）」「幻殲滅戰」「隨機任務：練級迷宮」「隨機任務：拾級迷宮」共計700次。
※隨機任務一天只可以計算一個防護職業，且只能計算一次。",0,634,700,0,0,0,0,0,0,0,614,2551,125,1,22,50,20,255,255,0,1,1,1,0
2992,為人民服務的暗黑騎士5,"使用暗黑騎士挑戰「副本迷宮（61級以上）」「極殲滅戰（61級以上）」「幻殲滅戰」「隨機任務：練級迷宮」「隨機任務：拾級迷宮」共計700次。
※隨機任務一天只可以計算一個防護職業，且只能計算一次。",0,635,700,0,0,0,0,0,0,0,615,3071,145,1,32,50,20,255,255,0,1,1,1,0
2993,為人民服務的絕槍戰士5,"使用絕槍戰士挑戰「副本迷宮（61級以上）」「極殲滅戰（61級以上）」「幻殲滅戰」「隨機任務：練級迷宮」「隨機任務：拾級迷宮」共計700次。
※隨機任務一天只可以計算一個防護職業，且只能計算一次。",0,784,700,0,0,0,0,0,0,0,616,3406,165,1,37,50,20,255,255,0,1,1,1,0
2994,曉月A級精英殺手1,成功討伐在曉月之終途出現的100隻A級危險標的怪物。,0,970,100,0,0,0,0,0,0,0,0,2680,130,5,0,0,10,255,255,0,1,1,1,0
2995,曉月A級精英殺手2,成功討伐在曉月之終途出現的500隻A級危險標的怪物。,0,970,500,0,0,0,0,0,0,0,0,2680,131,5,0,0,10,255,255,0,1,1,1,0
2996,曉月A級精英殺手3,成功討伐在曉月之終途出現的2000隻A級危險標的怪物。,0,970,2000,0,0,0,0,0,0,0,617,2680,132,5,43,81,10,255,255,0,1,1,1,0
2997,曉月S級精英殺手1,成功討伐在曉月之終途出現的30隻S級或更高級危險標的怪物。,0,971,30,0,0,0,0,0,0,0,0,2731,152,5,0,0,10,255,255,0,1,1,1,0
2998,曉月S級精英殺手2,成功討伐在曉月之終途出現的300隻S級或更高級危險標的怪物。,0,971,300,0,0,0,0,0,0,0,0,2731,153,5,0,0,10,255,255,0,1,1,1,0
2999,曉月S級精英殺手3,成功討伐在曉月之終途出現的1000隻S級或更高級危險標的怪物。,0,971,1000,0,0,0,0,0,0,0,618,2731,154,5,43,81,10,255,255,0,1,1,1,0
3000,傳說怪物獵人,達成「曉月A級精英殺手3」和「曉月S級精英殺手3」兩個成就。,36004,2996,2999,0,0,0,0,0,0,0,0,2685,155,5,43,81,10,255,179,1,2,2,1,0
3001,聚魔之光·戰鐮,獲得角尊戰鐮。,0,972,1,0,0,0,0,0,0,0,0,37232,1800,65,0,0,10,255,255,0,1,1,1,0
3002,聚魔之光·蛇石針,獲得角尊蛇石針。,0,973,1,0,0,0,0,0,0,0,0,37027,1900,65,0,0,10,255,255,0,1,1,1,0
3003,展翅迎風：迷津,在迷津開放飛行坐騎。,0,20,0,0,0,0,0,0,0,0,0,21901,122,12,0,0,5,255,255,0,1,20,1,0
3004,展翅迎風：薩維奈島,在薩維奈島開放飛行坐騎。,0,21,0,0,0,0,0,0,0,0,0,21901,123,12,0,0,5,255,255,0,1,20,1,0
3005,展翅迎風：加雷馬,在加雷馬開放飛行坐騎。,0,22,0,0,0,0,0,0,0,0,0,21901,124,12,0,0,5,255,255,0,1,20,1,0
3006,展翅迎風：嘆息海,在嘆息海開放飛行坐騎。,0,23,0,0,0,0,0,0,0,0,0,21901,125,12,0,0,5,255,255,0,1,20,1,3
3007,展翅迎風：厄爾庇斯,在厄爾庇斯開放飛行坐騎。,0,24,0,0,0,0,0,0,0,0,0,21901,126,12,0,0,5,255,255,0,1,20,1,3
3008,展翅迎風：天外天垓,在天外天垓開放飛行坐騎。,0,25,0,0,0,0,0,0,0,0,0,21901,127,12,0,0,5,255,255,0,1,20,1,3
3009,展翅迎風，漫步曉月,在迷津、薩維奈島、加雷馬、嘆息海、厄爾庇斯和天外天垓均開放飛行坐騎。,0,3003,3004,3005,3006,3007,3008,0,0,0,0,21901,128,12,0,0,10,255,255,0,1,2,1,2
3010,寶藏獵人12,累計20次成功解讀陳舊地圖G13並開啟寶箱。,0,974,20,0,0,0,0,0,0,0,0,115,13,6,0,0,20,255,255,0,1,1,1,0
3011,寶藏獵人13,累計20次成功解讀陳舊地圖G14並開啟寶箱。,0,975,20,0,0,0,0,0,0,0,0,115,14,6,0,0,20,255,255,0,1,1,1,0
3012,驚奇尋寶1,初次入侵驚奇百寶城。,0,976,1,0,0,0,0,0,0,0,619,116,80,6,43,90,5,255,255,0,1,1,1,0
3013,驚奇尋寶2,累計入侵驚奇百寶城5次。,0,976,5,0,0,0,0,0,0,0,0,116,81,6,0,0,10,255,255,0,1,1,1,0
3014,驚奇尋寶3,累計入侵驚奇百寶城10次。,0,976,10,0,0,0,0,0,0,0,0,116,82,6,0,0,10,255,255,0,1,1,1,0
3015,驚奇尋寶4,累計入侵驚奇百寶城20次。,0,976,20,0,0,0,0,0,0,0,620,116,83,6,43,90,20,255,255,0,1,1,1,0
3016,稱霸百寶城1,初次稱霸驚奇百寶城。,0,977,1,0,0,0,0,0,0,0,0,116,84,6,0,0,5,255,255,0,1,1,1,0
3017,稱霸百寶城2,累計稱霸驚奇百寶城5次。,0,977,5,0,0,0,0,0,0,0,0,116,85,6,0,0,10,255,255,0,1,1,1,0
3018,稱霸百寶城3,累計稱霸驚奇百寶城10次。,0,977,10,0,0,0,0,0,0,0,0,116,86,6,0,0,10,255,255,0,1,1,1,0
3019,稱霸百寶城4,累計稱霸驚奇百寶城20次。,0,977,20,0,0,0,0,0,0,0,621,116,87,6,43,90,20,255,255,0,1,1,1,0
3020,九宮卡手11,獲得344種九宮幻卡。,36284,352,344,0,0,0,0,0,0,0,0,27661,48,18,47,15,10,255,180,4,1,1,1,0
3021,街頭決鬥者8,與107位NPC角色進行九宮幻卡對局並取得勝利。,36281,353,107,0,0,0,0,0,0,0,0,3564,56,18,47,15,10,255,181,4,1,1,1,0
3022,廣域交易商的夥伴：迷津,在迷津的F.A.T.E.事件完成度達到3級。,0,978,66,0,0,0,0,0,0,0,0,2645,40,1,0,0,10,255,255,0,0,1,1,0
3023,廣域交易商的夥伴：薩維奈島,在薩維奈島的F.A.T.E.事件完成度達到3級。,0,979,66,0,0,0,0,0,0,0,0,2645,40,1,0,0,10,255,255,0,0,1,1,0
3024,廣域交易商的夥伴：加雷馬,在加雷馬的F.A.T.E.事件完成度達到3級。,0,980,66,0,0,0,0,0,0,0,0,2645,40,1,0,0,10,255,255,0,0,1,1,0
3025,廣域交易商的夥伴：嘆息海,在嘆息海的F.A.T.E.事件完成度達到3級。,0,981,66,0,0,0,0,0,0,0,0,2645,40,1,0,0,10,255,255,0,0,1,1,3
3026,廣域交易商的夥伴：厄爾庇斯,在厄爾庇斯的F.A.T.E.事件完成度達到3級。,0,982,66,0,0,0,0,0,0,0,0,2645,40,1,0,0,10,255,255,0,0,1,1,3
3027,廣域交易商的夥伴：天外天垓,在天外天垓的F.A.T.E.事件完成度達到3級。,0,983,66,0,0,0,0,0,0,0,0,2645,40,1,0,0,10,255,255,0,0,1,1,3
3028,廣域交易商的強力資助者,完成「廣域交易商的夥伴：迷津」、「廣域交易商的夥伴：薩維奈島」、「廣域交易商的夥伴：加雷馬」、「廣域交易商的夥伴：嘆息海」、「廣域交易商的夥伴：厄爾庇斯」和「廣域交易商的夥伴：天外天垓」6個成就。,0,3022,3023,3024,3025,3026,3027,0,0,0,622,2645,40,1,0,0,20,255,255,0,1,2,1,2
3029,燈火管制,以最高評價完成F.A.T.E.事件「獸道諸神信仰：偽神降臨」。,0,984,1,0,0,0,0,0,0,0,0,2629,39,1,0,0,10,255,255,0,1,1,1,0
3030,太空戰士,以最高評價完成F.A.T.E.事件「侵略兵器召回指令：破壞侵略兵器希」。,0,985,1,0,0,0,0,0,0,0,0,2629,39,1,0,0,10,255,255,0,1,1,1,0
3031,我們三個就是古靈精怪的一家,完成任務「守護天節與鬧鬼盛宴」。,0,70056,0,0,0,0,0,0,0,0,0,53408,114,38,0,0,10,255,255,0,1,6,58,0
3032,魯迪和栗齋,完成任務「星芒祭和小雪球」。,0,70005,0,0,0,0,0,0,0,0,0,59820,115,38,0,0,10,255,255,0,1,6,59,0
3033,莫古利的絨球愛,完成任務「戀人節與愛的第一步」。,0,70002,0,0,0,0,0,0,0,0,0,58753,117,38,0,0,10,255,255,0,1,6,61,0
3034,模特出道,完成任務「公主節與時尚品鑑大賽」。,0,70007,0,0,0,0,0,0,0,0,0,40873,118,38,0,0,10,255,255,0,1,6,62,0
3035,稱霸萬魔殿邊境之獄1,成功挑戰萬魔殿邊境之獄。,0,986,1,0,0,0,0,0,0,0,0,64848,0,4,0,0,5,255,255,0,1,1,64,0
3036,稱霸萬魔殿邊境之獄2,累計成功挑戰萬魔殿邊境之獄5次。,0,986,5,0,0,0,0,0,0,0,0,64848,0,4,0,0,10,255,255,0,1,1,64,0
3037,稱霸萬魔殿邊境之獄3,累計成功挑戰萬魔殿邊境之獄10次。,0,986,10,0,0,0,0,0,0,0,0,64848,0,4,0,0,20,255,255,0,1,1,64,0
3038,完全稱霸萬魔殿邊境之獄1,成功挑戰零式萬魔殿邊境之獄。,0,987,1,0,0,0,0,0,0,0,0,64848,0,4,0,0,5,255,255,0,1,1,64,0
3039,完全稱霸萬魔殿邊境之獄2,累計成功挑戰零式萬魔殿邊境之獄5次。,0,987,5,0,0,0,0,0,0,0,0,64848,0,4,0,0,10,255,255,0,1,1,64,0
3040,完全稱霸萬魔殿邊境之獄3,累計成功挑戰零式萬魔殿邊境之獄10次。,0,987,10,0,0,0,0,0,0,0,0,64848,0,4,0,0,20,255,255,0,1,1,64,0
3041,水晶衝突1,在水晶衝突中取得初次勝利。,0,988,1,0,0,0,0,0,0,0,0,2555,1301,9,43,30,5,255,255,0,1,1,1,0
3042,水晶衝突2,在水晶衝突中累計勝利50次。,0,988,50,0,0,0,0,0,0,0,0,2555,1302,9,43,30,5,255,255,0,1,1,1,0
3043,水晶衝突3,在水晶衝突中累計勝利100次。,0,988,100,0,0,0,0,0,0,0,0,2555,1303,9,43,30,10,255,255,0,1,1,1,0
3044,水晶衝突4,在水晶衝突中累計勝利500次。,0,988,500,0,0,0,0,0,0,0,0,2555,1304,9,43,30,10,255,255,0,1,1,1,0
3045,水晶衝突5,在水晶衝突中累計勝利1000次。,0,988,1000,0,0,0,0,0,0,0,623,2555,1305,9,43,30,20,255,255,0,1,1,1,0
3046,青銅之結晶推手,在水晶衝突的任意賽季中最終取得青銅或以上段位。,0,989,1,0,0,0,0,0,0,0,624,821,0,8,43,30,10,255,255,0,1,1,1,0
3047,白銀之結晶推手,在水晶衝突的任意賽季中最終取得白銀或以上段位。,0,990,1,0,0,0,0,0,0,0,625,821,0,8,43,30,10,255,255,0,1,1,1,0
3048,黃金之結晶推手,在水晶衝突的任意賽季中最終取得黃金或以上段位。,0,991,1,0,0,0,0,0,0,0,626,821,0,8,43,30,10,255,255,0,1,1,1,0
3049,白金之結晶推手,在水晶衝突的任意賽季中最終取得白金或以上段位。,0,992,1,0,0,0,0,0,0,0,627,821,0,8,43,30,10,255,255,0,1,1,1,0
3050,鑽石之結晶推手,在水晶衝突的任意賽季中最終取得鑽石或以上段位。,0,993,1,0,0,0,0,0,0,0,628,821,0,8,43,30,10,255,255,0,1,1,1,0
3051,水晶之結晶推手,在水晶衝突的任意賽季中最終取得水晶段位。,0,994,1,0,0,0,0,0,0,0,629,821,0,8,43,30,20,255,255,0,1,1,1,0
3052,衝突的王者,在水晶衝突的第1賽季中取得排名第1名的成績。,0,995,1,0,0,0,0,0,0,0,630,210,0,8,43,30,20,255,255,0,1,1,1,0
3053,衝突的勇者,在水晶衝突的第1賽季中取得排名前30名的成績。,0,996,1,0,0,0,0,0,0,0,631,210,0,8,43,30,20,255,255,0,1,1,1,0
3054,衝突的獲獎者,在水晶衝突的第1賽季中取得排名前100名的成績。,0,997,1,0,0,0,0,0,0,0,632,210,0,8,43,30,20,255,255,0,1,1,1,0
3055,河馬騎手團1,與悌陽象族的「河馬騎手團」之間的關係程度到達3級「友好」。,0,15,3,0,0,0,0,0,0,0,0,62975,0,37,0,0,5,255,255,0,1,15,1,0
3056,河馬騎手團2,與悌陽象族的「河馬騎手團」之間的關係程度到達4級「信賴」。,0,15,4,0,0,0,0,0,0,0,0,62975,0,37,0,0,5,255,255,0,1,15,1,0
3057,河馬騎手團3,與悌陽象族的「河馬騎手團」之間的關係程度到達6級「名譽」。,0,15,6,0,0,0,0,0,0,0,0,62975,0,37,0,0,10,255,255,0,1,15,1,0
3058,名譽顧問,與悌陽象族的「河馬騎手團」之間的關係程度到達7級「誓約」。,0,15,7,0,0,0,0,0,0,0,633,62975,0,37,43,80,20,255,255,0,1,15,1,0
3059,阿梅莉安絲的信任1,阿梅莉安絲的信賴等級達到1級。,0,998,1,0,0,0,0,0,0,0,0,25507,216,12,0,0,5,255,255,0,1,1,1,0
3060,阿梅莉安絲的信任2,阿梅莉安絲的信賴等級達到2級。,0,998,2,0,0,0,0,0,0,0,0,25507,217,12,0,0,5,255,255,0,1,1,1,0
3061,阿梅莉安絲的信任3,阿梅莉安絲的信賴等級達到3級。,0,998,3,0,0,0,0,0,0,0,0,25507,218,12,0,0,5,255,255,0,1,1,1,0
3062,阿梅莉安絲的信任4,阿梅莉安絲的信賴等級達到4級。,0,998,4,0,0,0,0,0,0,0,0,25507,219,12,0,0,5,255,255,0,1,1,1,0
3063,阿梅莉安絲的信任5,阿梅莉安絲的信賴等級達到5級。,0,998,5,0,0,0,0,0,0,0,634,25507,220,12,46,80,10,255,255,0,1,1,1,0
3064,阿梅莉安絲的老主顧1,在阿梅莉安絲處累計交納收藏品36次。,0,999,36,0,0,0,0,0,0,0,0,26551,73,22,0,0,5,255,255,0,1,1,1,0
3065,阿梅莉安絲的老主顧2,在阿梅莉安絲處累計交納收藏品48次。,0,999,48,0,0,0,0,0,0,0,0,26551,74,22,0,0,5,255,255,0,1,1,1,0
3066,阿梅莉安絲的老主顧3,在阿梅莉安絲處累計交納收藏品60次。,0,999,60,0,0,0,0,0,0,0,0,26551,75,22,0,0,5,255,255,0,1,1,1,0
3067,阿梅莉安絲的老主顧4,在阿梅莉安絲處累計交納收藏品90次。,0,999,90,0,0,0,0,0,0,0,0,26551,76,22,0,0,5,255,255,0,1,1,1,0
3068,阿梅莉安絲的老主顧5,在阿梅莉安絲處累計交納收藏品120次。,0,999,120,0,0,0,0,0,0,0,0,26551,77,22,0,0,5,255,255,0,1,1,1,0
3069,阿梅莉安絲的老主顧6,在阿梅莉安絲處累計交納收藏品150次。,0,999,150,0,0,0,0,0,0,0,635,26551,78,22,46,80,10,255,255,0,1,1,1,0
3070,踏遍阿爾扎達爾海底遺跡群,成功探索阿爾扎達爾海底遺跡群（近東秘寶）的所有地區。,0,752,0,0,0,0,0,0,0,0,0,1001,96,49,0,0,10,255,255,0,1,8,1,0
3071,踏遍阿格萊亞,成功探索燦爛神域阿格萊亞的所有地區。,0,755,0,0,0,0,0,0,0,0,0,1001,1507,49,0,0,10,255,255,0,1,8,65,0
3072,終結的終結者,在終極之戰中戰勝謳歌終結之物。,0,20083,0,0,0,0,0,0,0,0,0,317,36,3,0,0,10,255,255,0,1,14,1,0
3073,稱霸阿格萊亞,成功挑戰燦爛神域阿格萊亞。,0,30115,0,0,0,0,0,0,0,0,0,2669,0,4,0,0,5,255,255,0,1,14,65,0
3074,平定絕 龍詩戰爭之人,在絕 龍詩戰爭成功平定龍詩戰爭。,0,30106,0,0,0,0,0,0,0,0,636,317,0,4,43,90,10,255,255,0,1,14,1,0
3075,嶄新的冒險,完成任務「弗里多拉的決斷」。,0,70071,0,0,0,0,0,0,0,0,637,26002,81,76,43,90,20,255,255,0,1,6,63,0
3076,跨越亡國之絕望,完成任務「涅爾瓦的帝國」。,0,70118,0,0,0,0,0,0,0,0,638,2698,811,77,43,90,10,255,255,0,1,6,63,0
3077,曉月太公1,在曉月區域釣上7種釣場之王。,0,1000,7,0,0,0,0,0,0,0,0,1102,106,34,0,0,10,255,255,0,1,1,1,0
3078,幸福獵人,完成任務「尋蛋趣與狩獵幸福」。,0,70126,0,0,0,0,0,0,0,0,0,59850,119,38,0,0,10,255,255,0,1,6,66,0
3079,箴言先生,完成任務「金碟遊樂園的煩惱員工」。,0,70120,0,0,0,0,0,0,0,0,0,64420,120,38,0,0,10,255,255,0,1,6,67,0
3080,可靠的冒險者前輩,完成任務「紅蓮祭與新的起點」。,0,70077,0,0,0,0,0,0,0,0,0,42851,121,38,0,0,10,255,255,0,1,6,68,0
3081,重新啟程的九周年,完成任務「新生祭與嶄新的路途」。,0,70080,0,0,0,0,0,0,0,0,0,26107,122,38,0,0,10,255,255,0,1,6,1,0
3082,大吉！,完成任務「靈兔解籤降神祭」。,0,70125,0,0,0,0,0,0,0,0,0,42818,125,38,0,0,10,255,255,0,1,6,1,0
3083,魔戒鬥師·斬,從黑衣法師那裡獲得魔戒鬥師的全套5件裝備，並切換為武士讓黑衣法師看到全部裝備上的形態。,0,1001,1,0,0,0,0,0,0,0,639,40248,274,19,0,0,10,255,255,0,1,1,1,0
3084,魔戒法師·紅,從黑衣法師那裡獲得魔戒法師的全套5件裝備，並切換為赤魔道士讓黑衣法師看到全部裝備上的形態。,0,1002,1,0,0,0,0,0,0,0,640,40248,275,19,0,0,10,255,255,0,1,1,1,0
3085,魔戒軍師·守,從黑衣法師那裡獲得魔戒軍師的全套5件裝備，並切換為絕槍戰士讓黑衣法師看到全部裝備上的形態。,0,1003,1,0,0,0,0,0,0,0,641,40248,276,19,0,0,10,255,255,0,1,1,1,0
3086,魔戒弓師·舞,從黑衣法師那裡獲得魔戒弓師的全套5件裝備，並切換為舞者讓黑衣法師看到全部裝備上的形態。,0,1004,1,0,0,0,0,0,0,0,642,40248,277,19,0,0,10,255,255,0,1,1,1,0
3087,魔戒鬥師·刃,從黑衣法師那裡獲得魔戒鬥師·刃的全套5件裝備，並切換為奪魂者讓黑衣法師看到全部裝備上的形態。,0,1005,1,0,0,0,0,0,0,0,643,40248,278,19,0,0,10,255,255,0,1,1,1,0
3088,魔戒導師·智,從黑衣法師那裡獲得魔戒導師的全套5件裝備，並切換為賢者讓黑衣法師看到全部裝備上的形態。,0,1006,1,0,0,0,0,0,0,0,644,40248,279,19,0,0,10,255,255,0,1,1,1,0
3089,無人島的資深開拓者,在開拓無人島的開拓等級升到10級。,0,1007,10,0,0,0,0,0,0,0,645,1052,2000,12,47,90,10,255,255,0,1,1,1,0
3090,收集大師1,在開拓無人島的採集環境中採集1000次。,0,1008,1000,0,0,0,0,0,0,0,0,1098,2010,12,0,0,5,255,255,0,1,1,1,0
3091,收集大師2,在開拓無人島的採集環境中採集3000次。,0,1008,3000,0,0,0,0,0,0,0,0,1098,2011,12,0,0,10,255,255,0,1,1,1,0
3092,收集大師3,在開拓無人島的採集環境中採集30000次。,0,1008,30000,0,0,0,0,0,0,0,0,1098,2012,12,0,0,20,255,255,0,1,1,1,0
3093,放牧大師1,在開拓無人島的動物飼養中收穫素材100次。,0,1009,100,0,0,0,0,0,0,0,0,21817,2020,12,0,0,5,255,255,0,1,1,1,0
3094,放牧大師2,在開拓無人島的動物飼養中收穫素材500次。,0,1009,500,0,0,0,0,0,0,0,0,21817,2021,12,0,0,10,255,255,0,1,1,1,0
3095,放牧大師3,在開拓無人島的動物飼養中收穫素材5000次。,0,1009,5000,0,0,0,0,0,0,0,0,21817,2022,12,0,0,20,255,255,0,1,1,1,0
3096,耕種大師1,在開拓無人島的種植中收穫作物50次。,0,1010,50,0,0,0,0,0,0,0,0,27463,2030,12,0,0,5,255,255,0,1,1,1,0
3097,耕種大師2,在開拓無人島的種植中收穫作物250次。,0,1010,250,0,0,0,0,0,0,0,0,27463,2031,12,0,0,10,255,255,0,1,1,1,0
3098,耕種大師3,在開拓無人島的種植中收穫作物2500次。,0,1010,2500,0,0,0,0,0,0,0,0,27463,2032,12,0,0,20,255,255,0,1,1,1,0
3099,屯貨大師1,在開拓無人島的屯貨倉庫中獲得50個稀有素材。,0,1011,50,0,0,0,0,0,0,0,0,1079,2040,12,0,0,5,255,255,0,1,1,1,0
3100,屯貨大師2,在開拓無人島的屯貨倉庫中獲得200個稀有素材。,0,1011,200,0,0,0,0,0,0,0,0,1079,2041,12,0,0,10,255,255,0,1,1,1,0
3101,屯貨大師3,在開拓無人島的屯貨倉庫中獲得2000個稀有素材。,0,1011,2000,0,0,0,0,0,0,0,0,1079,2042,12,0,0,20,255,255,0,1,1,1,0
3102,貿易大師1,在開拓無人島的群島貿易中7個生產日的總計營業額達到10000點。,0,1012,1,0,0,0,0,0,0,0,0,26001,2050,12,0,0,10,255,255,0,1,1,1,0
3103,貿易大師2,在開拓無人島的群島貿易中7個生產日的總計營業額達到17000點。,0,1013,1,0,0,0,0,0,0,0,646,26001,2051,12,47,90,20,255,255,0,1,1,1,0
3104,謝爾達萊富豪,在開拓無人島中累計獲得500000枚謝爾達萊青船幣。,0,1014,500000,0,0,0,0,0,0,0,647,26001,2060,12,47,90,20,255,255,0,1,1,1,0
3105,禁斷的記憶,完成任務「禁斷的記憶」。,0,70136,0,0,0,0,0,0,0,0,648,26002,82,76,43,90,20,255,255,0,1,6,63,0
3106,踏遍特羅亞宮廷,成功探索特羅亞宮廷（異界孤城）的所有地區。,0,768,0,0,0,0,0,0,0,0,0,1001,97,49,0,0,10,255,255,0,1,8,1,0
3107,煞風的降妖者,在極 巴爾巴莉希亞殲滅戰中戰勝巴爾巴莉希亞。,0,20085,0,0,0,0,0,0,0,0,0,317,37,3,0,0,10,255,255,0,1,14,1,0
3108,稱霸萬魔殿煉淨之獄1,成功挑戰萬魔殿煉淨之獄。,0,1017,1,0,0,0,0,0,0,0,0,64848,0,4,0,0,5,255,255,0,1,1,64,0
3109,稱霸萬魔殿煉淨之獄2,累計成功挑戰萬魔殿煉淨之獄5次。,0,1017,5,0,0,0,0,0,0,0,0,64848,0,4,0,0,10,255,255,0,1,1,64,0
3110,稱霸萬魔殿煉淨之獄3,累計成功挑戰萬魔殿煉淨之獄10次。,0,1017,10,0,0,0,0,0,0,0,0,64848,0,4,0,0,20,255,255,0,1,1,64,0
3111,完全稱霸萬魔殿煉淨之獄1,成功挑戰零式萬魔殿煉淨之獄。,0,1018,1,0,0,0,0,0,0,0,0,64848,0,4,0,0,5,255,255,0,1,1,64,0
3112,完全稱霸萬魔殿煉淨之獄2,累計成功挑戰零式萬魔殿煉淨之獄5次。,0,1018,5,0,0,0,0,0,0,0,0,64848,0,4,0,0,10,255,255,0,1,1,64,0
3113,完全稱霸萬魔殿煉淨之獄3,累計成功挑戰零式萬魔殿煉淨之獄10次。,0,1018,10,0,0,0,0,0,0,0,0,64848,0,4,0,0,20,255,255,0,1,1,64,0
3114,衝突的王者第2賽季,在水晶衝突的第2賽季中取得排名第1名的成績。,0,1019,1,0,0,0,0,0,0,0,649,210,0,8,43,30,20,255,255,0,1,1,1,0
3115,衝突的勇者第2賽季,在水晶衝突的第2賽季中取得排名前30名的成績。,0,1020,1,0,0,0,0,0,0,0,650,210,0,8,43,30,20,255,255,0,1,1,1,0
3116,衝突的獲獎者第2賽季,在水晶衝突的第2賽季中取得排名前100名的成績。,0,1021,1,0,0,0,0,0,0,0,651,210,0,8,43,30,20,255,255,0,1,1,1,0
3117,衝突的王者第3賽季,在水晶衝突的第3賽季中取得排名第1名的成績。,0,1022,1,0,0,0,0,0,0,0,652,210,0,8,43,30,20,255,255,0,1,1,1,0
3118,衝突的勇者第3賽季,在水晶衝突的第3賽季中取得排名前30名的成績。,0,1023,1,0,0,0,0,0,0,0,653,210,0,8,43,30,20,255,255,0,1,1,1,0
3119,衝突的獲獎者第3賽季,在水晶衝突的第3賽季中取得排名前100名的成績。,0,1024,1,0,0,0,0,0,0,0,654,210,0,8,43,30,20,255,255,0,1,1,1,0
3120,科學家與機密藥物,完成任務「守護天節與危險的變裝遊行」。,0,70191,0,0,0,0,0,0,0,0,0,41996,123,38,0,0,10,255,255,0,1,6,1,0
3121,馴鹿的禮物,完成任務「星芒祭與孩子們的幻影」。,0,70195,0,0,0,0,0,0,0,0,0,59240,124,38,0,0,10,255,255,0,1,6,1,0
3122,愛你所愛,完成任務「戀人節與各自的愛」。,0,70190,0,0,0,0,0,0,0,0,0,41998,126,38,0,0,10,255,255,0,1,6,1,0
3123,背世咖啡廳1,與奧密克戎族的「背世咖啡廳」之間的關係程度到達3級「友好」。,0,16,3,0,0,0,0,0,0,0,0,62976,0,37,0,0,5,255,255,0,1,15,1,0
3124,背世咖啡廳2,與奧密克戎族的「背世咖啡廳」之間的關係程度到達4級「信賴」。,0,16,4,0,0,0,0,0,0,0,0,62976,0,37,0,0,5,255,255,0,1,15,1,0
3125,背世咖啡廳3,與奧密克戎族的「背世咖啡廳」之間的關係程度到達6級「名譽」。,0,16,6,0,0,0,0,0,0,0,0,62976,0,37,0,0,10,255,255,0,1,15,1,0
3126,宇宙盡頭的合夥人,與奧密克戎族的「背世咖啡廳」之間的關係程度到達7級「誓約」。,0,16,7,0,0,0,0,0,0,0,655,62976,0,37,45,80,20,255,255,0,1,15,1,0
3127,曼工出希貨,完成任務「曼德維爾家的古老武器」。,0,70188,0,0,0,0,0,0,0,0,0,26002,654,35,0,0,5,255,255,0,1,6,1,0
3128,曼德維爾之騎士,獲得曼德維爾長劍與曼德維爾鳶盾。,0,70188,70189,19,0,0,0,0,0,0,0,30654,100,75,0,0,10,255,255,0,1,24,1,3
3129,曼德維爾之戰士,獲得曼德維爾戰斧。,0,70188,70189,21,0,0,0,0,0,0,0,31228,300,75,0,0,10,255,255,0,1,24,1,3
3130,曼德維爾之暗黑騎士,獲得曼德維爾雙手劍。,0,70188,70189,32,0,0,0,0,0,0,0,34382,1100,75,0,0,10,255,255,0,1,24,1,3
3131,曼德維爾之絕槍戰士,獲得曼德維爾槍刃。,0,70188,70189,37,0,0,0,0,0,0,0,36075,1600,75,0,0,10,255,255,0,1,24,1,3
3132,曼德維爾之龍騎士,獲得曼德維爾長槍。,0,70188,70189,22,0,0,0,0,0,0,0,31630,400,75,0,0,10,255,255,0,1,24,1,3
3133,曼德維爾之武僧,獲得曼德維爾指虎。,0,70188,70189,20,0,0,0,0,0,0,0,30819,200,75,0,0,10,255,255,0,1,24,1,3
3134,曼德維爾之忍者,獲得曼德維爾匕首。,0,70188,70189,30,0,0,0,0,0,0,0,33605,600,75,0,0,10,255,255,0,1,24,1,3
3135,曼德維爾之武士,獲得曼德維爾武士刀。,0,70188,70189,34,0,0,0,0,0,0,0,36533,1400,75,0,0,10,255,255,0,1,24,1,3
3136,曼德維爾之奪魂者,獲得曼德維爾鐮刀。,0,70188,70189,39,0,0,0,0,0,0,0,37242,1800,75,0,0,10,255,255,0,1,24,1,3
3137,曼德維爾之吟遊詩人,獲得曼德維爾琴弓。,0,70188,70189,23,0,0,0,0,0,0,0,32019,500,75,0,0,10,255,255,0,1,24,1,3
3138,曼德維爾之機工士,獲得曼德維爾左輪槍。,0,70188,70189,31,0,0,0,0,0,0,0,34478,1200,75,0,0,10,255,255,0,1,24,1,3
3139,曼德維爾之舞者,獲得曼德維爾圓月輪。,0,70188,70189,38,0,0,0,0,0,0,0,36274,1700,75,0,0,10,255,255,0,1,24,1,3
3140,曼德維爾之黑魔道士,獲得曼德維爾法杖。,0,70188,70189,25,0,0,0,0,0,0,0,32863,800,75,0,0,10,255,255,0,1,24,1,3
3141,曼德維爾之召喚士,獲得曼德維爾魔導書。,0,70188,70189,27,0,0,0,0,0,0,0,33362,900,75,0,0,10,255,255,0,1,24,1,3
3142,曼德維爾之赤魔道士,獲得曼德維爾刺劍。,0,70188,70189,35,0,0,0,0,0,0,0,36832,1500,75,0,0,10,255,255,0,1,24,1,3
3143,曼德維爾之白魔道士,獲得曼德維爾牧杖。,0,70188,70189,24,0,0,0,0,0,0,0,32448,700,75,0,0,10,255,255,0,1,24,1,3
3144,曼德維爾之學者,獲得曼德維爾魔導典。,0,70188,70189,28,0,0,0,0,0,0,0,33361,1000,75,0,0,10,255,255,0,1,24,1,3
3145,曼德維爾之占星術師,獲得曼德維爾黃道儀。,0,70188,70189,33,0,0,0,0,0,0,0,34976,1300,75,0,0,10,255,255,0,1,24,1,3
3146,曼德維爾之賢者,獲得曼德維爾蛇石針。,0,70188,70189,40,0,0,0,0,0,0,0,37040,1900,75,0,0,10,255,255,0,1,24,1,3
3147,踏遍希拉狄哈水道,成功探索希拉狄哈水道（多變迷宮）的所有地區。,0,803,0,0,0,0,0,0,0,0,0,1001,2301,49,0,0,10,255,255,0,1,8,1,0
3148,掃除總動員,在希拉狄哈水道（多變迷宮）中戰勝羽衣精。,0,1025,1,0,0,0,0,0,0,0,0,2513,1201,2,0,0,5,255,255,0,1,1,1,3
3149,勇士安眠,在希拉狄哈水道（多變迷宮）中戰勝鬼陰火澤雷斯·夏。,0,1026,1,0,0,0,0,0,0,0,0,2513,1202,2,0,0,5,255,255,0,1,1,1,3
3150,鬥場無情,在希拉狄哈水道（多變迷宮）中戰勝希拉狄哈劍鬥士。,0,1027,1,0,0,0,0,0,0,0,0,2513,1203,2,0,0,5,255,255,0,1,1,1,3
3151,希拉狄哈之謎,在希拉狄哈水道（多變迷宮）中戰勝索恩自走人偶。,0,1028,1,0,0,0,0,0,0,0,0,2513,1204,2,0,0,5,255,255,0,1,1,1,3
3152,為了民眾與近鄰,完成任務「為了民眾與近鄰」。,0,70185,0,0,0,0,0,0,0,0,656,26002,696,35,0,0,20,255,255,0,1,6,1,3
3153,希拉狄哈水道探索記,成功發現希拉狄哈水道探索記中的所有故事。,38462,1,70182,0,0,0,0,0,0,0,0,26182,2310,49,43,90,10,255,182,1,1,31,1,0
3154,踏遍異聞希拉狄哈水道,成功探索希拉狄哈水道（異聞迷宮）的所有地區。,0,804,0,0,0,0,0,0,0,0,0,1001,2302,49,0,0,10,255,255,0,1,8,1,0
3155,稱霸異聞希拉狄哈水道,成功挑戰異聞希拉狄哈水道（異聞迷宮）。,0,37001,0,0,0,0,0,0,0,0,0,317,1205,2,0,0,10,255,255,0,1,14,1,0
3156,完全稱霸異聞希拉狄哈水道,成功挑戰零式異聞希拉狄哈水道（異聞迷宮）。,0,37002,0,0,0,0,0,0,0,0,657,317,1206,2,43,90,20,255,255,0,1,14,1,0
3157,天之祝祭，地之鳴動,完成任務「天之祝祭，地之鳴動」。,0,70214,0,0,0,0,0,0,0,0,658,26002,83,76,43,90,20,255,255,0,1,6,63,0
3158,踏遍冥魂石洞,成功探索冥魂石洞（雪山奧窟）的所有地區。,0,815,0,0,0,0,0,0,0,0,0,1001,98,49,0,0,10,255,255,0,1,8,1,0
3159,踏遍歐芙洛緒涅,成功探索喜悅神域歐芙洛緒涅的所有地區。,0,811,0,0,0,0,0,0,0,0,0,1001,1508,49,0,0,10,255,255,0,1,8,65,0
3160,煬火的降妖者,在極 盧比坎特殲滅戰中戰勝盧比坎特。,0,20087,0,0,0,0,0,0,0,0,0,317,38,3,0,0,10,255,255,0,1,14,1,0
3161,稱霸歐芙洛緒涅,成功挑戰喜悅神域歐芙洛緒涅。,0,30125,0,0,0,0,0,0,0,0,0,2669,0,4,0,0,5,255,255,0,1,14,65,0
3162,完成絕 歐米茄驗證戰之人,在絕 歐米茄驗證戰中完成歐米茄的檢測。,0,30124,0,0,0,0,0,0,0,0,667,317,0,4,43,90,10,255,255,0,1,14,1,0
3163,安登的信任1,安登的信賴等級達到1級。,0,1030,1,0,0,0,0,0,0,0,0,25507,221,12,0,0,5,255,255,0,1,1,1,0
3164,安登的信任2,安登的信賴等級達到2級。,0,1030,2,0,0,0,0,0,0,0,0,25507,222,12,0,0,5,255,255,0,1,1,1,0
3165,安登的信任3,安登的信賴等級達到3級。,0,1030,3,0,0,0,0,0,0,0,0,25507,223,12,0,0,5,255,255,0,1,1,1,0
3166,安登的信任4,安登的信賴等級達到4級。,0,1030,4,0,0,0,0,0,0,0,0,25507,224,12,0,0,5,255,255,0,1,1,1,0
3167,安登的信任5,安登的信賴等級達到5級。,0,1030,5,0,0,0,0,0,0,0,659,25507,225,12,46,80,10,255,255,0,1,1,1,0
3168,安登的老主顧1,在安登處累計交納收藏品36次。,0,1031,36,0,0,0,0,0,0,0,0,26551,79,22,0,0,5,255,255,0,1,1,1,0
3169,安登的老主顧2,在安登處累計交納收藏品48次。,0,1031,48,0,0,0,0,0,0,0,0,26551,80,22,0,0,5,255,255,0,1,1,1,0
3170,安登的老主顧3,在安登處累計交納收藏品60次。,0,1031,60,0,0,0,0,0,0,0,0,26551,81,22,0,0,5,255,255,0,1,1,1,0
3171,安登的老主顧4,在安登處累計交納收藏品90次。,0,1031,90,0,0,0,0,0,0,0,0,26551,82,22,0,0,5,255,255,0,1,1,1,0
3172,安登的老主顧5,在安登處累計交納收藏品120次。,0,1031,120,0,0,0,0,0,0,0,0,26551,83,22,0,0,5,255,255,0,1,1,1,0
3173,安登的老主顧6,在安登處累計交納收藏品150次。,0,1031,150,0,0,0,0,0,0,0,660,26551,84,22,46,80,10,255,255,0,1,1,1,0
3174,正統優雷卡的探索者1,成功突破正統優雷卡地下10層。,0,1032,1,0,0,0,0,0,0,0,0,64905,201,2,0,0,5,255,255,0,1,1,1,0
3175,正統優雷卡的探索者2,成功突破正統優雷卡地下20層。,0,1033,1,0,0,0,0,0,0,0,0,64905,202,2,0,0,5,255,255,0,1,1,1,0
3176,正統優雷卡的探索者3,成功突破正統優雷卡地下30層。,0,1034,1,0,0,0,0,0,0,0,661,64905,203,2,43,81,5,255,255,0,1,1,1,0
3177,正統優雷卡的探索者4,成功突破正統優雷卡地下50層。,0,1035,1,0,0,0,0,0,0,0,0,64905,204,2,0,0,10,255,255,0,1,1,1,0
3178,正統優雷卡的探索者5,成功突破正統優雷卡地下100層。,0,1036,1,0,0,0,0,0,0,0,662,64905,205,2,43,81,10,255,255,0,1,1,1,0
3179,,,0,0,0,0,0,0,0,0,0,0,0,0,0,0,0,0,0,0,0,0,0,0,0,0
3180,正統之光,獲得任意一把「正統武器」。,0,1038,1,0,0,0,0,0,0,0,0,64902,6000,65,0,0,10,255,255,0,1,1,1,0
3181,高尚之光,獲得任意一把「高尚武器」。,0,1039,1,0,0,0,0,0,0,0,0,64902,6001,65,0,0,10,255,255,0,1,1,1,0
3182,崇高的挑戰者1,單人從地下1層進入正統優雷卡，並在通過地下50層後記錄積分。,0,1040,1,0,0,0,0,0,0,0,0,3321,211,2,0,0,10,255,255,0,1,1,1,0
3183,崇高的挑戰者2,單人從地下1層進入正統優雷卡，並到達地下100層。,0,1041,1,0,0,0,0,0,0,0,663,3321,212,2,43,81,10,255,255,0,1,1,1,0
3184,埋藏的寶藏6,發現埋藏的寶藏20000個。,0,539,20000,0,0,0,0,0,0,0,664,60035,40,2,43,60,20,255,255,0,1,1,1,0
3185,崇高英雄的證明,持有或裝備「高尚耳墜」「高尚項鍊」「高尚手環」「高尚戒指」時，與珂爾·拉布恩塔對話。,0,1042,1,0,0,0,0,0,0,0,665,59246,220,19,43,81,10,255,255,0,1,1,1,0
3186,無人島的天才開拓者,在開拓無人島的開拓等級升到12級。,0,1007,12,0,0,0,0,0,0,0,0,1052,2001,12,0,0,10,255,255,0,1,1,1,0
3187,曉月太公2,在曉月區域釣上23種釣場之王。,0,1000,23,0,0,0,0,0,0,0,0,1102,107,34,0,0,10,255,255,0,1,1,1,0
3188,夢明工作室1,與兔兔族的「夢明工作室」之間的關係程度到達3級「友好」。,0,17,3,0,0,0,0,0,0,0,0,62977,0,37,0,0,5,255,255,0,1,15,1,0
3189,夢明工作室2,與兔兔族的「夢明工作室」之間的關係程度到達4級「信賴」。,0,17,4,0,0,0,0,0,0,0,0,62977,0,37,0,0,5,255,255,0,1,15,1,0
3190,夢明工作室3,與兔兔族的「夢明工作室」之間的關係程度到達6級「名譽」。,0,17,6,0,0,0,0,0,0,0,0,62977,0,37,0,0,10,255,255,0,1,15,1,0
3191,一起為夢想而努力,與兔兔族的「夢明工作室」之間的關係程度到達7級「誓約」。,0,17,7,0,0,0,0,0,0,0,666,62977,0,37,44,80,20,255,255,0,1,15,1,0
3192,商會認定的工匠,完成任務「回應思想的改良計畫」。,0,70268,0,0,0,0,0,0,0,0,0,26002,699,35,0,0,5,255,255,0,1,6,1,0
3193,莫雯卓越工具：水晶手鋸,獲得水晶手鋸。,0,70268,8,0,0,0,0,0,0,0,0,39000,102,78,0,0,10,255,255,0,1,24,1,0
3194,莫雯卓越工具：水晶橫頭錘,獲得水晶橫頭錘。,0,70268,9,0,0,0,0,0,0,0,0,35149,202,78,0,0,10,255,255,0,1,24,1,0
3195,莫雯卓越工具：水晶圓頭錘,獲得水晶圓頭錘。,0,70268,10,0,0,0,0,0,0,0,0,35249,302,78,0,0,10,255,255,0,1,24,1,0
3196,莫雯卓越工具：水晶工藝錘,獲得水晶工藝錘。,0,70268,11,0,0,0,0,0,0,0,0,35348,402,78,0,0,10,255,255,0,1,24,1,0
3197,莫雯卓越工具：水晶圓革刀,獲得水晶圓革刀。,0,70268,12,0,0,0,0,0,0,0,0,35449,502,78,0,0,10,255,255,0,1,24,1,0
3198,莫雯卓越工具：水晶縫針,獲得水晶縫針。,0,70268,13,0,0,0,0,0,0,0,0,35549,602,78,0,0,10,255,255,0,1,24,1,0
3199,莫雯卓越工具：水晶蒸餾器,獲得水晶蒸餾器。,0,70268,14,0,0,0,0,0,0,0,0,35648,702,78,0,0,10,255,255,0,1,24,1,0
3200,莫雯卓越工具：水晶煎鍋,獲得水晶煎鍋。,0,70268,15,0,0,0,0,0,0,0,0,39701,802,78,0,0,10,255,255,0,1,24,1,0
3201,莫雯卓越工具：水晶十字鎬,獲得水晶十字鎬。,0,70268,16,0,0,0,0,0,0,0,0,38301,902,78,0,0,10,255,255,0,1,24,1,0
3202,莫雯卓越工具：水晶手斧,獲得水晶手斧。,0,70268,17,0,0,0,0,0,0,0,0,38149,1002,78,0,0,10,255,255,0,1,24,1,0
3203,莫雯卓越工具：水晶釣竿,獲得水晶釣竿。,0,70268,18,0,0,0,0,0,0,0,0,38502,1102,78,0,0,10,255,255,0,1,24,1,0
3204,傳承的扇子與舞蹈,完成任務「公主節與扇之舞」。,0,70256,0,0,0,0,0,0,0,0,0,64428,127,38,0,0,10,255,255,0,1,6,1,0
3205,提燈怪守護的節日,完成任務「尋蛋趣與對提燈怪的愛」。,0,70258,0,0,0,0,0,0,0,0,0,56554,128,38,0,0,10,255,255,0,1,6,1,0
3206,金色的專訪,完成任務「金碟遊樂園與金色心意」。,0,70264,0,0,0,0,0,0,0,0,0,59876,129,38,0,0,10,255,255,0,1,6,1,0
3207,火熱的不死鳥，火熱的沙灘英雄,完成任務「紅蓮祭與盛夏的沙灘英雄」。,0,70260,0,0,0,0,0,0,0,0,0,56563,130,38,0,0,10,255,255,0,1,6,1,0
3208,東方的可愛龍族,完成任務「辰龍祥意降神祭」。,0,70216,0,0,0,0,0,0,0,0,0,59861,134,38,0,0,10,255,255,0,1,6,1,0
3209,九宮卡手12,獲得376種九宮幻卡。,39376,352,376,0,0,0,0,0,0,0,0,27661,48,18,47,15,10,255,183,4,1,1,1,0
3210,踏入育體寶殿1,初次入侵厄爾庇斯育體寶殿。,0,1043,1,0,0,0,0,0,0,0,668,116,88,6,43,90,5,255,255,0,1,1,1,0
3211,踏入育體寶殿2,累計入侵厄爾庇斯育體寶殿5次。,0,1043,5,0,0,0,0,0,0,0,0,116,89,6,0,0,10,255,255,0,1,1,1,0
3212,踏入育體寶殿3,累計入侵厄爾庇斯育體寶殿10次。,0,1043,10,0,0,0,0,0,0,0,0,116,90,6,0,0,10,255,255,0,1,1,1,0
3213,踏入育體寶殿4,累計入侵厄爾庇斯育體寶殿20次。,0,1043,20,0,0,0,0,0,0,0,669,116,91,6,43,90,20,255,255,0,1,1,1,0
3214,稱霸育體寶殿1,初次稱霸厄爾庇斯育體寶殿。,0,1044,1,0,0,0,0,0,0,0,0,116,92,6,0,0,5,255,255,0,1,1,1,0
3215,稱霸育體寶殿2,累計稱霸厄爾庇斯育體寶殿5次。,0,1044,5,0,0,0,0,0,0,0,0,116,93,6,0,0,10,255,255,0,1,1,1,0
3216,稱霸育體寶殿3,累計稱霸厄爾庇斯育體寶殿10次。,0,1044,10,0,0,0,0,0,0,0,0,116,94,6,0,0,10,255,255,0,1,1,1,0
3217,稱霸育體寶殿4,累計稱霸厄爾庇斯育體寶殿20次。,0,1044,20,0,0,0,0,0,0,0,670,116,95,6,43,90,20,255,255,0,1,1,1,0
3218,衝突的王者第4賽季,在水晶衝突的第4賽季中取得排名第1名的成績。,0,1045,1,0,0,0,0,0,0,0,671,210,0,8,43,30,20,255,255,0,1,1,1,0
3219,衝突的勇者第4賽季,在水晶衝突的第4賽季中取得排名前30名的成績。,0,1046,1,0,0,0,0,0,0,0,672,210,0,8,43,30,20,255,255,0,1,1,1,0
3220,衝突的獲獎者第4賽季,在水晶衝突的第4賽季中取得排名前100名的成績。,0,1047,1,0,0,0,0,0,0,0,673,210,0,8,43,30,20,255,255,0,1,1,1,0
3221,衝突的王者第5賽季,在水晶衝突的第5賽季中取得排名第1名的成績。,0,1048,1,0,0,0,0,0,0,0,674,210,0,8,43,30,20,255,255,0,1,1,1,0
3222,衝突的勇者第5賽季,在水晶衝突的第5賽季中取得排名前30名的成績。,0,1049,1,0,0,0,0,0,0,0,675,210,0,8,43,30,20,255,255,0,1,1,1,0
3223,衝突的獲獎者第5賽季,在水晶衝突的第5賽季中取得排名前100名的成績。,0,1050,1,0,0,0,0,0,0,0,676,210,0,8,43,30,20,255,255,0,1,1,1,0
3224,曼德維爾之騎士·驚異,獲得曼德維爾驚異長劍和曼德維爾驚異鳶盾。,0,70261,70262,19,0,0,0,0,0,0,0,30660,101,75,0,0,10,255,255,0,1,24,1,3
3225,曼德維爾之戰士·驚異,獲得曼德維爾驚異戰斧。,0,70261,70262,21,0,0,0,0,0,0,0,31234,301,75,0,0,10,255,255,0,1,24,1,3
3226,曼德維爾之暗黑騎士·驚異,獲得曼德維爾驚異雙手劍。,0,70261,70262,32,0,0,0,0,0,0,0,34388,1101,75,0,0,10,255,255,0,1,24,1,3
3227,曼德維爾之絕槍戰士·驚異,獲得曼德維爾驚異槍刃。,0,70261,70262,37,0,0,0,0,0,0,0,36081,1601,75,0,0,10,255,255,0,1,24,1,3
3228,曼德維爾之龍騎士·驚異,獲得曼德維爾驚異長槍。,0,70261,70262,22,0,0,0,0,0,0,0,31636,401,75,0,0,10,255,255,0,1,24,1,3
3229,曼德維爾之武僧·驚異,獲得曼德維爾驚異指虎。,0,70261,70262,20,0,0,0,0,0,0,0,30825,201,75,0,0,10,255,255,0,1,24,1,3
3230,曼德維爾之忍者·驚異,獲得曼德維爾驚異匕首。,0,70261,70262,30,0,0,0,0,0,0,0,33611,601,75,0,0,10,255,255,0,1,24,1,3
3231,曼德維爾之武士·驚異,獲得曼德維爾驚異武士刀。,0,70261,70262,34,0,0,0,0,0,0,0,36539,1401,75,0,0,10,255,255,0,1,24,1,3
3232,曼德維爾之奪魂者·驚異,獲得曼德維爾驚異鐮刀。,0,70261,70262,39,0,0,0,0,0,0,0,37250,1801,75,0,0,10,255,255,0,1,24,1,3
3233,曼德維爾之吟遊詩人·驚異,獲得曼德維爾驚異琴弓。,0,70261,70262,23,0,0,0,0,0,0,0,32025,501,75,0,0,10,255,255,0,1,24,1,3
3234,曼德維爾之機工士·驚異,獲得曼德維爾驚異左輪槍。,0,70261,70262,31,0,0,0,0,0,0,0,34484,1201,75,0,0,10,255,255,0,1,24,1,3
3235,曼德維爾之舞者·驚異,獲得曼德維爾驚異圓月輪。,0,70261,70262,38,0,0,0,0,0,0,0,36280,1701,75,0,0,10,255,255,0,1,24,1,3
3236,曼德維爾之黑魔道士·驚異,獲得曼德維爾驚異法杖。,0,70261,70262,25,0,0,0,0,0,0,0,32869,801,75,0,0,10,255,255,0,1,24,1,3
3237,曼德維爾之召喚士·驚異,獲得曼德維爾驚異魔導書。,0,70261,70262,27,0,0,0,0,0,0,0,33373,901,75,0,0,10,255,255,0,1,24,1,3
3238,曼德維爾之赤魔道士·驚異,獲得曼德維爾驚異刺劍。,0,70261,70262,35,0,0,0,0,0,0,0,36838,1501,75,0,0,10,255,255,0,1,24,1,3
3239,曼德維爾之白魔道士·驚異,獲得曼德維爾驚異牧杖。,0,70261,70262,24,0,0,0,0,0,0,0,32454,701,75,0,0,10,255,255,0,1,24,1,3
3240,曼德維爾之學者·驚異,獲得曼德維爾驚異魔導典。,0,70261,70262,28,0,0,0,0,0,0,0,33378,1001,75,0,0,10,255,255,0,1,24,1,3
3241,曼德維爾之占星術師·驚異,獲得曼德維爾驚異黃道儀。,0,70261,70262,33,0,0,0,0,0,0,0,34984,1301,75,0,0,10,255,255,0,1,24,1,3
3242,曼德維爾之賢者·驚異,獲得曼德維爾驚異蛇石針。,0,70261,70262,40,0,0,0,0,0,0,0,37048,1901,75,0,0,10,255,255,0,1,24,1,3
3243,寶藏獵人14,累計20次成功解讀陳舊地圖G15並開啟寶箱。,0,1051,20,0,0,0,0,0,0,0,0,115,15,6,0,0,20,255,255,0,1,1,1,0
3244,負罪的王座,完成任務「負罪的王座」。,0,70279,0,0,0,0,0,0,0,0,677,26002,84,76,43,90,20,255,255,0,1,6,1,0
3245,踏遍哈姆島,成功探索哈姆島（間歇靈泉）的所有地區。,0,831,0,0,0,0,0,0,0,0,0,1001,99,49,0,0,10,255,255,0,1,8,1,0
3246,眾魔的降妖者,在極 高貝扎殲滅戰中戰勝高貝扎。,0,20090,0,0,0,0,0,0,0,0,0,317,39,3,0,0,10,255,255,0,1,14,1,0
3247,向星星許願,完成任務「向星星許願」。,0,70296,0,0,0,0,0,0,0,0,0,26002,903,35,0,0,10,255,255,0,1,6,64,0
3248,稱霸萬魔殿荒天之獄1,成功挑戰萬魔殿荒天之獄。,0,1052,1,0,0,0,0,0,0,0,0,64848,0,4,0,0,5,255,255,0,1,1,1,0
3249,稱霸萬魔殿荒天之獄2,累計成功挑戰萬魔殿荒天之獄5次。,0,1052,5,0,0,0,0,0,0,0,0,64848,0,4,0,0,10,255,255,0,1,1,1,0
3250,稱霸萬魔殿荒天之獄3,累計成功挑戰萬魔殿荒天之獄10次。,0,1052,10,0,0,0,0,0,0,0,0,64848,0,4,0,0,20,255,255,0,1,1,1,0
3251,完全稱霸萬魔殿荒天之獄1,成功挑戰零式萬魔殿荒天之獄。,0,1053,1,0,0,0,0,0,0,0,0,64848,0,4,0,0,5,255,255,0,1,1,1,0
3252,完全稱霸萬魔殿荒天之獄2,累計成功挑戰零式萬魔殿荒天之獄5次。,0,1053,5,0,0,0,0,0,0,0,0,64848,0,4,0,0,10,255,255,0,1,1,1,0
3253,完全稱霸萬魔殿荒天之獄3,累計成功挑戰零式萬魔殿荒天之獄10次。,0,1053,10,0,0,0,0,0,0,0,0,64848,0,4,0,0,20,255,255,0,1,1,1,0
3254,無人島的偉大開拓者,在開拓無人島的開拓等級升到16級。,0,1007,16,0,0,0,0,0,0,0,0,1052,2002,12,0,0,10,255,255,0,1,1,1,0
3255,貿易大師3,在開拓無人島的群島貿易中7個生產日的總計營業額達到33000點。,0,1054,1,0,0,0,0,0,0,0,678,26001,2052,12,47,90,20,255,255,0,1,1,1,0
3256,賽蓮海海面的魚拓王,釣上賽蓮海海面幻海流期間以外的所有魚類。,0,50,10,0,0,0,0,0,0,0,0,1116,164,34,0,0,10,255,255,0,0,27,1,0
3257,黃金港近海的魚拓王,釣上黃金港近海幻海流期間以外的所有魚類。,0,51,10,0,0,0,0,0,0,0,0,1116,166,34,0,0,10,255,255,0,0,27,1,0
3258,紅玉海海面的魚拓王,釣上紅玉海海面幻海流期間以外的所有魚類。,0,52,10,0,0,0,0,0,0,0,0,1116,168,34,0,0,10,255,255,0,0,27,1,0
3259,延夏下游的魚拓王,釣上延夏下游幻海流期間以外的所有魚類。,0,53,10,0,0,0,0,0,0,0,0,1116,170,34,0,0,10,255,255,0,0,27,1,0
3260,賽蓮海海面的幻海王,釣上賽蓮海海面幻海流期間的所有魚類。,0,54,10,0,0,0,0,0,0,0,0,1116,165,34,0,0,10,255,255,0,0,27,1,0
3261,黃金港近海的幻海王,釣上黃金港近海幻海流期間的所有魚類。,0,55,10,0,0,0,0,0,0,0,0,1116,167,34,0,0,10,255,255,0,0,27,1,0
3262,紅玉海海面的幻海王,釣上紅玉海海面幻海流期間的所有魚類。,0,56,10,0,0,0,0,0,0,0,0,1116,169,34,0,0,10,255,255,0,0,27,1,0
3263,延夏下游的幻海王,釣上延夏下游幻海流期間的所有魚類。,0,57,10,0,0,0,0,0,0,0,0,1116,171,34,0,0,10,255,255,0,0,27,1,0
3264,游釣遠洋1,"在1次遠洋垂釣中獲得5,000以上漁分。",0,1055,1,0,0,0,0,0,0,0,0,1138,204,34,0,0,5,255,255,0,1,1,1,0
3265,游釣遠洋2,"在1次遠洋垂釣中獲得10,000以上漁分。",40370,1056,1,0,0,0,0,0,0,0,0,1138,205,34,19,1,10,255,184,2,1,1,1,0
3266,游釣遠洋3,"在1次遠洋垂釣中獲得16,000以上漁分。",0,1057,1,0,0,0,0,0,0,0,679,1138,206,34,19,1,20,255,255,0,1,1,1,0
3267,四海大寶貝,在遠洋垂釣中達成四海大寶貝。,0,1058,1,0,0,0,0,0,0,0,680,28090,251,34,19,1,10,255,255,0,1,1,1,0
3268,魷型中隊精英,在遠洋垂釣中達成魷型中隊精英。,0,1059,1,0,0,0,0,0,0,0,681,29932,252,34,19,1,10,255,255,0,1,1,1,0
3269,大蝦可重新來過,在遠洋垂釣中達成大蝦可重新來過。,0,1060,1,0,0,0,0,0,0,0,682,29145,253,34,19,1,10,255,255,0,1,1,1,0
3270,衝突的王者第6賽季,在水晶衝突的第6賽季中取得排名第1名的成績。,0,1061,1,0,0,0,0,0,0,0,683,210,0,8,43,30,20,255,255,0,1,1,1,0
3271,衝突的勇者第6賽季,在水晶衝突的第6賽季中取得排名前30名的成績。,0,1062,1,0,0,0,0,0,0,0,684,210,0,8,43,30,20,255,255,0,1,1,1,0
3272,衝突的獲獎者第6賽季,在水晶衝突的第6賽季中取得排名前100名的成績。,0,1063,1,0,0,0,0,0,0,0,685,210,0,8,43,30,20,255,255,0,1,1,1,0
3273,衝突的王者第7賽季,在水晶衝突的第7賽季中取得排名第1名的成績。,0,1064,1,0,0,0,0,0,0,0,686,210,0,8,43,30,20,255,255,0,1,1,1,0
3274,衝突的勇者第7賽季,在水晶衝突的第7賽季中取得排名前30名的成績。,0,1065,1,0,0,0,0,0,0,0,687,210,0,8,43,30,20,255,255,0,1,1,1,0
3275,衝突的獲獎者第7賽季,在水晶衝突的第7賽季中取得排名前100名的成績。,0,1066,1,0,0,0,0,0,0,0,688,210,0,8,43,30,20,255,255,0,1,1,1,0
3276,2024年度水晶衝突區域錦標賽冠軍,在2024年度水晶衝突區域錦標賽中取得賽區冠軍。,0,1067,1,0,0,0,0,0,0,0,689,62968,6,9,0,0,0,255,255,0,0,1,1,1
3277,2024年度水晶衝突區域錦標賽冠軍,在2024年度水晶衝突區域錦標賽中取得賽區冠軍。,0,1068,1,0,0,0,0,0,0,0,689,62968,7,9,0,0,0,255,255,0,0,1,1,1
3278,2024年度水晶衝突區域錦標賽冠軍,在2024年度水晶衝突區域錦標賽中取得賽區冠軍。,0,1069,1,0,0,0,0,0,0,0,689,62968,8,9,0,0,0,255,255,0,0,1,1,1
3279,2024年度水晶衝突區域錦標賽決勝者,在2024年度水晶衝突區域錦標賽中進入總決賽。,0,1070,1,0,0,0,0,0,0,0,690,62967,9,9,0,0,0,255,255,0,0,1,1,1
3280,2024年度水晶衝突區域錦標賽突破者,在2024年度水晶衝突區域錦標賽預賽中進入八強。,0,1071,1,0,0,0,0,0,0,0,691,62966,10,9,0,0,0,255,255,0,0,1,1,1
3281,值得銘記的十周年,完成任務「新生祭與旅途」。,0,70302,0,0,0,0,0,0,0,0,0,26107,131,38,0,0,10,255,255,0,1,6,1,0
3282,結束亦是啟程,完成任務「將希望送往未來」。,0,70316,0,0,0,0,0,0,0,0,0,26002,991,35,0,0,5,255,255,0,1,6,1,3
3283,爸爸的歡樂變身生活,完成任務「守護天節與感謝的心情」。,0,70322,0,0,0,0,0,0,0,0,0,64442,132,38,0,0,10,255,255,0,1,6,1,0
3284,連接友誼的禮物,完成任務「星芒祭與孩子們的友情」。,0,70318,0,0,0,0,0,0,0,0,0,56588,133,38,0,0,10,255,255,0,1,6,1,0
3285,曼德維爾之騎士·威嚴,獲得曼德維爾威嚴之劍和曼德維爾威嚴盾。,0,70307,70308,19,0,0,0,0,0,0,0,30665,102,75,0,0,10,255,255,0,1,24,1,3
3286,曼德維爾之戰士·威嚴,獲得曼德維爾威嚴巨斧。,0,70307,70308,21,0,0,0,0,0,0,0,31239,302,75,0,0,10,255,255,0,1,24,1,3
3287,曼德維爾之暗黑騎士·威嚴,獲得曼德維爾威嚴巨劍。,0,70307,70308,32,0,0,0,0,0,0,0,34393,1102,75,0,0,10,255,255,0,1,24,1,3
3288,曼德維爾之絕槍戰士·威嚴,獲得曼德維爾威嚴刺刀。,0,70307,70308,37,0,0,0,0,0,0,0,36085,1602,75,0,0,10,255,255,0,1,24,1,3
3289,曼德維爾之龍騎士·威嚴,獲得曼德維爾威嚴長槍。,0,70307,70308,22,0,0,0,0,0,0,0,31641,402,75,0,0,10,255,255,0,1,24,1,3
3290,曼德維爾之武僧·威嚴,獲得曼德維爾威嚴之拳。,0,70307,70308,20,0,0,0,0,0,0,0,30829,202,75,0,0,10,255,255,0,1,24,1,3
3291,曼德維爾之忍者·威嚴,獲得曼德維爾威嚴匕首。,0,70307,70308,30,0,0,0,0,0,0,0,33615,602,75,0,0,10,255,255,0,1,24,1,3
3292,曼德維爾之武士·威嚴,獲得曼德維爾威嚴武士刀。,0,70307,70308,34,0,0,0,0,0,0,0,36543,1402,75,0,0,10,255,255,0,1,24,1,3
3293,曼德維爾之奪魂者·威嚴,獲得曼德維爾威嚴戰鐮。,0,70307,70308,39,0,0,0,0,0,0,0,37254,1802,75,0,0,10,255,255,0,1,24,1,3
3294,曼德維爾之吟遊詩人·威嚴,獲得曼德維爾威嚴琴弓。,0,70307,70308,23,0,0,0,0,0,0,0,32029,502,75,0,0,10,255,255,0,1,24,1,3
3295,曼德維爾之機工士·威嚴,獲得曼德維爾威嚴手槍。,0,70307,70308,31,0,0,0,0,0,0,0,34488,1202,75,0,0,10,255,255,0,1,24,1,3
3296,曼德維爾之舞者·威嚴,獲得曼德維爾威嚴圓月輪。,0,70307,70308,38,0,0,0,0,0,0,0,36284,1702,75,0,0,10,255,255,0,1,24,1,3
3297,曼德維爾之黑魔道士·威嚴,獲得曼德維爾威嚴咒杖。,0,70307,70308,25,0,0,0,0,0,0,0,32874,802,75,0,0,10,255,255,0,1,24,1,3
3298,曼德維爾之召喚士·威嚴,獲得曼德維爾威嚴魔導書。,0,70307,70308,27,0,0,0,0,0,0,0,33382,902,75,0,0,10,255,255,0,1,24,1,3
3299,曼德維爾之赤魔道士·威嚴,獲得曼德維爾威嚴重刺劍。,0,70307,70308,35,0,0,0,0,0,0,0,36842,1502,75,0,0,10,255,255,0,1,24,1,3
3300,曼德維爾之白魔道士·威嚴,獲得曼德維爾威嚴幻杖。,0,70307,70308,24,0,0,0,0,0,0,0,32459,702,75,0,0,10,255,255,0,1,24,1,3
3301,曼德維爾之學者·威嚴,獲得曼德維爾威嚴魔導典。,0,70307,70308,28,0,0,0,0,0,0,0,33381,1002,75,0,0,10,255,255,0,1,24,1,3
3302,曼德維爾之占星術師·威嚴,獲得曼德維爾威嚴太陽儀。,0,70307,70308,33,0,0,0,0,0,0,0,34986,1302,75,0,0,10,255,255,0,1,24,1,3
3303,曼德維爾之賢者·威嚴,獲得曼德維爾威嚴飛翼。,0,70307,70308,40,0,0,0,0,0,0,0,37051,1902,75,0,0,10,255,255,0,1,24,1,3
3304,商會中意的工匠,完成任務「在彷徨階梯亭乾杯」。,0,70306,0,0,0,0,0,0,0,0,0,26002,700,35,0,0,5,255,255,0,1,6,1,0
3305,莫雯卓越工具：喬菈卓絕手鋸,獲得喬菈卓絕手鋸。,0,70305,8,0,0,0,0,0,0,0,0,39004,103,78,0,0,10,255,255,0,1,24,1,0
3306,莫雯卓越工具：喬菈卓絕橫頭錘,獲得喬菈卓絕橫頭錘。,0,70305,9,0,0,0,0,0,0,0,0,39103,203,78,0,0,10,255,255,0,1,24,1,0
3307,莫雯卓越工具：喬菈卓絕圓頭錘,獲得喬菈卓絕圓頭錘。,0,70305,10,0,0,0,0,0,0,0,0,39203,303,78,0,0,10,255,255,0,1,24,1,0
3308,莫雯卓越工具：喬菈卓絕工藝錘,獲得喬菈卓絕工藝錘。,0,70305,11,0,0,0,0,0,0,0,0,39302,403,78,0,0,10,255,255,0,1,24,1,0
3309,莫雯卓越工具：喬菈卓絕圓革刀,獲得喬菈卓絕圓革刀。,0,70305,12,0,0,0,0,0,0,0,0,39403,503,78,0,0,10,255,255,0,1,24,1,0
3310,莫雯卓越工具：喬菈卓絕縫針,獲得喬菈卓絕縫針。,0,70305,13,0,0,0,0,0,0,0,0,39503,603,78,0,0,10,255,255,0,1,24,1,0
3311,莫雯卓越工具：喬菈卓絕蒸餾器,獲得喬菈卓絕蒸餾器。,0,70305,14,0,0,0,0,0,0,0,0,39602,703,78,0,0,10,255,255,0,1,24,1,0
3312,莫雯卓越工具：喬菈卓絕煎鍋,獲得喬菈卓絕煎鍋。,0,70305,15,0,0,0,0,0,0,0,0,39705,803,78,0,0,10,255,255,0,1,24,1,0
3313,莫雯卓越工具：喬菈卓絕十字鎬,獲得喬菈卓絕十字鎬。,0,70305,16,0,0,0,0,0,0,0,0,38305,903,78,0,0,10,255,255,0,1,24,1,0
3314,莫雯卓越工具：喬菈卓絕手斧,獲得喬菈卓絕手斧。,0,70305,17,0,0,0,0,0,0,0,0,38403,1003,78,0,0,10,255,255,0,1,24,1,0
3315,莫雯卓越工具：喬菈卓絕釣竿,獲得喬菈卓絕釣竿。,0,70305,18,0,0,0,0,0,0,0,0,38506,1103,78,0,0,10,255,255,0,1,24,1,0
3316,魔書中的領悟8,將青魔道士升到80級。,0,36,80,0,0,0,0,0,0,0,0,39903,1008,14,0,0,5,255,255,0,1,3,1,0
3317,學海無涯9,學習120種青魔法。,0,6,120,0,0,0,0,0,0,0,0,62969,1110,14,0,0,5,255,255,0,1,25,1,0
3318,黃金之青,在假面狂歡中達成黃金之青。,0,1072,1,0,0,0,0,0,0,0,692,26058,1106,2,36,50,10,255,255,0,1,1,1,0
3319,魔書記錄者5,完成110種青魔道士記錄中的普通任務。,0,804,110,0,0,0,0,0,0,0,693,3253,1204,1,36,70,5,255,255,0,1,1,1,0
3320,天青的綺夢弒君者,僅限由青魔道士組成的小隊，在不解除限制並開啟超越之力無效化的狀態下完成極 緹坦妮雅殲滅戰。,0,1073,1,0,0,0,0,0,0,0,0,62969,1334,1,0,0,5,255,255,0,1,1,1,2
3321,天青的無瑕弒君者,僅限由青魔道士組成的小隊，在不解除限制並開啟超越之力無效化的狀態下完成極 無瑕靈君殲滅戰。,0,1074,1,0,0,0,0,0,0,0,0,62969,1335,1,0,0,5,255,255,0,1,1,1,2
3322,天青的冥魂送葬者,僅限由青魔道士組成的小隊，在不解除限制並開啟超越之力無效化的狀態下完成極 黑迪斯殲滅戰。,0,1075,1,0,0,0,0,0,0,0,0,62969,1336,1,0,0,5,255,255,0,1,1,1,0
3323,天青的紅寶石降神者,僅限由青魔道士組成的小隊，在不解除限制並開啟超越之力無效化的狀態下完成極 紅寶石武器破壞作戰。,0,1076,1,0,0,0,0,0,0,0,0,62969,1337,1,0,0,5,255,255,0,1,1,1,0
3324,,,0,0,0,0,0,0,0,0,0,0,0,0,0,0,0,0,0,0,0,0,0,0,0,0
3325,天青的綠寶石降神者,僅限由青魔道士組成的小隊，在不解除限制並開啟超越之力無效化的狀態下完成極 綠寶石武器破壞作戰。,0,1078,1,0,0,0,0,0,0,0,0,62969,1339,1,0,0,5,255,255,0,1,1,1,0
3326,天青的鑽石降神者,僅限由青魔道士組成的小隊，在不解除限制並開啟超越之力無效化的狀態下完成極 鑽石武器捕獲作戰。,0,1079,1,0,0,0,0,0,0,0,0,62969,1340,1,0,0,5,255,255,0,1,1,1,0
3327,稱霸覺醒伊甸的青魔道士,僅限由青魔道士組成的小隊，在不解除限制並開啟超越之力無效化的狀態下完成伊甸零式希望樂園 覺醒之章4。,0,1080,1,0,0,0,0,0,0,0,0,62969,1341,1,0,0,5,255,255,0,1,1,1,0
3328,稱霸共鳴伊甸的青魔道士,僅限由青魔道士組成的小隊，在不解除限制並開啟超越之力無效化的狀態下完成伊甸零式希望樂園 共鳴之章4。,0,1081,1,0,0,0,0,0,0,0,0,62969,1342,1,0,0,5,255,255,0,1,1,1,0
3329,稱霸再生伊甸的青魔道士,僅限由青魔道士組成的小隊，在不解除限制並開啟超越之力無效化的狀態下完成伊甸零式希望樂園 再生之章4。,0,1082,1,0,0,0,0,0,0,0,0,62969,1343,1,0,0,5,255,255,0,1,1,1,0
3330,通曉希望樂園的青魔道士,達成「稱霸覺醒伊甸的青魔道士」「稱霸共鳴伊甸的青魔道士」「稱霸再生伊甸的青魔道士」三個成就。,0,3327,3328,3329,0,0,0,0,0,0,694,62969,1344,1,36,80,10,255,255,0,2,2,1,0
3331,踏遍六根山,成功探索六根山（多變迷宮）的所有地區。,0,843,0,0,0,0,0,0,0,0,0,1001,2303,49,0,0,10,255,255,0,1,8,1,0
3332,狩獵猛虎,在六根山（多變迷宮）中戰勝猛虎。,0,1083,1,0,0,0,0,0,0,0,0,2513,1207,2,0,0,5,255,255,0,1,1,1,3
3333,狩獵豪雷,在六根山（多變迷宮）中戰勝豪雷。,0,1084,1,0,0,0,0,0,0,0,0,2513,1208,2,0,0,5,255,255,0,1,1,1,3
3334,狩獵獅子王,在六根山（多變迷宮）中戰勝獅子王。,0,1085,1,0,0,0,0,0,0,0,0,2513,1209,2,0,0,5,255,255,0,1,1,1,3
3335,狩獵煙煙羅,在六根山（多變迷宮）中戰勝煙煙羅。,0,1086,1,0,0,0,0,0,0,0,0,2513,1210,2,0,0,5,255,255,0,1,1,1,3
3336,兩個孤兒的故事,完成任務「兩個孤兒的故事」。,0,70270,0,0,0,0,0,0,0,0,695,26002,697,35,0,0,20,255,255,0,1,6,1,3
3337,六根山探索記,成功發現六根山探索記中的所有故事。,40387,2,70269,0,0,0,0,0,0,0,0,26182,2311,49,43,90,10,255,185,1,1,31,1,0
3338,踏遍異聞六根山,成功探索六根山（異聞迷宮）的所有地區。,0,851,0,0,0,0,0,0,0,0,0,1001,2304,49,0,0,10,255,255,0,1,8,1,0
3339,稱霸異聞六根山,成功挑戰異聞六根山（異聞迷宮）。,0,37003,0,0,0,0,0,0,0,0,0,317,1211,2,0,0,10,255,255,0,1,14,1,0
3340,完全稱霸異聞六根山,成功挑戰零式異聞六根山（異聞迷宮）。,0,37004,0,0,0,0,0,0,0,0,696,317,1212,2,43,90,20,255,255,0,1,14,1,0
3341,踏遍阿羅阿羅島,成功探索阿羅阿羅島（多變迷宮）的所有地區。,0,867,0,0,0,0,0,0,0,0,0,1001,2305,49,0,0,10,255,255,0,1,8,1,0
3342,狩獵凱圖嘟凱,在阿羅阿羅島（多變迷宮）中戰勝凱圖嘟凱。,0,1092,1,0,0,0,0,0,0,0,0,2513,1213,2,0,0,5,255,255,0,1,1,1,3
3343,狩獵拉拉魯,在阿羅阿羅島（多變迷宮）中戰勝拉拉魯。,0,1093,1,0,0,0,0,0,0,0,0,2513,1214,2,0,0,5,255,255,0,1,1,1,3
3344,狩獵斯塔緹絲,在阿羅阿羅島（多變迷宮）中戰勝斯塔緹絲。,0,1094,1,0,0,0,0,0,0,0,0,2513,1215,2,0,0,5,255,255,0,1,1,1,3
3345,狩獵羅庫羅庫伊,在阿羅阿羅島（多變迷宮）中戰勝羅庫羅庫伊。,0,1095,1,0,0,0,0,0,0,0,0,2513,1216,2,0,0,5,255,255,0,1,1,1,3
3346,感謝艱險之路的陪伴,完成任務「感謝艱險之路的陪伴」。,0,70326,0,0,0,0,0,0,0,0,697,26002,698,35,0,0,20,255,255,0,1,6,1,3
3347,阿羅阿羅島探索記,成功發現阿羅阿羅島探索記中的所有故事。,41495,3,70325,0,0,0,0,0,0,0,0,26182,2311,49,43,90,10,255,186,1,1,31,1,0
3348,踏遍異聞阿羅阿羅島,成功探索阿羅阿羅島（異聞迷宮）的所有地區。,0,875,0,0,0,0,0,0,0,0,0,1001,2306,49,0,0,10,255,255,0,1,8,1,0
3349,稱霸異聞阿羅阿羅島,成功挑戰異聞阿羅阿羅島（異聞迷宮）。,0,37005,0,0,0,0,0,0,0,0,0,317,1217,2,0,0,10,255,255,0,1,14,1,0
3350,完全稱霸異聞阿羅阿羅島,成功挑戰零式異聞阿羅阿羅島（異聞迷宮）。,0,37006,0,0,0,0,0,0,0,0,698,317,1218,2,43,90,20,255,255,0,1,14,1,0
3351,瑪格拉特的信任1,瑪格拉特的信賴等級達到1級。,0,1097,1,0,0,0,0,0,0,0,0,25507,226,12,0,0,5,255,255,0,1,1,1,0
3352,瑪格拉特的信任2,瑪格拉特的信賴等級達到2級。,0,1097,2,0,0,0,0,0,0,0,0,25507,227,12,0,0,5,255,255,0,1,1,1,0
3353,瑪格拉特的信任3,瑪格拉特的信賴等級達到3級。,0,1097,3,0,0,0,0,0,0,0,0,25507,228,12,0,0,5,255,255,0,1,1,1,0
3354,瑪格拉特的信任4,瑪格拉特的信賴等級達到4級。,0,1097,4,0,0,0,0,0,0,0,0,25507,229,12,0,0,5,255,255,0,1,1,1,0
3355,瑪格拉特的信任5,瑪格拉特的信賴等級達到5級。,0,1097,5,0,0,0,0,0,0,0,699,25507,230,12,46,80,10,255,255,0,1,1,1,0
3356,瑪格拉特的老主顧1,在瑪格拉特處累計交納收藏品36次。,0,1098,36,0,0,0,0,0,0,0,0,26551,85,22,0,0,5,255,255,0,1,1,1,0
3357,瑪格拉特的老主顧2,在瑪格拉特處累計交納收藏品48次。,0,1098,48,0,0,0,0,0,0,0,0,26551,86,22,0,0,5,255,255,0,1,1,1,0
3358,瑪格拉特的老主顧3,在瑪格拉特處累計交納收藏品60次。,0,1098,60,0,0,0,0,0,0,0,0,26551,87,22,0,0,5,255,255,0,1,1,1,0
3359,瑪格拉特的老主顧4,在瑪格拉特處累計交納收藏品90次。,0,1098,90,0,0,0,0,0,0,0,0,26551,88,22,0,0,5,255,255,0,1,1,1,0
3360,瑪格拉特的老主顧5,在瑪格拉特處累計交納收藏品120次。,0,1098,120,0,0,0,0,0,0,0,0,26551,89,22,0,0,5,255,255,0,1,1,1,0
3361,瑪格拉特的老主顧6,在瑪格拉特處累計交納收藏品150次。,0,1098,150,0,0,0,0,0,0,0,700,26551,90,22,46,80,10,255,255,0,1,1,1,0
3362,莫雯卓越工具：領航星手鋸,獲得領航星手鋸。,0,70340,8,0,0,0,0,0,0,0,0,39005,104,78,0,0,10,255,255,0,1,24,1,0
3363,莫雯卓越工具：領航星橫頭錘,獲得領航星橫頭錘。,0,70340,9,0,0,0,0,0,0,0,0,39104,204,78,0,0,10,255,255,0,1,24,1,0
3364,莫雯卓越工具：領航星圓頭錘,獲得領航星圓頭錘。,0,70340,10,0,0,0,0,0,0,0,0,39204,304,78,0,0,10,255,255,0,1,24,1,0
3365,莫雯卓越工具：領航星工藝錘,獲得領航星工藝錘。,0,70340,11,0,0,0,0,0,0,0,0,39303,404,78,0,0,10,255,255,0,1,24,1,0
3366,莫雯卓越工具：領航星圓革刀,獲得領航星圓革刀。,0,70340,12,0,0,0,0,0,0,0,0,39404,504,78,0,0,10,255,255,0,1,24,1,0
3367,莫雯卓越工具：領航星縫針,獲得領航星縫針。,0,70340,13,0,0,0,0,0,0,0,0,39504,604,78,0,0,10,255,255,0,1,24,1,0
3368,莫雯卓越工具：領航星蒸餾器,獲得領航星蒸餾器。,0,70340,14,0,0,0,0,0,0,0,0,39603,704,78,0,0,10,255,255,0,1,24,1,0
3369,莫雯卓越工具：領航星平底鍋,獲得領航星平底鍋。,0,70340,15,0,0,0,0,0,0,0,0,39706,804,78,0,0,10,255,255,0,1,24,1,0
3370,莫雯卓越工具：領航星十字鎬,獲得領航星十字鎬。,0,70340,16,0,0,0,0,0,0,0,0,38306,904,78,0,0,10,255,255,0,1,24,1,0
3371,莫雯卓越工具：領航星手斧,獲得領航星手斧。,0,70340,17,0,0,0,0,0,0,0,0,38404,1004,78,0,0,10,255,255,0,1,24,1,0
3372,莫雯卓越工具：領航星釣竿,獲得領航星釣竿。,0,70340,18,0,0,0,0,0,0,0,0,38507,1104,78,0,0,10,255,255,0,1,24,1,0
3373,商會御用的工匠,完成任務「兩個人、兩個水壺」。,0,70341,0,0,0,0,0,0,0,0,724,26002,701,35,0,0,5,255,255,0,1,6,1,0
3374,盈滿套裝,完成任務「起舞的工匠們」。,0,70342,0,0,0,0,0,0,0,0,701,26002,655,35,0,0,5,255,255,0,1,6,1,0
3375,專研採掘筆記8,累計採掘成功並標記260種採集筆記中記載的採掘師專屬素材。,0,200,260,0,0,0,0,0,0,0,702,1015,48,32,17,90,10,255,255,0,1,1,1,0
3376,專研採伐筆記8,累計採伐成功並標記380種採集筆記中記載的園藝師專屬素材。,0,201,380,0,0,0,0,0,0,0,703,1065,48,33,18,90,10,255,255,0,1,1,1,0
3377,專研釣魚筆記8,累計釣上並標記1460種釣魚筆記中記載的物種。,0,202,1460,0,0,0,0,0,0,0,704,1104,48,34,19,90,10,255,255,0,1,1,1,0
3378,曉月太公3,在曉月區域釣上40種釣場之王。,0,1000,40,0,0,0,0,0,0,0,705,1102,108,34,19,90,10,255,255,0,1,1,1,0
3379,太公封神,達成「太公仙路」「曉月太公3」成就。,0,2834,3378,0,0,0,0,0,0,0,706,1141,109,34,19,90,20,255,255,0,2,2,1,0
3380,曼德維爾之騎士·盈滿,獲得曼德維爾盈滿彎刃刀和曼德維爾盈滿鳶盾。,0,70342,70343,19,0,0,0,0,0,0,0,30670,103,75,0,0,10,255,255,0,1,24,1,3
3381,曼德維爾之戰士·盈滿,獲得曼德維爾盈滿戰斧。,0,70342,70343,21,0,0,0,0,0,0,0,31244,303,75,0,0,10,255,255,0,1,24,1,3
3382,曼德維爾之暗黑騎士·盈滿,獲得曼德維爾盈滿巨劍。,0,70342,70343,32,0,0,0,0,0,0,0,34398,1103,75,0,0,10,255,255,0,1,24,1,3
3383,曼德維爾之絕槍戰士·盈滿,獲得曼德維爾盈滿槍刃。,0,70342,70343,37,0,0,0,0,0,0,0,36090,1603,75,0,0,10,255,255,0,1,24,1,3
3384,曼德維爾之龍騎士·盈滿,獲得曼德維爾盈滿三尖槍。,0,70342,70343,22,0,0,0,0,0,0,0,31646,403,75,0,0,10,255,255,0,1,24,1,3
3385,曼德維爾之武僧·盈滿,獲得曼德維爾盈滿之拳。,0,70342,70343,20,0,0,0,0,0,0,0,30834,203,75,0,0,10,255,255,0,1,24,1,3
3386,曼德維爾之忍者·盈滿,獲得曼德維爾盈滿匕首。,0,70342,70343,30,0,0,0,0,0,0,0,33620,603,75,0,0,10,255,255,0,1,24,1,3
3387,曼德維爾之武士·盈滿,獲得曼德維爾盈滿武士刀。,0,70342,70343,34,0,0,0,0,0,0,0,36548,1403,75,0,0,10,255,255,0,1,24,1,3
3388,曼德維爾之奪魂者·盈滿,獲得曼德維爾盈滿札戈斧鐮。,0,70342,70343,39,0,0,0,0,0,0,0,37259,1803,75,0,0,10,255,255,0,1,24,1,3
3389,曼德維爾之吟遊詩人·盈滿,獲得曼德維爾盈滿複合弓。,0,70342,70343,23,0,0,0,0,0,0,0,32034,503,75,0,0,10,255,255,0,1,24,1,3
3390,曼德維爾之機工士·盈滿,獲得曼德維爾盈滿左輪槍。,0,70342,70343,31,0,0,0,0,0,0,0,34493,1203,75,0,0,10,255,255,0,1,24,1,3
3391,曼德維爾之舞者·盈滿,獲得曼德維爾盈滿圓月輪。,0,70342,70343,38,0,0,0,0,0,0,0,36289,1703,75,0,0,10,255,255,0,1,24,1,3
3392,曼德維爾之黑魔道士·盈滿,獲得曼德維爾盈滿法杖。,0,70342,70343,25,0,0,0,0,0,0,0,32879,803,75,0,0,10,255,255,0,1,24,1,3
3393,曼德維爾之召喚士·盈滿,獲得曼德維爾盈滿魔導書。,0,70342,70343,27,0,0,0,0,0,0,0,33392,903,75,0,0,10,255,255,0,1,24,1,3
3394,曼德維爾之赤魔道士·盈滿,獲得曼德維爾盈滿刺劍。,0,70342,70343,35,0,0,0,0,0,0,0,36847,1503,75,0,0,10,255,255,0,1,24,1,3
3395,曼德維爾之白魔道士·盈滿,獲得曼德維爾盈滿牧杖。,0,70342,70343,24,0,0,0,0,0,0,0,32464,703,75,0,0,10,255,255,0,1,24,1,3
3396,曼德維爾之學者·盈滿,獲得曼德維爾盈滿魔導典。,0,70342,70343,28,0,0,0,0,0,0,0,33391,1003,75,0,0,10,255,255,0,1,24,1,3
3397,曼德維爾之占星術師·盈滿,獲得曼德維爾盈滿黃道儀。,0,70342,70343,33,0,0,0,0,0,0,0,34991,1303,75,0,0,10,255,255,0,1,24,1,3
3398,曼德維爾之賢者·盈滿,獲得曼德維爾盈滿飛翼。,0,70342,70343,40,0,0,0,0,0,0,0,37056,1903,75,0,0,10,255,255,0,1,24,1,3
3399,無人島的傳奇開拓者,在開拓無人島的開拓等級升到20級。,0,1007,20,0,0,0,0,0,0,0,707,1052,2003,12,0,0,10,255,255,0,1,1,1,0
3400,踏遍月面地下溪谷,成功探索月面地下溪谷（異界深淵）的所有地區。,0,864,0,0,0,0,0,0,0,0,0,1001,100,49,0,0,10,255,255,0,1,8,1,0
3401,踏遍塔利亞,成功探索榮華神域塔利亞的所有地區。,0,884,0,0,0,0,0,0,0,0,0,1001,1508,49,0,0,10,255,255,0,1,8,65,0
3402,暗黑的降妖者,在極 澤羅姆斯殲滅戰中戰勝澤羅姆斯。,0,20092,0,0,0,0,0,0,0,0,0,317,40,3,0,0,10,255,255,0,1,14,1,0
3403,稱霸塔利亞,成功挑戰榮華神域塔利亞。,0,30134,0,0,0,0,0,0,0,0,0,2669,0,4,0,0,5,255,255,0,1,14,65,0
3404,勇奪桂冠1,在金碟巨豆中心獲得第1名1次。,0,1110,1,0,0,0,0,0,0,0,0,56611,1300,18,0,0,5,255,255,0,1,1,1,0
3405,勇奪桂冠2,在金碟巨豆中心獲得第1名10次。,0,1110,10,0,0,0,0,0,0,0,0,56611,1301,18,0,0,5,255,255,0,1,1,1,0
3406,勇奪桂冠3,在金碟巨豆中心獲得第1名50次。,0,1110,50,0,0,0,0,0,0,0,0,56611,1302,18,0,0,5,255,255,0,1,1,1,0
3407,勇奪桂冠4,在金碟巨豆中心獲得第1名100次。,0,1110,100,0,0,0,0,0,0,0,708,56611,1303,18,0,0,10,255,255,0,1,1,1,0
3408,眾神眷愛之人,完成任務「受眾神眷顧之地——艾奧傑亞」。,0,70328,0,0,0,0,0,0,0,0,709,26002,904,35,43,90,10,255,255,0,1,6,65,0
3409,征服伐利斯傑亞之星,完成任務「焰影燼途」。,0,70334,0,0,0,0,0,0,0,0,710,42995,550,38,0,0,10,255,255,0,1,6,1,0
3410,永世大繁榮,完成任務「連繫你我至永遠的大繁榮之輪」。,0,70349,0,0,0,0,0,0,0,0,0,26002,702,35,0,0,10,255,255,0,1,6,1,0
3411,第一屆背世咖啡廳杯獲勝者,完成任務「宇宙盡頭的精彩比賽」。,0,70324,0,0,0,0,0,0,0,0,0,60033,0,37,43,90,20,255,255,0,1,6,1,0
3412,月下幽願,獲得幽願巴哈姆特魔笛。,0,70331,0,0,0,0,0,0,0,0,711,26038,1275,19,43,90,20,255,255,0,1,6,1,0
3413,光明的起點,完成任務「光明的起點」。,0,70286,0,0,0,0,0,0,0,0,712,26002,85,76,0,0,20,255,255,0,1,6,63,0
3414,邁向明日的一步,完成任務「邁向明日的一步」。,0,70289,0,0,0,0,0,0,0,0,713,26002,86,76,43,90,20,255,255,0,1,6,63,0
3415,傳承的紳士之心,完成任務「曼德維爾之謎」。,0,70336,0,0,0,0,0,0,0,0,0,26002,656,35,0,0,10,255,255,0,1,6,1,0
3416,愛與勇氣的傳道士,完成任務「在戀人節勇敢告白」。,0,70345,0,0,0,0,0,0,0,0,0,52793,135,38,0,0,10,255,255,0,1,6,1,0
3417,花一般的公主,完成任務「公主節盛開的笑容之花」。,0,70347,0,0,0,0,0,0,0,0,0,4276,136,38,0,0,10,255,255,0,1,6,1,0
3418,咔啪啪啪！,完成任務「金碟遊樂園與河童之謎」。,0,70350,0,0,0,0,0,0,0,0,0,56635,137,38,0,0,10,255,255,0,1,6,1,0
3419,衝突的王者第8賽季,在水晶衝突的第8賽季中取得排名第1名的成績。,0,1111,1,0,0,0,0,0,0,0,714,210,0,8,43,30,20,255,255,0,1,1,1,0
3420,衝突的勇者第8賽季,在水晶衝突的第8賽季中取得排名前30名的成績。,0,1112,1,0,0,0,0,0,0,0,715,210,0,8,43,30,20,255,255,0,1,1,1,0
3421,衝突的獲獎者第8賽季,在水晶衝突的第8賽季中取得排名前100名的成績。,0,1113,1,0,0,0,0,0,0,0,716,210,0,8,43,30,20,255,255,0,1,1,1,0
3422,衝突的王者第9賽季,在水晶衝突的第9賽季中取得排名第1名的成績。,0,1114,1,0,0,0,0,0,0,0,717,210,0,8,43,30,20,255,255,0,1,1,1,0
3423,衝突的勇者第9賽季,在水晶衝突的第9賽季中取得排名前30名的成績。,0,1115,1,0,0,0,0,0,0,0,718,210,0,8,43,30,20,255,255,0,1,1,1,0
3424,衝突的獲獎者第9賽季,在水晶衝突的第9賽季中取得排名前100名的成績。,0,1116,1,0,0,0,0,0,0,0,719,210,0,8,43,30,20,255,255,0,1,1,1,0
3425,衝突的王者第10賽季,在水晶衝突的第10賽季中取得排名第1名的成績。,0,1117,1,0,0,0,0,0,0,0,720,210,0,8,43,30,20,255,255,0,1,1,1,0
3426,衝突的勇者第10賽季,在水晶衝突的第10賽季中取得排名前30名的成績。,0,1118,1,0,0,0,0,0,0,0,721,210,0,8,43,30,20,255,255,0,1,1,1,0
3427,衝突的獲獎者第10賽季,在水晶衝突的第10賽季中取得排名前100名的成績。,0,1119,1,0,0,0,0,0,0,0,722,210,0,8,43,30,20,255,255,0,1,1,1,0
3428,異聞奇譚的英傑,達成「完全稱霸異聞希拉狄哈水道」「完全稱霸異聞六根山」「完全稱霸異聞阿羅阿羅島」三個成就。,0,3156,3340,3350,0,0,0,0,0,0,723,3054,1219,2,43,90,20,255,255,0,2,2,1,0
3429,利劍中的領悟10,將劍術士升到100級。,0,1,100,0,0,0,0,0,0,0,0,30408,10,13,0,0,5,255,255,0,1,3,1,0
3430,鬥拳中的領悟10,將格鬥士升到100級。,0,2,100,0,0,0,0,0,0,0,0,31004,30,13,0,0,5,255,255,0,1,3,1,0
3431,大斧中的領悟10,將斧術士升到100級。,0,3,100,0,0,0,0,0,0,0,0,31409,50,13,0,0,5,255,255,0,1,3,1,0
3432,尖槍中的領悟10,將槍術士升到100級。,0,4,100,0,0,0,0,0,0,0,0,31816,70,13,0,0,5,255,255,0,1,3,1,0
3433,箭矢中的領悟10,將弓術士升到100級。,0,5,100,0,0,0,0,0,0,0,0,32204,90,13,0,0,5,255,255,0,1,3,1,0
3434,幻術中的領悟10,將幻術士升到100級。,0,6,100,0,0,0,0,0,0,0,0,32611,10,14,0,0,5,255,255,0,1,3,1,0
3435,咒術中的領悟10,將咒術士升到100級。,0,7,100,0,0,0,0,0,0,0,0,32806,30,14,0,0,5,255,255,0,1,3,1,0
3436,巴術中的領悟10,將巴術士升到100級。,0,26,100,0,0,0,0,0,0,0,0,33401,50,14,0,0,5,255,255,0,1,3,1,0
3437,雙劍中的領悟10,將雙劍士升到100級。,0,29,100,0,0,0,0,0,0,0,0,33801,110,13,0,0,5,255,255,0,1,3,1,0
3438,暗劍中的領悟8,將暗黑騎士升到100級。,0,32,100,0,0,0,0,0,0,0,0,34203,130,13,0,0,5,255,255,0,1,3,1,0
3439,機工中的領悟8,將機工士升到100級。,0,31,100,0,0,0,0,0,0,0,0,34607,150,13,0,0,5,255,255,0,1,3,1,0
3440,星圖中的領悟8,將占星術師升到100級。,0,33,100,0,0,0,0,0,0,0,0,34808,70,14,0,0,5,255,255,0,1,3,1,0
3441,刺劍中的領悟6,將赤魔道士升到100級。,0,35,100,0,0,0,0,0,0,0,0,36747,90,14,0,0,5,255,255,0,1,3,1,0
3442,武道中的領悟6,將武士升到100級。,0,34,100,0,0,0,0,0,0,0,0,36427,170,13,0,0,5,255,255,0,1,3,1,0
3443,槍刃中的領悟4,將絕槍戰士升到100級。,0,37,100,0,0,0,0,0,0,0,0,36005,190,13,0,0,5,255,255,0,1,3,1,0
3444,舞步中的領悟4,將舞者升到100級。,0,38,100,0,0,0,0,0,0,0,0,36205,210,13,0,0,5,255,255,0,1,3,1,0
3445,收割中的領悟3,將奪魂者升到100級。,0,39,100,0,0,0,0,0,0,0,0,37231,230,13,0,0,5,255,255,0,1,3,1,0
3446,賢學中的領悟3,將賢者升到100級。,0,40,100,0,0,0,0,0,0,0,0,37030,110,14,0,0,5,255,255,0,1,3,1,0
3447,對劍中的領悟1,將毒蛇劍士升到90級。,0,41,90,0,0,0,0,0,0,0,0,37435,249,13,0,0,5,255,255,0,1,3,1,0
3448,對劍中的領悟2,將毒蛇劍士升到100級。,0,41,100,0,0,0,0,0,0,0,0,37435,250,13,0,0,5,255,255,0,1,3,1,0
3449,畫筆中的領悟1,將繪靈法師升到90級。,0,42,90,0,0,0,0,0,0,0,0,37640,129,14,0,0,5,255,255,0,1,3,1,0
3450,畫筆中的領悟2,將繪靈法師升到100級。,0,42,100,0,0,0,0,0,0,0,0,37640,130,14,0,0,5,255,255,0,1,3,1,0
3451,木工中的領悟10,將木工師升到100級。,0,8,100,0,0,0,0,0,0,9,0,35001,10,15,0,0,5,255,255,0,1,3,1,0
3452,鍛造中的領悟10,將鍛造師升到100級。,0,9,100,0,0,0,0,0,0,29,0,35106,30,15,0,0,5,255,255,0,1,3,1,0
3453,甲胄中的領悟10,將甲冑師升到100級。,0,10,100,0,0,0,0,0,0,49,0,35203,50,15,0,0,5,255,255,0,1,3,1,0
3454,金工中的領悟10,將金工師升到100級。,0,11,100,0,0,0,0,0,0,69,0,35301,70,15,0,0,5,255,255,0,1,3,1,0
3455,皮革中的領悟10,將皮革師升到100級。,0,12,100,0,0,0,0,0,0,89,0,35404,90,15,0,0,5,255,255,0,1,3,1,0
3456,裁縫中的領悟10,將裁縫師升到100級。,0,13,100,0,0,0,0,0,0,109,0,35501,110,15,0,0,5,255,255,0,1,3,1,0
3457,鍊金中的領悟10,將鍊金術師升到100級。,0,14,100,0,0,0,0,0,0,129,0,35604,130,15,0,0,5,255,255,0,1,3,1,0
3458,烹調中的領悟10,將烹調師升到100級。,0,15,100,0,0,0,0,0,0,149,0,35704,150,15,0,0,5,255,255,0,1,3,1,0
3459,草木中的領悟10,將園藝師升到100級。,0,17,100,0,0,0,0,0,0,29,0,38103,30,16,0,0,5,255,255,0,1,3,1,0
3460,礦石中的領悟10,將採掘師升到100級。,0,16,100,0,0,0,0,0,0,9,0,38003,10,16,0,0,5,255,255,0,1,3,1,0
3461,垂釣中的領悟10,將漁師升到100級。,0,18,100,0,0,0,0,0,0,49,0,38203,50,16,0,0,5,255,255,0,1,3,1,0
3462,通武之勇者,將劍術士、格鬥士、斧術士、槍術士、弓術士、雙劍士、暗黑騎士、機工士、武士、絕槍戰士、舞者、奪魂者和毒蛇劍士都升到100級。,0,58,13,0,0,0,0,0,0,0,725,2547,16,12,41,100,20,255,255,0,1,26,1,0
3463,超魔之智者,將幻術士、咒術士、巴術士、占星術師、赤魔道士、賢者和繪靈法師都升到100級。,0,59,7,0,0,0,0,0,0,0,726,2661,17,12,42,100,20,255,255,0,1,26,1,0
3464,二十重之道的探究者,達成「通武之勇者」和「超魔之智者」兩個成就。,43595,3462,3463,0,0,0,0,0,0,0,0,2517,18,12,43,100,30,255,187,1,2,2,1,0
3465,博慧之巧者,將木工師、鍛造師、甲冑師、金工師、皮革師、裁縫師、鍊金術師和烹調師都升到100級。,0,60,8,0,0,0,0,0,0,0,727,61269,31,12,44,100,20,255,255,0,1,26,1,0
3466,全識之賢者,將採掘師、園藝師和漁師都升到100級。,0,61,3,0,0,0,0,0,0,0,728,1981,32,12,45,100,20,255,255,0,1,26,1,0
3467,木工精通者,完成1000次91-100級的木工作業。,0,1099,1000,0,0,0,0,0,0,0,0,35001,11,24,0,0,10,255,255,0,1,1,1,0
3468,鍛造精通者,完成1000次91-100級的鍛造作業。,0,1100,1000,0,0,0,0,0,0,0,0,35106,11,25,0,0,10,255,255,0,1,1,1,0
3469,甲冑精通者,完成1000次91-100級的甲冑作業。,0,1101,1000,0,0,0,0,0,0,0,0,35203,11,26,0,0,10,255,255,0,1,1,1,0
3470,金工精通者,完成1000次91-100級的金工作業。,0,1102,1000,0,0,0,0,0,0,0,0,35301,11,27,0,0,10,255,255,0,1,1,1,0
3471,皮革精通者,完成1000次91-100級的皮革作業。,0,1103,1000,0,0,0,0,0,0,0,0,35404,11,28,0,0,10,255,255,0,1,1,1,0
3472,裁縫精通者,完成1000次91-100級的裁縫作業。,0,1104,1000,0,0,0,0,0,0,0,0,35501,11,29,0,0,10,255,255,0,1,1,1,0
3473,鍊金精通者,完成1000次91-100級的鍊金作業。,0,1105,1000,0,0,0,0,0,0,0,0,35604,11,30,0,0,10,255,255,0,1,1,1,0
3474,烹調精通者,完成1000次91-100級的烹調作業。,0,1106,1000,0,0,0,0,0,0,0,0,35704,11,31,0,0,10,255,255,0,1,1,1,0
3475,黃金之採伐能手,在91-100級的良材採伐或割草5000次。,0,1107,5000,0,0,0,0,0,0,0,0,1056,24,33,0,0,10,255,255,0,1,1,1,0
3476,黃金之採掘能手,在91-100級的礦脈採掘或碎石5000次。,0,1108,5000,0,0,0,0,0,0,0,0,1015,24,32,0,0,10,255,255,0,1,1,1,0
3477,黃金之釣魚能手,在91-100級的釣場捕魚3000次。,0,1109,3000,0,0,0,0,0,0,0,0,1101,24,34,0,0,10,255,255,0,1,1,1,0
3478,收藏品製作者7,累計製作收藏品9000次。,0,372,9000,0,0,0,0,0,0,0,0,62973,7,22,0,0,10,255,255,0,1,1,1,0
3479,收藏品採集者7,累計採集收藏品12000次。,0,373,12000,0,0,0,0,0,0,0,0,60031,17,22,0,0,10,255,255,0,1,1,1,0
3480,木匠傳奇8,累計完成135種木工理符任務。,0,181,135,0,0,0,0,0,0,0,0,35001,88,36,0,0,10,255,255,0,1,1,1,0
3481,鐵匠傳奇8,累計完成135種鍛造理符任務。,0,182,135,0,0,0,0,0,0,0,0,35106,108,36,0,0,10,255,255,0,1,1,1,0
3482,甲匠傳奇8,累計完成135種甲冑理符任務。,0,183,135,0,0,0,0,0,0,0,0,35203,128,36,0,0,10,255,255,0,1,1,1,0
3483,金匠傳奇8,累計完成135種金工理符任務。,0,184,135,0,0,0,0,0,0,0,0,35301,148,36,0,0,10,255,255,0,1,1,1,0
3484,革匠傳奇8,累計完成135種皮革理符任務。,0,185,135,0,0,0,0,0,0,0,0,35404,168,36,0,0,10,255,255,0,1,1,1,0
3485,衣匠傳奇8,累計完成135種裁縫理符任務。,0,186,135,0,0,0,0,0,0,0,0,35501,188,36,0,0,10,255,255,0,1,1,1,0
3486,鍊金傳奇8,累計完成135種鍊金理符任務。,0,187,135,0,0,0,0,0,0,0,0,35604,208,36,0,0,10,255,255,0,1,1,1,0
3487,廚師傳奇8,累計完成135種烹調理符任務。,0,188,135,0,0,0,0,0,0,0,0,35704,228,36,0,0,10,255,255,0,1,1,1,0
3488,草木傳奇8,累計完成125種園藝理符任務。,0,190,125,0,0,0,0,0,0,0,0,38103,268,36,0,0,10,255,255,0,1,1,1,0
3489,礦石傳奇8,累計完成125種採掘理符任務。,0,189,125,0,0,0,0,0,0,0,0,38003,248,36,0,0,10,255,255,0,1,1,1,0
3490,漁民傳奇8,累計完成115種釣魚理符任務。,0,191,115,0,0,0,0,0,0,0,0,38203,288,36,0,0,10,255,255,0,1,1,1,0
3491,為了圖拉爾的人民,完成任務「為了圖拉爾的人民」。,0,70415,0,0,0,0,0,0,0,0,729,26002,87,76,43,91,20,255,255,0,1,6,1,0
3492,烏克·拉瑪特眼中的和平,完成任務「烏克·拉瑪特眼中的和平」。,0,70432,0,0,0,0,0,0,0,0,730,26002,88,76,43,93,20,255,255,0,1,6,1,0
3493,前路皆光明,完成任務「前路皆光明」。,0,70447,0,0,0,0,0,0,0,0,731,26002,89,76,43,95,20,255,255,0,1,6,1,0
3494,調節靈魂之人,完成任務「調節靈魂之人」。,0,70467,0,0,0,0,0,0,0,0,732,26002,90,76,43,97,20,255,255,0,1,6,1,0
3495,奇蹟之子,完成任務「奇蹟之子」。,0,70481,0,0,0,0,0,0,0,0,733,26002,91,76,43,99,20,255,255,0,1,6,1,0
3496,黃金遺產,完成任務「黃金遺產」。,0,70495,0,0,0,0,0,0,0,0,734,26002,92,76,43,100,20,255,255,0,1,6,1,0
3497,行獵之毒蛇劍士,完成任務「圖拉爾威爪獵手」。,0,70389,0,0,0,0,0,0,0,0,735,26068,610,77,62,80,5,255,255,0,2,6,1,0
3498,創想之繪靈法師,完成任務「旅行畫家的幻想旅程」。,0,70395,0,0,0,0,0,0,0,0,736,26069,611,77,63,80,5,255,255,0,2,6,1,0
3499,奪回獨角鯨祭器,完成任務「不論酣睡還是無眠」。,0,70359,0,0,0,0,0,0,0,0,0,61264,812,77,0,0,5,255,255,0,2,6,1,0
3500,奪回蠍子祭器,完成任務「劇毒與康復的巔峰對決」。,0,70365,0,0,0,0,0,0,0,0,0,61251,813,77,0,0,5,255,255,0,2,6,1,0
3501,奪回鳳蝶祭器,完成任務「無可指摘的獵人」。,0,70371,0,0,0,0,0,0,0,0,0,61265,814,77,0,0,5,255,255,0,2,6,1,0
3502,奪回犰狳祭器,完成任務「打倒！沙爾托菲特盜賊團」。,0,70377,0,0,0,0,0,0,0,0,0,61262,815,77,0,0,5,255,255,0,2,6,1,0
3503,奪回貓頭鷹祭器,完成任務「祭器創造的假像」。,0,70383,0,0,0,0,0,0,0,0,0,61253,816,77,0,0,5,255,255,0,2,6,1,0
3504,五金店鑄就的情誼,完成任務「王室御用的五金店」。,0,70510,0,0,0,0,0,0,0,0,737,1988,912,77,57,100,5,255,255,0,2,6,1,0
3505,帕梅卡與記錄下的故事,完成任務「太陽照耀之地」。,0,70517,0,0,0,0,0,0,0,0,738,1987,913,77,58,100,5,255,255,0,2,6,1,0
3506,魔法果汁的調配員,完成任務「布涅瓦族的藍色夢想」。,0,70524,0,0,0,0,0,0,0,0,739,1955,914,77,59,100,5,255,255,0,2,6,1,0
3507,擁有治癒之力的奇珍異寶,完成任務「生生不息」。,0,70531,0,0,0,0,0,0,0,0,740,1006,915,77,60,100,5,255,255,0,2,6,1,0
3508,多努哈努的同好,完成任務「打造極致幻魚術的怪魚」。,0,70538,0,0,0,0,0,0,0,0,741,1116,916,77,61,100,5,255,255,0,2,6,1,0
3509,戰友的凝聚,親信戰友阿爾菲諾、阿莉塞、桑克瑞德、尤里安傑、雅·修朵拉、古·拉哈·提亞、艾斯蒂尼安和可露兒全都升到100級。,0,1120,1,0,0,0,0,0,0,0,742,3139,1001,12,0,0,20,255,255,0,1,1,1,2
3510,繼續前行的探索者,完成探索筆記中黃金之章的項目1-45。,0,1121,45,0,0,0,0,0,0,0,0,1019,69,39,0,0,10,255,255,0,1,1,1,0
3511,踏遍奧闊帕恰山,成功探索奧闊帕恰山的所有地區。,0,857,0,0,0,0,0,0,0,0,0,1001,0,79,0,0,10,255,255,0,1,8,1,0
3512,踏遍克扎瑪烏卡濕地,成功探索克扎瑪烏卡濕地的所有地區。,0,858,0,0,0,0,0,0,0,0,0,1001,0,79,0,0,10,255,255,0,1,8,1,0
3513,踏遍亞克特爾樹海,成功探索亞克特爾樹海的所有地區。,0,859,0,0,0,0,0,0,0,0,0,1001,0,79,0,0,10,255,255,0,1,8,1,0
3514,踏遍夏勞尼荒野,成功探索夏勞尼荒野的所有地區。,0,860,0,0,0,0,0,0,0,0,0,1001,0,80,0,0,10,255,255,0,1,8,1,0
3515,踏遍遺產之地,成功探索遺產之地的所有地區。,0,861,0,0,0,0,0,0,0,0,0,1001,0,80,0,0,10,255,255,0,1,8,1,3
3516,踏遍憶想之地,成功探索憶想之地的所有地區。,0,862,0,0,0,0,0,0,0,0,0,1001,0,74,0,0,10,255,255,0,1,8,1,3
3517,踏遍生息河岸,成功探索生息河岸的所有地區。,0,897,0,0,0,0,0,0,0,0,0,1001,101,49,0,0,10,255,255,0,1,8,1,0
3518,踏遍沃克佐莫山,成功探索沃克佐莫山的所有地區。,0,902,0,0,0,0,0,0,0,0,0,1001,102,49,0,0,10,255,255,0,1,8,1,0
3519,踏遍深空天坑,成功探索深空天坑的所有地區。,0,915,0,0,0,0,0,0,0,0,0,1001,103,49,0,0,10,255,255,0,1,8,1,0
3520,踏遍先鋒營,成功探索先鋒營的所有地區。,0,899,0,0,0,0,0,0,0,0,0,1001,104,49,0,0,10,255,255,0,1,8,1,0
3521,踏遍創生設施,成功探索創生設施的所有地區。,0,905,0,0,0,0,0,0,0,0,0,1001,105,49,0,0,10,255,255,0,1,8,1,0
3522,踏遍亞歷山德里亞,成功探索亞歷山德里亞的所有地區。,0,910,0,0,0,0,0,0,0,0,0,1001,106,49,0,0,10,255,255,0,1,8,1,1
3523,踏遍仙人掌谷,成功探索仙人掌谷的所有地區。,0,900,0,0,0,0,0,0,0,0,0,1001,107,49,0,0,10,255,255,0,1,8,1,1
3524,踏遍迷途鬼區,成功探索迷途鬼區的所有地區。,0,917,0,0,0,0,0,0,0,0,0,1001,108,49,0,0,10,255,255,0,1,8,1,1
3525,勇武的弒君者,在極 佐拉加殲滅戰中戰勝佐拉加。,0,20097,0,0,0,0,0,0,0,0,0,317,42,3,0,0,10,255,255,0,1,14,1,3
3526,天災的狩獵者,在極 艷翼蛇鳥殲滅戰中戰勝艷翼蛇鳥。,0,20094,0,0,0,0,0,0,0,0,0,317,41,3,0,0,10,255,255,0,1,14,1,2
3527,為人民服務的騎士6,"使用騎士挑戰「副本迷宮（61級以上）」「極殲滅戰（61級以上）」「幻殲滅戰」「隨機任務：練級迷宮」「隨機任務：拾級迷宮」共計900次。
※隨機任務一天只可以計算一個防護職業，且只能計算一次。",0,633,900,0,0,0,0,0,0,0,743,2505,106,1,20,50,20,255,255,0,1,1,1,0
3528,為人民服務的戰士6,"使用戰士挑戰「副本迷宮（61級以上）」「極殲滅戰（61級以上）」「幻殲滅戰」「隨機任務：練級迷宮」「隨機任務：拾級迷宮」共計900次。
※隨機任務一天只可以計算一個防護職業，且只能計算一次。",0,634,900,0,0,0,0,0,0,0,744,2551,126,1,22,50,20,255,255,0,1,1,1,0
3529,為人民服務的暗黑騎士6,"使用暗黑騎士挑戰「副本迷宮（61級以上）」「極殲滅戰（61級以上）」「幻殲滅戰」「隨機任務：練級迷宮」「隨機任務：拾級迷宮」共計900次。
※隨機任務一天只可以計算一個防護職業，且只能計算一次。",0,635,900,0,0,0,0,0,0,0,745,3071,146,1,32,50,20,255,255,0,1,1,1,0
3530,為人民服務的絕槍戰士6,"使用絕槍戰士挑戰「副本迷宮（61級以上）」「極殲滅戰（61級以上）」「幻殲滅戰」「隨機任務：練級迷宮」「隨機任務：拾級迷宮」共計900次。
※隨機任務一天只可以計算一個防護職業，且只能計算一次。",0,784,900,0,0,0,0,0,0,0,746,3406,166,1,37,50,20,255,255,0,1,1,1,0
3531,黃金A級精英殺手1,成功討伐在黃金遺產出現的100隻A級危險標的怪物。,0,1122,100,0,0,0,0,0,0,0,0,2680,133,5,0,0,10,255,255,0,1,1,1,0
3532,黃金遺產A級精英殺手2,成功討伐在黃金遺產出現的500隻A級危險標的怪物。,0,1122,500,0,0,0,0,0,0,0,0,2680,134,5,0,0,10,255,255,0,1,1,1,0
3533,黃金遺產A級精英殺手3,成功討伐在黃金遺產出現的2000隻A級危險標的怪物。,0,1122,2000,0,0,0,0,0,0,0,747,2680,135,5,43,91,10,255,255,0,1,1,1,0
3534,黃金遺產S級精英殺手1,成功討伐在黃金遺產出現的30隻S級或更高級危險標的怪物。,0,1123,30,0,0,0,0,0,0,0,0,2731,156,5,0,0,10,255,255,0,1,1,1,0
3535,黃金遺產S級精英殺手2,成功討伐在黃金遺產出現的300隻S級或更高級危險標的怪物。,0,1123,300,0,0,0,0,0,0,0,0,2731,157,5,0,0,10,255,255,0,1,1,1,0
3536,黃金遺產S級精英殺手3,成功討伐在黃金遺產出現的1000隻S級或更高級危險標的怪物。,0,1123,1000,0,0,0,0,0,0,0,748,2731,158,5,43,91,10,255,255,0,1,1,1,0
3537,黃金怪物獵人,達成「黃金遺產A級精英殺手3」和「黃金遺產S級精英殺手3」兩個成就。,43599,3533,3536,0,0,0,0,0,0,0,0,2685,159,5,43,91,10,255,188,1,2,2,1,0
3538,聚魔之光·雙牙,獲得角尊雙牙。,0,1124,1,0,0,0,0,0,0,0,0,37430,2000,65,0,0,10,255,255,0,1,1,1,0
3539,聚魔之光·扇形筆,獲得角尊扇形筆。,0,1125,1,0,0,0,0,0,0,0,0,37639,2100,65,0,0,10,255,255,0,1,1,1,0
3540,展翅迎風：奧闊帕恰山,在奧闊帕恰山開放飛行坐騎。,0,26,0,0,0,0,0,0,0,0,0,21901,129,12,0,0,5,255,255,0,1,20,1,0
3541,展翅迎風：克扎瑪烏卡濕地,在克扎瑪烏卡濕地開放飛行坐騎。,0,27,0,0,0,0,0,0,0,0,0,21901,130,12,0,0,5,255,255,0,1,20,1,0
3542,展翅迎風：亞克特爾樹海,在亞克特爾樹海開放飛行坐騎。,0,28,0,0,0,0,0,0,0,0,0,21901,131,12,0,0,5,255,255,0,1,20,1,0
3543,展翅迎風：夏勞尼荒野,在夏勞尼荒野開放飛行坐騎。,0,29,0,0,0,0,0,0,0,0,0,21901,132,12,0,0,5,255,255,0,1,20,1,0
3544,展翅迎風：遺產之地,在遺產之地開放飛行坐騎。,0,30,0,0,0,0,0,0,0,0,0,21901,133,12,0,0,5,255,255,0,1,20,1,3
3545,展翅迎風：憶想之地,在憶想之地開放飛行坐騎。,0,31,0,0,0,0,0,0,0,0,0,21901,134,12,0,0,5,255,255,0,1,20,1,3
3546,展翅迎風，迎向黃金,在奧闊帕恰山、克扎瑪烏卡濕地、亞克特爾樹海、夏勞尼荒野、遺產之地和憶想之地均開放飛行坐騎。,0,3540,3541,3542,3543,3544,3545,0,0,0,0,21901,135,12,0,0,10,255,255,0,1,2,1,2
3547,寶藏獵人15,累計20次成功解讀陳舊地圖G16並開啟寶箱。,0,1126,20,0,0,0,0,0,0,0,0,115,16,6,0,0,20,255,255,0,1,1,1,0
3548,寶藏獵人16,累計20次成功解讀陳舊地圖G17並開啟寶箱。,0,1127,20,0,0,0,0,0,0,0,0,115,17,6,0,0,20,255,255,0,1,1,1,0
3549,深入天坑1,初次入侵加加財富天坑。,0,1128,1,0,0,0,0,0,0,0,749,116,96,6,43,100,5,255,255,0,1,1,1,0
3550,深入天坑2,累計入侵加加財富天坑5次。,0,1128,5,0,0,0,0,0,0,0,0,116,97,6,0,0,10,255,255,0,1,1,1,0
3551,深入天坑3,累計入侵加加財富天坑10次。,0,1128,10,0,0,0,0,0,0,0,0,116,98,6,0,0,10,255,255,0,1,1,1,0
3552,深入天坑4,累計入侵加加財富天坑20次。,0,1128,20,0,0,0,0,0,0,0,750,116,99,6,43,100,20,255,255,0,1,1,1,0
3553,稱霸財富天坑1,初次稱霸加加財富天坑。,0,1129,1,0,0,0,0,0,0,0,0,116,100,6,0,0,5,255,255,0,1,1,1,0
3554,稱霸財富天坑2,累計稱霸加加財富天坑5次。,0,1129,5,0,0,0,0,0,0,0,0,116,101,6,0,0,10,255,255,0,1,1,1,0
3555,稱霸財富天坑3,累計稱霸加加財富天坑10次。,0,1129,10,0,0,0,0,0,0,0,0,116,102,6,0,0,10,255,255,0,1,1,1,0
3556,稱霸財富天坑4,累計稱霸加加財富天坑20次。,0,1129,20,0,0,0,0,0,0,0,751,116,103,6,43,100,20,255,255,0,1,1,1,0
3557,九宮卡手13,獲得423種九宮幻卡。,43876,352,423,0,0,0,0,0,0,0,0,27661,48,18,47,15,10,255,189,4,1,1,1,0
3558,街頭決鬥者9,與123位NPC角色進行九宮幻卡對局並取得勝利。,43875,353,123,0,0,0,0,0,0,0,0,3564,56,18,47,15,10,255,190,4,1,1,1,0
3559,廣域交易商的夥伴：奧闊帕恰山,在奧闊帕恰山的F.A.T.E.事件完成度達到4級。,0,1130,66,0,0,0,0,0,0,0,0,2645,40,1,0,0,10,255,255,0,0,1,1,0
3560,廣域交易商的夥伴：克扎瑪烏卡濕地,在克扎瑪烏卡濕地的F.A.T.E.事件完成度達到4級。,0,1131,66,0,0,0,0,0,0,0,0,2645,40,1,0,0,10,255,255,0,0,1,1,0
3561,廣域交易商的夥伴：亞克特爾樹海,在亞克特爾樹海的F.A.T.E.事件完成度達到4級。,0,1132,66,0,0,0,0,0,0,0,0,2645,40,1,0,0,10,255,255,0,0,1,1,0
3562,廣域交易商的夥伴：夏勞尼荒野,在夏勞尼荒野的F.A.T.E.事件完成度達到4級。,0,1133,66,0,0,0,0,0,0,0,0,2645,40,1,0,0,10,255,255,0,0,1,1,0
3563,廣域交易商的夥伴：遺產之地,在遺產之地的F.A.T.E.事件完成度達到4級。,0,1134,66,0,0,0,0,0,0,0,0,2645,40,1,0,0,10,255,255,0,0,1,1,3
3564,廣域交易商的夥伴：憶想之地,在憶想之地的F.A.T.E.事件完成度達到4級。,0,1135,66,0,0,0,0,0,0,0,0,2645,40,1,0,0,10,255,255,0,0,1,1,3
3565,廣域交易商的可靠擔保人,完成「廣域交易商的夥伴：奧闊帕恰山」、「廣域交易商的夥伴：克扎瑪烏卡濕地」、「廣域交易商的夥伴：亞克特爾樹海」、「廣域交易商的夥伴：夏勞尼荒野」、「廣域交易商的夥伴：遺產之地」和「廣域交易商的夥伴：憶想之地」6個成就。,0,3559,3560,3561,3562,3563,3564,0,0,0,752,2645,40,1,0,0,20,255,255,0,1,2,1,2
3566,蛇王駕崩,以最高評價完成F.A.T.E.事件「蛇王德庫洛涅：荒野的死鬥」。,0,1136,1,0,0,0,0,0,0,0,0,2629,39,1,0,0,10,255,255,0,1,1,1,0
3567,魔法在眼前綻放,以最高評價完成F.A.T.E.事件「畝鼠米卡：盛裝巡遊皆大歡喜」。,0,1137,1,0,0,0,0,0,0,0,0,2629,39,1,0,0,10,255,255,0,1,1,1,0
3568,驅散炎熱的大團扇,完成任務「紅蓮祭與驅魔大團扇」。,0,70719,0,0,0,0,0,0,0,0,0,64452,138,38,0,0,10,255,255,0,1,6,1,0
3569,揚帆起航的十一周年,完成任務「新生祭與邁向明日的煙火」。,0,70552,0,0,0,0,0,0,0,0,0,26107,139,38,0,0,10,255,255,0,1,6,1,0
3570,充滿謝意的守護天節,完成任務「守護天節與被感謝的魔物」。,0,70721,0,0,0,0,0,0,0,0,0,56726,140,38,0,0,10,255,255,0,1,6,1,0
3571,美白色土龍大人,完成任務「巳蛇百問降神節」。,0,70722,0,0,0,0,0,0,0,0,0,59892,142,38,0,0,10,255,255,0,1,6,1,0
3572,稱霸登天鬥技場輕量級1,成功挑戰阿卡狄亞登天鬥技場輕量級，完成任務「新時代魔女」。,0,70501,0,0,0,0,0,0,0,0,0,2981,0,4,0,0,5,255,255,0,1,6,1,0
3573,稱霸登天鬥技場輕量級2,累計成功挑戰阿卡狄亞登天鬥技場輕量級5次。,0,1138,5,0,0,0,0,0,0,0,0,2981,0,4,0,0,10,255,255,0,1,1,1,0
3574,稱霸登天鬥技場輕量級3,累計成功挑戰阿卡狄亞登天鬥技場輕量級10次。,0,1138,10,0,0,0,0,0,0,0,0,2981,0,4,0,0,20,255,255,0,1,1,1,0
3575,完全稱霸登天鬥技場輕量級1,成功挑戰阿卡狄亞零式登天鬥技場輕量級。,0,1139,1,0,0,0,0,0,0,0,0,2981,0,4,0,0,5,255,255,0,1,1,1,0
3576,完全稱霸登天鬥技場輕量級2,累計成功挑戰阿卡狄亞零式登天鬥技場輕量級5次。,0,1139,5,0,0,0,0,0,0,0,0,2981,0,4,0,0,10,255,255,0,1,1,1,0
3577,完全稱霸登天鬥技場輕量級3,累計成功挑戰阿卡狄亞零式登天鬥技場輕量級10次。,0,1139,10,0,0,0,0,0,0,0,0,2981,0,4,0,0,20,255,255,0,1,1,1,0
3578,衝突的王者第11賽季,在水晶衝突的第11賽季中取得排名第1名的成績。,0,1140,1,0,0,0,0,0,0,0,753,210,0,8,43,30,20,255,255,0,1,1,1,0
3579,衝突的勇者第11賽季,在水晶衝突的第11賽季中取得排名前30名的成績。,0,1141,1,0,0,0,0,0,0,0,754,210,0,8,43,30,20,255,255,0,1,1,1,0
3580,衝突的獲獎者第11賽季,在水晶衝突的第11賽季中取得排名前100名的成績。,0,1142,1,0,0,0,0,0,0,0,755,210,0,8,43,30,20,255,255,0,1,1,1,0
3581,旋律的沉醉者7,在管弦樂琴樂譜集中加入累計500首樂曲。,0,464,500,0,0,0,0,0,0,0,0,25945,32,19,47,1,10,255,255,0,1,1,1,0
3582,衝突的王者第12賽季,在水晶衝突的第12賽季中取得排名第1名的成績。,0,1146,1,0,0,0,0,0,0,0,756,210,0,8,43,30,20,255,255,0,1,1,1,0
3583,衝突的勇者第12賽季,在水晶衝突的第12賽季中取得排名前列的成績。,0,1147,1,0,0,0,0,0,0,0,757,210,0,8,43,30,20,255,255,0,1,1,1,0
3584,衝突的獲獎者第12賽季,在水晶衝突的第12賽季中取得排名。,0,1148,1,0,0,0,0,0,0,0,758,210,0,8,43,30,20,255,255,0,1,1,1,0
3585,衝突的王者第13賽季,在水晶衝突的第13賽季中取得排名第1名的成績。,0,1149,1,0,0,0,0,0,0,0,759,210,0,8,43,30,20,255,255,0,1,1,1,0
3586,衝突的勇者第13賽季,在水晶衝突的第13賽季中取得排名前列的成績。,0,1150,1,0,0,0,0,0,0,0,760,210,0,8,43,30,20,255,255,0,1,1,1,0
3587,衝突的獲獎者第13賽季,在水晶衝突的第13賽季中取得排名。,0,1151,1,0,0,0,0,0,0,0,761,210,0,8,43,30,20,255,255,0,1,1,1,0
3588,圖拉爾旅行公司1,與佩魯佩魯族的「圖拉爾旅行公司」之間的關係程度到達3級「友好」。,0,18,3,0,0,0,0,0,0,0,0,62978,0,37,0,0,5,255,255,0,1,15,1,0
3589,圖拉爾旅行公司2,與佩魯佩魯族的「圖拉爾旅行公司」之間的關係程度到達4級「信賴」。,0,18,4,0,0,0,0,0,0,0,0,62978,0,37,0,0,5,255,255,0,1,15,1,0
3590,圖拉爾旅行公司3,與佩魯佩魯族的「圖拉爾旅行公司」之間的關係程度到達6級「名譽」。,0,18,6,0,0,0,0,0,0,0,0,62978,0,37,0,0,10,255,255,0,1,15,1,0
3591,圖拉爾旅行公司特別顧問,與佩魯佩魯族的「圖拉爾旅行公司」之間的關係程度到達7級「誓約」。,0,18,7,0,0,0,0,0,0,0,762,62978,0,37,44,90,20,255,255,0,1,15,1,0
3592,尼托維凱的信任1,尼托維凱的信賴等級達到1級。,0,1143,1,0,0,0,0,0,0,0,0,25507,231,12,0,0,5,255,255,0,1,1,1,0
3593,尼托維凱的信任2,尼托維凱的信賴等級達到2級。,0,1143,2,0,0,0,0,0,0,0,0,25507,232,12,0,0,5,255,255,0,1,1,1,0
3594,尼托維凱的信任3,尼托維凱的信賴等級達到3級。,0,1143,3,0,0,0,0,0,0,0,0,25507,233,12,0,0,5,255,255,0,1,1,1,0
3595,尼托維凱的信任4,尼托維凱的信賴等級達到4級。,0,1143,4,0,0,0,0,0,0,0,0,25507,234,12,0,0,5,255,255,0,1,1,1,0
3596,尼托維凱的信任5,尼托維凱的信賴等級達到5級。,0,1143,5,0,0,0,0,0,0,0,763,25507,235,12,46,90,10,255,255,0,1,1,1,0
3597,尼托維凱的老主顧1,在尼托維凱處累計交納收藏品36次。,0,1144,36,0,0,0,0,0,0,0,0,26551,91,22,0,0,5,255,255,0,1,1,1,0
3598,尼托維凱的老主顧2,在尼托維凱處累計交納收藏品48次。,0,1144,48,0,0,0,0,0,0,0,0,26551,92,22,0,0,5,255,255,0,1,1,1,0
3599,尼托維凱的老主顧3,在尼托維凱處累計交納收藏品60次。,0,1144,60,0,0,0,0,0,0,0,0,26551,93,22,0,0,5,255,255,0,1,1,1,0
3600,尼托維凱的老主顧4,在尼托維凱處累計交納收藏品90次。,0,1144,90,0,0,0,0,0,0,0,0,26551,94,22,0,0,5,255,255,0,1,1,1,0
3601,尼托維凱的老主顧5,在尼托維凱處累計交納收藏品120次。,0,1144,120,0,0,0,0,0,0,0,0,26551,95,22,0,0,5,255,255,0,1,1,1,0
3602,尼托維凱的老主顧6,在尼托維凱處累計交納收藏品150次。,0,1144,150,0,0,0,0,0,0,0,764,26551,96,22,46,90,10,255,255,0,1,1,1,0
3603,踏遍玉韋亞瓦塔實驗站,成功探索玉韋亞瓦塔實驗站（廢棄據點）的所有地區。,0,943,0,0,0,0,0,0,0,0,0,1001,109,49,0,0,10,255,255,0,1,8,1,0
3604,踏遍朱諾：第一巡行,成功探索朱諾：第一巡行的所有地區。,0,946,0,0,0,0,0,0,0,0,0,1001,1510,49,0,0,10,255,255,0,1,8,1,0
3605,永恆的弒君者,在極 永恆女王殲滅戰中戰勝永恆女王。,0,20099,0,0,0,0,0,0,0,0,0,317,42,3,0,0,10,255,255,0,1,14,1,0
3606,稱霸朱諾：第一巡行,成功挑戰朱諾：第一巡行。,0,30144,0,0,0,0,0,0,0,0,0,64875,0,4,0,0,5,255,255,0,1,14,1,0
3607,與未知的邂逅,完成任務「與未知的邂逅」。,0,70786,0,0,0,0,0,0,0,0,765,26002,93,76,43,100,20,255,255,0,1,6,1,0
3608,關上自由之門,完成任務「決戰！佐戈永結橋」。,0,70727,0,0,0,0,0,0,0,0,766,2698,817,77,43,100,10,255,255,0,1,6,1,0
3609,把你的心我的心串一串,完成任務「珠串萬貨街大感謝祭」。,0,70503,0,0,0,0,0,0,0,0,767,1901,917,77,46,100,10,255,255,0,2,6,1,0
3610,黃金太公1,在黃金遺產區域釣上8種釣場之王。,0,1145,8,0,0,0,0,0,0,0,0,1102,110,34,0,0,10,255,255,0,1,1,1,0
3611,溫暖人心的市場,完成任務「星光閃耀的小聖人」。,0,70764,0,0,0,0,0,0,0,0,0,58804,141,38,0,0,10,255,255,0,1,6,1,0
3612,為你鐘情,完成任務「戀人節與愛之薔薇」。,0,70787,0,0,0,0,0,0,0,0,0,64457,143,38,0,0,10,255,255,0,1,6,1,0
3613,願為你的笑容效勞,完成任務「公主節與管家王子的招待」。,0,70774,0,0,0,0,0,0,0,0,0,57182,144,38,0,0,10,255,255,0,1,6,1,0
3614,點綴雨天的彩蛋之傘,完成任務「尋蛋趣與聚在一起的傘」。,0,70779,0,0,0,0,0,0,0,0,0,58042,145,38,0,0,10,255,255,0,1,6,1,0
3615,活力滿滿的駿馬巡遊,完成任務「駿馬巡遊降神祭」。,0,70766,0,0,0,0,0,0,0,0,0,59929,180,38,0,0,10,255,255,0,1,6,1,0
3616,祓暗的誅雲者,在滅 黑暗之雲激鬥戰中戰勝黑暗之雲。,0,20098,0,0,0,0,0,0,0,0,0,64893,0,4,0,0,5,255,255,0,1,14,1,0
3617,見證絕 光暗未來殲滅戰之人,在絕光暗未來殲滅戰中收束光之巫女與暗之巫女的命運。,0,30143,0,0,0,0,0,0,0,0,768,317,0,4,43,100,10,255,255,0,1,14,1,0
3618,,,0,0,0,0,0,0,0,0,0,0,0,0,0,0,0,0,0,0,0,0,0,0,0,0
3619,,,0,0,0,0,0,0,0,0,0,0,0,0,0,0,0,0,0,0,0,0,0,0,0,0
3620,,,0,0,0,0,0,0,0,0,0,0,0,0,0,0,0,0,0,0,0,0,0,0,0,0
3621,,,0,0,0,0,0,0,0,0,0,0,0,0,0,0,0,0,0,0,0,0,0,0,0,0
3622,,,0,0,0,0,0,0,0,0,0,0,0,0,0,0,0,0,0,0,0,0,0,0,0,0
3623,,,0,0,0,0,0,0,0,0,0,0,0,0,0,0,0,0,0,0,0,0,0,0,0,0
3624,,,0,0,0,0,0,0,0,0,0,0,0,0,0,0,0,0,0,0,0,0,0,0,0,0
3625,,,0,0,0,0,0,0,0,0,0,0,0,0,0,0,0,0,0,0,0,0,0,0,0,0
3626,,,0,0,0,0,0,0,0,0,0,0,0,0,0,0,0,0,0,0,0,0,0,0,0,0
3627,,,0,0,0,0,0,0,0,0,0,0,0,0,0,0,0,0,0,0,0,0,0,0,0,0
3628,,,0,0,0,0,0,0,0,0,0,0,0,0,0,0,0,0,0,0,0,0,0,0,0,0
3629,,,0,0,0,0,0,0,0,0,0,0,0,0,0,0,0,0,0,0,0,0,0,0,0,0
3630,,,0,0,0,0,0,0,0,0,0,0,0,0,0,0,0,0,0,0,0,0,0,0,0,0
3631,,,0,0,0,0,0,0,0,0,0,0,0,0,0,0,0,0,0,0,0,0,0,0,0,0
3632,,,0,0,0,0,0,0,0,0,0,0,0,0,0,0,0,0,0,0,0,0,0,0,0,0
3633,,,0,0,0,0,0,0,0,0,0,0,0,0,0,0,0,0,0,0,0,0,0,0,0,0
3634,,,0,0,0,0,0,0,0,0,0,0,0,0,0,0,0,0,0,0,0,0,0,0,0,0
3635,,,0,0,0,0,0,0,0,0,0,0,0,0,0,0,0,0,0,0,0,0,0,0,0,0
3636,,,0,0,0,0,0,0,0,0,0,0,0,0,0,0,0,0,0,0,0,0,0,0,0,0
3637,,,0,0,0,0,0,0,0,0,0,0,0,0,0,0,0,0,0,0,0,0,0,0,0,0
3638,,,0,0,0,0,0,0,0,0,0,0,0,0,0,0,0,0,0,0,0,0,0,0,0,0
3639,,,0,0,0,0,0,0,0,0,0,0,0,0,0,0,0,0,0,0,0,0,0,0,0,0
3640,,,0,0,0,0,0,0,0,0,0,0,0,0,0,0,0,0,0,0,0,0,0,0,0,0
3641,,,0,0,0,0,0,0,0,0,0,0,0,0,0,0,0,0,0,0,0,0,0,0,0,0
3642,,,0,0,0,0,0,0,0,0,0,0,0,0,0,0,0,0,0,0,0,0,0,0,0,0
3643,,,0,0,0,0,0,0,0,0,0,0,0,0,0,0,0,0,0,0,0,0,0,0,0,0
3644,,,0,0,0,0,0,0,0,0,0,0,0,0,0,0,0,0,0,0,0,0,0,0,0,0
3645,,,0,0,0,0,0,0,0,0,0,0,0,0,0,0,0,0,0,0,0,0,0,0,0,0
3646,,,0,0,0,0,0,0,0,0,0,0,0,0,0,0,0,0,0,0,0,0,0,0,0,0
3647,,,0,0,0,0,0,0,0,0,0,0,0,0,0,0,0,0,0,0,0,0,0,0,0,0
3648,,,0,0,0,0,0,0,0,0,0,0,0,0,0,0,0,0,0,0,0,0,0,0,0,0
3649,,,0,0,0,0,0,0,0,0,0,0,0,0,0,0,0,0,0,0,0,0,0,0,0,0
3650,,,0,0,0,0,0,0,0,0,0,0,0,0,0,0,0,0,0,0,0,0,0,0,0,0
3651,,,0,0,0,0,0,0,0,0,0,0,0,0,0,0,0,0,0,0,0,0,0,0,0,0
3652,,,0,0,0,0,0,0,0,0,0,0,0,0,0,0,0,0,0,0,0,0,0,0,0,0
3653,,,0,0,0,0,0,0,0,0,0,0,0,0,0,0,0,0,0,0,0,0,0,0,0,0
3654,,,0,0,0,0,0,0,0,0,0,0,0,0,0,0,0,0,0,0,0,0,0,0,0,0
3655,,,0,0,0,0,0,0,0,0,0,0,0,0,0,0,0,0,0,0,0,0,0,0,0,0
3656,,,0,0,0,0,0,0,0,0,0,0,0,0,0,0,0,0,0,0,0,0,0,0,0,0
3657,,,0,0,0,0,0,0,0,0,0,0,0,0,0,0,0,0,0,0,0,0,0,0,0,0
3658,,,0,0,0,0,0,0,0,0,0,0,0,0,0,0,0,0,0,0,0,0,0,0,0,0
3659,,,0,0,0,0,0,0,0,0,0,0,0,0,0,0,0,0,0,0,0,0,0,0,0,0
3660,,,0,0,0,0,0,0,0,0,0,0,0,0,0,0,0,0,0,0,0,0,0,0,0,0
3661,,,0,0,0,0,0,0,0,0,0,0,0,0,0,0,0,0,0,0,0,0,0,0,0,0
3662,,,0,0,0,0,0,0,0,0,0,0,0,0,0,0,0,0,0,0,0,0,0,0,0,0
3663,,,0,0,0,0,0,0,0,0,0,0,0,0,0,0,0,0,0,0,0,0,0,0,0,0
3664,,,0,0,0,0,0,0,0,0,0,0,0,0,0,0,0,0,0,0,0,0,0,0,0,0
3665,,,0,0,0,0,0,0,0,0,0,0,0,0,0,0,0,0,0,0,0,0,0,0,0,0
3666,,,0,0,0,0,0,0,0,0,0,0,0,0,0,0,0,0,0,0,0,0,0,0,0,0
3667,,,0,0,0,0,0,0,0,0,0,0,0,0,0,0,0,0,0,0,0,0,0,0,0,0
3668,,,0,0,0,0,0,0,0,0,0,0,0,0,0,0,0,0,0,0,0,0,0,0,0,0
3669,,,0,0,0,0,0,0,0,0,0,0,0,0,0,0,0,0,0,0,0,0,0,0,0,0
3670,,,0,0,0,0,0,0,0,0,0,0,0,0,0,0,0,0,0,0,0,0,0,0,0,0
3671,,,0,0,0,0,0,0,0,0,0,0,0,0,0,0,0,0,0,0,0,0,0,0,0,0
3672,,,0,0,0,0,0,0,0,0,0,0,0,0,0,0,0,0,0,0,0,0,0,0,0,0
3673,,,0,0,0,0,0,0,0,0,0,0,0,0,0,0,0,0,0,0,0,0,0,0,0,0
3674,,,0,0,0,0,0,0,0,0,0,0,0,0,0,0,0,0,0,0,0,0,0,0,0,0
3675,,,0,0,0,0,0,0,0,0,0,0,0,0,0,0,0,0,0,0,0,0,0,0,0,0
3676,,,0,0,0,0,0,0,0,0,0,0,0,0,0,0,0,0,0,0,0,0,0,0,0,0
3677,,,0,0,0,0,0,0,0,0,0,0,0,0,0,0,0,0,0,0,0,0,0,0,0,0
3678,,,0,0,0,0,0,0,0,0,0,0,0,0,0,0,0,0,0,0,0,0,0,0,0,0
3679,,,0,0,0,0,0,0,0,0,0,0,0,0,0,0,0,0,0,0,0,0,0,0,0,0
3680,,,0,0,0,0,0,0,0,0,0,0,0,0,0,0,0,0,0,0,0,0,0,0,0,0
3681,,,0,0,0,0,0,0,0,0,0,0,0,0,0,0,0,0,0,0,0,0,0,0,0,0
3682,,,0,0,0,0,0,0,0,0,0,0,0,0,0,0,0,0,0,0,0,0,0,0,0,0
3683,,,0,0,0,0,0,0,0,0,0,0,0,0,0,0,0,0,0,0,0,0,0,0,0,0
3684,,,0,0,0,0,0,0,0,0,0,0,0,0,0,0,0,0,0,0,0,0,0,0,0,0
3685,,,0,0,0,0,0,0,0,0,0,0,0,0,0,0,0,0,0,0,0,0,0,0,0,0
3686,,,0,0,0,0,0,0,0,0,0,0,0,0,0,0,0,0,0,0,0,0,0,0,0,0
3687,,,0,0,0,0,0,0,0,0,0,0,0,0,0,0,0,0,0,0,0,0,0,0,0,0
3688,,,0,0,0,0,0,0,0,0,0,0,0,0,0,0,0,0,0,0,0,0,0,0,0,0
3689,,,0,0,0,0,0,0,0,0,0,0,0,0,0,0,0,0,0,0,0,0,0,0,0,0
3690,,,0,0,0,0,0,0,0,0,0,0,0,0,0,0,0,0,0,0,0,0,0,0,0,0
3691,,,0,0,0,0,0,0,0,0,0,0,0,0,0,0,0,0,0,0,0,0,0,0,0,0
3692,,,0,0,0,0,0,0,0,0,0,0,0,0,0,0,0,0,0,0,0,0,0,0,0,0
3693,,,0,0,0,0,0,0,0,0,0,0,0,0,0,0,0,0,0,0,0,0,0,0,0,0
3694,,,0,0,0,0,0,0,0,0,0,0,0,0,0,0,0,0,0,0,0,0,0,0,0,0
3695,,,0,0,0,0,0,0,0,0,0,0,0,0,0,0,0,0,0,0,0,0,0,0,0,0
3696,,,0,0,0,0,0,0,0,0,0,0,0,0,0,0,0,0,0,0,0,0,0,0,0,0
3697,,,0,0,0,0,0,0,0,0,0,0,0,0,0,0,0,0,0,0,0,0,0,0,0,0
3698,,,0,0,0,0,0,0,0,0,0,0,0,0,0,0,0,0,0,0,0,0,0,0,0,0
3699,,,0,0,0,0,0,0,0,0,0,0,0,0,0,0,0,0,0,0,0,0,0,0,0,0
3700,,,0,0,0,0,0,0,0,0,0,0,0,0,0,0,0,0,0,0,0,0,0,0,0,0
3701,,,0,0,0,0,0,0,0,0,0,0,0,0,0,0,0,0,0,0,0,0,0,0,0,0
3702,,,0,0,0,0,0,0,0,0,0,0,0,0,0,0,0,0,0,0,0,0,0,0,0,0
3703,,,0,0,0,0,0,0,0,0,0,0,0,0,0,0,0,0,0,0,0,0,0,0,0,0
3704,,,0,0,0,0,0,0,0,0,0,0,0,0,0,0,0,0,0,0,0,0,0,0,0,0
3705,,,0,0,0,0,0,0,0,0,0,0,0,0,0,0,0,0,0,0,0,0,0,0,0,0
3706,,,0,0,0,0,0,0,0,0,0,0,0,0,0,0,0,0,0,0,0,0,0,0,0,0
3707,,,0,0,0,0,0,0,0,0,0,0,0,0,0,0,0,0,0,0,0,0,0,0,0,0
3708,,,0,0,0,0,0,0,0,0,0,0,0,0,0,0,0,0,0,0,0,0,0,0,0,0
3709,,,0,0,0,0,0,0,0,0,0,0,0,0,0,0,0,0,0,0,0,0,0,0,0,0
3710,,,0,0,0,0,0,0,0,0,0,0,0,0,0,0,0,0,0,0,0,0,0,0,0,0
3711,,,0,0,0,0,0,0,0,0,0,0,0,0,0,0,0,0,0,0,0,0,0,0,0,0
3712,,,0,0,0,0,0,0,0,0,0,0,0,0,0,0,0,0,0,0,0,0,0,0,0,0
3713,,,0,0,0,0,0,0,0,0,0,0,0,0,0,0,0,0,0,0,0,0,0,0,0,0
3714,,,0,0,0,0,0,0,0,0,0,0,0,0,0,0,0,0,0,0,0,0,0,0,0,0
3715,,,0,0,0,0,0,0,0,0,0,0,0,0,0,0,0,0,0,0,0,0,0,0,0,0
3716,,,0,0,0,0,0,0,0,0,0,0,0,0,0,0,0,0,0,0,0,0,0,0,0,0
3717,,,0,0,0,0,0,0,0,0,0,0,0,0,0,0,0,0,0,0,0,0,0,0,0,0
3718,,,0,0,0,0,0,0,0,0,0,0,0,0,0,0,0,0,0,0,0,0,0,0,0,0
3719,,,0,0,0,0,0,0,0,0,0,0,0,0,0,0,0,0,0,0,0,0,0,0,0,0
3720,,,0,0,0,0,0,0,0,0,0,0,0,0,0,0,0,0,0,0,0,0,0,0,0,0
3721,,,0,0,0,0,0,0,0,0,0,0,0,0,0,0,0,0,0,0,0,0,0,0,0,0
3722,,,0,0,0,0,0,0,0,0,0,0,0,0,0,0,0,0,0,0,0,0,0,0,0,0
3723,,,0,0,0,0,0,0,0,0,0,0,0,0,0,0,0,0,0,0,0,0,0,0,0,0
3724,,,0,0,0,0,0,0,0,0,0,0,0,0,0,0,0,0,0,0,0,0,0,0,0,0
3725,,,0,0,0,0,0,0,0,0,0,0,0,0,0,0,0,0,0,0,0,0,0,0,0,0
3726,,,0,0,0,0,0,0,0,0,0,0,0,0,0,0,0,0,0,0,0,0,0,0,0,0
3727,,,0,0,0,0,0,0,0,0,0,0,0,0,0,0,0,0,0,0,0,0,0,0,0,0
3728,,,0,0,0,0,0,0,0,0,0,0,0,0,0,0,0,0,0,0,0,0,0,0,0,0
3729,,,0,0,0,0,0,0,0,0,0,0,0,0,0,0,0,0,0,0,0,0,0,0,0,0
3730,,,0,0,0,0,0,0,0,0,0,0,0,0,0,0,0,0,0,0,0,0,0,0,0,0
3731,,,0,0,0,0,0,0,0,0,0,0,0,0,0,0,0,0,0,0,0,0,0,0,0,0
3732,,,0,0,0,0,0,0,0,0,0,0,0,0,0,0,0,0,0,0,0,0,0,0,0,0
3733,,,0,0,0,0,0,0,0,0,0,0,0,0,0,0,0,0,0,0,0,0,0,0,0,0
3734,,,0,0,0,0,0,0,0,0,0,0,0,0,0,0,0,0,0,0,0,0,0,0,0,0
3735,,,0,0,0,0,0,0,0,0,0,0,0,0,0,0,0,0,0,0,0,0,0,0,0,0
3736,,,0,0,0,0,0,0,0,0,0,0,0,0,0,0,0,0,0,0,0,0,0,0,0,0
3737,,,0,0,0,0,0,0,0,0,0,0,0,0,0,0,0,0,0,0,0,0,0,0,0,0
3738,,,0,0,0,0,0,0,0,0,0,0,0,0,0,0,0,0,0,0,0,0,0,0,0,0
3739,,,0,0,0,0,0,0,0,0,0,0,0,0,0,0,0,0,0,0,0,0,0,0,0,0
3740,,,0,0,0,0,0,0,0,0,0,0,0,0,0,0,0,0,0,0,0,0,0,0,0,0
3741,,,0,0,0,0,0,0,0,0,0,0,0,0,0,0,0,0,0,0,0,0,0,0,0,0
3742,,,0,0,0,0,0,0,0,0,0,0,0,0,0,0,0,0,0,0,0,0,0,0,0,0
3743,,,0,0,0,0,0,0,0,0,0,0,0,0,0,0,0,0,0,0,0,0,0,0,0,0
