#,Dialogue,Slowly
0,,False
1,,False
2,歡迎！歡迎！,False
3,我家的東西很便宜哦！,True
4,呼……,True
5,帝國有什麼動靜嗎？,False
6,"我們派出去的人
應該馬上就回來報告了。",False
7,多麼風光明媚的田園城邦啊！,False
8,真是座人情冷漠的城市啊。,False
9,好吧，怎麼了？,False
10,這樣也不壞。,False
11,籲……,False
12,咕哎！咕哎！,False
13,"我明白了，
我會報告給上面的。",False
14,拜託你了。,False
15,好像是鳥人族幹的。,False
16,我來給您當導覽員吧。,False
17,"我需要在天黑前
趕回利姆薩！",False
18,那傢伙真夠慢的……,False
19,……,False
20,……,False
21,……呼……,False
22,哼，外來者能幹得了什麼！,False
23,很好，沒看到鳥人族的影子！,False
24,這毛色真不錯……,False
25,"沿著這條街一直走
就是商店街了。",False
26,……,False
27,喵……喵？,False
28,"借用聖靈的力量
會發生什麼呢？",False
29,森林就由我們來保護！,False
30,"水車轉轉轉～
骨碌碌地轉～",False
31,休息時自然要放鬆精神……,False
32,咕哎……,False
33,嗯？怎麼了？,False
34,一、二、三……,False
35,您的話深刻地感染了我……,False
36,呼……,False
37,滿手都是基沙爾野菜的味道。,False
38,"以前整個森林裡
到處都是那種堅果。",False
39,"抱歉，女士。
胡桃已經賣完了。",False
40,嘿咻！,False
41,"採蘑菇的小姑娘～
背著一個大籮筐～",False
42,啊！木屑進到鼻子裡了……,False
43,左敲敲，右敲敲……,False
44,又是大人……,False
45,啦啦啦～,False
46,"告訴你我能行！
好好看著！",False
47,啊……,False
48,要相信聖靈的引導。,False
49,"但是我都感受不到他們……
要怎麼相信啊……",False
50,啦啦啦,False
51,嗯……,False
52,願大地女神保佑這些蜜蜂。,False
53,再多一點……,False
54,森林現在非常危險！,False
55,但是……,False
56,"瞧一瞧看一看啊！
我這都是好東西！",False
57,謝謝惠顧！,False
58,看來我們有必要重新開始……,False
59,是啊……,False
60,歡迎來到這裡，旅行者。,False
61,咕……,False
62,"對不起！
我再也不敢了……",False
63,最好沒有下次了。,False
64,你們這些黑影之民真是……,False
65,安靜！,False
66,請站好！,False
67,但是我的腿有點……,False
68,哈！,False
69,收腹！低頭！,False
70,腰挺得太高了！,False
71,是！,False
72,呵！,False
73,啊！,False
74,沒事了。,False
75,……,False
76,"好吧，
它看起來沒什麼大問題。",False
77,嗯……,False
78,我覺得我們需要再弄一些鹽。,False
79,挑個輕點的比較好吧？,False
80,我說……你們聽懂了嗎……,False
81,……,False
82,？,False
83,啦啦，啦,False
84,這是在鼓勵我嗎？,False
85,啦啦啦,False
86,接下來種什麼呢……,False
87,這次我試著換了種肥料。,False
88,看起來成長很不錯！,False
89,難怪啊！,False
90,"工頭還在盯著？
可惡……",False
91,喂，該換班了。,False
92,讓我休息10分鐘……,False
93,那可不行！,False
94,一不小心……,False
95,91,False
96,這就是森林的意志。,False
97,可是……那是不對的！,False
98,這個女孩才經歷過12次夏天。,False
99,求您了……請幫幫她……,False
100,森林一直在守望著我們。,False
101,聖靈會保佑我的生意嗎？,False
102,我們快走吧。,False
103,"不要急，
我先喝點東西。",False
104,但是我們才剛到這裡！,False
105,……,False
106,偉大的聖靈……魔道士大人……,False
107,聖靈說了些什麼？,False
108,請保佑我們……,False
109,願你的傷痛早日康復。,False
110,謝謝！,False
111,太糟糕了！,False
112,"夸爾吃掉了
我們所有的小雞！",False
113,還有小麥和其他作物……,False
114,欲罷不能啊！,False
115,這裡的酒簡直棒極了。,False
116,時間過得真快啊。,False
117,靈災已經過去5年了……,False
118,唉……,False
119,"應該把那些外來者
全部驅除出境！",False
120,幻術皇說我們必須接受他們。,False
121,……,False
122,"難道就不能讓一位淑女
休息一下嗎？",False
123,這事得按規定辦。,False
124,請通融一下嘛……,False
125,我馬上就想要貨喵！,False
126,我覺得這個不錯呢。,False
127,嗯……這個怎麼樣？,False
128,嗚哇……好酒！,False
129,這手工……做得真棒！,False
130,喂，你在聽我說話嗎？,False
131,啦啦啦啦～,False
132,寶寶乖，乖寶寶。,False
133,要細心做……,False
134,"這些可惡的豆子！
我怎麼也除不掉身上的臭味！",False
135,嗯，看來都合格。,False
136,真是精美的手工技術。,False
137,還有這種樣式的啊。,False
138,"吵死了！
我連一分鐘都睡不著！",False
139,呼……,False
140,嗯……,False
141,……哎！,False
142,"放鬆……
保持呼吸……",False
143,"只要抓住時機
給他們個出其不意……",False
144,不要小看鳥人族。,False
145,今天的訓練還沒結束嗎？,False
146,呵……呵……,False
147,"你以為敵人會給你
休息的時間嗎？",False
148,是！長官！,False
149,是！長官！,False
150,是！髒……啊不！長官！,False
151,"你們甚至都射不中
那邊的木樁！",False
152,請給予我們指引……,False
153,咕哎！,False
154,再來100次！,False
155,"那種刺法連鳥人的
羽毛都刺不穿！",False
156,哦親愛的……呼……,False
157,是魔物幹的嗎？,False
158,幼苗都被糟蹋了！,False
159,咕哎！,False
160,下次修樹枝的地點是……,False
161,好吧好吧。,False
162,就差一步了。,False
163,可以大賺一筆咯！,False
164,在事成之前都不能鬆懈啊……,False
165,你那句話已經嚷嚷一晚上了。,False
166,"嗝……
再給我來最後一杯酒。",False
167,"聖靈是不會允許
他們入住森林的！",False
168,又有人從阿拉米格來了……,False
169,哼……你是冒險者吧。,False
170,"天啊，
那邊過來的是什麼？",False
171,"馬上要執行討伐任務了！
有冒險者想加入我們嗎？",False
172,就沒有什麼好工作嗎？,False
173,別再讓我去打什麼松鼠了……,False
174,"怎麼回事？
我只是想要個房間！",False
175,好的，馬上就來。,False
176,給我你們這最好的花茶！,False
177,休息夠了就繼續鍛鍊！,False
178,可我才剛坐下……,False
179,"問那邊的烏龜吧，
我是沒有了。",False
180,我只想要一個蛋！,False
181,"呃……荷依娜娜小姐
我們不是很急嗎？",False
182,"如果能有辦法上到
它們背殼上的話……",False
183,"我準備去問問行會裡
有沒有人知道浮空的魔法。",False
184,"在堅鋼龜附近
永遠不要放鬆警惕。",False
185,我已經不行了……,False
186,"好吧，先生。
不過貨物情況怎麼樣了？",False
187,"有消息說在歐金尼亞哨塔
附近發現了鳥人族。",False
188,我們最好提高警惕。,False
189,……,False
190,"北邊的那個要塞？
你瘋了嗎？",False
191,"我們沒有進到裡面，
只是靠近看了下。",False
192,"就不能讓我安穩地
睡上一會嗎？",False
193,"哦，抱歉，
你剛才說什麼？",False
194,呃……我還是來點水吧……,False
195,"我們今天的特色菜是
鰻魚、水蜥、蝸牛和蟾蜍。",False
196,"我看見這個外來者
帶著錢包逃走了。",False
197,"我沒有！
請你相信我！",False
198,"我們出城還不到兩個小時，
看你們都什麼樣了！",False
199,"長官……
我之前已經跑過20星里了……",False
200,然後呢，又有……,False
201,知道了知道了。,False
202,我今天有個絕妙的計畫！,False
203,哦不……,False
204,又來？,False
205,"又隨便亂貼……
這種膠真難處理啊！",False
206,"什麼都比不上累了一天
之後的一杯熱酒！",False
207,"你要看啥？
我們不是來喝酒的嗎？",False
208,有什麼本事儘管放馬過來。,False
209,看看有什麼新消息……,False
210,"哼，你要是個男人
就和我到下面去打。",False
211,絕對虧不了你的。,False
212,聽上去不錯，報酬怎麼算？,False
213,嘿嘿，有急用要借錢？,False
214,我也想看鬥技場裡的比賽……,False
215,今天的對戰好像也能挺激烈。,False
216,拿好了我們就走。,False
217,等下，我得換下位置。,False
218,哎呀……,False
219,腳下動作太慢了！,False
220,473號。,False
221,這麼做不公平！,False
222,下次的作品我準備這麼做……,False
223,"總有一天，
我的照片也一定會掛在這裡。",False
224,這想法真不錯！,False
225,上一批銀礦的純度太差了！,False
226,我今天幹掉了3個對手。,False
227,就用了一招？太厲害了！,False
228,真了不起……,False
229,破壞，破壞，破壞……,False
230,"向札爾神祈禱吧，
他會保佑你的來生。",False
231,"希望我的來生能夠
獲得幸福和財富……",False
232,錢不是問題。,False
233,我們只要求葬禮越豪華越好。,False
234,"你應該去找行會
反映一下情況才對。",False
235,咕哎……,False
236,乖，理理毛更漂亮。,False
237,今天的對戰表出來了！,False
238,這可是今天的重頭戲！,False
239,是人間戰車格奧爾格嗎？！,False
240,上去之後要注意言談舉止。,False
241,那些貨品真漂亮……,False
242,用這個送禮一定很合適。,False
243,給我來一袋小麥。,False
244,好的，又要釀新酒了嗎？,False
245,是啊，看起來真漂亮。,False
246,"這是我們新設計的樣式！
歡迎大家來體驗！",False
247,瞧一瞧看一看啊！,False
248,我這可是真功夫！,False
249,好厲害！,False
250,這點把戲我也能行……,False
251,欸嘿嘿！,False
252,哦——她們的尾巴真奇妙……,False
253,我一狠心就買下來了！,False
254,"衣服挺漂亮的，
你不再給自己買條項鍊？",False
255,我看看……,False
256,"我無法決定要紅的還是藍的，
所以就把兩個都買了……",False
257,"一看你就是行家，
那可是正經的好東西！",False
258,哎哎……,False
259,你又買了這麼多！,False
260,這些好像是剛出土的？,False
261,我把午飯放哪去了……,False
262,御道上要保持肅靜。,False
263,羅羅力特大人真是的……,False
264,這是……第五星曆的手抄本？,False
265,噓……隔牆有耳……,False
266,那可是絕版的古本啊！,False
267,專心實驗也要注意程度！,False
268,據說全都多虧了勞班大人。,False
269,他果然是我們的英雄。,False
270,您真有眼光！,False
271,這個、這個、還有這個。,False
272,還、還要買嗎……,False
273,"我家的武器！
只有想不到，沒有買不到！",False
274,"進來看看吧！
都是上好的裝備！",False
275,我們提供免費試穿！,False
276,要是加入一些狼蛛會怎麼樣？,False
277,那會變成劇毒的。,False
278,原來還有這種情況……,False
279,換班的怎麼還不來……,False
280,出城後一定要小心那些魔物。,False
281,首先將渾水給濾清。,False
282,還沒好？,False
283,這條街又熱鬧起來了！,False
284,是啊，真棒！,False
285,我說過了，不行。,False
286,我還想吃點零食！,False
287,奇怪，怎麼找不到了？,False
288,……,False
289,一切正常！,False
290,反正沒人管。,False
291,"不要搗亂，
不然我就把你丟到城外去。",False
292,跳得太好了！,False
293,耶！美女們！再多跳一段！,False
294,差不多該走了。,False
295,嗯。,False
296,抱、抱歉……,False
297,怎麼又是你！,False
298,歡 迎 光 臨 請 玩 得 開 心,False
299,垃圾又變多了……,False
300,明年的今天就是你的忌日！,False
301,可笑，就憑你？,False
302,禁止將貧民帶到這裡來。,False
303,在這條街上一定要小心。,False
304,快開打啊！別磨磨蹭蹭的！,False
305,未使用：荒：会話00104,False
306,啊哈哈哈哈！,False
307,"肩膀好疼……
你下手真夠重的……",False
308,嘿嘿嘿……,False
309,嘻嘻……,False
310,仔細看對方的眼神！,False
311,所謂咒術呢……,False
312,哦……原來如此……,False
313,挑哪柄好呢……,False
314,聽說有人密謀對女王下手……,False
315,咒術產生破壞……,False
316,破壞帶來淨化……,False
317,"他們永遠不會知道是誰幹的，
嘿嘿。",False
318,"我可以用咒術
點燃他們的住處……",False
319,喝啊！,False
320,烏爾達哈可真是野蠻。,False
321,到底是哪裡不對勁……,False
322,少來煩我。,False
323,不行，這些人都太老了。,False
324,快走吧……,False
325,請給點飯錢吧……,False
326,"好心人，我的腿壞了……
請給口飯吃吧……",False
327,啦啦啦，骨碌碌！,False
328,左、右、左、右……,False
329,有一點。,False
330,是不是有點緊？,False
331,這是用外國絲做的特別款式。,False
332,看起來真漂亮！,False
333,這裡是裁縫師行會。,False
334,"你真沒用，
才喝這麼點就不行了？",False
335,嘔……,False
336,這個也不對……,False
337,嘿嘿嘿。,False
338,對，據說現場情況很混亂。,False
339,嗝，頭、頭暈……,False
340,金鏈子在幾號格子裡來著？,False
341,什麼時候才能做完啊……,False
342,請不要打擾我，會分心的。,False
343,金工 金 金 …… ★ ※,False
344,保持住舉盾的姿勢！,False
345,這裡是鬥技場準備室。,False
346,我真該轉去縫衣服……,False
347,你難道連打都不敢打？,False
348,"位置剩得不多了！
要買票請把握時間！",False
349,這就是著名的鬥技場嗎……,False
350,這次一定能煉出好藥！,False
351,這個公式需要這麼去理解……,False
352,呼……,False
353,唉……又熬夜做實驗……,False
354,嗯……有發燒現象嗎？,False
355,"我兒子好像感冒了……
有什麼好藥嗎？",False
356,不是吧……你說真的？,False
357,我要去研究讓他喜歡我的藥！,False
358,哎？那是什麼？,False
359,"前方是王室大殿，
閒雜人等不得入內。",False
360,要我說的話，就應該……,False
361,行行好賞我點錢好嗎……,False
362,儘量多放點水做得稀點。,False
363,ざまぁみろ！,False
364,あ？　お前はすっこんでろ！,False
365,テメーは関係ねぇんだよ,False
366,未使用,False
367,ハッ、隊長殿！,False
368,我也覺得有些不太對勁。,False
369,"礦石的產量增加得
有些過頭了。",False
370,你跟我說也沒什麼用啊……,False
371,未使用,False
372,就不能更快點嗎？,False
373,未使用,False
374,"我想想……
是行會還是黃昏灣來著……",False
375,"數量不太對……
難道又被那些傢伙偷了？",False
376,未使用,False
377,"又是個冒險者？
算了，過去吧。",False
378,未使用,False
379,快快長大快快長大。,False
380,西側有情況！,False
381,多澆水長得快！,False
382,要能有報應早就該應驗了。,False
383,西側一切正常。,False
384,等、再等我一下……嗝！,False
385,"趕快走了，
不要耽誤時間！",False
386,一杯只要10個Gil！,False
387,我好餓……,False
388,我！一定要！出名！,False
389,"你要雇人嗎？
我很有兩下子的！",False
390,"什麼夢想……什麼希望……
都見鬼去吧……",False
391,"嘿嘿，他肯定用不上，
我就收下了。",False
392,未使用,False
393,呼嚕……,False
394,我……好餓……,False
395,我沒在問你！,False
396,"沒有個好點的位置嗎？
我什麼都看不見！",False
397,納納瓦銀山又出事了？,False
398,嘰 金 工 行 會 咔,False
399,這人偶做得真不錯。,False
400,從這裡上去是政府層。,False
401,可我們已經沒有別的方法了。,False
402,"東阿爾迪納德商會？
絕對不可能！",False
403,現在不是賭氣的時候。,False
404,然後呢，那個新來的侍女……,False
405,真的假的？我才不信。,False
406,"就差最後一點了……
我現在還不能回去……",False
407,調配的時候一定要慎重！,False
408,好的。,False
409,不過那就得看你出多少了。,False
410,我們倒是可以幫你想點辦法。,False
411,"我想買一塊紅寶石，
非常大的那種。",False
412,該你去巡邏了。,False
413,"十二神在上！
那傢伙絕對會遭到報應！",False
414,這酒怎麼一股獸腥味……,False
415,就、就不能再等一下嗎……,False
416,"仁慈的人啊……
我只需要一點乳根……",False
417,咳咳……,False
418,請來買點東西吧！,False
419,"給點小錢就行！
我什麼都能做！",False
420,未使用,False
421,肯定沒戲，不用指望了。,False
422,去烏爾達哈找找工作呢？,False
423,未使用,False
424,"這裡是黑塵驛站，
記得不要在鐵軌上走。",False
425,你要把貨物運到哪？,False
426,"求求你……
我的孩子已經兩天沒吃飯了。",False
427,未使用,False
428,有錢嗎？有錢啥都好說。,False
429,哦，我的舊傷又發作了。,False
430,在我這什麼好東西都能買到！,False
431,呃……你能不能……算了……,False
432,未使用,False
433,每次你都這麼說。,False
434,歡迎來到烏爾達哈城。,False
435,"在城裡可就不像
城外那麼自在了。",False
436,嗯……,False
437,你又把實驗搞砸了？,False
438,我這有上等的皮毛和絲綢！,False
439,大拍賣了！,False
440,休息一下就回家吧。,False
441,媽媽，我累了。,False
442,真要命……我得喘口氣……,False
443,後來呢……,False
444,幹完活來口酒真是太過癮了！,False
445,那些廢石頭怎麼辦？,False
446,誰知道，真麻煩。,False
447,未使用,False
448,該死！這箱子裝得也太滿了！,False
449,也得能用得上才行。,False
450,那是塊超大的銀礦！,False
451,喲呵……,False
452,未使用：荒：会話00251,False
453,未使用,False
454,我就用斧頭咔嚓一下！,False
455,哈哈哈，就你？,False
456,未使用,False
457,到我了？好的。,False
458,未使用,False
459,"再來個幾百下
你就能超過我了！",False
460,"感覺就好像好幾天
沒吃這麼過癮了！",False
461,未使用,False
462,喝啊！,False
463,"不錯，
記得實戰中也要保持這樣。",False
464,"抱、抱歉……
我保證下次不會再這樣了。",False
465,"你們這些冒險者真是……
後面的酬勞別想要了！",False
466,我聽說有個賺錢的好點子……,False
467,"真的？
可我聽說那地方被詛咒了。",False
468,前面就是烏爾達哈市內了。,False
469,請別惹出什麼麻煩。,False
470,從東邊繞道吧。,False
471,我覺得西邊好。,False
472,未使用,False
473,不要妨礙我們工作。,False
474,好想到街上去喝一杯啊。,False
475,"沿路一直走的話，
就能到白銀市集。",False
476,我們是盜龍快運！,False
477,嗯……很好，應該沒錯。,False
478,肚子開始餓起來了。,False
479,大路上情況一切正常！,False
480,未使用480,False
481,未使用481,False
482,未使用482,False
483,哎？我不記得有要這麼多啊！,False
484,歡迎各位新老客戶！,False
485,ホントかよ？,False
486,未使用486,False
487,未使用487,False
488,今です！　今出ました！　,False
489,未使用489,False
490,好、好暈……,False
491,這下就沒問題了。,False
492,未使用492,False
493,未使用493,False
494,又有人搬走了。,False
495,人越來越少了……,False
496,沒人在這裡開店吶……,False
497,未使用：荒：会話00296,False
498,…店はやってないぜ,False
499,未使用：荒：会話00298,False
500,未使用：荒：会話00299,False
501,未使用：荒：会話00300,False
502,哇，出什麼事了？！,False
503,咳咳……,False
504,哎哎……,False
505,碼頭就拜託你了……,False
506,喵不好了喵。,False
507,勝利號它……,False
508,海盜們……,False
509,救命啊。,False
510,這下糟了！,False
511,求……補給……,False
512,未使用：海：会話00011,False
513,未使用：海：会話00012,False
514,未使用：海：会話00013,False
515,那就看你表現了。,False
516,未使用：海：会話00015,False
517,未使用：海：会話00016,False
518,未使用：海：会話00017,False
519,"又說夢話，
你去老大面前說試試。",False
520,未使用：海：会話00019,False
521,總有一天我也會當上老大。,False
522,放心吧，包在我身上！,False
523,未使用：海：会話00022,False
524,未使用：海：会話00023,False
525,未使用：海：会話00024,False
526,未使用：海：会話00025,False
527,造船最重要的是木材啊……,False
528,未使用：海：会話00027,False
529,未使用：海：会話00028,False
530,一切正常。,False
531,未使用：海：会話00030,False
532,未使用：海：会話00031,False
533,未使用：海：会話00032,False
534,未使用：海：会話00033,False
535,大海真廣闊！,False
536,"你能不能稍微安靜會……
我正在找那個人啊。",False
537,又來了個新人……,False
538,未使用：海：会話00037,False
539,那船體的曲線令人心醉。,False
540,那艘船簡直太美了。,False
541,未使用：海：会話00040,False
542,未使用：海：会話00041,False
543,未使用：海：会話00042,False
544,未使用：海：会話00043,False
545,再曬幾天應該就可以了。,False
546,該死的老鼠！,False
547,木材又被咬了？,False
548,未使用：海：会話00047,False
549,木釘拿來了，放哪裡？,False
550,那你就好好教訓教訓他。,False
551,"最近那個新來的簡直
啥也不行。",False
552,明白了。,False
553,這些東西都要搬到小屋去。,False
554,來點水果吧，都是新鮮的！,False
555,"剛從小麥酒港運過來的！
甘醇爽口的小麥酒！",False
556,沒大礙，很快就會好了。,False
557,"聽說你被火燒傷了？
情況怎麼樣了？",False
558,煤渣足夠了吧。,False
559,我的船到底什麼時候到？,False
560,別廢話了，趕快做事。,False
561,未使用：海：会話00060,False
562,未使用：海：会話00061,False
563,"我覺得最好誰去提醒
一下那邊的人……",False
564,抱歉，今天停運維護。,False
565,"又維護，成天維護，
真是太無聊了。",False
566,"是啊，我們什麼時候
能去勝利號上工作？",False
567,噓，小心被聽見。,False
568,未使用：海：会話00067,False
569,未使用：海：会話00068,False
570,未使用：海：会話00069,False
571,未使用：海：会話00070,False
572,從來沒見過那艘船啊……,False
573,"我發誓他要是再敢碰我一下
我就把他的手剁下來！",False
574,再怎麼說那也有點過火了……,False
575,那個混蛋又遲到了。,False
576,這態度實在很有問題。,False
577,先祈禱你別被船廠開了吧。,False
578,"我要是能有一艘船
就能去周遊世界了。",False
579,未使用：海：会話00078,False
580,未使用：海：会話00079,False
581,未使用：海：会話00080,False
582,那是你在海裡的倒影吧。,False
583,哈哈哈哈！,False
584,我看見一隻魚人在那邊！,False
585,未使用：海：会話00084,False
586,我看看，得挑棵好的才行。,False
587,未使用：海：会話00086,False
588,未使用：海：会話00087,False
589,未使用：海：会話00088,False
590,未使用：海：会話00089,False
591,未使用：海：会話00090,False
592,未使用：海：会話00091,False
593,讓開！讓開！,False
594,未使用：海：会話00093,False
595,未使用：海：会話00094,False
596,未使用：海：会話00095,False
597,未使用：海：会話00096,False
598,未使用：海：会話00097,False
599,未使用：海：会話00098,False
600,未使用：海：会話00099,False
601,未使用：海：会話00100,False
602,未使用：海：会話00101,False
603,未使用：海：会話00102,False
604,未使用：海：会話00103,False
605,未使用：海：会話00104,False
606,這些貨臭死了……,False
607,"把握時間，
我們還有很多貨沒搬呢。",False
608,該死的！,False
609,別抱怨了！好像數量不對！,False
610,未使用：海：会話00109,False
611,未使用：海：会話00110,False
612,未使用：海：会話00111,False
613,啊……好累啊。,False
614,擦不掉啊……,False
615,這酒太難喝了。,False
616,唉，有工作的話就好了……,False
617,這有什麼不好的？,False
618,不要在工作中喝酒！,False
619,唔，那就照你說的做。,False
620,只要有錢，其他都不是問題。,False
621,這能行嗎？,False
622,未使用622,False
623,啊……真熱啊……,False
624,未使用624,False
625,未使用625,False
626,怎麼會這樣……,False
627,我們再來比一次！,False
628,做好準備了嗎？,False
629,現在這裡不開放。,False
630,這衣服是什麼牌子？,False
631,很不錯吧？,False
632,人靠衣裝罷了，我也行！,False
633,他的私房錢應該就在這裡……,False
634,未使用634,False
635,……你也這麼想啊。,False
636,我們做別的生意吧。,False
637,剩下的已經不多了……,False
638,未使用638,False
639,不要用你的髒手碰這些傢俱。,False
640,未使用640,False
641,好，再過來一點……,False
642,用這方法可以提高三倍效率！,False
643,我正在巡邏中。,False
644,不要妨礙我們工作。,False
645,這些有錢人真是……,False
646,噓！別那麼大聲。,False
647,轟鳴聲還在我腦袋裡迴響……,False
648,你很快就會習慣了。,False
649,未使用649,False
650,奇怪，我今早剛校準過！,False
651,未使用651,False
652,這運轉是不是有點慢啊？,False
653,回去工作，又想被扣工錢嗎？,False
654,這、這就去！,False
655,這管就要抽完了。,False
656,清潔齒輪這活也挺有樂趣的。,False
657,這和我們談好的價錢不一樣！,False
658,嗯？是不是太輕了點？,False
659,"那些該死的小老鼠
都是從哪裡跑出來的？",False
660,這個要放在哪裡啊？,False
661,啊！我的腰……,False
662,我們的交易已經結束了。,False
663,"這是你要的三十箱，
不多也不少。",False
664,未使用664,False
665,不！車輪必須立即換掉！,False
666,未使用666,False
667,未使用667,False
668,那礦工說：「可是我沒女兒！」,False
669,不，我還是沒聽懂……,False
670,我剛才看到的到底是不是真的？,False
671,這跟我們說好的不一樣。,False
672,我可不這麼認為。,False
673,未使用673,False
674,未使用674,False
675,未使用：荒：会話00363,False
676,我要再看看……,False
677,跑到哪裡去了啊……,False
678,船怎麼還沒到啊。,False
679,呼……,False
680,未使用,False
681,別再說了。,False
682,害怕礦爬蟲的話怎麼幹採掘師啊！,False
683,發生什麼情況了？,False
684,這裡面很危險的。,False
685,生意很不錯啊。,False
686,一ケタ間違えちゃったかも…,False
687,呼……呼……呼……,False
688,異常なし…たぶん,False
689,希望魔物別來這邊啊。,False
690,安いよ、安いよ！,False
691,買い逃すと損するよ！,False
692,你得到許可沒有啊？,False
693,焦るなって,False
694,機油味好重！,False
695,哎，貨物好像少了？,False
696,唔唔唔……好重！,False
697,いいじゃん、ケチ～！,False
698,お前の心がけ次第だ,False
699,で、ブツはいつ届くんだ？,False
700,愚痴は掘った穴に叫べよ,False
701,銅山被封鎖了……,False
702,考古學的浪漫你不懂！,False
703,未使用,False
704,好想回去調查遺跡……,False
705,啊，又開始了……,False
706,偷稅漏稅，法理不容！,False
707,未使用,False
708,"請在這裡……這裡……
還有這裡簽名。",False
709,物品的檢驗在裡面的房間進行。,False
710,未使用710,False
711,這樣子根本沒利潤了啊。,False
712,未使用,False
713,都在這裡站成一排！,False
714,未使用,False
715,長途跋涉辛苦了。,False
716,未使用,False
717,未使用,False
718,未使用,False
719,給料分は守ってやるか,False
720,呼……終於能休息了。,False
721,真熱鬧啊！,False
722,代表者が中に入れ,False
723,一個芝麻官卻這麼囂張……,False
724,咕哎？,False
725,是時候出發了。,False
726,真是隻好鳥！,False
727,未使用,False
728,好，這樣就沒問題了……,False
729,關稅也太高了！,False
730,"這天氣……
從靈災之後就越來越壞！",False
731,未使用710,False
732,"誰在睡覺啊！
我只是在閉目養神！",False
733,"從樣式上看，
我記得這應該是……",False
734,請務必輕拿輕放。,False
735,貝拉哈迪亞時代的遺跡啊。,False
736,之前真沒想到考古學這麼土氣。,False
737,哦哦，這個莫非是？,False
738,哇，滿是苔蘚。,False
739,這種調查真的有價值嗎……,False
740,人、人家想釣的是你……,False
741,你想要釣什麼魚？,False
742,至少要解決今天的晚飯……,False
743,都是這不值錢的魚……,False
744,還有半天的時間啊。,False
745,看我把那些傢伙全都趕走！,False
746,明明沒那膽子，只會說大話。,False
747,能不能撐到下次出海啊……,False
748,我肚子餓了。,False
749,我原來也有好多艘船的。,False
750,該死，魚餌用光了。,False
751,真是個貧窮的小漁村啊。,False
752,我們是不是也該離開了。,False
753,我在想要不要出去打工。,False
754,未使用,False
755,未使用,False
756,這肉怎麼回事，太難吃了。,False
757,啊哈哈！,False
758,酒！再拿酒來！,False
759,未使用：荒：会話00447,False
760,未使用：荒：会話00448,False
761,未使用：荒：会話00449,False
762,未使用：荒：会話00450,False
763,未使用：荒：会話00451,False
764,未使用：荒：会話00452,False
765,未使用：荒：会話00453,False
766,未使用：荒：会話00454,False
767,未使用：荒：会話00455,False
768,未使用：荒：会話00456,False
769,未使用：荒：会話00457,False
770,未使用：荒：会話00458,False
771,未使用：荒：会話00459,False
772,未使用：荒：会話00460,False
773,一切正常！,False
774,未使用：荒：会話00462,False
775,未使用：荒：会話00463,False
776,這裡好酒有的是！,False
777,未使用：荒：会話00465,False
778,未使用：荒：会話00466,False
779,未使用：荒：会話00467,False
780,未使用：荒：会話00468,False
781,未使用：荒：会話00469,False
782,未使用：荒：会話00470,False
783,未使用：荒：会話00471,False
784,未使用：荒：会話00472,False
785,嗚喔！,False
786,未使用：荒：会話00474,False
787,未使用：荒：会話00475,False
788,未使用：荒：会話00476,False
789,下一次就選拉諾西亞香橙吧。,False
790,哎？不會吧……,False
791,未使用：荒：会話00479,False
792,未使用：荒：会話00480,False
793,未使用：荒：会話00481,False
794,馬上就來了。,False
795,下一班船是什麼時候？,False
796,未使用：荒：会話00484,False
797,未使用：荒：会話00485,False
798,未使用：荒：会話00486,False
799,未使用：荒：会話00487,False
800,未使用：荒：会話00488,False
801,未使用：荒：会話00489,False
802,未使用：荒：会話00490,False
803,未使用：荒：会話00491,False
804,すごいでしょ！,False
805,未使用：荒：会話00493,False
806,未使用：荒：会話00494,False
807,未使用：荒：会話00495,False
808,未使用：荒：会話00496,False
809,未使用：荒：会話00497,False
810,未使用：荒：会話00498,False
811,未使用：荒：会話00499,False
812,未使用：荒：会話00500,False
813,未使用：荒：会話00501,False
814,未使用：荒：会話00502,False
815,未使用：荒：会話00503,False
816,未使用：荒：会話00504,False
817,未使用：荒：会話00505,False
818,未使用：荒：会話00506,False
819,未使用：荒：会話00507,False
820,未使用：荒：会話00508,False
821,未使用：荒：会話00509,False
822,未使用：荒：会話00510,False
823,未使用：荒：会話00511,False
824,未使用：荒：会話00512,False
825,未使用：荒：会話00513,False
826,未使用：荒：会話00514,False
827,未使用：荒：会話00515,False
828,未使用：荒：会話00516,False
829,未使用：荒：会話00517,False
830,未使用：荒：会話00518,False
831,未使用：荒：会話00519,False
832,未使用：荒：会話00520,False
833,未使用：荒：会話00521,False
834,未使用：荒：会話00522,False
835,未使用：荒：会話00523,False
836,借我些錢嘛，別那麼小氣。,False
837,"我是想工作啊，
但是首先要有一份工作。",False
838,嘻嘻，這些夢想花多可愛。,False
839,嘖，全都是垃圾。,False
840,你是屈伊伯龍那夥兒的嗎？,False
841,皮鞋的鞋底能不能煮來吃啊？,False
842,未使用,False
843,未使用,False
844,活著好累……怎樣都好了。,False
845,價格已經是最低了。,False
846,未使用,False
847,未使用,False
848,未使用,False
849,我、我沒幹什麼壞事。,False
850,未使用850,False
851,生意越來越不好做啊。,False
852,真是腰酸背痛。,False
853,你力氣使得不對！,False
854,未使用854,False
855,未使用855,False
856,好想沖個涼水澡啊！,False
857,還要再往裡挖……,False
858,要小心瓦斯啊。,False
859,又喝多了……,False
860,未使用860,False
861,未使用861,False
862,肉已經吃光了哦。,False
863,未使用863,False
864,啊……,False
865,前面是危險區域。,False
866,未使用866,False
867,未使用867,False
868,未使用868,False
869,未使用869,False
870,肩膀快抬不起來了。,False
871,不要大意！,False
872,警衛可不能太散漫！,False
873,個人取引はしてないぞ,False
874,こちらは税関です,False
875,是！,False
876,未使用876,False
877,真乖，真乖。,False
878,未使用878,False
879,唔……陸行鳥好像還是不夠。,False
880,交給我處理吧。,False
881,我的劍彎了。,False
882,未使用882,False
883,未使用883,False
884,是！,False
885,輕敵就意味著死！,False
886,未使用886,False
887,這裡面是商店。,False
888,不要大聲吵吵。,False
889,是我的錯覺嗎？,False
890,要明天才能輪休啊。,False
891,未使用891,False
892,未使用892,False
893,未使用893,False
894,未使用894,False
895,未使用895,False
896,未使用896,False
897,未使用897,False
898,一切正常……,False
899,未使用899,False
900,未使用900,False
901,未使用901,False
902,未使用902,False
903,未使用903,False
904,要小心帝國兵。,False
905,吃啊，吃啊。,False
906,起霧了……,False
907,未使用907,False
908,路上小心。,False
909,未使用909,False
910,未使用910,False
911,未使用911,False
912,未使用912,False
913,未使用913,False
914,未使用914,False
915,未使用915,False
916,未使用916,False
917,千萬不要太大意。,False
918,帝國兵近在咫尺。,False
919,未使用919,False
920,未使用920,False
921,未使用921,False
922,未使用922,False
923,未使用923,False
924,未使用924,False
925,緊張しちまって…,False
926,步法不要亂！,False
927,不要妨礙我工作……,False
928,帝國兵何時會攻來啊……,False
929,未使用929,False
930,未使用930,False
931,安靜點！我無法專心偵察了。,False
932,千萬不能大意。,False
933,不要忘記每一刻都是戰時。,False
934,那裡是不是有點可疑？,False
935,未使用935,False
936,未使用936,False
937,未使用937,False
938,未使用938,False
939,工廠禁止外人進入。,False
940,未使用940,False
941,唔……這書真難懂。,False
942,未使用942,False
943,他只是太緊張，別管他了。,False
944,未使用944,False
945,未使用945,False
946,未使用946,False
947,混蛋，你說什麼？,False
948,誰怕誰啊，放馬過來啊！,False
949,27……28……,False
950,未使用950,False
951,好了……,False
952,未使用952,False
953,還挺不錯。,False
954,未使用954,False
955,你覺得怎麼樣？,False
956,未使用955,False
957,未使用956,False
958,未使用957,False
959,未使用958,False
960,未使用959,False
961,未使用960,False
962,未使用961,False
963,未使用962,False
964,未使用963,False
965,未使用964,False
966,一切正常。,False
967,身體重心太不穩了！,False
968,未使用968,False
969,不要輕易地接近帝國軍哦。,False
970,"我在執行警戒，
別在我跟前晃來晃去的。",False
971,這裡是青磷精煉所。,False
972,未使用972,False
973,未使用973,False
974,未使用974,False
975,未使用975,False
976,未使用976,False
977,未使用977,False
978,護衛就交給我吧。,False
979,運出的日子大概定了。,False
980,差不多該交班了。,False
981,未使用：荒：会話00669,False
982,未使用：荒：会話00670,False
983,未使用：荒：会話00671,False
984,未使用：荒：会話00672,False
985,未使用：荒：会話00673,False
986,未使用：荒：会話00674,False
987,未使用：荒：会話00675,False
988,未使用：荒：会話00676,False
989,未使用：荒：会話00677,False
990,未使用：荒：会話00678,False
991,未使用：荒：会話00679,False
992,未使用：荒：会話00680,False
993,未使用：荒：会話00681,False
994,未使用：荒：会話00682,False
995,未使用：荒：会話00683,False
996,未使用：荒：会話00684,False
997,希望你來世幸福……,False
998,不要丟下我一個人……,False
999,未使用：荒：会話00687,False
1000,真是沒完沒了。,False
1001,……,False
1002,未使用,False
1003,為他祈禱吧。,False
1004,好的，請稍等。,False
1005,來運送屍體的嗎？,False
1006,請讓讓……,False
1007,沒有什麼稀有的東西嗎？,False
1008,快點決定要買啥吧……,False
1009,請把那個拿給我。,False
1010,什麼事？,False
1011,要買什麼？,False
1012,願札爾神指引你……,False
1013,"戰爭神哈羅妮啊，
將我的忠義化作巨盾！",False
1014,"戰爭神哈羅妮啊，
將我的忠義化作巨劍！",False
1015,未使用,False
1016,幹掉他們！,False
1017,給我上！快上！,False
1018,看招！,False
1019,嚐嚐這個！,False
1020,這臭傢伙！,False
1021,這下怎麼樣！,False
1022,嗷——,False
1023,嗷嗚——,False
1024,唔……,False
1025,要去教會嗎？,False
1026,沒有情況。,False
1027,要休息的話就請住我們這裡吧！,False
1028,應該沒問題吧……,False
1029,沒被人看到吧……,False
1030,試試穿越黑衣森林的那條路吧。,False
1031,沒問題嗎？,False
1032,來接我們的人還沒到嗎？,False
1033,還沒到啊。,False
1034,真是個鳥不拉屎的地方。,False
1035,喲，你好。,False
1036,請慢慢享用。,False
1037,咕哎！,False
1038,喝啊！,False
1039,幹活了幹活了……,False
1040,又有什麼麻煩事了？,False
1041,下一次的偵察任務下來了。,False
1042,真是不知吸取教訓的傢伙。,False
1043,又是那個商人嗎……,False
1044,未使用1044,False
1045,未使用1045,False
1046,蜥蜴人算什麼東西！,False
1047,說得好！,False
1048,已經去了的人就忘了她吧。,False
1049,她可是我最好的朋友！,False
1050,未使用：荒：会話00727,False
1051,未使用：荒：会話00728,False
1052,歡迎光臨！,False
1053,門到哪裡去了？,False
1054,馬上就做好了。,False
1055,"勞班……勞班……
我才是你的……女王……",False
1056,快點回烏爾達哈吧。,False
1057,到底放在哪了……,False
1058,早點送去教會那邊吧。,False
1059,嗯……,False
1060,未使用：荒：会話00737,False
1061,又多了2具屍體……,False
1062,不要做出什麼可疑的舉動哦。,False
1063,唔唔唔……,False
1064,未使用：荒：会話00741,False
1065,未使用：荒：会話00742,False
1066,要求太高了……,False
1067,下次要挖得更深一些。,False
1068,碎石都分揀出去了吧？,False
1069,不要大意哦。,False
1070,我們要讓市場再次熱鬧起來。,False
1071,我丈夫又去發掘遺跡了……,False
1072,為什麼我要做這些……,False
1073,遺跡探索是很浪漫的啊。,False
1074,真那樣就好了。,False
1075,機率還是很高的……,False
1076,我一定要挖到秘銀！,False
1077,都搞定了！,False
1078,總有一天我也要發大財。,False
1079,客人啊……再來些客人啊……,False
1080,錢……再來些錢……,False
1081,我還聽說啊……,False
1082,不是吧……,False
1083,你安心地去吧……,False
1084,她、她倆幹嘛要看著我……,False
1085,未使用：荒：会話00762,False
1086,未使用：荒：会話00763,False
1087,未使用：荒：会話00764,False
1088,嗯，一切正常。,False
1089,未使用：荒：会話00766,False
1090,未使用：荒：会話00767,False
1091,未使用：荒：会話00768,False
1092,飯還沒好嗎……,False
1093,未使用：荒：会話00770,False
1094,我當然知道這個啦……,False
1095,阿拉米格的血充滿了榮耀！,False
1096,未使用：荒：会話00773,False
1097,你也是來嘲笑我們的嗎？,False
1098,嘿咻！,False
1099,未使用：荒：会話00776,False
1100,已經沒有退路了！,False
1101,你冷靜一點……,False
1102,未使用：荒：会話00779,False
1103,舊傷又發作了……,False
1104,未使用：荒：会話00781,False
1105,未使用：荒：会話00782,False
1106,未使用：荒：会話00783,False
1107,這是我們不滅隊的秘密特訓！,False
1108,未使用：荒：会話00785,False
1109,未使用：荒：会話00786,False
1110,未使用：荒：会話00787,False
1111,嘿！,False
1112,未使用：荒：会話00789,False
1113,未使用：荒：会話00790,False
1114,哈！,False
1115,未使用：荒：会話00792,False
1116,耶！,False
1117,都給我認真點！,False
1118,未使用：荒：会話00795,False
1119,未使用：荒：会話00796,False
1120,未使用：荒：会話00797,False
1121,未使用：荒：会話00798,False
1122,未使用：荒：会話00799,False
1123,未使用：荒：会話00800,False
1124,未使用：荒：会話00801,False
1125,未使用：荒：会話00802,False
1126,要擺攤的話就到這裡面去吧。,False
1127,你可不要在這裡亂來。,False
1128,未使用：荒：会話00805,False
1129,未使用：荒：会話00806,False
1130,未使用：荒：会話00807,False
1131,我一箭就射中了！,False
1132,真厲害！,False
1133,下次去獵什麼呢？,False
1134,希望能獵到大傢伙呢。,False
1135,未使用：荒：会話00812,False
1136,未使用：荒：会話00813,False
1137,未使用：荒：会話00814,False
1138,未使用：荒：会話00815,False
1139,未使用：荒：会話00816,False
1140,未使用：荒：会話00817,False
1141,你要預讀敵人的動向。,False
1142,哎？我、我該怎麼回應……,False
1143,未使用：荒：会話00820,False
1144,未使用：荒：会話00821,False
1145,下一次我們去獵什麼呢？,False
1146,這烤的真好啊，看著就好吃！,False
1147,未使用：荒：会話00824,False
1148,魔物可千萬別來這裡啊……,False
1149,未使用：荒：会話00826,False
1150,未使用：荒：会話00827,False
1151,未使用：荒：会話00828,False
1152,未使用：荒：会話00829,False
1153,未使用：荒：会話00830,False
1154,未使用：荒：会話00831,False
1155,未使用：荒：会話00832,False
1156,陽光太刺眼了……,False
1157,一會兒就到處都是沙子……,False
1158,未使用：荒：会話00835,False
1159,未使用：荒：会話00836,False
1160,未使用：荒：会話00837,False
1161,嘿咻！嘿咻！,False
1162,未使用：荒：会話00839,False
1163,未使用：荒：会話00840,False
1164,未使用：荒：会話00841,False
1165,未使用：荒：会話00842,False
1166,未使用：荒：会話00843,False
1167,未使用：荒：会話00844,False
1168,未使用：荒：会話00845,False
1169,未使用：荒：会話00846,False
1170,未使用：荒：会話00847,False
1171,未使用：荒：会話00848,False
1172,未使用：荒：会話00849,False
1173,未使用：荒：会話00850,False
1174,未使用：荒：会話00851,False
1175,未使用：荒：会話00852,False
1176,未使用：荒：会話00853,False
1177,未使用：荒：会話00854,False
1178,未使用：荒：会話00855,False
1179,未使用：荒：会話00856,False
1180,未使用：荒：会話00857,False
1181,未使用：荒：会話00858,False
1182,未使用：荒：会話00859,False
1183,未使用：荒：会話00860,False
1184,未使用：荒：会話00861,False
1185,未使用：荒：会話00862,False
1186,未使用：荒：会話00863,False
1187,未使用：荒：会話00864,False
1188,未使用：荒：会話00865,False
1189,未使用：荒：会話00866,False
1190,未使用：荒：会話00867,False
1191,未使用：荒：会話00868,False
1192,未使用：荒：会話00869,False
1193,未使用：荒：会話00870,False
1194,未使用：荒：会話00871,False
1195,未使用：荒：会話00872,False
1196,未使用：荒：会話00873,False
1197,未使用：荒：会話00874,False
1198,未使用：荒：会話00875,False
1199,未使用：荒：会話00876,False
1200,未使用：荒：会話00877,False
1201,未使用：荒：会話00878,False
1202,未使用：荒：会話00879,False
1203,未使用：荒：会話00880,False
1204,未使用：荒：会話00881,False
1205,未使用：荒：会話00882,False
1206,未使用：荒：会話00883,False
1207,未使用：荒：会話00884,False
1208,未使用：荒：会話00885,False
1209,未使用：荒：会話00886,False
1210,未使用：荒：会話00887,False
1211,未使用：荒：会話00888,False
1212,未使用：荒：会話00889,False
1213,未使用：荒：会話00890,False
1214,未使用：荒：会話00891,False
1215,未使用：荒：会話00892,False
1216,未使用：荒：会話00893,False
1217,未使用：荒：会話00894,False
1218,未使用：荒：会話00895,False
1219,未使用：荒：会話00896,False
1220,未使用：荒：会話00897,False
1221,未使用：荒：会話00898,False
1222,未使用：荒：会話00899,False
1223,未使用：荒：会話00900,False
1224,未使用：荒：会話00901,False
1225,未使用：荒：会話00902,False
1226,未使用：荒：会話00903,False
1227,未使用：荒：会話00904,False
1228,未使用：荒：会話00905,False
1229,未使用：荒：会話00906,False
1230,未使用：荒：会話00907,False
1231,未使用：荒：会話00908,False
1232,未使用：荒：会話00909,False
1233,未使用：荒：会話00910,False
1234,未使用：荒：会話00911,False
1235,未使用：荒：会話00912,False
1236,未使用：荒：会話00913,False
1237,未使用：荒：会話00914,False
1238,未使用：荒：会話00915,False
1239,未使用：荒：会話00916,False
1240,未使用：荒：会話00917,False
1241,未使用：荒：会話00918,False
1242,未使用：荒：会話00919,False
1243,未使用：荒：会話00920,False
1244,未使用：荒：会話00921,False
1245,未使用：荒：会話00922,False
1246,未使用：荒：会話00923,False
1247,未使用：荒：会話00924,False
1248,未使用：荒：会話00925,False
1249,未使用：荒：会話00926,False
1250,未使用：荒：会話00927,False
1251,未使用：荒：会話00928,False
1252,未使用：荒：会話00929,False
1253,未使用：荒：会話00930,False
1254,未使用：荒：会話00931,False
1255,未使用：荒：会話00932,False
1256,未使用：荒：会話00933,False
1257,未使用：荒：会話00934,False
1258,未使用：荒：会話00935,False
1259,未使用：荒：会話00936,False
1260,未使用：荒：会話00937,False
1261,未使用：荒：会話00938,False
1262,未使用：荒：会話00939,False
1263,未使用：荒：会話00940,False
1264,未使用：荒：会話00941,False
1265,未使用：荒：会話00942,False
1266,未使用：荒：会話00943,False
1267,未使用：荒：会話00944,False
1268,未使用：荒：会話00945,False
1269,未使用：荒：会話00946,False
1270,未使用：荒：会話00947,False
1271,未使用：荒：会話00948,False
1272,未使用：荒：会話00949,False
1273,未使用：荒：会話00950,False
1274,未使用：荒：会話00951,False
1275,未使用：荒：会話00952,False
1276,未使用：荒：会話00953,False
1277,未使用：荒：会話00954,False
1278,未使用：荒：会話00955,False
1279,未使用：荒：会話00956,False
1280,未使用：荒：会話00957,False
1281,未使用：荒：会話00958,False
1282,未使用：荒：会話00959,False
1283,未使用：荒：会話00960,False
1284,未使用：荒：会話00961,False
1285,未使用：荒：会話00962,False
1286,未使用：荒：会話00963,False
1287,未使用：荒：会話00964,False
1288,未使用：荒：会話00965,False
1289,未使用：荒：会話00966,False
1290,未使用：荒：会話00967,False
1291,未使用：荒：会話00968,False
1292,未使用：荒：会話00969,False
1293,未使用：荒：会話00970,False
1294,未使用：荒：会話00971,False
1295,未使用：荒：会話00972,False
1296,未使用：荒：会話00973,False
1297,未使用：荒：会話00974,False
1298,未使用：荒：会話00975,False
1299,未使用：荒：会話00976,False
1300,未使用：荒：会話00977,False
1301,未使用：荒：会話00978,False
1302,未使用：荒：会話00979,False
1303,未使用：荒：会話00980,False
1304,未使用：荒：会話00981,False
1305,未使用：荒：会話00982,False
1306,未使用：荒：会話00983,False
1307,未使用：荒：会話00984,False
1308,未使用：荒：会話00985,False
1309,未使用：荒：会話00986,False
1310,未使用：荒：会話00987,False
1311,未使用：荒：会話00988,False
1312,未使用：荒：会話00989,False
1313,未使用：荒：会話00990,False
1314,未使用：荒：会話00991,False
1315,未使用：荒：会話00992,False
1316,未使用：荒：会話00993,False
1317,未使用：荒：会話00994,False
1318,未使用：荒：会話00995,False
1319,未使用：荒：会話00996,False
1320,未使用：荒：会話00997,False
1321,未使用：荒：会話00998,False
1322,未使用：荒：会話00999,False
1323,未使用：荒：会話01000,False
1324,森林是屬於我們的！,False
1325,你們逃不掉了！,False
1326,接招！,False
1327,滾開！,False
1328,這個怎麼樣！,False
1329,呀啊！,False
1330,滾開！,False
1331,去死吧！,False
1332,看招！,False
1333,為了王室！,False
1334,我可不會輸給年輕人！,False
1335,嘿！,False
1336,喝！,False
1337,哈！,False
1338,死吧！,False
1339,想得美！,False
1340,墮落的臭海盜們！,False
1341,給我滾開！,False
1342,呀！,False
1343,謔！,False
1344,這個怎麼樣？,False
1345,嘿呀！,False
1346,飛空艇是我們的！,False
1347,奪回飛空艇！,False
1348,該死的帝國走狗！,False
1349,為了艾奧傑亞！,False
1350,用沙子灑他們的眼睛！,False
1351,給我死吧！,False
1352,呀嘿！,False
1353,沒人能打敗我！,False
1354,"就算賭上我這條命！
也要幹掉你！",False
1355,看招！,False
1356,"怎麼了阿爾迪斯，
只有這兩下子麼！",False
1357,闇を謳い…死を言祝げ…！,False
1358,今早釣到的鮮魚啊！,False
1359,我來看看……,False
1360,還活蹦亂跳的呢。,False
1361,未使用：海：会話00854,False
1362,在海上遇到風暴了呢。,False
1363,能平安無事真是太好了。,False
1364,禮物呢？,False
1365,未使用：海：会話00858,False
1366,沒有這回事啦。,False
1367,我什麼都不知道。,False
1368,看什麼看！,False
1369,你是白癡嗎。,False
1370,想嚐嚐苦頭嗎？,False
1371,別靠過來！,False
1372,反正都是我的錯……,False
1373,未使用：海：会話00866,False
1374,未使用：海：会話00867,False
1375,來幹點有趣的事吧……,False
1376,呵呵。,False
1377,嘻嘻。,False
1378,未使用：海：会話00871,False
1379,看你以後還敢不敢！,False
1380,海關在哪裡……,False
1381,檢查貨物要等多長時間？,False
1382,稅率好高啊……,False
1383,未使用：海：会話00876,False
1384,嘿！,False
1385,呼呼。,False
1386,好樣的，哈哈。,False
1387,來吧！,False
1388,哎呀哎呀！,False
1389,真是讓人躍躍欲試啊。,False
1390,下一場也不好對付呢。,False
1391,畢竟對手都是活人嘛。,False
1392,哎，什麼都釣不到呢……,False
1393,……我感受到了宇宙的真理！,False
1394,四處洋溢著殺氣……一切正常！,False
1395,很好……一切順利。,False
1396,我們的人又贏了！,False
1397,嗯，葡萄酒沒有問題……,False
1398,看來是在搬運時磕碰到的……,False
1399,可不要上去啊……,False
1400,這裡怎麼又搞得亂七八糟……,False
1401,這次好多了……,False
1402,未使用：海：会話00895,False
1403,未使用：海：会話00896,False
1404,未使用：海：会話00897,False
1405,未使用：海：会話00898,False
1406,未使用：海：会話00899,False
1407,未使用：海：会話00900,False
1408,未使用：海：会話00901,False
1409,未使用：海：会話00902,False
1410,未使用：海：会話00903,False
1411,未使用：海：会話00904,False
1412,未使用：海：会話00905,False
1413,未使用：海：会話00906,False
1414,未使用：海：会話00907,False
1415,未使用：海：会話00908,False
1416,未使用：海：会話00909,False
1417,未使用：海：会話00910,False
1418,未使用：海：会話00911,False
1419,未使用：海：会話00912,False
1420,未使用：海：会話00913,False
1421,未使用：海：会話00914,False
1422,未使用：海：会話00915,False
1423,未使用：海：会話00916,False
1424,未使用：海：会話00917,False
1425,未使用：海：会話00918,False
1426,未使用：海：会話00919,False
1427,未使用：海：会話00920,False
1428,未使用：海：会話00921,False
1429,未使用：海：会話00922,False
1430,未使用：海：会話00923,False
1431,未使用：海：会話00924,False
1432,未使用：海：会話00925,False
1433,未使用：海：会話00926,False
1434,未使用：海：会話00927,False
1435,未使用：海：会話00928,False
1436,未使用：海：会話00929,False
1437,未使用：海：会話00930,False
1438,未使用：海：会話00931,False
1439,未使用：海：会話00932,False
1440,未使用：海：会話00933,False
1441,未使用：海：会話00934,False
1442,未使用：海：会話00935,False
1443,未使用：海：会話00936,False
1444,未使用：海：会話00937,False
1445,未使用：海：会話00938,False
1446,未使用：海：会話00939,False
1447,未使用：海：会話00940,False
1448,未使用：海：会話00941,False
1449,未使用：海：会話00942,False
1450,未使用：海：会話00943,False
1451,未使用：海：会話00944,False
1452,這豬真能吃啊。,False
1453,未使用：海：会話00946,False
1454,未使用：海：会話00947,False
1455,未使用：海：会話00948,False
1456,未使用：海：会話00949,False
1457,未使用：海：会話00950,False
1458,未使用：海：会話00951,False
1459,未使用：海：会話00952,False
1460,未使用：海：会話00953,False
1461,未使用：海：会話00954,False
1462,未使用：海：会話00955,False
1463,未使用：海：会話00956,False
1464,未使用：海：会話00957,False
1465,未使用：海：会話00958,False
1466,未使用：海：会話00959,False
1467,未使用：海：会話00960,False
1468,未使用：海：会話00961,False
1469,未使用：海：会話00962,False
1470,未使用：海：会話00963,False
1471,未使用：海：会話00964,False
1472,未使用：海：会話00965,False
1473,未使用：海：会話00966,False
1474,未使用：海：会話00967,False
1475,未使用：海：会話00968,False
1476,未使用：海：会話00969,False
1477,未使用：海：会話00970,False
1478,未使用：海：会話00971,False
1479,未使用：海：会話00972,False
1480,未使用：海：会話00973,False
1481,未使用：海：会話00974,False
1482,未使用：海：会話00975,False
1483,未使用：海：会話00976,False
1484,未使用：海：会話00977,False
1485,未使用：海：会話00978,False
1486,未使用：海：会話00979,False
1487,未使用：海：会話00980,False
1488,未使用：海：会話00981,False
1489,未使用：海：会話00982,False
1490,未使用：海：会話00983,False
1491,未使用：海：会話00984,False
1492,未使用：海：会話00985,False
1493,未使用：海：会話00986,False
1494,未使用：海：会話00987,False
1495,未使用：海：会話00988,False
1496,未使用：海：会話00989,False
1497,未使用：海：会話00990,False
1498,未使用：海：会話00991,False
1499,未使用：海：会話00992,False
1500,未使用：海：会話00993,False
1501,未使用：海：会話00994,False
1502,未使用：海：会話00995,False
1503,未使用：海：会話00996,False
1504,未使用：海：会話00997,False
1505,未使用：海：会話00998,False
1506,未使用：海：会話00999,False
1507,未使用：海：会話01000,False
1508,未使用：海：会話01001,False
1509,未使用：海：会話01002,False
1510,未使用：海：会話01003,False
1511,未使用：海：会話01004,False
1512,未使用：海：会話01005,False
1513,未使用：海：会話01006,False
1514,未使用：海：会話01007,False
1515,未使用：海：会話01008,False
1516,未使用：海：会話01009,False
1517,未使用：海：会話01010,False
1518,未使用：海：会話01011,False
1519,未使用：海：会話01012,False
1520,未使用：海：会話01013,False
1521,未使用：海：会話01014,False
1522,未使用：海：会話01015,False
1523,未使用：海：会話01016,False
1524,未使用：海：会話01017,False
1525,未使用：海：会話01018,False
1526,未使用：海：会話01019,False
1527,未使用：海：会話01020,False
1528,未使用：海：会話01021,False
1529,未使用：海：会話01022,False
1530,未使用：海：会話01023,False
1531,未使用：海：会話01024,False
1532,未使用：海：会話01025,False
1533,未使用：海：会話01026,False
1534,魚，魚哦。,False
1535,網倉怎麼走呢……,False
1536,姑娘，給我來10條。,False
1537,有什麼推薦嗎？,False
1538,要選哪個呢……,False
1539,未使用：海：会話01032,False
1540,釣竿真不錯啊。,False
1541,未使用：海：会話01034,False
1542,這可真少見……,False
1543,未使用：海：会話01036,False
1544,未使用：海：会話01037,False
1545,未使用：海：会話01038,False
1546,未使用：海：会話01039,False
1547,未使用：海：会話01040,False
1548,要怎麼辦呢。,False
1549,果然名不虛傳，哈哈。,False
1550,未使用：海：会話01043,False
1551,呦吼吼哎，邊喝酒來邊划船。,False
1552,呦吼吼哎，我們就是群海盜。,False
1553,未使用：海：会話01046,False
1554,很擅長釣魚啊。,False
1555,不來點魚嗎？,False
1556,這上面就是上層甲板了。,False
1557,將這片天空送給你。,False
1558,笨蛋嗎……,False
1559,覺悟吧！,False
1560,未使用：海：会話01053,False
1561,每天都能讓你穿著禮服。,False
1562,哼，然後呢？,False
1563,那就5條全要了！,False
1564,未使用：海：会話01057,False
1565,未使用：海：会話01058,False
1566,未使用：海：会話01059,False
1567,未使用：海：会話01060,False
1568,未使用：海：会話01061,False
1569,未使用：海：会話01062,False
1570,未使用：海：会話01063,False
1571,未使用：海：会話01064,False
1572,未使用：海：会話01065,False
1573,未使用：海：会話01066,False
1574,未使用：海：会話01067,False
1575,未使用：海：会話01068,False
1576,未使用：海：会話01069,False
1577,未使用：海：会話01070,False
1578,未使用：海：会話01071,False
1579,未使用：海：会話01072,False
1580,未使用：海：会話01073,False
1581,未使用：海：会話01074,False
1582,未使用：海：会話01075,False
1583,未使用：海：会話01076,False
1584,未使用：海：会話01077,False
1585,嗚嗚。,False
1586,準備好了嗎？,False
1587,別輸啊！,False
1588,上啊！,False
1589,未使用：海：会話01082,False
1590,未使用：海：会話01083,False
1591,造船師真是不容易啊。,False
1592,未使用：海：会話01085,False
1593,真熱啊……,False
1594,曬得很好嘛。,False
1595,未使用：海：会話01088,False
1596,未使用：海：会話01089,False
1597,未使用：海：会話01090,False
1598,未使用：海：会話01091,False
1599,未使用：海：会話01092,False
1600,未使用：海：会話01093,False
1601,真沒出息！,False
1602,呦吼吼哎，強取豪奪我擅長。,False
1603,清醒了嗎？！,False
1604,未使用：海：会話00820,False
1605,未使用：海：会話00821,False
1606,太慢了太慢了！,False
1607,是……,False
1608,我想與提督見面。,False
1609,要去頂上嗎？,False
1610,來吧，出發了。,False
1611,說詳細一點。,False
1612,那個貨物來50袋。,False
1613,好吃嗎？,False
1614,什麼是幸福呢……,False
1615,之後該怎麼辦呢……,False
1616,未使用：海：会話00833,False
1617,有沒有酒啊？,False
1618,肚子餓了……,False
1619,努力什麼的都是徒勞……,False
1620,未使用：海：会話00837,False
1621,饒不了你！,False
1622,怎麼了，來啊！,False
1623,未使用：海：会話00840,False
1624,未使用：海：会話00841,False
1625,未使用：海：会話00842,False
1626,呦吼吼哎，我們就是群海盜。,False
1627,呦吼吼哎，強取豪奪我擅長。,False
1628,未使用：海：会話00845,False
1629,未使用：海：会話00846,False
1630,想回大海啊。,False
1631,嗝。,False
1632,未使用：海：会話00849,False
1633,混蛋！看我收拾你！,False
1634,目標是茉門之壺嗎？！,False
1635,一、二、三……,False
1636,唔，還早得很。,False
1637,差不多放棄吧。,False
1638,未使用：海：会話01097,False
1639,未使用：海：会話01098,False
1640,未使用：海：会話01099,False
1641,未使用：海：会話01100,False
1642,未使用：海：会話01101,False
1643,未使用：海：会話01102,False
1644,未使用：海：会話01103,False
1645,未使用：海：会話01104,False
1646,未使用：海：会話01105,False
1647,未使用：海：会話01106,False
1648,未使用：海：会話01107,False
1649,未使用：海：会話01108,False
1650,未使用：海：会話01109,False
1651,未使用：海：会話01110,False
1652,接下來去哪？,False
1653,砂鹽海岸怎麼樣？,False
1654,未使用：海：会話01113,False
1655,未使用：海：会話01114,False
1656,哈哈哈……,False
1657,今天該我贏了……,False
1658,被壓制了？！,False
1659,未使用：海：会話01118,False
1660,有什麼特長？,False
1661,爬桅杆！,False
1662,真緊張……,False
1663,未使用：海：会話01122,False
1664,哎，有兩下子啊。,False
1665,哈哈哈……,False
1666,不來我們船嗎？,False
1667,再低一點……,False
1668,嗚嗚。,False
1669,未使用：海：会話01128,False
1670,嗚嗚嗚。,False
1671,請登記貨物。,False
1672,因為是違法商品。,False
1673,很多閃閃發光的。,False
1674,呼哧……檢查 好緊張。,False
1675,我們的商品就是傭兵。,False
1676,正在訓練，安靜點。,False
1677,對付臨時檢查的計畫是……,False
1678,使用誘餌如何。,False
1679,好好，50箱寶石……,False
1680,未使用：海：会話01139,False
1681,哈哈！,False
1682,接待處就在前面！,False
1683,未使用：海：会話01142,False
1684,看招！,False
1685,哎呀哎呀，又來了嗎……,False
1686,舉槍，射擊！,False
1687,未使用：海：会話01146,False
1688,未使用：海：会話01147,False
1689,未使用：海：会話01148,False
1690,未使用：海：会話01149,False
1691,到底想怎麼樣？！,False
1692,我一定注意……,False
1693,未使用：海：会話01152,False
1694,所以才說新兵……,False
1695,還早，還早得很！,False
1696,未使用：海：会話01155,False
1697,未使用：海：会話01156,False
1698,未使用：海：会話01157,False
1699,未使用：海：会話01158,False
1700,未使用：海：会話01159,False
1701,最後的作料是愛……,False
1702,未使用：海：会話01161,False
1703,未使用：海：会話01162,False
1704,活下來真是太好了……,False
1705,未使用：海：会話01164,False
1706,菜單上全部都來吧。,False
1707,隨便點你喜歡的菜。,False
1708,再過來就要逮捕你了！,False
1709,你試試看啊！,False
1710,擺什麼架子啊！,False
1711,未使用：海：会話01170,False
1712,未使用：海：会話01171,False
1713,未使用：海：会話01172,False
1714,未使用：海：会話01173,False
1715,叭啦叭啦，嗚嚕嗚嚕。,False
1716,有很多 好武器哦。,False
1717,談判，成功。,False
1718,Gil不是問題。,False
1719,未使用：海：会話01178,False
1720,要出遠門呢。,False
1721,溫度剛剛好。,False
1722,能等15年嗎？,False
1723,我想訂購一艘。,False
1724,哇！,False
1725,未使用：海：会話01184,False
1726,哎！哎呀！,False
1727,未使用：海：会話01186,False
1728,之後要去哪個港口？,False
1729,未使用：海：会話01188,False
1730,未使用：海：会話01189,False
1731,未使用：海：会話01190,False
1732,未使用：海：会話01191,False
1733,未使用：海：会話01192,False
1734,未使用：海：会話01193,False
1735,未使用：海：会話01194,False
1736,未使用：海：会話01195,False
1737,未使用：海：会話01196,False
1738,未使用：海：会話01197,False
1739,未使用：海：会話01198,False
1740,未使用：海：会話01199,False
1741,未使用：海：会話01200,False
1742,未使用：海：会話01201,False
1743,未使用：海：会話01202,False
1744,哎呀，真難弄啊……,False
1745,呦吼吼哎，絕對不輸給風暴。,False
1746,未使用：海：会話01205,False
1747,真香啊……,False
1748,給我、來兩塊、肉。,False
1749,未使用：海：会話01208,False
1750,未使用：海：会話01209,False
1751,未使用：海：会話01210,False
1752,未使用：海：会話01211,False
1753,未使用：海：会話01212,False
1754,未使用：海：会話01213,False
1755,未使用：海：会話01214,False
1756,未使用：海：会話01215,False
1757,未使用：海：会話01216,False
1758,未使用：海：会話01217,False
1759,未使用：海：会話01218,False
1760,未使用：海：会話01219,False
1761,未使用：海：会話01220,False
1762,未使用：海：会話01221,False
1763,未使用：海：会話01222,False
1764,未使用：海：会話01223,False
1765,未使用：海：会話01224,False
1766,未使用：海：会話01225,False
1767,這是規定。,False
1768,解禁火槍！,False
1769,未使用：海：会話01228,False
1770,未使用：海：会話01229,False
1771,未使用：海：会話01230,False
1772,未使用：海：会話01231,False
1773,當差的快滾。,False
1774,揍他，揍他！,False
1775,我來給你塗些草藥油。,False
1776,全身酸痛啊。,False
1777,魚乾有多少要多少。,False
1778,30桶如何。,False
1779,未使用：海：会話01238,False
1780,未使用：海：会話01239,False
1781,未使用：海：会話01240,False
1782,未使用：海：会話01241,False
1783,未使用：海：会話01242,False
1784,未使用：海：会話01243,False
1785,未使用：海：会話01244,False
1786,未使用：海：会話01245,False
1787,未使用：海：会話01246,False
1788,未使用：海：会話01247,False
1789,未使用：海：会話01248,False
1790,未使用：海：会話01249,False
1791,未使用：海：会話01250,False
1792,未使用：海：会話01251,False
1793,未使用：海：会話01252,False
1794,未使用：海：会話01253,False
1795,未使用：海：会話01254,False
1796,未使用：海：会話01255,False
1797,未使用：海：会話01256,False
1798,未使用：海：会話01257,False
1799,未使用：海：会話01258,False
1800,未使用：海：会話01259,False
1801,未使用：海：会話01260,False
1802,未使用：海：会話01261,False
1803,未使用：海：会話01262,False
1804,未使用：海：会話01263,False
1805,未使用：海：会話01264,False
1806,未使用：海：会話01265,False
1807,未使用：海：会話01266,False
1808,未使用：海：会話01267,False
1809,未使用：海：会話01268,False
1810,請稍微來幫幫忙。,False
1811,閉嘴，說什麼廢話。,False
1812,把葡萄酒給我。,False
1813,未使用：海：会話01272,False
1814,未使用：海：会話01273,False
1815,來上吧！,False
1816,我會贏的。,False
1817,要贏啊！,False
1818,來溫暖我的懷抱吧！,False
1819,未使用：海：会話01278,False
1820,哈哈哈，嘻嘻嘻。,False
1821,呦吼吼哎，絕對不輸給風暴。,False
1822,呦吼吼哎，邊喝酒來邊划船。,False
1823,未使用：海：会話01282,False
1824,未使用：海：会話01283,False
1825,未使用：海：会話01284,False
1826,未使用：海：会話01285,False
1827,未使用：海：会話01286,False
1828,未使用：海：会話01287,False
1829,未使用：海：会話01288,False
1830,未使用：海：会話01289,False
1831,未使用：海：会話01290,False
1832,未使用：海：会話01291,False
1833,雄蕊和雌蕊接吻。,False
1834,未使用：海：会話01293,False
1835,未使用：海：会話01294,False
1836,未使用：海：会話01295,False
1837,都曬成乾了……,False
1838,做不完……,False
1839,未使用：海：会話01298,False
1840,未使用：海：会話01299,False
1841,未使用：海：会話01300,False
1842,未使用：海：会話01301,False
1843,呦吼吼哎，我們就是群海盜。,False
1844,呦吼吼哎，邊喝酒來邊划船。,False
1845,未使用：海：会話01304,False
1846,未使用：海：会話01305,False
1847,呦吼吼哎，強取豪奪我擅長。,False
1848,呼呼……,False
1849,未使用：海：会話01308,False
1850,未使用：海：会話01309,False
1851,未使用：海：会話01310,False
1852,未使用：海：会話01311,False
1853,升起升降梯！,False
1854,來啦來啦！,False
1855,未使用：海：会話01314,False
1856,未使用：海：会話01315,False
1857,未使用：海：会話01316,False
1858,未使用：海：会話01317,False
1859,好！好！,False
1860,貨物多到應付不過來。,False
1861,是！,False
1862,是！,False
1863,是！,False
1864,是！,False
1865,是！,False
1866,喵！,False
1867,未使用：海：会話01326,False
1868,未使用：海：会話01327,False
1869,未使用：海：会話01328,False
1870,未使用：海：会話01329,False
1871,湯可不能斷！,False
1872,未使用：海：会話01331,False
1873,"好嘞！
是要扣到敵人腦袋上是吧！",False
1874,未使用：海：会話01333,False
1875,為夜間的襲擊做準備。,False
1876,我來負責瞭望！,False
1877,未使用：海：会話01336,False
1878,開始巡邏！,False
1879,未使用：海：会話01338,False
1880,未使用：海：会話01339,False
1881,未使用：海：会話01340,False
1882,未使用：海：会話01341,False
1883,未使用：海：会話01342,False
1884,未使用：海：会話01343,False
1885,未使用：海：会話01344,False
1886,未使用：海：会話01345,False
1887,未使用：海：会話01346,False
1888,未使用：海：会話01347,False
1889,未使用：海：会話01348,False
1890,未使用：海：会話01349,False
1891,漂亮地綻放吧。,False
1892,未使用：海：会話01351,False
1893,未使用：海：会話01352,False
1894,未使用：海：会話01353,False
1895,新肥料哦。,False
1896,未使用：海：会話01355,False
1897,未使用：海：会話01356,False
1898,未使用：海：会話01357,False
1899,未使用：海：会話01358,False
1900,未使用：海：会話01359,False
1901,未使用：海：会話01360,False
1902,未使用：海：会話01361,False
1903,未使用：海：会話01362,False
1904,未使用：海：会話01363,False
1905,未使用：海：会話01364,False
1906,未使用：海：会話01365,False
1907,未使用：海：会話01366,False
1908,未使用：海：会話01367,False
1909,不會害怕嗎。,False
1910,未使用：海：会話01369,False
1911,未使用：海：会話01370,False
1912,未使用：海：会話01371,False
1913,未使用：海：会話01372,False
1914,未使用：海：会話01373,False
1915,未使用：海：会話01374,False
1916,未使用：海：会話01375,False
1917,未使用：海：会話01376,False
1918,未使用：海：会話01377,False
1919,未使用：海：会話01378,False
1920,未使用：海：会話01379,False
1921,未使用：海：会話01380,False
1922,未使用：海：会話01381,False
1923,未使用：海：会話01382,False
1924,未使用：海：会話01383,False
1925,未使用：海：会話01384,False
1926,未使用：海：会話01385,False
1927,未使用：海：会話01386,False
1928,未使用：海：会話01387,False
1929,未使用：海：会話01388,False
1930,未使用：海：会話01389,False
1931,未使用：海：会話01390,False
1932,未使用：海：会話01391,False
1933,未使用：海：会話01392,False
1934,未使用：海：会話01393,False
1935,未使用：海：会話01394,False
1936,未使用：海：会話01395,False
1937,未使用：海：会話01396,False
1938,未使用：海：会話01397,False
1939,未使用：海：会話01398,False
1940,未使用：海：会話01399,False
1941,未使用：海：会話01400,False
1942,未使用：海：会話01401,False
1943,未使用：海：会話01402,False
1944,未使用：海：会話01403,False
1945,未使用：海：会話01404,False
1946,未使用：海：会話01405,False
1947,未使用：海：会話01406,False
1948,未使用：海：会話01407,False
1949,未使用：海：会話01408,False
1950,未使用：海：会話01409,False
1951,未使用：海：会話01410,False
1952,未使用：海：会話01411,False
1953,未使用：海：会話01412,False
1954,未使用：海：会話01413,False
1955,未使用：海：会話01414,False
1956,未使用：海：会話01415,False
1957,未使用：海：会話01416,False
1958,未使用：海：会話01417,False
1959,未使用：海：会話01418,False
1960,未使用：海：会話01419,False
1961,未使用：海：会話01420,False
1962,在工作呢……,False
1963,未使用：海：会話01422,False
1964,未使用：海：会話01423,False
1965,未使用：海：会話01424,False
1966,未使用：海：会話01425,False
1967,船遭到襲擊了。,False
1968,貨物都被搶走了。,False
1969,未使用：海：会話01428,False
1970,未使用：海：会話01429,False
1971,未使用：海：会話01430,False
1972,未使用：海：会話01431,False
1973,未使用：海：会話01432,False
1974,喂，快躲開，快躲開！,False
1975,未使用：海：会話01434,False
1976,未使用：海：会話01435,False
1977,這邊，這邊。,False
1978,未使用：海：会話01437,False
1979,未使用：海：会話01438,False
1980,未使用：海：会話01439,False
1981,未使用：海：会話01440,False
1982,未使用：海：会話01441,False
1983,未使用：海：会話01442,False
1984,未使用：海：会話01443,False
1985,未使用：海：会話01444,False
1986,會不會有搗亂的……,False
1987,未使用：海：会話01446,False
1988,未使用：海：会話01447,False
1989,未使用：海：会話01448,False
1990,未使用：海：会話01449,False
1991,好了，這就湊齊了。,False
1992,未使用：海：会話01451,False
1993,未使用：海：会話01452,False
1994,未使用：海：会話01453,False
1995,飼料足夠了。,False
1996,未使用：海：会話01455,False
1997,那不是放在這裡的。,False
1998,可惡，真沉啊！,False
1999,渡渡鳥肉齊了。,False
2000,這就是所有的了。,False
2001,真煩人老太婆。,False
2002,已經累了吧？,False
2003,下季的小麥已經買完了。,False
2004,不是你們家的很困擾啊！,False
2005,特意跑來了呢。,False
2006,來晚了嗎。,False
2007,打起精神來……,False
2008,薰衣草的訂單。,False
2009,最近很受歡迎呢。,False
2010,我們家的小麥啊。,False
2011,未使用：海：会話01470,False
2012,未使用：海：会話01471,False
2013,未使用：海：会話01472,False
2014,未使用：海：会話01473,False
2015,這味道的秘訣是什麼？,False
2016,未使用：海：会話01475,False
2017,咕哎。,False
2018,未使用：海：会話01477,False
2019,快點幹活。,False
2020,幹了好多活……,False
2021,未使用：海：会話01480,False
2022,未使用：海：会話01481,False
2023,嗚嚕嗚嚕……,False
2024,明天是晚班。,False
2025,未使用：海：会話01484,False
2026,未使用：海：会話01485,False
2027,未使用：海：会話01486,False
2028,未使用：海：会話01487,False
2029,未使用：海：会話01488,False
2030,咳咳……,False
2031,未使用：海：会話01490,False
2032,未使用：海：会話01491,False
2033,未使用：海：会話01492,False
2034,回柵欄裡去吧。,False
2035,未使用：海：会話01494,False
2036,未使用：海：会話01495,False
2037,未使用：海：会話01496,False
2038,未使用：海：会話01497,False
2039,未使用：海：会話01498,False
2040,未使用：海：会話01499,False
2041,未使用：海：会話01500,False
2042,振作點……,False
2043,多溜溜，讓它們疲憊些。,False
2044,未使用：海：会話01503,False
2045,換換肥料吧。,False
2046,種大豆如何？,False
2047,先讓我放這裡一會兒。,False
2048,未使用：海：会話01507,False
2049,羊毛不夠啊。,False
2050,未使用：海：会話01509,False
2051,未使用：海：会話01510,False
2052,未使用：海：会話01511,False
2053,未使用：海：会話01512,False
2054,未使用：海：会話01513,False
2055,未使用：海：会話01514,False
2056,那邊的空桌也都有人訂了嗎……,False
2057,很困擾啊。,False
2058,居然要沒收？！,False
2059,魚啊，快上鉤吧。,False
2060,未使用：海：会話01519,False
2061,有生意要談？,False
2062,柵欄壞了啊。,False
2063,來玩玩吧。,False
2064,真出色的商人。,False
2065,啊哈哈哈。,False
2066,嗚。,False
2067,噓……不要吵醒他。,False
2068,不知帝國軍又有什麼動向。,False
2069,這可是1565年的紅酒。,False
2070,嗯，那給我來三瓶。,False
2071,呃，對不起……,False
2072,你看看這滿樹的葡萄！,False
2073,這些葡萄看起來就很好吃啊。,False
2074,大姐，再來一瓶！,False
2075,唉，酒品夠差的……,False
2076,喝紅酒果然要吃肉才對吧？,False
2077,澆澆水，澆澆水,False
2078,這些草料都濕了呢。,False
2079,呼啊……,False
2080,呼……,False
2081,他們都到哪裡去了？,False
2082,這破損得很嚴重啊。,False
2083,讓我們試一次吧！,False
2084,唉，今晚也是吃水母啊……,False
2085,必殺！魚人大切斷！,False
2086,對這個作戰有什麼其他意見嗎？,False
2087,現在正是好機會！,False
2088,理解這次的作戰計畫了嗎？,False
2089,這些可是新兵器的試驗品……,False
2090,更重要的是武器和彈藥！,False
2091,快一點。,False
2092,儲備品數量充足！,False
2093,真的？,False
2094,真的出現了哦……,False
2095,來一杯特製的小麥酒咯！,False
2096,我才沒醉呢！,False
2097,在這個價錢時就出手吧。,False
2098,有需要時請一定找我們！,False
2099,輕輕鬆鬆。,False
2100,這貨物可不太妙啊……,False
2101,說啥啊……嗝！,False
2102,酒品稅一分都不能少。,False
2103,快下來，你不害臊嗎？,False
2104,哇，好大的船啊！,False
2105,你來這裡有什麼事？,False
2106,和火藥打交道時要小心謹慎！,False
2107,呃，按照教科書上做的話……,False
2108,喝小麥酒時就要吃魚才好啊。,False
2109,那艘船的臨檢記錄在哪來著……,False
2110,從理論上來講是沒錯。,False
2111,嗝，好像喝多啦。,False
2112,要準備大型船隻……,False
2113,你們都別偷懶！,False
2114,你知道嗎？硝石的原料……,False
2115,喂，最好適可而止啊。,False
2116,嗝，煩死了！,False
2117,哦，從烏爾達哈來的？,False
2118,你要更優雅！更美麗！,False
2119,下一場戰事好像會持續很久……,False
2120,嗚哦哦……肚子……好疼……,False
2121,未使用：海：会話01580,False
2122,嗚啊啊啊啊……,False
2123,納爾札爾神啊……請救救我……,False
2124,"我做了個十分甜美的夢……
是個永遠都不會醒來的夢……",False
2125,……小耶蘿·姆恩……,False
2126,咕……振作點啊……我的胃！,False
2127,"我看到了早就去世的奶奶
在河對岸向我招手……",False
2128,耶蘿·姆恩……真是個好女人！,False
2129,嗚咕……好難受嗚嗚嗚……,False
2130,那是什麼？！,False
2131,陸行鳥？！好像不對啊……,False
2132,真是充滿活力啊……,False
2133,真是神奇的生物……,False
2134,媽媽，那是什麼啊？,False
2135,呃……是什麼呢……,False
2136,哇！好厲害啊！快來看啊！,False
2137,是人？還是陸行鳥？,False
2138,是馬！,False
2139,雖然不知道是在幹啥不過加油啊！,False
2140,衝啊衝啊！,False
2141,哦，還挺有意思的啊。,False
2142,這比陸行鳥跑得還快呢！,False
2143,加油！,False
2144,喲！挺帥氣的嘛！,False
2145,就差一點了！加油！,False
2146,有奇怪的東西在奔跑！,False
2147,哇哦！好帥！,False
2148,未使用：海：会話01607,False
2149,未使用：海：会話01608,False
2150,未使用：海：会話01609,False
2151,未使用：海：会話01610,False
2152,未使用：海：会話01611,False
2153,未使用：海：会話01612,False
2154,未使用：海：会話01613,False
2155,未使用：海：会話01614,False
2156,未使用：海：会話01615,False
2157,未使用：海：会話01616,False
2158,未使用：海：会話01617,False
2159,未使用：海：会話01618,False
2160,未使用：海：会話01619,False
2161,未使用：海：会話01620,False
2162,未使用：海：会話01621,False
2163,未使用：海：会話01622,False
2164,未使用：海：会話01623,False
2165,未使用：海：会話01624,False
2166,未使用：海：会話01625,False
2167,未使用：海：会話01626,False
2168,未使用：海：会話01627,False
2169,未使用：海：会話01628,False
2170,未使用：海：会話01629,False
2171,未使用：海：会話01630,False
2172,未使用：海：会話01631,False
2173,未使用：海：会話01632,False
2174,未使用：海：会話01633,False
2175,未使用：海：会話01634,False
2176,未使用：海：会話01635,False
2177,未使用：海：会話01636,False
2178,未使用：海：会話01637,False
2179,未使用：海：会話01638,False
2180,未使用：海：会話01639,False
2181,未使用：海：会話01640,False
2182,未使用：海：会話01641,False
2183,未使用：海：会話01642,False
2184,未使用：海：会話01643,False
2185,未使用：海：会話01644,False
2186,未使用：海：会話01645,False
2187,未使用：海：会話01646,False
2188,未使用：海：会話01647,False
2189,未使用：海：会話01648,False
2190,未使用：海：会話01649,False
2191,未使用：海：会話01650,False
2192,未使用：海：会話01651,False
2193,未使用：海：会話01652,False
2194,未使用：海：会話01653,False
2195,未使用：海：会話01654,False
2196,未使用：海：会話01655,False
2197,未使用：海：会話01656,False
2198,未使用：海：会話01657,False
2199,未使用：海：会話01658,False
2200,未使用：海：会話01659,False
2201,未使用：海：会話01660,False
2202,未使用：海：会話01661,False
2203,未使用：海：会話01662,False
2204,未使用：海：会話01663,False
2205,未使用：海：会話01664,False
2206,未使用：海：会話01665,False
2207,未使用：海：会話01666,False
2208,未使用：海：会話01667,False
2209,未使用：海：会話01668,False
2210,未使用：海：会話01669,False
2211,未使用：海：会話01670,False
2212,未使用：海：会話01671,False
2213,未使用：海：会話01672,False
2214,未使用：海：会話01673,False
2215,未使用：海：会話01674,False
2216,未使用：海：会話01675,False
2217,未使用：海：会話01676,False
2218,未使用：海：会話01677,False
2219,未使用：海：会話01678,False
2220,未使用：海：会話01679,False
2221,未使用：海：会話01680,False
2222,未使用：海：会話01681,False
2223,未使用：海：会話01682,False
2224,未使用：海：会話01683,False
2225,未使用：海：会話01684,False
2226,未使用：海：会話01685,False
2227,未使用：海：会話01686,False
2228,未使用：海：会話01687,False
2229,未使用：海：会話01688,False
2230,未使用：海：会話01689,False
2231,未使用：海：会話01690,False
2232,未使用：海：会話01691,False
2233,未使用：海：会話01692,False
2234,未使用：海：会話01693,False
2235,未使用：海：会話01694,False
2236,未使用：海：会話01695,False
2237,未使用：海：会話01696,False
2238,未使用：海：会話01697,False
2239,未使用：海：会話01698,False
2240,未使用：海：会話01699,False
2241,未使用：海：会話01700,False
2242,未使用：海：会話01701,False
2243,未使用：海：会話01702,False
2244,未使用：海：会話01703,False
2245,未使用：海：会話01704,False
2246,未使用：海：会話01705,False
2247,未使用：海：会話01706,False
2248,未使用：海：会話01707,False
2249,未使用：海：会話01708,False
2250,未使用：海：会話01709,False
2251,未使用：海：会話01710,False
2252,未使用：海：会話01711,False
2253,未使用：海：会話01712,False
2254,未使用：海：会話01713,False
2255,未使用：海：会話01714,False
2256,未使用：海：会話01715,False
2257,未使用：海：会話01716,False
2258,未使用：海：会話01717,False
2259,未使用：海：会話01718,False
2260,未使用：海：会話01719,False
2261,未使用：海：会話01720,False
2262,未使用：海：会話01721,False
2263,未使用：海：会話01722,False
2264,未使用：海：会話01723,False
2265,未使用：海：会話01724,False
2266,未使用：海：会話01725,False
2267,未使用：海：会話01726,False
2268,未使用：海：会話01727,False
2269,未使用：海：会話01728,False
2270,未使用：海：会話01729,False
2271,未使用：海：会話01730,False
2272,未使用：海：会話01731,False
2273,未使用：海：会話01732,False
2274,未使用：海：会話01733,False
2275,未使用：海：会話01734,False
2276,未使用：海：会話01735,False
2277,未使用：海：会話01736,False
2278,未使用：海：会話01737,False
2279,未使用：海：会話01738,False
2280,未使用：海：会話01739,False
2281,未使用：海：会話01740,False
2282,未使用：海：会話01741,False
2283,未使用：海：会話01742,False
2284,未使用：海：会話01743,False
2285,未使用：海：会話01744,False
2286,未使用：海：会話01745,False
2287,未使用：海：会話01746,False
2288,未使用：海：会話01747,False
2289,未使用：海：会話01748,False
2290,未使用：海：会話01749,False
2291,未使用：海：会話01750,False
2292,未使用：海：会話01751,False
2293,未使用：海：会話01752,False
2294,未使用：海：会話01753,False
2295,未使用：海：会話01754,False
2296,未使用：海：会話01755,False
2297,未使用：海：会話01756,False
2298,未使用：海：会話01757,False
2299,未使用：海：会話01758,False
2300,看招！利沃爾德！,False
2301,"哇哈哈哈！
去死吧，去死吧，去死吧！",False
2302,啊！救命！,False
2303,"我才不是海盜呢！
絕對不是！",False
2304,什麼人？！,False
2305,"哎呀，歡迎回來……
你是誰？！",False
2306,"饒了我吧，
求求你饒了我吧。",False
2307,這下就能逃了嗎？,False
2308,有人來救我們了呢！,False
2309,我不會再反抗了……,False
2310,"嗚嗚……
媽媽……",False
2311,我們被海盜綁架了……,False
2312,"還要陪你幾次才行……
哎，你是來救我們的？",False
2313,把海盜們狠狠揍一頓！,False
2314,嚐嚐我這能量彈的厲害！,False
2315,你逃不掉的！,False
2316,嗚嗷嗷！,False
2317,"獻上我的怨恨！
降臨吧，異界的蟲王！",False
2318,……我會等的。,False
2319,這水再深點，我就要淹死了……,False
2320,嗚嗚……泡太久了，頭好暈。,False
2321,好想趕快回到崗位上去啊。,False
2322,機會難得，不去泡一泡嗎？,False
2323,需要長期療養嗎？,False
2324,我的皮膚滑溜溜喵！,False
2325,頭……好暈……,False
2326,會不會有點高？,False
2327,歡迎光臨！,False
2328,呼！哈！,False
2329,這裡也熱鬧起來了啊。,False
2330,全都搬走。,False
2331,沒有異常！,False
2332,做農作的好時節到了啊……,False
2333,哈啊，真是讓人受不了。,False
2334,要一個人幹掉一隻龍！,False
2335,啊，暖和起來了。,False
2336,下次休息是什麼時候來著？,False
2337,嗚嗚……可惡的龍族……,False
2338,又有一個小隊在暴風雪中……,False
2339,這天可真是冷啊。,False
2340,不要在遺跡亂來啊！,False
2341,再往北挖吧。,False
2342,應該值得一試。,False
2343,巨人族實在很麻煩啊。,False
2344,唔……這些圖案是……,False
2345,起霧的話調查就必須停下了。,False
2346,大審門現在已經封鎖。,False
2347,這不是冒險者該來的地方。,False
2348,總覺得最近有不太好的預感啊。,False
2349,嗯，我也有同感。,False
2350,肉乾又不夠啦。,False
2351,唉，真不想值班。,False
2352,"是買紅的還是白的呢……
或者都買？",False
2353,我說，這主意不錯吧？,False
2354,你被開除了！開除！,False
2355,下次要上雙倍！,False
2356,呃……那影子是什麼？,False
2357,嘿咻。,False
2358,來一個殺一個！,False
2359,1、2……9、10……41、42……,False
2360,7、8……嗯？39、40……嗯？,False
2361,啊，還是肉好吃。,False
2362,這節奏很好！保持住！,False
2363,不要胡鬧！給我大聲點！,False
2364,嗚……我的手……,False
2365,"願你的靈魂，
去往哈羅妮女神的身邊……",False
2366,你們都給我注意點！別鬆懈！,False
2367,我需要對凍傷有效的藥……,False
2368,你是冒險者嗎？,False
2369,這條件還不錯。,False
2370,讓我們賺一筆吧。,False
2371,又用傭兵部隊嗎……,False
2372,還要變得更強才行！,False
2373,你有看到什麼東西一閃而過嗎？,False
2374,這邊沒有異常。,False
2375,真是一片雪白啊……,False
2376,訓練實在是太苦了……,False
2377,這和實戰比也只是兒戲而已哦。,False
2378,……你習慣這遍地的雪了嗎？,False
2379,我把便箋放到哪裡去了？,False
2380,真是太嚴格了……,False
2381,我撐得住！,False
2382,真暖和……,False
2383,有什麼事嗎？,False
2384,真想回到都城裡去。,False
2385,嗯……啊……,False
2386,你大概吃不慣這裡的食物。,False
2387,整支部隊都完了。,False
2388,該死的龍族……,False
2389,讓我睡一會兒……,False
2390,雪要到何時才能化啊……,False
2391,占星台的預測裡說……,False
2392,你可不要跳下去哦。,False
2393,從那顆星的位置來看的話……,False
2394,我們需要更多的記錄！,False
2395,請你這樣轉告騎士大人。,False
2396,嗯嗯……,False
2397,嗯？是冒險者啊……,False
2398,你要一個人去巡邏？,False
2399,嗯，一會就回來。,False
2400,我看到了！那是帝國的……,False
2401,等這次任務結束，我就要……,False
2402,你是來幫忙的嗎？,False
2403,誰來幫我一下啊？,False
2404,這裡的警戒很完善。,False
2405,"警衛實行輪班制，我是3號，
做過各種職業。",False
2406,我是5號衛兵，擅長模仿！,False
2407,"我是7號衛兵……
你相信有人能和星球對話嗎？",False
2408,輪班警戒，毫無問題。,False
2409,警衛是沒有神的……,False
2410,"我是9號衛兵，
最痛恨盜賊團什麼的了。",False
2411,"我是11號衛兵，
幹這行有十年以上了。",False
2412,裡面怎麼好像很熱鬧？,False
2413,我是14號衛兵。,False
2414,這裡的警衛是輪班制的。,False
2415,"原來的14號回老家了，
我是新生14號……久等了。",False
2416,"警衛不停地輪換……
我是15號。",False
2417,我要報仇！,False
2418,必須好好補充營養！,False
2419,傷口……陣陣劇痛。,False
2420,耳朵快要凍掉啦。,False
2421,啊，感覺來了！,False
2422,百發百中！,False
2423,嗚嗚嗚……好冷……,False
2424,哈！哈！嘿！,False
2425,這是天要亡我們嗎……,False
2426,要變得像大師一樣優雅！,False
2427,熱情洋溢的……紳士！,False
2428,要更加……更加紳士！,False
2429,清風明月亂我心……,False
2430,嚐嚐我的厲害！,False
2431,不要放走人類！,False
2432,竟敢在吾等陣營裡撒野！,False
2433,材料的搬運要……,False
2434,……原來如此……,False
2435,注意提高警惕！,False
2436,可惡的妖異！,False
2437,是前來增援的嗎？太感謝了！,False
2438,拜託了……請救救我的同伴！,False
2439,來戰啊呼啾！,False
2440,上前迎擊呼啾！,False
2441,看招呼啾！,False
2442,來戰啊呼啾！,False
2443,上前迎擊呼啾！,False
2444,看招呼啾！,False
2445,好好搬！別弄掉了！,False
2446,最重要的是控制火候！,False
2447,我知道你還能更加把勁！,False
2448,救命啊呼啾！,False
2449,放開我啊呼啾！,False
2450,好難受呼啾！,False
2451,沒想到和他們還挺談得來。,False
2452,強將手下無弱兵！,False
2453,這個主意不錯呼啾！,False
2454,進入警戒態勢呼啾！,False
2455,種植蘑菇散播毒瓦斯呼啾！,False
2456,布下陷阱呼啾！,False
2457,之後就交給你了呼啾！,False
2458,看招！看我憤怒的一擊！,False
2459,要改良大嘴草呼啾！,False
2460,哼哼呼啾。,False
2461,"那邊的！動作快點！
這些石頭可不會自己動起來！",False
2462,天啊，什麼都得我親自來做？,False
2463,"我快受不了了……
我連睡覺都夢見在鋪路……",False
2464,這裡態度才是最重要的！,False
2465,我什麼也看不見喵。,False
2466,一定有辦法……,False
2467,去你的吧！,False
2468,笨蛋！白癡！,False
2469,你想要進行訓練嗎？,False
2470,進去吧！放開手去試試！,False
2471,果然還是害怕了？,False
2472,喂喂，集中注意力！,False
2473,用力！,False
2474,是、是！,False
2475,下次比試一定要贏！,False
2476,哦，是冒險者啊……,False
2477,只有強者才能活下來！,False
2478,劍鬥士還真是艱辛……,False
2479,"你那畏畏縮縮的樣子
可無法捕獲觀眾的心！",False
2480,如果害怕那就輸了……,False
2481,給我振作點！,False
2482,只要先發制人……,False
2483,魔獸都在等著你們呢！,False
2484,集中精神！,False
2485,這裡的魔獸都是我養的。,False
2486,"劍鬥士之間的戰鬥
才是鬥技場的看點！",False
2487,他的每一招都十分猛烈……,False
2488,要學會如何攻破防守！,False
2489,如果不夠堅毅，則無法取勝……,False
2490,暈船、好難受……嘔……,False
2491,"我才 沒在睡覺呢。
工作 好累啊……",False
2492,未使用：海：コボルド：00009,False
2493,呼嘶……魚在哪裡啊？,False
2494,要會讀懂海潮的起落。,False
2495,嘿嘿 一起來玩耍吧。,False
2496,我們一起 來鍊金吧。,False
2497,救 救命啊！誰能幫幫我？,False
2498,這裡就交給我！,False
2499,小心那些搞怪的妖精！,False
2500,找到賢人了嗎？,False
2501,你想要撤退嗎？,False
2502,願戰爭神哈羅妮保佑！,False
2503,"跟上先遣隊，
我們也準備進行突破！",False
2504,可惡的異端者……,False
2505,無、無法克制內心的恐懼……,False
2506,"我會活著回去的。
哈羅妮在保佑我。",False
2507,"我要淡定……
這和訓練時沒什麼兩樣……",False
2508,"我、我的同伴……
就拜託你了……",False
2509,呼嘶……你找珊瑚尖槍幹嘛？,False
2510,"呼嘶……你是……
諾布那裡的小鬼嗎？",False
2511,呼嘶……好疼好疼……,False
2512,"全都 交給 你來決定就好啦。
拜託了喲。",False
2513,,False
2514,,False
2515,,False
2516,打垮這群該死的傢伙！,False
2517,戰鬥準備完畢！,False
2518,來吧！臭烏龜！,False
2519,吃我一招！,False
2520,看招！,False
2521,這招怎麼樣！,False
2522,呀呵！,False
2523,你能看見什麼嗎？,False
2524,我穿成這樣就是以防萬一！,False
2525,挖得再深一點！,False
2526,"新鮮的蔬菜！
早上剛摘下來的！",False
2527,沒有比這更棒的蔬菜了！,False
2528,咕咕,False
2529,吱吱,False
2530,小紅！小紅？,False
2531,咕咕,False
2532,這裡還在準備中。,False
2533,那姑娘去哪了？,False
2534,能不能釣上來呢喵？,False
2535,一定要釣一條大的上來喵！,False
2536,喵喵！,False
2537,釣上來好大一條喵！,False
2538,主人一定會很開心的喵！,False
2539,"一條也沒釣上來喵……
還是買點什麼回去好了喵……",False
2540,冒險者，你來了啊！,False
2541,加油！,False
2542,讓我們看看你華麗的技巧！,False
2543,我也要成為冒險者！,False
2544,我支持你！,False
2545,加油！,False
2546,來了！,False
2547,冒險者！,False
2548,真威風……,False
2549,好帥！,False
2550,加油！,False
2551,冒險者！,False
2552,喲！,False
2553,加油呀！,False
2554,來個痛快的！,False
2555,冒險者！,False
2556,來了來了！,False
2557,上啊！,False
2558,"太棒了！
採到種子了！",False
2559,莫非王土！,False
2560,哦？這是……,False
2561,挖到好東西了！,False
2562,嗯，不錯不錯。,False
2563,好嘞，今天狀態還不錯！,False
2564,呼……還真有點累。,False
2565,"哦？是同行啊？
我們一起加油吧！",False
2566,接下來該把這交給主人去了……,False
2567,"好啦！
要去找下一份工作了！",False
2568,"敢在這裡撒野，
小心我把你打得屁滾尿流！",False
2569,"《巴術士心得》……
有這麼一本書來的嗎……",False
2570,大家都在看什麼呢？,False
2571,海に沈めてやろう！,False
2572,蟹のエサにしてくれる！,False
2573,水神様のために！,False
2574,さあ、私たちと一緒に…,False
2575,この姿を…見るな…！,False
2576,どうせ戻れないなら…,False
2577,太棒了，贏了！,False
2578,好厲害！又贏了啊？,False
2579,"距離下次比賽還有點時間。
我就趁現在送過去吧。",False
2580,沒有什麼獵物嘛。,False
2581,嗯……沒有呢……,False
2582,不准過來呼啾！,False
2583,啊！酒沒了！,False
2584,商務談判怎麼還不快點結束……,False
2585,小不點們多吃點！,False
2586,基礎很重要！,False
2587,還有好多活要幹呢！,False
2588,像那麼回事了！,False
2589,人類的技術還挺了不得！,False
2590,馬上就要完成了！,False
2591,我們的夢想無極限！,False
2592,呼嚕……呼嚕……,False
2593,●00011,False
2594,●00012,False
2595,●00013,False
2596,●00014,False
2597,●00015,False
2598,我再去別的地方找找……,False
2599,沒有呢……,False
2600,小紅，你在哪裡？,False
2601,沒有小紅的氣味呢。,False
2602,真是的，到底去哪了……,False
2603,喂，小紅！,False
2604,"為什麼我……
會碰上這種事……",False
2605,喂！堅持住！,False
2606,我已經……不行了……,False
2607,"我們心頭的怨恨
好不容易才得以消散……",False
2608,"為什麼不能讓我們
平靜地生活……",False
2609,嗷……,False
2610,嗚……,False
2611,給我……一個痛快……,False
2612,"你是來幫我們的？！
拜、拜託了，救救我的同伴……",False
2613,小紅、小紅你在哪裡呀。,False
2614,到底去哪了啦！,False
2615,請救救我的同伴！,False
2616,"喂喂……
要打去外面打……",False
2617,要是能釣到就好啦！,False
2618,大魚快來！,False
2619,哦哦！,False
2620,耶！釣到了！,False
2621,主人一定會很高興的！,False
2622,"什麼收穫也沒有……
還是買點什麼回去好了……",False
2623,"太棒啦！
有這麼多啊！",False
2624,莫非王土！,False
2625,噢噢！這是？！,False
2626,採到了好多啊！！,False
2627,很好！,False
2628,噢噢！不錯！,False
2629,哎喲，真是累死我了。,False
2630,"同行嗎？
挺努力的啊！",False
2631,"就這些了。
趕快交給主人去。",False
2632,我又贏了！,False
2633,"又贏了？！
真厲害啊！",False
2634,"哼哼，小意思。
給我點好裝備。",False
2635,"離下一次還有不少時間……
趁現在去送一趟吧。",False
2636,這附近的獵物已經被討伐光啦。,False
2637,下次去哪狩獵呢？,False
2638,加油！,False
2639,賺瘋了！,False
2640,太棒了！,False
2641,好身手！,False
2642,真不錯！,False
2643,哎呀，累死啦！,False
2644,"你也是來採礦的？
加油！",False
2645,"採了好多啊！
我得趕快回去了。",False
2646,"我也是很忙的，
不要兩分鐘就喊一次好嗎……",False
2647,"同行？
你也不容易啊……",False
2648,"又來了……
這回又要賣什麼啊……",False
2649,我都沒時間好好釣魚了……,False
2650,偶爾也想釣條大的啊！,False
2651,上鉤了！,False
2652,太好了！大魚！,False
2653,主人一定會很高興的！,False
2654,"完全釣不到啊……
換個地方再試試吧……",False
2655,好帥的僱員喵！,False
2656,不知能釣到什麼喵！,False
2657,"別打擾我，
都不能集中了。",False
2658,"那邊很危險，
小心別掉下去！",False
2659,救救這孩子！,False
2660,振作點！睜開眼睛啊！,False
2661,找我有什麼事啊？,False
2662,"原來如此……
還有別的情報嗎？",False
2663,太慢了……還沒來嗎……,False
2664,我餓了……,False
2665,我已經等不及了。,False
2666,下個工作是……,False
2667,怎麼打起來啦？！,False
2668,"雖然不知道怎麼回事……
上啊！打啊！",False
2669,還能堅持……,False
2670,呼……呼……咕哎……,True
2671,親愛的……我們……呼……,True
2672,給我一杯黑醋栗仙人掌怪調酒。,False
2673,讓您久等了。,False
2674,您決定好要點些什麼了嗎？,False
2675,這是黑醋栗仙人掌怪調酒，請慢用。,False
2676,好唷。,False
2677,哦！來了來了！,False
2678,請給我一杯你們這裡的招牌酒水。,False
2679,謝了。,False
2680,左手只是輔助……,False
2681,歡迎來到金碟遊樂園！,False
2682,祝您玩得開心！,False
2683,我想去玩莫古抓球機！,False
2684,慢慢來，別著急。,False
2685,勝利果然是屬於我們的女神的！,False
2686,不錯，很有天賦。,False
2687,我有預感這次一定能開個大！,False
2688,今天玩些什麼好呢？,False
2689,您要是在這裡胡鬧我們會很困擾的。,False
2690,還能不能好好玩了？,False
2691,我知道了……,False
2692,這仙人掌可真夠大的！,False
2693,是時候亮出這張牌了……,False
2694,那就讓你見識見識我的王牌！,False
2695,千萬不能大意。,False
2696,還有逆轉的可能！,False
2697,你要是這麼想可就大錯特錯了哦！,False
2698,我應該用逆向思維思考的……,False
2699,這個娃娃好可愛啊！,False
2700,為了讓我的競賽陸行鳥獲勝……,False
2701,我們快走吧！,False
2702,"那隻大大的莫古利好軟好可愛，
好想撲上去啊！",False
2703,是仙人掌怪先生！,False
2704,現在青磷水可是備受關注啊。,False
2705,聽說青磷水現在可是特需商品！,False
2706,我要不要也買些青磷水呢……,False
2707,我們用青磷水大賺一筆吧！,False
2708,媽媽……我好害怕……,False
2709,哼……看來進展得很順利。,False
2710,看這邊！,False
2711,我得休息一下了……,False
2712,我想爬這個！,False
2713,"你知道嗎？
世界上最高的仙人掌品種
就叫做仙人掌巨怪！",False
2714,哇哦！你怎麼什麼都知道！,False
2715,吃我一拳！,False
2716,"哦哦哦！
一點小小的挫折算得了什麼！",False
2717,絕對不能出錯！,False
2718,咦？不是這邊嗎……,False
2719,都釣不上來的……,False
2720,這玩意太難爬了，累死了。,False
2721,還差一點就爬到頂了！,False
2722,真的好可愛啊！,False
2723,我剛剛還握手了呢！,False
2724,好想抱回家啊。,False
2725,為何……這裡會有小頑童！,False
2726,我們玩些什麼好呢？,False
2727,這鼻息簡直太殘暴了。,False
2728,……啥鼻息？,False
2729,真不愧是老師！,False
2730,下次別再錯了！,False
2731,不對！要像這樣！,False
2732,完全不對！有在看我示範嗎？,False
2733,是！,False
2734,不對！要集中精力！,False
2735,我好愛你啊，寶貝。,False
2736,討厭，回家再說。,False
2737,下回一定能中的……,False
2738,願命運女神妮美雅保佑您。,False
2739,天啊，我中了2等獎！,False
2740,你中了幾等獎？,False
2741,唉，居然第一針就落空了……,False
2742,這周購買人數獎勵是……,False
2743,上周的中選號碼是多少來著？,False
2744,您能介紹下最近的趨勢嗎？,False
2745,這玩意還挺沉……,False
2746,你說那個男人有什麼好的？,False
2747,您喝多了。,False
2748,這是您點的飲料。,False
2749,您要點餐嗎？,False
2750,好，謝謝。,False
2751,現在先不用了。,False
2752,這好像是遊樂園的所有者呢。,False
2753,哇哦，金閃閃、閃瞎眼……,False
2754,我已經準備好了！,False
2755,不過離競賽開始還早吧？,False
2756,需要提高加速力！,False
2757,也得鍛鍊體力才行……,False
2758,適應力才是最重要的！,False
2759,競賽還沒開始嗎？,False
2760,波可，準備好了嗎？,False
2761,等你長大了我們一起參加競賽哦！,False
2762,"你們來了啊！
我們分頭行動！",False
2763,那些珍貴的礦石可都是我籌備的！,False
2764,"親愛的，我們不理她們，
好不好？",False
2765,"你竟敢罵我喵！
等下有你好看喵！",False
2766,他的心明明一直都是向著我的！,False
2767,哪來的小賤貓真不要臉！,False
2768,皇都情況如何？！,False
2769,我們的防禦是萬無一失的！,False
2770,但是萬萬不可大意……,False
2771,士兵們都在擔心……,False
2772,打起精神來！,False
2773,明白了！,False
2774,你們竟然都來了啊！,False
2775,"當然！同伴的故鄉有難，
怎麼能不來幫忙呢！",False
2776,終於到了決戰的時刻……,False
2777,援軍還沒到嗎？,False
2778,這前面就是皇都伊修加爾德……,False
2779,感謝你前來救援！,False
2780,可、可惡的龍族！,False
2781,"請助我們一臂之力，
共同保護伊修加爾德！",False
2782,為了艾奧傑亞，讓我們並肩作戰！,False
2783,爸爸，你能爬這個嗎？,False
2784,簡、簡簡單單！,False
2785,中了！中了！,False
2786,多謝你……,False
2787,要去仙人掌巨怪！,False
2788,不要！去科瑞爾山！,False
2789,……哪裡都好啦，快走吧。,False
2790,今天也要多多運動！,False
2791,"啊，真是漂亮的景色……
讓人流連忘返。",False
2792,好棒的咖啡廳啊！,False
2793,"原來如此……
竟能做出這種菜餚……",False
2794,"嘖，還打算借點錢的……
看來是沒辦法了……",False
2795,嗯！差不多也該走了！,False
2796,"今天好高興啊……
我們流沙屋也得學習一下！",False
2797,"心情好了不少……
回去繼續工作吧！",False
2798,"有意思！
我們沉溺海豚亭也做做看吧！",False
2799,"怎麼說好話都不聽啊……
還是回去繼續喝酒吧……",False
2800,"我按你說的去投資，
真的大賺了一筆啊！",False
2801,"羅薇娜小姐，
我那些商品賣得怎麼樣了？",False
2802,"喔！原來如此，
這件裝備要這樣……",False
2803,哎——大家都在看什麼？,False
2804,烹調的小秘密……,False
2805,"這裡是露天咖啡廳。
給您來點招牌菜怎麼樣？",False
2806,啊，我搞錯送貨地點了……,False
2807,現在大賽已經開始了！,False
2808,放在這邊就好了吧？,False
2809,有沒有寄給我的禮物？,False
2810,我、我有話和你說！,False
2811,好、好啊！你想說什麼？,False
2812,我們會一直這樣幸福下去吧？,False
2813,嗯，我想會的。,False
2814,這次一定要鼓起勇氣……,False
2815,那個……我，我一直……,False
2816,別緊張，慢慢說。,False
2817,戀人節你想要什麼禮物呢？,False
2818,有你就夠了，親愛的。,False
2819,她還是沒接受我……,False
2820,收到多少巧克力了？,False
2821,一份都沒有……,False
2822,快去和他告白吧！,False
2823,等一下，我還沒準備好……,False
2824,"來露天咖啡廳做深蹲！
全身的肌肉都興奮起來了！",False
2825,嗯！今天狀態不錯！,False
2826,來這邊了！,False
2827,哇，好可愛啊！,False
2828,嘿嘿……抓到你了！,False
2829,不會讓你跑掉的！,False
2830,受死吧！,False
2831,"大彩蛋、在辣哩！
大菜包、在辣哩！",False
2832,可惡的侵略者們……,False
2833,飲食方面也要盡善盡美。,False
2834,大家快樂的笑容，就是我的幸福……,False
2835,舞臺那邊不知情況如何。,False
2836,今天也是閃耀的一天啊！,False
2837,我也在一旁觀戰好了。,False
2838,氣氛真是火熱啊。,False
2839,不知競賽的情況是不是火爆呢……,False
2840,陸行鳥可真美啊。,False
2841,炸彈 爆炸 搗亂搗亂～,False
2842,炸彈 嘭 搗亂搗亂～,False
2843,"別放鬆警惕……
它還在附近……",False
2844,フウウ、この一服のために生きてるぜ。,False
2845,未成年のくせに、止めろっても聞きやしねえ。,False
2846,げええ。,False
2847,寒いよりよかろ、あったまるから飲めや。,False
2848,オイオイ、未成年に酒飲ませちゃだめだろ。,False
2849,あそこに闇の賭博場があるらしいぜ。,False
2850,おいおい、やばいんじゃないか。,False
2851,幹得漂亮，我的朋友！,False
2852,戰爭神哈羅妮啊……,False
2853,殺了他們！,False
2854,該死的異端者！,False
2855,格里諾大人！,False
2856,就趁現在！,False
2857,請往這邊走，快！,False
2858,哇，恭喜！,False
2859,加油，要成功突破第一個試煉啊！,False
2860,身體都要變遲鈍了……,False
2861,怎麼樣？我這身打扮很時尚吧？,False
2862,真想趕快試一試啊！,False
2863,這鎧甲真不錯呀！,False
2864,可惡，怎麼會那麼快……,False
2865,真希望沒人看見我們……,False
2866,……差點就沒命了。,False
2867,絕對不會再輸了！,False
2868,下次一定要贏得漂亮！,False
2869,啊……親愛的哈羅妮。,False
2870,"趕快回去、趕快回去！
這裡是瓦努族的領地！",False
2871,可惡，好強啊！,False
2872,只差一點點了……,False
2873,可惡……,False
2874,"我一直堅信，
拂曉還有未來……",False
2875,"我們可是在保衛戰時
一起戰鬥過的戰友啊！",False
2876,"你們拯救了我們的故鄉，
我們想要報答這份恩情。",False
2877,"我只是在芙·拉敏回來之前
暫時代替她打理這裡……",False
2878,"你沒事吧？！
再繼續累積黑暗之力會有危險！",False
2879,轟隆隆隆隆隆隆……,False
2880,唔哦——！,False
2881,"瞧一瞧，看一看！
走過路過不要錯過！",False
2882,"這是芙·拉敏真傳的絕技！
看我的必殺之舞！",False
2883,接下來還有！,False
2884,謝謝大家！,False
2885,嗚！,False
2886,大意了……,False
2887,可惡，竟然栽在這小丫頭手裡……,False
2888,不好意思，請問……,False
2889,請問你知不知道……,False
2890,這裡面裝的到底是什麼啊……,False
2891,拜託你了！,False
2892,釣魚好難啊……,False
2893,釣不上來啊……,False
2894,噢，有人來幫忙了！,False
2895,怎麼可能……,False
2896,嗚……,False
2897,才不會死在這裡！,False
2898,謝謝你！,False
2899,得救了……,False
2900,可惡的龍族……,False
2901,竟然會在這裡出現……,False
2902,可惡！,False
2903,到採礦地的最短路線是……,False
2904,小心滑倒！,False
2905,採礦也不容易啊。,False
2906,這採掘起來也不簡單啊……,False
2907,這裡的地勢高低不平啊。,False
2908,要是有礦脈就好了……,False
2909,這有個陡坡。,False
2910,岩石中有礦脈？,False
2911,咔咔……一切正常……,False
2912,警備中……警備中……,False
2913,錯誤！錯誤！,False
2914,"歡迎來到阿濟茲拉！
歡迎來到阿濟茲拉！",False
2915,竟敢小看龍族？！,False
2916,沒用的占星術師！,False
2917,今天也要加油！,False
2918,"呼。
一天終於過去了！",False
2919,"老頭子，
差不多該回去啦！",False
2920,咩～,False
2921,咩咩～,False
2922,"哎呀，都這麼晚了……
那個人馬上就要回來啦。",False
2923,今天也幹了很多活啊！,False
2924,嗯……那是什麼？,False
2925,"糟了、糟了，
沒有收穫不能回去。",False
2926,魚餌在哪裡……,False
2927,哼！,False
2928,哈！,False
2929,謔！,False
2930,"好、好冷……
誰來把門打開……",False
2931,"咦？
那傢伙去哪了？",False
2932,這裡需要加固。,False
2933,"快點給我搬！
要不老大該生氣了！",False
2934,這裡也修復一下比較好……,False
2935,"救命！
誰來救救我！",False
2936,"我、我竟然還活著……
咳咳……",False
2937,沒有異常！,False
2938,"糟糕！
睡過頭了！",False
2939,"好痛……
不小心砸到手了……",False
2940,要吐了……,False
2941,"喝吧喝吧！
身體會暖和起來的！",False
2942,"喂喂！
怎麼能讓未成年人喝酒呢！",False
2943,你的雜念還是太多了……,False
2944,"可惡！
我怎麼會輸給那個傢伙！",False
2945,喂，別推我啊！,False
2946,"別出聲！
會把它們嚇跑的！",False
2947,嘖嘖嘖……,False
2948,"下不去了……
嘖嘖嘖……",False
2949,好可愛啊。,False
2950,"雖然路途艱險，
但我們會小心地走下去！",False
2951,呼……,False
2952,得救了……,False
2953,啊……不好意思……,False
2954,……幹什麼？,False
2955,"翻過這座山
就到德拉瓦尼亞了！",False
2956,好想去狩獵啊！,False
2957,最近異端者的動向……,False
2958,呼……,True
2959,"呼……莫古……更敏捷……
呼……莫古……更迅速……",True
2960,"好美味，
停不下來了咕波！",False
2961,呼……已經吃不下了咕波……,True
2962,你也可以飛嗎咕波？,False
2963,警備中咕波！,False
2964,受不了了。,False
2965,嗚嗚……,False
2966,喂，你沒事吧！,False
2967,嗚嗚……凍死了……,False
2968,"好重！
裡面裝了什麼？！",False
2969,我就、不信、搬不動！,False
2970,聽說那個地方有家非法賭場……,False
2971,哎呀，這都沒人管嗎？,False
2972,"我的家人都死了……
只剩我一個……",False
2973,必須趕快把這個修好！,False
2974,材料已經拿來了，之後是……,False
2975,"這店裡什麼最貴？
給我按價格從高到低來3個！",False
2976,嗯……蔬菜店在哪裡……,False
2977,哥……你到底行不行啊？,False
2978,"……啥？
你說啥？",False
2979,"神學生看起來
很辛苦呀……",False
2980,"好慢啊！
不會出什麼事了吧……",False
2981,在大聖堂裡請保持安靜。,False
2982,前方禁止閒人入內。,False
2983,今天的你也美極了。,False
2984,這星象是……,False
2985,這是什麼……,False
2986,那顆星好明亮……,False
2987,"哎呀，夫人您可真是的！
說來我先生他……",False
2988,看來還沒開始啊……,False
2989,"呼哧……呼哧……
建房子 建房子！",False
2990,哥布的魚 快快烤好！,False
2991,"呼哧……呼哧……
建了一個 超大的工坊？",False
2992,"好嘞！
就在這裡開工了！",False
2993,已經設置完畢！,False
2994,"呼——
忙完抽口煙真爽！",False
2995,"以後要注意，
不許讓未成年人吸煙！",False
2996,你沒事吧？,False
2997,呼……呼……,False
2998,挖坑道真累……,False
2999,"神奇的、咒文、
唰唰唰唰！",False
3000,"《FINAL FANTASY 1》裡
有無敵秘笈哦！",False
3001,"你聽我說，
「爆頭」這個技能是這樣的……",False
3002,"你確定是「爆頭」？
武士的話應該是「斬首」才對吧？",False
3003,這次要用到的器材……嗯……,False
3004,調些什麼好呢？,False
3005,再調強一些比較好吧？,False
3006,伊達和帕帕力莫應該在一起才對！,False
3007,這個問題……還需要討論……,False
3008,"我在論壇上看到玩家
都很關心這個問題。",False
3009,關於下一個活動……,False
3010,嗯……還有幾隻去哪了？,False
3011,吉田先生就在裡面！,False
3012,下一首曲子怎麼譜好呢？,False
3013, 　♪,False
3014,看著寵物我就開心！,False
3015,寵物真是可愛啊……,False
3016,不要！,False
3017,來玩海盜扮家家酒吧！,False
3018,你們幾個，注意點！,False
3019,走開！別搗亂！,False
3020,你說什麼？你這傢伙！,False
3021,怎樣？不服？,False
3022,有好多可怕的人啊！,False
3023,親愛的，我怕……,False
3024,在這裡的話就沒問題了吧……,False
3025,親愛的，保護好我哦！,False
3026,快把垃圾收拾好！,False
3027,你很煩知道嗎？,False
3028,來啊！,False
3029,來就來！,False
3030,好好吃哦！,False
3031,甜心，你好漂亮！,False
3032,討厭，說什麼大實話！,False
3033,疼疼疼……,False
3034,血……流血了！,False
3035,哈哈！,False
3036,嘿嘿嘿！,False
3037,來嘛……小喵咪！,False
3038,你走開！,False
3039,你永遠都是我的……,False
3040,哈呀！,False
3041,過節真好啊！,False
3042,哈哈哈哈！,False
3043,好棒哦！,False
3044,景色不錯啊！,False
3045,"戰鬥靠的是數量！
寵多才是王道！",False
3046,"再把它們引過來點……
嘿嘿……",False
3047,她平時可不這樣……,False
3048,我只召喚喜歡的寵物！,False
3049,哦？都是什麼樣的呢？,False
3050,哼哼！曼德拉戰隊！,False
3051,呃？會不會太弱了？,False
3052,"能否翻身就看你了！
加油，夥伴！",False
3053,河童！,False
3054,終於只剩我們兩個了呢！,False
3055,我好害怕……,False
3056,我想去海裡游泳……,False
3057,好期待啊！,False
3058,冒險者們好帥啊！,False
3059,快點讓我變身！,False
3060,還沒好嗎？,False
3061,怎麼還不好呀！,False
3062,還不能變身嗎？,False
3063,不給我糖果就惡作劇了喲！,False
3064,再不讓我變身我就要生氣了！,False
3065,有這麼多的話……,False
3066,嘿嘿……,False
3067,"奧爾什方啊……
你一直都是這樣……",False
3068,"……你也來了啊
想忘記真是太難了……",False
3069,"嗚嗚，我的家……
著火了……",False
3070,雲霧街由我來守護！,False
3071,怎麼會這樣……,False
3072,"接下來該怎麼辦啊！
親愛的，你振作點！",False
3073,有沒有可疑的傢伙？,False
3074,"來來，別客氣！
多吃點！",False
3075,"艾努瓦努垂釣的技術，
簡直是太棒了！",False
3076,差不多了吧……,False
3077,是你啊……,False
3078,休息也是很重要的……,False
3079,魔航船乙太測量中……,False
3080,數值有些變化呢……,False
3081,那傢伙的船影……,False
3082,傳聞也是重要的情報源。,False
3083,"旁邊的傢伙太吵了，
根本喝不爽啊！",False
3084,去別的地方吧……,False
3085,好了，這下就沒問題了！,False
3086,這獵物看起來不錯啊！,False
3087,"啊，忘記用餌了，
咦？這傢伙怎麼就上鉤了？",False
3088,呼，準備就緒了。,False
3089,"看起來很順利嘛，
晚飯就拜託你了！",False
3090,嗯，味道不錯！,False
3091,,False
3092,嘿嘿嘿……,False
3093,接受神裁吧！,False
3094,戰神！請賜予我力量！,False
3095,死吧！,False
3096,沒事吧？,False
3097,請放心……,False
3098,都過去了……,False
3099,注意行人！,False
3100,進展得很順利啊！,False
3101,"呼哧……呼哧……
搭建 搭建 大工坊！",False
3102,這是件大工程……,False
3103,"能和我結婚，
你真是個幸運兒。",False
3104,……我很榮幸。,False
3105,"家裡決定的婚事，
只能接受了嗎？",False
3106,"沒什麼……
是我自己的問題……",False
3107,"小姐，你一臉憂鬱，
是有什麼困難嗎？",False
3108,"我這樣的人……
什麼忙也幫不上嗎？",False
3109,"戴上 哥布林兜帽
大家 是同伴！",False
3110,"戴上 哥布林兜帽
你也 是同伴！",False
3111,我在學習哥布林族的技術。,False
3112,"人類的同伴 歡迎！
交流知識 贊同！",False
3113,這樣啊……,False
3114,"媽媽……
這一天終於到來了！",False
3115,大家一起重頭開始嗎……,False
3116,龍還沒來嗎？,False
3117,已經等不及想看典禮開始了！,False
3118,會是怎樣一個典禮呢？,False
3119,"咿呀咿呀！
咻啾！",False
3120,是啊，因為精英都被召集來了啊。,False
3121,我們一定會勝利！,False
3122,"嘖嘖嘖……
真不愧是好身手。",False
3123,"嘖嘖嘖……
真是比不過人類冒險者啊！",False
3124,委託完成了哦！,False
3125,嘖嘖嘖……辛苦了！,False
3126,我的報酬呢？,False
3127,"我帶來了剛採摘的
新鮮基沙爾野菜哦！",False
3128,"嘖嘖嘖……
看起來真好吃！",False
3129,哦！真是厲害！,False
3130,"那個龍族石像
看起來真不錯！",False
3131,"嘖嘖嘖……
那是龍族給我們的。",False
3132,"居然開始和龍族交易了啊！
話說回來，關於委託的事……",False
3133,呦，這是你們要的火藥。,False
3134,"嘖嘖嘖……
一直以來多謝啦！",False
3135,"你們要的金屬製品
做好了哦！",False
3136,"嘖嘖嘖……
做工精良啊！",False
3137,"這裡有個比較危險的委託……
能拜託你們嗎？",False
3138,"嘖嘖嘖……
那要看報酬是什麼了。",False
3139,"我是指導者，
什麼事都可以來問我。",False
3140,拜託你了！,False
3141,最終訓練好難……,False
3142,"咿呀！
救救我！",False
3143,"這個公園建成以後，
我家的小鬼們肯定也很開心。",False
3144,不想一起做研究嗎？,False
3145,"人類和哥布們聯起手來
研究出 新技術！",False
3146,"這位閣下 請稍等！
和我們一起做研究如何？",False
3147,雖說稍有涉獵鍊金術……,False
3148,"什麼知識都需要！
當場贈送哥布林兜帽！",False
3149,這裡，接下來要用在什麼上？,False
3150,這取決於羅薇娜的商談結果了。,False
3151,"哇，我以前都不知道
竟然還有那麼好玩的地方！",False
3152,我會帶你到更多更好玩的地方去的。,False
3153,"謝謝你，我真的好開心。
簡直就像做夢一樣……",False
3154,"掙脫束縛你的鳥籠，
飛出來，享受你自己的人生就好。",False
3155,可是，要違背家裡……,False
3156,……不要再露出那種憂傷的表情了。,False
3157,"今晚12點，
我在十二騎士像正下方的通道等你。",False
3158,我該怎麼做才好……,False
3159,"第一次見到你時，
我就想要給你幸福……",False
3160,"我要把你拐走，
帶到新的天地，開始新的生活！",False
3161,嗯！,True
3162,"這……
得趕快告訴老爺！",False
3163,接下來……該買肉了……,False
3164,"哥，那邊有賣點心的！
看起來好好吃啊！",False
3165,竟然這麼輕易就？,False
3166,前往下一個區域吧！,False
3167,訓練才剛剛開始！,False
3168,"這力量……
果然名不虛傳……",False
3169,"可惡……
好不甘心……",False
3170,接招！,False
3171,吃我一招！,False
3172,不會讓你跑掉的！,False
3173,"你能看穿
我的劍法嗎？",False
3174,因黑暗顫抖吧！,False
3175,就是現在！,False
3176,"你是躲不過
我的匕首的！",False
3177,精、精彩……,False
3178,"黑暗終究
敵不過光明嗎……",False
3179,這也太強了吧……,False
3180,接招！,False
3181,哈！,False
3182,"噢噢噢噢！
我要拿出真本事了！",False
3183,吃我一斧！,False
3184,"我的斧頭……
能劈開大海！",False
3185,"別輸給裡面
那個窩囊廢啊……",False
3186,"哼，我會好好分析
這場戰鬥的！",False
3187,"黒渦は、
すべてを呑み込む！",False
3188,"避けねば
大怪我では済まんぞ？",False
3189,でりゃあああああ！,False
3190,足下がガラ空きだ！,False
3191,"多勢に無勢なのだ
卑怯とは言わせんぞ？",False
3192,これが海賊王の荒技よ！,False
3193,"大砲用の火薬樽だ…
扱いには気を付けな！",False
3194,"真是好久沒有
這麼痛快地比試了！",False
3195,"愛因扎爾，你還好吧？
竟然這麼亂來……",False
3196,周邊沒有其他船影……,False
3197,我在養精蓄銳。,False
3198,好多寶藏……呼……,False
3199,你是來休息休息的嗎？,False
3200,就自在地待著吧。,False
3201,你們也弄得太髒了吧。,False
3202,"最後階段了,
一定能趕上！",False
3203,噢！苦力活就交給我吧！,False
3204,好、好疼啊……,False
3205,愛之光束！,False
3206,原來如此……,False
3207,"《現代的鍊金術入門》？
真是可疑的書……",False
3208,"火、火力方面的話！
還、還是有信心的！",False
3209,"可、可惡……
顫抖停不下來……",False
3210,"為了留在皇都的家人，
絕對要死守到底！",False
3211,"現在正是展現
艱苦訓練成果的時候！",False
3212,"振作點！
可惡的邪龍！",False
3213,蕾米耶號狀態如何？,False
3214,"維護它的人可是我，
當然沒問題了！",False
3215,要保證我的愛機萬無一失才行……,False
3216,好，隨時可以起飛。,False
3217,唔，可疑的傢伙……,False
3218,還沒回來嗎？,False
3219,調查員齊爾！,False
3220,是出門了嗎？,False
3221,"要建造個 大大的會館
方便大家 聚在一起！",False
3222,真是悶熱啊……,False
3223,"咚咚 咣咣
敲啊敲 哥布哥布！",False
3224,"升降裝置 運作中……
前往最底部 下降 下降！",False
3225,"呼哧……呼哧……
接下來的課題是 知識的寶庫……",False
3226,"那什麼，我是個裁縫
也可以嗎？",False
3227,"那個女人……
竟然想逃出我的掌心！",False
3228,"老爺，他們兩個
好像去了田園郡……",False
3229,你們把那個女人給我帶回來！,False
3230,"沒問題。
你出錢，我辦事。",False
3231,哈哈哈，沒用哦！,False
3232,"敵人來了的話
我去迎戰！",False
3233,好、好像醉了咕波……,False
3234,頭好暈咕波。,False
3235,"為什麼……
我有錢又有地位……",False
3236,老爺……,True
3237,把那個女人交給我們！,False
3238,絕對不會交給你們的！,False
3239,"怎麼辦……
錢不夠了啊。",False
3240,"回去以後實話實說吧。
母親肯定在擔心我們了。",False
3241,嗯……,False
3242,"那個孩子好像每天晚上
都在公園哭……",False
3243,"已經夠了……
所以請不要再……",False
3244,"爸爸和媽媽……
今天也沒有回來。",False
3245,吱吱……,False
3246,"莫古京
去哪裡了咕波？",False
3247,好舒服咕波……唔。,False
3248,廣場外面很危險咕波！,False
3249,好難啊咕波……,False
3250,"氣勢不足！
再用些力！",False
3251,那裡要更小心些！,False
3252,那裡歪了咕波！,False
3253,……平了嗎咕波？,False
3254,這裡好暖和咕波……唔。,False
3255,大家一起玩咕波！,False
3256,這個好難啊。,False
3257,跳舞的莫古利好可愛……,False
3258,累死了咕波……,False
3259,"不行了咕波，
再不休息就要累死了咕波！",False
3260,"接下來就
拜託大家了咕波。",False
3261,"身、身體
不聽使喚咕波……",False
3262,簡直是世間精品咕波！,False
3263,好壯觀的雕像咕波！,False
3264,莫古再看一會就去幹活咕波。,False
3265,"莫古應該猜到
這是假果實的咕波……",False
3266,徹底被騙了咕波。,False
3267,"為什麼我們
非要做這些不可……",False
3268,這取決於羅薇娜的心情了……,False
3269,"喂！
材料夠嗎？",False
3270,夠！沒問題！,False
3271,"修復團
由我們保護！",False
3272,廣場真漂亮，不錯……,False
3273,令人愉快的舞蹈，不錯……,False
3274,"沒想到和人類在一起
還能如此心情愉快……",False
3275,"沒想到和龍族在一起
能這麼平靜祥和……",False
3276,,False
3277,,False
3278,木箱在哪裡……,False
3279,呼嚕呼嚕……,False
3280,"你、你是！
……咦，是誰來著。",False
3281,"你、你是！
……是誰？",False
3282,"呼哧……呼哧……
……又不在家嗎？",False
3283,"我們正在舉辦星芒祭，
請踴躍參加！",False
3284,"我們正在舉辦星芒祭！
請協助我們給孩子們送去溫暖！",False
3285,"我們正在舉辦星芒祭，
大家一起來參加吧。",False
3286,手藝見長啊！,False
3287,"敬請期待 哥布和人類一起
創造出的 嶄新設計！",False
3288,"可以呀！
讓我也出一份力吧！",False
3289,"哈哈，這個面具
是不是超級帥！",False
3290,"灌溉設施完備，
真是幫大忙啦！",False
3291,"那些留著奇怪髮型的傢伙
到底是幹嘛的……",False
3292,"大工坊工作人員招募中！
馬上就截止了哦！",False
3293,歡迎 大家 加入！,False
3294,"那位夫人 請等等！
要不要和我們 一起做研究？",False
3295,"呀！！！
饒了我吧！",False
3296,"新的設施 快快建起來！
好把所有的研究成果 都裝進去！",False
3297,"從此以後你就能一生無憂了。
我會讓你過上最好的生活。",False
3298,老爺，該去準備典禮了……,False
3299,等等！,False
3300,"你是什麼人？
要乞討的話到別處去！",False
3301,"啊！把別人的女人騙走的人
原來就是你嗎！",False
3302,"什麼樣的懲罰我都接受！
我只是想守護她的笑容！",False
3303,"不用理他。
我們去準備典禮。",False
3304,"確實，如果和你在一起的話，
以後肯定能生活無虞……",False
3305,"但是我一定再也無法露出笑容，
因為我已經知道了什麼是幸福……",False
3306,"求你了！
我想和他在一起！",False
3307,"……那，就不要再放開手了。
而且，一定要讓她幸福……",False
3308,"如果你做不到的話，
我會再把她帶回自己身邊的。",False
3309,我一定會讓她幸福的！,False
3310,"最終還是沒能得到……
我最愛的那個笑容……",True
3311,請別再亂來了……,False
3312,能讓我的下一艘愛機飛得更快嗎？,False
3313,好，交給我吧！,False
3314,我很期待哦。,False
3315,喂，安全性要怎麼辦？,False
3316,總之，不要讓別人追上我的愛機。,False
3317,喲，你也來了，手氣怎麼樣？,False
3318,"我可是翹掉整備工作偷偷來的，
要對斯塔西亞保密哦。",False
3319,總覺得這裡讓人安心……,False
3320,走，再去撈一把！,False
3321,充滿活力的舞蹈，真不錯。,False
3322,"大家都拜倒在
烏拉拉的石榴裙下吧！",False
3323,能讓大家感到高興真是太好了！,False
3324,得努力挽回遲到的份！,False
3325,安可！安可！,False
3326,新服裝真是太可愛了！,False
3327,"呼哧……呼哧……
也不知那傢伙現在怎樣了……",False
3328,"這可真是有趣
記錄 不斷增加！",False
3329,無關人員禁止入內！,False
3330,"呼哧……呼哧……
這裡是哥布的特等座！",False
3331,氣氛很高漲嘛！,False
3332,我們已經停止招募同伴啦！,False
3333,感謝大家配合！,False
3334,"希望這平穩幸福的日子
能一直持續下去。",False
3335,"不管是蔬菜還是小孩，
都要用心培育！",False
3336,是！,False
3337,這果實一定很好吃！,False
3338,呼……今天也爬上來了……,False
3339,"你看 這是人類和哥布
一起建造的建築！",False
3340,歡迎光臨崖畔亭！,False
3341,哈哈！呵呵！哼哼！,False
3342,嘖嘖嘖……停不下來。,False
3343,一起跳舞吧咕波！,False
3344,"和最棒的同伴一起做最棒的工作，
真是太棒了！",False
3345,羅薇娜果然很厲害……,False
3346,"哈……太忙了，
簡直連喘口氣的時間都沒有。",False
3347,"你們沒事就好，
回來這麼晚害我擔心死了。",False
3348,媽媽對不起……,False
3349,"我們買太多點心把錢都花完了，
沒錢買肉了……",False
3350,"哎呀……
所以你們才悶悶不樂嗎？",False
3351,"今後的生活中也需要你們
做出各種判斷。",False
3352,"要把這次跑腿的事情
當做教訓，記住了嗎？",False
3353,是！,False
3354,知道了！,False
3355,"外面很冷吧，我們趕快回去。
晚飯做燉菜哦！",False
3356,好，我們來賽跑吧！,False
3357,"男生真是的，
不管多大都這麼孩子氣……",False
3358,快點快點！,False
3359,"哥哥也要跟我們一起玩？
加油！",False
3360,"姐姐也要跟我們一起玩？
加油！",False
3361,我不會輸的！,False
3362,"各就各位……
預備……",False
3363,跑！,False
3364,衝刺！,False
3365,肚子餓了……,False
3366,看我必殺衝刺！,False
3367,我的毅力還不夠……,False
3368,再比一次！,False
3369,好……,False
3370,天都黑了，趕快回去吧。,False
3371,下雨了，找個地方避雨吧。,False
3372,沒辦法，下次再比吧！,False
3373,太……大意了……,False
3374,啊，又被炸彈擊中了呢！,False
3375,為什麼沒有我的名字！,False
3376,"就讓你見識見識
我的騎術吧！",False
3377,"太、太危險了！
請住手！",False
3378,"在這中個大獎就有辦法
修復拂曉的財政問題了……",False
3379,局長的也很可愛啊！,False
3380,提督的寵物是最厲害的！,False
3381,沒有阿·盧恩大人的寵物嗎？,False
3382,"唔……沒釣上來。
再來一次！",False
3383,"你準備好了嗎？
我們趕快出發吧！",False
3384,"已經荒廢了二十年
還是這麼漂亮……",False
3385,"破壞神拉爾戈的雕像……
近距離看真是太震撼了！",False
3386,那就是星導寺大殿！,False
3387,"大殿只允許武人進入！
我只能帶你到這裡了。",False
3388,砲擊、砲擊！,False
3389,砲擊不要停！,False
3390,一定要守住這裡！,False
3391,為非作歹的異人在哪裡？,False
3392,"得把為非作歹的人
抓起來……",False
3393,去哪了？,False
3394,也許是這邊……,False
3395,沒事吧？,False
3396,傷口好深……,False
3397,快去支援丹興·伍爾夫！,False
3398,哼！,False
3399,呀！,False
3400,吃我這招！,False
3401,呀！,False
3402,看我斬斷！,False
3403,這招可是很疼的哦！,False
3404,哇……這是什麼？！,False
3405,會飛的蜥蜴！,False
3406,這傢伙會說話！,False
3407,"這裡是未知的空間，
大家小心一點。",False
3408,"那個叫德爾塔幻境的地方
究竟在哪啊……",False
3409,這裡根本沒有路嘛。,False
3410,這地板好像會動！,False
3411,好，大家一起進入圓圈裡吧！,False
3412,動了！,False
3413,好戲要開始了。,False
3414,那是……等級檢測儀？,False
3415,看來是要開戰啊！,False
3416,"它跟剛才的那群傢伙
長得好像不一樣。",False
3417,方塊？,False
3418,有點不對勁……,False
3419,我有自己的戰鬥方式！,False
3420,"我一定會解除屏障的！
你們要撐住啊！",False
3421,"有東西出來了……
是傳送裝置？",False
3422,這是要讓我們繼續往前走嗎？,False
3423,那、那我們就試試吧！,False
3424,我還不能倒下！,False
3425,還是黑賭局最賺。,False
3426,"要是被發現了，
我們就會被抓起來了。",False
3427,你去打倒帝國兵……,False
3428,是援軍嗎？！,False
3429,我沒事……,False
3430,我要不行了嗎……,False
3431,奇怪的石像……,False
3432,到底在哪裡……,False
3433,ゴーレムの気配が…,False
3434,この周囲は、僕らが探そう,False
3435,喂，等等我！,False
3436,"很有幹勁嘛！
我們也跟上吧！",False
3437,真是不留情咕波……,False
3438,絨球……不行了……,False
3439,呼呼……,False
3440,難道說魔像……,False
3441,彗星的軌道改變了……,False
3442,還有3個人……,False
3443,快去近海的母船上！,False
3444,確認完商船的貨物了嗎？,False
3445,"呵呵，不知道接下來
還會有什麼？真讓人期待啊。",False
3446,"天啊……
敵人變多了！",False
3447,又是不一樣的敵人……,False
3448,別慌……要冷靜！,False
3449,又有東西出來了！,False
3450,這是新的傳送裝置嗎？,False
3451,饒我一命！,False
3452,不要啊！,False
3453,非常順利！,False
3454,要一鼓作氣地往前走嗎……,False
3455,這才是人類啊。,False
3456,需要加強腳部……,False
3457,需要改良 軸承！,False
3458,難道是敵襲？！,False
3459,有什麼動靜……,False
3460,"對面有一排巨大的建築群……
那就是德爾塔幻境嗎？",False
3461,"等級檢測儀出現了兩台……
這裡就是最後的難關？！",False
3462,宰了你！,False
3463,太弱了！,False
3464,你在幹什麼！,False
3465,劈成兩半！,False
3466,可惡！,False
3467,快殺了他！,False
3468,"謝謝您，
請收下這份禮物……",False
3469,發生了什麼？,False
3470,侵入者っちゃ！？,False
3471,ご馳走は渡さないっちゃ！,False
3472,横取り禁止っちゃ！,False
3473,お前も食べてやるっちゃ！,False
3474,前面很危險哦。,False
3475,砍、砍……,False
3476,你也要進來嗎噗？,False
3477,被發現了噗。,False
3478,這裡面好舒服噗。,False
3479,捉迷藏噗！,False
3480,"走過路過
不要錯過！",False
3481,"每一件商品都
充滿了東方情調！",False
3482,"聽說義賊
又出現了！",False
3483,"這個壺……
難道說是……",False
3484,又是通緝犯嗎……,False
3485,"真是的……赤誠組
到底在幹什麼……",False
3486,真是美景！,False
3487,"那是當然，我背負著
你們的將來呢！",False
3488,"叔叔！
你的後背真堅實啊！",False
3489,"這裡的溫泉
對皮膚很好。",False
3490,"竟然敢挑釁我，
膽子不小啊！",False
3491,"放馬過來啊！
看我送你上西天！",False
3492,快開打啊！,False
3493,一！,False
3494,二！,False
3495,三！,False
3496,你是什麼人！,False
3497,"修木屐！
賣草鞋！",False
3498,好吃……,False
3499,"我更喜歡
這裡的茶。",False
3500,"專心致志！
與刀合為一體！",False
3501,"這裡的糰子
真好吃！",False
3502,風真舒服……,False
3503,"嗝！
我沒醉……",False
3504,"我孫子加入
赤誠組了！",False
3505,"好吃！
這就是壽司嗎！",False
3506,筷子停不下來！,False
3507,那場戲真精彩！,False
3508,沒有違禁品。,False
3509,"船已經在準備了，
請您稍等。",False
3510,你被捕了！,False
3511,"看你還往哪逃！
束手就擒吧！",False
3512,歡迎來到黃金港！,False
3513,小風車吱呀吱呦呦地轉……,False
3514,新藝妓的初次公演！,False
3515,我想看！,False
3516,"你知道嗎？
聽說城裡……",False
3517,"我老公不幹活，
每天在三條花街玩……",False
3518,"這裡是
烏爾達哈商會館！",False
3519,"這樣下去
就趕不上交貨了！",False
3520,"材料送到了……
好重……",False
3521,"身上全是汗……
要去望海泉嗎？",False
3522,擦船也是一種磨練！,False
3523,"這麼多東西
怎麼拉得動……",False
3524,呼！幹完活喝的酒可真香！,False
3525,"黃金港的男子漢
搬這點東西很輕鬆！",False
3526,"就這樣！
用勁敲！",False
3527,"呵呵……
刀真是美麗……",False
3528,方塊好像也會變多……,False
3529,大家進攻的時候一定要謹慎！,False
3530,"嗚喔喔喔！
關鍵時刻到了！",False
3531,練出結實肌肉！,False
3532,你真是幹勁十足。,False
3533,"今天狩獵
收穫頗豐！",False
3534,嗚……射不中……,False
3535,"巡邏也
不輕鬆啊。",False
3536,我可愛的大砲……,False
3537,"嘶——偶爾也得
讓下半身休息一下……",False
3538,"嘶——
這弓壞了嗎？",False
3539,"嘶——你的動作
太簡單了！",False
3540,"嘶——一隻老鼠
都別想逃過我的眼睛！",False
3541,沒幹勁……,False
3542,"那傢伙……
跑到哪裡去了？",False
3543,會被發現的！,False
3544,這個也不行……,False
3545,都是些普通石頭……,False
3546,快快長大吧……,False
3547,這阿剌吉酒真好喝！,False
3548,我們應該高興嗎……,False
3549,污跡擦不掉……,False
3550,要注意居民感情……,False
3551,那就是流星天蓋……,False
3552,還不能放鬆警惕……,False
3553,槍沒有異常。,False
3554,"為了這孩子，
我也要加油……",False
3555,農務還真是辛苦……,False
3556,"我對你們的要求只有一點！
那就是一定要活著回來！",False
3557,"陸行鳥的狀態
也很不錯。",False
3558,刀沒鈍吧……,False
3559,"見識一下
我的力量吧！",False
3560,弦鬆了……,False
3561,帝國兵逃向這邊了……,False
3562,我們自由了嗎？,False
3563,"好久沒喝到
這麼美味的酒了！",False
3564,"其實我有
想做的事……",False
3565,"你們不想
改變時代嗎！",False
3566,說得好！,False
3567,"呼……總算能
休息一下了……",False
3568,"你想打架嗎！
那就來啊！",False
3569,嘔……喝多了……,False
3570,"我們等這一天
已經太久了……",False
3571,內臟沒事，堅持住！,False
3572,還能做止痛藥嗎……,False
3573,睡著了嗎……,False
3574,"記住，鬆懈會造成
不可挽回的後果！",False
3575,喝啊！,False
3576,"別慌，畢格斯……
你能行的！",False
3577,藏到那裡去了噗？,False
3578,"米、味噌、酒……
都齊了！",False
3579,"這股味道……
看來火山快要噴發了……",False
3580,真是壯觀……,False
3581,砲臺那邊沒有異常。,False
3582,應該就在這附近……,False
3583,"這裡是帝國的領土！
快離開這裡！",False
3584,你是……,False
3585,趕快離開這裡！,False
3586,收穫頗豐……,False
3587,"嗝……怎麼有
3個元肥在我眼前……",False
3588,"喂！你要
數到什麼時候！",False
3589,救救我……,False
3590,"誰都不准進
老大的房間！",False
3591,"爸爸捏的飯團
真好吃！",False
3592,罐子碎了……,False
3593,真漂亮啊……,False
3594,書籤知道的真多。,False
3595,擦亮亮……,False
3596,滅卻心頭！,False
3597,"我今天一定
要搭上話……",False
3598,漁具準備好了。,False
3599,喝吧，我請客！,False
3600,"唉……
我的酒……",False
3601,肚子餓了……,False
3602,肉……想吃……,False
3603,煮南瓜也不錯……,False
3604,稻米會好吃嗎？,False
3605,今天不太想吃魚……,False
3606,"乾脆把食材都
放進去做成火鍋……",False
3607,"旅行者，不來嚐嚐
我家的牛奶嗎！",False
3608,要不要買手工籃子？,False
3609,……,False
3610,咩……,False
3611,……,False
3612,……？,False
3613,真好聽……,False
3614,你可要看好小羊！,False
3615,希望出奶順暢！,False
3616,上啊！,False
3617,壓低重心攻擊！,False
3618,哼！哈！,False
3619,弓力是不是太強了？,False
3620,"這場贏了，
就是55戰28勝了！",False
3621,差不多該換弦了嗎？,False
3622,太陽之子們……,False
3623,大地恩惠……,False
3624,1368、1369……,False
3625,最強……無敵……,False
3626,關於下次狩獵……,False
3627,好麻煩！,False
3628,加油吧。,False
3629,我不會輸的！,False
3630,我從沒見過這麼好的槍！,False
3631,"咩、咩咩……
咩咩咩……",False
3632,咩……,False
3633,做好準備防止不測！,False
3634,"四管對龍加農砲……
多麼快的發射速度！",False
3635,"艦砲射擊鍛鍊的
砲術也很厲害……",False
3636,"很快就能
奪回阿拉米格了！",False
3637,"是時候展現
艾奧傑亞的團結了！",False
3638,也就是說？,False
3639,"等待敵人的動向嗎……
但是……",False
3640,還、還不夠！,False
3641,"不對，
動作要有彈性！",False
3642,沒錯，就是這樣！,False
3643,沒有異常！,False
3644,要放在哪來著……,False
3645,彎腰插秧，稻苗長長。,False
3646,沒有野獸。,False
3647,"得在孩子回來
之前打掃乾淨……",False
3648,跳房子！,False
3649,"這之後
我們會怎麼樣……",False
3650,我們也想參加戰鬥！,False
3651,可惡的帝國！,False
3652,得好好準備。,False
3653,我們已經不是奴隸了！,False
3654,之後的預定是……,False
3655,"混蛋帝國，
我們要復仇！",False
3656,"我好害怕……到底
以後會怎麼樣……",False
3657,不要鬆懈！,False
3658,是！,False
3659,是！,False
3660,是！,False
3661,幹得好，夏可哈！,False
3662,這是鍛鍊的成果！,False
3663,"那些人是
星導教的嗎？",False
3664,這個技能難道是！,False
3665,"烏爾達哈的
格鬥士強嗎？",False
3666,"憑這場比賽就能
知道武僧的實力……",False
3667,"喂，
武僧怎麼跪了。",False
3668,"新星導教，
也沒什麼大不了的。",False
3669,我不能輸！,False
3670,好緊張……,False
3671,劍已經準備好了！,False
3672,"看到帝國兵
慌張的樣子了嗎！",False
3673,"希望接下來的
進軍也這麼順利。",False
3674,"你太厲害了！
真是大功一件。",False
3675,"娜格沒事
真是太好了……",False
3676,"別哭了，
現在鬆懈還太早。",False
3677,差不多做好了吧？,False
3678,嗯……有點淡。,False
3679,嗯，快了。,False
3680,"能去跟裡面
工作的人說一聲嗎？",False
3681,"能把藥熬濃一點嗎？
我再去拿些材料！",False
3682,沒問題！,False
3683,"你們能來一個人
去那邊幫忙嗎？",False
3684,"這可不行……
那我就沒得吃了……",False
3685,"他們也很忙，就靠
我們兩個加油幹活吧！",False
3686,"這邊也很忙，
給兩個飯團就成交。",False
3687,這些傢伙是什麼人……,False
3688,我們的技能沒有效果？,False
3689,"我生了病，
不想被傳染就別靠近……",False
3690,哼！,False
3691,"肚子有點餓了……
但必須忍耐。",False
3692,我想跟你們商量點事……,False
3693,哎呀……這可真慘……,False
3694,"聖靈……
請將治癒之力借給我……",False
3695,"看我用森林的弓術
射穿敵人！",False
3696,"讓你們見識一下
阿拉米格人部隊的實力吧！",False
3697,"納爾神、札爾神，
請祝福我……",False
3698,我們會取得勝利！,False
3699,我的力量連岩石都能打碎！,False
3700,我不會輸的喵！,False
3701,米飯，好吃……,False
3702,哥哥，沒事吧？,False
3703,這些夠撐一陣子嗎……,False
3704,我得小心點，別掉下去！,False
3705,●わくわくしている男の子：元帝国基地：StmBdz993,False
3706,●そわそわしている老婆：元帝国基地：StmBdz993,False
3707,●わくわくしている男の子：ラジアタ：StmBdz993,False
3708,●そわそわしている老婆：ラジアタ：StmBdz993,False
3709,●わくわくしている男の子:：アラミゴ市街地：StmBdz994,False
3710,●そわそわしている老婆:：アラミゴ市街地：StmBdz994,False
3711,好期待啊！,False
3712,哇，太漂亮了！,False
3713,這個位置看得很清楚。,False
3714,煙花太漂亮了！,False
3715,盡情玩個夠！,False
3716,紅蓮祭真棒！,False
3717,再看我就把你喝掉！,False
3718,這健美的肌肉……,False
3719,收下我的愛！,False
3720,"不、不行……
我們不合適……",False
3721,尋寶好累啊喵……,False
3722,怎麼還不開始？,False
3723,等得我都想回家了……,False
3724,好興奮！好激動！,False
3725,"我的肌肉和煙花……
到底哪個更勝一籌……",False
3726,你比煙花更美麗。,False
3727,真的嗎？,False
3728,"你比煙花……
不、我什麼都沒說……",False
3729,哇！大海！,False
3730,好厲害啊！好開心啊！,False
3731,呵呵……還好忍了一會……,False
3732,哇！好可愛的熊！,False
3733,它會不會突然發飆啊？,False
3734,"星芒祭正在舉辦中！
有熊在表演哦！",False
3735,目前沒有絲毫異常……,False
3736,"真是讓人感到不舒服的島嶼，
就連島上的岩石都感到異樣……",False
3737,"……人家沒少給錢。
所以只能忍著繼續幹活了。",False
3738,"可以啊。
獵物是什麼啊？",False
3739,我們就去抓魚吧！,False
3740,嗯？！,False
3741,我要靠著鹽湖產的鹽揚名四方！,False
3742,"二層雖然塌了，
地下室看來還能用……",False
3743,首先要為制鹽廠和加工廠做好準備！,False
3744,我該怎麼辦……,False
3745,怎麼會這樣……,False
3746,"嘶——
可惡的伽黎亞派！",False
3747,我要死在這裡了嗎？！,False
3748,"鮑特……
我該怎麼辦才好……",False
3749,怎能坐以待斃！,False
3750,"嘖……
雖然不是平時使慣了的槍……",False
3751,到底怎麼回事！,False
3752,"好可怕……
身體在發抖……",False
3753,……,False
3754,我們必須保護代表們！,False
3755,"嘶——
休想逃跑！",False
3756,"啊，啊……
美神大人！",False
3757,看來總算得救了……,False
3758,居然被骷髏處刑人救一命……,False
3759,"嘶——
我代表阿難陀族在此謝罪……",False
3760,"得救了……
非常感謝……",False
3761,沒想到會親眼見到蠻神……,False
3762,喂——！,False
3763,怎麼啦？,False
3764,"我要去尋寶，
你有什麼想要的嗎？",False
3765,"只要是古董，
無論是什麼都要啦——",False
3766,你來了啊——,False
3767,我把剛到手的寶物拿過來了哦！,False
3768,"哦哦——
這可真是有年代的東西！",False
3769,放在哪好呢——,False
3770,看來大家都在忙著保養寶物呢——,False
3771,"不錯不錯！
今天看起來也很精神啊——",False
3772,心誠則靈——,False
3773,"啊，真美啊——
不愧是由我打磨的——",False
3774,今後也拜託你了。,False
3775,茨菰村的孩子們還會再來嗎？,False
3776,我是第一名！,False
3777,飛燕……終於……,False
3778,今天也算勞累完了。,False
3779,下一個工作……,False
3780,這點算什麼！,False
3781,請教會我如何戰鬥！,False
3782,看樣子還需要更多人手……,False
3783,15根……16根……,False
3784,要滑下去了！誰來幫幫我！,False
3785,這樣總算能讓人通過了。,False
3786,這個箱子的東西也幫忙確認下。,False
3787,好的，交給我吧！,False
3788,無二江未見任何異常！,False
3789,貫師傅說不用準備他的飯了。,False
3790,"勉強自己可不好，
送點飯團過去吧。",False
3791,嗯……到哪去了？,False
3792,開始工作吧！,False
3793,真好聞！這是用什麼做的味噌汁？,False
3794,"豆腐和根菜呀！
不知道合不合口味。",False
3795,哥哥！我把藥拿來了！,False
3796,都說不要你來了……,False
3797,味噌還夠嗎？,False
3798,稍等一下，我這就去確認。,False
3799,"味噌……味噌……
在哪個壺裡來著？",False
3800,好沉……快拿不住了……,False
3801,打倒碧甲族們！,False
3802,身上有沒有癢的地方？,False
3803,"嘶——知道了。
我會傳達給上司的。",False
3804,"街道沿線的魔物
正變得越來越活躍！",False
3805,"知道了！
我命令你立即組成討伐隊！",False
3806,"嘶——
我們可以隨時出動！",False
3807,接下來該接哪個任務呢？,False
3808,"你開價多少就給多少！
請把你蛻掉的皮賣給我！",False
3809,"嘶——
食材的儲備是否足夠？",False
3810,勉強夠吧……,False
3811,遵從命令！,False
3812,飼料消耗得太快了……,False
3813,看來能採到不錯的鹽啊！,False
3814,腰疼啊……,False
3815,我會注意警戒魔物的！,False
3816,警備萬無一失！,False
3817,"品質沒問題吧？
羅羅力特大人對味道
可是非常挑剔的！",False
3818,品質保證沒問題！,False
3819,"差不多也可以開始
販賣加工品了……",False
3820,得把工坊的設備弄好才行……,False
3821,資金必須有效利用才行。,False
3822,能不能再增加點人手？,False
3823,"為了重建鹽村，
這點辛苦又算什麼！",False
3824,"鹽村產的鹽
才配得上俾斯麥餐廳。",False
3825,"我是從格里達尼亞的內陸
過來採購貴重的鹽的。",False
3826,"口水停不下來……
這看起來好美味啊。",False
3827,"作為到訪過這裡的紀念，
來買點什麼回去吧。",False
3828,……看起來都好鹹啊。,False
3829,"嗯……
你父親肯定也會感到很高興的。",False
3830,村子變得很熱鬧了呢！,False
3831,"鹽村特產的醃製品！
來嚐嚐看吧！",False
3832,"不光是品質，
就連生產量都進一步提升了。",False
3833,"暫時是先把工坊準備好了，
今後就看怎麼進行擴建了……",False
3834,那就能進一步提高生產量了。,False
3835,有更多的同胞來工作了！,False
3836,要替我保密哦噗！,False
3837,布都嘎族從不需要反省……,False
3838,今天的狀態看起來不錯啊！,False
3839,"真是的……
你真是不厭其煩啊。",False
3840,石伏！救我！,False
3841,差不多該換班了？,False
3842,嗯，做的不錯。,False
3843,這邊還很危險哦！,False
3844,這個提案也不錯！,False
3845,傳喚鈴之後是……唔……,False
3846,要在這裡種出稻米……,False
3847,這邊還在清除瓦礫。,False
3848,米飯……好幸福……,False
3849,哎呀！,False
3850,母親在叫你呢。,False
3851,過、一、會、再、說！,False
3852,父親可生氣了哦。,False
3853,你、你為什麼多嘴啊！,False
3854,那就等你了哦！,False
3855,"補充的物資
放這裡就行了吧？",False
3856,嗯，謝謝啦！,False
3857,真期待著完成呢。,False
3858,這邊會建成什麼樣呢？,False
3859,這些木材怎麼辦？,False
3860,我馬上確認一下！,False
3861,帳本在哪呢？,False
3862,好重……腰好難受……,False
3863,今後的採購怎麼辦？,False
3864,好了，這邊就足夠了。,False
3865,調味料也夠。,False
3866,知道了。,False
3867,"嗯……
有點不夠吧。",False
3868,可能還需要更多的蔬菜。,False
3869,我會向小櫻匯報一聲的。,False
3870,這樣就算告一段落了。,False
3871,貫師傅要的那份呢？,False
3872,"對了……
我去確認下。",False
3873,呵呵，辛苦了！,False
3874,我帶特產來了——,False
3875,有進展嗎——,False
3876,你快來瞧。,False
3877,上鉤了！,False
3878,釣到了——,False
3879,真厲害——,False
3880,再來一回！,False
3881,嗯，太著急了嗎？,False
3882,再試一次吧！,False
3883,按照這圖紙……,False
3884,木材夠用嗎？,False
3885,還需要幾張木板。,False
3886,知道了，我去安排吧。,False
3887,我接到了追加的訂單哦。,False
3888,好了，該出發了！,False
3889,"知道啦……
知道了，可是……",False
3890,你為什麼就是不想從床上起來啊？,False
3891,"這床無論是睡覺還是坐著
都舒服的感覺像在做夢一樣……",False
3892,"我也能理解……
但是差不多該出發了！",False
3893,"再待一會……
再讓我舒服一會就好……",False
3894,咕哎！,False
3895,我隊人手不足是很深刻的問題……,False
3896,痛不痛啊？,False
3897,"嗯……
好多了……",False
3898,看來藥起效了。,False
3899,"雖說是任務，
但你也別太不把自己的命
當回事。",False
3900,肚……肚子疼……,False
3901,誰讓你亂撿東西吃的。,False
3902,"你要是再這麼來，
下次就該動刀子開腹了！",False
3903,"有吊車的話
工作就更順利了！",False
3904,好了！準備往上拉！,False
3905,鹽已經放進去了！,False
3906,有人類的氣息啾……,False
3907,討厭人類啾……,False
3908,又跟過來了啾！,False
3909,好煩啾！,False
3910,"沒見過的面孔啊,
是新人嗎？",False
3911,"是的！
剛覺醒不久！",False
3912,"是這樣啊。
老鼠的瑞獸可是挺少見的。",False
3913,可我是水獺啊？！,False
3914,"無論如何
我都想拜一拜鎮石！",False
3915,你又會被珀犬說的……,False
3916,"管它的呢！
看我猛豬突進！",False
3917,這裡禁止進入。,False
3918,"別這樣說嘛。
一次就好！",False
3919,你想被玄武大人呵斥嗎？,False
3920,我還是老老實實地回去啦——,False
3921,這回還是門前逐客……,False
3922,那是當然的吧……,False
3923,偶爾還是在神社那邊露個臉吧。,False
3924,你去不去一起狩獵呀？,False
3925,真是感到神清氣爽……,False
3926,就是身上好疼……,False
3927,感謝你們為我鎮魂……,False
3928,"和哥哥你在一起
我很高興啊！",False
3929,藥還沒進貨嗎？,False
3930,畢竟稀少，價格也貴。,False
3931,沒想到你也想好起來啊。,False
3932,……我就是隨便問問。,False
3933,讓你來幫忙真是不好意思。,False
3934,必須好好整備才行……,False
3935,兒子你變得這麼強壯了啊……,False
3936,沒想到還能和母親相見……,False
3937,"你……
你活著回來真是太好了……",False
3938,"哎呀，
這邊這位是貓變的瑞獸嗎？",False
3939,喵——,False
3940,"不是啊，
這傢伙只是普通的貓而已。",False
3941,居然是普通的貓？！,False
3942,,False
3943,,False
3944,阿吉木搏克好深奧啊噗。,False
3945,我光看著就感到超興奮噗！,False
3946,我還能拿更多呢。,False
3947,你真可靠啊……,False
3948,再加把勁，更用心一些！,False
3949,"太厲害了喵！
狩獵成功了喵！",False
3950,別忘了剝取材料喵！,False
3951,阿吉木搏克看起來好帥啊噗……,False
3952,好、好想休息一下哦噗……,False
3953,沒想到鯰魚居然要玩射箭啊……,False
3954,好想快點學會騎馬噗。,False
3955,看起來好美味啊噗……,False
3956,偷吃可不行哦噗！,False
3957,我、我什麼都沒吃啊噗！,False
3958,"是真的嗎噗？
你沒撒謊吧噗？",False
3959,"是真的啊噗！
我只是看看來著噗！",False
3960,大家總是立刻就懷疑我噗……,False
3961,這裡有很多靶子哦噗。,False
3962,準備得還順利嗎噗？,False
3963,"不得不做的事情
實在是太多了噗……",False
3964,再加把勁，努力啊噗！,False
3965,快點下來啊噗。,False
3966,下、下不來了啊噗。,False
3967,嘿喲！嘿喲！！,False
3968,不對哦，是在這裡哦噗。,False
3969,這裡呀噗。,False
3970,出什麼事了嗎噗？,False
3971,沒有我的法被啊噗！,False
3972,不知道法被還有沒有富餘噗……,False
3973,你這不是穿著呢嗎噗！,False
3974,嗚噗噗？！,False
3975,好好瞄準！,False
3976,沒事吧？！,False
3977,呼——呼——,False
3978,不會……再扔下了……,False
3979,味道可能稍微有點淡了？,False
3980,味噌……,False
3981,那個是非常重要的味噌！,False
3982,這裡將會變成什麼樣？,False
3983,就如你所想像的那樣喲。,False
3984,嗯，沒問題了！,False
3985,有這麼多的話……,False
3986,有一股好香的味道！,False
3987,會成為什麼樣的店鋪呢？,False
3988,最好是賣鮭魚的店鋪！,False
3989,哎？只賣鮭魚嗎？,False
3990,說不定……也不錯……,False
3991,做得真好啊。,False
3992,我也想吃！,False
3993,你呀，我們哪有錢……,False
3994,"姐姐，
請給我一個！",False
3995,哈？！等等！,False
3996,只是一、一個的話……,False
3997,"哎嘿嘿……
要選哪個好呢？",False
3998,全部在這了。,False
3999,哎？茄子呢？,False
4000,不好意思，今天……,False
4001,犏牛肉也不錯呢。,False
4002,我去轉達一下吧。,False
4003,這可是產地直送過來的哦！,False
4004,真讓人眼花繚亂啊……,False
4005,是盜賊……原來不是啊。,False
4006,展現一下你的風采吧！,False
4007,我、我才沒怕呢！,False
4008,趕快上吧！,False
4009,好高啊……,False
4010,"哈、哈……
我已經動不了了……",False
4011,從這開始才是難關呢……,False
4012,別小看……我的海盜魂！,False
4013,哇哇哇哇……,False
4014,這是最後的難關了……,False
4015,"在喜歡的女孩面前失敗了……
嗚嗚嗚……",False
4016,明明就差一點了！,False
4017,"嗚哦哦哦……
恭喜你成功！",False
4018,好厲害！好厲害呀！,False
4019,我好崇拜你！,False
4020,享受紅蓮祭吧！,False
4021,"來呀來呀，
現在正在募集永夏魔城的挑戰者！",False
4022,果然還是該去海裡游泳嗎？,False
4023,要不要參觀一下永夏魔城？,False
4024,"居然能建造出那樣的建築，
好厲害啊！",False
4025,這裡的地主到底是怎樣的人呢？,False
4026,完美的肌肉！,False
4027,漂亮的體格！,False
4028,你的肌肉也在閃閃發光呢！,False
4029,踏空了啊！,False
4030,"哇哇哇？！
不要搖啊！",False
4031,剛開始就這樣？！,False
4032,嗯……怎麼進行攻略好呢……,False
4033,掉下去時感覺也挺痛快的……,False
4034,咕咕咕咕咕……,False
4035,"不應該衝動……
慎重、再慎重……",False
4036,"咳嗚！
咕噗噗噗噗……",False
4037,活力還是不夠喵！,False
4038,"加油加油！
再努力一下啦！",False
4039,終點就在眼前了！,False
4040,我在這裡見證攻略成功的人！,False
4041,光看著就覺得激動！,False
4042,"努力拼搏的姿態……
真是太帥了！",False
4043,知道了，按順序來！,False
4044,相當多的訂單……,False
4045,應該是成平行了。,False
4046,用這個木材就行了？,False
4047,稍等一下。,False
4048,下回工具也會送過來吧。,False
4049,嗯，那樣的話工作起來也會更有效率。,False
4050,下一回的收貨是什麼時候？,False
4051,其實……預定計劃有了變動……,False
4052,……你聽到了吧？,False
4053,嘛，只能將就著做了。,False
4054,能儘量輕一些最好……,False
4055,該選哪種木材呢……,False
4056,果然還是松木吧。,False
4057,門把手壞了……,False
4058,有什麼可以幫忙的……,False
4059,"沒有啊……
那我就好好休息去了。",False
4060,沒有幹勁啊……,False
4061,這邊還差一點就完了。,False
4062,這真不錯……,False
4063,這樣待著覺得……,False
4064,嗯，真是懷念啊。,False
4065,"真厲害！
數量應該夠了。",False
4066,還得去準備灰呢。,False
4067,"好久不做了,
手藝沒生疏吧。",False
4068,哈哈，瞧你說的！,False
4069,呵呵……不錯不錯。,False
4070,嘿喲！,False
4071,沒白做工啊。,False
4072,果然不是用在這的。,False
4073,運到哪裡去……,False
4074,還記得車前會怎麼說的嗎？,False
4075,跑哪去了……,False
4076,光靠老人的話還是不行啊……,False
4077,我不擅長在比較高的地方……,False
4078,有沒有在耍詐的壞孩子啊……,False
4079,"下、下回……
我一定能中大獎！",False
4080,"直達禮品！
真是厲害！",False
4081,不對，用陸行鳥競賽一決勝負吧！,False
4082,用九宮幻卡一決勝負吧！,False
4083,"雖然我們是來休假的，
但也別玩得太瘋了。",False
4084,讓你見識見識我的好運！,False
4085,"是嗎？
是錯覺吧。",False
4086,"那個人……
好像在哪裡見過？",False
4087,兔女郎不登上去嗎？,False
4088,好想讓人挖掘的山啊……,False
4089,"嘶——
真是華麗的設計呢。",False
4090,"完美的肉體美……
嗚呵呵呵……",False
4091,孩子們的笑臉才是對我最大的獎勵！,False
4092,凱碧，節日真開心！,False
4093,"我真的很開心！
謝謝你熙洛姐姐！",False
4094,素材怎麼辦？,False
4095,"你好！
怎麼樣了？",False
4096,大致順利吧。,False
4097,"你好！
情況怎麼樣了？",False
4098,"作業還算湊合吧。
不過我幹的挺開心的。",False
4099,你別太較真就好。,False
4100,就是這樣……吧？,False
4101,放到退還箱那裡就行吧？,False
4102,嗯，拜託你了！,False
4103,交給我吧！,False
4104,運來新的貨物了哦。,False
4105,哦！放哪裡好呢？,False
4106,慢慢來，別弄混了就行。,False
4107,哥哥會不會來啊……,False
4108,藥品……還沒來嗎……,False
4109,製作藥品的藥草據說不夠用。,False
4110,"只要找到藥草，
或許……",False
4111,……在哪個地方有那種藥草？,False
4112,咕——,False
4113,嘎嗚——,False
4114,咕嚕嚕……,False
4115,嗚——,False
4116,食物涼得好快……,False
4117,（★未使用／削除予定★）,False
4118,（★未使用／削除予定★）,False
4119,呼，活過來了……,False
4120,不愧是名匠之作。,False
4121,看來得先除雪才行了……,False
4122,冰天雪地的誰會願意幹這個喵？,False
4123,天冷肚子餓得好快……,False
4124,等煮好的。,False
4125,名匠的工具都沒問題。,False
4126,居然凍住不能用了……,False
4127,"嘶——
小金街……在哪？",False
4128,"景山！
你給我站住！",False
4129,種稻子所需要的東西……,False
4130,呼……種地可真是辛苦。,False
4131,細心而快速地……,False
4132,"要是踩到小石子
會很痛的……",False
4133,這邊情況如何？,False
4134,石子和碎片太多了……,False
4135,好吧，我來幫忙。,False
4136,接下來是除那邊的草。,False
4137,真是可愛……,False
4138,接下來需要……,False
4139,乖，一起加油吧！,False
4140,燉得夠爛了。,False
4141,"再就是……
稍微來一點底味……",False
4142,下次弄點釀酒的米吧。,False
4143,咚咚咚鐺鐺鐺。,False
4144,風景不錯啊——,False
4145,用來搭房頂的木材是……,False
4146,櫸木木材應該不錯吧。,False
4147,謝了，我去準備。,False
4148,是、是哪個？,False
4149,要怎麼搬到上面去？,False
4150,這下就都齊了！,False
4151,這裡要建什麼？,False
4152,看來精米已經碾好了。,False
4153,選哪本書比較好呢……,False
4154,嗯嗯……,False
4155,呼——姆姆……,False
4156,"我不睏……
一點都……不睏……",False
4157,小風車轉呀轉——,False
4158,請多給我講講西方的事！,False
4159,咕……腰不行了……,False
4160,沒歪吧……,False
4161,然後是房頂了。,False
4162,"得固定好，
不然很危險。",False
4163,今後得更加努力了。,False
4164,要不試試這個吧……,False
4165,最能信賴的還是自己的肌肉！,False
4166,"為了隨時都能逮捕犯人
得好好鍛鍊腰腿。",False
4167,已經差不多齊了啊。,False
4168,腰再低點！,False
4169,我會告訴小櫻的。,False
4170,應該足夠結實了。,False
4171,釘子不夠用了。,False
4172,喂！把門打開！,False
4173,一二三……,False
4174,用來爆破的炸藥在……,False
4175,差不多該換班了吧。,False
4176,好的大哥！,False
4177,再加把勁！,False
4178,這板子也得換個新的。,False
4179,這裡要……,False
4180,是、是我輸了！,False
4181,這前面很危險……,False
4182,我必須得去摘藥草。,False
4183,狼哥哥在哪你知道嗎？,False
4184,最近沒見到啊。,False
4185,這附近監視嚴嗎？,False
4186,"要是告一段落了
就去偵察歸燕館！",False
4187,"貓……要是不需要幫助
就說一聲啊。",False
4188,喵？,False
4189,分身了噗！,False
4190,給我看看變化之術！,False
4191,那就變成你的樣子吧。,False
4192,看，變得和老鼠一模一樣了吧！,False
4193,可我是水獺啊？！,False
4194,我們曾經的飲食文化……,False
4195,可能性的星球嗎……,False
4196,來這一手啊……,False
4197,小心火燭！,False
4198,"彷彿從很長的夢裡……
醒了過來……",False
4199,菜餚還是熱的！,False
4200,這才是理想的節奏！,False
4201,不是跟平時一樣嗎？,False
4202,好暖和……意識開始朦朧了……,False
4203,……可別在這裡睡著了哦。,False
4204,好樣的，乖孩子……,False
4205,咕哎咕哎！,False
4206,我又不是採掘師……,False
4207,為了調查你就忍著點吧。,False
4208,我的夢想啊……,False
4209,招聘賢才！保證高薪！,False
4210,看起來好多了。,False
4211,今天也要加油幹！,False
4212,我很樂意做一份正經工作！,False
4213,這條路也變了。,False
4214,物資也變多了。,False
4215,真是太好了。,False
4216,我拿到工錢啦！,False
4217,好好工作……好好睡覺……,False
4218,今天也要努力……,False
4219,加油！,False
4220,稍微富裕一點了……,False
4221,狀態不錯。,False
4222,我找到工作了！,False
4223,我也一樣！,False
4224,這裡變得有點寂寞了。,False
4225,要回到阿拉米格嗎？,False
4226,存款變多了……,False
4227,來瞧一瞧看一看！,False
4228,使用廢料來做生意……,False
4229,考慮一下吧……,False
4230,今天的工作是卸貨啊……,False
4231,今天做那孩子喜歡的東西吧。,False
4232,這份幹勁，我認可了！,False
4233,貧民們散發出了活力啊。,False
4234,我也想要那個壺噗……,False
4235,我、我還以為要死了……,False
4236,"哥哥，
你的臉色變好了。",False
4237,……多虧有你在啊。,False
4238,"真的嗎？
嘿嘿，太好了！",False
4239,就用這個追上飛燕！,False
4240,"用船去追啊……
我暈船……",False
4241,"有船就不錯了，
總比遊過去好多了！",False
4242,"竟然在船上待了那麼久……
快到艾奧傑亞了吧？",False
4243,"啊、要掉下去了！
肯定會被淹死的！",False
4244,"布都嘎族的大哥們
都走了嗎？",False
4245,"是啊，他們去黃金港了，
肯定是乘上了向西去的船隻。",False
4246,"為了找到飛燕大人……
竟能如此費盡周折。",False
4247,如此執著真是可怕……,False
4248,我認識些在阿拉米格的人……,False
4249,看來有不少新奇的東西啊。,False
4250,！！,False
4251,不好意思，是章魚！,False
4252,呵呵嘎！,False
4253,謔謔！就是這樣！,False
4254,"射擊！
全力開火！",False
4255,我選錯人了……,False
4256,"鄙人奇彌·基恩加爾！
不善動腦！",False
4257,"可惡……
為什麼讓我做這種事……",False
4258,"降臨吧！
我的努恩之力！",False
4259,"我必須連梅·賽特的部分
也一併考慮進來……",False
4260,"呵呵，
你們兩位好像很開心，太好了。",False
4261,魔蛋精毛茸茸的！,False
4262,太可愛了！,False
4263,"靜下來，
傾聽森林聖靈的聲音。",False
4264,"好怕！
人類好怕！",False
4265,今天是不是該……,False
4266,怎麼變多了……,False
4267,"這次會
試著變成你。",False
4268,"先說好，
我可是水獺啊……",False
4269,"我知道，
你乖乖瞧著吧。",False
4270,怎麼樣！,False
4271,再說一遍我是水獺啊！！,False
4272,"可、可以跟我一起，
參加儀式嗎？",False
4273,嗯，我很願意！,False
4274,當然可以啦！,False
4275,"爺爺！
我們再來一次！",False
4276,通告是在……,False
4277,……這個情報有意思！,False
4278,看到通告了嗎？,False
4279,啊！,False
4280,……快去看！,False
4281,這些行李……放那邊！,False
4282,欸？不是這邊啊？,False
4283,那就放這裡！,False
4284,……也不對啊！,False
4285,這該放哪去啊？,False
4286,,False
4287,該回去了吧？,False
4288,欸？讓我再多看兩眼……,False
4289,,False
4290,怎麼能輸給魔導兵器……,False
4291,大本營的魔法障壁雖然堅固……,False
4292,但還是需要小心敵軍的突然襲擊……,False
4293,那我派忍者去進行警戒。,False
4294,我會全力以赴的。,False
4295,羅塔諾海無比蔚藍……,False
4296,有機會的話我也想去看看……,False
4297,我們這裡也需要戰鬥力……,False
4298,那就讓我的部隊來……,False
4299,我們會死守國土！,False
4300,消滅帝國軍！,False
4301,好疼，好疼啊……,False
4302,前線……像地獄一般。,False
4303,"我居然……
輸了……",False
4304,熱騰騰的飯……還沒好嗎……,False
4305,等我們工作結束後吧。,False
4306,好想洗澡啊……,False
4307,●仮設定,False
4308,買回去吧……,False
4309,去喝一杯嗎？,False
4310,還真有好玩意兒……,False
4311,味道真棒！,False
4312,成為大財主的路上險象環生……,False
4313,"哎呀！
這讓人看哪裡好呢……",False
4314,下次我會贏！,False
4315,不管來幾次你都贏不了我！,False
4316,讓你見識一下我的錘子！,False
4317,我居然輸了……,False
4318,"出、出牌的時候，
要擺放整齊……",False
4319,可惡，居然贏不了！,False
4320,哦，就是要登上這座山嗎？,False
4321,烏拉拉！,False
4322,太棒了！,False
4323,馬夏！,False
4324,嗷哦！,False
4325,烏拉拉親！,False
4326,哦！耶！,False
4327,鳴海！,False
4328,看這裡！,False
4329,得、得救了……,False
4330,快看天空……,False
4331,發生什麼事了？,False
4332,沃斯里……大王……,False
4333,萬歲……萬歲……,False
4334,嗚……哦……,False
4335,偉大的……王……,False
4336,"啊……
我要更多妙料……",False
4337,這也是表演嗎？,False
4338,這是要做什麼？,False
4339,把我們叫來的是你們嗎？,False
4340,怎麼了，怎麼了？,False
4341,"王冠就在前面！
王冠就在前面！",False
4342,"快快，你們馬上
就能拿到王冠了！",False
4343,"總算是打敗了水妖，
接下來……",False
4344,"這下可以把王冠
交出來了吧。",False
4345,"……放心吧，
對方已經無心戰鬥了……",False
4346,結、結束了嗎？,False
4347,這幻惑之術真是精彩……,False
4348,"不愧是你，
幹得漂亮。",False
4349,阿莉塞……,False
4350,請安息吧……,False
4351,"靈光衛，
居然被打倒了……",False
4352,"把這恐懼
銘記在心裡吧……",False
4353,"近距離體會到了
靈光衛的恐怖……",False
4354,"既然這樣，黑夜
也應該回歸了吧。",False
4355,"統治森林的靈光衛
被打倒了……",False
4356,"這樣一來，
荒野也能迎接黑夜歸來了！",False
4357,"成功了……
泰絲琳……",False
4358,"看起來
琳的觀點是正確的。",False
4359,"能平安無事，
真是太好了。",False
4360,"原來世上還有
如此奇形怪狀的食罪靈……",False
4361,你……剛剛沒事吧？,False
4362,"沃斯里……
就在前面嗎？",False
4363,"好，接下來就是
最後的關口了。",False
4364,"周圍好像沒有
食罪靈的氣息。",False
4365,"我感覺到了……
上方傳來了強烈的光之力……",False
4366,"到此都還在計畫範圍內……
接下來就該分出勝負了……",False
4367,"居然能強化食罪靈，
真是難纏的對手……",False
4368,"沒錯！
我是不會停下來的！",False
4369,"無論面對怎樣的絕望
我們都要克服！",False
4370,"不要放鬆警惕，
這裡可是那傢伙的地盤。",False
4371,"愛梅特賽爾克……
在哪？",False
4372,這就是第一個時代的終結……,False
4373,"沒想到竟會看到
世界毀滅的模樣。",False
4374,"真可憐……
沃斯里……",False
4375,"結束了！
所有靈光衛全被擊敗了！",False
4376,人類人類你在哪？,False
4377,"找到後
要怎麼玩呢？",False
4378,還是直接弄到天上去吧！,False
4379,該來了吧？,False
4380,啊，太可怕了！,False
4381,喂！怎麼了？,False
4382,到底發生了什麼……,False
4383,我……我做了什麼？,False
4384,我的頭……昏沉沉的……,False
4385,沃斯里……大王？,False
4386,真是遇到了可怕的事啊。,False
4387,你沒事吧？,False
4388,呼……,False
4389,嗯……睏……,False
4390,呼……嚕……,False
4391,快給我起來！,False
4392,怎麼了怎麼了？！,False
4393,不要吸入那些粉末！,False
4394,那群人，看好了！,False
4395,看來暫時沒事了。,False
4396,好，你是個乖孩子。,False
4397,嗝……我吃不下了……,False
4398,快點攪拌在一起……,False
4399,哎呀，你也喝點吧！,False
4400,要做的事太多了……,False
4401,嗯，有點難……,False
4402,"噢！
好爽！",False
4403,啦哩吼！,False
4404,啦……啦……啦哩吼！,False
4405,呀！吼！,False
4406,沒有異常嗎？,False
4407,比、比我想的還高啊……,False
4408,"這邊的網
看來也沒問題……",False
4409,"哎呀，是你啊。
你也要來一杯嗎？",False
4410,要保護好我們的食物才行！,False
4411,還缺少什麼東西嗎？,False
4412,已經夠了，謝謝你。,False
4413,嘿咻！,False
4414,等幹完活再去玩！,False
4415,等一下！,False
4416,等等啊！,False
4417,耶！抓到啦！,False
4418,是我沒使出全力！,False
4419,好了，追人遊戲結束了！,False
4420,來玩追人遊戲吧！,False
4421,好呀，我不會輸給你的！,False
4422,在這裡喲！,False
4423,該吃飯了！,False
4424,怎、怎麼會這樣……,False
4425,差不多到時間了吧？,False
4426,喂，你覺得那個傳言可信嗎？,False
4427,"加固到這種程度
就沒問題了吧。",False
4428,請行行好吧……,False
4429,奶奶，講講夜晚的故事吧！,False
4430,水晶都的親戚來信了……,False
4431,要自給自足……,False
4432,說出去的話，潑出去的水。,False
4433,目前的儲備狀況沒有問題。,False
4434,前陣子我在巡邏的時候……,False
4435,你還是忘不掉那個孩子嗎？,False
4436,安靜，傾聽森林的聲音。,False
4437,我看見了，是個白色的影子！,False
4438,鹿肉最棒了！,False
4439,沒有什麼問題吧……,False
4440,之前維梅她啊……,False
4441,那孩子是有那樣一面的！,False
4442,祭禮的準備怎麼樣了？,False
4443,蘭櫟正忙著準備呢。,False
4444,那就沒問題了。,False
4445,全都送到了嗎？,False
4446,好孩子！好孩子！,False
4447,有沒有好石頭啊……,False
4448,有點貴吧……,False
4449,"這次商談……
我能搞定！",False
4450,可別跑太遠啊！,False
4451,跑、跑哪裡去了？！,False
4452,我一會兒沒注意就這樣了……,False
4453,快回來！,False
4454,可別再走丟了啊！,False
4455,這還真是麻煩啊……,False
4456,回、回來了嗎？！,False
4457,不能再隨便亂跑了！,False
4458,這、這樣啊……,False
4459,沒忘掉什麼吧？,False
4460,沒關係，沒關係的……,False
4461,"每次看過去都會感到
深深的震撼……",False
4462,我總覺得……,False
4463,我收集到了各種情報！,False
4464,要是能發現寶藏就好了……,False
4465,那麼近的地方居然有靈光衛……,False
4466,跟我來發財吧！,False
4467,放心吧，沒問題。,False
4468,"辛苦了！
狀態如何？",False
4469,"非常完美！
就是要休息一會兒！",False
4470,"瞭解了！
不要勉強啊！",False
4471,那群水妖族……,False
4472,我的主人……,False
4473,這是好吃的蘑菇！,False
4474,來場交易吧！,False
4475,"感覺這個
沒種好……",False
4476,你們要好好長大哦。,False
4477,好像哪個都不錯……,False
4478,嗯嗯，有意思……,False
4479,哼！噢！,False
4480,"不要急，
現在就給你們。",False
4481,要做什麼有意思的事呢？,False
4482,要試試用魔法變身嗎？,False
4483,想試試，想試試！,False
4484,哼哼，交給我吧！,False
4485,"哇！
我都迫不及待了！",False
4486,"要開始了……
嘿！",False
4487,哇！,False
4488,哼唧……,False
4489,嘿嘿，厲害吧！,False
4490,"哈哈！
是仙子豬！",False
4491,哼唧！,False
4492,"嗯……
要怎麼變回來呢……",False
4493,"好有趣！
等等我！",False
4494,啊，等等我啊！,False
4495,欸……,False
4496,是、是河狸！,False
4497,嗷嗚！,False
4498,啊、啊呀！,False
4499,嗷嗚嗷嗚！,False
4500,"哪朵花
更合適呢……",False
4501,好甜！,False
4502,我要休息一會兒……,False
4503,你要吃到什麼時候！,False
4504,別閒著，動起來！,False
4505,啊……睏……,False
4506,"草兒美，花兒香，
今天也要玩歡暢！",False
4507,你能跟上我嗎？！,False
4508,"又被你找到了！
你好厲害呀！",False
4509,真厲害，下次可就不一定囉！,False
4510,"可惡！
下次一定不讓你找到！",False
4511,"玩得真開心啊！
再見啦！",False
4512,我把這個給你，原諒我吧。,False
4513,呵呵呵，好軟啊！,False
4514,"要好好想想
有什麼有趣的事情可做……",False
4515,快快變大！,False
4516,施捨一下吧……,False
4517,"我不是已經
說過了嗎！",False
4518,大魚快上鉤！,False
4519,我賣的都是好東西！,False
4520,能挖出什麼好東西嗎……,False
4521,怎麼辦啊……,False
4522,乾涸了嗎？,False
4523,能不能通過審查啊……,False
4524,東西真不少呢。,False
4525,小雞好可愛啊！,False
4526,火候合適嗎？,False
4527,"打得好！
用力！",False
4528,現在全力打一記右勾拳！,False
4529,不知道能撐到什麼時候……,False
4530,沒過火吧……,False
4531,走著瞧，總有一天我也能行！,False
4532,救、救命！,False
4533,啊、噁心……,False
4534,我聽說個事，給你講講。,False
4535,事情好多啊……,False
4536,我這個裝束還可以吧？,False
4537,哎呀，真舒服！,False
4538,能幫我把紅酒拿來嗎？,False
4539,明白了，請稍等……,False
4540,雖然想去樹根層參觀……,False
4541,"只是能下來
我就滿足了。",False
4542,還是回樹幹層吧。,False
4543,您要的紅酒來了。,False
4544,啊，還是那麼任性……,False
4545,之後呢……,False
4546,沒什麼異常。,False
4547,接下來該幹什麼了……,False
4548,果然還是會客廳最棒了！,False
4549,"注意腳下，
可別失足掉下去了。",False
4550,我想喝就喝，你少管我！,False
4551,長老那個人啊……,False
4552,嗯嗯……一點沒錯。,False
4553,嗚噗噗……朧君真有趣……,False
4554,嘿呦嘿！,False
4555,再去哪逛逛吧。,False
4556,請讓我同行。,False
4557,真是俗套……,False
4558,您說得是。,False
4559,我問你的意見了嗎？,False
4560,對、對不起。,False
4561,去乙太之光廣場吧。,False
4562,裝修得真漂亮啊。,False
4563,"是，
您說得是……",False
4564,要喝點什麼嗎？,False
4565,你沒看到我正在忙嗎！,False
4566,這位客人好像也不需要……,False
4567,沒人想喝東西……,False
4568,你得多主動問問才行。,False
4569,好、好的……我會努力的……,False
4570,再轉一圈吧。,False
4571,今晚也來逍遙吧！,False
4572,彈力變弱了嗎？,False
4573,"好……
來徹底打掃一下吧！",False
4574,你還真愛聽故事……,False
4575,嗯，是旅行者啊……,False
4576,我也想去前線作戰！,False
4577,數量夠了嗎……,False
4578,"肌肉……
不會騙人……",False
4579,你就讓我過去吧。,False
4580,我感覺看到了不祥的影子……,False
4581,這小屋也差不多到日子了……,False
4582,巡邏完畢，沒有異常！,False
4583,以後也要拜託你了！,False
4584,腳、腳累得厲害。,False
4585,呵呵，好孩子。,False
4586,弓弦沒有問題！,False
4587,"果然啊，
這裡的溫泉很特別。",False
4588,你感覺水溫如何？,False
4589,翅膀的傷好嚴重啊。,False
4590,我們需要更多武器！,False
4591,把臉貼近地面！,False
4592,有什麼需要嗎？,False
4593,沒什麼事……,False
4594,站崗巡邏豈容鬆懈！,False
4595,"這東西……
放哪裡合適呢？",False
4596,好漂亮的羽毛啊。,False
4597,呼、呼……,False
4598,簡直是場惡夢……,False
4599,怎麼辦才好……,False
4600,啊！,False
4601,謝謝你！,False
4602,一起走吧。,False
4603,"那個地方
被稱為圓頂區……",False
4604,快長起來吧。,False
4605,交給我做的事都做完了！,False
4606,哦，辛苦你了！,False
4607,接下來這個也交給你了。,False
4608,還是放到同樣的地方嗎？,False
4609,"對！
拜託你了！",False
4610,噢，原來如此……,False
4611,做得很棒哦！,False
4612,嗚……我的老腰……,False
4613,這該怎麼辦呢……,False
4614,來打掃吧！,False
4615,在牧場工作也不容易啊。,False
4616,這個說不定能行……,False
4617,"怎麼樣……
找到合適的獵物了嗎？",False
4618,找到了，我真的找到了！,False
4619,那麼關於報酬和棲息地……,False
4620,真是漂亮的紫色啊。,False
4621,咦，被我收哪去了……,False
4622,到底在哪裡……,False
4623,應該就在這附近……,False
4624,不在這裡啊。,False
4625,放到哪個箱子裡去了……,False
4626,"這邊由我們
統籌管理。",False
4627,新的委託嗎，讓我看看……,False
4628,這樣的如何？,False
4629,再看看情況吧……,False
4630,嗯，想不起來啊……,False
4631,有什麼新發現？,False
4632,很難啊……,False
4633,到底在哪啊……,False
4634,"再去另一邊
調查一下吧……",False
4635,看來不在這邊的架子上……,False
4636,"只要使用魔法，
就能拿到高處的書。",False
4637,我托你做的東西怎麼樣了？,False
4638,現在正做著呢。,False
4639,還要多長時間？,False
4640,快了。,False
4641,之前那東西能找得到嗎？,False
4642,還沒接到報告……,False
4643,分配沒有問題。,False
4644,稍息！,False
4645,再壓得低一點！,False
4646,保養不知道有沒有效果……,False
4647,有什麼困難嗎？,False
4648,目前一切順利！,False
4649,有問題立刻叫我。,False
4650,謝謝你！,False
4651,還真重啊……,False
4652,噢……,False
4653,"啊！
我腿都軟了……",False
4654,這可不容退讓！,False
4655,是哪裡不夠好呢……,False
4656,來寫個觀察日記吧。,False
4657,一切順利……,False
4658,這孩子還湊合吧……,False
4659,你們要這個嗎？,False
4660,"不好意思，剛好不收……
怎麼又是你啊！",False
4661,好吧，我下次再來……,False
4662,我下次再來問。,False
4663,"他還真是
不懂得放棄啊……",False
4664,"哼！
嗚喔喔！",False
4665,你很了解啊。,False
4666,真是個好武器啊。,False
4667,來，見識一下吧！,False
4668,這項鍊真漂亮……,False
4669,這樣就完美了！,False
4670,客人您的眼光真好！,False
4671,畏畏縮縮的像什麼樣子？！,False
4672,"呵呵，今天
姐姐也生我氣了。",False
4673,接下來要去哪？,False
4674,我聽人說啊……,False
4675,點個推薦菜吧。,False
4676,沒什麼問題。,False
4677,感謝你一直以來進行檢查。,False
4678,哪裡，舉手之勞。,False
4679,沒有異常吧……,False
4680,我們來發大財吧！,False
4681,長勢很不錯呢。,False
4682,關於我的房間……,False
4683,房間好多啊！,False
4684,要做掃除了。,False
4685,我得到重要情報了！,False
4686,接下來玩什麼？,False
4687,啦哩吼！,False
4688,自走人偶狀態如何？,False
4689,非常完美！,False
4690,,False
4691,聽完評書我就過來了。,False
4692,這個可以買了留作紀念……,False
4693,我要早日追上前輩的腳步！,False
4694,森林也在注視著我們……,False
4695,"哇哦！
好高啊！",False
4696,人、人類，很少見……,False
4697,我有個，問題……,False
4698,是不是，該去，狩獵了……,False
4699,沒有潮水，不放心……,False
4700,"關於這次的災害，
學術方面的見解如何……",False
4701,"只能等一等
學院的研究結果了。",False
4702,哎呀，好可愛的孩子啊。,False
4703,"你能教教我
創造理論嗎？",False
4704,"你說的話
總是很有意思。",False
4705,"這樣一來，
我們也是亞馬烏羅提的市民了。",False
4706,"接下來
好像有個重要的議會。",False
4707,要不要去旁聽？,False
4708,好，馬上過去。,False
4709,有什麼好主意嗎？,False
4710,"你莫非是……
不……沒什麼……",False
4711,研究物件的魅力在於……,False
4712,嗯，這個行李箱……,False
4713,節日過後得好好收拾乾淨才行。,False
4714,至少沒有那次紅蓮祭時那麼髒……,False
4715,喔，撿到好東西了！,False
4716,"地方畢竟是向格格魯玖先生借的，
用完得收拾乾淨才行。",False
4717,海盜也是會玩完幫忙打掃的。,False
4718,撿垃圾可以練腰肌。,False
4719,"漂亮的海濱……
閃耀的腰肌！",False
4720,"游泳把附近海面飄著的
垃圾也撿了吧……",False
4721,"為了新生祭，
得收拾乾淨才行。",False
4722,"雖然是個麻煩事，
但不能放著不管。",False
4723,還有漏撿的垃圾嗎……,False
4724,唔，這個算什麼垃圾來著……,False
4725,累了累了，休息一下。,False
4726,哇啊？！,False
4727,別太緊張了！,False
4728,不用你管！,False
4729,你要等什麼時候才跳啊？,False
4730,火盆舞就在那個島上進行？,False
4731,啊，累死了……,False
4732,要爬到頂端？！,False
4733,"呵呀！
海盜之魂熊熊燃燒！",False
4734,挑戰一下，掉下去也沒什麼……,False
4735,要怎麼上去啊？！,False
4736,我、我登頂簡直輕而易舉。,False
4737,還差一口氣！,False
4738,"我就在這裡
觀察挑戰者吧！",False
4739,"在抵達終點前
真讓人捏一把冷汗。",False
4740,我給你打氣，加油啊！,False
4741,盡情享受吧！,False
4742,"來來！
你也挑戰一下吧！",False
4743,不從上面走好像不行啊。,False
4744,"快看！
有滑梯！",False
4745,"欸！要爬上去？！
太難了吧？",False
4746,好像有景點供人休息！,False
4747,好強壯的肌腱。,False
4748,肌肉！好棒！,False
4749,用那肌肉登上塔頂吧！,False
4750,我要重新挑戰！,False
4751,喂……別晃了！,False
4752,開場不利？！,False
4753,這就是傳聞的隱藏路線。,False
4754,我又忘乎所以了……,False
4755,咕嚕嚕嚕嚕……,False
4756,你也一起來吧？,False
4757,嘿咻！,False
4758,大家一起跳舞真開心啊！,False
4759,有炸魚套餐！,False
4760,就在海邊吃吧。,False
4761,"風在呼喚我，
我要試試先衝刺再跳。",False
4762,節日到啦！節日到啦！,False
4763,上啊！,False
4764,"你做到了！
恭喜你挑戰成功！",False
4765,你好厲害啊！,False
4766,我都要迷上你了！,False
4767,"你以前也是這麼活躍呢！
恭喜你挑戰成功！",False
4768,我就知道這次你也能行！,False
4769,我以前就一直在關注你了！,False
4770,大家加油啊！,False
4771,"呵呵呵，
帶他們來真是來對了。",False
4772,"這就是在書中讀到的紅蓮祭……
真是神奇的節日啊！",False
4773,"嗚噗噗……
暈船了噗……",False
4774,"耐熱裝備好棒啊噗！
我也要做一個噗！",False
4775,"吵鬧的女人一旦接近
魚就都跑了。",False
4776,"嘖、卡爾瓦蘭那個混蛋！
我一定要比他先釣上來！",False
4777,"呼……哈哈哈哈！
對我來說簡直易如反掌！",False
4778,"唔，想看店長穿泳衣的樣子……
不如我去推薦配套的泳衣吧。",False
4779,唰唰唰唰！,False
4780,"快點快點，
唰唰唰唰！",False
4781,"打掃乾淨，
唰唰唰唰！",False
4782,"一塵不染，
唰唰唰唰！",False
4783,"邊邊角角，
唰唰唰唰！",False
4784,"不留污垢，
唰唰唰唰！",False
4785,"乾淨整潔，
唰唰唰唰！",False
4786,"開始掃除，
唰唰唰唰！",False
4787,照這樣繼續恢復下去的話……,False
4788,"記得時常去確認一下
重建計畫！",False
4789,在這邊哦！,False
4790,物資是放這裡的吧？,False
4791,"調查員提到的城市就是這裡啊！
我要將這裡的風景畫下來！",False
4792,"這、這個燉菜的味道……
相當獨特啊……",False
4793,"這邊！
轉彎上樓梯！",False
4794,放這前面嗎？,False
4795,"大家辛苦了！
在下次開工前，先好好休息吧！",False
4796,"再往裡靠點！
小心別掉下去！",False
4797,"那、那傢伙……
到底去哪裡了……",False
4798,"咦？
這裡是哪裡呀？",False
4799,"肚子好餓……
燉菜看起來好香啊……",False
4800,"總會回來的！
別那麼心神不定的！",False
4801,新人不見了！,False
4802,"剎那間的鬆懈
會導致重大的事故！",False
4803,"太、太好了，
總算找到你了！",False
4804,"我迷路了……
真是對不起！",False
4805,聯合重建工程好像快要開始了。,False
4806,到了我們露兩手的時候了！,False
4807,"聯合重建工程開始了！
上啊！",False
4808,哦！,False
4809,,False
4810,嗚哇，好高啊……,False
4811,"哎呀呀……
怎麼辦好啊……",False
4812,飛到空中試試？,False
4813,花朵很可愛吧？,False
4814,呼……呼……,False
4815,"噓……
他在我膝蓋上睡著了！",False
4816,"來這邊！
放心，沒事！",False
4817,掉、掉下去會很痛吧？,False
4818,創造更多、更多的花朵吧！,False
4819,嘿！,False
4820,接下來去哪裡好呢？,False
4821,嗚哈！好厲害的地方！,False
4822,"一起玩吧，一起玩吧！
快點一起玩吧！",False
4823,嗯、嗯……,False
4824,"看見努力的孩子，
我就不由自主的想要惡作劇呢！",False
4825,"哇……哇……是彩虹！
真想讓母親也看看！",False
4826,真大啊！,False
4827,彩虹的上面能走嗎？,False
4828,可以吃嗎？,False
4829,水晶都要是也有就好了！,False
4830,……這個……好可愛……,False
4831,"嗚哇，全部
都是糖果點心做成的！",False
4832,"要弄就出去弄！
擾亂夢境的話可是會惹提兒生氣的。",False
4833,好想把他們變成草人裝飾這裡……,False
4834,咯噔咯噔……,False
4835,吱吱吱吱……,False
4836,嗯，這個挺不錯……,False
4837,哦哦，好美味……,False
4838,實乃珍饈佳餚啊……,False
4839,好豐盛的晚餐……,False
4840,不愧是王宮專屬的廚師啊……,False
4841,感謝托爾斯威爾國王……,False
4842,歡迎……,False
4843,聽從您的吩咐……,False
4844,"以我寶劍之名
跳一場華麗的舞蹈吧。",False
4845,話說副長去哪裡了？,False
4846,將力量集中在腳跟……,False
4847,"什麼？！
是真的嗎？",False
4848,舞蹈比賽嗎？有意思！,False
4849,多麼輕快的舞步……,False
4850,哈哈哈……,False
4851,跳起來吧。,False
4852,我不擅長跳舞……,False
4853,哎呀……,False
4854,呵呵呵……,False
4855,好美……,False
4856,能當你的舞伴是我的光榮……,False
4857,真是完美的舞會……,False
4858,我跳的好嗎？,False
4859,很熟練啊……,False
4860,一起享受吧……,False
4861,啊，簡直像是在夢裡一樣……,False
4862,你會帶我跳舞吧？,False
4863,那邊的男士……,False
4864,難道就是傳聞中的……,False
4865,國王陛下沒有來嗎？,False
4866,呼，跳累了……,False
4867,有事情請儘管吩咐……,False
4868,"多吃點！
吃到走不動為止哦！",False
4869,"對吧！
你也當一回樹木吧？",False
4870,那個大樹好壯觀！,False
4871,"好像可以從那個蘑菇爬上去呢！
去試試看吧！",False
4872,"好有趣！
莫非還有藏寶圖什麼的！",False
4873,"來看看啊！
這棵樹，好像可以爬上去！",False
4874,好舒服！,False
4875,"又沒有水妖在這裡，
可以隨便玩耍呢！",False
4876,幫你一下吧！,False
4877,嗚哇……好陡啊。,False
4878,"沒有翅膀
也能這麼玩耍呀！",False
4879,太棒了！！,False
4880,再去滑一次吧！,False
4881,嗯嗯！走吧！,False
4882,要是有隧道就好了！,False
4883,色彩繽紛才好！,False
4884,真想要一個超——大的遊樂園！,False
4885,能爬到很高的玩具怎麼樣？,False
4886,這個主意不錯！,False
4887,總感覺差點什麼！,False
4888,"看見人類滑下去的瞬間，
感覺好有趣！",False
4889,我好想玩茶會遊戲！,False
4890,也想吃超甜的點心！,False
4891,"那這樣的話！
點心做成的房子怎麼樣？",False
4892,你喜歡動物啊。,False
4893,"你真不錯哦！
來跟著我一起！",False
4894,"哎呀！
你能過來我好高興！",False
4895,"請盡情在我們的麗耶美格夢園中
玩耍吧！",False
4896,大家都過得很愜意嘛。,False
4897,好像是利用這個進入睡眠。,False
4898,搖來搖去……好有意思啊！,False
4899,啦啦啦啦啦……,False
4900,企業號出發！,False
4901,你在說什麼？,False
4902,"我也不知道，
這是某人在夢裡說的話。",False
4903,"是這樣啊？
那我也試試看好了！",False
4904,企業號出發！,False
4905,感覺好有意思！,False
4906,"呵呵呵！
出發！",False
4907,我喜歡花朵……,False
4908,我也很喜歡！,False
4909,你知道這是什麼嗎？,False
4910,"白色的豬？
群花館好像也有一隻。",False
4911,這個叫莫古利哦。,False
4912,"莫……古利……
那頭上的這個球是什麼？",False
4913,"也是莫古利哦！
群花館的那只還會發出淡淡的光呢。",False
4914,"欸……球會發光嗎？
嗯……",False
4915,我想要！,False
4916,"我說，這個藍色的球
能摘下來嗎？",False
4917,你扯一下試試不就知道了！,False
4918,"對啊！
多收集一些裝飾起來吧！",False
4919,使魔居然擁有如此龐大的熱量……,False
4920,"交涉的事情就交給水晶公
和阿爾菲諾了。",False
4921,掃帚能將這副慘狀也清掃乾淨嗎？,False
4922,"好了，終於要開始
最重要的交涉了……",False
4923,下次想要創造什麼樣的夢境？,False
4924,嗯……提兒你呢？,False
4925,是啊……,False
4926,我想創造超大個的綿羊！,False
4927,"然後擠出超多的羊奶，
做成羊奶的噴泉！",False
4928,"怎麼樣？
很棒的想法吧？",False
4929,"嗯！
不愧是提兒！",False
4930,"創造出很多很多的綿羊，
將群花館化為綿羊的世界吧！",False
4931,"……總、總之！
我會考慮一下的！",False
4932,我想創造超大個的野獸！,False
4933,"創造出那傢伙的天敵！
防止它混入夢境！",False
4934,"話說，那傢伙的餅乾……
好像不是我創造的呀……",False
4935,"欸，是嗎……
我還以為是提兒你創造的……",False
4936,"說起來……
最近總是能在外面看見它。",False
4937,,False
4938,,False
4939,"慎重點，
小心別被發現了。",False
4940,"面向這邊的時候
可不能貿然接近……",False
4941,哦……背向這邊了？,False
4942,嗚哦哦哦哦！,False
4943,"唔……
還有其他的魔物……",False
4944,進一步提高警惕吧……,False
4945,隨時可以給我發信號。,False
4946,衝、衝啊！,False
4947,,False
4948,,False
4949,"從正面沒辦法！
撤退！！",False
4950,"紅色是烏拉拉的顏色……
很可愛吧！",False
4951,好漂亮的裝飾！,False
4952,好想在這裡唱一首！,False
4953,腦中浮現出了新的詩歌……,False
4954,大家都很開心嘛……,False
4955,"和平常的顏色不一樣呢，
真難得……",False
4956,沒事，下次一定會成功！,False
4957,再挑戰一次吧！,False
4958,"哇！
快跑啊！",False
4959,"眼、眼前有魔物！
得快點逃走啊！！",False
4960,戰鬥結束了？,False
4961,終於能鬆一口氣了。,False
4962,"這裡還是敵人的據點之中……
別大意！",False
4963,"我們是來擔任技術指導的,
一定要好好幹！",False
4964,一、一起加油吧！,False
4965,哦！,False
4966,哦哦！,False
4967,好的！,False
4968,嗚哇！腳滑了！,False
4969,好想早點造出小屋來。,False
4970,明白了！,False
4971,"工匠們準備好的物資
可要珍惜使用！",False
4972,要是也能有個櫃子該多好。,False
4973,比比看，誰能扔得更遠！,False
4974,我可不會輸！,False
4975,"嗚哇！大人來了！
快跑！",False
4976,我們可沒有惡作劇！,False
4977,"嗚……
我的腰……",False
4978,是、是！,False
4979,有什麼工作嗎？,False
4980,"嗯唔……
現在還需要人手的是……",False
4981,我想想，現在……,False
4982,"太過拼命可不好，
也得需要充足的休養才行。",False
4983,好冷啊！,False
4984,"咦？
釘子去哪了……",False
4985,"工匠的人手
夠用嗎？",False
4986,這裡沒事！,False
4987,拜託幫忙籌備物資！,False
4988,"這個造型……
真是美麗……",False
4989,"好的！
我會注意的！",False
4990,"街道變得越來越好，
感覺心情也變好了。",False
4991,"雖然重建需要花費很長時間，
不過還是多努力吧！",False
4992,好厲害！,False
4993,真寬敞！,False
4994,"為了疲憊的工匠們，
得加入各種營養豐富的食材才行！",False
4995,咕咚、嗚……,False
4996,這氣味好強烈……,False
4997,好、好溫暖……,False
4998,接下來也繼續努力吧！,False
4999,辛苦了！,False
5000,別跑！,False
5001,我不會鬆懈警惕的！,False
5002,目前航行一切順利！,False
5003,"雖然駕船也是很重要的工作，
不過我好想釣魚啊……",False
5004,"為了能夠讓釣魚愛好者充分
享受釣魚的樂趣，
目前正以慢速航行。",False
5005,哇，好漂亮的風景……,False
5006,還得去寫航海日誌……,False
5007,"沉醉在景色中
文字又寫歪了……",False
5008,"就連風雨的狀況也要記錄，
所以有很多要寫的東西。",False
5009,魚群要過來了！,False
5010,平安到達釣場！,False
5011,大家都釣到了不少！,False
5012,"咦？通信狀態有點……
喂……",False
5013,"這種光輝……
是幻海流！",False
5014,"又是雜魚……
不需要的魚就即刻放生！",False
5015,"要靠上鉤所需的時間以及
咬鉤的強度來預測釣到了什麼魚。",False
5016,"釣魚就是與時間的戰鬥！
無視掉雜魚也是一種方法。",False
5017,一條接著一條啊！,False
5018,咬鉤強度低的魚要用精準提鉤！,False
5019,咬鉤強度高的魚要用強力提鉤！,False
5020,"想要儘快釣到魚的時候，
可以使用撒餌！",False
5021,你也來釣魚吧！,False
5022,"根據釣餌的不同，
魚類上鉤的時間也會不同。",False
5023,"聽說船上販賣的魚餌
能夠釣到大魚……",False
5024,使用耐心釣大魚！,False
5025,努力爆釣吧！,False
5026,"哇……快看！
我們在雲上面！",False
5027,"軟綿綿的！
比珂露西亞的海還要廣！",False
5028,"我們要不要
去那裡玩捉迷藏？！",False
5029,"……這裡是哪裡啊？
我是誰來著？",False
5030,,False
5031,"啊，糟了……
糟了啊！",False
5032,"想因叛國罪
被送進收容所嗎！",False
5033,"不、不是的！
都、都是誤會！",False
5034,"既然是妖精王的
「請求」的話……",False
5035,看招！,False
5036,"雖然只是做了我們該做的事情
可還是有點五味雜陳的感覺……",False
5037,"這也沒辦法啊。
不動手的話，被幹掉的就是我們了……",False
5038,"附近沒有敵人的氣息，
好像是撤退了……",False
5039,這就結束了嗎？,False
5040,"沒想到遠古的遺跡
會以這樣的狀態保存下來……",False
5041,"終於可以開始調查了,
到底能獲得什麼情報呢？",False
5042,開始發掘是也！,False
5043,祈禱一切順利是也。,False
5044,"奧奇斯達藍啊，
請加護某等是也！",False
5045,漂亮地完成了是也！,False
5046,包在某身上是也！,False
5047,要完成得更漂亮是也！,False
5048,還遠遠不夠是也！,False
5049,壯觀的據點完成了是也！,False
5050,唔唔……爾幹了什麼是也？,False
5051,啾！,False
5052,需要用測量圖確認一下……,False
5053,啾！,False
5054,是啾啾是也！,False
5055,接下來是這邊嗎！,False
5056,"咳……哈……
請等一等是也！",False
5057,"哦哦！
是避邪的護符嗎！",False
5058,這樣發掘也會有進展了是也！,False
5059,得感謝夜之民的智慧啊。,False
5060,沒想到能找到那樣的礦物啊……,False
5061,"為了給今後做準備，
得加深對病情的研究才行……",False
5062,要好好珍惜使用貴重的苔蘚！,False
5063,水蛇大人究竟喜歡什麼呢……,False
5064,準備好藥湯！,False
5065,水蛇大人也會滿意吧！,False
5066,"嘿喲——
嘿！",False
5067,嗚……,False
5068,已經到極限了是也……,False
5069,"在下個石碑完成前
休息一下！",False
5070,"水蛇大人也在犒勞某等。
請慢慢休息。",False
5071,啾！啾！,False
5072,某這就去叫下一班的人過來是也。,False
5073,該交班了是也。,False
5074,"馬上！
某馬上就去！",False
5075,"從蛇行枝的人們那裡收到的
蔬菜實屬美味是也。",False
5076,發掘進展很順利是也！,False
5077,啾！,False
5078,啾！,False
5079,啾啾！,False
5080,啾啾啾！,False
5081,"檢疫還沒完成，
先別搬走。",False
5082,這些貨物是……,False
5083,什麼……,False
5084,"嗚……
不行了，動不了了……",False
5085,我唯獨不想吃那個藥……,False
5086,暈船了嗎？,False
5087,那個絕對不行！,False
5088,真丟臉……,False
5089,不習慣的話，苦味會……,False
5090,那有鍊金術師行會特製的止暈藥……,False
5091,雖然是挺好吃的……,False
5092,魚……吧唧……,False
5093,大船還沒來嗎？,False
5094,從海都來幫手了！,False
5095,"肌肉鼓鼓的呢，
好帥氣！",False
5096,救、救命……,False
5097,好像從這邊傳來了聲音？,False
5098,"為什麼在那種地方啊？！
現在就去救你，撐住！",False
5099,你那一身肌肉是擺設嗎？！,False
5100,注意不要掉下去……,False
5101,造出美麗的欄杆……,False
5102,交給我吧！,False
5103,好、好沉啊……,False
5104,"得救了。
謝謝！",False
5105,今後可要注意啊！,False
5106,這裡以後要通水。,False
5107,知道了！工頭！,False
5108,"嗚哇！
又掉下去了！",False
5109,不、不行了……,False
5110,"嗯？
這個聲音難道是……",False
5111,"你……怎麼又掉下去了……
哎……",False
5112,注意確認設計圖！,False
5113,是！工頭！,False
5114,根據冒險者提供的食譜……,False
5115,"停不下來，
欲罷不能啊……",False
5116,變得好吃了呢。,False
5117,真香，太好吃了！,False
5118,嘿喲！嘿喲！,False
5119,"聯合重建工程
好像就要馬上開始了。",False
5120,"聯合重建工程開始了！
衝啊！",False
5121,該是我們展現手藝的時候了！,False
5122,哦！！,False
5123,聯合重建工程還沒開始嗎？,False
5124,上啊！,False
5125,"為了避免受傷，
一定要仔細做好準備。",False
5126,嗯，注意安全！,False
5127,終於要開始重建街道了。,False
5128,"唔哦哦哦！
為了皇都和工頭！",False
5129,"現在還用不到木材，
放回原處去吧。",False
5130,是嗎？！,False
5131,哼！哈！,False
5132,"聯合重建工程
好像就要馬上開始了。",False
5133,"聯合重建工程開始了！
衝啊！",False
5134,該是我們展現手藝的時候了！,False
5135,哦！！,False
5136,聯合重建工程還沒開始嗎？,False
5137,上啊！,False
5138,"為了避免受傷，
一定要仔細做好準備。",False
5139,嗯，你多注意！,False
5140,終於要開始重建街道了。,False
5141,狀態怎麼樣啊？,False
5142,幹得不錯啊！,False
5143,"看起來挺順利呀！
不錯不錯。",False
5144,一定要建得好看！,False
5145,感覺不錯！,False
5146,多虧了工匠們啊！,False
5147,感謝再次救了我！,False
5148,你可別再掉下去了……,False
5149,精雕細琢，雕刻真有趣！,False
5150,"我想把街道現在的樣子
牢記在心中……",False
5151,"哎……
稍微休息一下。",False
5152,很適合跑步的街道啊……,False
5153,我開始感覺有點按捺不住了……,False
5154,眼看著街道逐漸成型了！,False
5155,玩什麼好呢？,False
5156,比誰跑得快吧！,False
5157,我可不會輸的！,False
5158,"在物資湊齊前
先休息吧！",False
5159,大家都辛苦了！,False
5160,也讓我鍛鍊一下吧！,False
5161,對於我們來說這就是休息！,False
5162,堅定的意志能夠粉碎岩石！,False
5163,注意別被瓦礫絆倒！,False
5164,小心別弄翻了掉下來！,False
5165,"這裡今後會逐漸
建成美麗的街道……",False
5166,沒問題！,False
5167,好的！,False
5168,在這裡建造廣場！,False
5169,我們來把這個柱子弄漂亮點吧！,False
5170,好的！,False
5171,知道了！,False
5172,明白了！,False
5173,手開始麻木了……,False
5174,好好確認一下物資是否充足！,False
5175,對對，就是這樣！,False
5176,"哼哼哼，
進行美麗的雕刻……",False
5177,這樣就行了吧？,False
5178,可能還有點不夠？,False
5179,這裡該做成什麼樣的來著？,False
5180,接下來的步驟是……,False
5181,從這裡來描繪重建時的風景吧。,False
5182,"動起來的話，
身子會暖和許多！",False
5183,在更暖和的地方休息吧……,False
5184,啊……好累啊……,False
5185,"好好休息，
別再勉強自己了。",False
5186,"接下來從南邊的居住區
開始著手施工！",False
5187,"在那之前
稍微休息一下……",False
5188,"哼、哈！
哼、哈！",False
5189,"很厲害！不錯！
你的肌肉在閃閃發光！",False
5190,呀——,False
5191,腰上不使勁可是會傷到手腕的！,False
5192,要注意飛濺的碎片！,False
5193,不休息沒事嗎？,False
5194,嘿喲！,False
5195,"沒辦法……
稍微休息一段時間好了。",False
5196,好好鍛鍊！,False
5197,這些食材的話……,False
5198,禁止擅自帶出物資！,False
5199,看不到可疑的船隻啊！,False
5200,"就算是為了死去的那個孩子，
我也要做力所能及的事情……",False
5201,啊，好暖和……,False
5202,"這個房子就我一個人住
有點奢侈啊。",False
5203,小心危險！,False
5204,"在街道裡逛逛，
看看有沒有需要幫助的人怎麼樣？",False
5205,要出去進行調度任務嗎？,False
5206,適當的休息也是需要的。,False
5207,好了，接下的工作……,False
5208,"不要輸給寒冷，
堅強成長起來哦。",False
5209,好想有家人……,False
5210,沒事的啦！,False
5211,這不算問題！,False
5212,我會注意的！,False
5213,好的！工頭！,False
5214,喲，就是這樣！,False
5215,感覺不錯嘛！,False
5216,看准了瓦礫再揮動鐵鎬……,False
5217,副工頭總是陪著那傢伙……,False
5218,我總是鑿不到瓦礫……,False
5219,"我的動作怎麼樣啊？
工頭！",False
5220,謝謝指導！,False
5221,"道路的整備就交給其他人，
我們去做接下來的準備！",False
5222,那邊的瓦礫得趕快清走才行。,False
5223,能麻煩你去確認一下建築物資夠不夠嗎？,False
5224,"將這堆山一樣的瓦礫
變成美麗的房子！",False
5225,嗯、嗯……,False
5226,我去確認一下設計！,False
5227,"好的！
這就去安排！",False
5228,重建工程已經有了如此進展啊！,False
5229,好想早點入住！,False
5230,"這麼多美麗的雕塑……
這就是工匠的手藝！",False
5231,"堆在那裡！
小心別夾到手！",False
5232,"仔細確認一下，
看看物資有沒有損傷。",False
5233,"是！
完好無損！",False
5234,知道了！,False
5235,"工藝之神比爾格
降臨在我身上了！",False
5236,上面沒事吧？！,False
5237,全部搬上去了嗎？,False
5238,沒、沒事吧？！,False
5239,"咚、咚、咚……
哎呀，疼死了！",False
5240,好、好高……,False
5241,搬上去了！,False
5242,"嗯,
打稿就先到這裡……",False
5243,有在好好看設計圖嗎？,False
5244,開始有點樣子了啊！,False
5245,這個石材有裂紋了？,False
5246,有的有的！,False
5247,"呵呵呵！
謝謝誇獎！",False
5248,"為了方便工匠們，
要提前把物資搬運進去！",False
5249,沒、沒事？！,False
5250,"咚、咚、咚……
哎呀，疼死了！",False
5251,得先塗底色……,False
5252,量夠多的啊。,False
5253,"這可是優質的物資，
要慎重對待！",False
5254,"這個石料的觸感……
實在是完美！",False
5255,這是工匠們交納的物資！,False
5256,好的，工頭！,False
5257,好想要這個房子啊……,False
5258,嘖！,False
5259,嗯，建築計畫進行得很順利啊。,False
5260,"那個，
這裡預定成為戰爭災民用的住宅……",False
5261,我說你是什麼人啊！,False
5262,"工程已經進入了最後關頭，
大家都別放鬆啊！",False
5263,"真是的！
不要東張西望看好自己的手！",False
5264,"咚、咚、咚……
哎呀，疼死了！",False
5265,好的！,False
5266,"不愧是我的作品，
真不錯……",False
5267,"你們在短時間內
手藝提高了不少啊！",False
5268,大家都很努力啊！,False
5269,街道變漂亮了！,False
5270,"能和幫手成為好朋友，
我好高興！",False
5271,一起擺出勝利的姿勢！！,False
5272,"這裡就建成能夠
租給多人的廉租房好了。",False
5273,非常感謝！,False
5274,真是丟臉了……,False
5275,"真是危險啊，
今後可要注意了。",False
5276,"讓你見識一下！
神殿騎士的劍技！",False
5277,"出現吧……
我的暗黑之力！",False
5278,這邊將提供給戰爭受災者居住。,False
5279,哎呀，能住在這裡嗎？,False
5280,"乖乖聽話，
以後我們就住在這裡了。",False
5281,"你怎麼把退役的陸行鳥
領養過來了……",False
5282,這、這個可不能給你！,False
5283,喵！喵！,False
5284,喵！,False
5285,雅內基納爾老師還沒來嗎？,False
5286,好的，老師——,False
5287,先複習一下！,False
5288,"今天也來學習關於
行星的指引的知識吧。",False
5289,我把發放的便當拿過來了。,False
5290,"非常感謝！
我拿去分配給工作的人！",False
5291,"嗯、嗯……
難道說你也是嗎？",False
5292,"咦？
你也是找馬爾塞盧瓦有事嗎？",False
5293,嘖嘖嘖……有好工作嗎？,False
5294,"若想修繕房屋，
請隨時找我！",False
5295,謝謝！,False
5296,"嗚哇！
這回是我掉下去了！",False
5297,沒事吧？！,False
5298,這回輪到我救你了！,False
5299,謝、謝謝！,False
5300,"哎呀？！
我也滑下去了！",False
5301,"怎麼會這樣？！
為什麼啊？！",False
5302,你的技巧點數是……,False
5303,我的技巧點數怎麼樣？！,False
5304,那邊的叔叔在幹什麼呢？,False
5305,好像是在畫畫！,False
5306,"腳被石頭絆到了！
好疼呀！好疼！",False
5307,"奧爾什方……
你不論何時都是……",False
5308,"你也沒變啊。
還是不經意間就來到這裡……",False
5309,嗚吼……,False
5310,"是嗎……
你感到寂寞嗎……",False
5311,工頭好可愛……,False
5312,感覺很不錯嘛！,False
5313,最近怎麼樣？,False
5314,"能住進溫暖的房子裡，
簡直像做夢一樣！",False
5315,"好乖好乖，
真是好孩子。",False
5316,這就準備好！,False
5317,"看起來好香啊！
也給我來一份！",False
5318,"耳朵好冷啊！
不過好開心！",False
5319,"哈、哈……
你跑得好快……",False
5320,"得謝謝那些
來幫助我們的人呢。",False
5321,都到這裡了，就只差一步了。,False
5322,暫時沒有追兵了吧？,False
5323,"從他們身上感覺到的
光的氣息究竟是……",False
5324,"那個魔法陣……
果然是水晶公的……",False
5325,"雖然被迫繞了路，
但還好沒有人受傷。",False
5326,"尤里安傑，
再和我們玩玩嘛！",False
5327,"呵呵……
收拾的話就交給我吧！",False
5328,看我的！,False
5329,喝啊！,False
5330,最強的一擊！,False
5331,別大意！,False
5332,這招如何？！,False
5333,我不會輸的！,False
5334,休想得逞！,False
5335,這種程度算什麼！,False
5336,擊中吧！,False
5337,驅逐……黑暗……,False
5338,真正的和平……,False
5339,光的引導……,False
5340,守護世界……,False
5341,你們這些惡人……,False
5342,今後會怎麼樣呢？,False
5343,只要活著，就有無限可能。,False
5344,"我最喜歡從這個海角
看到的景色了。",False
5345,說到底誰才是壞人呢？,False
5346,整個村子都被毀了……,False
5347,怎麼辦……,False
5348,"必須要懲罰
引發這個問題的傢伙！",False
5349,聽我說……,False
5350,嗯，辛苦了！,False
5351,"沙沙……
廢品收集完畢。",False
5352,"沙沙……
素材收集完畢。",False
5353,好好，放到那邊吧！,False
5354,"來比比誰更持久吧！
先倒下的就不許再喝酒了！",False
5355,誰、會、輸、啊！,False
5356,呼啊……地上好舒服……,False
5357,唔……唔啊……,False
5358,這邊的空桶也拜託了！,False
5359,"酒不夠了！
再多運點！",False
5360,出發！,False
5361,我回來了！,False
5362,酒運來了！,False
5363,好想喝矮人麥酒啊！,False
5364,我要偷學羅尼圖的優點！,False
5365,怎麼樣！像不像羅尼圖！,False
5366,喂！這個坐姿帥不帥！,False
5367,別誤會！這不是在偷懶！,False
5368,"這是羅尼圖崇拜者的集會！
其名為……極惡蛙！哼！",False
5369,"這硬派作風！
真是帥到掉渣！",False
5370,喂！都給我發出聲音來！,False
5371,找到你啦！,False
5372,"這裡的話
應該不會被找到吧……",False
5373,去找其他小朋友吧！,False
5374,"哎呀！
躲在這裡都被你找到了！",False
5375,呵呵呵，一起玩吧！,False
5376,等你好久啦！,False
5377,2P……,False
5378,究竟發生了什麼……,False
5379,那些傢伙究竟是什麼！,False
5380,好、好強！,False
5381,●バトル前２B,False
5382,辛苦你了……,False
5383,喂！那個在哪裡？,False
5384,那個是哪個？！,False
5385,那個就是那個啊！,False
5386,"那個啊！
你去那裡看看吧！",False
5387,哦哦，那裡啊！謝了！,False
5388,"嘻嘻嘻……
機器，最喜歡了！",False
5389,沃茨之錘，在那邊？,False
5390,"戰車！
去破壞！",False
5391,先選定要修補的地方……,False
5392,這個石材似乎還能用……,False
5393,"這種破損巨大的地方
要怎麼修理呢？",False
5394,"那邊的架子還在組裝，
小心點！",False
5395,"不能看下面，
不能看下面……",False
5396,"修補用的石材
還沒送到嗎？",False
5397,應該快了吧。,False
5398,喝啊！,False
5399,呀啊！,False
5400,嘿呀！,False
5401,啦哩啦哩！,False
5402,羅尼圖是這裡年紀最小的。,False
5403,卡魯圖和雷吉圖呢？,False
5404,雷吉圖比卡魯圖大3歲。,False
5405,奧佐古比卡魯圖小1歲。,False
5406,奧佐古比羅尼圖大5歲啦哩。,False
5407,請讓我在這裡工作！,False
5408,就算你這麼說……,False
5409,我想為了大家而工作！,False
5410,"……好吧，我明白了。
不過工匠的修行可是很嚴格的。",False
5411,真是海灘上的一道風景啊！,False
5412,鯊魚有什麼好怕的！,False
5413,腿在發抖呢……,False
5414,來紅蓮祭玩真是太好了……,False
5415,妹妹也好可愛啊！,False
5416,小哥加油！,False
5417,我能學會嗎……,False
5418,"海灘上的酣暢激戰
真是讓人迫不及待啊！",False
5419,要不要成為舞者呢……,False
5420,"關鍵時刻就由
我的肌肉來阻止吧！",False
5421,"和巨大怪獸的死鬥……
好熱血！",False
5422,是腿吧？那絕對是腿吧？！,False
5423,哎呀，好可愛！,False
5424,跳舞維護和平，真好啊！,False
5425,這個舞可以保護瑪嘉。,False
5426,和大家一起跳舞真開心啊！,False
5427,我們是來找仙子族的……,False
5428,結果連影子都沒看到。,False
5429,倒是有未知的奇異生物。,False
5430,有一種難以名狀的恐懼感。,False
5431,總之先去報告一下吧。,False
5432,我們把委託的物品拿來了。,False
5433,"哦哦，太好了！
我看看……",False
5434,數量正好，謝謝！,False
5435,那就好，那我們先走了。,False
5436,"呼……
真是鬆了口氣……",False
5437,"是啊，要不是等價交換的話，
後果會很嚴重……",False
5438,真頭疼啊……,False
5439,從各處得到的不可思議的石頭。,False
5440,"聽說可以在這裡交換，
所以我們才來的。",False
5441,但只有幾個的話什麼都交換不了。,False
5442,再去收集一些吧……,False
5443,"看到出口了！
已經安全了！",False
5444,"謝謝你們在危急時刻
出手相救。",False
5445,能幫到你就好！,False
5446,"為了報答你們，
跟我一起回去吧！",False
5447,我請你們吃好吃的！,False
5448,那真是太謝謝你了！,False
5449,"好期待啊，
會是怎樣的菜餚呢？",False
5450,,False
5451,這是人類做的嗎？,False
5452,好像是，做得真細緻啊。,False
5453,一個叫雲海的地方！,False
5454,你是從哪來的？,False
5455,"奇怪？
這是哪裡？",False
5456,"我是來找艾爾·圖的，
可是卻迷路了……",False
5457,"我明白了！
謝謝你！",False
5458,小龍，你在找什麼？,False
5459,"原來是在找那個手巧的龍族，
它在樓梯的上面哦。",False
5460,"這一帶的鯊魚
明明是不會靠近岸邊的……",False
5461,下一次我一定會中的！,False
5462,"我要用拂曉卡組
來奪得第一名！",False
5463,"我可要好好釋放一下
平日累積的壓力！",False
5464,烏拉拉你……,False
5465,巴德龍的表情太好猜了……,False
5466,接下來要玩什麼呢……,False
5467,好大啊！,False
5468,好期待啊！,False
5469,再玩最後一次！,False
5470,你要玩到什麼時候？,False
5471,騎兵們也是需要休假的！,False
5472,要注意防曬，嗯。,False
5473,"回到庫爾札斯之後
還要繼續訓練！",False
5474,這就是盛夏！,False
5475,好舒服！,False
5476,不想回去了！,False
5477,"好熱……
鎖子甲燙死了……",False
5478,隊長，感覺怎麼樣？,False
5479,休假真是太棒了……,False
5480,"聽好了，你們幾個！
新的重建工程要開始了！",False
5481,輪到我大展身手了！,False
5482,一起加油吧！,False
5483,就交給我吧！,False
5484,"我的肌肉……
正在躍躍欲試！",False
5485,喝呀！,False
5486,"腰部用力……
才能揮動鎬子！",False
5487,接下來要畫哪裡呢？,False
5488,你挺有本事嘛。,False
5489,盯準同一個地方鑿！,False
5490,不錯不錯。,False
5491,"唔……
腹部的肌肉……",False
5492,怎麼樣，我很厲害吧？,False
5493,是！工頭！,False
5494,哼！,False
5495,鎬子用的還挺像樣的嘛。,False
5496,差不多該用錘子了吧？,False
5497,是！,False
5498,非常感謝！,False
5499,敲啊！打啊！,False
5500,嘿！,False
5501,看好了，我做個示範。,False
5502,"要像這樣！
喝啊！",False
5503,"原來如此……
要借力對吧！",False
5504,稍微休息一下……,False
5505,確認一下工程的進度吧。,False
5506,是！大姐！,False
5507,"好痛！
說不定出血了……",False
5508,物資還充足吧？,False
5509,進展如何了？,False
5510,你紙好像拿反了……,False
5511,必須要認真清點……,False
5512,"咦？
這上面寫的是啥？",False
5513,充足！,False
5514,有點擔心架子夠不夠結實……,False
5515,進展順利！,False
5516,需要搬到這裡的物資……,False
5517,"我會進行確認後
安排人手搬進來！",False
5518,"那是建屋頂的物資，
這是……",False
5519,真是好石材啊！,False
5520,接下來要訂購的是……,False
5521,都在按照預定進行！,False
5522,我看看，剩下的工程是……,False
5523,"我要想出不辱皇都石工技術
的創意！",False
5524,這邊的景色也很好啊……,False
5525,我抄寫一份工程安排表給你。,False
5526,全都是品質上乘的物資！,False
5527,"榔頭絕對不能脫手！
看准了釘！",False
5528,地板這麼弄……,False
5529,"咚、咚、咚……
哎呀，疼死了！",False
5530,"要鍛鍊自己辨別物資
好壞的能力！",False
5531,"搬運物資的順序
也要好好考慮一下。",False
5532,稍有不慎就會釀成大禍。,False
5533,數量充足！,False
5534,正在仔細確認！,False
5535,我會加油的！,False
5536,知道了！,False
5537,"需要委託給
其他工匠的工作有……",False
5538,小心點別傷到手了！,False
5539,不擅長釘釘子嗎？,False
5540,別著急，慢慢來。,False
5541,釘釘子可是木匠的基礎！,False
5542,"咚、咚、咚……
哎呀，疼死了！",False
5543,左敲敲，右敲敲……,False
5544,我真是不中用啊……,False
5545,好棒的物資！,False
5546,真是好石頭啊。,False
5547,"這裡很重要，
物資還夠嗎？",False
5548,"確認的很仔細嘛，
很好！",False
5549,"我是個馬虎的人，所以
要比別人更仔細地確認才行！",False
5550,"伊修加爾德的石材是艾奧傑亞
數一數二的！",False
5551,"一、二、三……
好多啊！",False
5552,把這些壘起來……,False
5553,沒有問題！,False
5554,"哦！
感覺不錯！",False
5555,"別著急，
慢點、仔細點……",False
5556,"副工頭，
也來幫我看看好嗎……",False
5557,"咚、咚、咚……
哎呀，疼死了！",False
5558,嘿嘿，非常感謝！,False
5559,"喝——
看我超高速釘釘子！",False
5560,"為了接下來的工程
你們都要多吃點！",False
5561,身體是工作的本錢啊！,False
5562,明天可能會腹部肌肉酸痛……,False
5563,飯後運動！,False
5564,喝啊啊！,False
5565,唔噢噢！,False
5566,"腰部用力……
才能揮動鎬子！",False
5567,我去告訴大家！,False
5568,之後的工程……,False
5569,"唔噢噢！
喝啊啊！",False
5570,"鑿不碎啊……
得去問問大姐竅門了……",False
5571,為什麼沒有人來關心我呢？,False
5572,你錘子用的很好嘛。,False
5573,"沒那回事，
我手腕酸死了……",False
5574,真的嗎？！,False
5575,"我問了負責伙食的人
美味燉肉的秘密配方！",False
5576,就在這裡畫吧！,False
5577,"要修理這個巨大的設施嗎……
真是讓人躍躍欲試啊！",False
5578,現在是整備的時間啦！,False
5579,"這裡的破損情況
好嚴重啊……",False
5580,我也砸碎了好多瓦礫！,False
5581,這裡要怎麼修補才好呢……,False
5582,"威風凜凜的工頭……
好帥……",False
5583,聽說樓梯很難設計……,False
5584,沒有肌肉做不到的事！,False
5585,喝——,False
5586,唔噢噢！,False
5587,我問過大姐正確的鑿法了！,False
5588,接下來的步驟是……,False
5589,"備用組件……
很好，全都有！",False
5590,嗯，很順利。,False
5591,真是做出了個厲害的東西啊！,False
5592,好大啊！,False
5593,感覺不錯嘛。,False
5594,注意腳下！,False
5595,"呵呵呵，
就是這樣。",False
5596,進行美麗的雕刻……,False
5597,我喜歡做這個。,False
5598,"一定要刻出對得起
伊修加爾德石匠的雕刻！",False
5599,"是！工頭！
非常感謝！",False
5600,一個沒少！,False
5601,哎呀，有不夠的物資。,False
5602,很順利！,False
5603,"我是不是把東西
忘在上面了……",False
5604,這檯子真不錯。,False
5605,很順利。,False
5606,進展如何？,False
5607,再加把勁！,False
5608,"你認識什麼好的醫師嗎？
我的腰好疼……",False
5609,你總是用力過猛……,False
5610,工程大有進展！,False
5611,太好了，完成了！,False
5612,做的真不錯！,False
5613,太帥了！,False
5614,完成了嗎？,False
5615,先休息一下！,False
5616,適當休息是非常重要的！,False
5617,"好好鍛鍊手臂和後背的肌肉
說不定就能釘好釘子了！",False
5618,你的肌肉很棒哦！,False
5619,這面牆沒有受到戰爭的波及呢。,False
5620,要訂購多少？,False
5621,需要向皇都訂購工具……,False
5622,品質都沒問題！,False
5623,"確認好數量沒問題之後
得去向大姐報告一聲！",False
5624,"……哈！
太集中了以致於忘了呼吸！",False
5625,靈感在不斷迸發！,False
5626,在畫新畫了！,False
5627,太棒了！,False
5628,試運行之前先稍微休息一下吧……,False
5629,"是啊，
想去喝熱茶了呢。",False
5630,"那些人走了！
趁現在！",False
5631,咕哎！咕哎！,False
5632,咕哎……,False
5633,一定要好好休息哦？,False
5634,總覺得冷靜不下來啊。,False
5635,敵軍的數量占優啊……,False
5636,"澤文閣下的部隊
損失非常嚴重……",False
5637,"我們的任務是
看守和保護前哨！",False
5638,你的傷怎麼樣了？,False
5639,很快就能重回戰場了……,False
5640,嗯，相當不錯！,False
5641,唔，雖然還想再多待會……,False
5642,真是懷念啊。,False
5643,時間差不多了……,False
5644,"菲萊斯蒂奧沒什麼
需要按幫忙的嗎？",False
5645,籌備任務怎麼樣？,False
5646,先填飽肚子吧！,False
5647,"據點已經有了……
下一個工作是？",False
5648,"我要去海都，
去看看那片和妻子相遇的海。",False
5649,"從這個梯子上去
就能坐上飛空艇了吧？",False
5650,啊，等等我！,False
5651,太危險了！,False
5652,這邊的物資還充足吧？,False
5653,謝謝你幫忙管理物資。,False
5654,你鑿子用得很熟練嘛。,False
5655,我也不能輸！,False
5656,嘿嘿，真的嗎？,False
5657,物資非常充足！,False
5658,就這樣繼續把石材壘起來……,False
5659,都是我應該做的！,False
5660,"我們得快點
把樓梯建出來啊！",False
5661,"在確認步驟嗎？
一定要仔細點啊。",False
5662,"是啊！
這也是為了工匠們！",False
5663,這塊牆面沒有太多傷痕。,False
5664,"切石頭、堆石頭、
整理石頭……",False
5665,"很難用石材壘出曲線，
對吧？",False
5666,你不是來學技術的嗎？！,False
5667,"確實！
真是難得的經驗！",False
5668,"適合這個壯觀窗框
的玻璃啊……",False
5669,"這創意……
真不愧是伊修加爾德！",False
5670,"這個傾斜角度，
和工頭的計算絲毫不差……",False
5671,"啊？！
真的嗎？！",False
5672,"聽說英雄也參與了
重建工程。",False
5673,官舍住著怎麼樣？,False
5674,非常舒適！,False
5675,"啊！
東西忘拿了！",False
5676,"噓！
我們正在玩捉迷藏呢！",False
5677,"唔……
藏到哪去了？",False
5678,"首領真是的……
亂指使人……",False
5679,"新鮮魚類還有各種香料，
稀奇的東西應有盡有哦！",False
5680,向麥森塔訂購的是……,False
5681,來看看來自森林的恩惠吧！,False
5682,"伊修加爾德好冷！
手都要凍僵了！",False
5683,看中什麼了嗎？,False
5684,大家辛苦了！,False
5685,"在下一階段的重建計畫
開始之前先好好休息吧！",False
5686,"真是令人滿意的
勞動成果啊！",False
5687,我也練出肌肉了嗎？,False
5688,肌肉不會騙人！,False
5689,能順利完工真是太好了！,False
5690,"這次的重建計畫
還挺有難度的呢。",False
5691,好美……,False
5692,啊，喂！,False
5693,太危險了，快下來！,False
5694,"破魔艇，出發！
咻——！",False
5695,大人們回來了！,False
5696,"快過來！
非常抱歉！",False
5697,"揮舞的時候一定要
毫不猶豫！",False
5698,"我……
沒有意見……",False
5699,你總是一個人呢。,False
5700,我丈夫死在了戰場上……,False
5701,"有困難的話，
可以隨時跟我說。",False
5702,謝謝你。,False
5703,"啊？！
不是吧——",False
5704,這裡就是機工坊分館啊。,False
5705,"能在新地方工作
真是讓人興奮！",False
5706,真是一幅好畫啊……,False
5707,都在伊修加爾德住習慣了啊！,False
5708,"要和你們住在這裡了嗎？
真不賴。",False
5709,做飯就交給我吧！,False
5710,挺好的，離機工坊也近。,False
5711,"是英雄大人！
請和我握手！",False
5712,買這個當禮物吧……,False
5713,嗯，感覺不錯。,False
5714,乙太鑽孔機的庫存還夠吧？,False
5715,"真是受夠食人鯊了，從現在起
我要在海岸上好好享受一番！",False
5716,"有鯊魚出現的話，
凱碧就由我來保護！",False
5717,嘿嘿……庫洛好帥氣哦！,False
5718,我們就在淺灘玩吧！,False
5719,"愛情傳道士們
都在努力呢……",False
5720,我也得加油了！,False
5721,"好想在這裡
表演一次啊……",False
5722,"對我來說
是凱旋表演呢。",False
5723,"確實，
去問問管家之王吧！",False
5724,"這次也裝飾得
非常漂亮啊！",False
5725,看這次的服裝了嗎？,False
5726,"看了看了！
小莉幹得漂亮！",False
5727,啦啦啦～♪,False
5728,哼哼～♪,False
5729,嚕啦啦～♪,False
5730,哇！是小黃鶯！！,False
5731,好可愛！,False
5732,去看看吧！,False
5733,我們該走了。,False
5734,好開心呀！,False
5735,嗯嗯，下次再來看！,False
5736,"烏拉拉的服裝看起來……
好親切啊！",False
5737,你這麼一說……,False
5738,確實有點像……咕波！,False
5739,烏拉拉，看這邊！,False
5740,噢噢噢，小鳴鳴！,False
5741,馬夏，我愛你！,False
5742,服裝好可愛啊！,False
5743,小黃鶯太棒了！,False
5744,"想和小艾麗恩
說更多話……",False
5745,還有莫古利……,False
5746,"為了看小黃鶯的演出，
要好好休息才行。",False
5747,裝飾好漂亮啊。,False
5748,下次我也想幫忙！,False
5749,"哦哦……
這就是傳聞中的……",False
5750,,False
5751,,False
5752,"呼、呼……
米希亞怎麼樣了？",False
5753,你覺得哪個更好？,False
5754,我覺得緞帶更好些。,False
5755,別鬆懈！,False
5756,"它剛出爐有些亢奮。
接下來就拜託你了。",False
5757,"哎呀哎呀，
真是大鬧了一場呢……",False
5758,應該給罪人處以死刑！,False
5759,"如果沒有人承擔責任的話，
事情是無法解決的……",False
5760,希望能快點抓到罪人。,False
5761,快點結束吧。,False
5762,只有抓住罪人我才能安心。,False
5763,"我……
我不是壞人。",False
5764,感覺頭好暈……,False
5765,"真是幫大忙了！
這樣的話……",False
5766,物資已經補充完畢。,False
5767,分館真是一片和平啊……,False
5768,你看起來很忙啊。,False
5769,我來幫幫你吧。,False
5770,"謝謝……
我去確認一下。",False
5771,哈哈，稍微休息一下吧。,False
5772,內耶馬爾真是厲害。,False
5773,妮米今天也如此美麗動人！,False
5774,我還是更中意德尼斯……,False
5775,喂……差不多該回去了……,False
5776,能一起過節真是太好了。,False
5777,"是啊，
還好星芒祭期間請假了。",False
5778,"看著比平時
熱鬧許多啊。",False
5779,"嗯，這都多虧了
大家幫忙。",False
5780,那是我掛上去的！,False
5781,好厲害！真漂亮！,False
5782,今天來了新的同伴！,False
5783,非常歡迎！,False
5784,我要當前輩了？,False
5785,跟著工頭一起幹吧！,False
5786,一起鍛鍊肌肉吧！,False
5787,"請不要在意身份，
還需各位多多指教。",False
5788,嘿呀！,False
5789,"好久沒上工了，
感覺有點手生啊……",False
5790,"我還是第一次做這些，
感覺會很累……",False
5791,嘿！,False
5792,"我想畫出更多
有關這裡的畫！",False
5793,看來技術還在嘛！,False
5794,用過鎬子嗎？,False
5795,終於開工了！,False
5796,第一次用……,False
5797,有不明白的就問我！,False
5798,好的，謝謝你。,False
5799,嗯嗯，加油幹！,False
5800,得做出榜樣才行！,False
5801,"找回感覺了，
腰要像這樣用勁！",False
5802,噢噢噢！,False
5803,好硬！,False
5804,是誰在這放的瓦礫？,False
5805,別著急……,False
5806,咦？上面寫的什麼啊？,False
5807,嗯？你好像拿反了……,False
5808,要時刻保持冷靜……,False
5809,不能忘記確認工程進展。,False
5810,去看看需要的材料吧。,False
5811,別忘了教一下新人。,False
5812,確認材料也是很重要的事。,False
5813,放心交給我吧！,False
5814,原來如此，我知道了。,False
5815,"材料很充分，
但人手真的夠嗎？",False
5816,好的，交給我吧。,False
5817,你接下來要去的是……,False
5818,我馬上準備！,False
5819,"庫存不夠了，
要叫貨嗎。",False
5820,有進展了記得匯報給我哦！,False
5821,我知道了！,False
5822,小心點！,False
5823,"不能太緊張……
也不能太放鬆……",False
5824,"我給你做個示範！
啊……疼死我了！",False
5825,啊……看著好疼。,False
5826,輕輕敲……,False
5827,這就行了吧？,False
5828,嗯，可以了！,False
5829,小心別把釘子敲彎了。,False
5830,是這樣吧？,False
5831,弄得挺好！,False
5832,好的。,False
5833,最尖端的石工技術……,False
5834,振作點！,False
5835,不能忘記確認……,False
5836,"1、2、3、4……
6？我數到多少來著？",False
5837,數到4了，下一個是5……,False
5838,沒問題！,False
5839,材料夠用吧？,False
5840,需要我再運點過來嗎？,False
5841,你們真是賣力啊。,False
5842,記得多休息。,False
5843,都是學工頭的！,False
5844,這麼多材料，真棒！,False
5845,好的，謝謝工頭閣下！,False
5846,小心！,False
5847,得為新人做出榜樣！,False
5848,"我給你做個示範！
啊……痛死我了！",False
5849,啊……看著好痛。,False
5850,釘子好像不夠了……,False
5851,接下來是？,False
5852,看起來很順利嘛！,False
5853,你很有天賦啊！,False
5854,咚咚咚！,False
5855,我做的還不錯嘛！,False
5856,是這樣嗎？,False
5857,這次不能再掉下去了……,False
5858,幹得不錯。,False
5859,還是這種安靜的工作適合我……,False
5860,像這樣確認……,False
5861,"前輩的教導
對我有很大的幫助。",False
5862,差不多也該吃飯了……,False
5863,就先休息一下吧！,False
5864,"是不是比以前
更有體力了？",False
5865,木匠靠的就是體力！,False
5866,畢竟每天都在努力幹活！,False
5867,設計圖去哪了……,False
5868,我懂了！,False
5869,小心！,False
5870,真是一塊好板材。,False
5871,"我給你做個示範！
啊……疼死我了！",False
5872,啊……看著好痛。,False
5873,嘿！哼！,False
5874,不知道住進來的會是誰……,False
5875,你已經能夠獨當一面了！,False
5876,"一根一根敲，
小心別敲彎了！",False
5877,嘿嘿，這都是多虧了工頭。,False
5878,進度比預想得要快啊！,False
5879,是，遵從工頭閣下的教導。,False
5880,要學會辨別材料的好壞。,False
5881,得把表面弄平滑……,False
5882,比以前更會分辨材料的好壞了。,False
5883,不知道數量夠不夠……,False
5884,好的，工頭閣下。,False
5885,你們倆很適合雕刻啊！,False
5886,這樣這樣、再這樣……,False
5887,我的手也很靈巧。,False
5888,交給我吧。,False
5889,"這裡的貨物，
就拜託了！",False
5890,怎麼樣？,False
5891,不能忘記確認。,False
5892,這裡需要補修一下……,False
5893,好了，沒有裂痕。,False
5894,萬事俱備！,False
5895,是，工頭閣下！,False
5896,"需要我做示範？
真是拿你沒辦法！",False
5897,"要像這樣！
喝啊！",False
5898,相信你會學會的。,False
5899,好硬！,False
5900,我也想讓工頭手把手教……,False
5901,好大的威力！,False
5902,那孩子都在教人了……,False
5903,我要做好本職工作……,False
5904,腰得用勁！,False
5905,"不愧是前輩，
多謝助言。",False
5906,不能忘記工頭的囑咐。,False
5907,為了蒼天街和工頭！,False
5908,越來越像前輩了啊！,False
5909,"副工頭……
偶爾也來看看我吧……",False
5910,沒錯，就像這樣！,False
5911,看我的！,False
5912,前輩，怎麼樣？,False
5913,怎麼這麼硬啊！,False
5914,嘿呀！,False
5915,這是最後的重建計畫了啊。,False
5916,"呵呵，
已經有當前輩的樣子了呢。",False
5917,"以前粗心大意的他，
現在也獨當一面了啊……",False
5918,別數錯了哦！,False
5919,好的，前輩！,False
5920,"雖然有幹勁是好事，
但注意別把自己累倒了。",False
5921,"你對數字很敏感，
繼續努力。",False
5922,工頭！品質沒問題！,False
5923,再訂一點比較好。,False
5924,材料數量充足。,False
5925,我剛數完的！,False
5926,謝謝你的材料報告！,False
5927,"公告板上應該有
接下來的計畫。",False
5928,嗯嗯……,False
5929,數量充足。,False
5930,"決定了，
就這裡了。",False
5931,真期待他的下一幅畫作！,False
5932,"畫家先生，
畫了好多的畫呀！",False
5933,"肯定是一位
特別愛畫畫的人。",False
5934,好厲害！,False
5935,持之以恆，造就完美品質！,False
5936,"太棒了，
我沒敲到一次手！",False
5937,前輩好厲害！,False
5938,"就照這樣，
繼續加油吧！",False
5939,沒問題，繼續幹吧。,False
5940,細心且迅速……,False
5941,工頭去哪了……,False
5942,工頭，你看這裡……,False
5943,哈！哈！,False
5944,這邊完成後我馬上過去！,False
5945,接下來需要你去的是……,False
5946,呵呵，成長了許多啊……,False
5947,"得小心使用
大家精心準備的材料。",False
5948,"不光是數量，
還要確認一下品質。",False
5949,"我知道了，
謝謝指導！",False
5950,手麻了……,False
5951,這算是完成了……嗎？,False
5952,"它好像在抽搐……
真的沒問題嗎？",False
5953,"剛出爐的
新鮮使魔。",False
5954,這使魔還真難對付啊。,False
5955,不知道乾了沒……,False
5956,"哎呀夫人！
今天去哪裡啊？",False
5957,去商業區買點東西。,False
5958,"要去上層嗎？
我陪您一起去吧！",False
5959,"哎呀，謝謝你騎士大人！
真是可靠呢。",False
5960,"皇都的毛皮，
走過路過不要錯過！",False
5961,維修各種日用品！,False
5962,啊……品質真棒！,False
5963,您要的我都有！,False
5964,"有裁剪用具嗎？
我想試試縫紉衣物……",False
5965,"回憶錄嗎？
我也想寫寫看呢……",False
5966,"哎呀！
滑了一下，好疼！",False
5967,"泡澡能讓我思如泉湧嗎？！
好吧並不能……",False
5968,這景色……真是絕景！,False
5969,,False
5970,"這工作室，
非常符合我的才華！",False
5971,"這下就可以專心
製作彩繪玻璃了……",False
5972,"這裡的治安
就交給自警團吧！",False
5973,差不多該去巡邏了。,False
5974,這就是我們的新家！,False
5975,"終於能睡在
暖和的被窩裡了！",False
5976,怎麼還不回來呢……,False
5977,"我買了些好酒，
一起喝點？",False
5978,在我家門口做什麼呢？,False
5979,"能和姐姐住一起了，
簡直就像是在做夢！",False
5980,"小心別凍著了，
趕快進屋吧。",False
5981,那孩子要自己從孤兒院過來？,False
5982,是啊，好好歡迎她吧！,False
5983,歡、歡迎來到你的新家！,False
5984,"爸爸真是的，
都打結巴了。",False
5985,"爸爸、媽媽，你們好！
我會努力做個好孩子的！",False
5986,你看起來好暖和啊！,False
5987,咩！,False
5988,這巢穴看著真棒！,False
5989,"因為艾爾·圖幫忙了重建，
人類們允許龍族也住進來！",False
5990,別傷著自己哦！,False
5991,砍柴要的是巧勁！,False
5992,看著好熱鬧啊！,False
5993,莫古能進去嗎咕波？,False
5994,"我們管理著
重建紀念演奏會要用到的樂器。",False
5995,這建築物，好宏偉啊！,False
5996,"據說是用來
招待客人的住宿設施。",False
5997,這裡還在裝修。,False
5998,價格能不能再低點……,False
5999,"開業了開業了，
快來看看吧！",False
6000,變得繁華了呢……,False
6001,"自警團也終於
有自己的駐所了！",False
6002,首先要把設備配齊！,False
6003,好棒啊！,False
6004,要茁壯成長啊！,False
6005,前面是上層。,False
6006,這水壓，太舒服了！,False
6007,"不知道什麼時候
才能進去……",False
6008,咩……,False
6009,"哎呀哎呀，
你迷路了嗎？",False
6010,小黑羊，你去哪了？,False
6011,還麻煩裝修得好一點……,False
6012,"多虧了你，
才讓煙花成功綻放！",False
6013,隊長，下次還要麻煩您了！,False
6014,"我知道一首
特別管用的搖籃曲。",False
6015,"最近我家孩子
老是不肯入睡。",False
6016,"要不去問問馬爾塞盧瓦？
讓他幫忙修一修。",False
6017,"爺爺！玩具壞了！
怎麼辦啊……",False
6018,補修的時候不小心滑了一下……,False
6019,沒事，掉下來有我接著呢！,False
6020,接下來該教我了！,False
6021,跳舞好有趣啊！,False
6022,好久沒和他們一起玩了。,False
6023,沒想到這麼快就被抓住了！,False
6024,"嘿嘿！
一起去找剩下的兩個人吧。",False
6025,"找到啦！
這次是我贏了！",False
6026,唔哇！,False
6027,這道門通往上面的設施。,False
6028,嗯，好多了。,False
6029,你身體怎麼樣了啊？,False
6030,"好想趕快恢復健康，
然後好去逛街。",False
6031,收哪去了……,False
6032,看起來睡得很香嘛。,False
6033,"能和你們重逢，
我是真的很開心！",False
6034,好，辛苦了！,False
6035,很好，再接再厲！,False
6036,沒一點瑕疵！,False
6037,數量和品質都沒有問題！,False
6038,數量都對吧？,False
6039,接下來要做什麼？,False
6040,嗯……接下來嘛……,False
6041,"都沒人來關心我，
還是老老實實幹活吧。",False
6042,接下來要做的是……,False
6043,這姿勢太對腰負擔太大了。,False
6044,原來如此……,False
6045,新人們悟性都很高啊！,False
6046,"別太勉強自己了，
休息也是很重要的。",False
6047,比我都厲害了！,False
6048,我好像抓住了訣竅。,False
6049,"你已經是一名
獨當一面的工匠了！",False
6050,技術不錯嘛。,False
6051,怎麼樣，工頭！,False
6052,工頭！看看我這邊！,False
6053,得小心點，別敲到手。,False
6054,咚咚咚……,False
6055,做得很棒啊！,False
6056,沒問題。,False
6057,進度怎麼樣了？,False
6058,我會認真工作啦！,False
6059,和預期一樣！,False
6060,集中精神……,False
6061,大家都進步了好多！,False
6062,"等完成的時候，
能一起在這裡聚一聚就好了。",False
6063,"大家一起工作的時間，
所剩無幾了啊……",False
6064,就照這樣幹！,False
6065,"等手頭的工作完成後，
我一定要去洗個熱水澡！",False
6066,材料非常充足！,False
6067,別掉下去哦！,False
6068,"重建工程也到最後了！
再加把勁吧！",False
6069,真棒……,False
6070,"不知道重建完成後，
工頭會去做什麼……",False
6071,好的。,False
6072,好像……沒什麼問題。,False
6073,仔細檢查每個角落！,False
6074,謝謝，多虧了你！,False
6075,好疼啊，為什麼沒人關心我！,False
6076,"等等我啊，
別把我丟下！",False
6077,你說說你……,False
6078,這樣弄一下……,False
6079,這就方便多了……,False
6080,終於到最後了！,False
6081,還剩最後一點了……,False
6082,重死了……,False
6083,是放這吧……,False
6084,"就算沒人關心我，
我也在努力為了大家工作。",False
6085,蒼天街，終於要完工了！,False
6086,這幅畫是我的自信之作！,False
6087,"創作的靈感，
不斷湧現！",False
6088,真是辛苦各位了！,False
6089,重建工程就此結束！,False
6090,這都是多虧了各位！,False
6091,太感慨了！,False
6092,太棒啦！,False
6093,肌肉萬歲！,False
6094,怎麼樣？,False
6095,全身都軟了！,False
6096,呼——太舒服了！,False
6097,降溫！降溫！,False
6098,調整好了！,False
6099,好熱，但我不會認輸！,False
6100,馬上開放營業！,False
6101,好舒服！,False
6102,全身都暖和了！,False
6103,泡完澡後喝一杯，真爽！,False
6104,"在地下深處居然會
存在這樣的遺跡……",False
6105,"這是……
古代的魔法機關嗎？",False
6106,"等你做好準備之後，
就趕快去追米希亞吧！",False
6107,一定要小心！,False
6108,"帝國軍的追擊
由我們來阻擋！",False
6109,請做好萬全準備！,False
6110,,False
6111,,False
6112,,False
6113,,False
6114,,False
6115,,False
6116,,False
6117,,False
6118,,False
6119,,False
6120,,False
6121,,False
6122,,False
6123,,False
6124,莫古也想要咕波！,False
6125,這個餅乾是莫古的咕波！,False
6126,好熱鬧呼啾！,False
6127,來一起玩吧呼啾！,False
6128,"呼啾啾！
我要藏在蛋裡呼啾！",False
6129,好香啊咕波！,False
6130,再來點餅乾咕波！,False
6131,"嗝……
吃得好飽咕波！",False
6132,提亞馬特沒事吧？,False
6133,"希望這場勝利也能幫到
阿雷恩瓦爾德他們。",False
6134,這樣一來巴哈姆特就徹底……,False
6135,蜥蜴人族的傷亡情況如何？,False
6136,"幸好末日塔附近
似乎沒有發生戰鬥。",False
6137,真沒想到連地靈族都來了。,False
6138,"凱碧，快看！
是冰品！",False
6139,"哇！真的欸！
好漂亮啊，庫洛！",False
6140,"好華麗的冰品……
不知道能不能帶回去呢？",False
6141,總之今天先吃個夠吧！,False
6142,"唔哦哦……
我的頭……",False
6143,"沒、沒事吧？
艾馬內蘭少爺！",False
6144,！！！,False
6145,……,False
6146,你……要吃那個嗎？,False
6147,在我的肌肉面前……,False
6148,魔物的寒氣什麼的……,False
6149,根本毫無意義！！,False
6150,應該不會再有人溺水了吧……,False
6151,剛才真是嚇死我了……,False
6152,只要人沒事就行。,False
6153,那個冰品好好吃！,False
6154,"酥脆的外殼包裹著鬆軟的奶油，
真是太好吃了！",False
6155,竟然會那麼絲滑！,False
6156,就、就假裝這是巧合吧……,False
6157,"寒氣逼人……
是那個魔物出現了嗎？",False
6158,"雖然穿著鎖帷子熱到爆炸，
但只要有冰品吃我就能扛住！",False
6159,隊長，你……,False
6160,是不是本末倒置了？,False
6161,"難得休息一次，
就該好好享受一番。",False
6162,咕哎！,False
6163,"將過去的經歷刻於心中，
邁向新的未來嗎……",False
6164,那我們也努力走下去吧！,False
6165,我想報名為臨時政府工作。,False
6166,那我也要為這裡做點什麼……,False
6167,"有多久沒見到
如此平靜的大海了呢……",False
6168,讓我來為你引路吧！,False
6169,感覺好有意思！,False
6170,連我都想一起跳舞了呢！,False
6171,正在舉辦蒼天街復興慶典！,False
6172,好像很有趣的樣子！,False
6173,快加入我們吧！,False
6174,哦？好像有什麼活動？,False
6175,大家都追捧我，喜歡我！,False
6176,大哥哥好厲害！,False
6177,幹得好！,False
6178,為什麼——？！,False
6179,我會看著你的，加油吧！,False
6180,大家一定要來參加哦！,False
6181,我家的孩子們肯定會很開心。,False
6182,"這是用庫爾札斯產的蘋果
做的蘋果糖哦！",False
6183,姐姐！那個看起來好好吃！,False
6184,也給莉塞勒他們買點吧。,False
6185,這麼多種類啊……,False
6186,來個甜甜的點心吧！,False
6187,好糾結……,False
6188,我每個都想嚐嚐！,False
6189,要好好瞄準……,False
6190,厲害呀！,False
6191,太帥了！全都打中了！,False
6192,這就是其他國家的舞蹈啊！,False
6193,我也想試試！,False
6194,香甜脆爽的蘋果糖——,False
6195,"這些手工點心
看起來都很好吃……",False
6196,說是有慶典！,False
6197,我們走吧！,False
6198,聽起來很有趣！,False
6199,哇——！,False
6200,喵！喵！,False
6201,喵——！,False
6202,喵？,False
6203,喵！,False
6204,"這裡就是藝術家們
休息的地方啊……",False
6205,我來裝飾一下怎麼樣？,False
6206,這個彩繪玻璃就是參考了你的畫。,False
6207,也不知道工頭她們怎麼樣了……,False
6208,"我也很想她們，
但今後只能靠我們自己了。",False
6209,"我來看你們了。
怎麼樣，近況如何啊？",False
6210,"工頭！
你怎麼來了！",False
6211,"今後也要為了
成為一流工匠而努力啊！",False
6212,"工頭！
我們好想你啊！",False
6213,浴場好像開放了。,False
6214,"那我們快去吧！
實在是太冷了！",False
6215,蒼天街變得好漂亮啊。,False
6216,工匠們也變得有活力了。,False
6217,這把錘子發揮了不少作用呢。,False
6218,"那是當然！
它可是我的搭檔！",False
6219,"那說不定我們曾擦肩而過呢！
想想就覺得激動！",False
6220,聽說英雄也來蒼天街了！,False
6221,呵！,False
6222,噢——噢——！,False
6223,唔，難以抉擇……,False
6224,你也是我們的同伴吧！,False
6225,"究竟藏在哪個箱子裡呢？
我可不會告訴你哦！",False
6226,把這個給轉圈波奇！,False
6227,請把這個送給十字鎬大街的工匠！,False
6228,記得交給工匠！,False
6229,請把這個送給十字鎬大街的商人！,False
6230,請交給商人！,False
6231,請把這個送給十字鎬大街的孩子！,True
6232,要交給孩子們哦！,False
6233,讓我見識一下你的實力吧！,False
6234,終於輪到我的肌肉出場了！,False
6235,快去中央廣場！,False
6236,有好多玩偶！我好激動！,False
6237,加油多做點！,True
6238,能做多少做多少！,False
6239,要不要來參加活動？,False
6240,"多毛犛牛嗎……
看起來很強壯啊……",False
6241,嘿咻！,False
6242,真是乖孩子。,False
6243,是不是要下蛋了？,False
6244,把這裡弄成這樣……,False
6245,必須要收拾乾淨才行。,False
6246,沒想到還能再次見到這片海！,False
6247,我還是有點害怕大人……,False
6248,哎喲！,False
6249,"大家都很精神，
真是太好了。",False
6250,"在這裡他們就
找不到我了吧。",False
6251,"唉……
我還挺有自信的呢。",False
6252,她正和父親在一起。,False
6253,父親就拜託你照顧了。,False
6254,"以後再和我們
一起玩吧。",False
6255,找到你啦，哥哥！,False
6256,那我們就自己玩吧！,False
6257,我們果然還是很需要你。,False
6258,結果你也被找到了啊。,False
6259,"因為不管在哪，
我們都是兄妹。",False
6260,年齡最小的那個女孩吧。,False
6261,就只剩下那孩子沒找到了。,False
6262,久等了，外衣我拿來了。,False
6263,我們也去參加慶典吧！,False
6264,辛苦了，走吧！,False
6265,加油呀！,False
6266,終點在這裡！,False
6267,一定要保持平穩……,True
6268,請多剃一些犛牛的軟毛！,False
6269,啊……鼻子好癢……,False
6270,我也想玩那個砲！,True
6271,前面沒有箱子哦！,False
6272,禮物箱在場地裡！,False
6273,前面沒有哦！,False
6274,援軍來了！,False
6275,前方有路！,False
6276,小心一點！,False
6277,"我來說明一下備品，
嗯……",False
6278,好、好厲害……,False
6279,那就是蒼天之龍騎士……,False
6280,沒想到會被龍所救……,False
6281,好強大的力量！,False
6282,哥哥加油啊！,False
6283,"讓我見識一下
華麗的爆炸吧！",False
6284,正在戰鬥呢！好厲害！,False
6285,加油啊！,False
6286,上啊！,False
6287,不要輸啊！,False
6288,啊……啊……,False
6289,帝國……,False
6290,嗚嗚……,False
6291,幫忙治療一下！,False
6292,這就為你治療！,False
6293,別再吵了……,False
6294,不去找罪人嗎？,False
6295,"我只希望能回到
平常的生活。",False
6296,"大家要是能同心協力就好了，
可是……",False
6297,我要是被當成罪人的話……,False
6298,所謂的罪名究竟是什麼呢……,False
6299,已消滅敵人……,False
6300,一起來吧！,False
6301,你也參加吧！,False
6302,哇！嚇我一跳！,False
6303,好了，你能找到嗎？,False
6304,把這個給轉圈波奇。,False
6305,一起玩吧！,False
6306,嗚哇……,False
6307,大、大家……加油……,False
6308,把這個給轉圈波奇……,False
6309,你不參加嗎？,False
6310,把玩偶交給轉圈波奇！,False
6311,把玩偶交給轉圈波奇吧！,False
6312,請把玩偶交給轉圈波奇！,False
6313,期待各位的踴躍參與！,False
6314,你不參加嗎？,False
6315,你也參加一下吧！,False
6316,請各位踴躍參與！,False
6317,肌肉莫古利在叫你！,False
6318,蓬鬆陸行鳥在叫你！,False
6319,轉圈波奇在叫你！,False
6320,你不參加嗎？,False
6321,你也參加一下吧！,False
6322,一起來吧！,False
6323,等一下！,False
6324,快點，不然就趕不上了！,False
6325,哇，是慶典！,False
6326,大家都到齊了吧？,False
6327,好多人啊！,False
6328,好熱鬧啊！,False
6329,我好興奮！,False
6330,我好激動！,False
6331,"哈……哈……
肚子灌風了……",False
6332,我一直在等待這一刻！,False
6333,"用乙太剃刀
剃個一乾二淨吧！",False
6334,"蓬鬆陸行鳥最喜歡
犛牛的毛了！",False
6335,"為了博茲雅，
我們也應當拼盡全力！",False
6336,嘿！,False
6337,敵人部隊的動向……,False
6338,這回的作戰……,False
6339,"是東方聯盟的援軍嗎！
感謝你們的支援！",False
6340,"敵人的艦隊是不是
在背地裡搞什麼呢？",False
6341,"加油！
我們一定能活著回去。",False
6342,,False
6343,,False
6344,,False
6345,,False
6346,,False
6347,,False
6348,,False
6349,,False
6350,,False
6351,,False
6352,我們走吧！,False
6353,"跑起來吧，
可別走失了！",False
6354,從這裡上去吧！,False
6355,"到哲學家廣場了呢！
距離入口不遠啦！",False
6356,過來，在這邊！,False
6357,"嗚嗚……有人嗎……
誰來救救我……",False
6358,請跟緊我！,False
6359,"陛下很喜歡
逛這家店的雜貨。",False
6360,陛下到底去了哪裡……,False
6361,"難道是在這裡面？！
不對，我不能慌……",False
6362,陛、陛下到底是去哪裡了……,False
6363,這邊！,False
6364,嗚嗚……誰來救救我……,False
6365,好冷……,False
6366,為、為什麼會變成這樣……,False
6367,好想回去……,False
6368,謝謝你的來信。,False
6369,呵呵，不用客氣。,False
6370,他沒事就好……,False
6371,哎呀……好棒的禮物。,False
6372,你喜歡就好！,False
6373,這回也十分熱鬧啊！,False
6374,嗷嗚，嗷嗚……,False
6375,"接下來需要
檢測乙太值的魚是……",False
6376,樣本的測量工作也變多了呢。,False
6377,"好熱……
身體好燙……",False
6378,"難道說這孩子
也已經沒救了嗎……？",False
6379,"到、到底怎樣做
才能夠祛除這種毒素啊！",False
6380,"有、有人嗎……
請給我……些水……",False
6381,永別了，美麗的往日啊……,False
6382,稍微休息一下……,False
6383,跳呀跳！,False
6384,啊，忙死了忙死了！,False
6385,下一個送達的地點是……,False
6386,"漂亮！
下一個！",False
6387,"耶！
今天狀態超級棒！",False
6388,"咦？
我要去幹什麼來著？",False
6389,咦……有事嗎？,False
6390,嗯……？,False
6391,好了……去吧……,False
6392,果然是有什麼人嗎……,False
6393,"星球上的生命全部滅絕了……
最後輪到我們了……",False
6394,拉、啦……拉啦……,False
6395,"來終結一切吧，
來為這無意義的生命
畫上句號吧……",False
6396,拉啦、拉……啦……,False
6397,憑什麼不讓我們過去啊！,False
6398,到底是怎麼回事？,False
6399,"看來塔的防禦系統
已經停止了。",False
6400,"目前並沒有
再次召喚的跡象。",False
6401,竟敢利用別人的信仰……,False
6402,"那種協同攻擊……
簡直像是雜技。",False
6403,"渴望擁有一位強大皇帝的
願望嗎……",False
6404,"沒有人會認同
這就是加雷馬之魂的。",False
6405,"配置在周圍的無數容器，
那裡面……",False
6406,芝諾斯他們在哪裡？！,False
6407,"為了吸取市民的愛國心，
不知道有多少的人被利用。",False
6408,外形相當醜惡的蠻神啊……,False
6409,這附近好像沒有人了……,False
6410,打倒是打贏了……,False
6411,"我真的不敢相信
它會是人類變成的……",False
6412,"不由得讓我想起
亞馬烏羅提的幻影……",False
6413,……,False
6414,"我能感受到弗里多拉的氣息，
看樣子它還在天上戰鬥著。",False
6415,這就是末日野獸……,False
6416,"關於如何處置他，就交給
愛梅特賽爾克來決定吧。",False
6417,"真是的……
淨給我添麻煩……",False
6418,"希望這樣能讓他
稍微冷靜一點……",False
6419,"那傢伙還沒……
別放鬆警惕！",False
6420,謝謝你……伊塞勒……,False
6421,靈魂的氣息尚未消失……,False
6422,應該還沒有完全打倒他！,False
6423,差不多到此為止吧！,False
6424,真是令人感到佩服的執念。,False
6425,"逼近的失望、絕望……
即便如此，人類還是會……！",False
6426,"真是的……
這回可是一場苦戰啊。",False
6427,"哈、哈……
你沒事吧？",False
6428,"情感交匯
織成跨越試煉之力……",False
6429,"我們是不會逃避的……
這就是我們的答案。",False
6430,呼……,False
6431,"不管是你還是我，
我們都盡了自己最大的努力。",False
6432,"我現在就活在
歷史長河之中……
讓我們前進吧，走向未來！",False
6433,"梅蒂恩吸收了
眼前所有的絕望嗎……",False
6434,"剛才見過的星球
也只是宇宙的一小部分吧。",False
6435,"我該怎樣表現
湧上心頭的這份心情呢？",False
6436,"不論見證多少次的絕望，
我也不會放棄！",False
6437,"在滿足之後選擇的終結嗎……
我從未想過會有這種可能性。",False
6438,"正因為我知道
絕望是什麼滋味，
所以才不會被絕望擊倒。",False
6439,"疾病或是戰爭我都能理解，
但這種自我了結……",False
6440,耶！,False
6441,加油！,False
6442,跑得再快點！,False
6443,"打起精神來！
全力守護好所有的民眾！",False
6444,"獸道諸神啊……
請將力量賜予我們星戰士！",False
6445,好，一定做到！,False
6446,大家……為什麼……,False
6447,嗚……嗚嗚……,False
6448,哈……哈……,False
6449,得救了嗎？,False
6450,我怎麼能死在這種地方！,False
6451,"拜託了！
回應一聲吧！",False
6452,"不要……不要……
我還不想死！",False
6453,"好厲害……
這是何等的壓迫感！",False
6454,嘶……嘶嘶……,False
6455,嘎……哈……,False
6456,"終於降臨了嗎，
拉啦——終結永恆之神。",False
6457,"拉啦啊……
請消去本個體吧。",False
6458,"來吧，
讓這無意義的生命消失吧……",False
6459,"回歸虛無吧……
回歸到期盼已久的虛無！",False
6460,"黃金蝶啊……
帶來美麗的終結吧……",False
6461,"黃金蝶啊……
請帶領我們回歸虛無吧……",False
6462,"正在準備中……
請遠離一點。",False
6463,"開始放射，
請受試者上前一步！",False
6464,咕哇咕哇……,False
6465,原來如此，這就是「牢籠」啊。,False
6466,太好了，成功了！,False
6467,雖然贏了，但……,False
6468,這裡究竟是怎麼回事……,False
6469,接下來只要封印他就行了。,False
6470,獄卒長，為什麼……,False
6471,哈、哈……,False
6472,"你是……？
不、不要過來！",False
6473,大賽還沒開始嗎……,False
6474,好帥氣啊！,False
6475,啊、是小黃鶯？！,False
6476,好令人期待啊！,False
6477,哎呀，真時尚！,False
6478,好可愛！,False
6479,好想快點見到明星們！,False
6480,"烏拉拉！！
你好可愛！！",False
6481,畢竟是久違的公演呢。,False
6482,馬夏！你真棒！,False
6483,鳴海！你真漂亮！,False
6484,"好棒的服裝！
我也想穿上試試……",False
6485,耶！,False
6486,真好！,False
6487,嗚哦哦！,False
6488,請盡情享受吧！,False
6489,有機會再見吧！,False
6490,大家，好久不見啦♪,False
6491,下次見吧！,False
6492,大家想我們了嗎？,False
6493,拜拜啦！,False
6494,咕哇咕哇……,False
6495,哇嘞哇嘞……,False
6496,咯咯咯咯……,False
6497,"看樣子準備好了啊。
那就上吧！",False
6498,哈啊！,False
6499,還遠遠不夠！,False
6500,,False
6501,"走在森林中，
心情還真是舒暢呢。",False
6502,"不過現在
還是把握時間吧。",False
6503,繼續向前直走。,False
6504,通過那座橋。,False
6505,再不快點拿過去的話……,False
6506,沒、沒有人在吧？,False
6507,被、被發現了！,False
6508,咕嘎……,False
6509,哇、在下雪啊！,False
6510,白白的、軟軟的！,False
6511,你們兩個不冷嗎？,False
6512,"哼哼哼哼……
珍獸啊，現身吧！",False
6513,還是我最可愛呢。,False
6514,咕哎！,False
6515,,False
6516,"真是的……
到底去哪了呢……",False
6517,這邊！,False
6518,"哈？難道……
不會是誘拐吧！",False
6519,噓……讓她靜靜地睡吧。,False
6520,嘶哼！,False
6521,快去做準備！,False
6522,出發前往下一個工作地點！,False
6523,接下來是在這邊幹活！,False
6524,下一個就是最後了！,False
6525,快點！,False
6526,上啊！,False
6527,哼哼哼！,False
6528,最後了，最後了！,False
6529,別丟下我！,False
6530,等一下！,False
6531,等等……我的腳……,False
6532,已、已經是極限了……,False
6533,"試穿的鎧甲太重了，
一步也動彈不了……",False
6534,你也太弱了吧……,False
6535,"這篇論文實在是有意思，
選入議題好了。",False
6536,請按照著者名替我檢索一下。,False
6537,遵從您的吩咐，我的主人。,False
6538,喲，我還找你們來著呢！,False
6539,"客人來得好慢呢……
這樣下去商品就要枯萎了。",False
6540,"果然如果按照以往的方式
生產性就……",False
6541,在這之後吃點什麼好呢？,False
6542,我在尋找第三靈災相關的資料。,False
6543,"這本書……不對。
唔……真難找啊。",False
6544,"要是買下了那個研究費就……
可不論如何也想要啊……",False
6545,"要說喝咖啡的話，
那自然是背水咖啡廳了。",False
6546,我發誓一定會成為賢人的。,False
6547,不知道貨物齊沒齊……,False
6548,媽媽她們一直在聊著……,False
6549,那份資料我記得是……,False
6550,"各位對於最近的
哲學家會有何想法？",False
6551,"要我來對剛才的課程
闡述見解的話……",False
6552,"差不多應該到了才對……
怎麼還不見人呢……",False
6553,"這個結果不對勁，
應該重新進行測量。",False
6554,要送到迷津的物資還剩……,False
6555,"出了這麼多的課題，
要不要一起做呀？",False
6556,"你聽說了嗎？
那個商會……",False
6557,"希望這份平穩的生活
能夠永遠持續下去……",False
6558,已經沒有需要買的了吧？,False
6559,別站那麼近，我會分神的……,False
6560,歡迎來到多彩之都拉札漢！,False
6561,關於治療失眠的配方……,False
6562,藥品還遠遠不夠呢。,False
6563,"聽好了，
接下來的商人是……",False
6564,"看到舞蹈，
我也有了精神。",False
6565,買賣管道的情況……,False
6566,現在才需要新形式的貿易！,False
6567,"二手未使用品、抵押品！
來看看啊，誰買誰賺啊！",False
6568,"雖然的確是逸品，
但現在……",False
6569,嗯，顏色不錯。,False
6570,編出點什麼圖案好呢……,False
6571,土壤和水都沒有問題呢。,False
6572,"果然還是想買那個……
抱歉請等我一下！",False
6573,從哪個開始搬起呢……,False
6574,"這些全部都是
發往小薩雷安的。",False
6575,保存狀態良好，沒有問題。,False
6576,"那個樣本
再次檢查一下比較好。",False
6577,"乖，
成長得很順利呢。",False
6578,"在休息的時候
也要積極地儲備知識才行……",False
6579,想要更多的資料啊……,False
6580,"你有沒有聽過
關於交貨期的消息？",False
6581,"嗯……
看來沒有問題。",False
6582,"再次檢查一遍，
看看有沒有問題。",False
6583,"能不能增添
新的販售管道呢……",False
6584,輕輕地慢慢地轉……,False
6585,首先要冷靜下來才行……,False
6586,"為了能幫上總督大人，
可別疏於鍛鍊自己。",False
6587,"能在火堆附近站崗，
真是幸福……",False
6588,"畢竟是不熟悉的土地，
不要掉以輕心！",False
6589,"呼……在這種雪地，
運貨真是累人。",False
6590,"可疑的傢伙，
拿出你的行李讓我檢查！",False
6591,"在被雪弄濕後
需要更細緻地維護才行。",False
6592,嗚嗚嗚……,False
6593,"為什麼只有我
活了下來……",False
6594,"太冷了，
都快凍僵了……",False
6595,我肚子餓了……,False
6596,"可惡……
我什麼也沒做到……",False
6597,妻子和女兒都……,False
6598,"處理能力與狀態
並未發現異常。",False
6599,"那我就發表一下
各自負責的作業了！",False
6600,"咦……
我被吩咐要幹什麼來著？",False
6601,那裡也需要調整……,False
6602,出乎意料的高啊……,False
6603,重新看一遍順序吧。,False
6604,"重新想想
有沒有好的方法吧！",False
6605,差不多認真一點了。,False
6606,唔嗯……,False
6607,"嗯嗯……
下次試試這個方法吧……",False
6608,給我加油做！,False
6609,要在今天做完！,False
6610,明白了！,False
6611,"乖，
感覺長得越來越美味了呢。",False
6612,"有了這麼多，
應該沒問題了吧！",False
6613,不論何時看都很漂亮！,False
6614,"生命輪迴的樣子
是這麼美麗的嗎。",False
6615,稍微摘一點吧。,False
6616,休息也是工作的一環。,False
6617,乖，好孩子。,False
6618,"要不要在這裡培育
新的水生生物呢。",False
6619,"是不是幹太多活了？
最好稍微休息一下。",False
6620,"今天的飛行訓練到此結束。
幹得真不錯！",False
6621,"從體重以及振翅的消耗度中
計算出連續飛翔時間……",False
6622,嗯……思考開始變遲鈍了……,False
6623,好空虛啊……,False
6624,"不錯……
呵呵呵……",False
6625,需要補充能量，請保持距離。,False
6626,"不知道能不能將賣剩下的絲綢
重新利用起來……",False
6627,將商品搬運到棧橋那裡吧。,False
6628,稍微調整一下吧……,False
6629,不好辦了……,False
6630,儲備糧的庫存沒有問題……,False
6631,"嗚……
手臂開始變沉了……",False
6632,還能做不是嗎！,False
6633,"啊……
這裡太高了吧！",False
6634,在下一層也搭起腳手架吧。,False
6635,"如果有需要的東西，
我去採購吧。",False
6636,"還有其他要搬的貨物呢，
就拜託你了。",False
6637,要搬的貨就這麼多了？,False
6638,嗯……下一趟船還不來啊……,False
6639,"原來如此，那個研究
真是有意思！",False
6640,"載貨清單已經提交完畢，
受理號是……",False
6641,"我打算給長途旅行的
朋友買一份新刊。",False
6642,"你去過那家店了嗎？
店員很風趣呢。",False
6643,喝點酒緩緩心神好了……,False
6644,很高興能與你們再相遇。,False
6645,下次也請多多光顧！,False
6646,"這可是易碎品，
注意輕拿輕放。",False
6647,"數量可對不上啊，
認真確認過了嗎？",False
6648,"發現害蟲的話，
報告一聲。",False
6649,"呼……
休息一下……",False
6650,難道又要幫忙做實驗？,False
6651,嗚……啊……,False
6652,我想起來還有事要做……,False
6653,那個東西下次也採購些。,False
6654,這可是非常好吃的果實哦。,False
6655,"從未見過呢……
不會有問題吧？",False
6656,"人吃了也沒事！
所以請通過審查吧。",False
6657,"哥布們十分誠實請放心！
所以請讓我們經商吧。",False
6658,"那我就嚐嚐
這個紅色的果實……",False
6659,"哪個看起來都很美味，
讓人不知道怎麼選……",False
6660,來嚐嚐新鮮的果實吧？,False
6661,"肚子餓了……
要不要找個地方吃點？",False
6662,"不在乎味道的話，
就在學校食堂吃點吧。",False
6663,這種香味讓人很過癮！,False
6664,把那個搬進倉庫裡。,False
6665,"呃……
是2號倉庫嗎？",False
6666,,False
6667,能像這樣再次交談……,False
6668,"看你有精神就好。
真的……",False
6669,"平日裡承蒙照顧，
十分感謝。",False
6670,"要感謝的是我才對，
感謝你們的優質商品。",False
6671,我想去無路總部……,False
6672,請出示許可證。,False
6673,"有人發來了
調整氣溫的需求。",False
6674,"配合濕度
一起調整一下比較好。",False
6675,果實用的肥料有點不夠了。,False
6676,跟負責的人說一聲。,False
6677,知道了呱！,False
6678,"能不能再強化下
外壁的強度呢。",False
6679,"那得要用上
新的素材才行。",False
6680,"之前訂的貨物
還沒到呢？",False
6681,"這麼一說，
好像還真沒到。",False
6682,分頭進行檢查吧。,False
6683,我去那邊……,False
6684,我去另一邊……,False
6685,我負責這邊呱。,False
6686,結束即為開始……,False
6687,性情也很安定呢。,False
6688,帶到園外看看好了。,False
6689,"頭上長滿了
苔蘚呢……",False
6690,"能與其他植物共生，
實在是很有意思……",False
6691,看來你被喜歡上了呢。,False
6692,"沙沙沙……4014……
發生未知錯誤。",False
6693,"確認到系統損壞，
嘗試復原。",False
6694,先搬運哪個胡蘿蔔？,False
6695,"矯健胡蘿蔔！
我們加快點速度吧！",False
6696,"強壯胡蘿蔔！
沒有東西能夠勝過肌肉！",False
6697,"人類到底
喜歡什麼食物呢？",False
6698,嗯……,False
6699,一定是胡蘿蔔……,False
6700,"分頭進行
水質檢測！",False
6701,表面沒有問題！,False
6702,"咕嚕……
味道沒有問題！",False
6703,氣味沒有問題！,False
6704,狀況如何？,False
6705,不太好……,False
6706,問題堆積如山……,False
6707,"沒事，
他一定去避難了……",False
6708,"嗚……
爸爸……",False
6709,有哪裡會痛嗎？,False
6710,手臂一直好痛……！,False
6711,哎呀，那可不好！,False
6712,嗚嗚嗚！,False
6713,在庫的食品怎麼辦？,False
6714,只能賣到城裡了……,False
6715,跟酒館的老闆商量一下吧。,False
6716,我把指定的貨拿過來了。,False
6717,"那個貨是下一班的！
快點放回原處！",False
6718,"就算是要回收，
這貨物也太多了……",False
6719,"我在這裡看著，
你去叫人過來。",False
6720,審查差不多該完了吧？,False
6721,我想搬運這貨物。,False
6722,"還在審查資料中，
請稍等。",False
6723,我是來回收貨物的……,False
6724,"目前還沒確認完呢，
過一會再來吧。",False
6725,"哎呀，正好。
能聽我講講嗎？",False
6726,"沒問題，夫人。
如果您不在意的話……",False
6727,"你也去背水咖啡廳？
今天那裡的飯菜也很美味。",False
6728,"即便你我都成為了議員，
可還是忘不了那個味道呢。",False
6729,本書架的保管狀態良好！,False
6730,"物資的儲備……
看來沒有問題。",False
6731,我拿來了儲備的素材！,False
6732,"辛苦了……
不過這是那邊的。",False
6733,"提煉……
嗯，沒有問題。",False
6734,這個要送到哪裡？,False
6735,請送到紡絲局。,False
6736,還有要搬運的東西嗎？,False
6737,"這個還有這個……
那個也拜託了。",False
6738,我把東西運過來了。,False
6739,辛苦了。,False
6740,接下來搬運哪個？,False
6741,這個就拜託你了。,False
6742,還沒查完資料嗎？,False
6743,"再等一下，
還沒有找到我想要的。",False
6744,得去補充飼料了……,False
6745,飼料已經見底了吧……,False
6746,委託的東西送到了嗎？,False
6747,還沒有。,False
6748,"是嗎……
那我下次再來。",False
6749,有沒有胃藥？,False
6750,"抱歉，
沒有庫存了。",False
6751,能給我素材嗎？,False
6752,"這就沒了？
請珍惜點用。",False
6753,"剛才的課，
你理解了嗎？",False
6754,沒……根本沒聽懂……,False
6755,"你也一樣啊……
下次的課該怎麼辦呢……",False
6756,我去趟鍊金術製藥堂。,False
6757,替我向那裡的人帶好。,False
6758,"沙沙沙……
沒有異常。",False
6759,"咦？
我是來幹什麼的……",False
6760,"啊，好像在飄著一樣……
現在就像要飄起來了一樣……",False
6761,"欸？
要出門嗎？",False
6762,"我去趟創造管理局，
有個理念需要用來參考。",False
6763,這次想種上什麼啊？！,False
6764,我的最佳傑作！,False
6765,我把油漆拿過來了！,False
6766,"不要……
穿衣服，不好受！",False
6767,要保護嬌小柔弱的傢伙……,False
6768,"來來，
試試穿上衣服！",False
6769,我不是說別追過來嗎！,False
6770,"這邊！
快來這邊！",False
6771,"麻煩你投擲
魔導電漿球！",False
6772,"噫！
抱歉，撤退！",False
6773,很榮幸見到你。,False
6774,"好傢伙，
是阿爾菲諾學長本尊！",False
6775,沒有人吧？,False
6776,手都僵了……,False
6777,得快點回去才行。,False
6778,"你們就是敵人！
不要靠近我！",False
6779,！,False
6780,沒追過來吧……,False
6781,這條道也無法通過……,False
6782,我絕對要回家！,False
6783,是錯覺嗎？,False
6784,誰在那裡？！,False
6785,"欸？！
不是吧……",False
6786,沒有人追過來吧……？,False
6787,是、是有人在嗎？,False
6788,"是錯覺？
還是野獸？",False
6789,喘不上氣了……不行……,False
6790,"也沒有野獸的蹤跡……
就這樣……",False
6791,真沒事吧？,False
6792,不能讓那些人知道。,False
6793,還差一點……,False
6794,"到這裡都沒問題的話，
就差跑過去就行了……",False
6795,這邊！,False
6796,媽媽……媽媽！,False
6797,快點去媽媽那裡……,False
6798,還差一點！,False
6799,先走下山坡。,False
6800,這一定就是他提到的路。,False
6801,"目的地在車站，
沿著道路前進對吧？",False
6802,哈哈……這可真是有點難走……,False
6803,注意徘徊的野獸……,False
6804,"那座建築
應該就是車站了吧。",False
6805,……,False
6806,"你、你幹嘛……
看什麼看！",False
6807,嗯？,False
6808,哼？,False
6809,"真想趁早換成錢
喝一杯……",False
6810,是錯覺嗎？,False
6811,"保持距離的同時，
追上去吧。",False
6812,過道比較窄，請小心。,False
6813,"那是同伴嗎……
看起來應該就是了。",False
6814,"拉札漢的街景
以獨特的配色著稱。",False
6815,"為了那位女性，
得想辦法抓住證據才行。",False
6816,嗚啪！,False
6817,"到底發生了什麼？
總督大人在哪裡？！",False
6818,我看見了可怕的怪物……,False
6819,大家……沒事吧？,False
6820,"雖然想辦法成功避難了，
但到底發生了什麼？",False
6821,等候總督大人的指示吧……,False
6822,"關於這點，
我還在煩惱……",False
6823,"原來這麼想
就行了啊……",False
6824,我怎麼也放不下心……,False
6825,"那就徹底
改變一下怎麼樣？",False
6826,"不行不行！
從整體來看……",False
6827,"沒事！
按我的計算來看……",False
6828,喵！,False
6829,"喵？
喵喵！",False
6830,嘰嘰、嘰嘰！,False
6831,嘰嘰？,False
6832,沙沙沙……,False
6833,重新選擇行動。,False
6834,沙沙……沙沙沙……,False
6835,,False
6836,這就沒問題了……,False
6837,剩下的交給你了。,False
6838,長這麼大了啊！,False
6839,要是味道再好些就好了。,False
6840,"我好喜歡
這個玻璃畫的故事……",False
6841,真是精細！,False
6842,中吉的話算好嗎……,False
6843,簽上寫了什麼來著……,False
6844,哎呀，運氣還挺不錯的吧？,False
6845,戰鬥、亂鬥中有勝機可尋。,False
6846,這次的主角是兔兔嗎？,False
6847,"降神祭……
可真是有意思的風俗。",False
6848,趁機大鬧一場吧！,False
6849,你都抽了五次了吧……,False
6850,嗚嗚，我的大吉！,False
6851,我也抽個好運籤試試……,False
6852,來和我成為朋友吧！,False
6853,我聽說這裡可以抽籤……,False
6854,他們看起來好開心啊。,False
6855,嗯……再放點鹽？,False
6856,怎麼樣？舒服嗎？,False
6857,要來點什麼嗎？,False
6858,最近工作變多了呢。,False
6859,變忙了是好事。,False
6860,這裡也要維護一下……,False
6861,"乾脆把這些
全放入倉庫？",False
6862,是！,False
6863,嗯，辛苦了！,False
6864,好！,False
6865,"空閒出來的建築物
拿來做什麼好呢？",False
6866,去問問大姐頭吧。,False
6867,"說得對！
之後去問問！",False
6868,多吃點，還有很多！,False
6869,要把這邊打掃乾淨才行。,False
6870,小乖乖，好好休息吧。,False
6871,尋寶之旅就到這裡了嗎？,False
6872,這裡到底是……？,False
6873,看來是密室……,False
6874,"看來寶物殿裡少不了
強大的守護者呢……",False
6875,我拿來了烤恆娑鳥串……,False
6876,那傢伙到底要吃多少啊……,False
6877,"恆娑鳥沒魚好吃！
我要吃魚！",False
6878,組件夠嗎？,False
6879,能順利裝上嗎？,False
6880,好危險啊，真是的……,False
6881,要超時了，加速！,False
6882,看樣子沒問題，謝謝！,False
6883,最難路線的起點在這裡啊……,False
6884,恭喜到達終點！,False
6885,真厲害，竟然能到達這裡！,False
6886,幹得漂亮！,False
6887,要看準時機……,False
6888,哦哦！我不會輸的！,False
6889,啊，要掉下去了！,False
6890,還差一點！,False
6891,接下來就只剩一點了……,False
6892,好、好！要加油了！,False
6893,要挑戰魔城的人請來這邊！,False
6894,新路線在這裡哦！,False
6895,新路線在這邊！,False
6896,唔唔唔……,False
6897,得幫幫他！,False
6898,"雖然掉了下去，
可感覺很爽快！",False
6899,上吧，普羅姆！,False
6900,嗯！,False
6901,怎麼樣，要試試嗎？,False
6902,去挑戰新路線吧！,False
6903,看起來很有趣！,False
6904,對、對我們來說還太難了！,False
6905,厲害啊！,False
6906,我不會輸的！,False
6907,很好，很好！！,False
6908,哪邊的舞蹈都不輸對方呢！,False
6909,"你聽到了嗎？
我這身強壯肌肉舒張的聲音！",False
6910,盡情享受這場肌肉盛宴吧！,False
6911,"我感覺到了很多熾熱的視線！
好好欣賞我的肌肉吧！",False
6912,好棒的肌肉……,False
6913,"等我長大後，
我一定要去挑戰魔城！",False
6914,我也是我也是！,False
6915,呵呵，你們兩個要加油啊！,False
6916,讓你們見識黑渦團的厲害！,False
6917,不能給不滅隊抹黑！,False
6918,雙蛇黨也不能退縮！,False
6919,嗷嗷！,False
6920,"與他人一起製作炸彈的
感覺如何啊？",False
6921,嘿嘿嘿 真是 有意思！,False
6922,這裡真熱，想喝冷飲。,False
6923,這個水球好可愛！,False
6924,"原來除了魔城，
其他地方也有活動。",False
6925,"咕波波……
大家看起來好開心咕波！",False
6926,"那個不是 巴戈嗎？
他也來 玩了嗎？",False
6927,"威風凜凜……
準備好挑戰了！",False
6928,"呼嘶……為什麼人類
不去游泳，而是跳來跳去？",False
6929,"魔城實在是
太簡單了呼啾！",False
6930,"魔城的搭建方式……
讓我學到了不少！",False
6931,"金碟遊樂園嗎……
我還沒去過呢。",False
6932,這件衣服真不錯。,False
6933,要不要去金碟遊樂園玩玩？,False
6934,一、二、三！,False
6935,哎呀，這件衣服好可愛！,False
6936,感覺好有趣！,False
6937,那、那個……,False
6938,這是最好的待遇了！,False
6939,在哪裡能拿到閃閃金幣？,False
6940,在尋找約會地點嗎？,False
6941,呵，這傢伙真有意思……,False
6942,那傢伙……！,False
6943,明明我都親自發出了邀請……,False
6944,"不管了！
等不了了！",False
6945,挑戰書上寫著要在這裡等待……,False
6946,可怎麼不見人影啊。,False
6947,果然只是惹人厭的惡作劇嗎……,False
6948,哦豁！真不錯啊！,False
6949,去收集閃閃金幣！,False
6950,"這裡也有看起來
好好吃的布丁啊！",False
6951,"只要活著，怎麼樣都好。
按照自己的想法前進吧！",False
6952,是，前輩！,False
6953,我想去看各種美景！,False
6954,"冒險後痛快地泡一回澡
實在是愜意啊……嗯？",False
6955,"沒想到能遇見幸運的大象，
心情更愉快了！",False
6956,"快看！
那不是幸運的藍象嗎？！",False
6957,今天應該能找到危險標的怪物呢。,False
6958,喂，那是傳聞中的……！,False
6959,"穹頂皓天的守護者
——幸運的藍象！",False
6960,"要是買了仙人仙彩，
說不定能中個一等獎？",False
6961,我們去金碟遊樂園看看吧！,False
6962,看來我們合格了？,False
6963,先回去再說吧。,False
6964,能一起來真是太好了。,False
6965,我也很開心呢。,False
6966,我幫忙製作了新衣服！,False
6967,哇，好厲害啊！,False
6968,快看！是條罕見的魚！,False
6969,找找漂亮的貝殼吧！,False
6970,真是令人安心呢！,False
6971,這漁場真棒！,False
6972,請儘快食用。,False
6973,"下次巡迴時，
需要確認是否補充飲料。",False
6974,處理點單內容中……,False
6975,接待新顧客的準備已完成。,False
6976,更新點單列表。,False
6977,吃得好香啊！,False
6978,等待客人中……,False
6979,我來教你！,False
6980,哼，哼哼！,False
6981,下一個問題是……,False
6982,大家都去哪裡了？,False
6983,"上面刻有帶來希望的語句，
我也……",False
6984,瞥……,False
6985,？！,False
6986,喵！,False
6987,嗷！,False
6988,請繼續向裡面走。,False
6989,好啦，打起精神來！,False
6990,我可以去玩嗎？,False
6991,"當然，請隨意！
從陽台上觀景也美妙極了！",False
6992,"有需要用餐的客人嗎？
不必客氣，請隨意入座！",False
6993,這邊是南瓜田！,False
6994,"裡面很安靜，
想休息的客人還請這邊走！",False
6995,"罐子和墳墓，
客人更喜歡哪一種呢？",False
6996,哎呀，有客人來了……,False
6997,"嘻嘻！看看我的南瓜！
真是大豐收！",False
6998,歡迎，請隨意！,False
6999,呵呵呵……,False
7000,……,False
7001,喵！,False
7002,嗷！嗷嗚！,False
7003,噫！什麼東西？！,False
7004,"嚇死我了，
還以為真的是魔物呢。",False
7005,我、我也能學會這個嗎？,False
7006,"南瓜布丁……
聽起來就很棒！",False
7007,真是難纏的對手。,False
7008,剛剛的妖異究竟是……？,False
7009,結束了嗎？,False
7010,"在演出中變身？
嘿嘿，那我有個好主意！",False
7011,好棒啊！,False
7012,真是太厲害了……,False
7013,"這個空間恐怕也被
獄卒長改造過……",False
7014,呼，還好趕上了。,False
7015,這次終於成功封印了獄卒長。,False
7016,太好了！我們成功了！,False
7017,就在這裡做個了結吧。,False
7018,"我感受到了
非常強大的東西……",False
7019,這看起來可不是什麼好兆頭。,False
7020,"我沒看錯吧？
那裡確實有什麼東西吧？",False
7021,"給家裡的媽媽
帶些什麼特產好呢？",False
7022,唔嗯……,False
7023,帶些吃的怎麼樣？,False
7024,"這樣的話，
就買個特大號的餅乾吧！",False
7025,正在製作胡蘿蔔汁……,False
7026,"唔嗯……
能完成飛行嗎？",False
7027,繆繆♪,False
7028,繆！繆繆♪,False
7029,繆繆……繆繆繆♪,False
7030,"不用了，
拿去給自由聯盟的傢伙用吧。",False
7031,"為什麼它不肯談一談呢？
我……",False
7032,"看來離峰頂不遠了，
沒時間磨蹭了，走吧。",False
7033,"……先繼續前進吧，
伊塞勒。",False
7034,"別放鬆警惕，
它還活著！",False
7035,朋友，你沒受傷吧？,False
7036,"我們得把握時間趕上教皇，
結束這場戰爭……",False
7037,肥料放這裡嗎？,False
7038,"不，
拿去給世界聯邦的傢伙吧。",False
7039,要用肥料對吧？,False
7040,這裡是秘密基地哦。,False
7041,"不覺得這裡，
很適合安靜思考嗎？",False
7042,"我也這麼覺得，
而且時間很充裕。",False
7043,要思考些什麼呢？,False
7044,宇宙魚嗎？,False
7045,稍微遊游泳吧！,False
7046,希望它們可以健康成長。,False
7047,"有肉體的生物，
竟然如此惹人憐愛。",False
7048,我們究竟是為何而生？,False
7049,那棵大樹究竟是？,False
7050,"是象徵著生命和宇宙的樹木，
樹幹聯繫著代表個體的葉子。",False
7051,沙沙……和我們一樣？,False
7052,調皮的孩子！,False
7053,就算沒有拉啦的祝福……,False
7054,考慮到效率……,False
7055,不錯的提議……,False
7056,能不能合併方案……,False
7057,已確認機體表面溫度穩定。,False
7058,像這樣嗎？,False
7059,"本來已經捨棄的情感，
出現了新的萌芽……",False
7060,這感覺是舒心嗎？,False
7061,"這就是森林浴嗎，
記下來吧。",False
7062,好的，我知道了。,False
7063,"什麼？
能不能別互相謙讓了！",False
7064,"幼體健康的樣子，
真是太棒了！",False
7065,"是我們培育的
至福樂土的食材！",False
7066,等一下啊！,False
7067,孵化後的生命體征已安定。,False
7068,"唔……嗯？
這裡是哪裡噗？",False
7069,"難……難道這裡是
地底鯰魚精的……",False
7070,"怎麼可能噗……
這肯定是夢噗……",False
7071,那些傢伙是什麼人噗？！,False
7072,好餓啊！,False
7073,還想繼續吃！,False
7074,繆繆♪,False
7075,繆♪,False
7076,繆！,False
7077,好累啊呱……,False
7078,這裡有好多有趣的書呢。,False
7079,嗯——瑪托雅大人的論文在哪呢？,False
7080,"好高的乙太濃度……
簡直要被閃花眼了。",False
7081,"這裡就是離「星海」
最近的地方啊……",False
7082,敏菲利亞！,False
7083,還真是場艱難的試煉。,False
7084,我已經全力以赴……,False
7085,這些鳥人族也拼盡了全力……,False
7086,嘿嘿，來聊天吧！,False
7087,"哎呀，看你一臉頭疼表情，
真是可愛極了！",False
7088,你喜歡花嗎？,False
7089,咕哎！,False
7090,辰龍厲害嗎？,False
7091,哇！好棒！,False
7092,耶！,False
7093,這個好好吃！,False
7094,這個也不錯！,False
7095,好熱鬧啊！,False
7096,看起來好美味！,False
7097,好帥啊！,False
7098,好可愛！,False
7099,東西都準備好了吧？,False
7100,食材就是這些……嗯！,False
7101,欸，怎麼少了一塊？,False
7102,嗯嗯，感覺不錯！,False
7103,嘿嘿，好可愛！,False
7104,馬上就要完成了！,False
7105,,False
7106,真想坐上去試試……,False
7107,有人能來幫下忙嗎？,False
7108,嗯，庫存沒有問題！,False
7109,鏘鏘！,False
7110,這、這是什麼？！,False
7111,蛋、蛋裡有蛇！,False
7112,我的預言蛋被風精靈族偷走了……,False
7113,"都怪那些風精靈族，
我的禮物都掉進河裡了……",False
7114,"風精靈族的惡作劇
實在是太嚇人了……",False
7115,"多虧有你在，
我可以專心掃描了！",False
7116,多謝啦！,False
7117,,False
7118,,False
7119,有點累了，有沒有冷飲可以喝啊？,False
7120,這不是羅薇娜小姐嗎，歡迎光臨！,False
7121,小可愛，陪我玩一會吧？,False
7122,哎呀，那個人的肌肉真是不錯……,False
7123,呼……來同志的地盤逛逛……,False
7124,"利用木材原本的樣子來裝飾光源，
使其更加出彩……",False
7125,要抓莫古咕波？！,False
7126,沒酒喝可不行！,False
7127,"一夜暴富也是一種
愛與夢幻的話題呢……",False
7128,"把獎品名單刊登出來，
能不能引起讀者的興趣呢……",False
7129,能見到母親真是太好了！,False
7130,謝謝你，大哥哥！,False
7131,這邊這位好心人幫忙搜索了一下。,False
7132,"盛夏的著裝……
可以給新商品提供參考！",False
7133,我們是為大繁榮商店來考察的！,False
7134,"與薩維奈的大海不一樣的顏色……
這裡真是好地方！",False
7135,萬幸庫洛沒受傷……,False
7136,"凱碧你聽我說！
真的是太帥了！",False
7137,庫洛你害怕嗎？,False
7138,老大很有幹勁啊……,False
7139,聽說有罕見的魚？,False
7140,咕哎咕哎！,False
7141,,False
7142,這算得了什麼！,False
7143,"艾馬內蘭少爺！
就差一點點了，嗯。",False
7144,"傻帽貴族，怎麼樣？
是不是覺得有點難啊？",False
7145,要裝作是偶然……,False
7146,"怎麼感到一股寒意……
是冰品吃多了嗎……",False
7147,聽說有糕點大師來了這裡。,False
7148,大家跳來跳去的好有趣！,False
7149,月亮上能不能也造個這個……,False
7150,"魔城的炸彈不夠用了？
看來得快點再準備些了……",False
7151,"嘿嘿嘿 爆炸
好多好多 炸上天",False
7152,唔，只要我拿出真本事……,False
7153,哥哥加油！,False
7154,大哥你一定行！,False
7155,好好吃！,False
7156,我已經不再迷惘了。,False
7157,不必擔心！,False
7158,我們有好好！,False
7159,補充水分！,False
7160,這對我來說有難度啊。,False
7161,一步一步，確實前進。,False
7162,好多炸彈，好嚇人！,False
7163,輕鬆愉快。,False
7164,可以到這邊的區域進行留念！,False
7165,咕嘟咕嘟咕嘟……,False
7166,波浪好舒服……,False
7167,鼓起勇氣！,False
7168,別裝過火了讓沙灘英雄擔心！,False
7169,"能行能行！
應該能行……",False
7170,這次別再掉下去了……,False
7171,復仇時刻到了！,False
7172,"有沙灘英雄在，
就算發生什麼也不用擔心。",False
7173,鯊魚來了也沒事！,False
7174,別烏鴉嘴啊！,False
7175,那個鯊魚究竟是來做什麼的……,False
7176,聽說魔城旁邊有個很棒的觀景處！,False
7177,"是嗎是嗎？
一會過去看看吧！",False
7178,歡迎您！,False
7179,辛苦了！,False
7180,幹得漂亮！,False
7181,那身衣服實在是……,False
7182,"是啊……
我可不想往身上穿……",False
7183,"我在冰品製作的空暇
來魔城這邊看看。",False
7184,辰龍真可愛……,False
7185,東方也有這麼可愛的生物……,False
7186,聽說很靈驗！,False
7187,能不能讓我也沾點光呀……,False
7188,"如此強大的妖異，
為什麼會出現在這裡？",False
7189,敵人很強！,False
7190,這傢伙也是高貝扎四天王之一啊。,False
7191,能夠操控水的妖異……,False
7192,這個虛無界之門可真不小。,False
7193,姐姐……到底在哪裡？,False
7194,那我們幫忙發預言去蛋吧！,False
7195,我想塗個提燈怪圖案的彩蛋。,False
7196,好主意！我也這麼弄！,False
7197,我想去給執行委員幫忙……,False
7198,有沒有什麼想做的事呀？,False
7199,想做的事……？,False
7200,想不想試試製作機器呀？,False
7201,嗯……我看看……,False
7202,對美食感興趣嗎？,False
7203,"雖然我很喜歡品嚐美食，
但親手做就……",False
7204,我們來一起畫畫怎麼樣？,False
7205,我不會畫畫……,False
7206,有興趣來幫忙廣播一下嗎？,False
7207,聽、聽上去倒是挺有趣的……,False
7208,怎麼樣？找到夢想了嗎？,False
7209,"能做的事情太多，
反而猶豫了起來……",False
7210,這身制服真不錯！,False
7211,夢想啊……,False
7212,"那我的夢想
就是穿這身制服！",False
7213,我要吃到撐！,False
7214,我想一直玩下去！,False
7215,這樣啊……,False
7216,唔，那我再想想……,False
7217,"快點發掘自己的夢想，
成為這裡的一員吧！",False
7218,"嗯……
感覺這個不能算夢想……",False
7219,呀吼！,False
7220,"也許該趁這次機會
去採訪一下索恩家……",False
7221,索恩家歷史悠久……,False
7222,真想讓克勞迪亞也看看啊……,False
7223,這個公主節還挺像樣的嘛。,False
7224,媽媽，這個好漂亮啊！,False
7225,今年的公主節，我們將會——,False
7226,為大家分發漂亮的扇子！,False
7227,"目前準備工作還沒有完成，
敬請期待！",False
7228,"請欣賞艾德薇雅公主的
「公主之舞」！",False
7229,大家也來一起跳吧！,False
7230,歡迎大家領一把扇子試試！,False
7231,"這衣服襯得舞蹈更美了……
真有趣！",False
7232,好可愛呀！,False
7233,我、我真的能跳好這個嗎？,False
7234,當然，沉下心來慢慢練習吧。,False
7235,會是什麼樣的扇子呢？,False
7236,我都等不及了！,False
7237,小黃鶯她們要做什麼？,False
7238,真是優雅！,False
7239,我也想試著跳一跳！,False
7240,小黃鶯就是最棒的！,False
7241,這難道是……新口味的布丁？,False
7242,好想請她製作究極布丁！,False
7243,,False
7244,這些孩子們也在為你加油呢。,False
7245,哎呀，客人您真是厲害。,False
7246,那個滑溜溜的秘訣一定在這裡！,False
7247,"製造這個空間的人
的技術真是高超……",False
7248,"在想什麼
可怕的事呢咕波……？",False
7249,莫古覺得不是那樣咕波……,False
7250,謝謝，真是感激不盡！,False
7251,我是什麼時候來到這裡的……？,False
7252,這、這個音樂是怎麼回事？！,False
7253,謝謝！,False
7254,接下來是什麼故事呢？,False
7255,怎麼還沒到啊……？,False
7256,久等了！,False
7257,怎麼來得這麼慢！,False
7258,"抱歉抱歉！
我們走吧！",False
7259,一定要爬上去！,False
7260,"呵呀！
海盜之魂熊熊燃燒！",False
7261,別太緊張了！,False
7262,哈囉哈囉！,False
7263,你喜歡大海嗎？,False
7264,……,False
7265,啊——我才不會掉下去！,False
7266,這就是幽靈的真相……,False
7267,看著這傢伙真不舒服。,False
7268,這下就能繼續前進了吧。,False
7269,"呼……
原來是妖異在搗鬼啊……",False
7270,終於能喘口氣了……,False
7271,真是只不可小窺的猛禽！,False
7272,順利通過試煉了！,False
7273,我們也去天守閣那邊！,False
7274,飛燕大人！,False
7275,這也就算熱身，還沒完呢！,False
7276,"也不知管制室
那邊情況如何……",False
7277,還沒結束嗎……？,False
7278,他好像很享受這場戰鬥……,False
7279,"小心！
我有不好的預感……",False
7280,芝諾斯，你無路可逃了！,False
7281,看來大人中也有好人……,False
7282,"那當然了！
世界可是很廣闊的！",False
7283,"你說的對……
或許我也該出去看看！",False
7284,小、小小小心！,False
7285,我目前在臨時政府中擔任文官。,False
7286,"你知道嗎？
我選擇成為商人也是為了這裡……",False
7287,微風拂面，好舒服……,False
7288,"看繁星閃爍，
感覺心也靜下來了……",False
7289,"沒有什麼比優美的舞蹈
更配咖哩了。",False
7290,記住，在吃辛辣食物的時候……,False
7291,"也許這是個打開
香辛料銷路的好機會……",False
7292,想吃什麼？,False
7293,"就那個吧！
叔叔喜歡的那個！",False
7294,接下來我們該做什麼呢……,False
7295,救援隊應該快到了吧？,False
7296,"呵呵，他一定會很開心的！
你想好做什麼了嗎？",False
7297,今天就由我來為爸爸做飯吧！,False
7298,安心休養吧。,False
7299,也不知道藥有沒有用……,False
7300,"這裡面……
就是噴湧乙太的地方嗎？",False
7301,也許這泉水下面與大海相連。,False
7302,"或許我們該帶些魷魚之類的
特產給艾斯蒂尼安。",False
7303,哼，不堪一擊。,False
7304,剛剛聽到的是……,False
7305,收音機裡放了什麼？,False
7306,"聽說在守護天節，
可以收到點心呢！",False
7307,我要去嚐嚐沒吃過的布丁——,False
7308,噢——！,False
7309,這就是行會裡說的那個……,False
7310,有、有點可怕……！,False
7311,好像有妖異的氣息……,False
7312,是我的錯覺嗎？,False
7313,妖異在暗中窺視著守護天節……,False
7314,"只要瞭解了來源，
應該就理解了吧？",False
7315,只要給他們點心就行了吧？,False
7316,"雖然很害怕，
但還是忍不住在意……",False
7317,我、我也……,False
7318,,False
7319,真是奇怪的活動。,False
7320,弟弟們一定也很開心吧。,False
7321,"聽說有魔物出現……
看來只是活動的一環啊。",False
7322,爸爸很享受呢！,False
7323,我也想被人類感謝！,False
7324,暖和的食物……真好。,False
7325,"加雷馬的受災狀況
比我們想的還要嚴重……",False
7326,還有其他可以再利用的資源嗎？,False
7327,這裡的青磷水供應倒是很穩定。,False
7328,拿到什麼了？,False
7329,一起玩吧！,False
7330,是星芒祭的馴鹿呢！,False
7331,還有很多呢！,False
7332,還有花錢都買不到的禮物啊。,False
7333,"空力團的大家
對星芒祭有興趣嗎？",False
7334,該、該跟誰打招呼呢……,False
7335,居然是衝著我的頭來？,False
7336,這是什麼資料……？,False
7337,怎麼了？,False
7338,再堅持一下！,False
7339,真有趣！,False
7340,Player Player？！,False
7341,"我就是想看看裡面寫了什麼，
才、才不是讀入迷了呢……",False
7342,"不休息一會嗎？
剩下的交給我來吧！",False
7343,有沒有什麼想要的東西？,False
7344,別客氣。,False
7345,"等拿到禮物，
我要寫一篇日記。",False
7346,好多感謝信……,False
7347,"我們也寫點什麼吧，
好好感謝那些幫助過我們的人。",False
7348,受損狀況如何？,False
7349,還有沒醒來的獄卒。,False
7350,萬魔殿的結界被修復了。,False
7351,"雅典娜居然弄出了
這樣的空間……",False
7352,她應該還有別的手段……,False
7353,"久等了！
那些傢伙在哪？",False
7354,"他們都藏起來了，
找找看吧！",False
7355,"呵呵，你覺得他們
多久能找到我們？",False
7356,"好吧，看來他們也知道
哪裡最適合藏身。",False
7357,"等他們找到我們，
就一起去沙灘上玩吧！",False
7358,"唔，看著星光入眠
也是個不錯的選擇……",False
7359,"還真是一座寶山啊……
換成錢得有多少啊？",False
7360,阿雷恩瓦爾德也變強了呢。,False
7361,"剛剛那個怪物……
難道是人變的？",False
7362,遠處那是……,False
7363,阿爾菲諾……,False
7364,像霧一樣的龍。,False
7365,"在亞拉戈的遺跡中見到龍
也不是什麼稀奇事。",False
7366,看來我們壓制住它們了。,False
7367,這就結束了？,False
7368,"雖然是敵人，
但不得不說她們配合得相當好。",False
7369,"兔兔族的收音機
真有意思！",False
7370,"但是說要舉辦宇宙賽車比賽
果然是謠言吧！",False
7371,"哈……
比賽還沒開始嗎？",False
7372,"嗚哇，真好吃！
和聽眾們跟我說的一樣！",False
7373,他……沒能阻止朋友嗎？,False
7374,"杜蘭特……
那個靈魂的光輝是……",False
7375,"這兩人竟然
是這樣的結局……",False
7376,"就算贏了戰鬥，
也毫無意義……",False
7377,"我要把聽收音機
的感想分享給大家！",False
7378,"記下感想，
然後發送……",False
7379,這座橋可真壯觀啊……,False
7380,嗚唧！,False
7381,用木頭臨時搭建的嗎？,False
7382,海風令人舒爽……,False
7383,嗚唧！嗚唧！,False
7384,真是……,False
7385,"該如何表達
對這顆星球的愛呢……",False
7386,"抱歉，
一不注意就陷入了思考中。",False
7387,真期待這座橋建成的樣子！,False
7388,"嘻嘻嘻，歡迎……
歡迎來到迷途鬼區……",True
7389,"歡迎來到
真正的惡夢裡……",True
7390,"嘿嘿……嘻嘻……
來了就……回不去啦……",True
7391,"來嘛來嘛……
來和我玩吧……",True
7392,"來玩吧，來玩吧！
一直玩到大家都消失……",True
7393,"好棒的禮物……
你看到了嗎？",True
7394,咕嚕咕嚕……轉圈圈……,True
7395,"哎呀？迷路啦？
嘿嘿嘿……那就別回去啦！",True
7396,"你好呀！
來吃糖果呀！",True
7397,"快吃吧！快吃吧！
噫嘻嘻嘻……",True
7398,高貝扎大人！,False
7399,還有杜蘭特大人！,False
7400,"高貝扎大人來了！
我們有救了！",False
7401,英雄回來了！,False
7402,咔啪啪！,False
7403,"仙人掌怪先生
也不要輸啊！",False
7404,"作為賠罪，
讓我請客吧……",False
7405,真拿你沒辦法。,False
7406,要去邀請嗎……,False
7407,要勇敢一點！,False
7408,好、好心動……,False
7409,"哎呀，已經變成
出色的愛情傳道士了呢……",False
7410,艾蜜莉很努力呢！,False
7411,咔啪 、朋友、朋友！,False
7412,"旅行中途經此地，
沒想到你也在啊。",False
7413,"我相信你們和這個祝福機關
一定沒有問題。",False
7414,願我們能在他處再會。,False
7415,找到了嗎？,False
7416,感謝諸位前來！,False
7417,還請盡情享受！,False
7418,接下來登場的是古卜！,False
7419,公主節還在繼續！,False
7420,敬請期待！,False
7421,讓氣氛更加火熱吧！,False
7422,"哦哦哦！
烏拉拉！烏拉拉！",False
7423,好可愛！,False
7424,真有幹勁啊！謔謔！,False
7425,軟軟彈彈的！,False
7426,可惡！明明就差一步了！,False
7427,再試一次！,False
7428,謔——謔謔！,False
7429,啪咕！,False
7430,原來是在舉辦慶典啊。,False
7431,"1——2——
3——4——",False
7432,斡兀立好厲害啊！,False
7433,"雖然胡鷹之舞看著不錯，
但是這個也很有意思呢！",False
7434,姐姐跳舞也這麼棒！,False
7435,,False
7436,咕嚕嚕……,False
7437,呼……呼……,True
7438,……唔……嗯……,True
7439,好耶！自由啦！,False
7440,躲起來！,False
7441,"他是想……
甩開跟蹤的人？",False
7442,"對了，叫我小心
別被人跟蹤來著……",False
7443,"總之
先在這裡轉一圈！",False
7444,是……錯覺？,False
7445,"嗚哇！
你怎麼會在這裡！",False
7446,肚子好餓啊……,False
7447,"看起來倒是挺好吃的
但要怎麼燒呢……",False
7448,不然問問老闆吧？,False
7449,我們跟上去！,False
7450,"這麼說來，
其他被抓的人呢？",False
7451,算了，回去囉！,False
7452,"很好，
一個人也沒有！",False
7453,"一路躲一路走
小心別被發現！",False
7454,"你不是，其瓦固！
你是誰？！",False
7455,大蛇大人保佑！,False
7456,"其瓦固領地！
禁止出入！",False
7457,滾出去！,False
7458,到了！,False
7459,嗯？,False
7460,……,False
7461,哇？！,False
7462,……！,False
7463,"追兵？！
別想抓到我！",False
7464,沒想到我竟然……,False
7465,"難道說他們是
公主那邊的人？",False
7466,"這工作……
找了個大麻煩啊！",False
7467,……有什麼在動嗎？,False
7468,嘖！不該這樣的……,False
7469,到這裡的話就……,False
7470,"應該會在藏身處附近
給報酬……",False
7471,"那個霍比格族的，
還不來嗎？",False
7472,"你是公主的人！
既然如此！",False
7473,什麼聲音？,False
7474,多心了吧？,False
7475,"得趕快回去，
老大要生氣了！",False
7476,咦？,False
7477,錯覺……？,False
7478,快！走這邊！,False
7479,快跟上！,False
7480,"發現！發現！
檢測到火屬性乙太！",False
7481,好！就這樣！別動！,False
7482,"好像
又有船靠岸了……",False
7483,"別太著急了，
總會回來的！",False
7484,"最受歡迎的
是豬肉香草塔可餅！",False
7485,有什麼推薦嗎？,False
7486,"勇連隊的工作
怎麼樣了？",False
7487,"挺不錯的，
反正沒出什麼問題。",False
7488,還是家鄉的口味最對味！,False
7489,"回來一趟
也不容易！",False
7490,瑪穆克那幫人……,False
7491,誰說不是呢……,False
7492,"我準備換個壁紙，
再把傢俱也都換了！",False
7493,"那不錯啊！
房間裡準備擺點什麼？",False
7494,都有 什麼 好東西！,False
7495,要買這個嗎……,False
7496,"唔……
可我也想買這個啊……",False
7497,"那邊的水果
看起來也很好吃……",False
7498,"我家的水果
又新鮮又好吃！",False
7499,"不知道新上的魚餌
好不好用……",False
7500,"緹姨家的超辣塔可餅
太好吃了！",False
7501,"緹姨家塔可餅裡的料
品種多！給的也多！",False
7502,好辣好辣好辣！,False
7503,但就得是辣的才香！,False
7504,我想要甜一點的……,False
7505,哇！好香啊！,False
7506,馬上就烤好了！,False
7507,"我最喜歡
緹姨家的塔可餅啦！",False
7508,"可貝殼亭的塔可餅
也不輸這邊啊！",False
7509,"塔可餅就該配酒啊！
拿酒來！",False
7510,"兩瓶水果酒灌下去
就什麼都忘啦！",False
7511,要好好保養……,False
7512,"不能讓大鼓的
聲音出問題！",False
7513,呸！,False
7514,"乖乖！乖乖！
都是好孩子！",False
7515,啊！呸！,False
7516,"吃多點！
長得壯壯的！",False
7517,"很好！
隨時都能起飛。",False
7518,器材也沒問題了……,False
7519,喔噢噢噢噢！！！,False
7520,哈！！,False
7521,"很好！
就是這樣！",False
7522,真是身手了得。,False
7523,有破綻！就是現在！,False
7524,"使勁！
飯吃哪去了？！",False
7525,吃我一下！,False
7526,身體的重心不要歪！,False
7527,嘿！哈！,False
7528,"全身發力！
你不是只有手臂！",False
7529,嘿呀！,False
7530,"集中注意力！
遇到什麼都別走神！",False
7531,"那我先不說話！
哎呀……",False
7532,之後要跟我練練嗎？,False
7533,"可以啊……
認真比一比吧！",False
7534,稍微休息一下……,False
7535,我最近肩膀不太舒服……,False
7536,用春暖岩敷過沒？,False
7537,要好好長大啊！,False
7538,"等會兒
偷偷吃個冰番茄……",False
7539,嘿嘿，我是大畫家！,False
7540,"好棒！
畫得好像啊！",False
7541,"我那剛來王都的外甥
看見海的時候嚇壞了……",False
7542,海浪是挺嚇人的。,False
7543,唔……,False
7544,"天使的點心
不是在這裡賣的嗎？",False
7545,"這裡的占卜
超級準！",False
7546,"我有點怕！
但我又好期待啊！",False
7547,"你說我以後
會不會幸福？",False
7548,"這個排氣管的功率……
呼呼……好棒……",False
7549,"讓你見識一下
我的機魂！",False
7550,再來點推力……,False
7551,啊……終於到家了……,False
7552,"破玩意！這不是搶錢嗎？！
把錢還我！",False
7553,"愚蠢的人啊！
在我的藝術中戰慄吧！",False
7554,跑一圈你就喜歡了！,False
7555,喝點什麼好呢？,False
7556,"也不知道鬥技場
什麼時候才能開……",False
7557,"登天鬥技場
終於開啦！",False
7558,"出征的事搞定之前
應該都不行吧……",False
7559,"你可別開心過頭
喝多了哦？",False
7560,"爽！
活著就是為了這一杯！",False
7561,"你聽說了嗎？
塔裡出事了……",False
7562,"你是說那種
嗷嗷叫的動物？",False
7563,最近這陣子的工作啊……,False
7564,"哇，
那是夠麻煩的啊……",False
7565,"噫！
我錯了！放過我吧！",False
7566,"把錢還了
就放過你！",False
7567,"敢看不起米拉拉族是吧！
現在呢！還敢不敢了？！",False
7568,"低利息，到帳快，
手快有，手慢無……",False
7569,嘿嘿，聽起來好賺哦……,False
7570,"我……
我沒……醉……",False
7571,"我的雷轉質
總算是暖了……",False
7572,風景真好……,False
7573,"你吃過
四層的那個了嗎？",False
7574,"啊……合成肉排是吧？
還行……吧……",False
7575,"要不要
去其他樓層看看？",False
7576,"去複現自然環境的
區域怎麼樣？",False
7577,"在合約這裡
簽名就行……",False
7578,很好，沒問題了。,False
7579,"客人！久等了！
請往這邊走！",False
7580,需要幫忙嗎？,False
7581,好的。,False
7582,"居住手續
要在樓下辦理。",False
7583,"那，請給我電梯的
使用許可……",False
7584,"就業諮詢……
在這邊嗎？",False
7585,"移居是在
這層辦嗎？",False
7586,去窗口問問吧……,False
7587,那傢伙好慢啊……,False
7588,"抱歉抱歉，
出來晚了……",False
7589,"住在塔裡
見面就不用這麼麻煩了。",False
7590,"唔……
可我住不習慣這邊。",False
7591,你好，你遇到了問題嗎？,False
7592,,False
7593,還沒輪到我嗎？,False
7594,呼……呼……,False
7595,"我想問問
我現在的工作……",False
7596,有沒有我能做的工作……,False
7597,最近情況怎麼樣？,False
7598,"大家都還是
提心吊膽的……",False
7599,"庫努克先生
長得可真漂亮啊……",False
7600,那麼 我們來看看庫存吧！,False
7601,"水果 綠葉菜……
要在 壞掉前 吃掉！",False
7602,"根莖 穀物 香料……
還能 放心 很久！",False
7603,"在這裡喝咖啡
就是舒服！",False
7604,"難得休假，
可得好好休息休息。",False
7605,"我被人騙了……
放過我吧……",False
7606,呼……呼……,False
7607,今天的空氣好清新。,False
7608,"是啊，
風一吹都要睡著了。",False
7609,"對了，你聽說了嗎？
有障壁外的人進來了……",False
7610,什麼？真的嗎？,False
7611,"沒事！
我酒量大！",False
7612,"從這邊，
穿到這邊。",False
7613,"就剩一點了
幹完就休息！",False
7614,嗯嗚！,False
7615,嗯嗚！,False
7616,嗯！嗯嗯……,False
7617,嗯嗯！嗯嗯！,False
7618,嗯嗯嗯！嗚！,False
7619,嗯嗯嗯嗚！,False
7620,嗯嗚嗚！,False
7621,呸！,False
7622,好吃嗎？,False
7623,"乖寶貝！
今天也又軟又毛！",False
7624,喝太多會影響做生意喲。,False
7625,"嗚嗚！
我就是忍不住啊！",False
7626,"喝咖啡
就是放鬆啊！",False
7627,我喜歡咖啡的香氣！,False
7628,之後行情最好的酒是……,False
7629,不是的話我就全喝了。,False
7630,"這個現在可流行了，
來一個吧？",False
7631,能再便宜點嗎？,False
7632,嗯？,False
7633,嗯嗚！,False
7634,嗯嗯！嗯嗚！,False
7635,這個拿到那邊……,False
7636,得好好乾燥。,False
7637,"哇喔！
這可真不錯！",False
7638,香味真不錯。,False
7639,"等一會兒吧。
還要一會兒才能做好。",False
7640,別弄傷了果子……,False
7641,結了好多果啊。,False
7642,豐收啊。,False
7643,吃飽了？,False
7644,"嗯。
這不是還有馬黛茶嘛。",False
7645,長得真好！,False
7646,沒長出奇怪的蟲子吧？,False
7647,"好好！
我先去做準備。",False
7648,"好東西
都在這裡！",False
7649,"這個 那個
都是 好東西……",False
7650,"辦個商人之間的
交流會怎麼樣？",False
7651,"這已經夠便宜啦！
不能再便宜了！",False
7652,柔而不烈，真是好酒……,False
7653,這酒不錯吧？,False
7654,"聽說佩魯佩魯族的人
看上了這東西……",False
7655,就這玩意兒？,False
7656,"便宜 再便宜！
價格 低一點！",False
7657,爽啊……,False
7658,"旅行的疲勞
都消失了……",False
7659,"連面具裡都
光滑滋潤的……",False
7660,"泡完喝一杯，
太舒坦了！",False
7661,看起來味道不錯啊！,False
7662,"這是梅斯卡酒啊。
看起來不錯嘛。",False
7663,是佩魯佩魯族的酒？,False
7664,"在田裡忙完了
來一杯就是好啊！",False
7665,你倒是精神不錯。,False
7666,壁畫怎麼樣了？,False
7667,"放心，
一切正常……",False
7668,累、累死了……,False
7669,這可真是個好東西……,False
7670,"塔裡的工作
還不錯吧？",False
7671,"啊呀？不夠了？
那得去倉庫看看了……",False
7672,"庫存就這些，
對得上嗎？",False
7673,"我做了輕食，
要吃嗎？",False
7674,"我正餓了！
謝謝！讓我嚐嚐！",False
7675,"再聊聊，
我們就進去。",False
7676,"知道、知道，
慢慢來就好。",False
7677,"機器的情況
怎麼樣？",False
7678,"現在看過去，
沒什麼問題。",False
7679,"那就好，
大家可都指望它了。",False
7680,"從這裡
不知道能不能行……",False
7681,"接下來
做什麼好呢？",False
7682,還在煩惱啊……,False
7683,"稀奇啊，你什麼時候
想找我聊聊都行。",False
7684,是放在這邊嗎？,False
7685,這是要拿出去的箱子嗎？,False
7686,"不，不是這個，
你看標籤。",False
7687,"哎？
不是這個啊……",False
7688,"倉庫那邊有目錄，
你去看看吧。",False
7689,"能不能釣到大魚，
要看你夠不夠耐心……",False
7690,在這裡試試吧……,False
7691,我想釣大魚！,False
7692,"唔……
肯定是這個地方不好！",False
7693,我看到魚了！,False
7694,"還好還好！
差點掉下去！",False
7695,這裡也釣不上來……,False
7696,"嘿嘿，在這裡……
肯定能釣大魚！",False
7697,"怎麼沒有魚……
用錯魚餌了？",False
7698,"等會兒
再來試試……",False
7699,情況怎麼樣？,False
7700,嗯……呼……,False
7701,……沒釣到啊。,False
7702,今天運氣不錯吧？,False
7703,"手感！
非常非常！好！",False
7704,不愧是你！,False
7705,我再試一下吧！,False
7706,"那我
先回去看魚乾了。",False
7707,"那麼，那麼，
差不多該收魚了……",False
7708,要好好長大啊！,False
7709,顏色變得真漂亮啊！,False
7710,水質沒問題。,False
7711,水深還好嗎……,False
7712,"看這樣子
蘆葦應該夠了吧？",False
7713,"嗯嗯！
長得很好呀！",False
7714,哪去了？,False
7715,這裡？,False
7716,沒有啊……,False
7717,"你知道維修用的
工具在哪嗎？",False
7718,"什麼？什麼？
等我一下。",False
7719,"是這個吧？
快收好！",False
7720,謝謝！,False
7721,你想和我說什麼？,False
7722,"我倒是想說，
但是……",False
7723,"他……到底是睡著
還是醒著……",False
7724,"我知道了，我知道了，
我之後再來。",False
7725,"差不多
該起來了吧？",False
7726,"唔……
好睏……睡吧……",False
7727,"喂喂！
現在是工作時間！",False
7728,"明白，明白，
馬上就去。",False
7729,"然後，然後，
能抓魚的陷阱就……",False
7730,"很有意思，
但你不用工作嗎？",False
7731,"啊……
忘了！",False
7732,我這就去工作！,False
7733,"真是的，
那我也回去工作了……",False
7734,"糟糕 著急 大麻煩
素材輝石 在哪裡？",False
7735,"管理 素材
別馬虎！ 要認真！",False
7736,"舊箱子 換了
可能在 黃色木箱 裡面！",False
7737,"我去 看看！
謝謝！",False
7738,"找到了！ 輝石箱子！
變 黃色了！",False
7739,"真是的
冒失！",False
7740,"要好好 整理素材
收拾木箱 才行！",False
7741,"我現在 就開始
好好做！",False
7742,"上啊！ 上啊！
莫布 給你加油！",False
7743,就快完成了！,False
7744,"礦石 用得 有點快
要早點 補充！",False
7745,"人類 說流行色是
亮晶晶 光閃閃的 金色！",False
7746,"嘿呀！嗨呀！
莫布也 鍛鍊 肌肉 硬邦邦！",False
7747,"罐子工、看護人都要鍛鍊身體！
身體好了才能解決麻煩！",False
7748,"綠罐子還是
帶點紅好啊！",False
7749,"懂了！ 放心！
交給莫布 沒問題！",False
7750,"讓我看看
能釣上什麼魚！",False
7751,"河邊挺好的，
但暴風雨實在是……",False
7752,"水位越來越高，
嚇人啊……",False
7753,"你說的物資
就是這些嗎？",False
7754,"不對！
是更大的箱子！",False
7755,"糟糕……
我這就回去重新拿！",False
7756,"我兒子
不擅長風魔法……",False
7757,"接下來做什麼生意……
你怎麼看？",False
7758,要掉下去了！！,False
7759,"不高 不高 不會痛
快鬆手 下來吧！",False
7760,"不——
莫布——不要——！",False
7761,"也許是時候
換個新氣墊貨船了？",False
7762,今天的份……,False
7763,安全檢查怎麼樣了？,False
7764,"有帶電的雷轉質嗎……
很好，都沒問題。",False
7765,"原石要送到哪？
怎麼設定來著？",False
7766,"檢查有沒有侵入物，
從一樓開始看。",False
7767,還挺麻煩！,False
7768,"咦？
那我沒設定錯咯？",False
7769,"原石的量沒問題，
然後是收貨地點……",False
7770,"我朋友
去當狩獵者啦。",False
7771,"真好啊，
我就不適合當狩獵者……",False
7772,"要送進永護塔的材料
就是這些嗎？",False
7773,"還有些別的，
聽說舊市街挖出了好東西。",False
7774,"很好很好！
看起來很健康！",False
7775,屬性轉換的比例……設好了。,False
7776,"快點長大，
快點變好吃！",False
7777,"再長大一點，
就該掛防蟲網了。",False
7778,"好，
我去準備。",False
7779,"原來如此……
還要注意濕度……",False
7780,"別忘了防蟲哦？
蟑蟲最麻煩了！",False
7781,沒人跟著吧……,False
7782,有人嗎……,False
7783,很好！趁現在趕快……,False
7784,到這裡就放心了！,False
7785,咦？有什麼在動？,False
7786,……是錯覺嗎？,False
7787,你是她的人嗎？！,False
7788,"地圖上說的
就是這裡吧！",False
7789,"來來！抓上氣球！
去永久屋……",True
7790,"受到戰爭影響，
現在缺人也缺物資……",False
7791,"希望能
早點恢復和平……",False
7792,"我們走！
去見公主大人！",False
7793,"嗯、嗯……
我有點緊張！",False
7794,"她留下的記憶
會成為指引我們的王……",False
7795,"永恆的女王大人……
她正是這個國家新的曦光！",False
7796,"完了，都完了，
已經無處可逃了……",False
7797,"別放棄！
向著城堡的方向跑！",False
7798,"永護塔的魔法障壁
今天也很完美……",False
7799,"我們還有
未來和希望嗎……",False
7800,你聽說斯菲茵大人的事了嗎……,False
7801,"聽說戰前的女王大人的記憶
保留下來了！",False
7802,這裡的裝飾好漂亮！,False
7803,"像這樣偶爾換個地方散步
也挺愜意的嘛！",False
7804,果然來對了！,False
7805,煙花好漂亮……,False
7806,最近的冒險還順利嗎？,False
7807,還不錯，其實之前我還……,False
7808,"聽說這次的新生祭，
希卡爾多幫了不少忙。",False
7809,要不要給他拿點慰問品？,False
7810,"好啊，
相信他一定會很開心的！",False
7811,接下來去哪？,False
7812,"我也不知道，
總之先休息休息吧。",False
7813,在船上也能看到煙花嗎？,False
7814,"能看到，真的好漂亮，
我和同伴們都看入迷了！",False
7815,看煙花的人都露出了微笑呢。,False
7816,那是香蕉嗎？,False
7817,"這菜……
做出來是什麼味道？",False
7818,陪我一會兒。,False
7819,我知道了……,False
7820,這個煙是什麼……,False
7821,"爸爸！快看！
好厲害啊！",False
7822,"哎！小心點！
多危險吶！",False
7823,先去哪裡好呢？,False
7824,唔……決定不下來啊……,False
7825,去吃冰淇淋吧！,False
7826,"要買一盒
美味的餅乾嗎？",False
7827,"一次買三盒
是不是太多了？",False
7828,"要不要再去
試試那個問答？",False
7829,"好！
這次我肯定能全對！",False
7830,真好看啊！,False
7831,"我聽說有人為了打賭，
跳進了河裡……",False
7832,"真的假的，
佩服。",False
7833,"沒想到能再次和你
像這樣在一起。",False
7834,"米卡的周邊
很棒吧！",False
7835,"上次像這樣聚在一起
已經好久了吧？",False
7836,"大家
都太忙了……",False
7837,好懷念啊。,False
7838,風景真好。,False
7839,想一直看下去。,False
7840,"我也推薦
醫療史博物館。",False
7841,那我去看看吧。,False
7842,"水涼涼的，
好舒服呀！",False
7843,"想起我們
剛認識時的事了……",False
7844,"能在這裡
游泳嗎？",False
7845,"來來！都來！
要嚐嚐糖果點心嗎？",False
7846,"我還以為
你們又扔下我了……",False
7847,"抱歉，
我們再也不會離開你了。",False
7848,"沒錯……
以後我們三個人要一直在一起！",False
7849,"然後它就在坡上絆倒了，
骨碌碌滾了下去……",False
7850,選哪個好呢？,False
7851,"請按順序排隊
等待入場！",False
7852,好期待啊！,False
7853,像是在做夢一樣！,False
7854,說得是啊……,False
7855,"媽媽！
我們去吃冰淇淋吧！",False
7856,爸爸！好不好嘛！,False
7857,"我正想事情呢……
你問問爸爸吧？",False
7858,"稍等，我已經有眉目了……
你讓媽媽帶你去吧。",False
7859,"好像可以在這裡
和動物親密接觸哦！",False
7860,"在那裡玩的話，
會摔跤哦！",False
7861,放心吧！我才不會呢！,False
7862,"館內收藏了眾多
稀有植物和標本……",False
7863,緊張起來了！,False
7864,要是能一直這樣就好了……,False
7865,好平靜啊……,False
7866,"咦？！
那傢伙人呢？！",False
7867,"哎呀？
他上哪去了？",False
7868,就這樣！,False
7869,好耶！,False
7870,目標是1000次！,False
7871,"唔、嗚嗚……
我頭好暈……",False
7872,"以前
還有過那樣的城堡啊……",False
7873,"聽說以前
有很多動物……",False
7874,還沒好嗎？,False
7875,哇！好涼！,False
7876,久等了！,False
7877,"先在外面吹吹風，
冷靜一下再重來吧！",False
7878,"很好！
再試一次！",False
7879,差不多該休息了……,False
7880,"草莓吧，
不，還是薄荷巧克力吧……",False
7881,"剛才那場比試，
真精彩啊！",False
7882,"我也
想吃冰淇淋了！",False
7883,"看著就好吃！
去買一個唄？快去快回！",False
7884,"你覺得剛才那場比試，
怎麼樣？",False
7885,"那個明顯是
裁判有問題啊！",False
7886,"有什麼
值得關注的比賽嗎？",False
7887,那肯定是第三輪啊！,False
7888,"要看比賽
還是得在這個位置……",False
7889,我也想上場試試……,False
7890,哞哞！,False
7891,哞——嗚！！,False
7892,哞哞！哞嗚！,False
7893,啊！跳蚤！,False
7894,之後再梳個毛。,False
7895,嗯，真順。,False
7896,"進了一批
罐子工做的手鐲……",False
7897,應該賣得不錯。,False
7898,"把圓扇刺的果子
完全炒透……",False
7899,哇，聽起來好好吃！,False
7900,那混蛋，竟然敢騙我！,False
7901,我要去找自警團抓他！,False
7902,"我還沒回
謝申內青磷泉……",False
7903,每天都是我們……,False
7904,好東西……再來一份……,False
7905,"那裡有像山
一樣多的犎牛！",False
7906,……你說什麼？,False
7907,我聽圖萊尤拉來的商人說……,False
7908,但是佩魯佩魯族的人說……,False
7909,"然後，
我們老闆娘就……",False
7910,"不是吧？
又來？",False
7911,柴火不夠了。,False
7912,沒有蟲吧？……很好！,False
7913,晚飯就吃這個新薯吧……,False
7914,"今年是豐收啊，
太好了！",False
7915,"播種的日子
好像改了。",False
7916,煮的肉不夠啊。,False
7917,明明才打過獵……,False
7918,煙草怎麼沒了。,False
7919,我的也抽完了。,False
7920,"我兒子
想去青磷泉工作。",False
7921,然後你怎麼回答他的？,False
7922,差不多該乾了吧。,False
7923,這曲子真好聽……,False
7924,我一直想聽這個。,False
7925,去湖邊看看吧。,False
7926,想在小船上小歇一下。,False
7927,大的要來了！,False
7928,好舒服的風……,False
7929,快過來！,False
7930,辛苦了。,False
7931,哦吼！,False
7932,你幹嘛搶我的活！,False
7933,"你放那不幹！
我看著火大！",False
7934,上啊！揍他！,False
7935,都差不多得了……,False
7936,別輸給他！,False
7937,該多建些水塔。,False
7938,要雇新人嗎。,False
7939,,False
7940,是個不錯的戰場！,False
7941,"嘿嘿！
我也學到了不少呢！",False
7942,是該這麼加油嗎？,False
7943,比賽！好耶！好棒！,False
7944,"先去溫泉，
你看呢？",False
7945,好好吃！,False
7946,"我們會定期
更換商品……",False
7947,"唉？！
那個已經不賣了？！",False
7948,"然後我
一個不小心……",False
7949,呼！舒服！,False
7950,"我也
來個冰淇淋吧！",False
7951,"不是在鬥技場
吃過一個了嗎？",False
7952,"我想試試
這裡的限定口味。",False
7953,知道了，知道了。,False
7954,嘿嘿！,False
7955,啊，太舒坦了……,False
7956,"米拉拉族的歷史……
原來是這樣的……",False
7957,看招！,False
7958,嘿呀！,False
7959,"打那裡！
上啊！",False
7960,是場不錯的比試！,False
7961,幹掉他！,False
7962,這個……要這樣……,False
7963,"哇！
這種香蕉好好吃啊！",False
7964,"讓我也嚐嚐！
給我一個！",False
7965,"好舒服的……
風……呼嚕……",False
7966,呼嚕嚕……,False
7967,下次去哪打獵？,False
7968,去那邊的天坑吧？,False
7969,"總有一天
我也要成為記星人……",False
7970,"雖然很難，
但你一定能成功的。",False
7971,"獰豹狩獵團
獵到大傢伙了！",False
7972,"不愧是我們的驕傲
獰豹狩獵團！",False
7973,"澤瑞加大人
說了……",False
7974,就算是這樣……,False
7975,"存貨很久之前
就用完啦！",False
7976,不能只靠人送東西來……,False
7977,沒問題吧？,False
7978,嗯，問題不大……,False
7979,"這究竟……
是怎麼回事……",False
7980,堅持住！,False
7981,嗚、嗚……,False
7982,"艷翼蛇鳥
被放出來了？！",False
7983,"太好了。
傷口不深。",False
7984,那個巨大的影子是？,False
7985,我想去城堡裡！,False
7986,我們休息一下就去吧！,False
7987,"坐飛車
能去嗎？",False
7988,我們來賽跑吧！,False
7989,你跑的比以前更快了嗎？,False
7990,"哪有這麼快
就有效果的……",False
7991,"不要！
我才不要輸給你！",False
7992,"真的嗎？
那來比一比吧！",False
7993,我、我才不怕你！,False
7994,我來當裁判吧！,False
7995,那我來發令！,False
7996,準備好了嗎？,False
7997,預備！,False
7998,跑！,False
7999,哇——！,False
8000,我贏了！,False
8001,素晴らしい、正解です！,False
8002,"大丈夫
「ひんと」を出しますから！",False
8003,また在庫がなくなりそうだぞ…！,False
8004,街並を見にいきましょう！,False
8005,けんかしないでぇ～,False
8006,「れすとらん」に行くんだ！,False
8007,"おみくじの結果は…
うぉ～、ドキドキだぜ",False
8008,早く見なさいったら！,False
8009,"お父さん
縁起がいい景品だって！",False
8010,一緒に参加してみるか,False
8011,うーんうーん…,False
8012,むずかしいや！,False
8013,"在人來之前，
一切都要萬無一失。",False
8014,附近是不是有人？,False
8015,……還是跑快點吧。,False
8016,好像……還是有人跟著？,False
8017,是我……想太多了嗎？,False
8018,,False
8019,"到這裡
就沒問題了。",False
8020,"都裝好了，
接下來是回收存貨……",False
8021,"我不知道你找我幹嘛
……但我現在沒空。",False
8022,"這就是守護天節嗎？
……真有意思。",False
8023,可以做節日參考噗。,False
8024,"回去之後
給大家參考噗。",False
8025,"守護天節的首飾
很有趣吧？",False
8026,"是啊，
配上衣服就更好了！",False
8027,"肯定會是篇
好新聞！",False
8028,"還有什麼
值得報導的事嗎？",False
8029,這個人，好可疑……,False
8030,"我也要努力
收集食物！",False
8031,爸爸好帥！,False
8032,"得想一個
新的南瓜食譜……",False
8033,表演要開始啦！,False
8034,錢包丟了……,False
8035,……,False
8036,呼、呼……,False
8037,哥哥贏啦！,False
8038,"好厲害！
竟然真的贏了！",False
8039,你還挺厲害的嘛！,False
8040,"對吧！
我以後還能更快！",False
8041,謝謝你陪我們玩！,False
8042,我男朋友很容易吃醋……,False
8043,"別管那臭男人了！
女生聚會吃什麼醋！",False
8044,"聽好了，你先這樣，
然後再這樣……",False
8045,"好厲害！
原來是這樣！",False
8046,沒事了！深呼吸！,False
8047,"該死！
那些可惡的機器兵……",False
8048,傷口還好嗎？,False
8049,"怎麼回事……
到底怎麼回事啊！",False
8050,"看起來不像是失控了……
那到底是為什麼……",False
8051,你還好嗎？,False
8052,嗯，還可以……,False
8053,"活下來確實是運氣好，
但怎麼會發生這種事！",False
8054,"活著就是
不幸中的萬幸了……",False
8055,"喂喂喂！什麼情況？
我是不是喝多了？",False
8056,"這些機器兵是軍隊那邊的嗎？
那就是說……",False
8057,"軍隊襲擊了我們？！
為什麼？！",False
8058,"保持清醒！
我這就去叫醫生！",False
8059,"救你的人來了！
堅持住！",False
8060,第八層也被機器兵……,False
8061,"騙人的吧……
那整個永護塔都……？",False
8062,"媽媽……？
媽媽！媽媽！",False
8063,"家裡人……
都沒事吧？",False
8064,唔……,False
8065,"你還好吧？
振作一點！",False
8066,"究竟
死了多少人……",False
8067,"必須……
保護市民……",False
8068,"嗚嗚……媽媽……
……爸爸……",False
8069,不要扔下我……,False
8070,發生什麼事了……,False
8071,怎麼會這樣……,False
8072,救命啊！救救我！,False
8073,好痛……,False
8074,唔……,False
8075,"那群混蛋
到底是什麼東西！",False
8076,下一場表演要開始了！,False
8077,他的節奏感完全不一樣！,False
8078,"表演要開始了！
我們去看吧！",False
8079,票賣完了……,False
8080,"好想一直
像這樣在一起……",False
8081,比賽還沒開始吧？,False
8082,我已經迫不及待了！,False
8083,你喜歡哪個鬥士？,False
8084,買哪個好呢……,False
8085,藍的也挺好喝的……,False
8086,唔……,False
8087,決定好了嗎？,False
8088,再等我一下！,False
8089,"還好暴風雨
沒把乙太之光弄壞。",False
8090,"地板破了個洞，
我一腳踩進去了！",False
8091,要些什麼？,False
8092,"魚排塔可餅，
要兩個。",False
8093,明白。,False
8094,塔可餅兩人份！,False
8095,明白！,False
8096,好高好高！,False
8097,嘿嘿！,False
8098,我愛死這個味道了！,False
8099,"呼啊！
活過來了！",False
8100,慢慢吃。,False
8101,"啊嗚啊嗚！
好吃！啊嗚！",False
8102,太好喝了！咕嘟咕嘟……,False
8103,"嗯呼……
嗯呼！",False
8104,嗯嗚，嗯噗！,False
8105,嗯嗯……嗯嗚……,False
8106,嗯嗚！,False
8107,這斧頭越用越順手。,False
8108,都沒問題。,False
8109,幹嘛？,False
8110,別跟著我……,False
8111,好煩啊……,False
8112,走開……,False
8113,"我們來抓鬼吧！
我跑你抓！",False
8114,好啊！我來抓你！,False
8115,"我跑了哦！
準備！",False
8116,開始！,False
8117,我贏啦！,False
8118,哇！沒抓到！,False
8119,"再來一次！
下次我不會輸的！",False
8120,"那我們開始！
準備……！",False
8121,吃我這招！,False
8122,哇！你幹嘛！,False
8123,好舒服啊！,False
8124,濕透了！,False
8125,我也濕透了！,False
8126,"那我們快跑起來！
就能吹乾了！",False
8127,"你等等！
吹得乾才怪吧！",False
8128,你們跑得好快啊！,False
8129,你看，這不是乾了嘛！,False
8130,"哈……哈……
你這人……真是……",False
8131,好咩，下次也拜託啦。,False
8132,咕嚕嚕嚕……,False
8133,"你的訂單
很花時間哦。",False
8134,下單的店是……,False
8135,"抱歉，
花了一點時間……",False
8136,"趁著 東西 來之前
收拾 店鋪！",False
8137,"來了來了 莫布等了好久
莫布的店 在這裡！",False
8138,"沒事的 不要緊
謝謝你 替莫布送來！",False
8139,這裡也能釣到些什麼嗎？,False
8140,"為什麼 怎麼會
想到要 割草？",False
8141,"偷偷地 小心地
造一個 藥草田莫布！",False
8142,咕哎！咕哎！,False
8143,"打雷了……
好嚇人的雷……",False
8144,"這座城市從前是不是
也受到落雷侵擾？",False
8145,"是啊，
不過現在有魔法障壁了。",False
8146,"多虧了魔法障壁，
才能出去回收廢品。",False
8147,"嗚……
明明就差一點了！",False
8148,太可惜了！是的！,False
8149,你這是只差一點嗎？！,False
8150,好！讓我也試試看吧！,False
8151,哇！好多炸彈……,False
8152,你們要小心啊！,False
8153,"這塔樓有些
誇張過頭了吧……",False
8154,"趁現在，
去地圖上標的地方……",False
8155,"哇！亮晶晶的！
看起來好好吃！",False
8156,"嘿嘿！我們來玩啦！
夏天就是要來紅蓮祭玩嘛！",False
8157,咪嗚！,False
8158,哥哥！加油！,False
8159,那傢伙去哪了？,False
8160,"一彈一彈涼冰冰♪
滿眼都是小布丁♪",False
8161,"吃點涼的，
馬上就不熱了！",False
8162,姐姐贏啦！,False
8163,,False
8164,,False
8165,"我來調研，
為開拓活動作參考喵！",False
8166,"我們的小島，
也要變熱鬧！",False
8167,我第一次看到這麼大的蟲！,False
8168,"讓桑克瑞德他們
跑到前頭去了！",False
8169,"阿莉塞他們那邊
不要緊吧？",False
8170,"厲害啊！
這就是選王之人的戰鬥力嗎！",False
8171,"以魔法重現石板上記錄的內容……
真是有趣的戰鬥方式。",False
8172,"面對選王之人，
我的表現還不錯吧？",False
8173,這地方好奇怪……,False
8174,"我們來到了
很深的地方啊。",False
8175,那個顏色，難道說……,False
8176,這裡和外面差異好大……,False
8177,"這是把人類
和其他生物融合在了一起嗎？",False
8178,很好！繼續前進！,False
8179,"我們去看看
穹頂裡面吧！",False
8180,"他的下半身
變成了蛇……",False
8181,控制住這裡了……,False
8182,等著吧，佐拉加！,False
8183,"佐拉加那傢伙……
竟然把人當實驗品……",False
8184,"我們走！
去頂層！",False
8185,"提高警惕吧。
接下來對方應該會有所動作了……",False
8186,"這麼重要的記憶
她都選擇捨棄嗎……",False
8187,"記憶被刪除之後，
她原本的人格肯定也……",False
8188,是場硬仗。,False
8189,贏、贏了嗎？！,False
8190,只有這點實力嗎……,False
8191,確實配得上天災之名。,False
8192,"拉瑪提……
我感受到了你堅定的信念。",False
8193,佐拉加王子確實很強。,False
8194,沒人受傷便再好不過。,False
8195,佐拉加……大哥……,False
8196,終於結束了……,False
8197,"就這麼想
超越自己的父親嗎。",False
8198,結束了……,False
8199,"佐拉加……
你想要的究竟是……",False
8200,他已經沒有備用的靈魂了。,False
8201,"這種戰鬥方式
太亂來了……",False
8202,斯菲茵……,False
8203,那個敵人……難道說……,False
8204,幹得漂亮……,False
8205,呼……呼……,False
8206,這裡就是嗎？,False
8207,你幹什麼？！,False
8208,喵！喵嗚！,False
8209,"喵嗚！
喵！",False
8210,"喵
喵嗚！",False
8211,喵……,False
8212,喵嗚！喵嗚！,False
8213,受傷的人來這邊！,False
8214,支援還沒到嗎？！,False
8215,前面也有機器兵！,False
8216,這裡就交給我們忘斷軍吧！,False
8217,"看這些羊駝！
多健康啊！",False
8218,今天也拜託你們了！,False
8219,"萬一遇到麻煩
方便躲起來。",False
8220,"我在這裡
負責監視。",False
8221,這個看起來還能用……,False
8222,"謔……
這還是個不輕的體力活。",False
8223,還能用一陣呢。,False
8224,"好、好睏……
但我……還能撐……",False
8225,不要沮喪……,False
8226,我還以為我要死了呢……,False
8227,卡赫奇瓦……,False
8228,"正在讀取
設計資料……",False
8229,"我看看
武器的設計資料……",False
8230,"必須儘快生產
支援物資……",False
8231,那麼，接下來要做的是……,False
8232,"用這個裝置
刻上魔法回路。",False
8233,怎麼會襲擊國民呢？！,False
8234,"我只是在做
能力所及的事……",False
8235,得準備好支援用的物資。,False
8236,咦？你想和我玩？,False
8237,"嗚哇？！
不要吐我口水啊……",False
8238,"我是清白的！
放我出去！",False
8239,"我的孩子還在
餓著肚子等我回去呢！",False
8240,"閉嘴！
給我安靜！",False
8241,"你這傢伙別說孩子了，
連老婆都沒有吧！",False
8242,"嘖……！
你怎麼知道的！",False
8243,"有什麼需要嗎？
我可以為你介紹一下？",False
8244,"有米拉拉族用的
飛行器嗎？",False
8245,"要說方便的話
我推薦這款……",False
8246,"你看
這流線形的設計……",False
8247,"我想換個
新的辦公桌……",False
8248,"椅子也應該
一起換了。",False
8249,"美女！
你推薦我買哪個？",False
8250,你說得太對了！,False
8251,"這裡的咖啡
比我自己泡的好喝多了！",False
8252,我真是太幸福了……,False
8253,"你想試試
這一季的新品嗎？",False
8254,"這保溫杯
好方便。",False
8255,"畢竟是在用
雷轉質控溫。",False
8256,最新的新聞……,False
8257,"我送東西的時候
氣墊貨船差點撞到牆……",False
8258,"你這要是撞壞了，
公司肯定要倒閉了。",False
8259,"你也差不多
該出去散散步了？",False
8260,"真是的，
你等會可得請我喝咖啡！",False
8261,"那個，我想問問，
靈魂資源配置的事……",False
8262,好閒啊……,False
8263,"就沒什麼
好玩的東西嗎？",False
8264,"送貨位址，是這裡嗎？
怎麼又是這麼難懂的地址……",False
8265,"你看，那傢伙
是不是遇到麻煩了？",False
8266,"真的耶！
好像迷路了？",False
8267,"那邊的小哥！
對！就是你！",False
8268,怎、怎麼？,False
8269,"拿上你的東西，
跟老子過來！",False
8270,"哎？
不、不了吧！",False
8271,"哈哈哈！
你那是什麼鬼口氣啊！",False
8272,"你這麼說話，
誰聽了不跑啊！",False
8273,"太可怕了……
嚇死我了……",False
8274,怎麼還不來……,False
8275,"我來說明一下
比賽的規則……",False
8276,"冷靜啊冷靜……
要裝作是一場偶遇……",False
8277,約在哪見面來著？,False
8278,"他竟然遲到了？
好少見啊……",False
8279,喲……你好啊，帥哥！,False
8280,"又是你……
這次你又想幹什麼？",False
8281,"你、你很閒吧！
跟我出去繞一圈？",False
8282,抱歉，我已經有約了。,False
8283,"嗚……難道是語氣問題？
下次一定要成功！",False
8284,"抱歉，我來遲了。
有個女生找我……問路……",False
8285,"問路？我都看到了。
你確定她只是想找你問路嗎……",False
8286,"我就直說了吧，
你好好聽著。",False
8287,"你的運勢，
非常有意思。",False
8288,"星軌完美無缺！
你以後肯定會很幸福！",False
8289,"這可真是稀奇了，
很少看見這樣的星軌。",False
8290,"你這個運勢糟透了！
快別做缺德事了……",False
8291,"這這這、有意思……
是什麼意思？",False
8292,"哇！太好了！
這就是好人有好報吧！",False
8293,"真的嗎！
那是什麼樣的運勢？好嗎？",False
8294,"天啊……
怎麼會……",False
8295,"我們還要等一會兒
才能出發……",False
8296,"這麼多訂單
真的沒關係嗎？",False
8297,明天的工作怎麼樣了？,False
8298,毫無頭緒……,False
8299,"在外面喝咖啡
感覺就是不一樣……",False
8300,"鐵不冶煉不成鋼，
人不鍛鍊不健康！",False
8301,他好慢啊……,False
8302,"你總算來了
真是的……",False
8303,對不起！我來晚了！,False
8304,"來看阿卡狄亞的
比賽錄影吧！",False
8305,今天玩什麼？,False
8306,"我最近
沒怎麼看見他……",False
8307,"我們正聊到你呢，
最近怎麼樣？",False
8308,可能是在忙吧……,False
8309,好啊，好久不見！,False
8310,"湊合吧……
工作這東西又做不完。",False
8311,在工作時受傷了？,False
8312,"問題不大！
狩獵者就是很容易受傷的！",False
8313,"要不要買件新衣服，
換換心情？",False
8314,"好啊！
那你要陪我一起去哦！",False
8315,處理工作要圓滑……,False
8316,"掌握人心……
是不可或缺的要素……",False
8317,"活動活動筋骨
舒服多了。",False
8318,再放空一會兒大腦吧……,False
8319,"今天的小魚們
也很漂亮哦！",False
8320,"梳梳毛，梳梳毛，
健健康康的成長！",False
8321,嗯～～♪,False
8322,歡迎，歡迎。,False
8323,"設備巡檢
也是重要的工作！",False
8324,"閉目……冥想……
魔力滾滾來……",False
8325,嗯嗯，嗯～,False
8326,,False
8327,小丑好厲害啊！,False
8328,竟然能把南瓜變成小狗!,False
8329,汪汪！,False
8330,"哇！好漂亮的石頭！
感覺很值錢！",False
8331,"這裡應該是……
往左嗎？",False
8332,轉了一圈了，再看看……,False
8333,那是什麼遺跡？,False
8334,"教教我，教教我，
怎麽才能趕跑野獸？",False
8335,"用你的鼻子噴出強風，
嚇跑牠們。",False
8336,"原來是要嚇跑，
謝謝你！",False
8337,"教教我，教教我，
怎樣才能保護好客人？",False
8338,"同伴保護少不了，
遠離野獸最重要。",False
8339,嗯嚕……嗯嚕嚕……,False
8340,還差什麽呢……,False
8341,毛巾、香油、提燈……,False
8342,嗯，準備好了。,False
8343,好想了解哈努族的文化。,False
8344,"不知道和我們的生活
有哪些不同呢",False
8345,開飯啦，開飯啦～,False
8346,咻咻，咻！,False
8347,嗚嚕嚕嚕……！,False
8348,噢霍卡利！,False
8349,噢霍卡利！,False
8350,噢、噢霍卡利！,False
8351,"歡迎 這裡是
土陶郡",False
8352,好期待見到工匠的手藝。,False
8353,"結束後好像還能
當場買下作品。",False
8354,"哇，是伊塞娜小妹妹！
看到妳和家人一起來真開心。",False
8355,好多禮物啊！,False
8356,"多虧那些藥，
我已經恢復精神了。",False
8357,"當時，
女兒受您照顧了。",False
8358,還有花和玩具呢！,False
8359,"我們邊吃邊逛吧！
把所有攤位都看一遍！",False
8360,"木香四溢的玩具，
要買一個嗎？",False
8361,"這些都是我們園藝師
精心培育的珍品。",False
8362,你們喜歡就好。,False
8363,這個好好喝！,False
8364,這個也好好吃！,False
8365,"那是蓋娃和她的……
孩子！？",False
8366,"希爾菲，
坦率一點也很重要哦。",False
8367,"去買餅乾……
會不會有點幼稚呢……",False
8368,一起吃吧！,False
8369,哇，我要買！,False
8370,熱紅酒免費提供中！,False
8371,要在寒風之中喝一杯嗎？,False
8372,要摸摸陸行鳥嗎？,False
8373,好好喝！,False
8374,是啊！,False
8375,難得過節，不要吵架了……,False
8376,"就算是節日，
你也別太興奮了",False
8377,你這個死腦筋！,False
8378,陸行鳥好像也很喜歡星芒祭！,False
8379,讓我想起了音樂會。,False
8380,咕哎～咕哎～～♪,False
8381,這隻陸行鳥在唱歌呢！,False
8382,"商品……
全是莫古利……？",False
8383,咕哎，咕哎咕哎哎！,False
8384,真是熱鬧啊。,False
8385,你還是老樣子……,False
8386,我腦海中湧現出了新的詩句！,False
8387,雪！雪雪！,False
8388,"這節日辦得真好，
是吧，魯迪！",False
8389,歡迎來到星芒市集！,False
8390,真是值得揮筆大畫……！,False
8391,"齁齁齁！
大家玩得開心就好！",False
8392,"雖然還在興頭上，
但該回家了。",False
8393,"我回來了，爸爸！
太好玩了！",False
8394,"啊，禮物！
我好像忘在房間裡了。",False
8395,"沒問題嗎？
有沒有忘了別的東西？",False
8396,"好玩嗎？
那下次一定再帶你來。",False
8397,"克扎瑪烏卡的傳統菜
還真不賴啊。",False
8398,"接下來想去那邊
嚐嚐那個！",False
8399,這個傘面圓得剛剛好！,False
8400,這傘邊加工得真好……,False
8401,"大家開開心心的，
真不錯。",False
8402,"這木香味真好聞，
能感受到工匠的情感。",False
8403,"那把傘真好看……
我的創作欲也爆發了！",False
8404,"來做一把和我相稱的
美妙絕倫的傘吧唔～嗯！",False
8405,●イースター：00924_01：ラニエット,False
8406,"從沒見過這樣的傘面圖案，
不過很可愛！",False
8407,很適合你，嗯。,False
8408,咕哎咕哎？,False
8409,,False
8410,"用傘來裝飾尋蛋趣啊，
真是有趣的點子。",False
8411,"好想要畫著
小可愛的傘啊！",False
8412,"大家好像做了很多彩蛋的傘
在慶祝節日。",False
8413,"隊長，
我們要不要也去拿一把。",False
8414,"那種傘，
能用鍛鐵技術造出來嗎……",False
8415,"我……占卜師……
庫羅·莫羅……",False
8416,我……愚者……,False
8417,我……隱者……,False
8418,"這裡……朱諾的……
阿杜林開拓……窗口……",False
8419,"冒險……
魔法地圖……",False
8420,"我……朱諾警衛隊……
負責下層……扎烏……",False
8421,"小時候經常……
爺爺……噴泉……",False
8422,"這……見證小偶……
想知……怪物資訊……",False
8423,"霍拉、德姆、美亞：500……
瓦茲：1000……",False
8424,好多花束，好頭疼唔～嗯！,False
8425,嗚……我也想要花束！,False
8426,"不知道嘉恩·艾大人
喜不喜歡薔薇……",False
8427,沒想到還能再次看到這種薔薇……,False
8428,"這……
大庭廣眾之下送花也太……",False
8429,"哎喲，
你害羞了呀～～",False
8430,"一不留神我也放鬆起來了，
不過偶爾這樣也挺愜意的。",False
8431,這是智理院送來的。,False
8432,"原型是綠咬鵑吧，
真好看。",False
8433,"接下來，接下來，
我來做個示範。",False
8434,"美味的，美味的，
蘆葦糰子～",False
8435,精神不錯哦！,False
8436,"肚子餓了？
真拿你沒辦法！",False
8437,噗嗯，噗咿～～♪,False
8438,"我明白了！
我一定要成為一名好導遊！",False
8439,"所以說，所以說，
我得學習風魔法……",False
8440,啊……這就是生活……,False
8441,一閃一閃的！,False
8442,"姐姐快看！
好大一棵星芒樹！",False
8443,準備開始了哦！,False
8444,"請期待
下一場演出♪",False
8445,大家久等了！,False
8446,嘿嘿，我很開心！,False
8447,大家開心嗎！,False
8448,再見～,False
8449,來吧，開始夢幻的一刻……,False
8450,有緣再會！,False
8451,那邊還有陸行鳥呢！,False
8452,下一場要什麽時候啊……,False
8453,終於等到了！,False
8454,馬上就開始了吧。,False
8455,我從出生起就喜歡鳴海了！,False
8456,急死我了，急死我了……,False
8457,好可愛！,False
8458,我都看得入迷了。,False
8459,"喲吼！
看我看我！",False
8460,"我懂我懂！
管家王子最棒了～～！",False
8461,給粉絲們一點獎勵吧！,False
8462,太棒了太棒了！,False
8463,喲吼！,False
8464,好像可以騎海牛。,False
8465,是嗎，好期待上游的風景啊。,False
8466,馬上出發 這邊莫布。,False
8467,啦啦啦～,False
8468,"哦，這就是這顆
星球上的節日嗎。",False
8469,我們做到了！,False
8470,"雖然氣息很微弱，
但牠還活著。",False
8471,"和流傳的說法一樣，
牠的力量足以威震大地……",False
8472,"真是的……
對心臟太不好了！",False
8473,"如此兇猛的野獸
居然會被封印了這麽久。",False
8474,"我在懸崖上面也能
感受到震動！",False
8475,"中吉！
運氣不錯。",False
8476,希望今年是個好年。,False
8477,"快來看快來瞧！
身姿矯健的駿馬！",False
8478,好漂亮的馬……,False
8479,我們一定可以駕馭牠！,False
8480,你別亂來啊！,False
8481,今年是獨角獸年嗎？,False
8482,"是馬年。
需要正確的理解。",False
8483,"和塔布納基亞的海
完全不一樣！",False
8484,"礁石無邊無際，
魚也數都數不清！",False
8485,"我在故鄉釣到過奇喜魚，
不知道這裡有什麽魚。",False
8486,"唔……
那是巨魔族？",False
8487,"不，這裡好像把他們叫做
尤卡巨人族……",False
8488,"就像輝鱗人一樣，
雖然相似但並不是同一個種族。",False
8489,"這裡的莫布林族
住在罐子裡？",False
8490,"看見他們後，
我不禁想起……",False
8491,"在瓦納·迪爾，
他們是住在地下城市的。",False
8492,"收集老虎的牙齒
是要做什麽……？",False
8493,"我也不知道，
但總覺得能賺錢。",False
8494,"歡迎，歡迎。
請悠哉地在此渡過吧。",False
8495,好壯觀！,False
8496,"這幅景色
在荒野可看不見。",False
8497,"哦？
你是從薩卡圖拉爾來的啊。",False
8498,"是的，
我對這裡的生活很感興趣。",False
8499,"水源如此豐富，
對我來說非常稀奇。",False
8500,"為了回應寶貝們的期待，
我們也要……",False
8501,"下一屆的重磅看點
一定是我們「人工生命」！",False
8502,這旋律真有節日的感覺……,False
8503,,False
8504,,False
8505,,False
8506,,False
8507,,False
8508,,False
8509,,False
8510,,False
8511,,False
8512,,False
8513,,False
8514,,False
8515,,False
8516,,False
8517,,False
8518,,False
8519,,False
8520,,False
8521,,False
8522,,False
8523,,False
8524,,False
8525,,False
8526,,False
8527,,False
8528,,False
8529,,False
8530,,False
8531,,False
8532,,False
8533,,False
8534,,False
8535,,False
8536,,False
8537,,False
8538,,False
8539,,False
8540,,False
8541,,False
8542,,False
8543,,False
8544,,False
8545,,False
8546,,False
8547,,False
8548,,False
8549,,False
8550,,False
8551,,False
8552,,False
8553,,False
8554,,False
8555,,False
8556,,False
8557,,False
8558,,False
8559,,False
8560,,False
8561,,False
8562,,False
8563,,False
8564,,False
8565,,False
8566,,False
8567,,False
8568,,False
8569,,False
8570,,False
8571,,False
8572,,False
8573,,False
8574,,False
8575,,False
8576,,False
8577,,False
8578,,False
8579,,False
8580,,False
8581,,False
8582,,False
8583,,False
8584,,False
8585,,False
8586,,False
8587,,False
8588,,False
8589,,False
8590,,False
8591,,False
8592,,False
8593,,False
8594,,False
8595,,False
8596,,False
8597,,False
8598,,False
8599,,False
8600,,False
8601,,False
8602,,False
8603,,False
8604,,False
8605,,False
8606,,False
8607,,False
8608,,False
8609,,False
8610,,False
8611,,False
8612,,False
8613,,False
8614,,False
8615,,False
8616,,False
8617,,False
8618,,False
8619,,False
8620,,False
8621,,False
8622,,False
8623,,False
8624,,False
8625,,False
8626,,False
8627,,False
8628,,False
8629,,False
8630,,False
8631,,False
8632,,False
8633,,False
8634,,False
8635,,False
8636,,False
8637,,False
8638,,False
8639,,False
8640,,False
8641,,False
8642,,False
8643,,False
8644,,False
8645,,False
8646,,False
8647,,False
8648,,False
8649,,False
8650,,False
8651,,False
8652,,False
8653,,False
8654,,False
8655,,False
8656,,False
8657,,False
8658,,False
8659,,False
8660,,False
8661,,False
8662,,False
8663,,False
8664,,False
8665,,False
8666,,False
8667,,False
8668,,False
8669,,False
8670,,False
8671,,False
8672,,False
8673,,False
8674,,False
8675,,False
8676,,False
8677,,False
8678,,False
8679,,False
8680,,False
8681,,False
8682,,False
8683,,False
8684,,False
8685,,False
8686,,False
8687,,False
8688,,False
8689,,False
8690,,False
8691,,False
8692,,False
8693,,False
8694,,False
8695,,False
8696,,False
8697,,False
8698,,False
8699,,False
8700,,False
8701,,False
8702,,False
8703,,False
8704,,False
8705,,False
8706,,False
8707,,False
8708,,False
8709,,False
8710,,False
8711,,False
8712,,False
8713,,False
8714,,False
8715,,False
8716,,False
8717,,False
8718,,False
8719,,False
8720,,False
8721,,False
8722,,False
8723,,False
8724,,False
8725,,False
8726,,False
8727,,False
8728,,False
8729,,False
8730,,False
8731,,False
8732,,False
8733,,False
8734,,False
8735,,False
8736,,False
8737,,False
8738,,False
8739,,False
8740,,False
8741,,False
8742,,False
8743,,False
8744,,False
8745,,False
8746,,False
8747,,False
8748,,False
8749,,False
8750,,False
8751,,False
8752,,False
8753,,False
8754,,False
8755,,False
8756,,False
8757,,False
8758,,False
8759,,False
8760,,False
8761,,False
8762,,False
8763,,False
8764,,False
8765,,False
8766,,False
8767,,False
8768,,False
8769,,False
8770,,False
8771,,False
8772,,False
8773,,False
8774,,False
8775,,False
8776,,False
8777,,False
8778,,False
8779,,False
8780,,False
8781,,False
8782,,False
8783,,False
8784,,False
8785,,False
8786,,False
8787,,False
8788,,False
8789,,False
8790,,False
8791,,False
8792,,False
8793,,False
8794,,False
8795,,False
8796,,False
8797,,False
8798,,False
8799,,False
8800,,False
8801,,False
8802,,False
8803,,False
8804,,False
8805,,False
8806,,False
8807,,False
8808,,False
8809,,False
8810,,False
8811,,False
8812,,False
8813,,False
8814,,False
8815,,False
8816,,False
8817,,False
8818,,False
8819,,False
8820,,False
8821,,False
8822,,False
8823,,False
8824,,False
8825,,False
8826,,False
8827,,False
8828,,False
8829,,False
8830,,False
8831,,False
8832,,False
8833,,False
8834,,False
8835,,False
8836,,False
8837,,False
8838,,False
8839,,False
8840,,False
8841,,False
8842,,False
8843,,False
8844,,False
8845,,False
8846,,False
8847,,False
8848,,False
8849,,False
8850,,False
8851,,False
8852,,False
8853,,False
8854,,False
8855,,False
8856,,False
8857,,False
8858,,False
8859,,False
8860,,False
8861,,False
8862,,False
8863,,False
8864,,False
8865,,False
8866,,False
8867,,False
8868,,False
8869,,False
8870,,False
8871,,False
8872,,False
8873,,False
8874,,False
8875,,False
8876,,False
8877,,False
8878,,False
8879,,False
8880,,False
8881,,False
8882,,False
8883,,False
8884,,False
8885,,False
8886,,False
8887,,False
8888,,False
8889,,False
8890,,False
8891,,False
8892,,False
8893,,False
8894,,False
8895,,False
8896,,False
8897,,False
8898,,False
8899,,False
8900,,False
8901,,False
8902,,False
8903,,False
8904,,False
8905,,False
8906,,False
8907,,False
8908,,False
8909,,False
8910,,False
8911,,False
8912,,False
8913,,False
8914,,False
8915,,False
8916,,False
8917,,False
8918,,False
8919,,False
8920,,False
8921,,False
8922,,False
8923,,False
8924,,False
8925,,False
8926,,False
8927,,False
8928,,False
8929,,False
8930,,False
8931,,False
8932,,False
8933,,False
8934,,False
8935,,False
8936,,False
8937,,False
8938,,False
8939,,False
8940,,False
8941,,False
8942,,False
8943,,False
8944,,False
8945,,False
8946,,False
8947,,False
8948,,False
8949,,False
8950,,False
8951,,False
8952,,False
8953,,False
8954,,False
8955,,False
8956,,False
8957,,False
8958,,False
8959,,False
8960,,False
8961,,False
8962,,False
8963,,False
8964,,False
8965,,False
8966,,False
8967,,False
8968,,False
8969,,False
8970,,False
8971,,False
8972,,False
8973,,False
8974,,False
8975,,False
8976,,False
8977,,False
8978,,False
8979,,False
8980,,False
8981,,False
8982,,False
8983,,False
8984,,False
8985,,False
8986,,False
8987,,False
8988,,False
8989,,False
8990,,False
8991,,False
8992,,False
8993,,False
8994,,False
8995,,False
8996,,False
8997,,False
8998,,False
8999,,False
9000,,False
9001,,False
9002,,False
9003,,False
9004,,False
9005,,False
9006,,False
9007,,False
9008,,False
9009,,False
9010,,False
9011,,False
9012,,False
9013,,False
9014,,False
9015,,False
9016,,False
9017,,False
9018,,False
9019,,False
9020,,False
9021,,False
9022,,False
9023,,False
9024,,False
9025,,False
9026,,False
9027,,False
9028,,False
9029,,False
9030,,False
9031,,False
9032,,False
9033,,False
9034,,False
9035,,False
9036,,False
9037,,False
9038,,False
9039,,False
9040,,False
9041,,False
9042,,False
9043,,False
9044,,False
9045,,False
9046,,False
9047,,False
9048,,False
9049,,False
9050,,False
9051,,False
9052,,False
9053,,False
9054,,False
9055,,False
9056,,False
9057,,False
9058,,False
9059,,False
9060,,False
9061,,False
9062,,False
9067,,False
