#,Name,NameShort,LevelingRoulette,HighLevelRoulette,MSQRoulette,GuildHestRoulette,ExpertRoulette,TrialRoulette,DailyFrontlineChallenge,LevelCapRoulette,MentorRoulette,Unknown0,Unknown1,Unknown2,Unknown3,Unknown4,AllianceRoulette,FeastTeamRoulette,NormalRaidRoulette,Unknown5,Unknown6,Unknown7,Unknown8,Unknown9,Unknown10,Unknown11,Unknown12,Unknown13,Unknown14,Unknown15,Unknown16,Unknown17,Unknown18,Unknown19,Unknown20,Unknown21,Unknown22,Unknown23,Unknown24,Unknown25,Unknown26,Unknown27,Unknown28,ShortCode,Unknown29,Unknown30,UnlockQuest,Unknown31,Unknown_70_1,Transient,Image,Icon,Unknown32,TerritoryType,Content,ItemLevelRequired,ItemLevelSync,SortKey,ContentLinkType,Unknown33,AcceptClassJobCategory,ContentMemberType,Unknown34,Unknown35,Unknown36,Unknown37,ClassJobLevelRequired,ClassJobLevelSync,Unknown38,Unknown39,ContentType,ContentUICategory,Unknown40,Unknown41,PvP,Unknown_70_2,Unknown42,AllowUndersized,Unknown43,Unknown57,AllowReplacement,Unknown44,AllowExplorerMode,Unknown45,Unknown46,Unknown47,Unknown48,HighEndDuty,Unknown49,Unknown50,Unknown51,DutyRecorderAllowed,Unknown52,Unknown53,Unknown54,Unknown55,Unknown56,Unknown58
0,,,False,False,False,False,False,False,False,False,False,False,False,False,False,False,False,False,False,False,False,False,False,False,False,False,False,False,False,False,False,False,False,False,False,False,False,False,False,False,False,False,False,,0,0,0,0,0,0,0,0,0,0,0,0,0,0,0,0,108,0,0,0,0,0,0,0,0,0,0,0,0,-1,False,False,False,False,False,False,True,True,False,False,False,False,False,False,False,False,False,False,True,False,False,False,True,True
1,監獄廢墟托托·拉克千獄,,True,False,False,False,False,False,False,False,True,False,False,False,False,False,False,False,False,False,False,False,False,False,False,False,False,False,False,False,False,False,False,False,False,False,False,False,False,False,False,False,False,f1r1_re,0,0,0,0,280,1,112005,0,0,1039,1,0,0,5,1,0,108,2,0,0,0,0,24,27,1,0,2,6,0,-1,False,False,False,True,True,False,True,True,True,False,False,True,True,False,True,False,False,False,True,False,False,False,True,True
2,地下靈殿塔姆·塔拉墓園,,True,False,False,False,False,False,False,False,True,False,False,False,False,False,False,False,False,False,False,False,False,False,False,False,False,False,False,False,False,False,False,False,False,False,False,False,False,False,False,False,False,f1d1_re,0,0,0,0,280,2,112002,0,0,1037,2,0,0,2,1,0,108,2,0,0,0,0,16,19,1,0,2,6,0,-1,False,False,False,True,True,False,True,True,True,False,False,True,True,False,True,False,False,False,True,False,False,False,True,True
3,封鎖坑道銅鈴銅山,,True,False,False,False,False,False,False,False,True,False,False,False,False,False,False,False,False,False,False,False,False,False,False,False,False,False,False,False,False,False,False,False,False,False,False,False,False,False,False,False,False,w1d1_re,0,0,0,0,280,3,112003,0,0,1038,3,0,0,3,1,0,108,2,0,0,0,0,17,20,1,0,2,6,0,-1,False,False,False,True,True,False,True,True,True,False,False,True,True,False,True,False,False,False,True,False,False,False,True,True
4,天然要害沙斯塔夏溶洞,,True,False,False,False,False,False,False,False,True,False,False,False,False,False,False,False,False,False,False,False,False,False,False,False,False,False,False,False,False,False,False,False,False,False,False,False,False,False,False,False,False,s1d1_re,0,0,0,0,280,4,112001,0,0,1036,4,0,0,1,1,0,108,2,0,0,0,0,15,18,1,0,2,6,0,-1,False,False,False,True,True,False,True,True,True,False,False,True,True,False,True,False,False,False,True,False,False,False,True,True
5,毒霧洞窟黃金谷,,True,False,False,False,False,False,False,False,True,False,False,False,False,False,False,False,False,False,False,False,False,False,False,False,False,False,False,False,False,False,False,False,False,False,False,False,False,False,False,False,False,r1r2,0,0,0,0,280,5,112014,0,0,172,5,0,0,12,1,0,108,2,0,0,0,0,47,49,1,0,2,6,0,-1,False,False,False,True,True,False,True,True,True,False,False,True,True,False,True,False,False,False,True,False,False,False,True,True
6,名門府邸靜語莊園,,True,False,False,False,False,False,False,False,True,False,False,False,False,False,False,False,False,False,False,False,False,False,False,False,False,False,False,False,False,False,False,False,False,False,False,False,False,False,False,False,False,f1d2_re,0,0,0,0,280,6,112006,0,0,1040,6,0,0,6,1,0,108,2,0,0,0,0,28,31,1,0,2,6,0,-1,False,False,False,True,True,False,True,True,True,False,False,True,True,False,True,False,False,False,True,False,False,False,True,True
7,魔獸領域日影地修練所,,True,False,False,False,False,False,False,False,True,False,False,False,False,False,False,False,False,False,False,False,False,False,False,False,False,False,False,False,False,False,False,False,False,False,False,False,False,False,False,False,False,w1d2_re,0,0,0,0,280,7,112004,0,0,1245,7,0,0,4,1,0,108,2,0,0,0,0,20,23,1,0,2,6,0,-1,False,False,False,True,True,False,True,True,True,False,False,True,True,False,True,False,False,False,True,False,False,False,True,True
8,休養勝地布雷福洛克斯野營地,,True,False,False,False,False,False,False,False,True,False,False,False,False,False,False,False,False,False,False,False,False,False,False,False,False,False,False,False,False,False,False,False,False,False,False,False,False,False,False,False,False,s1d2_re,0,0,0,0,280,8,112007,0,0,1041,8,0,0,7,1,0,108,2,0,0,0,0,32,34,1,0,2,6,0,-1,False,False,False,True,True,False,True,True,True,False,False,True,True,False,True,False,False,False,True,False,False,False,True,True
9,古代遺跡喀恩埋沒聖堂,,True,False,False,False,False,False,False,False,True,False,False,False,False,False,False,False,False,False,False,False,False,False,False,False,False,False,False,False,False,False,False,False,False,False,False,False,False,False,False,False,False,w1d3_re,0,0,0,0,280,9,112009,0,0,1267,9,0,0,8,1,0,108,2,0,0,0,0,35,37,1,0,2,6,0,-1,False,False,False,True,True,False,True,True,True,False,False,True,True,False,True,False,False,False,True,False,False,False,True,True
10,神靈聖域放浪神古神殿,,False,True,False,False,False,False,False,False,True,False,False,False,False,False,False,False,False,False,False,False,False,False,False,False,False,False,False,False,False,False,False,False,False,False,False,False,False,False,False,False,False,s1d3,0,0,0,0,280,10,112010,0,0,159,10,45,110,13,1,0,108,2,0,0,0,0,50,50,1,0,2,6,0,-1,False,False,False,True,True,False,True,True,True,False,False,True,True,False,True,False,False,False,True,False,False,False,True,True
11,對龍城塞石衛塔,,True,False,False,False,False,False,False,False,True,False,False,False,False,False,False,False,False,False,False,False,False,False,False,False,False,False,False,False,False,False,False,False,False,False,False,False,False,False,False,False,False,r1d1_re,0,0,0,0,280,11,112012,0,0,1042,11,0,0,10,1,0,108,2,0,0,0,0,41,43,1,0,2,6,0,-1,False,False,False,True,True,False,True,True,True,False,False,True,True,False,True,False,False,False,True,False,False,False,True,True
12,流沙迷宮樵鳴洞,,True,False,False,False,False,False,False,False,True,False,False,False,False,False,False,False,False,False,False,False,False,False,False,False,False,False,False,False,False,False,False,False,False,False,False,False,False,False,False,False,False,w1r1,0,0,0,0,280,12,112011,0,0,170,12,0,0,9,1,0,108,2,0,0,0,0,38,40,1,0,2,6,0,-1,False,False,False,True,True,False,True,True,True,False,False,True,True,False,True,False,False,False,True,False,False,False,True,True
13,山中戰線澤梅爾要塞,,True,False,False,False,False,False,False,False,True,False,False,False,False,False,False,False,False,False,False,False,False,False,False,False,False,False,False,False,False,False,False,False,False,False,False,False,False,False,False,False,False,r1r1,0,0,0,0,280,13,112013,0,0,171,13,0,0,11,1,0,108,2,0,0,0,0,44,46,1,0,2,6,0,-1,False,False,False,True,True,False,True,True,True,False,False,True,True,False,True,False,False,False,True,False,False,False,True,True
14,邪教駐地無限城古堡,,False,True,False,False,False,False,False,False,True,False,False,False,False,False,False,False,False,False,False,False,False,False,False,False,False,False,False,False,False,False,False,False,False,False,False,False,False,False,False,False,False,f1d3,0,0,0,0,280,14,112015,0,0,167,14,45,110,16,1,0,108,2,0,0,0,0,50,50,1,0,2,6,0,-1,False,False,False,True,True,False,True,True,True,False,False,True,True,False,True,False,False,False,True,False,False,False,True,True
15,神兵要塞帝國南方堡,,False,False,True,False,False,False,False,False,True,False,False,False,False,False,False,False,False,False,False,False,False,False,False,False,False,False,False,False,False,False,False,False,False,False,False,False,False,False,False,False,False,w1d4_re,0,0,0,0,280,15,112016,0,0,1043,15,42,60,14,1,0,108,2,0,0,0,0,50,50,0,0,2,6,0,-1,False,False,False,True,True,False,True,True,True,False,False,True,True,False,True,False,False,False,True,False,False,False,True,True
16,最終決戰天幕魔導城,,False,False,True,False,False,False,False,False,True,False,False,False,False,False,False,False,False,False,False,False,False,False,False,False,False,False,False,False,False,False,False,False,False,False,False,False,False,False,False,False,False,w1d5_re,0,0,0,0,280,16,112017,0,0,1044,86,42,60,15,1,0,108,2,0,0,0,0,50,50,0,0,2,6,0,-1,False,False,False,True,True,False,True,True,True,False,False,True,True,False,True,False,False,False,True,False,False,False,True,True
17,領航明燈天狼星燈塔,,False,True,False,False,False,False,False,False,True,False,False,False,False,False,False,False,False,False,False,False,False,False,False,False,False,False,False,False,False,False,False,False,False,False,False,False,False,False,False,False,False,s1d4,0,0,0,0,280,17,112027,0,0,160,17,48,110,17,1,0,108,2,0,0,0,0,50,50,1,0,2,6,0,-1,False,False,False,True,True,False,True,True,True,False,False,True,True,False,True,False,False,False,True,False,False,False,True,True
18,騷亂坑道銅鈴銅山,,False,True,False,False,False,False,False,False,True,False,False,False,False,False,False,False,False,False,False,False,False,False,False,False,False,False,False,False,False,False,False,False,False,False,False,False,False,False,False,False,False,w1d6,0,0,0,0,280,18,112025,0,0,349,18,48,110,18,1,0,108,2,0,0,0,0,50,50,1,0,2,6,0,-1,False,False,False,True,True,False,True,True,True,False,False,True,True,False,True,False,False,False,True,False,False,False,True,True
19,惡靈府邸靜語莊園,,False,True,False,False,False,False,False,False,True,False,False,False,False,False,False,False,False,False,False,False,False,False,False,False,False,False,False,False,False,False,False,False,False,False,False,False,False,False,False,False,False,f1d4,0,0,0,0,280,19,112026,0,0,350,19,48,110,19,1,0,108,2,0,0,0,0,50,50,1,0,2,6,0,-1,False,False,False,True,True,False,True,True,True,False,False,True,True,False,True,False,False,False,True,False,False,False,True,True
20,紛爭要地布雷福洛克斯野營地,,False,True,False,False,False,False,False,False,True,False,False,False,False,False,False,False,False,False,False,False,False,False,False,False,False,False,False,False,False,False,False,False,False,False,False,False,False,False,False,False,False,s1d6,0,0,0,0,280,20,112048,0,0,362,20,55,110,22,1,0,108,2,0,0,0,0,50,50,1,0,2,6,0,-1,False,False,False,True,True,False,True,True,True,False,False,True,True,False,True,False,False,False,True,False,False,False,True,True
21,劍鬥領域日影地修練所,,False,True,False,False,False,False,False,False,True,False,False,False,False,False,False,False,False,False,False,False,False,False,False,False,False,False,False,False,False,False,False,False,False,False,False,False,False,False,False,False,False,w1d7,0,0,0,0,280,21,112049,0,0,360,21,55,110,21,1,0,108,2,0,0,0,0,50,50,1,0,2,6,0,-1,False,False,False,True,True,False,True,True,True,False,False,True,True,False,True,False,False,False,True,False,False,False,True,True
22,腐壞遺跡無限城市街古跡,,False,True,False,False,False,False,False,False,True,False,False,False,False,False,False,False,False,False,False,False,False,False,False,False,False,False,False,False,False,False,False,False,False,False,False,False,False,False,False,False,False,f1d5,0,0,0,0,280,22,112042,0,0,363,22,55,110,20,1,0,108,2,0,0,0,0,50,50,1,0,2,6,0,-1,False,False,False,True,True,False,True,True,True,False,False,True,True,False,True,False,False,False,True,False,False,False,True,True
23,財寶傳說破艦島,,False,True,False,False,False,False,False,False,True,False,False,False,False,False,False,False,False,False,False,False,False,False,False,False,False,False,False,False,False,False,False,False,False,False,False,False,False,False,False,False,False,s1d5,0,0,0,0,280,23,112058,0,0,361,23,70,110,23,1,0,108,2,0,0,0,0,50,50,1,0,2,6,0,-1,False,False,False,True,True,False,True,True,True,False,False,True,True,False,True,False,False,False,True,False,False,False,True,True
24,慘劇靈殿塔姆·塔拉墓園,,False,True,False,False,False,False,False,False,True,False,False,False,False,False,False,False,False,False,False,False,False,False,False,False,False,False,False,False,False,False,False,False,False,False,False,False,False,False,False,False,False,f1d6,0,0,0,0,280,24,112059,0,0,373,24,70,110,24,1,0,108,2,0,0,0,0,50,50,1,0,2,6,0,-1,False,False,False,True,True,False,True,True,True,False,False,True,True,False,True,False,False,False,True,False,False,False,True,True
25,激戰城塞石衛塔,,False,True,False,False,False,False,False,False,True,False,False,False,False,False,False,False,False,False,False,False,False,False,False,False,False,False,False,False,False,False,False,False,False,False,False,False,False,False,False,False,False,r1d2,0,0,0,0,280,25,112060,0,0,365,25,70,110,25,1,0,108,2,0,0,0,0,50,50,1,0,2,6,0,-1,False,False,False,True,True,False,True,True,True,False,False,True,True,False,True,False,False,False,True,False,False,False,True,True
26,甦醒遺跡喀恩埋沒聖堂,,False,True,False,False,False,False,False,False,True,False,False,False,False,False,False,False,False,False,False,False,False,False,False,False,False,False,False,False,False,False,False,False,False,False,False,False,False,False,False,False,False,w1d8,0,0,0,0,280,26,112068,0,0,367,26,80,0,28,1,0,108,2,0,0,0,0,50,50,1,0,2,6,0,-1,False,False,False,True,True,False,True,True,True,False,False,True,True,False,True,False,False,False,True,False,False,False,True,True
27,凜冽洞天披雪大冰壁,,False,True,False,False,False,False,False,False,True,False,False,False,False,False,False,False,False,False,False,False,False,False,False,False,False,False,False,False,False,False,False,False,False,False,False,False,False,False,False,False,False,r1d3_re,0,0,0,0,280,27,112066,0,0,1062,27,80,0,26,1,0,108,2,0,0,0,0,50,50,1,0,2,6,0,-1,False,False,False,True,True,False,True,True,True,False,False,True,True,False,True,False,False,False,True,False,False,False,True,True
28,逆轉要害沙斯塔夏溶洞,,False,True,False,False,False,False,False,False,True,False,False,False,False,False,False,False,False,False,False,False,False,False,False,False,False,False,False,False,False,False,False,False,False,False,False,False,False,False,False,False,False,s1d7,0,0,0,0,280,28,112067,0,0,387,28,80,0,27,1,0,108,2,0,0,0,0,50,50,1,0,2,6,0,-1,False,False,False,True,True,False,True,True,True,False,False,True,True,False,True,False,False,False,True,False,False,False,True,True
29,邪念妖地無限城古堡,,False,True,False,False,False,False,False,False,True,False,False,False,False,False,False,False,False,False,False,False,False,False,False,False,False,False,False,False,False,False,False,False,False,False,False,False,False,False,False,False,False,f1d7,0,0,0,0,280,29,112077,0,0,189,29,90,0,31,1,0,108,2,0,0,0,0,50,50,1,0,2,6,0,-1,False,False,False,True,True,False,True,True,True,False,False,True,True,False,True,False,False,False,True,False,False,False,True,True
30,武裝聖域放浪神古神殿,,False,True,False,False,False,False,False,False,True,False,False,False,False,False,False,False,False,False,False,False,False,False,False,False,False,False,False,False,False,False,False,False,False,False,False,False,False,False,False,False,False,s1d8,0,0,0,0,280,30,112078,0,0,188,30,90,0,30,1,0,108,2,0,0,0,0,50,50,1,0,2,6,0,-1,False,False,False,True,True,False,True,True,True,False,False,True,True,False,True,False,False,False,True,False,False,False,True,True
31,學識寶庫迦巴勒幻想圖書館,,True,False,False,False,False,False,False,False,True,False,False,False,False,False,False,False,False,False,False,False,False,False,False,False,False,False,False,False,False,False,False,False,False,False,False,False,False,False,False,False,False,d2d3_re,0,0,0,0,283,31,112091,0,0,1109,31,120,150,44,1,1,108,2,0,0,0,0,59,60,1,0,2,7,0,-1,False,False,False,True,True,False,True,True,True,False,False,True,True,False,True,False,False,False,True,False,False,False,True,True
32,幻龍殘骸密約之塔,,False,True,False,False,False,False,False,False,True,False,False,False,False,False,False,False,False,False,False,False,False,False,False,False,False,False,False,False,False,False,False,False,False,False,False,False,False,False,False,False,False,l1d1_re,0,0,0,0,280,32,112076,0,0,1063,32,90,0,29,1,0,108,2,0,0,0,0,50,50,1,0,2,6,0,-1,False,False,False,True,True,False,True,True,True,False,False,True,True,False,True,False,False,False,True,False,False,False,True,True
33,空中神域不獲島,,False,True,False,False,False,False,False,False,True,False,False,False,False,False,False,False,False,False,False,False,False,False,False,False,False,False,False,False,False,False,False,False,False,False,False,False,False,False,False,False,False,a2d2,0,0,0,0,283,33,112093,0,0,420,33,145,210,46,1,1,108,2,0,0,0,0,60,60,1,0,2,7,0,-1,False,False,False,True,True,False,True,True,True,False,False,True,True,False,True,False,False,False,True,False,False,False,True,True
34,聖教中樞伊修加爾德教皇廳,,True,False,False,False,False,False,False,False,True,False,False,False,False,False,False,False,False,False,False,False,False,False,False,False,False,False,False,False,False,False,False,False,False,False,False,False,False,False,False,False,False,r2d2_re,0,0,0,0,283,34,112090,0,0,1066,34,115,0,43,1,1,108,2,0,0,0,0,57,58,1,0,2,7,0,-1,False,False,False,True,True,False,True,True,True,False,False,True,True,False,True,False,False,False,True,False,False,False,True,True
35,博物戰艦無限回廊,,False,True,False,False,False,False,False,False,True,False,False,False,False,False,False,False,False,False,False,False,False,False,False,False,False,False,False,False,False,False,False,False,False,False,False,False,False,False,False,False,False,a2d3,0,0,0,0,283,35,112094,0,0,430,35,145,210,47,1,1,108,2,0,0,0,0,60,60,1,0,2,7,0,-1,False,False,False,True,True,False,True,True,True,False,False,True,True,False,True,False,False,False,True,False,False,False,True,True
36,冰雪廢堡暮衛塔,,True,False,False,False,False,False,False,False,True,False,False,False,False,False,False,False,False,False,False,False,False,False,False,False,False,False,False,False,False,False,False,False,False,False,False,False,False,False,False,False,False,r2d1,0,0,0,0,283,36,112087,0,0,434,36,100,0,40,1,1,108,2,0,0,0,0,51,52,1,0,2,7,0,-1,False,False,False,True,True,False,True,True,True,False,False,True,True,False,True,False,False,False,True,False,False,False,True,True
37,天山絕頂索姆阿爾靈峰,,True,False,False,False,False,False,False,False,True,False,False,False,False,False,False,False,False,False,False,False,False,False,False,False,False,False,False,False,False,False,False,False,False,False,False,False,False,False,False,False,False,d2d1_re,0,0,0,0,283,37,112088,0,0,1064,37,105,0,41,1,1,108,2,0,0,0,0,53,54,1,0,2,7,0,-1,False,False,False,True,True,False,True,True,True,False,False,True,True,False,True,False,False,False,True,False,False,False,True,True
38,蒼天聖戰 魔科學研究所,,False,True,False,False,False,False,False,False,True,False,False,False,False,False,False,False,False,False,False,False,False,False,False,False,False,False,False,False,False,False,False,False,False,False,False,False,False,False,False,False,False,a2d1_re,0,0,0,0,283,38,112092,0,0,1110,38,142,180,45,1,1,108,2,0,0,0,0,60,60,0,0,2,7,0,-1,False,False,False,True,True,False,True,True,True,False,False,True,True,False,True,False,False,False,True,False,False,False,True,True
39,邪龍王座龍巢神殿,,True,False,False,False,False,False,False,False,True,False,False,False,False,False,False,False,False,False,False,False,False,False,False,False,False,False,False,False,False,False,False,False,False,False,False,False,False,False,False,False,False,d2d2_re,0,0,0,0,283,39,112089,0,0,1065,39,110,0,42,1,1,108,2,0,0,0,0,55,56,1,0,2,7,0,-1,False,False,False,True,True,False,True,True,True,False,False,True,True,False,True,False,False,False,True,False,False,False,True,True
40,地脈靈燈天狼星燈塔,,False,True,False,False,False,False,False,False,True,False,False,False,False,False,False,False,False,False,False,False,False,False,False,False,False,False,False,False,False,False,False,False,False,False,False,False,False,False,False,False,False,s1d9,0,0,0,0,283,40,112117,0,0,510,40,170,240,49,1,1,108,2,0,0,0,0,60,60,1,0,2,7,0,-1,False,False,False,True,True,False,True,True,True,False,False,True,True,False,True,False,False,False,True,False,False,False,True,True
41,草木庭園聖茉夏娜植物園,,False,True,False,False,False,False,False,False,True,False,False,False,False,False,False,False,False,False,False,False,False,False,False,False,False,False,False,False,False,False,False,False,False,False,False,False,False,False,False,False,False,d2d4,0,0,0,0,283,41,112116,0,0,511,41,170,240,48,1,1,108,2,0,0,0,0,60,60,1,0,2,7,0,-1,False,False,False,True,True,False,True,True,True,False,False,True,True,False,True,False,False,False,True,False,False,False,True,True
42,完成集團戰訓練！,,False,False,False,True,False,False,False,False,True,False,False,False,False,False,False,False,False,False,False,False,False,False,False,False,False,False,False,False,False,False,False,False,False,False,False,False,False,False,False,False,False,go001,0,0,0,0,305,1001,111006,0,0,214,10001,0,0,1,1,0,108,2,0,0,0,0,10,11,0,0,3,0,0,-1,False,False,False,False,False,False,True,True,False,False,False,True,True,False,True,False,False,False,True,False,False,False,True,True
43,討伐彷徨死靈！,,False,False,False,True,False,False,False,False,True,False,False,False,False,False,False,False,False,False,False,False,False,False,False,False,False,False,False,False,False,False,False,False,False,False,False,False,False,False,False,False,False,go002,0,0,0,0,305,1002,111001,0,0,190,10002,0,0,2,1,0,108,2,0,0,0,0,10,11,0,0,3,0,0,-1,False,False,False,False,False,False,True,True,False,False,False,True,True,False,True,False,False,False,True,False,False,False,True,True
44,突破所有關門，討伐最深處的敵人！,,False,False,False,True,False,False,False,False,True,False,False,False,False,False,False,False,False,False,False,False,False,False,False,False,False,False,False,False,False,False,False,False,False,False,False,False,False,False,False,False,False,go003,0,0,0,0,305,1003,111007,0,0,215,10003,0,0,3,1,0,108,2,0,0,0,0,15,16,0,0,3,0,0,-1,False,False,False,False,False,False,True,True,False,False,False,True,True,False,True,False,False,False,True,False,False,False,True,True
45,捕獲金幣龜！,,False,False,False,True,False,False,False,False,True,False,False,False,False,False,False,False,False,False,False,False,False,False,False,False,False,False,False,False,False,False,False,False,False,False,False,False,False,False,False,False,False,go004,0,0,0,0,305,1004,111008,0,0,216,10004,0,0,4,1,0,108,2,0,0,0,0,15,16,0,0,3,0,0,-1,False,False,False,False,False,False,True,True,False,False,False,True,True,False,True,False,False,False,True,False,False,False,True,True
46,驅除劇毒妖花！,,False,False,False,True,False,False,False,False,True,False,False,False,False,False,False,False,False,False,False,False,False,False,False,False,False,False,False,False,False,False,False,False,False,False,False,False,False,False,False,False,False,go005,0,0,0,0,305,1005,111002,0,0,191,10005,0,0,5,1,0,108,2,0,0,0,0,20,21,0,0,3,0,0,-1,False,False,False,False,False,False,True,True,False,False,False,True,True,False,True,False,False,False,True,False,False,False,True,True
47,消滅惡徒團夥寄生蜂團！,,False,False,False,True,False,False,False,False,True,False,False,False,False,False,False,False,False,False,False,False,False,False,False,False,False,False,False,False,False,False,False,False,False,False,False,False,False,False,False,False,False,go006,0,0,0,0,305,1006,111003,0,0,192,10006,0,0,6,1,0,108,2,0,0,0,0,20,21,0,0,3,0,0,-1,False,False,False,False,False,False,True,True,False,False,False,True,True,False,True,False,False,False,True,False,False,False,True,True
48,討伐夢幻之布拉奇希奧！,,False,False,False,True,False,False,False,False,True,False,False,False,False,False,False,False,False,False,False,False,False,False,False,False,False,False,False,False,False,False,False,False,False,False,False,False,False,False,False,False,False,go007,0,0,0,0,305,1007,111005,0,0,220,10007,0,0,7,1,0,108,2,0,0,0,0,25,26,0,0,3,0,0,-1,False,False,False,False,False,False,True,True,False,False,False,True,True,False,True,False,False,False,True,False,False,False,True,True
49,擊潰哥布林炸彈軍團！,,False,False,False,True,False,False,False,False,True,False,False,False,False,False,False,False,False,False,False,False,False,False,False,False,False,False,False,False,False,False,False,False,False,False,False,False,False,False,False,False,False,go008,0,0,0,0,305,1008,111004,0,0,219,10008,0,0,8,1,0,108,2,0,0,0,0,25,26,0,0,3,0,0,-1,False,False,False,False,False,False,True,True,False,False,False,True,True,False,True,False,False,False,True,False,False,False,True,True
50,討伐污染源頭毛爾波爾！,,False,False,False,True,False,False,False,False,True,False,False,False,False,False,False,False,False,False,False,False,False,False,False,False,False,False,False,False,False,False,False,False,False,False,False,False,False,False,False,False,False,go009,0,0,0,0,305,1009,111009,0,0,221,10009,0,0,9,1,0,108,2,0,0,0,0,30,31,0,0,3,0,0,-1,False,False,False,False,False,False,True,True,False,False,False,True,True,False,True,False,False,False,True,False,False,False,True,True
51,討伐坑道中出現的妖異！,,False,False,False,True,False,False,False,False,True,False,False,False,False,False,False,False,False,False,False,False,False,False,False,False,False,False,False,False,False,False,False,False,False,False,False,False,False,False,False,False,False,go010,0,0,0,0,305,1010,111010,0,0,222,10010,0,0,10,1,0,108,2,0,0,0,0,30,31,0,0,3,0,0,-1,False,False,False,False,False,False,True,True,False,False,False,True,True,False,True,False,False,False,True,False,False,False,True,True
52,注意無敵的眷屬，討伐大型妖異！,,False,False,False,True,False,False,False,False,True,False,False,False,False,False,False,False,False,False,False,False,False,False,False,False,False,False,False,False,False,False,False,False,False,False,False,False,False,False,False,False,False,go011,0,0,0,0,305,1011,111011,0,0,223,10011,0,0,11,1,0,108,2,0,0,0,0,35,36,0,0,3,0,0,-1,False,False,False,False,False,False,True,True,False,False,False,True,True,False,True,False,False,False,True,False,False,False,True,True
53,討伐炸彈的女王！,,False,False,False,True,False,False,False,False,True,False,False,False,False,False,False,False,False,False,False,False,False,False,False,False,False,False,False,False,False,False,False,False,False,False,False,False,False,False,False,False,False,go012,0,0,0,0,305,1012,111012,0,0,298,10012,0,0,12,1,0,108,2,0,0,0,0,35,36,0,0,3,0,0,-1,False,False,False,False,False,False,True,True,False,False,False,True,True,False,True,False,False,False,True,False,False,False,True,True
54,殲滅特殊陣型的妖異！,,False,False,False,True,False,False,False,False,True,False,False,False,False,False,False,False,False,False,False,False,False,False,False,False,False,False,False,False,False,False,False,False,False,False,False,False,False,False,False,False,False,go013,0,0,0,0,305,1013,111013,0,0,299,10013,0,0,13,1,0,108,2,0,0,0,0,40,41,0,0,3,0,0,-1,False,False,False,False,False,False,True,True,False,False,False,True,True,False,True,False,False,False,True,False,False,False,True,True
55,制止三方混戰的巨人族，守住遺物！,,False,False,False,True,False,False,False,False,True,False,False,False,False,False,False,False,False,False,False,False,False,False,False,False,False,False,False,False,False,False,False,False,False,False,False,False,False,False,False,False,False,go014,0,0,0,0,305,1014,111014,0,0,300,10014,0,0,14,1,0,108,3,0,0,0,0,40,41,0,0,3,0,0,-1,False,False,False,False,False,False,True,True,False,False,False,True,True,False,True,False,False,False,True,False,False,False,True,True
56,伊弗利特討伐戰,,True,False,False,False,False,False,False,False,True,False,False,False,False,False,False,False,False,False,False,False,False,False,False,False,False,False,False,False,False,False,False,False,False,False,False,False,False,False,False,False,False,w1fa_re,0,0,0,0,282,2001,112008,0,0,1045,20001,0,0,1,1,0,108,2,0,0,0,0,20,22,0,0,4,8,0,-1,False,False,False,True,True,False,True,True,False,False,False,True,True,False,True,False,False,False,True,False,False,False,True,True
57,泰坦討伐戰,,True,False,False,False,False,False,False,False,True,False,False,False,False,False,False,False,False,False,False,False,False,False,False,False,False,False,False,False,False,False,False,False,False,False,False,False,False,False,False,False,False,s1fa_re,0,0,0,0,282,2002,112018,0,0,1046,20002,0,0,2,1,0,108,2,0,0,0,0,34,36,0,0,4,8,0,-1,False,False,False,True,True,False,True,True,False,False,False,True,True,False,True,False,False,False,True,False,False,False,True,True
58,迦樓羅討伐戰,,True,False,False,False,False,False,False,False,True,False,False,False,False,False,False,False,False,False,False,False,False,False,False,False,False,False,False,False,False,False,False,False,False,False,False,False,False,False,False,False,False,r1fa_re,0,0,0,0,282,2003,112019,0,0,1047,20003,0,0,3,1,0,108,2,0,0,0,0,44,46,0,0,4,8,0,-1,False,False,False,True,True,False,True,True,False,False,False,True,True,False,True,False,False,False,True,False,False,False,True,True
59,真 伊弗利特殲滅戰,,False,False,False,False,False,True,False,False,True,False,False,False,False,False,False,False,False,False,False,False,False,False,False,False,False,False,False,False,False,False,False,False,False,False,False,False,False,False,False,False,False,w1fa_2,0,0,0,0,282,2004,112021,0,0,292,20004,49,0,12,1,0,108,3,0,0,0,0,50,50,1,0,4,8,0,-1,False,False,False,True,True,False,True,True,False,False,False,True,True,False,True,False,False,False,True,False,False,False,True,True
60,真 泰坦殲滅戰,,False,False,False,False,False,True,False,False,True,False,False,False,False,False,False,False,False,False,False,False,False,False,False,False,False,False,False,False,False,False,False,False,False,False,False,False,False,False,False,False,False,s1fa_2,0,0,0,0,282,2005,112022,0,0,293,20005,57,0,14,1,0,108,3,0,0,0,0,50,50,1,0,4,8,0,-1,False,False,False,True,True,False,True,True,False,False,False,True,True,False,True,False,False,False,True,False,False,False,True,True
61,真 迦樓羅殲滅戰,,False,False,False,False,False,True,False,False,True,False,False,False,False,False,False,False,False,False,False,False,False,False,False,False,False,False,False,False,False,False,False,False,False,False,False,False,False,False,False,False,False,r1fa_2,0,0,0,0,282,2006,112023,0,0,294,20006,52,0,13,1,0,108,3,0,0,0,0,50,50,1,0,4,8,0,-1,False,False,False,True,True,False,True,True,False,False,False,True,True,False,True,False,False,False,True,False,False,False,True,True
62,,,False,False,False,False,False,False,False,False,False,False,False,False,False,False,False,False,False,False,False,False,False,False,False,False,False,False,False,False,False,False,False,False,False,False,False,False,False,False,False,False,False,,0,0,0,0,0,0,0,0,0,0,0,0,0,0,0,0,0,0,0,0,0,0,0,0,0,0,0,0,0,0,False,False,False,False,False,False,False,False,False,False,False,False,False,False,False,False,False,False,False,False,False,False,False,False
63,極 伊弗利特殲滅戰,,False,False,False,False,False,False,False,False,True,False,False,False,False,False,False,False,False,False,False,False,False,False,False,False,False,False,False,False,False,False,False,False,False,False,False,False,False,False,False,False,False,w1fa_3,0,0,0,0,282,2008,112028,0,0,295,20008,70,0,103,1,0,108,3,0,0,0,0,50,50,1,0,4,19,0,-1,False,False,False,True,True,False,True,True,False,False,False,True,True,False,True,False,False,False,True,False,False,False,True,True
64,極 泰坦殲滅戰,,False,False,False,False,False,False,False,False,True,False,False,False,False,False,False,False,False,False,False,False,False,False,False,False,False,False,False,False,False,False,False,False,False,False,False,False,False,False,False,False,False,s1fa_3,0,0,0,0,282,2009,112029,0,0,296,20009,67,0,102,1,0,108,3,0,0,0,0,50,50,1,0,4,19,0,-1,False,False,False,True,True,False,True,True,False,False,False,True,True,False,True,False,False,False,True,False,False,False,True,True
65,極 迦樓羅殲滅戰,,False,False,False,False,False,False,False,False,True,False,False,False,False,False,False,False,False,False,False,False,False,False,False,False,False,False,False,False,False,False,False,False,False,False,False,False,False,False,False,False,False,r1fa_3,0,0,0,0,282,2010,112030,0,0,297,20010,65,0,101,1,0,108,3,0,0,0,0,50,50,1,0,4,19,0,-1,False,False,False,True,True,False,True,True,False,False,False,True,True,False,True,False,False,False,True,False,False,False,True,True
66,善王莫古爾·莫古XII世殲滅戰,,False,False,False,False,False,True,False,False,True,False,False,False,False,False,False,False,False,False,False,False,False,False,False,False,False,False,False,False,False,False,False,False,False,False,False,False,False,False,False,False,False,f1fa_re,0,0,0,0,282,2011,112031,0,0,1067,20011,54,0,15,1,0,108,3,0,0,0,0,50,50,1,0,4,8,0,-1,False,False,False,True,True,False,True,True,False,False,False,True,True,False,True,False,False,False,True,False,False,False,True,True
67,極王莫古爾·莫古XII世殲滅戰,,False,False,False,False,False,False,False,False,True,False,False,False,False,False,False,False,False,False,False,False,False,False,False,False,False,False,False,False,False,False,False,False,False,False,False,False,False,False,False,False,False,f1fa_2,0,0,0,0,282,2012,112050,0,0,364,20012,80,0,104,1,0,108,3,0,0,0,0,50,50,1,0,4,19,0,-1,False,False,False,True,True,False,True,True,False,False,False,True,True,False,True,False,False,False,True,False,False,False,True,True
68,究極幻想 究極武器破壞作戰,,False,False,False,False,False,False,False,False,True,False,False,False,False,False,False,False,False,False,False,False,False,False,False,False,False,False,False,False,False,False,False,False,False,False,False,False,False,False,False,False,False,w1fb,0,0,0,0,282,2013,112032,0,0,348,20013,61,0,100,1,0,108,3,0,0,0,0,50,50,1,0,4,19,0,-1,False,False,False,True,True,False,True,True,False,False,False,True,True,False,True,False,False,False,True,False,False,False,True,True
69,阿修羅殲滅戰,,False,False,False,False,False,False,False,False,False,False,False,False,False,False,False,False,False,False,False,False,False,False,False,False,False,False,False,False,False,False,False,False,False,False,False,False,False,False,False,False,False,z1z4,0,0,0,0,298,2091,112536,0,0,509,20014,0,0,9999,1,4,108,3,0,0,0,0,90,90,0,0,4,38,0,-1,False,False,False,False,False,False,True,True,False,False,False,True,True,False,True,False,False,False,True,False,False,False,True,True
70,活動挑戰2,,False,False,False,False,False,False,False,False,False,False,False,False,False,False,False,False,False,False,False,False,False,False,False,False,False,False,False,False,False,False,False,False,False,False,False,False,False,False,False,False,False,z1z1,0,0,0,0,289,0,112320,0,0,353,20015,0,0,9997,1,2,108,3,0,0,0,0,70,70,0,0,4,0,0,-1,False,False,False,True,True,False,False,False,False,False,False,True,True,False,True,False,False,False,True,False,False,False,True,True
71,活動挑戰3,,False,False,False,False,False,False,False,False,False,False,False,False,False,False,False,False,False,False,False,False,False,False,False,False,False,False,False,False,False,False,False,False,False,False,False,False,False,False,False,False,False,z1z2,0,0,0,0,285,0,112358,0,0,354,20016,0,0,9998,1,3,108,3,0,0,0,0,73,74,0,0,4,0,0,-1,False,False,False,True,True,False,True,False,False,False,False,True,True,False,True,False,False,False,True,False,False,False,True,True
72,真 利維坦殲滅戰,,False,False,False,False,False,True,False,False,True,False,False,False,False,False,False,False,False,False,False,False,False,False,False,False,False,False,False,False,False,False,False,False,False,False,False,False,False,False,False,False,False,o1fa,0,0,0,0,282,2014,112051,0,0,281,20017,60,0,16,1,0,108,3,0,0,0,0,50,50,0,0,4,8,0,-1,False,False,False,True,True,False,True,True,False,False,False,True,True,False,True,False,False,False,True,False,False,False,True,True
73,極 利維坦殲滅戰,,False,False,False,False,False,False,False,False,True,False,False,False,False,False,False,False,False,False,False,False,False,False,False,False,False,False,False,False,False,False,False,False,False,False,False,False,False,False,False,False,False,o1fa_2,0,0,0,0,282,2015,112052,0,0,359,20018,80,0,105,1,0,108,3,0,0,0,0,50,50,1,0,4,19,0,-1,False,False,False,True,True,False,True,True,False,False,False,True,True,False,True,False,False,False,True,False,False,False,True,True
74,死化奇美拉討伐戰,,False,False,False,False,False,True,False,False,True,False,False,False,False,False,False,False,False,False,False,False,False,False,False,False,False,False,False,False,False,False,False,False,False,False,False,False,False,False,False,False,False,r1f1_battle,0,0,0,0,282,2016,112053,0,0,368,20019,52,0,7,1,0,108,3,0,0,0,0,50,50,0,0,4,8,0,-1,False,False,False,True,True,False,True,True,False,False,False,True,True,False,True,False,False,False,True,False,False,False,True,True
75,海德拉討伐戰,,False,False,False,False,False,True,False,False,True,False,False,False,False,False,False,False,False,False,False,False,False,False,False,False,False,False,False,False,False,False,False,False,False,False,False,False,False,False,False,False,False,w1d2_battle,0,0,0,0,282,2017,112055,0,0,369,20020,52,0,8,1,0,108,3,0,0,0,0,50,50,0,0,4,8,0,-1,False,False,False,True,True,False,True,True,False,False,False,True,True,False,True,False,False,False,True,False,False,False,True,True
76,吉爾伽美什殲滅戰,,False,False,False,False,False,True,False,False,True,False,False,False,False,False,False,False,False,False,False,False,False,False,False,False,False,False,False,False,False,False,False,False,False,False,False,False,False,False,False,False,False,r1fb,0,0,0,0,282,2018,112054,0,0,366,20021,50,0,9,1,0,108,3,0,0,0,0,50,50,0,0,4,8,0,-1,False,False,False,True,True,False,True,True,False,False,False,True,True,False,True,False,False,False,True,False,False,False,True,True
77,真 拉姆殲滅戰,,False,False,False,False,False,True,False,False,True,False,False,False,False,False,False,False,False,False,False,False,False,False,False,False,False,False,False,False,False,False,False,False,False,False,False,False,False,False,False,False,False,f1fb,0,0,0,0,282,2019,112062,0,0,374,20022,65,0,17,1,0,108,3,0,0,0,0,50,50,0,0,4,8,0,-1,False,False,False,True,True,False,True,True,False,False,False,True,True,False,True,False,False,False,True,False,False,False,True,True
78,極 拉姆殲滅戰,,False,False,False,False,False,False,False,False,True,False,False,False,False,False,False,False,False,False,False,False,False,False,False,False,False,False,False,False,False,False,False,False,False,False,False,False,False,False,False,False,False,f1fb_2,0,0,0,0,282,2020,112063,0,0,375,20023,85,0,106,1,0,108,3,0,0,0,0,50,50,1,0,4,19,0,-1,False,False,False,True,True,False,True,True,False,False,False,True,True,False,True,False,False,False,True,False,False,False,True,True
79,真 濕婆殲滅戰,,False,False,False,False,False,True,False,False,True,False,False,False,False,False,False,False,False,False,False,False,False,False,False,False,False,False,False,False,False,False,False,False,False,False,False,False,False,False,False,False,False,r1fc,0,0,0,0,282,2021,112073,0,0,377,20024,80,0,18,1,0,108,3,0,0,0,0,50,50,0,0,4,8,0,-1,False,False,False,True,True,False,True,True,False,False,False,True,True,False,True,False,False,False,True,False,False,False,True,True
80,極 濕婆殲滅戰,,False,False,False,False,False,False,False,False,True,False,False,False,False,False,False,False,False,False,False,False,False,False,False,False,False,False,False,False,False,False,False,False,False,False,False,False,False,False,False,False,False,r1fc_2,0,0,0,0,282,2022,112074,0,0,378,20025,95,0,107,1,0,108,3,0,0,0,0,50,50,1,0,4,19,0,-1,False,False,False,True,True,False,True,True,False,False,False,True,True,False,True,False,False,False,True,False,False,False,True,True
81,艾瑪姬娜杯鬥技大會決賽,,False,False,False,False,False,True,False,False,True,False,False,False,False,False,False,False,False,False,False,False,False,False,False,False,False,False,False,False,False,False,False,False,False,False,False,False,False,False,False,False,False,w1d7_battle,0,0,0,0,282,2023,112075,0,0,142,20026,80,0,10,1,0,108,3,0,0,0,0,50,50,1,0,4,8,0,-1,False,False,False,True,True,False,True,True,False,False,False,True,True,False,True,False,False,False,True,False,False,False,True,True
82,奧汀殲滅戰,,False,False,False,False,False,False,False,False,True,False,False,False,False,False,False,False,False,False,False,False,False,False,False,False,False,False,False,False,False,False,False,False,False,False,False,False,False,False,False,False,False,f1f3_battle,0,0,0,0,282,2024,112065,0,0,394,20027,95,0,19,1,0,108,3,0,0,0,0,50,50,1,0,4,8,0,-1,False,False,False,True,True,False,True,True,False,False,False,True,True,False,True,False,False,False,True,False,False,False,True,True
83,,,False,False,False,False,False,False,False,False,False,False,False,False,False,False,False,False,False,False,False,False,False,False,False,False,False,False,False,False,False,False,False,False,False,False,False,False,False,False,False,False,False,,0,0,0,0,0,0,0,0,0,0,0,0,0,0,0,0,0,0,0,0,0,0,0,0,0,0,0,0,0,0,False,False,False,False,False,False,False,False,False,False,False,False,False,False,False,False,False,False,False,False,False,False,False,False
84,那布里亞勒斯討伐戰,,False,False,False,False,False,True,False,False,True,False,False,False,False,False,False,False,False,False,False,False,False,False,False,False,False,False,False,False,False,False,False,False,False,False,False,False,False,False,False,False,False,z1e9,0,0,0,0,282,2026,112081,0,0,426,20029,90,0,5,1,0,108,3,0,0,0,0,50,50,0,0,4,8,0,-1,False,False,False,True,True,False,True,True,False,False,False,True,True,False,True,False,False,False,True,False,False,False,True,True
85,真 吉爾伽美什殲滅戰,,False,False,False,False,False,True,False,False,True,False,False,False,False,False,False,False,False,False,False,False,False,False,False,False,False,False,False,False,False,False,False,False,False,False,False,False,False,False,False,False,False,f1d3_battle,0,0,0,0,282,2027,112080,0,0,396,20030,90,0,11,1,0,108,3,0,0,0,0,50,50,1,0,4,8,0,-1,False,False,False,True,True,False,True,True,False,False,False,True,True,False,True,False,False,False,True,False,False,False,True,True
86,真 羅波那殲滅戰,,False,False,False,False,False,True,False,False,True,False,False,False,False,False,False,False,False,False,False,False,False,False,False,False,False,False,False,False,False,False,False,False,False,False,False,False,False,False,False,False,False,d2fa,0,0,0,0,285,2028,112103,0,0,432,20031,0,0,110,1,1,108,3,0,0,0,0,53,54,0,0,4,9,0,-1,False,False,False,True,True,False,True,True,False,False,False,True,True,False,True,False,False,False,True,False,False,False,True,True
87,極 羅波那殲滅戰,,False,False,False,False,False,False,False,False,True,False,False,False,False,False,False,False,False,False,False,False,False,False,False,False,False,False,False,False,False,False,False,False,False,False,False,False,False,False,False,False,False,d2fa_2,0,0,0,0,285,2029,112107,0,0,446,20032,175,0,121,1,1,108,3,0,0,0,0,60,60,1,0,4,20,0,-1,False,False,False,True,True,False,True,True,False,False,False,True,True,False,True,False,False,False,True,False,False,False,True,True
88,真 俾斯麥殲滅戰,,False,False,False,False,False,True,False,False,True,False,False,False,False,False,False,False,False,False,False,False,False,False,False,False,False,False,False,False,False,False,False,False,False,False,False,False,False,False,False,False,False,a2fa,0,0,0,0,285,2030,112104,0,0,436,20033,0,0,111,1,1,108,3,0,0,0,0,57,58,0,0,4,9,0,-1,False,False,False,True,True,False,True,True,False,False,False,True,True,False,True,False,False,False,True,False,False,False,True,True
89,極 俾斯麥殲滅戰,,False,False,False,False,False,False,False,False,True,False,False,False,False,False,False,False,False,False,False,False,False,False,False,False,False,False,False,False,False,False,False,False,False,False,False,False,False,False,False,False,False,a2fa_2,0,0,0,0,285,2031,112105,0,0,447,20034,165,0,120,1,1,108,3,0,0,0,0,60,60,1,0,4,20,0,-1,False,False,False,True,True,False,True,True,False,False,False,True,True,False,True,False,False,False,True,False,False,False,True,True
90,圓桌騎士殲滅戰,,False,False,False,False,False,True,False,False,True,False,False,False,False,False,False,False,False,False,False,False,False,False,False,False,False,False,False,False,False,False,False,False,False,False,False,False,False,False,False,False,False,a2fb,0,0,0,0,285,2032,112106,0,0,437,20035,142,0,112,1,1,108,3,0,0,0,0,60,60,0,0,4,9,0,-1,False,False,False,True,True,False,True,True,False,False,False,True,True,False,True,False,False,False,True,False,False,False,True,True
91,蒼天幻想 圓桌騎士殲滅戰,,False,False,False,False,False,False,False,False,True,False,False,False,False,False,False,False,False,False,False,False,False,False,False,False,False,False,False,False,False,False,False,False,False,False,False,False,False,False,False,False,False,a2fb_2,0,0,0,0,285,2033,112122,0,0,448,20036,190,0,122,1,1,108,3,0,0,0,0,60,60,1,0,4,20,0,-1,False,False,False,True,True,False,True,True,False,False,False,True,True,False,True,False,False,False,True,False,False,False,True,True
92,水晶塔 古代人迷宮,,False,False,False,False,False,False,False,False,True,False,False,False,False,False,True,False,False,False,False,False,False,False,False,False,False,False,False,False,False,False,False,False,False,False,False,False,False,False,False,False,False,l1r1,0,0,0,0,281,3001,112033,0,0,174,30001,50,0,1,1,0,108,4,0,0,0,0,50,50,2,0,5,14,0,-1,False,False,False,True,True,False,True,True,False,False,False,True,True,False,True,False,False,False,True,False,False,False,True,True
93,巴哈姆特大迷宮 邂逅之章1,,False,False,False,False,False,False,False,False,False,False,False,False,False,False,False,False,False,False,False,False,False,False,False,False,False,False,False,False,False,False,False,False,False,False,False,False,False,False,False,False,False,s1b1,0,0,0,0,281,3002,112043,0,0,241,30002,70,0,4,1,0,108,3,0,0,0,0,50,50,1,0,5,10,0,-1,False,False,False,True,True,False,True,True,False,False,False,True,True,False,True,False,False,False,True,False,False,False,True,True
94,巴哈姆特大迷宮 邂逅之章2,,False,False,False,False,False,False,False,False,False,False,False,False,False,False,False,False,False,False,False,False,False,False,False,False,False,False,False,False,False,False,False,False,False,False,False,False,False,False,False,False,False,s1b2,0,0,0,0,281,3003,112044,0,0,242,30003,73,0,5,1,0,108,3,0,0,0,0,50,50,1,0,5,10,0,-1,False,False,False,True,True,False,True,True,False,False,False,True,True,False,True,False,False,False,True,False,False,False,True,True
95,巴哈姆特大迷宮 邂逅之章3,,False,False,False,False,False,False,False,False,False,False,False,False,False,False,False,False,False,False,False,False,False,False,False,False,False,False,False,False,False,False,False,False,False,False,False,False,False,False,False,False,False,s1b3,0,0,0,0,281,3004,112045,0,0,243,30004,70,0,6,1,0,108,3,0,0,0,0,50,50,0,0,5,10,0,-1,False,False,False,True,True,False,True,True,False,False,False,True,True,False,True,False,False,False,True,False,False,False,True,True
96,巴哈姆特大迷宮 邂逅之章4,,False,False,False,False,False,False,False,False,False,False,False,False,False,False,False,False,False,False,False,False,False,False,False,False,False,False,False,False,False,False,False,False,False,False,False,False,False,False,False,False,False,s1b4,0,0,0,0,281,3005,112046,0,0,244,30005,77,0,7,1,0,108,3,0,0,0,0,50,50,1,0,5,10,0,-1,False,False,False,True,True,False,True,True,False,False,False,True,True,False,True,False,False,False,True,False,False,False,True,True
97,巴哈姆特大迷宮 邂逅之章5,,False,False,False,False,False,False,False,False,False,False,False,False,False,False,False,False,False,False,False,False,False,False,False,False,False,False,False,False,False,False,False,False,False,False,False,False,False,False,False,False,False,s1b5,0,0,0,0,281,3006,112047,0,0,245,30006,82,0,8,1,0,108,3,0,0,0,0,50,50,1,0,5,10,0,-1,False,False,False,True,True,False,True,True,False,False,False,True,True,False,True,False,False,False,True,False,False,False,True,True
98,巴哈姆特大迷宮 入侵之章1,,False,False,False,False,False,False,False,False,False,False,False,False,False,False,False,False,False,False,False,False,False,False,False,False,False,False,False,False,False,False,False,False,False,False,False,False,False,False,False,False,False,f1b1,0,0,0,0,281,3007,112038,0,0,355,30007,90,0,9,1,0,108,3,0,0,0,0,50,50,1,0,5,10,0,-1,False,False,False,True,True,False,True,True,False,False,False,True,True,False,True,False,False,False,True,False,False,False,True,True
99,巴哈姆特大迷宮 入侵之章2,,False,False,False,False,False,False,False,False,False,False,False,False,False,False,False,False,False,False,False,False,False,False,False,False,False,False,False,False,False,False,False,False,False,False,False,False,False,False,False,False,False,f1b2,0,0,0,0,281,3008,112039,0,0,356,30008,95,0,10,1,0,108,3,0,0,0,0,50,50,1,0,5,10,0,-1,False,False,False,True,True,False,True,True,False,False,False,True,True,False,True,False,False,False,True,False,False,False,True,True
100,巴哈姆特大迷宮 入侵之章3,,False,False,False,False,False,False,False,False,False,False,False,False,False,False,False,False,False,False,False,False,False,False,False,False,False,False,False,False,False,False,False,False,False,False,False,False,False,False,False,False,False,f1b3,0,0,0,0,281,3009,112040,0,0,357,30009,100,0,11,1,0,108,3,0,0,0,0,50,50,1,0,5,10,0,-1,False,False,False,True,True,False,True,True,False,False,False,True,True,False,True,False,False,False,True,False,False,False,True,True
101,巴哈姆特大迷宮 入侵之章4,,False,False,False,False,False,False,False,False,False,False,False,False,False,False,False,False,False,False,False,False,False,False,False,False,False,False,False,False,False,False,False,False,False,False,False,False,False,False,False,False,False,f1b4,0,0,0,0,281,3010,112041,0,0,358,30010,105,0,12,1,0,108,3,0,0,0,0,50,50,1,0,5,10,0,-1,False,False,False,True,True,False,True,True,False,False,False,True,True,False,True,False,False,False,True,False,False,False,True,True
102,水晶塔 希爾科斯塔,,False,False,False,False,False,False,False,False,True,False,False,False,False,False,True,False,False,False,False,False,False,False,False,False,False,False,False,False,False,False,False,False,False,False,False,False,False,False,False,False,False,l1r2,0,0,0,0,281,3011,112061,0,0,372,30011,70,0,2,1,0,108,4,0,0,0,0,50,50,2,0,5,14,0,-1,False,False,False,True,True,False,True,True,False,False,False,True,True,False,True,False,False,False,True,False,False,False,True,True
103,巴哈姆特零式大迷宮 入侵之章1,,False,False,False,False,False,False,False,False,False,False,False,False,False,False,False,False,False,False,False,False,False,False,False,False,False,False,False,False,False,False,False,False,False,False,False,False,False,False,False,False,False,f1b1_2,0,0,0,0,281,3012,112038,0,0,380,30012,105,0,17,1,0,108,3,0,0,0,0,50,50,1,0,5,12,0,-1,False,False,False,True,True,False,True,True,False,False,False,True,True,False,True,False,False,False,True,False,False,False,True,True
104,巴哈姆特零式大迷宮 入侵之章2,,False,False,False,False,False,False,False,False,False,False,False,False,False,False,False,False,False,False,False,False,False,False,False,False,False,False,False,False,False,False,False,False,False,False,False,False,False,False,False,False,False,f1b2_2,0,0,0,0,281,3013,112039,0,0,381,30013,105,0,18,1,0,108,3,0,0,0,0,50,50,1,0,5,12,0,-1,False,False,False,True,True,False,True,True,False,False,False,True,True,False,True,False,False,False,True,False,False,False,True,True
105,巴哈姆特零式大迷宮 入侵之章3,,False,False,False,False,False,False,False,False,False,False,False,False,False,False,False,False,False,False,False,False,False,False,False,False,False,False,False,False,False,False,False,False,False,False,False,False,False,False,False,False,False,f1b3_2,0,0,0,0,281,3014,112040,0,0,382,30014,105,0,19,1,0,108,3,0,0,0,0,50,50,1,0,5,12,0,-1,False,False,False,True,True,False,True,True,False,False,False,True,True,False,True,False,False,False,True,False,False,False,True,True
106,巴哈姆特零式大迷宮 入侵之章4,,False,False,False,False,False,False,False,False,False,False,False,False,False,False,False,False,False,False,False,False,False,False,False,False,False,False,False,False,False,False,False,False,False,False,False,False,False,False,False,False,False,f1b4_2,0,0,0,0,281,3015,112041,0,0,383,30015,105,0,20,1,0,108,3,0,0,0,0,50,50,1,0,5,12,0,-1,False,False,False,True,True,False,True,True,False,False,False,True,True,False,True,False,False,False,True,False,False,False,True,True
107,巴哈姆特大迷宮 真源之章1,,False,False,False,False,False,False,False,False,False,False,False,False,False,False,False,False,False,False,False,False,False,False,False,False,False,False,False,False,False,False,False,False,False,False,False,False,False,False,False,False,False,w1b1,0,0,0,0,281,3016,112069,0,0,193,30016,110,0,13,1,0,108,3,0,0,0,0,50,50,1,0,5,10,0,-1,False,False,False,True,True,False,True,True,False,False,False,True,True,False,True,False,False,False,True,False,False,False,True,True
108,巴哈姆特大迷宮 真源之章2,,False,False,False,False,False,False,False,False,False,False,False,False,False,False,False,False,False,False,False,False,False,False,False,False,False,False,False,False,False,False,False,False,False,False,False,False,False,False,False,False,False,w1b2,0,0,0,0,281,3017,112070,0,0,194,30017,115,0,14,1,0,108,3,0,0,0,0,50,50,1,0,5,10,0,-1,False,False,False,True,True,False,True,True,False,False,False,True,True,False,True,False,False,False,True,False,False,False,True,True
109,巴哈姆特大迷宮 真源之章3,,False,False,False,False,False,False,False,False,False,False,False,False,False,False,False,False,False,False,False,False,False,False,False,False,False,False,False,False,False,False,False,False,False,False,False,False,False,False,False,False,False,w1b3,0,0,0,0,281,3018,112071,0,0,195,30018,120,0,15,1,0,108,3,0,0,0,0,50,50,1,0,5,10,0,-1,False,False,False,True,True,False,True,True,False,False,False,True,True,False,True,False,False,False,True,False,False,False,True,True
110,巴哈姆特大迷宮 真源之章4,,False,False,False,False,False,False,False,False,False,False,False,False,False,False,False,False,False,False,False,False,False,False,False,False,False,False,False,False,False,False,False,False,False,False,False,False,False,False,False,False,False,w1b4,0,0,0,0,281,3019,112072,0,0,196,30019,123,0,16,1,0,108,3,0,0,0,0,50,50,1,0,5,10,0,-1,False,False,False,True,True,False,True,True,False,False,False,True,True,False,True,False,False,False,True,False,False,False,True,True
111,水晶塔 暗之世界,,False,False,False,False,False,False,False,False,True,False,False,False,False,False,True,False,False,False,False,False,False,False,False,False,False,False,False,False,False,False,False,False,False,False,False,False,False,False,False,False,False,l1r3,0,0,0,0,281,3020,112079,0,0,151,30020,90,0,3,1,0,108,4,0,0,0,0,50,50,2,0,5,14,0,-1,False,False,False,True,True,False,True,True,False,False,False,True,True,False,True,False,False,False,True,False,False,False,True,True
112,亞歷山大機神城 啟動之章1,,False,False,False,False,False,False,False,False,True,False,False,False,False,False,False,False,True,False,False,False,False,False,False,False,False,False,False,False,False,False,False,False,False,False,False,False,False,False,False,False,False,d2a1,0,0,0,0,284,3021,112095,0,0,442,30021,170,0,40,1,1,108,3,0,0,0,0,60,60,1,0,5,11,0,-1,False,False,False,True,True,False,True,True,False,False,False,True,True,False,True,False,False,False,True,False,False,False,True,True
113,亞歷山大機神城 啟動之章2,,False,False,False,False,False,False,False,False,True,False,False,False,False,False,False,False,True,False,False,False,False,False,False,False,False,False,False,False,False,False,False,False,False,False,False,False,False,False,False,False,False,d2a2,0,0,0,0,284,3022,112096,0,0,443,30022,170,0,41,1,1,108,3,0,0,0,0,60,60,1,0,5,11,0,-1,False,False,False,True,True,False,True,True,False,False,False,True,True,False,True,False,False,False,True,False,False,False,True,True
114,亞歷山大機神城 啟動之章3,,False,False,False,False,False,False,False,False,True,False,False,False,False,False,False,False,True,False,False,False,False,False,False,False,False,False,False,False,False,False,False,False,False,False,False,False,False,False,False,False,False,d2a3,0,0,0,0,284,3023,112097,0,0,444,30023,170,0,42,1,1,108,3,0,0,0,0,60,60,1,0,5,11,0,-1,False,False,False,True,True,False,True,True,False,False,False,True,True,False,True,False,False,False,True,False,False,False,True,True
115,亞歷山大機神城 啟動之章4,,False,False,False,False,False,False,False,False,True,False,False,False,False,False,False,False,True,False,False,False,False,False,False,False,False,False,False,False,False,False,False,False,False,False,False,False,False,False,False,False,False,d2a4,0,0,0,0,284,3024,112098,0,0,445,30024,170,0,43,1,1,108,3,0,0,0,0,60,60,1,0,5,11,0,-1,False,False,False,True,True,False,True,True,False,False,False,True,True,False,True,False,False,False,True,False,False,False,True,True
116,亞歷山大零式機神城 啟動之章1,,False,False,False,False,False,False,False,False,False,False,False,False,False,False,False,False,False,False,False,False,False,False,False,False,False,False,False,False,False,False,False,False,False,False,False,False,False,False,False,False,False,d2a1_2,0,0,0,0,284,3025,112099,0,0,449,30025,190,0,52,1,1,108,3,0,0,0,0,60,60,1,0,5,13,0,-1,False,False,False,True,True,False,True,True,False,False,False,True,True,False,True,False,False,False,True,False,False,False,True,True
117,亞歷山大零式機神城 啟動之章2,,False,False,False,False,False,False,False,False,False,False,False,False,False,False,False,False,False,False,False,False,False,False,False,False,False,False,False,False,False,False,False,False,False,False,False,False,False,False,False,False,False,d2a2_2,0,0,0,0,284,3026,112100,0,0,450,30026,195,0,53,1,1,108,3,0,0,0,0,60,60,1,0,5,13,0,-1,False,False,False,True,True,False,True,True,False,False,False,True,True,False,True,False,False,False,True,False,False,False,True,True
118,亞歷山大零式機神城 啟動之章3,,False,False,False,False,False,False,False,False,False,False,False,False,False,False,False,False,False,False,False,False,False,False,False,False,False,False,False,False,False,False,False,False,False,False,False,False,False,False,False,False,False,d2a3_2,0,0,0,0,284,3027,112101,0,0,451,30027,200,0,54,1,1,108,3,0,0,0,0,60,60,1,0,5,13,0,-1,False,False,False,True,True,False,True,True,False,False,False,True,True,False,True,False,False,False,True,False,False,False,True,True
119,亞歷山大零式機神城 啟動之章4,,False,False,False,False,False,False,False,False,False,False,False,False,False,False,False,False,False,False,False,False,False,False,False,False,False,False,False,False,False,False,False,False,False,False,False,False,False,False,False,False,False,d2a4_2,0,0,0,0,284,3028,112102,0,0,452,30028,205,0,55,1,1,108,3,0,0,0,0,60,60,1,0,5,13,0,-1,False,False,False,True,True,False,True,True,False,False,False,True,True,False,True,False,False,False,True,False,False,False,True,True
120,魔航船虛無方舟,,False,False,False,False,False,False,False,False,True,False,False,False,False,False,True,False,False,False,False,False,False,False,False,False,False,False,False,False,False,False,False,False,False,False,False,False,False,False,False,False,False,z2r1,0,0,0,0,284,3029,112118,0,0,508,30029,175,0,30,1,1,108,4,0,0,0,0,60,60,2,0,5,15,0,-1,False,False,False,True,True,False,True,True,False,False,False,True,True,False,True,False,False,False,True,False,False,False,True,True
121,,,False,False,False,False,False,False,False,False,False,False,False,False,False,False,False,False,False,False,False,False,False,False,False,False,False,False,False,False,False,False,False,False,False,False,False,False,False,False,False,False,False,,0,0,0,0,0,0,0,0,0,0,0,0,0,0,0,0,0,0,0,0,0,0,0,0,0,0,0,0,0,0,False,False,False,False,False,False,False,False,False,False,False,False,False,False,False,False,False,False,False,False,False,False,False,False
122,,,False,False,False,False,False,False,False,False,False,False,False,False,False,False,False,False,False,False,False,False,False,False,False,False,False,False,False,False,False,False,False,False,False,False,False,False,False,False,False,False,False,,0,0,0,0,0,0,0,0,0,0,0,0,0,0,0,0,0,0,0,0,0,0,0,0,0,0,0,0,0,0,False,False,False,False,False,False,False,False,False,False,False,False,False,False,False,False,False,False,False,False,False,False,False,False
123,,,False,False,False,False,False,False,False,False,False,False,False,False,False,False,False,False,False,False,False,False,False,False,False,False,False,False,False,False,False,False,False,False,False,False,False,False,False,False,False,False,False,,0,0,0,0,0,0,0,0,0,0,0,0,0,0,0,0,0,0,0,0,0,0,0,0,0,0,0,0,0,0,False,False,False,False,False,False,False,False,False,False,False,False,False,False,False,False,False,False,False,False,False,False,False,False
124,,,False,False,False,False,False,False,False,False,False,False,False,False,False,False,False,False,False,False,False,False,False,False,False,False,False,False,False,False,False,False,False,False,False,False,False,False,False,False,False,False,False,,0,0,0,0,0,0,0,0,0,0,0,0,0,0,0,0,0,0,0,0,0,0,0,0,0,0,0,0,0,0,False,False,False,False,False,False,False,False,False,False,False,False,False,False,False,False,False,False,False,False,False,False,False,False
125,,,False,False,False,False,False,False,False,False,False,False,False,False,False,False,False,False,False,False,False,False,False,False,False,False,False,False,False,False,False,False,False,False,False,False,False,False,False,False,False,False,False,,0,0,0,0,0,0,0,0,0,0,0,0,0,0,0,0,0,0,0,0,0,0,0,0,0,0,0,0,0,0,False,False,False,False,False,False,False,False,False,False,False,False,False,False,False,False,False,False,False,False,False,False,False,False
126,,,False,False,False,False,False,False,False,False,False,False,False,False,False,False,False,False,False,False,False,False,False,False,False,False,False,False,False,False,False,False,False,False,False,False,False,False,False,False,False,False,False,,0,0,0,0,0,0,0,0,0,0,0,0,0,0,0,0,0,0,0,0,0,0,0,0,0,0,0,0,0,0,False,False,False,False,False,False,False,False,False,False,False,False,False,False,False,False,False,False,False,False,False,False,False,False
127,周邊遺跡群（陣地戰）,,False,False,False,False,False,False,False,False,False,False,False,False,False,False,False,False,False,False,False,False,False,False,False,False,False,False,False,False,False,False,False,False,False,False,False,False,False,False,False,False,False,l1p3,0,4,0,0,0,4007,112064,0,0,1273,50001,0,0,300,1,0,146,7,3,4,0,0,30,0,0,0,6,3,0,-1,True,True,False,False,False,False,True,False,False,False,False,True,True,False,True,False,False,False,True,False,True,False,True,True
128,,,False,False,False,False,False,False,False,False,False,False,False,False,False,False,False,False,False,False,False,False,False,False,False,False,False,False,False,False,False,False,False,False,False,False,False,False,False,False,False,False,False,,0,0,0,0,0,0,0,0,0,0,0,0,0,0,0,0,0,0,0,0,0,0,0,0,0,0,0,0,0,0,False,False,False,False,False,False,False,False,False,False,False,False,False,False,False,False,False,False,False,False,False,False,False,False
129,,,False,False,False,False,False,False,False,False,False,False,False,False,False,False,False,False,False,False,False,False,False,False,False,False,False,False,False,False,False,False,False,False,False,False,False,False,False,False,False,False,False,,0,0,0,0,0,0,0,0,0,0,0,0,0,0,0,0,0,0,0,0,0,0,0,0,0,0,0,0,0,0,False,False,False,False,False,False,False,False,False,False,False,False,False,False,False,False,False,False,False,False,False,False,False,False
130,塵封秘岩（爭奪戰）,,False,False,False,False,False,False,True,False,False,False,False,False,False,False,False,False,False,False,False,False,False,False,False,False,False,False,False,False,False,False,False,False,False,False,False,False,False,False,False,False,False,s2p1,0,2,0,0,0,4010,112108,0,0,431,50004,0,0,301,1,0,146,7,3,4,0,0,30,0,0,0,6,3,0,-1,True,True,False,False,False,False,True,False,False,False,False,True,True,False,True,False,False,False,True,False,True,False,True,True
131,雲冠群島白晝探索,,False,False,False,False,False,False,False,False,False,False,False,False,False,False,False,False,False,False,False,False,False,False,False,False,False,False,False,False,False,False,False,False,False,False,False,False,False,False,False,False,False,a2fc,0,0,67205,0,0,6001,112119,0,0,512,1,179,0,1,2,1,142,16,0,0,1,0,60,0,4,0,23,0,0,-1,False,False,False,True,False,False,True,True,False,False,False,False,False,False,True,False,False,False,True,False,False,False,True,True
132,雲冠群島黃昏探索,,False,False,False,False,False,False,False,False,False,False,False,False,False,False,False,False,False,False,False,False,False,False,False,False,False,False,False,False,False,False,False,False,False,False,False,False,False,False,False,False,False,a2fc_2,0,0,67205,0,0,6002,112120,0,0,514,2,179,0,2,2,1,142,16,0,0,1,0,60,0,4,0,23,0,0,-1,False,False,False,True,False,False,True,True,False,False,False,False,False,False,True,False,False,False,True,False,False,False,True,True
133,雲冠群島夜晚探索,,False,False,False,False,False,False,False,False,False,False,False,False,False,False,False,False,False,False,False,False,False,False,False,False,False,False,False,False,False,False,False,False,False,False,False,False,False,False,False,False,False,a2fc_3,0,0,67205,0,0,6003,112121,0,0,515,3,179,0,3,2,1,142,16,0,0,1,0,60,0,4,0,23,0,0,-1,False,False,False,True,False,False,True,True,False,False,False,False,False,False,True,False,False,False,True,False,False,False,True,True
134,魔神賽菲羅特殲滅戰,,False,False,False,False,False,True,False,False,True,False,False,False,False,False,False,False,False,False,False,False,False,False,False,False,False,False,False,False,False,False,False,False,False,False,False,False,False,False,False,False,False,a2fd,0,0,0,0,285,2034,112126,0,0,517,20037,190,0,114,1,1,108,3,0,0,0,0,60,60,0,0,4,9,0,-1,False,False,False,True,True,False,True,True,False,False,False,True,True,False,True,False,False,False,True,False,False,False,True,True
135,極 魔神賽菲羅特殲滅戰,,False,False,False,False,False,False,False,False,True,False,False,False,False,False,False,False,False,False,False,False,False,False,False,False,False,False,False,False,False,False,False,False,False,False,False,False,False,False,False,False,False,a2fd_2,0,0,0,0,285,2035,112127,0,0,524,20038,205,0,124,1,1,108,3,0,0,0,0,60,60,1,0,4,20,0,-1,False,False,False,True,True,False,True,True,False,False,False,True,True,False,True,False,False,False,True,False,False,False,True,True
136,亞歷山大機神城 律動之章1,,False,False,False,False,False,False,False,False,True,False,False,False,False,False,False,False,True,False,False,False,False,False,False,False,False,False,False,False,False,False,False,False,False,False,False,False,False,False,False,False,False,d2a5,0,0,0,0,284,3030,112128,0,0,520,30030,200,0,44,1,1,108,3,0,0,0,0,60,60,1,0,5,11,0,-1,False,False,False,True,True,False,True,True,False,False,False,True,True,False,True,False,False,False,True,False,False,False,True,True
137,亞歷山大機神城 律動之章2,,False,False,False,False,False,False,False,False,True,False,False,False,False,False,False,False,True,False,False,False,False,False,False,False,False,False,False,False,False,False,False,False,False,False,False,False,False,False,False,False,False,d2a6,0,0,0,0,284,3031,112129,0,0,521,30031,200,0,45,1,1,108,3,0,0,0,0,60,60,1,0,5,11,0,-1,False,False,False,True,True,False,True,True,False,False,False,True,True,False,True,False,False,False,True,False,False,False,True,True
138,亞歷山大機神城 律動之章3,,False,False,False,False,False,False,False,False,True,False,False,False,False,False,False,False,True,False,False,False,False,False,False,False,False,False,False,False,False,False,False,False,False,False,False,False,False,False,False,False,False,d2a7,0,0,0,0,284,3032,112130,0,0,522,30032,200,0,46,1,1,108,3,0,0,0,0,60,60,1,0,5,11,0,-1,False,False,False,True,True,False,True,True,False,False,False,True,True,False,True,False,False,False,True,False,False,False,True,True
139,亞歷山大機神城 律動之章4,,False,False,False,False,False,False,False,False,True,False,False,False,False,False,False,False,True,False,False,False,False,False,False,False,False,False,False,False,False,False,False,False,False,False,False,False,False,False,False,False,False,d2a8,0,0,0,0,284,3033,112131,0,0,523,30033,200,0,47,1,1,108,3,0,0,0,0,60,60,1,0,5,11,0,-1,False,False,False,True,True,False,True,True,False,False,False,True,True,False,True,False,False,False,True,False,False,False,True,True
140,神聖遺跡無限城市街古跡,,False,True,False,False,False,False,False,False,True,False,False,False,False,False,False,False,False,False,False,False,False,False,False,False,False,False,False,False,False,False,False,False,False,False,False,False,False,False,False,False,False,f1d8,0,0,0,0,283,42,112124,0,0,519,42,180,0,51,1,1,108,2,0,0,0,0,60,60,1,0,2,7,0,-1,False,False,False,True,True,False,True,True,True,False,False,True,True,False,True,False,False,False,True,False,False,False,True,True
141,星海空間顛倒塔,,False,True,False,False,False,False,False,False,True,False,False,False,False,False,False,False,False,False,False,False,False,False,False,False,False,False,False,False,False,False,False,False,False,False,False,False,False,False,False,False,False,d2d5_re,0,0,0,0,283,43,112125,0,0,1111,43,180,0,50,1,1,108,2,0,0,0,0,60,60,1,0,2,7,0,-1,False,False,False,True,True,False,True,True,True,False,False,True,True,False,True,False,False,False,True,False,False,False,True,True
142,,,False,False,False,False,False,False,False,False,False,False,False,False,False,False,False,False,False,False,False,False,False,False,False,False,False,False,False,False,False,False,False,False,False,False,False,False,False,False,False,False,False,,0,0,0,0,0,0,0,0,0,0,0,0,0,0,0,0,0,0,0,0,0,0,0,0,0,0,0,0,0,0,False,False,False,False,False,False,False,False,False,False,False,False,False,False,False,False,False,False,False,False,False,False,False,False
143,,,False,False,False,False,False,False,False,False,False,False,False,False,False,False,False,False,False,False,False,False,False,False,False,False,False,False,False,False,False,False,False,False,False,False,False,False,False,False,False,False,False,,0,0,0,0,0,0,0,0,0,0,0,0,0,0,0,0,0,0,0,0,0,0,0,0,0,0,0,0,0,0,False,False,False,False,False,False,False,False,False,False,False,False,False,False,False,False,False,False,False,False,False,False,False,False
144,,,False,False,False,False,False,False,False,False,False,False,False,False,False,False,False,False,False,False,False,False,False,False,False,False,False,False,False,False,False,False,False,False,False,False,False,False,False,False,False,False,False,,0,0,0,0,0,0,0,0,0,0,0,0,0,0,0,0,0,0,0,0,0,0,0,0,0,0,0,0,0,0,False,False,False,False,False,False,False,False,False,False,False,False,False,False,False,False,False,False,False,False,False,False,False,False
145,,,False,False,False,False,False,False,False,False,False,False,False,False,False,False,False,False,False,False,False,False,False,False,False,False,False,False,False,False,False,False,False,False,False,False,False,False,False,False,False,False,False,,0,0,0,0,0,0,0,0,0,0,0,0,0,0,0,0,0,0,0,0,0,0,0,0,0,0,0,0,0,0,False,False,False,False,False,False,False,False,False,False,False,False,False,False,False,False,False,False,False,False,False,False,False,False
146,,,False,False,False,False,False,False,False,False,False,False,False,False,False,False,False,False,False,False,False,False,False,False,False,False,False,False,False,False,False,False,False,False,False,False,False,False,False,False,False,False,False,,0,0,0,0,0,0,0,0,0,0,0,0,0,0,0,0,0,0,0,0,0,0,0,0,0,0,0,0,0,0,False,False,False,False,False,False,False,False,False,False,False,False,False,False,False,False,False,False,False,False,False,False,False,False
147,亞歷山大零式機神城 律動之章1,,False,False,False,False,False,False,False,False,False,False,False,False,False,False,False,False,False,False,False,False,False,False,False,False,False,False,False,False,False,False,False,False,False,False,False,False,False,False,False,False,False,d2a5_2,0,0,0,0,284,3034,112132,0,0,529,30034,215,0,56,1,1,108,3,0,0,0,0,60,60,1,0,5,13,0,-1,False,False,False,True,True,False,True,True,False,False,False,True,True,False,True,False,False,False,True,False,False,False,True,True
148,亞歷山大零式機神城 律動之章2,,False,False,False,False,False,False,False,False,False,False,False,False,False,False,False,False,False,False,False,False,False,False,False,False,False,False,False,False,False,False,False,False,False,False,False,False,False,False,False,False,False,d2a6_2,0,0,0,0,284,3035,112133,0,0,530,30035,220,0,57,1,1,108,3,0,0,0,0,60,60,1,0,5,13,0,-1,False,False,False,True,True,False,True,True,False,False,False,True,True,False,True,False,False,False,True,False,False,False,True,True
149,亞歷山大零式機神城 律動之章3,,False,False,False,False,False,False,False,False,False,False,False,False,False,False,False,False,False,False,False,False,False,False,False,False,False,False,False,False,False,False,False,False,False,False,False,False,False,False,False,False,False,d2a7_2,0,0,0,0,284,3036,112134,0,0,531,30036,225,0,58,1,1,108,3,0,0,0,0,60,60,1,0,5,13,0,-1,False,False,False,True,True,False,True,True,False,False,False,True,True,False,True,False,False,False,True,False,False,False,True,True
150,亞歷山大零式機神城 律動之章4,,False,False,False,False,False,False,False,False,False,False,False,False,False,False,False,False,False,False,False,False,False,False,False,False,False,False,False,False,False,False,False,False,False,False,False,False,False,False,False,False,False,d2a8_2,0,0,0,0,284,3037,112135,0,0,532,30037,225,0,59,1,1,108,3,0,0,0,0,60,60,1,0,5,13,0,-1,False,False,False,True,True,False,True,True,False,False,False,True,True,False,True,False,False,False,True,False,False,False,True,True
151,躲避範圍攻擊,,False,False,False,False,False,False,False,False,False,False,False,False,False,False,False,False,False,False,False,False,False,False,False,False,False,False,False,False,False,False,False,False,False,False,False,False,False,False,False,False,False,s1p2_begin01,0,0,0,0,0,0,112141,0,0,537,15001,0,5,0,1,0,142,1,0,0,0,0,15,15,0,0,20,0,0,-1,False,False,False,False,False,False,False,True,False,False,False,False,False,False,True,False,False,False,True,False,False,False,True,True
152,掌握仇恨連擊,,False,False,False,False,False,False,False,False,False,False,False,False,False,False,False,False,False,False,False,False,False,False,False,False,False,False,False,False,False,False,False,False,False,False,False,False,False,False,False,False,False,s1p2_begin02,0,0,0,0,0,0,112141,0,0,538,15002,0,5,0,1,0,142,1,0,0,0,0,15,15,0,0,20,0,0,-1,False,False,False,False,False,False,False,True,False,False,False,False,False,False,True,False,False,False,True,False,False,False,True,True
153,控制敵人的仇恨,,False,False,False,False,False,False,False,False,False,False,False,False,False,False,False,False,False,False,False,False,False,False,False,False,False,False,False,False,False,False,False,False,False,False,False,False,False,False,False,False,False,s1p2_begin03,0,0,0,0,0,0,112141,0,0,539,15003,0,5,0,1,0,142,1,0,0,0,0,15,15,0,0,20,0,0,-1,False,False,False,False,False,False,False,True,False,False,False,False,False,False,True,False,False,False,True,False,False,False,True,True
154,控制多個敵人的仇恨,,False,False,False,False,False,False,False,False,False,False,False,False,False,False,False,False,False,False,False,False,False,False,False,False,False,False,False,False,False,False,False,False,False,False,False,False,False,False,False,False,False,s1p2_begin04,0,0,0,0,0,0,112141,0,0,540,15004,0,5,0,1,0,142,1,0,0,0,0,15,15,0,0,20,0,0,-1,False,False,False,False,False,False,False,True,False,False,False,False,False,False,True,False,False,False,True,False,False,False,True,True
155,實戰控制多個敵人的仇恨,,False,False,False,False,False,False,False,False,False,False,False,False,False,False,False,False,False,False,False,False,False,False,False,False,False,False,False,False,False,False,False,False,False,False,False,False,False,False,False,False,False,s1p2_begin05,0,0,0,0,0,0,112141,0,0,541,15005,0,5,0,1,0,142,1,0,0,0,0,15,15,0,0,20,0,0,-1,False,False,False,False,False,False,False,True,False,False,False,False,False,False,True,False,False,False,True,False,False,False,True,True
156,控制遠處敵人的仇恨,,False,False,False,False,False,False,False,False,False,False,False,False,False,False,False,False,False,False,False,False,False,False,False,False,False,False,False,False,False,False,False,False,False,False,False,False,False,False,False,False,False,s1p2_begin06,0,0,0,0,0,0,112141,0,0,542,15006,0,5,0,1,0,142,1,0,0,0,0,15,15,0,0,20,0,0,-1,False,False,False,False,False,False,False,True,False,False,False,False,False,False,True,False,False,False,True,False,False,False,True,True
157,留心增援的敵人,,False,False,False,False,False,False,False,False,False,False,False,False,False,False,False,False,False,False,False,False,False,False,False,False,False,False,False,False,False,False,False,False,False,False,False,False,False,False,False,False,False,s1p2_begin07,0,0,0,0,0,0,112141,0,0,543,15007,0,5,0,1,0,142,1,0,0,0,0,15,15,0,0,20,0,0,-1,False,False,False,False,False,False,False,True,False,False,False,False,False,False,True,False,False,False,True,False,False,False,True,True
158,配合防護職業打倒單個敵人,,False,False,False,False,False,False,False,False,False,False,False,False,False,False,False,False,False,False,False,False,False,False,False,False,False,False,False,False,False,False,False,False,False,False,False,False,False,False,False,False,False,s1p2_begin08,0,0,0,0,0,0,112141,0,0,544,15008,0,5,0,1,0,142,1,0,0,0,0,15,15,0,0,20,0,0,-1,False,False,False,False,False,False,False,True,False,False,False,False,False,False,True,False,False,False,True,False,False,False,True,True
159,配合防護職業打倒多個敵人,,False,False,False,False,False,False,False,False,False,False,False,False,False,False,False,False,False,False,False,False,False,False,False,False,False,False,False,False,False,False,False,False,False,False,False,False,False,False,False,False,False,s1p2_begin09,0,0,0,0,0,0,112141,0,0,545,15009,0,5,0,1,0,142,1,0,0,0,0,15,15,0,0,20,0,0,-1,False,False,False,False,False,False,False,True,False,False,False,False,False,False,True,False,False,False,True,False,False,False,True,True
160,躲避範圍攻擊的同時進行戰鬥,,False,False,False,False,False,False,False,False,False,False,False,False,False,False,False,False,False,False,False,False,False,False,False,False,False,False,False,False,False,False,False,False,False,False,False,False,False,False,False,False,False,s1p2_begin10,0,0,0,0,0,0,112141,0,0,546,15010,0,5,0,1,0,142,1,0,0,0,0,15,15,0,0,20,0,0,-1,False,False,False,False,False,False,False,True,False,False,False,False,False,False,True,False,False,False,True,False,False,False,True,True
161,打倒增援的敵人,,False,False,False,False,False,False,False,False,False,False,False,False,False,False,False,False,False,False,False,False,False,False,False,False,False,False,False,False,False,False,False,False,False,False,False,False,False,False,False,False,False,s1p2_begin11,0,0,0,0,0,0,112141,0,0,547,15011,0,5,0,1,0,142,1,0,0,0,0,15,15,0,0,20,0,0,-1,False,False,False,False,False,False,False,True,False,False,False,False,False,False,True,False,False,False,True,False,False,False,True,True
162,靈活運用場地機關,,False,False,False,False,False,False,False,False,False,False,False,False,False,False,False,False,False,False,False,False,False,False,False,False,False,False,False,False,False,False,False,False,False,False,False,False,False,False,False,False,False,s1p2_begin12,0,0,0,0,0,0,112141,0,0,548,15012,0,5,0,1,0,142,1,0,0,0,0,15,15,0,0,20,0,0,-1,False,False,False,False,False,False,False,True,False,False,False,False,False,False,True,False,False,False,True,False,False,False,True,True
163,治療防護職業,,False,False,False,False,False,False,False,False,False,False,False,False,False,False,False,False,False,False,False,False,False,False,False,False,False,False,False,False,False,False,False,False,False,False,False,False,False,False,False,False,False,s1p2_begin13,0,0,0,0,0,0,112141,0,0,549,15013,0,5,0,1,0,142,1,0,0,0,0,15,15,0,0,20,0,0,-1,False,False,False,False,False,False,False,True,False,False,False,False,False,False,True,False,False,False,True,False,False,False,True,True
164,治療小隊隊員,,False,False,False,False,False,False,False,False,False,False,False,False,False,False,False,False,False,False,False,False,False,False,False,False,False,False,False,False,False,False,False,False,False,False,False,False,False,False,False,False,False,s1p2_begin14,0,0,0,0,0,0,112141,0,0,550,15014,0,5,0,1,0,142,1,0,0,0,0,15,15,0,0,20,0,0,-1,False,False,False,False,False,False,False,True,False,False,False,False,False,False,True,False,False,False,True,False,False,False,True,True
165,躲避範圍攻擊的同時進行戰鬥,,False,False,False,False,False,False,False,False,False,False,False,False,False,False,False,False,False,False,False,False,False,False,False,False,False,False,False,False,False,False,False,False,False,False,False,False,False,False,False,False,False,s1p2_begin15,0,0,0,0,0,0,112141,0,0,551,15015,0,5,0,1,0,142,1,0,0,0,0,15,15,0,0,20,0,0,-1,False,False,False,False,False,False,False,True,False,False,False,False,False,False,True,False,False,False,True,False,False,False,True,True
166,最終訓練,,False,False,False,False,False,False,False,False,False,False,False,False,False,False,False,False,False,False,False,False,False,False,False,False,False,False,False,False,False,False,False,False,False,False,False,False,False,False,False,False,False,s1f4_begin16,0,0,0,0,0,0,112141,0,0,552,15016,0,5,0,1,0,142,1,0,0,0,0,15,15,0,0,20,0,0,-1,False,False,False,False,False,False,False,True,False,False,False,False,False,False,True,False,False,False,True,False,False,False,True,True
167,四國聯合軍演,,False,False,False,False,False,False,False,False,False,False,False,False,False,False,False,False,False,False,False,False,False,False,False,False,False,False,False,False,False,False,False,False,False,False,False,False,False,False,False,False,False,ec001,0,0,0,0,0,0,112145,0,0,533,5001,0,0,0,1,1,142,1,0,0,0,0,1,60,0,0,7,0,0,-1,False,False,False,False,False,False,False,True,False,False,False,False,False,False,False,False,False,False,True,False,False,False,True,True
168,禁忌城邦瑪哈,,False,False,False,False,False,False,False,False,True,False,False,False,False,False,True,False,False,False,False,False,False,False,False,False,False,False,False,False,False,False,False,False,False,False,False,False,False,False,False,False,False,z2r2,0,0,0,0,284,3038,112162,0,0,556,30038,205,0,31,1,1,108,4,0,0,0,0,60,60,2,0,5,15,0,-1,False,False,False,True,True,False,True,True,False,False,False,True,True,False,True,False,False,False,True,False,False,False,True,True
169,尼德霍格征龍戰,,False,False,False,False,False,True,False,False,True,False,False,False,False,False,False,False,False,False,False,False,False,False,False,False,False,False,False,False,False,False,False,False,False,False,False,False,False,False,False,False,False,r1fe,0,0,0,0,285,2036,112160,0,0,559,20039,205,0,113,1,1,108,3,0,0,0,0,60,60,0,0,4,9,0,-1,False,False,False,True,True,False,True,True,False,False,False,True,True,False,True,False,False,False,True,False,False,False,True,True
170,極 尼德霍格征龍戰,,False,False,False,False,False,False,False,False,True,False,False,False,False,False,False,False,False,False,False,False,False,False,False,False,False,False,False,False,False,False,False,False,False,False,False,False,False,False,False,False,False,r1fe_2,0,0,0,0,285,2037,112161,0,0,566,20040,220,0,123,1,1,108,3,0,0,0,0,60,60,1,0,4,20,0,-1,False,False,False,True,True,False,True,True,False,False,False,True,True,False,True,False,False,False,True,False,False,False,True,True
171,天龍宮殿憶罪宮,,False,True,False,False,False,False,False,False,True,False,False,False,False,False,False,False,False,False,False,False,False,False,False,False,False,False,False,False,False,False,False,False,False,False,False,False,False,False,False,False,False,d2d6_re,0,0,0,0,283,44,112163,0,0,1112,44,200,0,52,1,1,108,2,0,0,0,0,60,60,1,0,2,7,0,-1,False,False,False,True,True,False,True,True,True,False,False,True,True,False,True,False,False,False,True,False,False,False,True,True
172,黑渦傳說破艦島,,False,True,False,False,False,False,False,False,True,False,False,False,False,False,False,False,False,False,False,False,False,False,False,False,False,False,False,False,False,False,False,False,False,False,False,False,False,False,False,False,False,s1da,0,0,0,0,283,45,112164,0,0,557,45,200,0,53,1,1,108,2,0,0,0,0,60,60,1,0,2,7,0,-1,False,False,False,True,True,False,True,True,True,False,False,True,True,False,True,False,False,False,True,False,False,False,True,True
173,雷古拉·范·休著斯追擊戰,,False,False,False,False,False,False,False,False,False,False,False,False,False,False,False,False,False,False,False,False,False,False,False,False,False,False,False,False,False,False,False,False,False,False,False,False,False,False,False,False,False,ec002,0,0,0,0,0,0,0,0,0,560,5002,0,0,0,1,1,142,1,0,0,0,0,1,60,0,0,7,0,0,-1,False,False,False,False,False,False,False,True,False,False,False,False,False,False,False,False,False,False,True,False,False,False,True,True
174,死者宮殿 地下1～10層,,False,False,False,False,False,False,False,False,False,False,False,False,False,False,False,False,False,False,False,False,False,False,False,False,False,False,False,False,False,False,False,False,False,False,False,False,False,False,False,False,False,f1c1_dd001,0,0,67092,0,286,5001,112166,0,0,561,60001,0,0,0,1,0,142,11,0,0,1,0,1,0,0,0,21,0,0,-1,False,False,False,True,False,False,True,True,False,False,False,False,False,False,True,False,False,False,True,False,False,False,True,True
175,死者宮殿 地下11～20層,,False,False,False,False,False,False,False,False,False,False,False,False,False,False,False,False,False,False,False,False,False,False,False,False,False,False,False,False,False,False,False,False,False,False,False,False,False,False,False,False,False,f1c2_dd002,0,0,67092,0,286,5002,112167,0,0,562,60002,0,0,0,1,0,142,11,0,0,1,0,1,0,0,0,21,0,0,-1,False,False,False,True,False,False,True,True,False,False,False,False,False,False,True,False,False,False,True,False,False,False,True,True
176,死者宮殿 地下21～30層,,False,False,False,False,False,False,False,False,False,False,False,False,False,False,False,False,False,False,False,False,False,False,False,False,False,False,False,False,False,False,False,False,False,False,False,False,False,False,False,False,False,f1c3_dd003,0,0,67092,0,286,5003,112168,0,0,563,60003,0,0,0,1,0,142,11,0,0,1,0,1,0,0,0,21,0,0,-1,False,False,False,True,False,False,True,True,False,False,False,False,False,False,True,False,False,False,True,False,False,False,True,True
177,死者宮殿 地下31～40層,,False,False,False,False,False,False,False,False,False,False,False,False,False,False,False,False,False,False,False,False,False,False,False,False,False,False,False,False,False,False,False,False,False,False,False,False,False,False,False,False,False,f1c4_dd004,0,0,67092,0,286,5004,112169,0,0,564,60004,0,0,0,1,0,142,11,0,0,1,0,1,0,0,0,21,0,0,-1,False,False,False,True,False,False,True,True,False,False,False,False,False,False,True,False,False,False,True,False,False,False,True,True
178,死者宮殿 地下41～50層,,False,False,False,False,False,False,False,False,False,False,False,False,False,False,False,False,False,False,False,False,False,False,False,False,False,False,False,False,False,False,False,False,False,False,False,False,False,False,False,False,False,f1c4_dd005,0,0,67092,0,286,5005,112170,0,0,565,60005,0,0,0,1,0,142,11,0,0,1,0,1,0,0,0,21,0,0,-1,False,False,False,True,False,False,True,True,False,False,False,False,False,False,True,False,False,False,True,False,False,False,True,True
179,水城寶物庫,,False,False,False,False,False,False,False,False,False,False,False,False,False,False,False,False,False,False,False,False,False,False,False,False,False,False,False,False,False,False,False,False,False,False,False,False,False,False,False,False,False,w1c1,0,0,0,0,0,9001,0,0,0,558,55001,0,180,0,1,0,108,3,0,0,0,0,1,60,0,0,9,0,0,-1,False,False,False,True,False,False,False,True,False,False,False,False,False,False,False,False,True,False,True,False,False,False,True,True
180,榮譽野（碎冰戰）,,False,False,False,False,False,False,True,False,False,False,False,False,False,False,False,False,False,False,False,False,False,False,False,False,False,False,False,False,False,False,False,False,False,False,False,False,False,False,False,False,False,r2p1,0,3,0,0,0,4016,112165,0,0,554,50005,0,0,302,1,0,146,7,3,4,0,0,30,0,0,0,6,3,0,-1,True,True,False,False,False,False,True,False,False,False,False,True,True,False,True,False,False,False,True,False,True,False,True,True
181,亡靈府邸鬧鬼莊園,,False,False,False,False,False,False,False,False,False,False,False,False,False,False,False,False,False,False,False,False,False,False,False,False,False,False,False,False,False,False,False,False,False,False,False,False,False,False,False,False,False,f1d9,0,0,69206,0,0,0,112196,80103,0,571,25001,0,0,0,1,0,108,11,0,0,1,0,1,1,1,0,22,0,0,-1,False,False,False,False,False,False,True,True,False,False,False,False,False,False,True,False,False,False,True,False,False,False,True,True
182,險峻峽谷塞爾法特爾溪谷,,False,True,False,False,False,False,False,False,True,False,False,False,False,False,False,False,False,False,False,False,False,False,False,False,False,False,False,False,False,False,False,False,False,False,False,False,False,False,False,False,False,r2d3_re,0,0,0,0,283,46,112186,0,0,1113,46,210,0,54,1,1,108,2,0,0,0,0,60,60,1,0,2,7,0,-1,False,False,False,True,True,False,True,True,True,False,False,True,True,False,True,False,False,False,True,False,False,False,True,True
183,女神索菲亞殲滅戰,,False,False,False,False,False,True,False,False,True,False,False,False,False,False,False,False,False,False,False,False,False,False,False,False,False,False,False,False,False,False,False,False,False,False,False,False,False,False,False,False,False,a2fe,0,0,0,0,285,2038,112201,0,0,576,20041,220,0,115,1,1,108,3,0,0,0,0,60,60,0,0,4,9,0,-1,False,False,False,True,True,False,True,True,False,False,False,True,True,False,True,False,False,False,True,False,False,False,True,True
184,極 女神索菲亞殲滅戰,,False,False,False,False,False,False,False,False,True,False,False,False,False,False,False,False,False,False,False,False,False,False,False,False,False,False,False,False,False,False,False,False,False,False,False,False,False,False,False,False,False,a2fe_2,0,0,0,0,285,2039,112202,0,0,577,20042,235,0,125,1,1,108,3,0,0,0,0,60,60,1,0,4,20,0,-1,False,False,False,True,True,False,True,True,False,False,False,True,True,False,True,False,False,False,True,False,False,False,True,True
185,,,False,False,False,False,False,False,False,False,False,False,False,False,False,False,False,False,False,False,False,False,False,False,False,False,False,False,False,False,False,False,False,False,False,False,False,False,False,False,False,False,False,,0,0,0,0,0,0,0,0,0,0,0,0,0,0,0,0,0,0,0,0,0,0,0,0,0,0,0,0,0,0,False,False,False,False,False,False,False,False,False,False,False,False,False,False,False,False,False,False,False,False,False,False,False,False
186,亞歷山大機神城 天動之章1,,False,False,False,False,False,False,False,False,True,False,False,False,False,False,False,False,True,False,False,False,False,False,False,False,False,False,False,False,False,False,False,False,False,False,False,False,False,False,False,False,False,d2a9,0,0,0,0,284,3039,112188,0,0,580,30039,230,0,48,1,1,108,3,0,0,0,0,60,60,1,0,5,11,0,-1,False,False,False,True,True,False,True,True,False,False,False,True,True,False,True,False,False,False,True,False,False,False,True,True
187,亞歷山大機神城 天動之章2,,False,False,False,False,False,False,False,False,True,False,False,False,False,False,False,False,True,False,False,False,False,False,False,False,False,False,False,False,False,False,False,False,False,False,False,False,False,False,False,False,False,d2aa,0,0,0,0,284,3040,112189,0,0,581,30040,230,0,49,1,1,108,3,0,0,0,0,60,60,1,0,5,11,0,-1,False,False,False,True,True,False,True,True,False,False,False,True,True,False,True,False,False,False,True,False,False,False,True,True
188,亞歷山大機神城 天動之章3,,False,False,False,False,False,False,False,False,True,False,False,False,False,False,False,False,True,False,False,False,False,False,False,False,False,False,False,False,False,False,False,False,False,False,False,False,False,False,False,False,False,d2ab,0,0,0,0,284,3041,112190,0,0,582,30041,230,0,50,1,1,108,3,0,0,0,0,60,60,1,0,5,11,0,-1,False,False,False,True,True,False,True,True,False,False,False,True,True,False,True,False,False,False,True,False,False,False,True,True
189,亞歷山大機神城 天動之章4,,False,False,False,False,False,False,False,False,True,False,False,False,False,False,False,False,True,False,False,False,False,False,False,False,False,False,False,False,False,False,False,False,False,False,False,False,False,False,False,False,False,d2ac,0,0,0,0,284,3042,112191,0,0,583,30042,230,0,51,1,1,108,3,0,0,0,0,60,60,1,0,5,11,0,-1,False,False,False,True,True,False,True,True,False,False,False,True,True,False,True,False,False,False,True,False,False,False,True,True
190,亞歷山大零式機神城 天動之章1,,False,False,False,False,False,False,False,False,False,False,False,False,False,False,False,False,False,False,False,False,False,False,False,False,False,False,False,False,False,False,False,False,False,False,False,False,False,False,False,False,False,d2a9_2,0,0,0,0,284,3043,112192,0,0,584,30043,245,0,60,1,1,108,3,0,0,0,0,60,60,1,0,5,13,0,-1,False,False,False,True,True,False,True,True,False,False,False,True,True,False,True,False,False,False,True,False,False,False,True,True
191,亞歷山大零式機神城 天動之章2,,False,False,False,False,False,False,False,False,False,False,False,False,False,False,False,False,False,False,False,False,False,False,False,False,False,False,False,False,False,False,False,False,False,False,False,False,False,False,False,False,False,d2aa_2,0,0,0,0,284,3044,112193,0,0,585,30044,250,0,61,1,1,108,3,0,0,0,0,60,60,1,0,5,13,0,-1,False,False,False,True,True,False,True,True,False,False,False,True,True,False,True,False,False,False,True,False,False,False,True,True
192,亞歷山大零式機神城 天動之章3,,False,False,False,False,False,False,False,False,False,False,False,False,False,False,False,False,False,False,False,False,False,False,False,False,False,False,False,False,False,False,False,False,False,False,False,False,False,False,False,False,False,d2ab_2,0,0,0,0,284,3045,112194,0,0,586,30045,255,0,62,1,1,108,3,0,0,0,0,60,60,1,0,5,13,0,-1,False,False,False,True,True,False,True,True,False,False,False,True,True,False,True,False,False,False,True,False,False,False,True,True
193,亞歷山大零式機神城 天動之章4,,False,False,False,False,False,False,False,False,False,False,False,False,False,False,False,False,False,False,False,False,False,False,False,False,False,False,False,False,False,False,False,False,False,False,False,False,False,False,False,False,False,d2ac_2,0,0,0,0,284,3046,112195,0,0,587,30046,255,0,63,1,1,108,3,0,0,0,0,60,60,1,0,5,13,0,-1,False,False,False,True,True,False,True,True,False,False,False,True,True,False,True,False,False,False,True,False,False,False,True,True
194,糾纏不清的宿命,,False,False,False,False,False,False,False,False,False,False,False,False,False,False,False,False,False,False,False,False,False,False,False,False,False,False,False,False,False,False,False,False,False,False,False,False,False,False,False,False,False,ec003,0,0,0,0,0,0,0,0,0,592,5003,0,0,0,1,1,142,1,0,0,0,0,1,60,0,0,7,0,0,-1,False,False,False,False,False,False,False,True,False,False,False,False,False,False,False,False,False,False,True,False,False,False,True,True
195,九宮幻卡：幻卡對局室,幻卡對局室,False,False,False,False,False,False,False,False,False,False,False,False,False,False,False,False,False,False,False,False,False,False,False,False,False,False,False,False,False,False,False,False,False,False,False,False,False,False,False,False,False,w1ee,0,0,0,0,0,7002,112197,0,0,579,2,0,0,1,3,0,109,12,0,0,0,0,1,0,0,0,19,4,0,-1,True,False,False,True,True,False,True,False,False,False,False,True,True,False,True,False,False,False,False,False,True,False,True,True
196,秘本寶庫迦巴勒幻想圖書館,,False,True,False,False,False,False,False,False,True,False,False,False,False,False,False,False,False,False,False,False,False,False,False,False,False,False,False,False,False,False,False,False,False,False,False,False,False,False,False,False,False,d2d7,0,0,0,0,283,47,112187,0,0,578,47,210,0,55,1,1,108,2,0,0,0,0,60,60,1,0,2,7,0,-1,False,False,False,True,True,False,True,True,True,False,False,True,True,False,True,False,False,False,True,False,False,False,True,True
197,萌寵之王：PvP（績點賽）,PvP（績點賽）,False,False,False,False,False,False,False,False,False,False,False,False,False,False,False,False,False,False,False,False,False,False,False,False,False,False,False,False,False,False,False,False,False,False,False,False,False,False,False,False,False,s1p3_2,0,0,0,0,0,8001,112199,0,0,589,1,0,0,12,4,0,109,10,3,1,0,0,1,0,0,0,19,5,0,-1,True,True,False,False,False,False,False,False,False,False,False,True,True,False,True,False,False,False,False,False,True,False,True,True
198,萌寵之王：大賽對戰（PvP）,大賽對戰（PvP）,False,False,False,False,False,False,False,False,False,False,False,False,False,False,False,False,False,False,False,False,False,False,False,False,False,False,False,False,False,False,False,False,False,False,False,False,False,False,False,False,False,s1p3_3,0,0,0,0,0,8002,112200,0,0,590,2,0,0,16,4,0,109,10,3,1,0,0,1,0,0,0,19,5,0,-1,True,True,False,False,False,False,False,False,False,False,False,True,True,False,True,False,False,False,False,True,True,False,True,True
199,萌寵之王：PvP（無績點賽）,PvP（無績點賽）,False,False,False,False,False,False,False,False,False,False,False,False,False,False,False,False,False,False,False,False,False,False,False,False,False,False,False,False,False,False,False,False,False,False,False,False,False,False,False,False,False,s1p3_4,0,0,0,0,0,8003,112198,0,0,591,3,0,0,11,4,0,109,10,3,2,0,0,1,0,0,0,19,5,0,-1,True,True,False,False,False,False,False,False,False,False,False,True,True,False,True,False,False,False,False,False,True,False,True,True
200,,,False,False,False,False,False,False,False,False,False,False,False,False,False,False,False,False,False,False,False,False,False,False,False,False,False,False,False,False,False,False,False,False,False,False,False,False,False,False,False,False,False,,0,0,0,0,0,0,0,0,0,0,0,0,0,0,0,0,0,0,0,0,0,0,0,0,0,0,0,0,0,0,False,False,False,False,False,False,False,False,False,False,False,False,False,False,False,False,False,False,False,False,False,False,False,False
201,,,False,False,False,False,False,False,False,False,False,False,False,False,False,False,False,False,False,False,False,False,False,False,False,False,False,False,False,False,False,False,False,False,False,False,False,False,False,False,False,False,False,,0,0,0,0,0,0,0,0,0,0,0,0,0,0,0,0,0,0,0,0,0,0,0,0,0,0,0,0,0,0,False,False,False,False,False,False,False,False,False,False,False,False,False,False,False,False,False,False,False,False,False,False,False,False
202,雲冠群島白晝探索（狩獵專用）,,False,False,False,False,False,False,False,False,False,False,False,False,False,False,False,False,False,False,False,False,False,False,False,False,False,False,False,False,False,False,False,False,False,False,False,False,False,False,False,False,False,a2fc_4,0,0,67205,0,0,6004,112119,0,0,624,4,179,0,4,2,1,142,8,0,0,1,0,60,0,4,0,23,0,0,-1,False,False,False,True,False,False,True,True,False,False,False,False,False,False,True,False,False,False,True,False,False,False,True,True
203,雲冠群島黃昏探索（狩獵專用）,,False,False,False,False,False,False,False,False,False,False,False,False,False,False,False,False,False,False,False,False,False,False,False,False,False,False,False,False,False,False,False,False,False,False,False,False,False,False,False,False,False,a2fc_5,0,0,67205,0,0,6005,112120,0,0,625,5,179,0,5,2,1,142,8,0,0,1,0,60,0,4,0,23,0,0,-1,False,False,False,True,False,False,True,True,False,False,False,False,False,False,True,False,False,False,True,False,False,False,True,True
204,死者宮殿 地下51～60層,,False,False,False,False,False,False,False,False,False,False,False,False,False,False,False,False,False,False,False,False,False,False,False,False,False,False,False,False,False,False,False,False,False,False,False,False,False,False,False,False,False,f1c5_dd006,0,0,67923,0,286,5006,112171,0,0,593,60006,0,0,0,1,1,142,11,0,0,1,0,1,0,0,0,21,0,0,-1,False,False,False,True,False,False,True,True,False,False,False,False,False,False,True,False,False,False,True,False,False,False,True,True
205,死者宮殿 地下61～70層,,False,False,False,False,False,False,False,False,False,False,False,False,False,False,False,False,False,False,False,False,False,False,False,False,False,False,False,False,False,False,False,False,False,False,False,False,False,False,False,False,False,f1c5_dd007,0,0,67923,0,286,5007,112172,0,0,594,60007,0,0,0,1,1,142,11,0,0,1,0,1,0,0,0,21,0,0,-1,False,False,False,True,False,False,True,True,False,False,False,False,False,False,True,False,False,False,True,False,False,False,True,True
206,死者宮殿 地下71～80層,,False,False,False,False,False,False,False,False,False,False,False,False,False,False,False,False,False,False,False,False,False,False,False,False,False,False,False,False,False,False,False,False,False,False,False,False,False,False,False,False,False,f1c5_dd008,0,0,67923,0,286,5008,112173,0,0,595,60008,0,0,0,1,1,142,11,0,0,1,0,1,0,0,0,21,0,0,-1,False,False,False,True,False,False,True,True,False,False,False,False,False,False,True,False,False,False,True,False,False,False,True,True
207,死者宮殿 地下81～90層,,False,False,False,False,False,False,False,False,False,False,False,False,False,False,False,False,False,False,False,False,False,False,False,False,False,False,False,False,False,False,False,False,False,False,False,False,False,False,False,False,False,f1c6_dd009,0,0,67923,0,286,5009,112174,0,0,596,60009,0,0,0,1,1,142,11,0,0,1,0,1,0,0,0,21,0,0,-1,False,False,False,True,False,False,True,True,False,False,False,False,False,False,True,False,False,False,True,False,False,False,True,True
208,死者宮殿 地下91～100層,,False,False,False,False,False,False,False,False,False,False,False,False,False,False,False,False,False,False,False,False,False,False,False,False,False,False,False,False,False,False,False,False,False,False,False,False,False,False,False,False,False,f1c6_dd010,0,0,67923,0,286,5010,112175,0,0,597,60010,0,0,0,1,1,142,11,0,0,1,0,1,0,0,0,21,0,0,-1,False,False,False,True,False,False,True,True,False,False,False,False,False,False,True,False,False,False,True,False,False,False,True,True
209,死者宮殿 地下101～110層,,False,False,False,False,False,False,False,False,False,False,False,False,False,False,False,False,False,False,False,False,False,False,False,False,False,False,False,False,False,False,False,False,False,False,False,False,False,False,False,False,False,f1c6_dd011,0,0,67923,0,286,5011,112176,0,0,598,60011,0,0,0,1,1,142,11,0,0,1,0,1,0,0,0,21,0,0,-1,False,False,False,True,False,False,True,True,False,False,False,False,False,False,True,False,False,False,True,False,False,False,True,True
210,死者宮殿 地下111～120層,,False,False,False,False,False,False,False,False,False,False,False,False,False,False,False,False,False,False,False,False,False,False,False,False,False,False,False,False,False,False,False,False,False,False,False,False,False,False,False,False,False,f1c8_dd012,0,0,67923,0,286,5012,112177,0,0,599,60012,0,0,0,1,1,142,11,0,0,1,0,1,0,0,0,21,0,0,-1,False,False,False,True,False,False,True,True,False,False,False,False,False,False,True,False,False,False,True,False,False,False,True,True
211,死者宮殿 地下121～130層,,False,False,False,False,False,False,False,False,False,False,False,False,False,False,False,False,False,False,False,False,False,False,False,False,False,False,False,False,False,False,False,False,False,False,False,False,False,False,False,False,False,f1c8_dd013,0,0,67923,0,286,5013,112178,0,0,600,60013,0,0,0,1,1,142,11,0,0,1,0,1,0,0,0,21,0,0,-1,False,False,False,True,False,False,True,True,False,False,False,False,False,False,True,False,False,False,True,False,False,False,True,True
212,死者宮殿 地下131～140層,,False,False,False,False,False,False,False,False,False,False,False,False,False,False,False,False,False,False,False,False,False,False,False,False,False,False,False,False,False,False,False,False,False,False,False,False,False,False,False,False,False,f1c9_dd014,0,0,67923,0,286,5014,112179,0,0,601,60014,0,0,0,1,1,142,11,0,0,1,0,1,0,0,0,21,0,0,-1,False,False,False,True,False,False,True,True,False,False,False,False,False,False,True,False,False,False,True,False,False,False,True,True
213,死者宮殿 地下141～150層,,False,False,False,False,False,False,False,False,False,False,False,False,False,False,False,False,False,False,False,False,False,False,False,False,False,False,False,False,False,False,False,False,False,False,False,False,False,False,False,False,False,f1c9_dd015,0,0,67923,0,286,5015,112180,0,0,602,60015,0,0,0,1,1,142,11,0,0,1,0,1,0,0,0,21,0,0,-1,False,False,False,True,False,False,True,True,False,False,False,False,False,False,True,False,False,False,True,False,False,False,True,True
214,死者宮殿 地下151～160層,,False,False,False,False,False,False,False,False,False,False,False,False,False,False,False,False,False,False,False,False,False,False,False,False,False,False,False,False,False,False,False,False,False,False,False,False,False,False,False,False,False,f1c7_dd016,0,0,67923,0,286,5016,112181,0,0,603,60016,0,0,0,1,1,142,11,0,0,1,0,1,0,0,0,21,0,0,-1,False,False,False,True,False,False,True,True,False,False,False,False,False,False,True,False,False,False,True,False,False,False,True,True
215,死者宮殿 地下161～170層,,False,False,False,False,False,False,False,False,False,False,False,False,False,False,False,False,False,False,False,False,False,False,False,False,False,False,False,False,False,False,False,False,False,False,False,False,False,False,False,False,False,f1c7_dd017,0,0,67923,0,286,5017,112182,0,0,604,60017,0,0,0,1,1,142,11,0,0,1,0,1,0,0,0,21,0,0,-1,False,False,False,True,False,False,True,True,False,False,False,False,False,False,True,False,False,False,True,False,False,False,True,True
216,死者宮殿 地下171～180層,,False,False,False,False,False,False,False,False,False,False,False,False,False,False,False,False,False,False,False,False,False,False,False,False,False,False,False,False,False,False,False,False,False,False,False,False,False,False,False,False,False,f1c7_dd018,0,0,67923,0,286,5018,112183,0,0,605,60018,0,0,0,1,1,142,11,0,0,1,0,1,0,0,0,21,0,0,-1,False,False,False,True,False,False,True,True,False,False,False,False,False,False,True,False,False,False,True,False,False,False,True,True
217,死者宮殿 地下181～190層,,False,False,False,False,False,False,False,False,False,False,False,False,False,False,False,False,False,False,False,False,False,False,False,False,False,False,False,False,False,False,False,False,False,False,False,False,False,False,False,False,False,f1c7_dd019,0,0,67923,0,286,5019,112184,0,0,606,60019,0,0,0,1,1,142,11,0,0,1,0,1,0,0,0,21,0,0,-1,False,False,False,True,False,False,True,True,False,False,False,False,False,False,True,False,False,False,True,False,False,False,True,True
218,死者宮殿 地下191～200層,,False,False,False,False,False,False,False,False,False,False,False,False,False,False,False,False,False,False,False,False,False,False,False,False,False,False,False,False,False,False,False,False,False,False,False,False,False,False,False,False,False,f1c7_dd020,0,0,67923,0,286,5020,112185,0,0,607,60020,0,0,0,1,1,142,11,0,0,1,0,1,0,0,0,21,0,0,-1,False,False,False,True,False,False,True,True,False,False,False,False,False,False,True,False,False,False,True,False,False,False,True,True
219,堅牢鐵壁巴埃薩長城,,False,True,False,False,False,False,False,False,True,False,False,False,False,False,False,False,False,False,False,False,False,False,False,False,False,False,False,False,False,False,False,False,False,False,False,False,False,False,False,False,False,f1da_re,0,0,0,0,283,48,112214,0,0,1114,48,230,0,56,1,1,108,2,0,0,0,0,60,60,1,0,2,7,0,-1,False,False,False,True,True,False,True,True,True,False,False,True,True,False,True,False,False,False,True,False,False,False,True,True
220,影之國,,False,False,False,False,False,False,False,False,True,False,False,False,False,False,True,False,False,False,False,False,False,False,False,False,False,False,False,False,False,False,False,False,False,False,False,False,False,False,False,False,False,z2r3,0,0,0,0,284,3047,112203,0,0,627,30047,235,0,32,1,1,108,4,0,0,0,0,60,60,2,0,5,15,0,-1,False,False,False,True,True,False,True,True,False,False,False,True,True,False,True,False,False,False,True,False,False,False,True,True
221,天山深境索姆阿爾靈峰,,False,True,False,False,False,False,False,False,True,False,False,False,False,False,False,False,False,False,False,False,False,False,False,False,False,False,False,False,False,False,False,False,False,False,False,False,False,False,False,False,False,d2d8,0,0,0,0,283,49,112215,0,0,617,49,230,0,57,1,1,108,2,0,0,0,0,60,60,1,0,2,7,0,-1,False,False,False,True,True,False,True,True,True,False,False,True,True,False,True,False,False,False,True,False,False,False,True,True
222,加爾提諾平原遭遇戰,,False,False,False,False,False,False,False,False,False,False,False,False,False,False,False,False,False,False,False,False,False,False,False,False,False,False,False,False,False,False,False,False,False,False,False,False,False,False,False,False,False,ec004,0,0,0,0,0,0,0,0,0,633,5004,0,0,0,1,1,142,1,0,0,0,0,1,60,0,0,7,0,0,-1,False,False,False,False,False,False,False,True,False,False,False,False,False,False,False,False,False,False,True,False,False,False,True,True
223,鬼神祖爾宛殲滅戰,,False,False,False,False,False,True,False,False,True,False,False,False,False,False,False,False,False,False,False,False,False,False,False,False,False,False,False,False,False,False,False,False,False,False,False,False,False,False,False,False,False,a2fg,0,0,0,0,285,2040,112212,0,0,637,20043,235,0,116,1,1,108,3,0,0,0,0,60,60,0,0,4,9,0,-1,False,False,False,True,True,False,True,True,False,False,False,True,True,False,True,False,False,False,True,False,False,False,True,True
224,極 鬼神祖爾宛殲滅戰,,False,False,False,False,False,False,False,False,True,False,False,False,False,False,False,False,False,False,False,False,False,False,False,False,False,False,False,False,False,False,False,False,False,False,False,False,False,False,False,False,False,a2fg_2,0,0,0,0,285,2041,112213,0,0,638,20044,250,0,126,1,1,108,3,0,0,0,0,60,60,1,0,4,20,0,-1,False,False,False,True,True,False,True,True,False,False,False,True,True,False,True,False,False,False,True,False,False,False,True,True
225,雲冠群島戰爭神獵場,,False,False,False,False,False,False,False,False,False,False,False,False,False,False,False,False,False,False,False,False,False,False,False,False,False,False,False,False,False,False,False,False,False,False,False,False,False,False,False,False,False,a2fh,0,0,67205,0,0,6006,112221,0,0,630,6,220,0,6,2,1,142,8,0,0,1,0,60,60,4,0,23,0,0,-1,False,False,False,True,False,False,True,True,False,False,False,False,False,False,True,False,False,False,True,False,False,False,True,True
226,,,False,False,False,False,False,False,False,False,False,False,False,False,False,False,False,False,False,False,False,False,False,False,False,False,False,False,False,False,False,False,False,False,False,False,False,False,False,False,False,False,False,,0,0,0,0,0,0,0,0,0,0,0,0,0,0,0,0,0,0,0,0,0,0,0,0,0,0,0,0,0,0,False,False,False,False,False,False,False,False,False,False,False,False,False,False,False,False,False,False,False,False,False,False,False,False
227,,,False,False,False,False,False,False,False,False,False,False,False,False,False,False,False,False,False,False,False,False,False,False,False,False,False,False,False,False,False,False,False,False,False,False,False,False,False,False,False,False,False,,0,0,0,0,0,0,0,0,0,0,0,0,0,0,0,0,0,0,0,0,0,0,0,0,0,0,0,0,0,0,False,False,False,False,False,False,False,False,False,False,False,False,False,False,False,False,False,False,False,False,False,False,False,False
228,,,False,False,False,False,False,False,False,False,False,False,False,False,False,False,False,False,False,False,False,False,False,False,False,False,False,False,False,False,False,False,False,False,False,False,False,False,False,False,False,False,False,,0,0,0,0,0,0,0,0,0,0,0,0,0,0,0,0,0,0,0,0,0,0,0,0,0,0,0,0,0,0,False,False,False,False,False,False,False,False,False,False,False,False,False,False,False,False,False,False,False,False,False,False,False,False
229,,,False,False,False,False,False,False,False,False,False,False,False,False,False,False,False,False,False,False,False,False,False,False,False,False,False,False,False,False,False,False,False,False,False,False,False,False,False,False,False,False,False,,0,0,0,0,0,0,0,0,0,0,0,0,0,0,0,0,0,0,0,0,0,0,0,0,0,0,0,0,0,0,False,False,False,False,False,False,False,False,False,False,False,False,False,False,False,False,False,False,False,False,False,False,False,False
230,,,False,False,False,False,False,False,False,False,False,False,False,False,False,False,False,False,False,False,False,False,False,False,False,False,False,False,False,False,False,False,False,False,False,False,False,False,False,False,False,False,False,,0,0,0,0,0,0,0,0,0,0,0,0,0,0,0,0,0,0,0,0,0,0,0,0,0,0,0,0,0,0,False,False,False,False,False,False,False,False,False,False,False,False,False,False,False,False,False,False,False,False,False,False,False,False
231,,,False,False,False,False,False,False,False,False,False,False,False,False,False,False,False,False,False,False,False,False,False,False,False,False,False,False,False,False,False,False,False,False,False,False,False,False,False,False,False,False,False,,0,0,0,0,0,0,0,0,0,0,0,0,0,0,0,0,0,0,0,0,0,0,0,0,0,0,0,0,0,0,False,False,False,False,False,False,False,False,False,False,False,False,False,False,False,False,False,False,False,False,False,False,False,False
232,,,False,False,False,False,False,False,False,False,False,False,False,False,False,False,False,False,False,False,False,False,False,False,False,False,False,False,False,False,False,False,False,False,False,False,False,False,False,False,False,False,False,,0,0,0,0,0,0,0,0,0,0,0,0,0,0,0,0,0,0,0,0,0,0,0,0,0,0,0,0,0,0,False,False,False,False,False,False,False,False,False,False,False,False,False,False,False,False,False,False,False,False,False,False,False,False
233,,,False,False,False,False,False,False,False,False,False,False,False,False,False,False,False,False,False,False,False,False,False,False,False,False,False,False,False,False,False,False,False,False,False,False,False,False,False,False,False,False,False,,0,0,0,0,0,0,0,0,0,0,0,0,0,0,0,0,0,0,0,0,0,0,0,0,0,0,0,0,0,0,False,False,False,False,False,False,False,False,False,False,False,False,False,False,False,False,False,False,False,False,False,False,False,False
234,雲冠群島豐饒神福地,,False,False,False,False,False,False,False,False,False,False,False,False,False,False,False,False,False,False,False,False,False,False,False,False,False,False,False,False,False,False,False,False,False,False,False,False,False,False,False,False,False,a2fh_2,0,0,67205,0,0,6007,112222,0,0,656,7,179,0,7,2,1,142,16,0,0,1,0,60,60,4,0,23,0,0,-1,False,False,False,True,False,False,True,True,False,False,False,False,False,False,True,False,False,False,True,False,False,False,True,True
235,海底宮殿紫水宮,,True,False,False,False,False,False,False,False,True,False,False,False,False,False,False,False,False,False,False,False,False,False,False,False,False,False,False,False,False,False,False,False,False,False,False,False,False,False,False,False,False,e3d1,0,0,0,0,287,50,112227,0,0,616,50,245,0,59,1,2,108,2,0,0,0,0,63,64,1,0,2,30,0,-1,False,False,False,True,True,False,True,True,True,False,False,True,True,False,True,False,False,False,True,False,False,False,True,True
236,修行古剎星導寺,,False,True,False,False,False,False,False,False,True,False,False,False,False,False,False,False,False,False,False,False,False,False,False,False,False,False,False,False,False,False,False,False,False,False,False,False,False,False,False,False,False,g3d3,0,0,0,0,287,51,112233,0,0,663,51,280,340,65,1,2,108,2,0,0,0,0,70,70,1,0,2,30,0,-1,False,False,False,True,True,False,True,True,True,False,False,True,True,False,True,False,False,False,True,False,False,False,True,True
237,魚道現身！,,False,False,False,False,False,False,False,False,False,False,False,False,False,False,False,False,False,False,False,False,False,False,False,False,False,False,False,False,False,False,False,False,False,False,False,False,False,False,False,False,False,ec005,0,0,0,0,0,0,0,0,0,665,5005,0,0,0,1,2,142,1,0,0,0,0,1,63,0,0,7,0,0,-1,False,False,False,True,False,False,False,True,False,False,False,False,False,False,False,False,False,False,True,False,False,False,True,True
238,漂流海域賽蓮海,,True,False,False,False,False,False,False,False,True,False,False,False,False,False,False,False,False,False,False,False,False,False,False,False,False,False,False,False,False,False,False,False,False,False,False,False,False,False,False,False,False,o3d1_re,0,0,0,0,287,52,112226,0,0,1142,52,240,0,58,1,2,108,2,0,0,0,0,61,62,1,0,2,30,0,-1,False,False,False,True,True,False,True,True,True,False,False,True,True,False,True,False,False,False,True,False,False,False,True,True
239,神龍殲滅戰,,False,False,False,False,False,True,False,False,True,False,False,False,False,False,False,False,False,False,False,False,False,False,False,False,False,False,False,False,False,False,False,False,False,False,False,False,False,False,False,False,False,g3fb,0,0,0,0,289,2042,112244,0,0,679,20045,280,0,132,1,2,108,3,0,0,0,0,70,70,0,0,4,21,0,-1,False,False,False,True,True,False,True,True,False,False,False,True,True,False,True,False,False,False,True,False,False,False,True,True
240,試煉行路巴兒達木霸道,,True,False,False,False,False,False,False,False,True,False,False,False,False,False,False,False,False,False,False,False,False,False,False,False,False,False,False,False,False,False,False,False,False,False,False,False,False,False,False,False,False,e3d2_re,0,0,0,0,287,53,112228,0,0,1143,53,250,0,60,1,2,108,2,0,0,0,0,65,66,1,0,2,30,0,-1,False,False,False,True,True,False,True,True,True,False,False,True,True,False,True,False,False,False,True,False,False,False,True,True
241,解放決戰多瑪王城,,True,False,False,False,False,False,False,False,True,False,False,False,False,False,False,False,False,False,False,False,False,False,False,False,False,False,False,False,False,False,False,False,False,False,False,False,False,False,False,False,False,e3d3_re,0,0,0,0,287,54,112229,0,0,1144,54,255,0,61,1,2,108,2,0,0,0,0,67,68,1,0,2,30,0,-1,False,False,False,True,True,False,True,True,True,False,False,True,True,False,True,False,False,False,True,False,False,False,True,True
242,巨砲要塞帝國白山堡,,True,False,False,False,False,False,False,False,True,False,False,False,False,False,False,False,False,False,False,False,False,False,False,False,False,False,False,False,False,False,False,False,False,False,False,False,False,False,False,False,False,g3d1_re,0,0,0,0,287,55,112230,0,0,1145,55,260,290,62,1,2,108,2,0,0,0,0,69,70,1,0,2,30,0,-1,False,False,False,True,True,False,True,True,True,False,False,True,True,False,True,False,False,False,True,False,False,False,True,True
243,須佐之男殲滅戰,,False,False,False,False,False,True,False,False,True,False,False,False,False,False,False,False,False,False,False,False,False,False,False,False,False,False,False,False,False,False,False,False,False,False,False,False,False,False,False,False,False,e3fa,0,0,0,0,289,2043,112242,0,0,674,20046,0,0,130,1,2,108,3,0,0,0,0,63,64,0,0,4,21,0,-1,False,False,False,True,True,False,True,True,False,False,False,True,True,False,True,False,False,False,True,False,False,False,True,True
244,極 須佐之男殲滅戰,,False,False,False,False,False,False,False,False,True,False,False,False,False,False,False,False,False,False,False,False,False,False,False,False,False,False,False,False,False,False,False,False,False,False,False,False,False,False,False,False,False,e3fa_2,0,0,0,0,289,2044,112245,0,0,677,20047,300,0,150,1,2,108,3,0,0,0,0,70,70,1,0,4,22,0,-1,False,False,False,True,True,False,True,True,False,False,False,True,True,False,True,False,False,False,True,False,False,False,True,True
245,抗爭之力,,False,False,False,False,False,False,False,False,False,False,False,False,False,False,False,False,False,False,False,False,False,False,False,False,False,False,False,False,False,False,False,False,False,False,False,False,False,False,False,False,False,e0182,0,0,0,0,0,0,0,0,0,707,5007,0,0,0,1,2,142,1,0,0,0,0,70,70,0,0,7,0,0,-1,False,False,False,False,False,False,False,True,False,False,False,False,False,False,False,False,False,False,True,False,False,False,True,True
246,那達慕,,False,False,False,False,False,False,False,False,False,False,False,False,False,False,False,False,False,False,False,False,False,False,False,False,False,False,False,False,False,False,False,False,False,False,False,False,False,False,False,False,False,ec006,0,0,0,0,0,0,0,0,0,688,5008,0,0,0,1,2,142,1,0,0,0,0,1,68,0,0,7,0,0,-1,False,False,False,False,False,False,False,True,False,False,False,False,False,False,False,False,False,False,True,False,False,False,True,True
247,紅蓮決戰阿拉米格,,False,True,False,False,False,False,False,False,True,False,False,False,False,False,False,False,False,False,False,False,False,False,False,False,False,False,False,False,False,False,False,False,False,False,False,False,False,False,False,False,False,g3d2_re,0,0,0,0,287,56,112231,0,0,1146,56,280,310,63,1,2,108,2,0,0,0,0,70,70,1,0,2,30,0,-1,False,False,False,True,True,False,True,True,True,False,False,True,True,False,True,False,False,False,True,False,False,False,True,True
248,海都路人身首異,,False,False,False,False,False,False,False,False,False,False,False,False,False,False,False,False,False,False,False,False,False,False,False,False,False,False,False,False,False,False,False,False,False,False,False,False,False,False,False,False,False,e0184,0,0,0,0,0,0,0,0,0,708,5009,0,0,0,1,2,142,1,0,0,0,0,54,56,0,0,7,0,0,-1,False,False,False,False,False,False,False,True,False,False,False,False,False,False,False,False,False,False,True,False,False,False,True,True
249,極惡之人木枯,,False,False,False,False,False,False,False,False,False,False,False,False,False,False,False,False,False,False,False,False,False,False,False,False,False,False,False,False,False,False,False,False,False,False,False,False,False,False,False,False,False,e0185,0,0,0,0,0,0,0,0,0,709,5010,0,0,0,1,2,142,1,0,0,0,0,60,62,0,0,7,0,0,-1,False,False,False,False,False,False,False,True,False,False,False,False,False,False,False,False,False,False,True,False,False,False,True,True
250,松葉門外之變,,False,False,False,False,False,False,False,False,False,False,False,False,False,False,False,False,False,False,False,False,False,False,False,False,False,False,False,False,False,False,False,False,False,False,False,False,False,False,False,False,False,e0186,0,0,0,0,0,0,0,0,0,710,5011,0,0,0,1,2,142,1,0,0,0,0,65,67,0,0,7,0,0,-1,False,False,False,False,False,False,False,True,False,False,False,False,False,False,False,False,False,False,True,False,False,False,True,True
251,決戰龜甲島,,False,False,False,False,False,False,False,False,False,False,False,False,False,False,False,False,False,False,False,False,False,False,False,False,False,False,False,False,False,False,False,False,False,False,False,False,False,False,False,False,False,e0187,0,0,0,0,0,0,0,0,0,711,5012,0,0,0,1,2,142,1,0,0,0,0,70,70,0,0,7,0,0,-1,False,False,False,False,False,False,False,True,False,False,False,False,False,False,False,False,False,False,True,False,False,False,True,True
252,歐米茄時空狹縫 德爾塔幻境1,,False,False,False,False,False,False,False,False,True,False,False,False,False,False,False,False,True,False,False,False,False,False,False,False,False,False,False,False,False,False,False,False,False,False,False,False,False,False,False,False,False,z3o2,0,0,0,0,288,3048,112234,0,0,691,30049,295,0,67,1,2,108,3,0,0,0,0,70,70,1,0,5,16,0,-1,False,False,False,True,True,False,True,True,False,False,False,True,True,False,True,False,False,False,True,False,False,False,True,True
253,歐米茄時空狹縫 德爾塔幻境2,,False,False,False,False,False,False,False,False,True,False,False,False,False,False,False,False,True,False,False,False,False,False,False,False,False,False,False,False,False,False,False,False,False,False,False,False,False,False,False,False,False,z3o3,0,0,0,0,288,3049,112235,0,0,692,30050,295,0,68,1,2,108,3,0,0,0,0,70,70,1,0,5,16,0,-1,False,False,False,True,True,False,True,True,False,False,False,True,True,False,True,False,False,False,True,False,False,False,True,True
254,歐米茄時空狹縫 德爾塔幻境3,,False,False,False,False,False,False,False,False,True,False,False,False,False,False,False,False,True,False,False,False,False,False,False,False,False,False,False,False,False,False,False,False,False,False,False,False,False,False,False,False,False,z3o4,0,0,0,0,288,3050,112236,0,0,693,30051,295,0,69,1,2,108,3,0,0,0,0,70,70,1,0,5,16,0,-1,False,False,False,True,True,False,True,True,False,False,False,True,True,False,True,False,False,False,True,False,False,False,True,True
255,歐米茄時空狹縫 德爾塔幻境4,,False,False,False,False,False,False,False,False,True,False,False,False,False,False,False,False,True,False,False,False,False,False,False,False,False,False,False,False,False,False,False,False,False,False,False,False,False,False,False,False,False,z3o5,0,0,0,0,288,3051,112237,0,0,694,30052,295,0,70,1,2,108,3,0,0,0,0,70,70,1,0,5,16,0,-1,False,False,False,True,True,False,True,True,False,False,False,True,True,False,True,False,False,False,True,False,False,False,True,True
256,歐米茄零式時空狹縫 德爾塔幻境1,,False,False,False,False,False,False,False,False,False,False,False,False,False,False,False,False,False,False,False,False,False,False,False,False,False,False,False,False,False,False,False,False,False,False,False,False,False,False,False,False,False,z3o2_2,0,0,0,0,288,3052,112238,0,0,695,30053,310,0,79,1,2,108,3,0,0,0,0,70,70,1,0,5,17,0,-1,False,False,False,True,True,False,True,True,False,False,False,True,True,False,True,False,False,False,True,False,False,False,True,True
257,歐米茄零式時空狹縫 德爾塔幻境2,,False,False,False,False,False,False,False,False,False,False,False,False,False,False,False,False,False,False,False,False,False,False,False,False,False,False,False,False,False,False,False,False,False,False,False,False,False,False,False,False,False,z3o3_2,0,0,0,0,288,3053,112239,0,0,696,30054,315,0,80,1,2,108,3,0,0,0,0,70,70,1,0,5,17,0,-1,False,False,False,True,True,False,True,True,False,False,False,True,True,False,True,False,False,False,True,False,False,False,True,True
258,歐米茄零式時空狹縫 德爾塔幻境3,,False,False,False,False,False,False,False,False,False,False,False,False,False,False,False,False,False,False,False,False,False,False,False,False,False,False,False,False,False,False,False,False,False,False,False,False,False,False,False,False,False,z3o4_2,0,0,0,0,288,3054,112240,0,0,697,30055,320,0,81,1,2,108,3,0,0,0,0,70,70,1,0,5,17,0,-1,False,False,False,True,True,False,True,True,False,False,False,True,True,False,True,False,False,False,True,False,False,False,True,True
259,歐米茄零式時空狹縫 德爾塔幻境4,,False,False,False,False,False,False,False,False,False,False,False,False,False,False,False,False,False,False,False,False,False,False,False,False,False,False,False,False,False,False,False,False,False,False,False,False,False,False,False,False,False,z3o5_2,0,0,0,0,288,3055,112241,0,0,698,30056,320,0,82,1,2,108,3,0,0,0,0,70,70,1,0,5,17,0,-1,False,False,False,True,True,False,True,True,False,False,False,True,True,False,True,False,False,False,True,False,False,False,True,True
260,原初的戰士,,False,False,False,False,False,False,False,False,False,False,False,False,False,False,False,False,False,False,False,False,False,False,False,False,False,False,False,False,False,False,False,False,False,False,False,False,False,False,False,False,False,e0174,0,0,0,0,0,0,0,0,0,717,5013,0,0,0,1,2,142,1,0,0,0,0,60,62,0,0,7,0,0,-1,False,False,False,False,False,False,False,True,False,False,False,False,False,False,False,False,False,False,True,False,False,False,True,True
261,大會開始,,False,False,False,False,False,False,False,False,False,False,False,False,False,False,False,False,False,False,False,False,False,False,False,False,False,False,False,False,False,False,False,False,False,False,False,False,False,False,False,False,False,e0168,0,0,0,0,0,0,0,0,0,705,5006,0,0,0,1,2,142,1,0,0,0,0,63,65,0,0,7,0,0,-1,False,False,False,False,False,False,False,True,False,False,False,False,False,False,False,False,False,False,True,False,False,False,True,True
262,惡黨孤城黃金閣,,False,True,False,False,False,False,False,False,True,False,False,False,False,False,False,False,False,False,False,False,False,False,False,False,False,False,False,False,False,False,False,False,False,False,False,False,False,False,False,False,False,e3d4,0,0,0,0,287,57,112232,0,0,662,57,280,340,64,1,2,108,2,0,0,0,0,70,70,1,0,2,30,0,-1,False,False,False,True,True,False,True,True,True,False,False,True,True,False,True,False,False,False,True,False,False,False,True,True
263,吉祥天女殲滅戰,,False,False,False,False,False,True,False,False,True,False,False,False,False,False,False,False,False,False,False,False,False,False,False,False,False,False,False,False,False,False,False,False,False,False,False,False,False,False,False,False,False,g3fa,0,0,0,0,289,2045,112243,0,0,719,20048,0,0,131,1,2,108,3,0,0,0,0,67,68,0,0,4,21,0,-1,False,False,False,True,True,False,True,True,False,False,False,True,True,False,True,False,False,False,True,False,False,False,True,True
264,極 吉祥天女殲滅戰,,False,False,False,False,False,False,False,False,True,False,False,False,False,False,False,False,False,False,False,False,False,False,False,False,False,False,False,False,False,False,False,False,False,False,False,False,False,False,False,False,False,g3fa_2,0,0,0,0,289,2046,112246,0,0,720,20049,300,0,151,1,2,108,3,0,0,0,0,70,70,1,0,4,22,0,-1,False,False,False,True,True,False,True,True,False,False,False,True,True,False,True,False,False,False,True,False,False,False,True,True
265,穿越時空的夙願,,False,False,False,False,False,False,False,False,False,False,False,False,False,False,False,False,False,False,False,False,False,False,False,False,False,False,False,False,False,False,False,False,False,False,False,False,False,False,False,False,False,e0171,0,0,0,0,0,0,0,0,0,722,5014,0,0,0,1,2,142,1,0,0,0,0,70,70,0,0,7,0,0,-1,False,False,False,False,False,False,False,True,False,False,False,False,False,False,False,False,False,False,True,False,False,False,True,True
266,燃燒吧高吉,,False,False,False,False,False,False,False,False,False,False,False,False,False,False,False,False,False,False,False,False,False,False,False,False,False,False,False,False,False,False,False,False,False,False,False,False,False,False,False,False,False,e0175,0,0,0,0,0,0,0,0,0,718,5015,0,0,0,1,2,142,1,0,0,0,0,70,70,0,0,7,0,0,-1,False,False,False,False,False,False,False,True,False,False,False,False,False,False,False,False,False,False,True,False,False,False,True,True
267,漆黑的巨龍,,False,False,False,False,False,False,False,False,False,False,False,False,False,False,False,False,False,False,False,False,False,False,False,False,False,False,False,False,False,False,False,False,False,False,False,False,False,False,False,False,False,e0158,0,0,0,0,0,0,0,0,0,713,5016,0,0,0,1,2,142,1,0,0,0,0,68,70,0,0,7,0,0,-1,False,False,False,False,False,False,False,True,False,False,False,False,False,False,False,False,False,False,True,False,False,False,True,True
268,運河寶物庫,,False,False,False,False,False,False,False,False,False,False,False,False,False,False,False,False,False,False,False,False,False,False,False,False,False,False,False,False,False,False,False,False,False,False,False,False,False,False,False,False,False,o3c1,0,0,0,0,0,9002,0,0,0,712,55002,0,370,0,1,2,108,3,0,0,0,0,1,70,0,0,9,0,0,-1,False,False,False,True,False,False,False,True,False,False,False,False,False,False,False,False,True,False,True,False,False,False,True,True
269,尤里安傑的秘策,,False,False,False,False,False,False,False,False,False,False,False,False,False,False,False,False,False,False,False,False,False,False,False,False,False,False,False,False,False,False,False,False,False,False,False,False,False,False,False,False,False,ec007,0,0,0,0,0,0,0,0,0,684,5017,0,0,0,1,2,142,1,0,0,0,0,1,70,0,0,7,0,0,-1,False,False,False,False,False,False,False,True,False,False,False,False,False,False,False,False,False,False,True,False,False,False,True,True
270,為了更強,,False,False,False,False,False,False,False,False,False,False,False,False,False,False,False,False,False,False,False,False,False,False,False,False,False,False,False,False,False,False,False,False,False,False,False,False,False,False,False,False,False,e0169,0,0,0,0,0,0,0,0,0,706,5018,0,0,0,1,2,142,1,0,0,0,0,70,70,0,0,7,0,0,-1,False,False,False,False,False,False,False,True,False,False,False,False,False,False,False,False,False,False,True,False,False,False,True,True
271,遙遠的憧憬,,False,False,False,False,False,False,False,False,False,False,False,False,False,False,False,False,False,False,False,False,False,False,False,False,False,False,False,False,False,False,False,False,False,False,False,False,False,False,False,False,False,e0160,0,0,0,0,0,0,0,0,0,715,5019,0,0,0,1,2,142,1,0,0,0,0,65,67,0,0,7,0,0,-1,False,False,False,False,False,False,False,True,False,False,False,False,False,False,False,False,False,False,True,False,False,False,True,True
272,再次相見,,False,False,False,False,False,False,False,False,False,False,False,False,False,False,False,False,False,False,False,False,False,False,False,False,False,False,False,False,False,False,False,False,False,False,False,False,False,False,False,False,False,e0161,0,0,0,0,0,0,0,0,0,716,5020,0,0,0,1,2,142,1,0,0,0,0,70,70,0,0,7,0,0,-1,False,False,False,False,False,False,False,True,False,False,False,False,False,False,False,False,False,False,True,False,False,False,True,True
273,紅血之龍騎士,,False,False,False,False,False,False,False,False,False,False,False,False,False,False,False,False,False,False,False,False,False,False,False,False,False,False,False,False,False,False,False,False,False,False,False,False,False,False,False,False,False,e0159,0,0,0,0,0,0,0,0,0,714,5021,0,0,0,1,2,142,1,0,0,0,0,70,70,0,0,7,0,0,-1,False,False,False,False,False,False,False,True,False,False,False,False,False,False,False,False,False,False,True,False,False,False,True,True
274,影隱忍法貼,,False,False,False,False,False,False,False,False,False,False,False,False,False,False,False,False,False,False,False,False,False,False,False,False,False,False,False,False,False,False,False,False,False,False,False,False,False,False,False,False,False,e0167,0,0,0,0,0,0,0,0,0,723,5022,0,0,0,1,2,142,1,0,0,0,0,70,70,0,0,7,0,0,-1,False,False,False,False,False,False,False,True,False,False,False,False,False,False,False,False,False,False,True,False,False,False,True,True
275,時空狹縫外緣,,False,False,False,False,False,False,False,False,False,False,False,False,False,False,False,False,False,False,False,False,False,False,False,False,False,False,False,False,False,False,False,False,False,False,False,False,False,False,False,False,False,z3o1,0,0,0,0,0,0,0,0,0,690,5023,0,0,0,1,2,142,1,0,0,0,0,1,70,0,0,7,0,0,-1,False,False,False,False,False,False,False,True,False,False,False,False,False,False,False,False,False,False,True,False,False,False,True,True
276,運河寶物庫深層,,False,False,False,False,False,False,False,False,False,False,False,False,False,False,False,False,False,False,False,False,False,False,False,False,False,False,False,False,False,False,False,False,False,False,False,False,False,False,False,False,False,o3c1_2,0,0,0,0,0,9003,0,0,0,725,55003,0,370,0,1,2,108,3,0,0,0,0,1,70,0,0,9,0,0,-1,False,False,False,True,False,False,False,True,False,False,False,False,False,False,False,False,True,False,True,False,False,False,True,True
277,距骨研究所（機動戰）,,False,False,False,False,False,False,False,False,False,False,False,False,False,False,False,False,False,False,False,False,False,False,False,False,False,False,False,False,False,False,False,False,False,False,False,False,False,False,False,False,False,d2p1,0,4,0,0,0,4026,112257,0,0,729,51001,0,0,400,1,0,146,18,0,0,0,0,30,0,0,0,6,23,0,-1,True,True,False,False,False,False,True,False,False,False,False,True,True,False,True,False,False,False,True,False,True,False,True,True
278,極 神龍殲滅戰,,False,False,False,False,False,False,False,False,True,False,False,False,False,False,False,False,False,False,False,False,False,False,False,False,False,False,False,False,False,False,False,False,False,False,False,False,False,False,False,False,False,g3fc,0,0,0,0,289,2047,112258,0,0,730,20050,320,0,152,1,2,108,3,0,0,0,0,70,70,1,0,4,22,0,-1,False,False,False,True,True,False,True,True,False,False,False,True,True,False,True,False,False,False,True,False,False,False,True,True
279,沉沒神殿斯卡拉遺跡,,False,True,False,False,False,False,False,False,True,False,False,False,False,False,False,False,False,False,False,False,False,False,False,False,False,False,False,False,False,False,False,False,False,False,False,False,False,False,False,False,False,g3d4_re,0,0,0,0,287,58,112255,0,0,1172,58,300,370,66,1,2,108,2,0,0,0,0,70,70,1,0,2,30,0,-1,False,False,False,True,True,False,True,True,True,False,False,True,True,False,True,False,False,False,True,False,False,False,True,True
280,絕 巴哈姆特殲滅戰,,False,False,False,False,False,False,False,False,False,False,False,False,False,False,False,False,False,False,False,False,False,False,False,False,False,False,False,False,False,False,False,False,False,False,False,False,False,False,False,False,False,f1bz,0,0,0,0,288,3056,112261,0,0,733,30057,0,345,1001,1,2,142,3,1,0,0,0,70,70,0,3,28,0,0,-1,False,False,False,False,False,False,False,False,False,False,False,True,False,True,True,False,False,False,True,False,False,False,True,True
281,失落之都拉巴納斯塔,,False,False,False,False,False,False,False,False,True,False,False,False,False,False,True,False,False,False,False,False,False,False,False,False,False,False,False,False,False,False,False,False,False,False,False,False,False,False,False,False,False,z3r1,0,0,0,0,288,3057,112256,0,0,734,30058,305,0,64,1,2,108,4,0,0,0,0,70,70,2,0,5,18,0,-1,False,False,False,True,True,False,True,True,False,False,False,True,True,False,True,False,False,False,True,False,False,False,True,True
282,英雄歸來,,False,False,False,False,False,False,False,False,False,False,False,False,False,False,False,False,False,False,False,False,False,False,False,False,False,False,False,False,False,False,False,False,False,False,False,False,False,False,False,False,False,ec008,0,0,0,0,0,0,0,0,0,403,5024,0,0,0,1,2,142,1,0,0,0,0,1,70,0,0,7,0,0,-1,False,False,False,False,False,False,False,True,False,False,False,False,False,False,False,False,False,False,True,False,False,False,True,True
283,禁地優雷卡 常風之地,,False,False,False,False,False,False,False,False,False,False,False,False,False,False,False,False,False,False,False,False,False,False,False,False,False,False,False,False,False,False,False,False,False,False,False,False,False,False,False,False,False,z3fa,0,0,68614,0,291,7003,112275,0,0,732,3,0,300,0,3,2,142,19,0,0,1,0,70,70,0,0,26,0,0,-1,False,False,False,True,False,False,True,False,False,False,False,False,False,False,True,False,False,False,False,False,False,False,True,True
284,紅玉火山獄之蓋,,False,True,False,False,False,False,False,False,True,False,False,False,False,False,False,False,False,False,False,False,False,False,False,False,False,False,False,False,False,False,False,False,False,False,False,False,False,False,False,False,False,e3d5,0,0,0,0,287,59,112264,0,0,742,59,310,0,67,1,2,108,2,0,0,0,0,70,70,1,0,2,30,0,-1,False,False,False,True,True,False,True,True,True,False,False,True,True,False,True,False,False,False,True,False,False,False,True,True
285,瘋狂戰艦無限回廊,,False,True,False,False,False,False,False,False,True,False,False,False,False,False,False,False,False,False,False,False,False,False,False,False,False,False,False,False,False,False,False,False,False,False,False,False,False,False,False,False,False,a2d4,0,0,0,0,287,60,112263,0,0,743,60,310,0,68,1,2,108,2,0,0,0,0,70,70,1,0,2,30,0,-1,False,False,False,True,True,False,True,True,True,False,False,True,True,False,True,False,False,False,True,False,False,False,True,True
286,歐米茄時空狹縫 西格瑪幻境1,,False,False,False,False,False,False,False,False,True,False,False,False,False,False,False,False,True,False,False,False,False,False,False,False,False,False,False,False,False,False,False,False,False,False,False,False,False,False,False,False,False,z3o7,0,0,0,0,288,3058,112265,0,0,748,30059,325,0,71,1,2,108,3,0,0,0,0,70,70,1,0,5,16,0,-1,False,False,False,True,True,False,True,True,False,False,False,True,True,False,True,False,False,False,True,False,False,False,True,True
287,歐米茄時空狹縫 西格瑪幻境2,,False,False,False,False,False,False,False,False,True,False,False,False,False,False,False,False,True,False,False,False,False,False,False,False,False,False,False,False,False,False,False,False,False,False,False,False,False,False,False,False,False,z3o8,0,0,0,0,288,3059,112267,0,0,749,30060,325,0,72,1,2,108,3,0,0,0,0,70,70,1,0,5,16,0,-1,False,False,False,True,True,False,True,True,False,False,False,True,True,False,True,False,False,False,True,False,False,False,True,True
288,歐米茄時空狹縫 西格瑪幻境3,,False,False,False,False,False,False,False,False,True,False,False,False,False,False,False,False,True,False,False,False,False,False,False,False,False,False,False,False,False,False,False,False,False,False,False,False,False,False,False,False,False,z3o9,0,0,0,0,288,3060,112269,0,0,750,30061,325,0,73,1,2,108,3,0,0,0,0,70,70,1,0,5,16,0,-1,False,False,False,True,True,False,True,True,False,False,False,True,True,False,True,False,False,False,True,False,False,False,True,True
289,歐米茄時空狹縫 西格瑪幻境4,,False,False,False,False,False,False,False,False,True,False,False,False,False,False,False,False,True,False,False,False,False,False,False,False,False,False,False,False,False,False,False,False,False,False,False,False,False,False,False,False,False,z3oa,0,0,0,0,288,3061,112271,0,0,751,30062,325,0,74,1,2,108,3,0,0,0,0,70,70,1,0,5,16,0,-1,False,False,False,True,True,False,True,True,False,False,False,True,True,False,True,False,False,False,True,False,False,False,True,True
290,白虎征魂戰,,False,False,False,False,False,True,False,False,True,False,False,False,False,False,False,False,False,False,False,False,False,False,False,False,False,False,False,False,False,False,False,False,False,False,False,False,False,False,False,False,False,e3fb,0,0,0,0,289,2048,112273,0,0,746,20051,325,0,136,1,2,108,3,0,0,0,0,70,70,0,0,4,21,0,-1,False,False,False,True,True,False,True,True,False,False,False,True,True,False,True,False,False,False,True,False,False,False,True,True
291,極 白虎征魂戰,,False,False,False,False,False,False,False,False,True,False,False,False,False,False,False,False,False,False,False,False,False,False,False,False,False,False,False,False,False,False,False,False,False,False,False,False,False,False,False,False,False,e3fb_2,0,0,0,0,289,2049,112274,0,0,758,20052,340,0,155,1,2,108,3,0,0,0,0,70,70,1,0,4,22,0,-1,False,False,False,True,True,False,True,True,False,False,False,True,True,False,True,False,False,False,True,False,False,False,True,True
292,歐米茄零式時空狹縫 西格瑪幻境1,,False,False,False,False,False,False,False,False,False,False,False,False,False,False,False,False,False,False,False,False,False,False,False,False,False,False,False,False,False,False,False,False,False,False,False,False,False,False,False,False,False,z3o7_2,0,0,0,0,288,3062,112266,0,0,752,30063,340,0,87,1,2,108,3,0,0,0,0,70,70,1,0,5,17,0,-1,False,False,False,True,True,False,True,True,False,False,False,True,True,False,True,False,False,False,True,False,False,False,True,True
293,歐米茄零式時空狹縫 西格瑪幻境2,,False,False,False,False,False,False,False,False,False,False,False,False,False,False,False,False,False,False,False,False,False,False,False,False,False,False,False,False,False,False,False,False,False,False,False,False,False,False,False,False,False,z3o8_2,0,0,0,0,288,3063,112268,0,0,753,30064,345,0,88,1,2,108,3,0,0,0,0,70,70,1,0,5,17,0,-1,False,False,False,True,True,False,True,True,False,False,False,True,True,False,True,False,False,False,True,False,False,False,True,True
294,歐米茄零式時空狹縫 西格瑪幻境3,,False,False,False,False,False,False,False,False,False,False,False,False,False,False,False,False,False,False,False,False,False,False,False,False,False,False,False,False,False,False,False,False,False,False,False,False,False,False,False,False,False,z3o9_2,0,0,0,0,288,3064,112270,0,0,754,30065,350,0,89,1,2,108,3,0,0,0,0,70,70,1,0,5,17,0,-1,False,False,False,True,True,False,True,True,False,False,False,True,True,False,True,False,False,False,True,False,False,False,True,True
295,歐米茄零式時空狹縫 西格瑪幻境4,,False,False,False,False,False,False,False,False,False,False,False,False,False,False,False,False,False,False,False,False,False,False,False,False,False,False,False,False,False,False,False,False,False,False,False,False,False,False,False,False,False,z3oa_2,0,0,0,0,288,3065,112272,0,0,755,30066,350,0,90,1,2,108,3,0,0,0,0,70,70,1,0,5,17,0,-1,False,False,False,True,True,False,True,True,False,False,False,True,True,False,True,False,False,False,True,False,False,False,True,True
296,,,False,False,False,False,False,False,False,False,False,False,False,False,False,False,False,False,False,False,False,False,False,False,False,False,False,False,False,False,False,False,False,False,False,False,False,False,False,False,False,False,False,e0001,0,0,0,0,0,0,0,0,0,233,11,0,0,0,5,0,142,1,0,0,0,0,0,9,0,0,0,0,0,-1,False,False,False,False,False,False,True,True,False,False,False,False,False,False,False,False,False,False,True,False,False,False,True,True
297,,,False,False,False,False,False,False,False,False,False,False,False,False,False,False,False,False,False,False,False,False,False,False,False,False,False,False,False,False,False,False,False,False,False,False,False,False,False,False,False,False,False,e0002,0,0,0,0,0,0,0,0,0,225,15,0,0,0,5,0,142,1,0,0,0,0,0,13,0,0,0,0,0,-1,False,False,False,False,False,False,True,True,False,False,False,False,False,False,False,False,False,False,True,False,False,False,True,True
298,,,False,False,False,False,False,False,False,False,False,False,False,False,False,False,False,False,False,False,False,False,False,False,False,False,False,False,False,False,False,False,False,False,False,False,False,False,False,False,False,False,False,e0003,0,0,0,0,0,0,0,0,0,226,12,0,0,0,5,0,142,1,0,0,0,0,0,18,0,0,0,0,0,-1,False,False,False,False,False,False,True,True,False,False,False,False,False,False,False,False,False,False,True,False,False,False,True,True
299,,,False,False,False,False,False,False,False,False,False,False,False,False,False,False,False,False,False,False,False,False,False,False,False,False,False,False,False,False,False,False,False,False,False,False,False,False,False,False,False,False,False,e0004,0,0,0,0,0,0,0,0,0,227,14,0,0,0,5,0,142,1,0,0,0,0,0,18,0,0,0,0,0,-1,False,False,False,False,False,False,True,True,False,False,False,False,False,False,False,False,False,False,True,False,False,False,True,True
300,,,False,False,False,False,False,False,False,False,False,False,False,False,False,False,False,False,False,False,False,False,False,False,False,False,False,False,False,False,False,False,False,False,False,False,False,False,False,False,False,False,False,e0005,0,0,0,0,0,0,0,0,0,234,16,0,0,0,5,0,142,1,0,0,0,0,0,19,0,0,0,0,0,-1,False,False,False,False,False,False,True,True,False,False,False,False,False,False,False,False,False,False,True,False,False,False,True,True
301,,,False,False,False,False,False,False,False,False,False,False,False,False,False,False,False,False,False,False,False,False,False,False,False,False,False,False,False,False,False,False,False,False,False,False,False,False,False,False,False,False,False,e0006,0,0,0,0,0,0,0,0,0,235,17,0,0,0,5,0,142,1,0,0,0,0,0,34,0,0,0,0,0,-1,False,False,False,False,False,False,True,True,False,False,False,False,False,False,False,False,False,False,True,False,False,False,True,True
302,,,False,False,False,False,False,False,False,False,False,False,False,False,False,False,False,False,False,False,False,False,False,False,False,False,False,False,False,False,False,False,False,False,False,False,False,False,False,False,False,False,False,e0007,0,0,0,0,0,0,0,0,0,228,6,0,0,0,5,0,142,1,0,0,0,0,0,19,0,0,0,0,0,-1,False,False,False,False,False,False,True,True,False,False,False,False,False,False,False,False,False,False,True,False,False,False,True,True
303,,,False,False,False,False,False,False,False,False,False,False,False,False,False,False,False,False,False,False,False,False,False,False,False,False,False,False,False,False,False,False,False,False,False,False,False,False,False,False,False,False,False,e0008,0,0,0,0,0,0,0,0,0,229,5,0,0,0,5,0,142,1,0,0,0,0,0,24,0,0,0,0,0,-1,False,False,False,False,False,False,True,True,False,False,False,False,False,False,False,False,False,False,True,False,False,False,True,True
304,,,False,False,False,False,False,False,False,False,False,False,False,False,False,False,False,False,False,False,False,False,False,False,False,False,False,False,False,False,False,False,False,False,False,False,False,False,False,False,False,False,False,e0009,0,0,0,0,0,0,0,0,0,230,4,0,0,0,5,0,142,1,0,0,0,0,0,29,0,0,0,0,0,-1,False,False,False,False,False,False,True,True,False,False,False,False,False,False,False,False,False,False,True,False,False,False,True,True
305,,,False,False,False,False,False,False,False,False,False,False,False,False,False,False,False,False,False,False,False,False,False,False,False,False,False,False,False,False,False,False,False,False,False,False,False,False,False,False,False,False,False,e0010,0,0,0,0,0,0,0,0,0,231,2,0,0,0,5,0,142,1,0,0,0,0,0,34,0,0,0,0,0,-1,False,False,False,False,False,False,True,True,False,False,False,False,False,False,False,False,False,False,True,False,False,False,True,True
306,,,False,False,False,False,False,False,False,False,False,False,False,False,False,False,False,False,False,False,False,False,False,False,False,False,False,False,False,False,False,False,False,False,False,False,False,False,False,False,False,False,False,e0011,0,0,0,0,0,0,0,0,0,236,3,0,0,0,5,0,142,1,0,0,0,0,0,34,0,0,0,0,0,-1,False,False,False,False,False,False,True,True,False,False,False,False,False,False,False,False,False,False,True,False,False,False,True,True
307,,,False,False,False,False,False,False,False,False,False,False,False,False,False,False,False,False,False,False,False,False,False,False,False,False,False,False,False,False,False,False,False,False,False,False,False,False,False,False,False,False,False,e0012,0,0,0,0,0,0,0,0,0,237,7,0,0,0,5,0,142,1,0,0,0,0,0,19,0,0,0,0,0,-1,False,False,False,False,False,False,True,True,False,False,False,False,False,False,False,False,False,False,True,False,False,False,True,True
308,,,False,False,False,False,False,False,False,False,False,False,False,False,False,False,False,False,False,False,False,False,False,False,False,False,False,False,False,False,False,False,False,False,False,False,False,False,False,False,False,False,False,e0013,0,0,0,0,0,0,0,0,0,238,8,0,0,0,5,0,142,1,0,0,0,0,0,24,0,0,0,0,0,-1,False,False,False,False,False,False,True,True,False,False,False,False,False,False,False,False,False,False,True,False,False,False,True,True
309,,,False,False,False,False,False,False,False,False,False,False,False,False,False,False,False,False,False,False,False,False,False,False,False,False,False,False,False,False,False,False,False,False,False,False,False,False,False,False,False,False,False,e0014,0,0,0,0,0,0,0,0,0,239,9,0,0,0,5,0,142,1,0,0,0,0,0,34,0,0,0,0,0,-1,False,False,False,False,False,False,True,True,False,False,False,False,False,False,False,False,False,False,True,False,False,False,True,True
310,,,False,False,False,False,False,False,False,False,False,False,False,False,False,False,False,False,False,False,False,False,False,False,False,False,False,False,False,False,False,False,False,False,False,False,False,False,False,False,False,False,False,e0015,0,0,0,0,0,0,0,0,0,240,10,0,0,0,5,0,142,1,0,0,0,0,0,34,0,0,0,0,0,-1,False,False,False,False,False,False,True,True,False,False,False,False,False,False,False,False,False,False,True,False,False,False,True,True
311,,,False,False,False,False,False,False,False,False,False,False,False,False,False,False,False,False,False,False,False,False,False,False,False,False,False,False,False,False,False,False,False,False,False,False,False,False,False,False,False,False,False,e0016,0,0,0,0,0,0,0,0,0,232,13,0,0,0,5,0,142,1,0,0,0,0,0,27,0,0,0,0,0,-1,False,False,False,False,False,False,True,True,False,False,False,False,False,False,False,False,False,False,True,False,False,False,True,True
312,,,False,False,False,False,False,False,False,False,False,False,False,False,False,False,False,False,False,False,False,False,False,False,False,False,False,False,False,False,False,False,False,False,False,False,False,False,False,False,False,False,False,e0017,0,0,0,0,0,0,0,0,0,248,18,0,0,0,5,0,142,1,0,0,0,0,0,13,0,0,0,0,0,-1,False,False,False,False,False,False,True,True,False,False,False,False,False,False,False,False,False,False,True,False,False,False,True,True
313,,,False,False,False,False,False,False,False,False,False,False,False,False,False,False,False,False,False,False,False,False,False,False,False,False,False,False,False,False,False,False,False,False,False,False,False,False,False,False,False,False,False,e0018,0,0,0,0,0,0,0,0,0,249,24,0,0,0,5,0,142,1,0,0,0,0,0,18,0,0,0,0,0,-1,False,False,False,False,False,False,True,True,False,False,False,False,False,False,False,False,False,False,True,False,False,False,True,True
314,,,False,False,False,False,False,False,False,False,False,False,False,False,False,False,False,False,False,False,False,False,False,False,False,False,False,False,False,False,False,False,False,False,False,False,False,False,False,False,False,False,False,e0019,0,0,0,0,0,0,0,0,0,253,19,0,0,0,5,0,142,1,0,0,0,0,0,14,0,0,0,0,0,-1,False,False,False,False,False,False,True,True,False,False,False,False,False,False,False,False,False,False,True,False,False,False,True,True
315,,,False,False,False,False,False,False,False,False,False,False,False,False,False,False,False,False,False,False,False,False,False,False,False,False,False,False,False,False,False,False,False,False,False,False,False,False,False,False,False,False,False,e0020,0,0,0,0,0,0,0,0,0,254,20,0,0,0,5,0,142,1,0,0,0,0,0,19,0,0,0,0,0,-1,False,False,False,False,False,False,True,True,False,False,False,False,False,False,False,False,False,False,True,False,False,False,True,True
316,,,False,False,False,False,False,False,False,False,False,False,False,False,False,False,False,False,False,False,False,False,False,False,False,False,False,False,False,False,False,False,False,False,False,False,False,False,False,False,False,False,False,e0021,0,0,0,0,0,0,0,0,0,255,21,0,0,0,5,0,142,1,0,0,0,0,0,24,0,0,0,0,0,-1,False,False,False,False,False,False,True,True,False,False,False,False,False,False,False,False,False,False,True,False,False,False,True,True
317,,,False,False,False,False,False,False,False,False,False,False,False,False,False,False,False,False,False,False,False,False,False,False,False,False,False,False,False,False,False,False,False,False,False,False,False,False,False,False,False,False,False,e0022,0,0,0,0,0,0,0,0,0,256,22,0,0,0,5,0,142,1,0,0,0,0,0,29,0,0,0,0,0,-1,False,False,False,False,False,False,True,True,False,False,False,False,False,False,False,False,False,False,True,False,False,False,True,True
318,,,False,False,False,False,False,False,False,False,False,False,False,False,False,False,False,False,False,False,False,False,False,False,False,False,False,False,False,False,False,False,False,False,False,False,False,False,False,False,False,False,False,e0023,0,0,0,0,0,0,0,0,0,257,23,0,0,0,5,0,142,1,0,0,0,0,0,34,0,0,0,0,0,-1,False,False,False,False,False,False,True,True,False,False,False,False,False,False,False,False,False,False,True,False,False,False,True,True
319,,,False,False,False,False,False,False,False,False,False,False,False,False,False,False,False,False,False,False,False,False,False,False,False,False,False,False,False,False,False,False,False,False,False,False,False,False,False,False,False,False,False,e0024,0,0,0,0,0,0,0,0,0,258,30,0,0,0,5,0,142,1,0,0,0,0,0,19,0,0,0,0,0,-1,False,False,False,False,False,False,True,True,False,False,False,False,False,False,False,False,False,False,True,False,False,False,True,True
320,,,False,False,False,False,False,False,False,False,False,False,False,False,False,False,False,False,False,False,False,False,False,False,False,False,False,False,False,False,False,False,False,False,False,False,False,False,False,False,False,False,False,e0025,0,0,0,0,0,0,0,0,0,259,31,0,0,0,5,0,142,1,0,0,0,0,0,24,0,0,0,0,0,-1,False,False,False,False,False,False,True,True,False,False,False,False,False,False,False,False,False,False,True,False,False,False,True,True
321,,,False,False,False,False,False,False,False,False,False,False,False,False,False,False,False,False,False,False,False,False,False,False,False,False,False,False,False,False,False,False,False,False,False,False,False,False,False,False,False,False,False,e0026,0,0,0,0,0,0,0,0,0,260,32,0,0,0,5,0,142,1,0,0,0,0,0,29,0,0,0,0,0,-1,False,False,False,False,False,False,True,True,False,False,False,False,False,False,False,False,False,False,True,False,False,False,True,True
322,,,False,False,False,False,False,False,False,False,False,False,False,False,False,False,False,False,False,False,False,False,False,False,False,False,False,False,False,False,False,False,False,False,False,False,False,False,False,False,False,False,False,e0027,0,0,0,0,0,0,0,0,0,261,33,0,0,0,5,0,142,1,0,0,0,0,0,34,0,0,0,0,0,-1,False,False,False,False,False,False,True,True,False,False,False,False,False,False,False,False,False,False,True,False,False,False,True,True
323,,,False,False,False,False,False,False,False,False,False,False,False,False,False,False,False,False,False,False,False,False,False,False,False,False,False,False,False,False,False,False,False,False,False,False,False,False,False,False,False,False,False,e0028,0,0,0,0,0,0,0,0,0,251,34,0,0,0,5,0,142,1,0,0,0,0,0,34,0,0,0,0,0,-1,False,False,False,False,False,False,True,True,False,False,False,False,False,False,False,False,False,False,True,False,False,False,True,True
324,,,False,False,False,False,False,False,False,False,False,False,False,False,False,False,False,False,False,False,False,False,False,False,False,False,False,False,False,False,False,False,False,False,False,False,False,False,False,False,False,False,False,e0029,0,0,0,0,0,0,0,0,0,266,40,0,0,0,5,0,142,1,0,0,0,0,0,19,0,0,0,0,0,-1,False,False,False,False,False,False,True,True,False,False,False,False,False,False,False,False,False,False,True,False,False,False,True,True
325,,,False,False,False,False,False,False,False,False,False,False,False,False,False,False,False,False,False,False,False,False,False,False,False,False,False,False,False,False,False,False,False,False,False,False,False,False,False,False,False,False,False,e0030,0,0,0,0,0,0,0,0,0,267,41,0,0,0,5,0,142,1,0,0,0,0,0,24,0,0,0,0,0,-1,False,False,False,False,False,False,True,True,False,False,False,False,False,False,False,False,False,False,True,False,False,False,True,True
326,,,False,False,False,False,False,False,False,False,False,False,False,False,False,False,False,False,False,False,False,False,False,False,False,False,False,False,False,False,False,False,False,False,False,False,False,False,False,False,False,False,False,e0031,0,0,0,0,0,0,0,0,0,268,42,0,0,0,5,0,142,1,0,0,0,0,0,29,0,0,0,0,0,-1,False,False,False,False,False,False,True,True,False,False,False,False,False,False,False,False,False,False,True,False,False,False,True,True
327,,,False,False,False,False,False,False,False,False,False,False,False,False,False,False,False,False,False,False,False,False,False,False,False,False,False,False,False,False,False,False,False,False,False,False,False,False,False,False,False,False,False,e0032,0,0,0,0,0,0,0,0,0,269,43,0,0,0,5,0,142,1,0,0,0,0,0,34,0,0,0,0,0,-1,False,False,False,False,False,False,True,True,False,False,False,False,False,False,False,False,False,False,True,False,False,False,True,True
328,,,False,False,False,False,False,False,False,False,False,False,False,False,False,False,False,False,False,False,False,False,False,False,False,False,False,False,False,False,False,False,False,False,False,False,False,False,False,False,False,False,False,e0034,0,0,0,0,0,0,0,0,0,262,25,0,0,0,5,0,142,1,0,0,0,0,0,9,0,0,0,0,0,-1,False,False,False,False,False,False,True,True,False,False,False,False,False,False,False,False,False,False,True,False,False,False,True,True
329,,,False,False,False,False,False,False,False,False,False,False,False,False,False,False,False,False,False,False,False,False,False,False,False,False,False,False,False,False,False,False,False,False,False,False,False,False,False,False,False,False,False,e0035,0,0,0,0,0,0,0,0,0,263,26,0,0,0,5,0,142,1,0,0,0,0,0,24,0,0,0,0,0,-1,False,False,False,False,False,False,True,True,False,False,False,False,False,False,False,False,False,False,True,False,False,False,True,True
330,,,False,False,False,False,False,False,False,False,False,False,False,False,False,False,False,False,False,False,False,False,False,False,False,False,False,False,False,False,False,False,False,False,False,False,False,False,False,False,False,False,False,e0036,0,0,0,0,0,0,0,0,0,264,27,0,0,0,5,0,142,1,0,0,0,0,0,29,0,0,0,0,0,-1,False,False,False,False,False,False,True,True,False,False,False,False,False,False,False,False,False,False,True,False,False,False,True,True
331,,,False,False,False,False,False,False,False,False,False,False,False,False,False,False,False,False,False,False,False,False,False,False,False,False,False,False,False,False,False,False,False,False,False,False,False,False,False,False,False,False,False,e0037,0,0,0,0,0,0,0,0,0,265,28,0,0,0,5,0,142,1,0,0,0,0,0,34,0,0,0,0,0,-1,False,False,False,False,False,False,True,True,False,False,False,False,False,False,False,False,False,False,True,False,False,False,True,True
332,,,False,False,False,False,False,False,False,False,False,False,False,False,False,False,False,False,False,False,False,False,False,False,False,False,False,False,False,False,False,False,False,False,False,False,False,False,False,False,False,False,False,e0038,0,0,0,0,0,0,0,0,0,252,35,0,0,0,5,0,142,1,0,0,0,0,0,9,0,0,0,0,0,-1,False,False,False,False,False,False,True,True,False,False,False,False,False,False,False,False,False,False,True,False,False,False,True,True
333,,,False,False,False,False,False,False,False,False,False,False,False,False,False,False,False,False,False,False,False,False,False,False,False,False,False,False,False,False,False,False,False,False,False,False,False,False,False,False,False,False,False,e0039,0,0,0,0,0,0,0,0,0,272,29,0,0,0,5,0,142,1,0,0,0,0,0,13,0,0,0,0,0,-1,False,False,False,False,False,False,True,True,False,False,False,False,False,False,False,False,False,False,True,False,False,False,True,True
334,,,False,False,False,False,False,False,False,False,False,False,False,False,False,False,False,False,False,False,False,False,False,False,False,False,False,False,False,False,False,False,False,False,False,False,False,False,False,False,False,False,False,e0040,0,0,0,0,0,0,0,0,0,280,36,0,0,0,5,0,142,1,0,0,0,0,0,18,0,0,0,0,0,-1,False,False,False,False,False,False,True,True,False,False,False,False,False,False,False,False,False,False,True,False,False,False,True,True
335,,,False,False,False,False,False,False,False,False,False,False,False,False,False,False,False,False,False,False,False,False,False,False,False,False,False,False,False,False,False,False,False,False,False,False,False,False,False,False,False,False,False,e0041,0,0,0,0,0,0,0,0,0,270,37,0,0,0,5,0,142,1,0,0,0,0,0,8,0,0,0,0,0,-1,False,False,False,False,False,False,True,True,False,False,False,False,False,False,False,False,False,False,True,False,False,False,True,True
336,,,False,False,False,False,False,False,False,False,False,False,False,False,False,False,False,False,False,False,False,False,False,False,False,False,False,False,False,False,False,False,False,False,False,False,False,False,False,False,False,False,False,e0042,0,0,0,0,0,0,0,0,0,271,38,0,0,0,5,0,142,1,0,0,0,0,0,18,0,0,0,0,0,-1,False,False,False,False,False,False,True,True,False,False,False,False,False,False,False,False,False,False,True,False,False,False,True,True
337,,,False,False,False,False,False,False,False,False,False,False,False,False,False,False,False,False,False,False,False,False,False,False,False,False,False,False,False,False,False,False,False,False,False,False,False,False,False,False,False,False,False,e0043,0,0,0,0,0,0,0,0,0,273,39,0,0,0,5,0,142,1,0,0,0,0,0,18,0,0,0,0,0,-1,False,False,False,False,False,False,True,True,False,False,False,False,False,False,False,False,False,False,True,False,False,False,True,True
338,,,False,False,False,False,False,False,False,False,False,False,False,False,False,False,False,False,False,False,False,False,False,False,False,False,False,False,False,False,False,False,False,False,False,False,False,False,False,False,False,False,False,e0046,0,0,0,0,0,0,0,0,0,274,44,0,0,0,5,0,142,1,0,0,0,0,0,21,0,0,0,0,0,-1,False,False,False,False,False,False,True,True,False,False,False,False,False,False,False,False,False,False,True,False,False,False,True,True
339,,,False,False,False,False,False,False,False,False,False,False,False,False,False,False,False,False,False,False,False,False,False,False,False,False,False,False,False,False,False,False,False,False,False,False,False,False,False,False,False,False,False,e0047,0,0,0,0,0,0,0,0,0,275,45,0,0,0,5,0,142,1,0,0,0,0,0,24,0,0,0,0,0,-1,False,False,False,False,False,False,True,True,False,False,False,False,False,False,False,False,False,False,True,False,False,False,True,True
340,,,False,False,False,False,False,False,False,False,False,False,False,False,False,False,False,False,False,False,False,False,False,False,False,False,False,False,False,False,False,False,False,False,False,False,False,False,False,False,False,False,False,e0048,0,0,0,0,0,0,0,0,0,277,46,0,0,0,5,0,142,1,0,0,0,0,0,24,0,0,0,0,0,-1,False,False,False,False,False,False,True,True,False,False,False,False,False,False,False,False,False,False,True,False,False,False,True,True
341,,,False,False,False,False,False,False,False,False,False,False,False,False,False,False,False,False,False,False,False,False,False,False,False,False,False,False,False,False,False,False,False,False,False,False,False,False,False,False,False,False,False,e0049,0,0,0,0,0,0,0,0,0,278,47,0,0,0,5,0,142,1,0,0,0,0,0,24,0,0,0,0,0,-1,False,False,False,False,False,False,True,True,False,False,False,False,False,False,False,False,False,False,True,False,False,False,True,True
342,,,False,False,False,False,False,False,False,False,False,False,False,False,False,False,False,False,False,False,False,False,False,False,False,False,False,False,False,False,False,False,False,False,False,False,False,False,False,False,False,False,False,e0050,0,0,0,0,0,0,0,0,0,279,48,0,0,0,5,0,142,1,0,0,0,0,0,24,0,0,0,0,0,-1,False,False,False,False,False,False,True,True,False,False,False,False,False,False,False,False,False,False,True,False,False,False,True,True
343,,,False,False,False,False,False,False,False,False,False,False,False,False,False,False,False,False,False,False,False,False,False,False,False,False,False,False,False,False,False,False,False,False,False,False,False,False,False,False,False,False,False,e0051,0,0,0,0,0,0,0,0,0,301,60,0,0,0,5,0,142,1,0,0,0,0,0,42,0,0,0,0,0,-1,False,False,False,False,False,False,True,True,False,False,False,False,False,False,False,False,False,False,True,False,False,False,True,True
344,,,False,False,False,False,False,False,False,False,False,False,False,False,False,False,False,False,False,False,False,False,False,False,False,False,False,False,False,False,False,False,False,False,False,False,False,False,False,False,False,False,False,e0052,0,0,0,0,0,0,0,0,0,302,61,0,0,0,5,0,142,1,0,0,0,0,0,44,0,0,0,0,0,-1,False,False,False,False,False,False,True,True,False,False,False,False,False,False,False,False,False,False,True,False,False,False,True,True
345,,,False,False,False,False,False,False,False,False,False,False,False,False,False,False,False,False,False,False,False,False,False,False,False,False,False,False,False,False,False,False,False,False,False,False,False,False,False,False,False,False,False,e0053,0,0,0,0,0,0,0,0,0,285,50,0,0,0,5,0,142,1,0,0,0,0,0,14,0,0,0,0,0,-1,False,False,False,False,False,False,True,True,False,False,False,False,False,False,False,False,False,False,True,False,False,False,True,True
346,,,False,False,False,False,False,False,False,False,False,False,False,False,False,False,False,False,False,False,False,False,False,False,False,False,False,False,False,False,False,False,False,False,False,False,False,False,False,False,False,False,False,e0054,0,0,0,0,0,0,0,0,0,286,51,0,0,0,5,0,142,1,0,0,0,0,0,19,0,0,0,0,0,-1,False,False,False,False,False,False,True,True,False,False,False,False,False,False,False,False,False,False,True,False,False,False,True,True
347,,,False,False,False,False,False,False,False,False,False,False,False,False,False,False,False,False,False,False,False,False,False,False,False,False,False,False,False,False,False,False,False,False,False,False,False,False,False,False,False,False,False,e0055,0,0,0,0,0,0,0,0,0,287,52,0,0,0,5,0,142,1,0,0,0,0,0,24,0,0,0,0,0,-1,False,False,False,False,False,False,True,True,False,False,False,False,False,False,False,False,False,False,True,False,False,False,True,True
348,,,False,False,False,False,False,False,False,False,False,False,False,False,False,False,False,False,False,False,False,False,False,False,False,False,False,False,False,False,False,False,False,False,False,False,False,False,False,False,False,False,False,e0056,0,0,0,0,0,0,0,0,0,288,53,0,0,0,5,0,142,1,0,0,0,0,0,34,0,0,0,0,0,-1,False,False,False,False,False,False,True,True,False,False,False,False,False,False,False,False,False,False,True,False,False,False,True,True
349,,,False,False,False,False,False,False,False,False,False,False,False,False,False,False,False,False,False,False,False,False,False,False,False,False,False,False,False,False,False,False,False,False,False,False,False,False,False,False,False,False,False,e0057,0,0,0,0,0,0,0,0,0,289,54,0,0,0,5,0,142,1,0,0,0,0,0,14,0,0,0,0,0,-1,False,False,False,False,False,False,True,True,False,False,False,False,False,False,False,False,False,False,True,False,False,False,True,True
350,,,False,False,False,False,False,False,False,False,False,False,False,False,False,False,False,False,False,False,False,False,False,False,False,False,False,False,False,False,False,False,False,False,False,False,False,False,False,False,False,False,False,e0058,0,0,0,0,0,0,0,0,0,303,57,0,0,0,5,0,142,1,0,0,0,0,0,26,0,0,0,0,0,-1,False,False,False,False,False,False,True,True,False,False,False,False,False,False,False,False,False,False,True,False,False,False,True,True
351,,,False,False,False,False,False,False,False,False,False,False,False,False,False,False,False,False,False,False,False,False,False,False,False,False,False,False,False,False,False,False,False,False,False,False,False,False,False,False,False,False,False,e0059,0,0,0,0,0,0,0,0,0,304,62,0,0,0,5,0,142,1,0,0,0,0,0,48,0,0,0,0,0,-1,False,False,False,False,False,False,True,True,False,False,False,False,False,False,False,False,False,False,True,False,False,False,True,True
352,,,False,False,False,False,False,False,False,False,False,False,False,False,False,False,False,False,False,False,False,False,False,False,False,False,False,False,False,False,False,False,False,False,False,False,False,False,False,False,False,False,False,e0060,0,0,0,0,0,0,0,0,0,305,65,0,0,0,5,0,142,1,0,0,0,0,0,50,0,0,0,0,0,-1,False,False,False,False,False,False,True,True,False,False,False,False,False,False,False,False,False,False,True,False,False,False,True,True
353,,,False,False,False,False,False,False,False,False,False,False,False,False,False,False,False,False,False,False,False,False,False,False,False,False,False,False,False,False,False,False,False,False,False,False,False,False,False,False,False,False,False,e0061,0,0,0,0,0,0,0,0,0,306,58,0,0,0,5,0,142,1,0,0,0,0,0,31,0,0,0,0,0,-1,False,False,False,False,False,False,True,True,False,False,False,False,False,False,False,False,False,False,True,False,False,False,True,True
354,,,False,False,False,False,False,False,False,False,False,False,False,False,False,False,False,False,False,False,False,False,False,False,False,False,False,False,False,False,False,False,False,False,False,False,False,False,False,False,False,False,False,e0062,0,0,0,0,0,0,0,0,0,307,59,0,0,0,5,0,142,1,0,0,0,0,0,34,0,0,0,0,0,-1,False,False,False,False,False,False,True,True,False,False,False,False,False,False,False,False,False,False,True,False,False,False,True,True
355,,,False,False,False,False,False,False,False,False,False,False,False,False,False,False,False,False,False,False,False,False,False,False,False,False,False,False,False,False,False,False,False,False,False,False,False,False,False,False,False,False,False,e0063,0,0,0,0,0,0,0,0,0,290,55,0,0,0,5,0,142,1,0,0,0,0,0,24,0,0,0,0,0,-1,False,False,False,False,False,False,True,True,False,False,False,False,False,False,False,False,False,False,True,False,False,False,True,True
356,,,False,False,False,False,False,False,False,False,False,False,False,False,False,False,False,False,False,False,False,False,False,False,False,False,False,False,False,False,False,False,False,False,False,False,False,False,False,False,False,False,False,e0064,0,0,0,0,0,0,0,0,0,291,56,0,0,0,5,0,142,1,0,0,0,0,0,29,0,0,0,0,0,-1,False,False,False,False,False,False,True,True,False,False,False,False,False,False,False,False,False,False,True,False,False,False,True,True
357,,,False,False,False,False,False,False,False,False,False,False,False,False,False,False,False,False,False,False,False,False,False,False,False,False,False,False,False,False,False,False,False,False,False,False,False,False,False,False,False,False,False,e0065,0,0,0,0,0,0,0,0,0,308,63,0,0,0,5,0,142,1,0,0,0,0,0,50,0,0,0,0,0,-1,False,False,False,False,False,False,True,True,False,False,False,False,False,False,False,False,False,False,True,False,False,False,True,True
358,,,False,False,False,False,False,False,False,False,False,False,False,False,False,False,False,False,False,False,False,False,False,False,False,False,False,False,False,False,False,False,False,False,False,False,False,False,False,False,False,False,False,e0066,0,0,0,0,0,0,0,0,0,309,64,0,0,0,5,0,142,1,0,0,0,0,0,50,0,0,0,0,0,-1,False,False,False,False,False,False,True,True,False,False,False,False,False,False,False,False,False,False,True,False,False,False,True,True
359,,,False,False,False,False,False,False,False,False,False,False,False,False,False,False,False,False,False,False,False,False,False,False,False,False,False,False,False,False,False,False,False,False,False,False,False,False,False,False,False,False,False,e0067,0,0,0,0,0,0,0,0,0,310,66,0,0,0,5,0,142,1,0,0,0,0,0,34,0,0,0,0,0,-1,False,False,False,False,False,False,True,True,False,False,False,False,False,False,False,False,False,False,True,False,False,False,True,True
360,,,False,False,False,False,False,False,False,False,False,False,False,False,False,False,False,False,False,False,False,False,False,False,False,False,False,False,False,False,False,False,False,False,False,False,False,False,False,False,False,False,False,e0068,0,0,0,0,0,0,0,0,0,311,67,0,0,0,5,0,142,1,0,0,0,0,0,50,0,0,0,0,0,-1,False,False,False,False,False,False,True,True,False,False,False,False,False,False,False,False,False,False,True,False,False,False,True,True
361,,,False,False,False,False,False,False,False,False,False,False,False,False,False,False,False,False,False,False,False,False,False,False,False,False,False,False,False,False,False,False,False,False,False,False,False,False,False,False,False,False,False,e0069,0,0,0,0,0,0,0,0,0,312,68,0,0,0,5,0,142,1,0,0,0,0,0,49,0,0,0,0,0,-1,False,False,False,False,False,False,True,True,False,False,False,False,False,False,False,False,False,False,True,False,False,False,True,True
362,,,False,False,False,False,False,False,False,False,False,False,False,False,False,False,False,False,False,False,False,False,False,False,False,False,False,False,False,False,False,False,False,False,False,False,False,False,False,False,False,False,False,e0070,0,0,0,0,0,0,0,0,0,313,69,0,0,0,5,0,142,1,0,0,0,0,0,50,0,0,0,0,0,-1,False,False,False,False,False,False,True,True,False,False,False,False,False,False,False,False,False,False,True,False,False,False,True,True
363,,,False,False,False,False,False,False,False,False,False,False,False,False,False,False,False,False,False,False,False,False,False,False,False,False,False,False,False,False,False,False,False,False,False,False,False,False,False,False,False,False,False,e0071,0,0,0,0,0,0,0,0,0,314,70,0,0,0,5,0,142,1,0,0,0,0,0,34,0,0,0,0,0,-1,False,False,False,False,False,False,True,True,False,False,False,False,False,False,False,False,False,False,True,False,False,False,True,True
364,,,False,False,False,False,False,False,False,False,False,False,False,False,False,False,False,False,False,False,False,False,False,False,False,False,False,False,False,False,False,False,False,False,False,False,False,False,False,False,False,False,False,e0072,0,0,0,0,0,0,0,0,0,315,71,0,0,0,5,0,142,1,0,0,0,0,0,50,0,0,0,0,0,-1,False,False,False,False,False,False,True,True,False,False,False,False,False,False,False,False,False,False,True,False,False,False,True,True
365,,,False,False,False,False,False,False,False,False,False,False,False,False,False,False,False,False,False,False,False,False,False,False,False,False,False,False,False,False,False,False,False,False,False,False,False,False,False,False,False,False,False,e0073,0,0,0,0,0,0,0,0,0,316,72,0,0,0,5,0,142,1,0,0,0,0,0,50,0,0,0,0,0,-1,False,False,False,False,False,False,True,True,False,False,False,False,False,False,False,False,False,False,True,False,False,False,True,True
366,,,False,False,False,False,False,False,False,False,False,False,False,False,False,False,False,False,False,False,False,False,False,False,False,False,False,False,False,False,False,False,False,False,False,False,False,False,False,False,False,False,False,e0074,0,0,0,0,0,0,0,0,0,317,73,0,0,0,5,0,142,1,0,0,0,0,0,49,0,0,0,0,0,-1,False,False,False,False,False,False,True,True,False,False,False,False,False,False,False,False,False,False,True,False,False,False,True,True
367,,,False,False,False,False,False,False,False,False,False,False,False,False,False,False,False,False,False,False,False,False,False,False,False,False,False,False,False,False,False,False,False,False,False,False,False,False,False,False,False,False,False,e0075,0,0,0,0,0,0,0,0,0,318,74,0,0,0,5,0,142,1,0,0,0,0,0,50,0,0,0,0,0,-1,False,False,False,False,False,False,True,True,False,False,False,False,False,False,False,False,False,False,True,False,False,False,True,True
368,,,False,False,False,False,False,False,False,False,False,False,False,False,False,False,False,False,False,False,False,False,False,False,False,False,False,False,False,False,False,False,False,False,False,False,False,False,False,False,False,False,False,e0076,0,0,0,0,0,0,0,0,0,319,75,0,0,0,5,0,142,1,0,0,0,0,0,34,0,0,0,0,0,-1,False,False,False,False,False,False,True,True,False,False,False,False,False,False,False,False,False,False,True,False,False,False,True,True
369,,,False,False,False,False,False,False,False,False,False,False,False,False,False,False,False,False,False,False,False,False,False,False,False,False,False,False,False,False,False,False,False,False,False,False,False,False,False,False,False,False,False,e0077,0,0,0,0,0,0,0,0,0,320,76,0,0,0,5,0,142,1,0,0,0,0,0,50,0,0,0,0,0,-1,False,False,False,False,False,False,True,True,False,False,False,False,False,False,False,False,False,False,True,False,False,False,True,True
370,,,False,False,False,False,False,False,False,False,False,False,False,False,False,False,False,False,False,False,False,False,False,False,False,False,False,False,False,False,False,False,False,False,False,False,False,False,False,False,False,False,False,e0078,0,0,0,0,0,0,0,0,0,321,77,0,0,0,5,0,142,1,0,0,0,0,0,49,0,0,0,0,0,-1,False,False,False,False,False,False,True,True,False,False,False,False,False,False,False,False,False,False,True,False,False,False,True,True
371,,,False,False,False,False,False,False,False,False,False,False,False,False,False,False,False,False,False,False,False,False,False,False,False,False,False,False,False,False,False,False,False,False,False,False,False,False,False,False,False,False,False,e0079,0,0,0,0,0,0,0,0,0,322,78,0,0,0,5,0,142,1,0,0,0,0,0,50,0,0,0,0,0,-1,False,False,False,False,False,False,True,True,False,False,False,False,False,False,False,False,False,False,True,False,False,False,True,True
372,,,False,False,False,False,False,False,False,False,False,False,False,False,False,False,False,False,False,False,False,False,False,False,False,False,False,False,False,False,False,False,False,False,False,False,False,False,False,False,False,False,False,e0080,0,0,0,0,0,0,0,0,0,323,79,0,0,0,5,0,142,1,0,0,0,0,0,34,0,0,0,0,0,-1,False,False,False,False,False,False,True,True,False,False,False,False,False,False,False,False,False,False,True,False,False,False,True,True
373,,,False,False,False,False,False,False,False,False,False,False,False,False,False,False,False,False,False,False,False,False,False,False,False,False,False,False,False,False,False,False,False,False,False,False,False,False,False,False,False,False,False,e0081,0,0,0,0,0,0,0,0,0,324,80,0,0,0,5,0,142,1,0,0,0,0,0,39,0,0,0,0,0,-1,False,False,False,False,False,False,True,True,False,False,False,False,False,False,False,False,False,False,True,False,False,False,True,True
374,,,False,False,False,False,False,False,False,False,False,False,False,False,False,False,False,False,False,False,False,False,False,False,False,False,False,False,False,False,False,False,False,False,False,False,False,False,False,False,False,False,False,e0082,0,0,0,0,0,0,0,0,0,325,81,0,0,0,5,0,142,1,0,0,0,0,0,49,0,0,0,0,0,-1,False,False,False,False,False,False,True,True,False,False,False,False,False,False,False,False,False,False,True,False,False,False,True,True
375,,,False,False,False,False,False,False,False,False,False,False,False,False,False,False,False,False,False,False,False,False,False,False,False,False,False,False,False,False,False,False,False,False,False,False,False,False,False,False,False,False,False,e0083,0,0,0,0,0,0,0,0,0,326,82,0,0,0,5,0,142,1,0,0,0,0,0,50,0,0,0,0,0,-1,False,False,False,False,False,False,True,True,False,False,False,False,False,False,False,False,False,False,True,False,False,False,True,True
376,,,False,False,False,False,False,False,False,False,False,False,False,False,False,False,False,False,False,False,False,False,False,False,False,False,False,False,False,False,False,False,False,False,False,False,False,False,False,False,False,False,False,e0084,0,0,0,0,0,0,0,0,0,327,83,0,0,0,5,0,142,1,0,0,0,0,0,34,0,0,0,0,0,-1,False,False,False,False,False,False,True,True,False,False,False,False,False,False,False,False,False,False,True,False,False,False,True,True
377,,,False,False,False,False,False,False,False,False,False,False,False,False,False,False,False,False,False,False,False,False,False,False,False,False,False,False,False,False,False,False,False,False,False,False,False,False,False,False,False,False,False,e0085,0,0,0,0,0,0,0,0,0,328,84,0,0,0,5,0,142,1,0,0,0,0,0,44,0,0,0,0,0,-1,False,False,False,False,False,False,True,True,False,False,False,False,False,False,False,False,False,False,True,False,False,False,True,True
378,,,False,False,False,False,False,False,False,False,False,False,False,False,False,False,False,False,False,False,False,False,False,False,False,False,False,False,False,False,False,False,False,False,False,False,False,False,False,False,False,False,False,e0086,0,0,0,0,0,0,0,0,0,329,85,0,0,0,5,0,142,1,0,0,0,0,0,50,0,0,0,0,0,-1,False,False,False,False,False,False,True,True,False,False,False,False,False,False,False,False,False,False,True,False,False,False,True,True
379,,,False,False,False,False,False,False,False,False,False,False,False,False,False,False,False,False,False,False,False,False,False,False,False,False,False,False,False,False,False,False,False,False,False,False,False,False,False,False,False,False,False,e0087,0,0,0,0,0,0,0,0,0,330,86,0,0,0,5,0,142,1,0,0,0,0,0,46,0,0,0,0,0,-1,False,False,False,False,False,False,True,True,False,False,False,False,False,False,False,False,False,False,True,False,False,False,True,True
380,,,False,False,False,False,False,False,False,False,False,False,False,False,False,False,False,False,False,False,False,False,False,False,False,False,False,False,False,False,False,False,False,False,False,False,False,False,False,False,False,False,False,e0090,0,0,0,0,0,0,0,0,0,379,89,0,0,0,5,0,142,1,0,0,0,0,0,50,0,0,0,0,0,-1,False,False,False,False,False,False,True,True,False,False,False,False,False,False,False,False,False,False,True,False,False,False,True,True
381,,,False,False,False,False,False,False,False,False,False,False,False,False,False,False,False,False,False,False,False,False,False,False,False,False,False,False,False,False,False,False,False,False,False,False,False,False,False,False,False,False,False,e0091,0,0,0,0,0,0,0,0,0,404,90,0,0,0,5,0,142,1,0,0,0,0,0,14,0,0,0,0,0,-1,False,False,False,False,False,False,True,True,False,False,False,False,False,False,False,False,False,False,True,False,False,False,True,True
382,,,False,False,False,False,False,False,False,False,False,False,False,False,False,False,False,False,False,False,False,False,False,False,False,False,False,False,False,False,False,False,False,False,False,False,False,False,False,False,False,False,False,e0092,0,0,0,0,0,0,0,0,0,405,91,0,0,0,5,0,142,1,0,0,0,0,0,19,0,0,0,0,0,-1,False,False,False,False,False,False,True,True,False,False,False,False,False,False,False,False,False,False,True,False,False,False,True,True
383,,,False,False,False,False,False,False,False,False,False,False,False,False,False,False,False,False,False,False,False,False,False,False,False,False,False,False,False,False,False,False,False,False,False,False,False,False,False,False,False,False,False,e0093,0,0,0,0,0,0,0,0,0,406,92,0,0,0,5,0,142,1,0,0,0,0,0,19,0,0,0,0,0,-1,False,False,False,False,False,False,True,True,False,False,False,False,False,False,False,False,False,False,True,False,False,False,True,True
384,,,False,False,False,False,False,False,False,False,False,False,False,False,False,False,False,False,False,False,False,False,False,False,False,False,False,False,False,False,False,False,False,False,False,False,False,False,False,False,False,False,False,e0094,0,0,0,0,0,0,0,0,0,407,93,0,0,0,5,0,142,1,0,0,0,0,0,24,0,0,0,0,0,-1,False,False,False,False,False,False,True,True,False,False,False,False,False,False,False,False,False,False,True,False,False,False,True,True
385,,,False,False,False,False,False,False,False,False,False,False,False,False,False,False,False,False,False,False,False,False,False,False,False,False,False,False,False,False,False,False,False,False,False,False,False,False,False,False,False,False,False,e0095,0,0,0,0,0,0,0,0,0,408,94,0,0,0,5,0,142,1,0,0,0,0,0,29,0,0,0,0,0,-1,False,False,False,False,False,False,True,True,False,False,False,False,False,False,False,False,False,False,True,False,False,False,True,True
386,,,False,False,False,False,False,False,False,False,False,False,False,False,False,False,False,False,False,False,False,False,False,False,False,False,False,False,False,False,False,False,False,False,False,False,False,False,False,False,False,False,False,e0096,0,0,0,0,0,0,0,0,0,409,95,0,0,0,5,0,142,1,0,0,0,0,0,34,0,0,0,0,0,-1,False,False,False,False,False,False,True,True,False,False,False,False,False,False,False,False,False,False,True,False,False,False,True,True
387,,,False,False,False,False,False,False,False,False,False,False,False,False,False,False,False,False,False,False,False,False,False,False,False,False,False,False,False,False,False,False,False,False,False,False,False,False,False,False,False,False,False,e0097,0,0,0,0,0,0,0,0,0,410,101,0,0,0,5,0,142,1,0,0,0,0,0,50,0,0,0,0,0,-1,False,False,False,False,False,False,True,True,False,False,False,False,False,False,False,False,False,False,True,False,False,False,True,True
388,,,False,False,False,False,False,False,False,False,False,False,False,False,False,False,False,False,False,False,False,False,False,False,False,False,False,False,False,False,False,False,False,False,False,False,False,False,False,False,False,False,False,e0098,0,0,0,0,0,0,0,0,0,411,96,0,0,0,5,0,142,1,0,0,0,0,0,34,0,0,0,0,0,-1,False,False,False,False,False,False,True,True,False,False,False,False,False,False,False,False,False,False,True,False,False,False,True,True
389,,,False,False,False,False,False,False,False,False,False,False,False,False,False,False,False,False,False,False,False,False,False,False,False,False,False,False,False,False,False,False,False,False,False,False,False,False,False,False,False,False,False,e0099,0,0,0,0,0,0,0,0,0,412,97,0,0,0,5,0,142,1,0,0,0,0,0,39,0,0,0,0,0,-1,False,False,False,False,False,False,True,True,False,False,False,False,False,False,False,False,False,False,True,False,False,False,True,True
390,,,False,False,False,False,False,False,False,False,False,False,False,False,False,False,False,False,False,False,False,False,False,False,False,False,False,False,False,False,False,False,False,False,False,False,False,False,False,False,False,False,False,e0100,0,0,0,0,0,0,0,0,0,413,98,0,0,0,5,0,142,1,0,0,0,0,0,44,0,0,0,0,0,-1,False,False,False,False,False,False,True,True,False,False,False,False,False,False,False,False,False,False,True,False,False,False,True,True
391,,,False,False,False,False,False,False,False,False,False,False,False,False,False,False,False,False,False,False,False,False,False,False,False,False,False,False,False,False,False,False,False,False,False,False,False,False,False,False,False,False,False,e0101,0,0,0,0,0,0,0,0,0,414,99,0,0,0,5,0,142,1,0,0,0,0,0,49,0,0,0,0,0,-1,False,False,False,False,False,False,True,True,False,False,False,False,False,False,False,False,False,False,True,False,False,False,True,True
392,,,False,False,False,False,False,False,False,False,False,False,False,False,False,False,False,False,False,False,False,False,False,False,False,False,False,False,False,False,False,False,False,False,False,False,False,False,False,False,False,False,False,e0102,0,0,0,0,0,0,0,0,0,415,100,0,0,0,5,0,142,1,0,0,0,0,0,50,0,0,0,0,0,-1,False,False,False,False,False,False,True,True,False,False,False,False,False,False,False,False,False,False,True,False,False,False,True,True
393,,,False,False,False,False,False,False,False,False,False,False,False,False,False,False,False,False,False,False,False,False,False,False,False,False,False,False,False,False,False,False,False,False,False,False,False,False,False,False,False,False,False,e0103,0,0,0,0,0,0,0,0,0,453,103,0,0,0,5,1,142,1,0,0,0,0,0,60,0,0,0,0,0,-1,False,False,False,False,False,False,True,True,False,False,False,False,False,False,False,False,False,False,True,False,False,False,True,True
394,,,False,False,False,False,False,False,False,False,False,False,False,False,False,False,False,False,False,False,False,False,False,False,False,False,False,False,False,False,False,False,False,False,False,False,False,False,False,False,False,False,False,e0104,0,0,0,0,0,0,0,0,0,454,135,0,0,0,5,1,142,1,0,0,0,0,0,60,0,0,0,0,0,-1,False,False,False,False,False,False,True,True,False,False,False,False,False,False,False,False,False,False,True,False,False,False,True,True
395,,,False,False,False,False,False,False,False,False,False,False,False,False,False,False,False,False,False,False,False,False,False,False,False,False,False,False,False,False,False,False,False,False,False,False,False,False,False,False,False,False,False,e0105,0,0,0,0,0,0,0,0,0,455,104,0,0,0,5,1,142,1,0,0,0,0,0,52,0,0,0,0,0,-1,False,False,False,False,False,False,True,True,False,False,False,False,False,False,False,False,False,False,True,False,False,False,True,True
396,,,False,False,False,False,False,False,False,False,False,False,False,False,False,False,False,False,False,False,False,False,False,False,False,False,False,False,False,False,False,False,False,False,False,False,False,False,False,False,False,False,False,e0106,0,0,0,0,0,0,0,0,0,456,105,0,0,0,5,1,142,1,0,0,0,0,0,52,0,0,0,0,0,-1,False,False,False,False,False,False,True,True,False,False,False,False,False,False,False,False,False,False,True,False,False,False,True,True
397,,,False,False,False,False,False,False,False,False,False,False,False,False,False,False,False,False,False,False,False,False,False,False,False,False,False,False,False,False,False,False,False,False,False,False,False,False,False,False,False,False,False,e0107,0,0,0,0,0,0,0,0,0,457,108,0,0,0,5,1,142,1,0,0,0,0,0,53,0,0,0,0,0,-1,False,False,False,False,False,False,True,True,False,False,False,False,False,False,False,False,False,False,True,False,False,False,True,True
398,,,False,False,False,False,False,False,False,False,False,False,False,False,False,False,False,False,False,False,False,False,False,False,False,False,False,False,False,False,False,False,False,False,False,False,False,False,False,False,False,False,False,e0108,0,0,0,0,0,0,0,0,0,458,109,0,0,0,5,1,142,1,0,0,0,0,0,59,0,0,0,0,0,-1,False,False,False,False,False,False,True,True,False,False,False,False,False,False,False,False,False,False,True,False,False,False,True,True
399,,,False,False,False,False,False,False,False,False,False,False,False,False,False,False,False,False,False,False,False,False,False,False,False,False,False,False,False,False,False,False,False,False,False,False,False,False,False,False,False,False,False,e0109,0,0,0,0,0,0,0,0,0,459,110,0,0,0,5,1,142,1,0,0,0,0,0,60,0,0,0,0,0,-1,False,False,False,False,False,False,True,True,False,False,False,False,False,False,False,False,False,False,True,False,False,False,True,True
400,,,False,False,False,False,False,False,False,False,False,False,False,False,False,False,False,False,False,False,False,False,False,False,False,False,False,False,False,False,False,False,False,False,False,False,False,False,False,False,False,False,False,e0110,0,0,0,0,0,0,0,0,0,460,106,0,0,0,5,1,142,1,0,0,0,0,0,53,0,0,0,0,0,-1,False,False,False,False,False,False,True,True,False,False,False,False,False,False,False,False,False,False,True,False,False,False,True,True
401,,,False,False,False,False,False,False,False,False,False,False,False,False,False,False,False,False,False,False,False,False,False,False,False,False,False,False,False,False,False,False,False,False,False,False,False,False,False,False,False,False,False,e0111,0,0,0,0,0,0,0,0,0,461,107,0,0,0,5,1,142,1,0,0,0,0,0,59,0,0,0,0,0,-1,False,False,False,False,False,False,True,True,False,False,False,False,False,False,False,False,False,False,True,False,False,False,True,True
402,,,False,False,False,False,False,False,False,False,False,False,False,False,False,False,False,False,False,False,False,False,False,False,False,False,False,False,False,False,False,False,False,False,False,False,False,False,False,False,False,False,False,e0112,0,0,0,0,0,0,0,0,0,464,134,0,0,0,5,1,142,1,0,0,0,0,0,60,0,0,0,0,0,-1,False,False,False,False,False,False,True,True,False,False,False,False,False,False,False,False,False,False,True,False,False,False,True,True
403,,,False,False,False,False,False,False,False,False,False,False,False,False,False,False,False,False,False,False,False,False,False,False,False,False,False,False,False,False,False,False,False,False,False,False,False,False,False,False,False,False,False,e0113,0,0,0,0,0,0,0,0,0,465,126,0,0,0,5,1,142,1,0,0,0,0,0,60,0,0,0,0,0,-1,False,False,False,False,False,False,True,True,False,False,False,False,False,False,False,False,False,False,True,False,False,False,True,True
404,,,False,False,False,False,False,False,False,False,False,False,False,False,False,False,False,False,False,False,False,False,False,False,False,False,False,False,False,False,False,False,False,False,False,False,False,False,False,False,False,False,False,e0114,0,0,0,0,0,0,0,0,0,466,113,0,0,0,5,1,142,1,0,0,0,0,0,54,0,0,0,0,0,-1,False,False,False,False,False,False,True,True,False,False,False,False,False,False,False,False,False,False,True,False,False,False,True,True
405,,,False,False,False,False,False,False,False,False,False,False,False,False,False,False,False,False,False,False,False,False,False,False,False,False,False,False,False,False,False,False,False,False,False,False,False,False,False,False,False,False,False,e0115,0,0,0,0,0,0,0,0,0,467,114,0,0,0,5,1,142,1,0,0,0,0,0,60,0,0,0,0,0,-1,False,False,False,False,False,False,True,True,False,False,False,False,False,False,False,False,False,False,True,False,False,False,True,True
406,,,False,False,False,False,False,False,False,False,False,False,False,False,False,False,False,False,False,False,False,False,False,False,False,False,False,False,False,False,False,False,False,False,False,False,False,False,False,False,False,False,False,e0116,0,0,0,0,0,0,0,0,0,468,102,0,0,0,5,1,142,1,0,0,0,0,0,54,0,0,0,0,0,-1,False,False,False,False,False,False,True,True,False,False,False,False,False,False,False,False,False,False,True,False,False,False,True,True
407,,,False,False,False,False,False,False,False,False,False,False,False,False,False,False,False,False,False,False,False,False,False,False,False,False,False,False,False,False,False,False,False,False,False,False,False,False,False,False,False,False,False,e0117,0,0,0,0,0,0,0,0,0,469,115,0,0,0,5,1,142,1,0,0,0,0,0,54,0,0,0,0,0,-1,False,False,False,False,False,False,True,True,False,False,False,False,False,False,False,False,False,False,True,False,False,False,True,True
408,,,False,False,False,False,False,False,False,False,False,False,False,False,False,False,False,False,False,False,False,False,False,False,False,False,False,False,False,False,False,False,False,False,False,False,False,False,False,False,False,False,False,e0118,0,0,0,0,0,0,0,0,0,470,116,0,0,0,5,1,142,1,0,0,0,0,0,56,0,0,0,0,0,-1,False,False,False,False,False,False,True,True,False,False,False,False,False,False,False,False,False,False,True,False,False,False,True,True
409,,,False,False,False,False,False,False,False,False,False,False,False,False,False,False,False,False,False,False,False,False,False,False,False,False,False,False,False,False,False,False,False,False,False,False,False,False,False,False,False,False,False,e0119,0,0,0,0,0,0,0,0,0,471,117,0,0,0,5,1,142,1,0,0,0,0,0,49,0,0,0,0,0,-1,False,False,False,False,False,False,True,True,False,False,False,False,False,False,False,False,False,False,True,False,False,False,True,True
410,,,False,False,False,False,False,False,False,False,False,False,False,False,False,False,False,False,False,False,False,False,False,False,False,False,False,False,False,False,False,False,False,False,False,False,False,False,False,False,False,False,False,e0120,0,0,0,0,0,0,0,0,0,472,118,0,0,0,5,1,142,1,0,0,0,0,0,56,0,0,0,0,0,-1,False,False,False,False,False,False,True,True,False,False,False,False,False,False,False,False,False,False,True,False,False,False,True,True
411,,,False,False,False,False,False,False,False,False,False,False,False,False,False,False,False,False,False,False,False,False,False,False,False,False,False,False,False,False,False,False,False,False,False,False,False,False,False,False,False,False,False,e0121,0,0,0,0,0,0,0,0,0,473,143,0,0,0,5,1,142,1,0,0,0,0,0,34,0,0,0,0,0,-1,False,False,False,False,False,False,True,True,False,False,False,False,False,False,False,False,False,False,True,False,False,False,True,True
412,,,False,False,False,False,False,False,False,False,False,False,False,False,False,False,False,False,False,False,False,False,False,False,False,False,False,False,False,False,False,False,False,False,False,False,False,False,False,False,False,False,False,e0122,0,0,0,0,0,0,0,0,0,474,144,0,0,0,5,1,142,1,0,0,0,0,0,44,0,0,0,0,0,-1,False,False,False,False,False,False,True,True,False,False,False,False,False,False,False,False,False,False,True,False,False,False,True,True
413,,,False,False,False,False,False,False,False,False,False,False,False,False,False,False,False,False,False,False,False,False,False,False,False,False,False,False,False,False,False,False,False,False,False,False,False,False,False,False,False,False,False,e0123,0,0,0,0,0,0,0,0,0,475,119,0,0,0,5,1,142,1,0,0,0,0,0,52,0,0,0,0,0,-1,False,False,False,False,False,False,True,True,False,False,False,False,False,False,False,False,False,False,True,False,False,False,True,True
414,,,False,False,False,False,False,False,False,False,False,False,False,False,False,False,False,False,False,False,False,False,False,False,False,False,False,False,False,False,False,False,False,False,False,False,False,False,False,False,False,False,False,e0124,0,0,0,0,0,0,0,0,0,476,141,0,0,0,5,1,142,1,0,0,0,0,0,60,0,0,0,0,0,-1,False,False,False,False,False,False,True,True,False,False,False,False,False,False,False,False,False,False,True,False,False,False,True,True
415,,,False,False,False,False,False,False,False,False,False,False,False,False,False,False,False,False,False,False,False,False,False,False,False,False,False,False,False,False,False,False,False,False,False,False,False,False,False,False,False,False,False,e0125,0,0,0,0,0,0,0,0,0,477,142,0,0,0,5,1,142,1,0,0,0,0,0,60,0,0,0,0,0,-1,False,False,False,False,False,False,True,True,False,False,False,False,False,False,False,False,False,False,True,False,False,False,True,True
416,,,False,False,False,False,False,False,False,False,False,False,False,False,False,False,False,False,False,False,False,False,False,False,False,False,False,False,False,False,False,False,False,False,False,False,False,False,False,False,False,False,False,e0126,0,0,0,0,0,0,0,0,0,479,111,0,0,0,5,1,142,1,0,0,0,0,0,52,0,0,0,0,0,-1,False,False,False,False,False,False,True,True,False,False,False,False,False,False,False,False,False,False,True,False,False,False,True,True
417,,,False,False,False,False,False,False,False,False,False,False,False,False,False,False,False,False,False,False,False,False,False,False,False,False,False,False,False,False,False,False,False,False,False,False,False,False,False,False,False,False,False,e0127,0,0,0,0,0,0,0,0,0,480,120,0,0,0,5,1,142,1,0,0,0,0,0,49,0,0,0,0,0,-1,False,False,False,False,False,False,True,True,False,False,False,False,False,False,False,False,False,False,True,False,False,False,True,True
418,,,False,False,False,False,False,False,False,False,False,False,False,False,False,False,False,False,False,False,False,False,False,False,False,False,False,False,False,False,False,False,False,False,False,False,False,False,False,False,False,False,False,e0128,0,0,0,0,0,0,0,0,0,481,121,0,0,0,5,1,142,1,0,0,0,0,0,58,0,0,0,0,0,-1,False,False,False,False,False,False,True,True,False,False,False,False,False,False,False,False,False,False,True,False,False,False,True,True
419,,,False,False,False,False,False,False,False,False,False,False,False,False,False,False,False,False,False,False,False,False,False,False,False,False,False,False,False,False,False,False,False,False,False,False,False,False,False,False,False,False,False,e0129,0,0,0,0,0,0,0,0,0,482,122,0,0,0,5,1,142,1,0,0,0,0,0,58,0,0,0,0,0,-1,False,False,False,False,False,False,True,True,False,False,False,False,False,False,False,False,False,False,True,False,False,False,True,True
420,,,False,False,False,False,False,False,False,False,False,False,False,False,False,False,False,False,False,False,False,False,False,False,False,False,False,False,False,False,False,False,False,False,False,False,False,False,False,False,False,False,False,e0130,0,0,0,0,0,0,0,0,0,483,123,0,0,0,5,1,142,1,0,0,0,0,0,56,0,0,0,0,0,-1,False,False,False,False,False,False,True,True,False,False,False,False,False,False,False,False,False,False,True,False,False,False,True,True
421,,,False,False,False,False,False,False,False,False,False,False,False,False,False,False,False,False,False,False,False,False,False,False,False,False,False,False,False,False,False,False,False,False,False,False,False,False,False,False,False,False,False,e0131,0,0,0,0,0,0,0,0,0,484,124,0,0,0,5,1,142,1,0,0,0,0,0,56,0,0,0,0,0,-1,False,False,False,False,False,False,True,True,False,False,False,False,False,False,False,False,False,False,True,False,False,False,True,True
422,,,False,False,False,False,False,False,False,False,False,False,False,False,False,False,False,False,False,False,False,False,False,False,False,False,False,False,False,False,False,False,False,False,False,False,False,False,False,False,False,False,False,e0132,0,0,0,0,0,0,0,0,0,485,112,0,0,0,5,1,142,1,0,0,0,0,0,60,0,0,0,0,0,-1,False,False,False,False,False,False,True,True,False,False,False,False,False,False,False,False,False,False,True,False,False,False,True,True
423,,,False,False,False,False,False,False,False,False,False,False,False,False,False,False,False,False,False,False,False,False,False,False,False,False,False,False,False,False,False,False,False,False,False,False,False,False,False,False,False,False,False,e0133,0,0,0,0,0,0,0,0,0,486,127,0,0,0,5,1,142,1,0,0,0,0,0,34,0,0,0,0,0,-1,False,False,False,False,False,False,True,True,False,False,False,False,False,False,False,False,False,False,True,False,False,False,True,True
424,,,False,False,False,False,False,False,False,False,False,False,False,False,False,False,False,False,False,False,False,False,False,False,False,False,False,False,False,False,False,False,False,False,False,False,False,False,False,False,False,False,False,e0134,0,0,0,0,0,0,0,0,0,487,128,0,0,0,5,1,142,1,0,0,0,0,0,44,0,0,0,0,0,-1,False,False,False,False,False,False,True,True,False,False,False,False,False,False,False,False,False,False,True,False,False,False,True,True
425,,,False,False,False,False,False,False,False,False,False,False,False,False,False,False,False,False,False,False,False,False,False,False,False,False,False,False,False,False,False,False,False,False,False,False,False,False,False,False,False,False,False,e0135,0,0,0,0,0,0,0,0,0,488,129,0,0,0,5,1,142,1,0,0,0,0,0,52,0,0,0,0,0,-1,False,False,False,False,False,False,True,True,False,False,False,False,False,False,False,False,False,False,True,False,False,False,True,True
426,,,False,False,False,False,False,False,False,False,False,False,False,False,False,False,False,False,False,False,False,False,False,False,False,False,False,False,False,False,False,False,False,False,False,False,False,False,False,False,False,False,False,e0136,0,0,0,0,0,0,0,0,0,489,130,0,0,0,5,1,142,1,0,0,0,0,0,60,0,0,0,0,0,-1,False,False,False,False,False,False,True,True,False,False,False,False,False,False,False,False,False,False,True,False,False,False,True,True
427,,,False,False,False,False,False,False,False,False,False,False,False,False,False,False,False,False,False,False,False,False,False,False,False,False,False,False,False,False,False,False,False,False,False,False,False,False,False,False,False,False,False,e0137,0,0,0,0,0,0,0,0,0,490,131,0,0,0,5,1,142,1,0,0,0,0,0,60,0,0,0,0,0,-1,False,False,False,False,False,False,True,True,False,False,False,False,False,False,False,False,False,False,True,False,False,False,True,True
428,,,False,False,False,False,False,False,False,False,False,False,False,False,False,False,False,False,False,False,False,False,False,False,False,False,False,False,False,False,False,False,False,False,False,False,False,False,False,False,False,False,False,e0138,0,0,0,0,0,0,0,0,0,491,132,0,0,0,5,1,142,1,0,0,0,0,0,60,0,0,0,0,0,-1,False,False,False,False,False,False,True,True,False,False,False,False,False,False,False,False,False,False,True,False,False,False,True,True
429,,,False,False,False,False,False,False,False,False,False,False,False,False,False,False,False,False,False,False,False,False,False,False,False,False,False,False,False,False,False,False,False,False,False,False,False,False,False,False,False,False,False,e0139,0,0,0,0,0,0,0,0,0,492,133,0,0,0,5,1,142,1,0,0,0,0,0,60,0,0,0,0,0,-1,False,False,False,False,False,False,True,True,False,False,False,False,False,False,False,False,False,False,True,False,False,False,True,True
430,,,False,False,False,False,False,False,False,False,False,False,False,False,False,False,False,False,False,False,False,False,False,False,False,False,False,False,False,False,False,False,False,False,False,False,False,False,False,False,False,False,False,e0140,0,0,0,0,0,0,0,0,0,493,125,0,0,0,5,1,142,1,0,0,0,0,0,60,0,0,0,0,0,-1,False,False,False,False,False,False,True,True,False,False,False,False,False,False,False,False,False,False,True,False,False,False,True,True
431,,,False,False,False,False,False,False,False,False,False,False,False,False,False,False,False,False,False,False,False,False,False,False,False,False,False,False,False,False,False,False,False,False,False,False,False,False,False,False,False,False,False,e0141,0,0,0,0,0,0,0,0,0,494,136,0,0,0,5,1,142,1,0,0,0,0,0,44,0,0,0,0,0,-1,False,False,False,False,False,False,True,True,False,False,False,False,False,False,False,False,False,False,True,False,False,False,True,True
432,,,False,False,False,False,False,False,False,False,False,False,False,False,False,False,False,False,False,False,False,False,False,False,False,False,False,False,False,False,False,False,False,False,False,False,False,False,False,False,False,False,False,e0142,0,0,0,0,0,0,0,0,0,495,137,0,0,0,5,1,142,1,0,0,0,0,0,49,0,0,0,0,0,-1,False,False,False,False,False,False,True,True,False,False,False,False,False,False,False,False,False,False,True,False,False,False,True,True
433,,,False,False,False,False,False,False,False,False,False,False,False,False,False,False,False,False,False,False,False,False,False,False,False,False,False,False,False,False,False,False,False,False,False,False,False,False,False,False,False,False,False,e0143,0,0,0,0,0,0,0,0,0,496,138,0,0,0,5,1,142,1,0,0,0,0,0,56,0,0,0,0,0,-1,False,False,False,False,False,False,True,True,False,False,False,False,False,False,False,False,False,False,True,False,False,False,True,True
434,,,False,False,False,False,False,False,False,False,False,False,False,False,False,False,False,False,False,False,False,False,False,False,False,False,False,False,False,False,False,False,False,False,False,False,False,False,False,False,False,False,False,e0144,0,0,0,0,0,0,0,0,0,497,139,0,0,0,5,1,142,1,0,0,0,0,0,60,0,0,0,0,0,-1,False,False,False,False,False,False,True,True,False,False,False,False,False,False,False,False,False,False,True,False,False,False,True,True
435,,,False,False,False,False,False,False,False,False,False,False,False,False,False,False,False,False,False,False,False,False,False,False,False,False,False,False,False,False,False,False,False,False,False,False,False,False,False,False,False,False,False,e0145,0,0,0,0,0,0,0,0,0,498,140,0,0,0,5,1,142,1,0,0,0,0,0,56,0,0,0,0,0,-1,False,False,False,False,False,False,True,True,False,False,False,False,False,False,False,False,False,False,True,False,False,False,True,True
436,,,False,False,False,False,False,False,False,False,False,False,False,False,False,False,False,False,False,False,False,False,False,False,False,False,False,False,False,False,False,False,False,False,False,False,False,False,False,False,False,False,False,e0146,0,0,0,0,0,0,0,0,0,499,145,0,0,0,5,1,142,1,0,0,0,0,0,34,0,0,0,0,0,-1,False,False,False,False,False,False,True,True,False,False,False,False,False,False,False,False,False,False,True,False,False,False,True,True
437,,,False,False,False,False,False,False,False,False,False,False,False,False,False,False,False,False,False,False,False,False,False,False,False,False,False,False,False,False,False,False,False,False,False,False,False,False,False,False,False,False,False,e0147,0,0,0,0,0,0,0,0,0,500,146,0,0,0,5,1,142,1,0,0,0,0,0,52,0,0,0,0,0,-1,False,False,False,False,False,False,True,True,False,False,False,False,False,False,False,False,False,False,True,False,False,False,True,True
438,,,False,False,False,False,False,False,False,False,False,False,False,False,False,False,False,False,False,False,False,False,False,False,False,False,False,False,False,False,False,False,False,False,False,False,False,False,False,False,False,False,False,e0148,0,0,0,0,0,0,0,0,0,501,147,0,0,0,5,1,142,1,0,0,0,0,0,60,0,0,0,0,0,-1,False,False,False,False,False,False,True,True,False,False,False,False,False,False,False,False,False,False,True,False,False,False,True,True
439,,,False,False,False,False,False,False,False,False,False,False,False,False,False,False,False,False,False,False,False,False,False,False,False,False,False,False,False,False,False,False,False,False,False,False,False,False,False,False,False,False,False,e0149,0,0,0,0,0,0,0,0,0,502,149,0,0,0,5,1,142,1,0,0,0,0,0,60,0,0,0,0,0,-1,False,False,False,False,False,False,True,True,False,False,False,False,False,False,False,False,False,False,True,False,False,False,True,True
440,,,False,False,False,False,False,False,False,False,False,False,False,False,False,False,False,False,False,False,False,False,False,False,False,False,False,False,False,False,False,False,False,False,False,False,False,False,False,False,False,False,False,e0150,0,0,0,0,0,0,0,0,0,503,148,0,0,0,5,1,142,1,0,0,0,0,0,60,0,0,0,0,0,-1,False,False,False,False,False,False,True,True,False,False,False,False,False,False,False,False,False,False,True,False,False,False,True,True
441,,,False,False,False,False,False,False,False,False,False,False,False,False,False,False,False,False,False,False,False,False,False,False,False,False,False,False,False,False,False,False,False,False,False,False,False,False,False,False,False,False,False,e0151,0,0,0,0,0,0,0,0,0,513,150,0,0,0,5,1,142,1,0,0,0,0,0,60,0,0,0,0,0,-1,False,False,False,False,False,False,True,True,False,False,False,False,False,False,False,False,False,False,True,False,False,False,True,True
442,,,False,False,False,False,False,False,False,False,False,False,False,False,False,False,False,False,False,False,False,False,False,False,False,False,False,False,False,False,False,False,False,False,False,False,False,False,False,False,False,False,False,e0152,0,0,0,0,0,0,0,0,0,664,154,0,0,0,5,2,142,1,0,0,0,0,0,67,0,0,0,0,0,-1,False,False,False,False,False,False,True,True,False,False,False,False,False,False,False,False,False,False,True,False,False,False,True,True
443,,,False,False,False,False,False,False,False,False,False,False,False,False,False,False,False,False,False,False,False,False,False,False,False,False,False,False,False,False,False,False,False,False,False,False,False,False,False,False,False,False,False,e0153,0,0,0,0,0,0,0,0,0,667,156,0,0,0,5,2,142,1,0,0,0,0,0,70,0,0,0,0,0,-1,False,False,False,False,False,False,True,True,False,False,False,False,False,False,False,False,False,False,True,False,False,False,True,True
444,,,False,False,False,False,False,False,False,False,False,False,False,False,False,False,False,False,False,False,False,False,False,False,False,False,False,False,False,False,False,False,False,False,False,False,False,False,False,False,False,False,False,e0154,0,0,0,0,0,0,0,0,0,669,162,0,0,0,5,2,142,1,0,0,0,0,0,62,0,0,0,0,0,-1,False,False,False,False,False,False,True,True,False,False,False,False,False,False,False,False,False,False,True,False,False,False,True,True
445,,,False,False,False,False,False,False,False,False,False,False,False,False,False,False,False,False,False,False,False,False,False,False,False,False,False,False,False,False,False,False,False,False,False,False,False,False,False,False,False,False,False,e0155,0,0,0,0,0,0,0,0,0,673,168,0,0,0,5,2,142,1,0,0,0,0,0,70,0,0,0,0,0,-1,False,False,False,False,False,False,True,True,False,False,False,False,False,False,False,False,False,False,True,False,False,False,True,True
446,,,False,False,False,False,False,False,False,False,False,False,False,False,False,False,False,False,False,False,False,False,False,False,False,False,False,False,False,False,False,False,False,False,False,False,False,False,False,False,False,False,False,e0156,0,0,0,0,0,0,0,0,0,703,174,0,0,0,5,2,142,1,0,0,0,0,0,67,0,0,0,0,0,-1,False,False,False,False,False,False,True,True,False,False,False,False,False,False,False,False,False,False,True,False,False,False,True,True
447,,,False,False,False,False,False,False,False,False,False,False,False,False,False,False,False,False,False,False,False,False,False,False,False,False,False,False,False,False,False,False,False,False,False,False,False,False,False,False,False,False,False,e0157,0,0,0,0,0,0,0,0,0,704,175,0,0,0,5,2,142,1,0,0,0,0,0,70,0,0,0,0,0,-1,False,False,False,False,False,False,True,True,False,False,False,False,False,False,False,False,False,False,True,False,False,False,True,True
448,,,False,False,False,False,False,False,False,False,False,False,False,False,False,False,False,False,False,False,False,False,False,False,False,False,False,False,False,False,False,False,False,False,False,False,False,False,False,False,False,False,False,e0162,0,0,0,0,0,0,0,0,0,699,172,0,0,0,5,2,142,1,0,0,0,0,0,67,0,0,0,0,0,-1,False,False,False,False,False,False,True,True,False,False,False,False,False,False,False,False,False,False,True,False,False,False,True,True
449,,,False,False,False,False,False,False,False,False,False,False,False,False,False,False,False,False,False,False,False,False,False,False,False,False,False,False,False,False,False,False,False,False,False,False,False,False,False,False,False,False,False,e0163,0,0,0,0,0,0,0,0,0,700,173,0,0,0,5,2,142,1,0,0,0,0,0,70,0,0,0,0,0,-1,False,False,False,False,False,False,True,True,False,False,False,False,False,False,False,False,False,False,True,False,False,False,True,True
450,,,False,False,False,False,False,False,False,False,False,False,False,False,False,False,False,False,False,False,False,False,False,False,False,False,False,False,False,False,False,False,False,False,False,False,False,False,False,False,False,False,False,e0164,0,0,0,0,0,0,0,0,0,647,152,0,0,0,5,2,142,1,0,0,0,0,0,70,0,0,0,0,0,-1,False,False,False,False,False,False,True,True,False,False,False,False,False,False,False,False,False,False,True,False,False,False,True,True
451,,,False,False,False,False,False,False,False,False,False,False,False,False,False,False,False,False,False,False,False,False,False,False,False,False,False,False,False,False,False,False,False,False,False,False,False,False,False,False,False,False,False,e0165,0,0,0,0,0,0,0,0,0,648,153,0,0,0,5,2,142,1,0,0,0,0,0,70,0,0,0,0,0,-1,False,False,False,False,False,False,True,True,False,False,False,False,False,False,False,False,False,False,True,False,False,False,True,True
452,,,False,False,False,False,False,False,False,False,False,False,False,False,False,False,False,False,False,False,False,False,False,False,False,False,False,False,False,False,False,False,False,False,False,False,False,False,False,False,False,False,False,e0166,0,0,0,0,0,0,0,0,0,726,177,0,0,0,5,2,142,1,0,0,0,0,0,67,0,0,0,0,0,-1,False,False,False,False,False,False,True,True,False,False,False,False,False,False,False,False,False,False,True,False,False,False,True,True
453,,,False,False,False,False,False,False,False,False,False,False,False,False,False,False,False,False,False,False,False,False,False,False,False,False,False,False,False,False,False,False,False,False,False,False,False,False,False,False,False,False,False,e0170,0,0,0,0,0,0,0,0,0,721,176,0,0,0,5,2,142,1,0,0,0,0,0,67,0,0,0,0,0,-1,False,False,False,False,False,False,True,True,False,False,False,False,False,False,False,False,False,False,True,False,False,False,True,True
454,,,False,False,False,False,False,False,False,False,False,False,False,False,False,False,False,False,False,False,False,False,False,False,False,False,False,False,False,False,False,False,False,False,False,False,False,False,False,False,False,False,False,e0172,0,0,0,0,0,0,0,0,0,701,170,0,0,0,5,2,142,1,0,0,0,0,0,67,0,0,0,0,0,-1,False,False,False,False,False,False,True,True,False,False,False,False,False,False,False,False,False,False,True,False,False,False,True,True
455,,,False,False,False,False,False,False,False,False,False,False,False,False,False,False,False,False,False,False,False,False,False,False,False,False,False,False,False,False,False,False,False,False,False,False,False,False,False,False,False,False,False,e0173,0,0,0,0,0,0,0,0,0,702,171,0,0,0,5,2,142,1,0,0,0,0,0,70,0,0,0,0,0,-1,False,False,False,False,False,False,True,True,False,False,False,False,False,False,False,False,False,False,True,False,False,False,True,True
456,,,False,False,False,False,False,False,False,False,False,False,False,False,False,False,False,False,False,False,False,False,False,False,False,False,False,False,False,False,False,False,False,False,False,False,False,False,False,False,False,False,False,e0176,0,0,0,0,0,0,0,0,0,640,151,0,0,0,5,2,142,1,0,0,0,0,0,67,0,0,0,0,0,-1,False,False,False,False,False,False,True,True,False,False,False,False,False,False,False,False,False,False,True,False,False,False,True,True
457,,,False,False,False,False,False,False,False,False,False,False,False,False,False,False,False,False,False,False,False,False,False,False,False,False,False,False,False,False,False,False,False,False,False,False,False,False,False,False,False,False,False,e0177,0,0,0,0,0,0,0,0,0,678,169,0,0,0,5,2,142,1,0,0,0,0,0,70,0,0,0,0,0,-1,False,False,False,False,False,False,True,True,False,False,False,False,False,False,False,False,False,False,True,False,False,False,True,True
458,,,False,False,False,False,False,False,False,False,False,False,False,False,False,False,False,False,False,False,False,False,False,False,False,False,False,False,False,False,False,False,False,False,False,False,False,False,False,False,False,False,False,e0178,0,0,0,0,0,0,0,0,0,668,161,0,0,0,5,2,142,1,0,0,0,0,0,52,0,0,0,0,0,-1,False,False,False,False,False,False,True,True,False,False,False,False,False,False,False,False,False,False,True,False,False,False,True,True
459,,,False,False,False,False,False,False,False,False,False,False,False,False,False,False,False,False,False,False,False,False,False,False,False,False,False,False,False,False,False,False,False,False,False,False,False,False,False,False,False,False,False,e0179,0,0,0,0,0,0,0,0,0,675,164,0,0,0,5,2,142,1,0,0,0,0,0,58,0,0,0,0,0,-1,False,False,False,False,False,False,True,True,False,False,False,False,False,False,False,False,False,False,True,False,False,False,True,True
460,,,False,False,False,False,False,False,False,False,False,False,False,False,False,False,False,False,False,False,False,False,False,False,False,False,False,False,False,False,False,False,False,False,False,False,False,False,False,False,False,False,False,e0180,0,0,0,0,0,0,0,0,0,672,165,0,0,0,5,2,142,1,0,0,0,0,0,62,0,0,0,0,0,-1,False,False,False,False,False,False,True,True,False,False,False,False,False,False,False,False,False,False,True,False,False,False,True,True
461,,,False,False,False,False,False,False,False,False,False,False,False,False,False,False,False,False,False,False,False,False,False,False,False,False,False,False,False,False,False,False,False,False,False,False,False,False,False,False,False,False,False,e0181,0,0,0,0,0,0,0,0,0,676,166,0,0,0,5,2,142,1,0,0,0,0,0,67,0,0,0,0,0,-1,False,False,False,False,False,False,True,True,False,False,False,False,False,False,False,False,False,False,True,False,False,False,True,True
462,,,False,False,False,False,False,False,False,False,False,False,False,False,False,False,False,False,False,False,False,False,False,False,False,False,False,False,False,False,False,False,False,False,False,False,False,False,False,False,False,False,False,e0183,0,0,0,0,0,0,0,0,0,666,157,0,0,0,5,2,142,1,0,0,0,0,0,52,0,0,0,0,0,-1,False,False,False,False,False,False,True,True,False,False,False,False,False,False,False,False,False,False,True,False,False,False,True,True
463,,,False,False,False,False,False,False,False,False,False,False,False,False,False,False,False,False,False,False,False,False,False,False,False,False,False,False,False,False,False,False,False,False,False,False,False,False,False,False,False,False,False,e0188,0,0,0,0,0,0,0,0,0,670,159,0,0,0,5,2,142,1,0,0,0,0,0,62,0,0,0,0,0,-1,False,False,False,False,False,False,True,True,False,False,False,False,False,False,False,False,False,False,True,False,False,False,True,True
464,,,False,False,False,False,False,False,False,False,False,False,False,False,False,False,False,False,False,False,False,False,False,False,False,False,False,False,False,False,False,False,False,False,False,False,False,False,False,False,False,False,False,e0189,0,0,0,0,0,0,0,0,0,659,155,0,0,0,5,2,142,1,0,0,0,0,0,63,0,0,0,0,0,-1,False,False,False,False,False,False,True,True,False,False,False,False,False,False,False,False,False,False,True,False,False,False,True,True
465,,,False,False,False,False,False,False,False,False,False,False,False,False,False,False,False,False,False,False,False,False,False,False,False,False,False,False,False,False,False,False,False,False,False,False,False,False,False,False,False,False,False,e0190,0,0,0,0,0,0,0,0,0,685,163,0,0,0,5,2,142,1,0,0,0,0,0,66,0,0,0,0,0,-1,False,False,False,False,False,False,True,True,False,False,False,False,False,False,False,False,False,False,True,False,False,False,True,True
466,,,False,False,False,False,False,False,False,False,False,False,False,False,False,False,False,False,False,False,False,False,False,False,False,False,False,False,False,False,False,False,False,False,False,False,False,False,False,False,False,False,False,e0191,0,0,0,0,0,0,0,0,0,671,160,0,0,0,5,2,142,1,0,0,0,0,0,69,0,0,0,0,0,-1,False,False,False,False,False,False,True,True,False,False,False,False,False,False,False,False,False,False,True,False,False,False,True,True
467,,,False,False,False,False,False,False,False,False,False,False,False,False,False,False,False,False,False,False,False,False,False,False,False,False,False,False,False,False,False,False,False,False,False,False,False,False,False,False,False,False,False,e0192,0,0,0,0,0,0,0,0,0,686,158,0,0,0,5,2,142,1,0,0,0,0,0,70,0,0,0,0,0,-1,False,False,False,False,False,False,True,True,False,False,False,False,False,False,False,False,False,False,True,False,False,False,True,True
468,,,False,False,False,False,False,False,False,False,False,False,False,False,False,False,False,False,False,False,False,False,False,False,False,False,False,False,False,False,False,False,False,False,False,False,False,False,False,False,False,False,False,e0193,0,0,0,0,0,0,0,0,0,687,167,0,0,0,5,2,142,1,0,0,0,0,0,70,0,0,0,0,0,-1,False,False,False,False,False,False,True,True,False,False,False,False,False,False,False,False,False,False,True,False,False,False,True,True
469,,,False,False,False,False,False,False,False,False,False,False,False,False,False,False,False,False,False,False,False,False,False,False,False,False,False,False,False,False,False,False,False,False,False,False,False,False,False,False,False,False,False,e0194,0,0,0,0,0,0,0,0,0,634,178,0,0,0,5,2,142,1,0,0,0,0,0,70,0,0,0,0,0,-1,False,False,False,False,False,False,True,True,False,False,False,False,False,False,False,False,False,False,True,False,False,False,True,True
470,,,False,False,False,False,False,False,False,False,False,False,False,False,False,False,False,False,False,False,False,False,False,False,False,False,False,False,False,False,False,False,False,False,False,False,False,False,False,False,False,False,False,e0195,0,0,0,0,0,0,0,0,0,657,179,0,0,0,5,2,142,1,0,0,0,0,0,70,0,0,0,0,0,-1,False,False,False,False,False,False,True,True,False,False,False,False,False,False,False,False,False,False,True,False,False,False,True,True
471,,,False,False,False,False,False,False,False,False,False,False,False,False,False,False,False,False,False,False,False,False,False,False,False,False,False,False,False,False,False,False,False,False,False,False,False,False,False,False,False,False,False,e0196,0,0,0,0,0,0,0,0,0,658,180,0,0,0,5,2,142,1,0,0,0,0,0,70,0,0,0,0,0,-1,False,False,False,False,False,False,True,True,False,False,False,False,False,False,False,False,False,False,True,False,False,False,True,True
472,,,False,False,False,False,False,False,False,False,False,False,False,False,False,False,False,False,False,False,False,False,False,False,False,False,False,False,False,False,False,False,False,False,False,False,False,False,False,False,False,False,False,e0197,0,0,0,0,0,0,0,0,0,757,181,0,0,0,5,2,142,1,0,0,0,0,0,70,0,0,0,0,0,-1,False,False,False,False,False,False,True,True,False,False,False,False,False,False,False,False,False,False,True,False,False,False,True,True
473,良緣儀式,,False,False,False,False,False,False,False,False,False,False,False,False,False,False,False,False,False,False,False,False,False,False,False,False,False,False,False,False,False,False,False,False,False,False,False,False,False,False,False,False,False,f1e9,0,0,70190,0,0,61,112262,80108,0,741,25002,0,0,0,1,0,108,20,0,0,1,0,1,1,0,0,22,0,0,-1,False,False,False,False,False,False,False,True,False,False,False,False,False,False,True,False,False,False,True,False,False,False,True,True
474,火龍狩獵戰,,False,False,False,False,False,True,False,False,True,False,False,False,False,False,False,False,False,False,False,False,False,False,False,False,False,False,False,False,False,False,False,False,False,False,False,False,False,False,False,False,False,e3fc,0,0,0,0,289,2050,112289,80121,0,761,20053,320,0,135,1,2,108,3,0,0,0,0,70,70,0,0,4,21,0,-1,False,False,False,True,True,False,True,True,False,False,False,True,True,False,True,False,False,False,True,False,False,False,True,True
475,極 火龍狩獵戰,,False,False,False,False,False,False,False,False,True,False,False,False,False,False,False,False,False,False,False,False,False,False,False,False,False,False,False,False,False,False,False,False,False,False,False,False,False,False,False,False,False,e3fc_2,0,0,0,0,289,2051,112290,80121,0,762,20054,350,0,154,1,2,108,2,0,0,0,0,70,70,1,0,4,22,0,-1,False,False,False,True,True,False,True,True,False,False,False,True,True,False,True,False,False,False,True,False,False,False,True,True
476,,,False,False,False,False,False,False,False,False,False,False,False,False,False,False,False,False,False,False,False,False,False,False,False,False,False,False,False,False,False,False,False,False,False,False,False,False,False,False,False,False,False,,0,0,0,0,0,0,0,0,0,0,0,0,0,0,0,0,0,0,0,0,0,0,0,0,0,0,0,0,0,0,False,False,False,False,False,False,False,False,False,False,False,False,False,False,False,False,False,False,False,False,False,False,False,False
477,,,False,False,False,False,False,False,False,False,False,False,False,False,False,False,False,False,False,False,False,False,False,False,False,False,False,False,False,False,False,False,False,False,False,False,False,False,False,False,False,False,False,e0198,0,0,0,0,0,0,0,0,0,760,182,0,0,0,5,2,142,1,0,0,0,0,0,70,0,0,0,0,0,-1,False,False,False,False,False,False,True,True,False,False,False,False,False,False,False,False,False,False,True,False,False,False,True,True
478,,,False,False,False,False,False,False,False,False,False,False,False,False,False,False,False,False,False,False,False,False,False,False,False,False,False,False,False,False,False,False,False,False,False,False,False,False,False,False,False,False,False,,0,0,0,0,0,0,0,0,0,0,0,0,0,0,0,0,0,0,0,0,0,0,0,0,0,0,0,0,0,0,False,False,False,False,False,False,False,False,False,False,False,False,False,False,False,False,False,False,False,False,False,False,False,False
479,,,False,False,False,False,False,False,False,False,False,False,False,False,False,False,False,False,False,False,False,False,False,False,False,False,False,False,False,False,False,False,False,False,False,False,False,False,False,False,False,False,False,,0,0,0,0,0,0,0,0,0,0,0,0,0,0,0,0,0,0,0,0,0,0,0,0,0,0,0,0,0,0,False,False,False,False,False,False,False,False,False,False,False,False,False,False,False,False,False,False,False,False,False,False,False,False
480,,,False,False,False,False,False,False,False,False,False,False,False,False,False,False,False,False,False,False,False,False,False,False,False,False,False,False,False,False,False,False,False,False,False,False,False,False,False,False,False,False,False,,0,0,0,0,0,0,0,0,0,0,0,0,0,0,0,0,0,0,0,0,0,0,0,0,0,0,0,0,0,0,False,False,False,False,False,False,False,False,False,False,False,False,False,False,False,False,False,False,False,False,False,False,False,False
481,陸行鳥競賽：競賽教學,,False,False,False,False,False,False,False,False,False,False,False,False,False,False,False,False,False,False,False,False,False,False,False,False,False,False,False,False,False,False,False,False,False,False,False,False,False,False,False,False,False,cr_tutorial,0,0,0,0,0,0,112086,0,0,417,4,0,0,0,4,0,109,1,0,0,0,0,1,0,0,0,19,0,0,-1,False,False,False,False,False,False,False,False,False,False,False,False,False,False,True,False,False,False,True,False,False,True,True,True
482,第1關：搶佔內圈賽道,,False,False,False,False,False,False,False,False,False,False,False,False,False,False,False,False,False,False,False,False,False,False,False,False,False,False,False,False,False,False,False,False,False,False,False,False,False,False,False,False,False,cr_chal01,0,0,0,0,0,0,112085,0,0,391,5,0,0,0,4,0,109,1,0,0,0,0,1,0,0,0,19,0,0,-1,False,False,False,False,False,False,False,False,False,False,False,False,False,False,True,False,False,False,True,False,False,True,True,True
483,第2關：躲避範圍攻擊,,False,False,False,False,False,False,False,False,False,False,False,False,False,False,False,False,False,False,False,False,False,False,False,False,False,False,False,False,False,False,False,False,False,False,False,False,False,False,False,False,False,cr_chal02,0,0,0,0,0,0,112084,0,0,389,6,0,0,0,4,0,109,1,0,0,0,0,1,0,0,0,19,0,0,-1,False,False,False,False,False,False,False,False,False,False,False,False,False,False,True,False,False,False,True,False,False,True,True,True
484,第3關：能力不是萬能的,,False,False,False,False,False,False,False,False,False,False,False,False,False,False,False,False,False,False,False,False,False,False,False,False,False,False,False,False,False,False,False,False,False,False,False,False,False,False,False,False,False,cr_chal03,0,0,0,0,0,0,112086,0,0,390,7,0,0,0,4,0,109,1,0,0,0,0,1,0,0,0,19,0,0,-1,False,False,False,False,False,False,False,False,False,False,False,False,False,False,True,False,False,False,True,False,False,True,True,True
485,第4關：沉重的競賽（上）,,False,False,False,False,False,False,False,False,False,False,False,False,False,False,False,False,False,False,False,False,False,False,False,False,False,False,False,False,False,False,False,False,False,False,False,False,False,False,False,False,False,cr_chal04,0,0,0,0,0,0,112085,0,0,391,8,0,0,0,4,0,109,1,0,0,0,0,1,0,0,0,19,0,0,-1,False,False,False,False,False,False,False,False,False,False,False,False,False,False,True,False,False,False,True,False,False,True,True,True
486,第5關：站住別跑,,False,False,False,False,False,False,False,False,False,False,False,False,False,False,False,False,False,False,False,False,False,False,False,False,False,False,False,False,False,False,False,False,False,False,False,False,False,False,False,False,False,cr_chal05,0,0,0,0,0,0,112084,0,0,389,9,0,0,0,4,0,109,1,0,0,0,0,1,0,0,0,19,0,0,-1,False,False,False,False,False,False,False,False,False,False,False,False,False,False,True,False,False,False,True,False,False,True,True,True
487,第6關：打擊競爭對手,,False,False,False,False,False,False,False,False,False,False,False,False,False,False,False,False,False,False,False,False,False,False,False,False,False,False,False,False,False,False,False,False,False,False,False,False,False,False,False,False,False,cr_chal06,0,0,0,0,0,0,112086,0,0,390,10,0,0,0,4,0,109,1,0,0,0,0,1,0,0,0,19,0,0,-1,False,False,False,False,False,False,False,False,False,False,False,False,False,False,True,False,False,False,True,False,False,True,True,True
488,第7關：夢幻的結界,,False,False,False,False,False,False,False,False,False,False,False,False,False,False,False,False,False,False,False,False,False,False,False,False,False,False,False,False,False,False,False,False,False,False,False,False,False,False,False,False,False,cr_chal07,0,0,0,0,0,0,112084,0,0,389,11,0,0,0,4,0,109,1,0,0,0,0,1,0,0,0,19,0,0,-1,False,False,False,False,False,False,False,False,False,False,False,False,False,False,True,False,False,False,True,False,False,True,True,True
489,第8關：鷸蚌相爭漁翁得利,,False,False,False,False,False,False,False,False,False,False,False,False,False,False,False,False,False,False,False,False,False,False,False,False,False,False,False,False,False,False,False,False,False,False,False,False,False,False,False,False,False,cr_chal08,0,0,0,0,0,0,112085,0,0,391,12,0,0,0,4,0,109,1,0,0,0,0,1,0,0,0,19,0,0,-1,False,False,False,False,False,False,False,False,False,False,False,False,False,False,True,False,False,False,True,False,False,True,True,True
490,第9關：體力之戰,,False,False,False,False,False,False,False,False,False,False,False,False,False,False,False,False,False,False,False,False,False,False,False,False,False,False,False,False,False,False,False,False,False,False,False,False,False,False,False,False,False,cr_chal09,0,0,0,0,0,0,112086,0,0,390,13,0,0,0,4,0,109,1,0,0,0,0,1,0,0,0,19,0,0,-1,False,False,False,False,False,False,False,False,False,False,False,False,False,False,True,False,False,False,True,False,False,True,True,True
491,第10關：逃亡者和追趕者,,False,False,False,False,False,False,False,False,False,False,False,False,False,False,False,False,False,False,False,False,False,False,False,False,False,False,False,False,False,False,False,False,False,False,False,False,False,False,False,False,False,cr_chal10,0,0,0,0,0,0,112084,0,0,389,14,0,0,0,4,0,109,1,0,0,0,0,1,0,0,0,19,0,0,-1,False,False,False,False,False,False,False,False,False,False,False,False,False,False,True,False,False,False,True,False,False,True,True,True
492,第11關：全速衝刺,,False,False,False,False,False,False,False,False,False,False,False,False,False,False,False,False,False,False,False,False,False,False,False,False,False,False,False,False,False,False,False,False,False,False,False,False,False,False,False,False,False,cr_chal11,0,0,0,0,0,0,112086,0,0,390,15,0,0,0,4,0,109,1,0,0,0,0,1,0,0,0,19,0,0,-1,False,False,False,False,False,False,False,False,False,False,False,False,False,False,True,False,False,False,True,False,False,True,True,True
493,第12關：善用競賽能力,,False,False,False,False,False,False,False,False,False,False,False,False,False,False,False,False,False,False,False,False,False,False,False,False,False,False,False,False,False,False,False,False,False,False,False,False,False,False,False,False,False,cr_chal12,0,0,0,0,0,0,112085,0,0,391,16,0,0,0,4,0,109,1,0,0,0,0,1,0,0,0,19,0,0,-1,False,False,False,False,False,False,False,False,False,False,False,False,False,False,True,False,False,False,True,False,False,True,True,True
494,第13關：突破對手的協作,,False,False,False,False,False,False,False,False,False,False,False,False,False,False,False,False,False,False,False,False,False,False,False,False,False,False,False,False,False,False,False,False,False,False,False,False,False,False,False,False,False,cr_chal13,0,0,0,0,0,0,112086,0,0,390,17,0,0,0,4,0,109,1,0,0,0,0,1,0,0,0,19,0,0,-1,False,False,False,False,False,False,False,False,False,False,False,False,False,False,True,False,False,False,True,False,False,True,True,True
495,第14關：沉重的競賽（下）,,False,False,False,False,False,False,False,False,False,False,False,False,False,False,False,False,False,False,False,False,False,False,False,False,False,False,False,False,False,False,False,False,False,False,False,False,False,False,False,False,False,cr_chal14,0,0,0,0,0,0,112084,0,0,389,18,0,0,0,4,0,109,1,0,0,0,0,1,0,0,0,19,0,0,-1,False,False,False,False,False,False,False,False,False,False,False,False,False,False,True,False,False,False,True,False,False,True,True,True
496,第15關：究極陸行鳥競賽,,False,False,False,False,False,False,False,False,False,False,False,False,False,False,False,False,False,False,False,False,False,False,False,False,False,False,False,False,False,False,False,False,False,False,False,False,False,False,False,False,False,cr_chal15,0,0,0,0,0,0,112085,0,0,391,19,0,0,0,4,0,109,1,0,0,0,0,1,0,0,0,19,0,0,-1,False,False,False,False,False,False,False,False,False,False,False,False,False,False,True,False,False,False,True,False,False,True,True,True
497,陸行鳥競賽：荒野大道,,False,False,False,False,False,False,False,False,False,False,False,False,False,False,False,False,False,False,False,False,False,False,False,False,False,True,False,False,False,False,False,False,False,False,False,False,False,False,False,False,False,cr_begin_wil01,0,0,0,0,0,8004,112086,0,0,390,20,0,0,0,4,0,109,23,0,0,0,0,1,0,0,0,19,0,0,-1,False,True,False,True,False,False,False,False,False,False,False,False,False,False,True,False,False,False,False,False,False,True,True,True
498,陸行鳥競賽：太陽海岸,,False,False,False,False,False,False,False,False,False,False,False,False,False,False,False,False,False,False,False,False,False,False,False,False,False,True,False,False,False,False,False,False,False,False,False,False,False,False,False,False,False,cr_begin_sea01,0,0,0,0,0,8005,112084,0,0,389,21,0,0,0,4,0,109,23,0,0,0,0,1,0,0,0,19,0,0,-1,False,True,False,True,False,False,False,False,False,False,False,False,False,False,True,False,False,False,False,False,False,True,True,True
499,陸行鳥競賽：恬靜小路,,False,False,False,False,False,False,False,False,False,False,False,False,False,False,False,False,False,False,False,False,False,False,False,False,False,True,False,False,False,False,False,False,False,False,False,False,False,False,False,False,False,cr_begin_fst01,0,0,0,0,0,8006,112085,0,0,391,22,0,0,0,4,0,109,23,0,0,0,0,1,0,0,0,19,0,0,-1,False,True,False,True,False,False,False,False,False,False,False,False,False,False,True,False,False,False,False,False,False,True,True,True
500,陸行鳥競賽：荒野大道,,False,False,False,False,False,False,False,False,False,False,False,False,False,False,False,False,False,False,False,False,False,False,False,False,False,False,True,False,False,False,False,False,False,False,False,False,False,False,False,False,False,cr_r01_wil01,0,0,0,0,0,8004,112086,0,0,390,23,0,0,0,4,0,109,23,0,0,0,0,1,0,0,0,19,0,0,-1,False,True,False,True,False,False,False,False,False,False,False,False,False,False,True,False,False,False,False,False,False,True,True,True
501,陸行鳥競賽：太陽海岸,,False,False,False,False,False,False,False,False,False,False,False,False,False,False,False,False,False,False,False,False,False,False,False,False,False,False,True,False,False,False,False,False,False,False,False,False,False,False,False,False,False,cr_r01_sea01,0,0,0,0,0,8005,112084,0,0,389,24,0,0,0,4,0,109,23,0,0,0,0,1,0,0,0,19,0,0,-1,False,True,False,True,False,False,False,False,False,False,False,False,False,False,True,False,False,False,False,False,False,True,True,True
502,陸行鳥競賽：恬靜小路,,False,False,False,False,False,False,False,False,False,False,False,False,False,False,False,False,False,False,False,False,False,False,False,False,False,False,True,False,False,False,False,False,False,False,False,False,False,False,False,False,False,cr_r01_fst01,0,0,0,0,0,8006,112085,0,0,391,25,0,0,0,4,0,109,23,0,0,0,0,1,0,0,0,19,0,0,-1,False,True,False,True,False,False,False,False,False,False,False,False,False,False,True,False,False,False,False,False,False,True,True,True
503,陸行鳥競賽：荒野大道,,False,False,False,False,False,False,False,False,False,False,False,False,False,False,False,False,False,False,False,False,False,False,False,False,False,False,False,True,False,False,False,False,False,False,False,False,False,False,False,False,False,cr_r02_wil01,0,0,0,0,0,8004,112086,0,0,390,26,0,0,0,4,0,109,23,0,0,0,0,1,0,0,0,19,0,0,-1,False,True,False,True,False,False,False,False,False,False,False,False,False,False,True,False,False,False,False,False,False,True,True,True
504,陸行鳥競賽：太陽海岸,,False,False,False,False,False,False,False,False,False,False,False,False,False,False,False,False,False,False,False,False,False,False,False,False,False,False,False,True,False,False,False,False,False,False,False,False,False,False,False,False,False,cr_r02_sea01,0,0,0,0,0,8005,112084,0,0,389,27,0,0,0,4,0,109,23,0,0,0,0,1,0,0,0,19,0,0,-1,False,True,False,True,False,False,False,False,False,False,False,False,False,False,True,False,False,False,False,False,False,True,True,True
505,陸行鳥競賽：恬靜小路,,False,False,False,False,False,False,False,False,False,False,False,False,False,False,False,False,False,False,False,False,False,False,False,False,False,False,False,True,False,False,False,False,False,False,False,False,False,False,False,False,False,cr_r02_fst01,0,0,0,0,0,8006,112085,0,0,391,28,0,0,0,4,0,109,23,0,0,0,0,1,0,0,0,19,0,0,-1,False,True,False,True,False,False,False,False,False,False,False,False,False,False,True,False,False,False,False,False,False,True,True,True
506,陸行鳥競賽：荒野大道,,False,False,False,False,False,False,False,False,False,False,False,False,False,False,False,False,False,False,False,False,False,False,False,False,False,False,False,False,True,False,False,False,False,False,False,False,False,False,False,False,False,cr_r03_wil01,0,0,0,0,0,8004,112086,0,0,390,29,0,0,0,4,0,109,23,0,0,0,0,1,0,0,0,19,0,0,-1,False,True,False,True,False,False,False,False,False,False,False,False,False,False,True,False,False,False,False,False,False,True,True,True
507,陸行鳥競賽：太陽海岸,,False,False,False,False,False,False,False,False,False,False,False,False,False,False,False,False,False,False,False,False,False,False,False,False,False,False,False,False,True,False,False,False,False,False,False,False,False,False,False,False,False,cr_r03_sea01,0,0,0,0,0,8005,112084,0,0,389,30,0,0,0,4,0,109,23,0,0,0,0,1,0,0,0,19,0,0,-1,False,True,False,True,False,False,False,False,False,False,False,False,False,False,True,False,False,False,False,False,False,True,True,True
508,陸行鳥競賽：恬靜小路,,False,False,False,False,False,False,False,False,False,False,False,False,False,False,False,False,False,False,False,False,False,False,False,False,False,False,False,False,True,False,False,False,False,False,False,False,False,False,False,False,False,cr_r03_fst01,0,0,0,0,0,8006,112085,0,0,391,31,0,0,0,4,0,109,23,0,0,0,0,1,0,0,0,19,0,0,-1,False,True,False,True,False,False,False,False,False,False,False,False,False,False,True,False,False,False,False,False,False,True,True,True
509,陸行鳥競賽：荒野大道,,False,False,False,False,False,False,False,False,False,False,False,False,False,False,False,False,False,False,False,False,False,False,False,False,False,False,False,False,False,True,False,False,False,False,False,False,False,False,False,False,False,cr_r04_wil01,0,0,0,0,0,8004,112086,0,0,390,32,0,0,0,4,0,109,23,0,0,0,0,1,0,0,0,19,0,0,-1,False,True,False,True,False,False,False,False,False,False,False,False,False,False,True,False,False,False,False,False,False,True,True,True
510,陸行鳥競賽：太陽海岸,,False,False,False,False,False,False,False,False,False,False,False,False,False,False,False,False,False,False,False,False,False,False,False,False,False,False,False,False,False,True,False,False,False,False,False,False,False,False,False,False,False,cr_r04_sea01,0,0,0,0,0,8005,112084,0,0,389,33,0,0,0,4,0,109,23,0,0,0,0,1,0,0,0,19,0,0,-1,False,True,False,True,False,False,False,False,False,False,False,False,False,False,True,False,False,False,False,False,False,True,True,True
511,陸行鳥競賽：恬靜小路,,False,False,False,False,False,False,False,False,False,False,False,False,False,False,False,False,False,False,False,False,False,False,False,False,False,False,False,False,False,True,False,False,False,False,False,False,False,False,False,False,False,cr_r04_fst01,0,0,0,0,0,8006,112085,0,0,391,34,0,0,0,4,0,109,23,0,0,0,0,1,0,0,0,19,0,0,-1,False,True,False,True,False,False,False,False,False,False,False,False,False,False,True,False,False,False,False,False,False,True,True,True
512,陸行鳥競賽：荒野大道,,False,False,False,False,False,False,False,False,False,False,False,False,False,False,False,False,False,False,False,False,False,False,False,False,False,False,False,False,False,False,True,False,False,False,False,False,False,False,False,False,False,cr_r05_wil01,0,0,0,0,0,8004,112086,0,0,390,35,0,0,0,4,0,109,23,0,0,0,0,1,0,0,0,19,0,0,-1,False,True,False,True,False,False,False,False,False,False,False,False,False,False,True,False,False,False,False,False,False,True,True,True
513,陸行鳥競賽：太陽海岸,,False,False,False,False,False,False,False,False,False,False,False,False,False,False,False,False,False,False,False,False,False,False,False,False,False,False,False,False,False,False,True,False,False,False,False,False,False,False,False,False,False,cr_r05_sea01,0,0,0,0,0,8005,112084,0,0,389,36,0,0,0,4,0,109,23,0,0,0,0,1,0,0,0,19,0,0,-1,False,True,False,True,False,False,False,False,False,False,False,False,False,False,True,False,False,False,False,False,False,True,True,True
514,陸行鳥競賽：恬靜小路,,False,False,False,False,False,False,False,False,False,False,False,False,False,False,False,False,False,False,False,False,False,False,False,False,False,False,False,False,False,False,True,False,False,False,False,False,False,False,False,False,False,cr_r05_fst01,0,0,0,0,0,8006,112085,0,0,391,37,0,0,0,4,0,109,23,0,0,0,0,1,0,0,0,19,0,0,-1,False,True,False,True,False,False,False,False,False,False,False,False,False,False,True,False,False,False,False,False,False,True,True,True
515,陸行鳥競賽：荒野大道,,False,False,False,False,False,False,False,False,False,False,False,False,False,False,False,False,False,False,False,False,False,False,False,False,False,False,False,False,False,False,False,True,False,False,False,False,False,False,False,False,False,cr_r06_wil01,0,0,0,0,0,8004,112086,0,0,390,38,0,0,0,4,0,109,23,0,0,0,0,1,0,0,0,19,0,0,-1,False,True,False,True,False,False,False,False,False,False,False,False,False,False,True,False,False,False,False,False,False,True,True,True
516,陸行鳥競賽：太陽海岸,,False,False,False,False,False,False,False,False,False,False,False,False,False,False,False,False,False,False,False,False,False,False,False,False,False,False,False,False,False,False,False,True,False,False,False,False,False,False,False,False,False,cr_r06_sea01,0,0,0,0,0,8005,112084,0,0,389,39,0,0,0,4,0,109,23,0,0,0,0,1,0,0,0,19,0,0,-1,False,True,False,True,False,False,False,False,False,False,False,False,False,False,True,False,False,False,False,False,False,True,True,True
517,陸行鳥競賽：恬靜小路,,False,False,False,False,False,False,False,False,False,False,False,False,False,False,False,False,False,False,False,False,False,False,False,False,False,False,False,False,False,False,False,True,False,False,False,False,False,False,False,False,False,cr_r06_fst01,0,0,0,0,0,8006,112085,0,0,391,40,0,0,0,4,0,109,23,0,0,0,0,1,0,0,0,19,0,0,-1,False,True,False,True,False,False,False,False,False,False,False,False,False,False,True,False,False,False,False,False,False,True,True,True
518,陸行鳥競賽：荒野大道,,False,False,False,False,False,False,False,False,False,False,False,False,False,False,False,False,False,False,False,False,False,False,False,False,False,False,False,False,False,False,False,False,True,False,False,False,False,False,False,False,False,cr_r07_wil01,0,0,0,0,0,8004,112086,0,0,390,41,0,0,0,4,0,109,23,0,0,0,0,1,0,0,0,19,0,0,-1,False,True,False,True,False,False,False,False,False,False,False,False,False,False,True,False,False,False,False,False,False,True,True,True
519,陸行鳥競賽：太陽海岸,,False,False,False,False,False,False,False,False,False,False,False,False,False,False,False,False,False,False,False,False,False,False,False,False,False,False,False,False,False,False,False,False,True,False,False,False,False,False,False,False,False,cr_r07_sea01,0,0,0,0,0,8005,112084,0,0,389,42,0,0,0,4,0,109,23,0,0,0,0,1,0,0,0,19,0,0,-1,False,True,False,True,False,False,False,False,False,False,False,False,False,False,True,False,False,False,False,False,False,True,True,True
520,陸行鳥競賽：恬靜小路,,False,False,False,False,False,False,False,False,False,False,False,False,False,False,False,False,False,False,False,False,False,False,False,False,False,False,False,False,False,False,False,False,True,False,False,False,False,False,False,False,False,cr_r07_fst01,0,0,0,0,0,8006,112085,0,0,391,43,0,0,0,4,0,109,23,0,0,0,0,1,0,0,0,19,0,0,-1,False,True,False,True,False,False,False,False,False,False,False,False,False,False,True,False,False,False,False,False,False,True,True,True
521,陸行鳥競賽：荒野大道,,False,False,False,False,False,False,False,False,False,False,False,False,False,False,False,False,False,False,False,False,False,False,False,False,False,False,False,False,False,False,False,False,False,True,False,False,False,False,False,False,False,cr_r08_wil01,0,0,0,0,0,8004,112086,0,0,390,44,0,0,0,4,0,109,23,0,0,0,0,1,0,0,0,19,0,0,-1,False,True,False,True,False,False,False,False,False,False,False,False,False,False,True,False,False,False,False,False,False,True,True,True
522,陸行鳥競賽：太陽海岸,,False,False,False,False,False,False,False,False,False,False,False,False,False,False,False,False,False,False,False,False,False,False,False,False,False,False,False,False,False,False,False,False,False,True,False,False,False,False,False,False,False,cr_r08_sea01,0,0,0,0,0,8005,112084,0,0,389,45,0,0,0,4,0,109,23,0,0,0,0,1,0,0,0,19,0,0,-1,False,True,False,True,False,False,False,False,False,False,False,False,False,False,True,False,False,False,False,False,False,True,True,True
523,陸行鳥競賽：恬靜小路,,False,False,False,False,False,False,False,False,False,False,False,False,False,False,False,False,False,False,False,False,False,False,False,False,False,False,False,False,False,False,False,False,False,True,False,False,False,False,False,False,False,cr_r08_fst01,0,0,0,0,0,8006,112085,0,0,391,46,0,0,0,4,0,109,23,0,0,0,0,1,0,0,0,19,0,0,-1,False,True,False,True,False,False,False,False,False,False,False,False,False,False,True,False,False,False,False,False,False,True,True,True
524,陸行鳥競賽：荒野大道,,False,False,False,False,False,False,False,False,False,False,False,False,False,False,False,False,False,False,False,False,False,False,False,False,False,False,False,False,False,False,False,False,False,False,True,False,False,False,False,False,False,cr_r09_wil01,0,0,0,0,0,8004,112086,0,0,390,47,0,0,0,4,0,109,23,0,0,0,0,1,0,0,0,19,0,0,-1,False,True,False,True,False,False,False,False,False,False,False,False,False,False,True,False,False,False,False,False,False,True,True,True
525,陸行鳥競賽：太陽海岸,,False,False,False,False,False,False,False,False,False,False,False,False,False,False,False,False,False,False,False,False,False,False,False,False,False,False,False,False,False,False,False,False,False,False,True,False,False,False,False,False,False,cr_r09_sea01,0,0,0,0,0,8005,112084,0,0,389,48,0,0,0,4,0,109,23,0,0,0,0,1,0,0,0,19,0,0,-1,False,True,False,True,False,False,False,False,False,False,False,False,False,False,True,False,False,False,False,False,False,True,True,True
526,陸行鳥競賽：恬靜小路,,False,False,False,False,False,False,False,False,False,False,False,False,False,False,False,False,False,False,False,False,False,False,False,False,False,False,False,False,False,False,False,False,False,False,True,False,False,False,False,False,False,cr_r09_fst01,0,0,0,0,0,8006,112085,0,0,391,49,0,0,0,4,0,109,23,0,0,0,0,1,0,0,0,19,0,0,-1,False,True,False,True,False,False,False,False,False,False,False,False,False,False,True,False,False,False,False,False,False,True,True,True
527,陸行鳥競賽：荒野大道,,False,False,False,False,False,False,False,False,False,False,False,False,False,False,False,False,False,False,False,False,False,False,False,False,False,False,False,False,False,False,False,False,False,False,False,True,False,False,False,False,False,cr_r10_wil01,0,0,0,0,0,8004,112086,0,0,390,50,0,0,0,4,0,109,23,0,0,0,0,1,0,0,0,19,0,0,-1,False,True,False,True,False,False,False,False,False,False,False,False,False,False,True,False,False,False,False,False,False,True,True,True
528,陸行鳥競賽：太陽海岸,,False,False,False,False,False,False,False,False,False,False,False,False,False,False,False,False,False,False,False,False,False,False,False,False,False,False,False,False,False,False,False,False,False,False,False,True,False,False,False,False,False,cr_r10_sea01,0,0,0,0,0,8005,112084,0,0,389,51,0,0,0,4,0,109,23,0,0,0,0,1,0,0,0,19,0,0,-1,False,True,False,True,False,False,False,False,False,False,False,False,False,False,True,False,False,False,False,False,False,True,True,True
529,陸行鳥競賽：恬靜小路,,False,False,False,False,False,False,False,False,False,False,False,False,False,False,False,False,False,False,False,False,False,False,False,False,False,False,False,False,False,False,False,False,False,False,False,True,False,False,False,False,False,cr_r10_fst01,0,0,0,0,0,8006,112085,0,0,391,52,0,0,0,4,0,109,23,0,0,0,0,1,0,0,0,19,0,0,-1,False,True,False,True,False,False,False,False,False,False,False,False,False,False,True,False,False,False,False,False,False,True,True,True
530,陸行鳥競賽：荒野大道,,False,False,False,False,False,False,False,False,False,False,False,False,False,False,False,False,False,False,False,False,False,False,False,False,False,False,False,False,False,False,False,False,False,False,False,False,True,False,False,False,False,cr_r11_wil01,0,0,0,0,0,8004,112086,0,0,390,53,0,0,0,4,0,109,23,0,0,0,0,1,0,0,0,19,0,0,-1,False,True,False,True,False,False,False,False,False,False,False,False,False,False,True,False,False,False,False,False,False,True,True,True
531,陸行鳥競賽：太陽海岸,,False,False,False,False,False,False,False,False,False,False,False,False,False,False,False,False,False,False,False,False,False,False,False,False,False,False,False,False,False,False,False,False,False,False,False,False,True,False,False,False,False,cr_r11_sea01,0,0,0,0,0,8005,112084,0,0,389,54,0,0,0,4,0,109,23,0,0,0,0,1,0,0,0,19,0,0,-1,False,True,False,True,False,False,False,False,False,False,False,False,False,False,True,False,False,False,False,False,False,True,True,True
532,陸行鳥競賽：恬靜小路,,False,False,False,False,False,False,False,False,False,False,False,False,False,False,False,False,False,False,False,False,False,False,False,False,False,False,False,False,False,False,False,False,False,False,False,False,True,False,False,False,False,cr_r11_fst01,0,0,0,0,0,8006,112085,0,0,391,55,0,0,0,4,0,109,23,0,0,0,0,1,0,0,0,19,0,0,-1,False,True,False,True,False,False,False,False,False,False,False,False,False,False,True,False,False,False,False,False,False,True,True,True
533,陸行鳥競賽：荒野大道,,False,False,False,False,False,False,False,False,False,False,False,False,False,False,False,False,False,False,False,False,False,False,False,False,False,False,False,False,False,False,False,False,False,False,False,False,False,True,False,False,False,cr_r12_wil01,0,0,0,0,0,8004,112086,0,0,390,56,0,0,0,4,0,109,23,0,0,0,0,1,0,0,0,19,0,0,-1,False,True,False,True,False,False,False,False,False,False,False,False,False,False,True,False,False,False,False,False,False,True,True,True
534,陸行鳥競賽：太陽海岸,,False,False,False,False,False,False,False,False,False,False,False,False,False,False,False,False,False,False,False,False,False,False,False,False,False,False,False,False,False,False,False,False,False,False,False,False,False,True,False,False,False,cr_r12_sea01,0,0,0,0,0,8005,112084,0,0,389,57,0,0,0,4,0,109,23,0,0,0,0,1,0,0,0,19,0,0,-1,False,True,False,True,False,False,False,False,False,False,False,False,False,False,True,False,False,False,False,False,False,True,True,True
535,陸行鳥競賽：恬靜小路,,False,False,False,False,False,False,False,False,False,False,False,False,False,False,False,False,False,False,False,False,False,False,False,False,False,False,False,False,False,False,False,False,False,False,False,False,False,True,False,False,False,cr_r12_fst01,0,0,0,0,0,8006,112085,0,0,391,58,0,0,0,4,0,109,23,0,0,0,0,1,0,0,0,19,0,0,-1,False,True,False,True,False,False,False,False,False,False,False,False,False,False,True,False,False,False,False,False,False,True,True,True
536,風水靈廟岩燕廟,,False,True,False,False,False,False,False,False,True,False,False,False,False,False,False,False,False,False,False,False,False,False,False,False,False,False,False,False,False,False,False,False,False,False,False,False,False,False,False,False,False,e3d6,0,0,0,0,287,63,112283,0,0,768,61,330,0,69,1,2,108,2,0,0,0,0,70,70,1,0,2,30,0,-1,False,False,False,True,True,False,True,True,True,False,False,True,True,False,True,False,False,False,True,False,False,False,True,True
537,月讀殲滅戰,,False,False,False,False,False,True,False,False,True,False,False,False,False,False,False,False,False,False,False,False,False,False,False,False,False,False,False,False,False,False,False,False,False,False,False,False,False,False,False,False,False,e3fd,0,0,0,0,289,2052,112291,0,0,778,20055,335,0,133,1,2,108,3,0,0,0,0,70,70,0,0,4,21,0,-1,False,False,False,True,True,False,True,True,False,False,False,True,True,False,True,False,False,False,True,False,False,False,True,True
538,極 月讀殲滅戰,,False,False,False,False,False,False,False,False,True,False,False,False,False,False,False,False,False,False,False,False,False,False,False,False,False,False,False,False,False,False,False,False,False,False,False,False,False,False,False,False,False,e3fd_2,0,0,0,0,289,2053,112292,0,0,779,20056,350,0,153,1,2,108,3,0,0,0,0,70,70,1,0,4,22,0,-1,False,False,False,True,True,False,True,True,False,False,False,True,True,False,True,False,False,False,True,False,False,False,True,True
539,絕 究極武器破壞作戰,,False,False,False,False,False,False,False,False,False,False,False,False,False,False,False,False,False,False,False,False,False,False,False,False,False,False,False,False,False,False,False,False,False,False,False,False,False,False,False,False,False,w1fz,0,0,0,0,288,3066,112296,0,0,777,30067,0,375,1002,1,2,142,3,1,0,0,0,70,70,0,3,28,0,0,-1,False,False,False,False,False,False,False,False,False,False,False,True,False,True,True,False,False,False,True,False,False,False,True,True
540,天之御柱 1～10層,,False,False,False,False,False,False,False,False,False,False,False,False,False,False,False,False,False,False,False,False,False,False,False,False,False,False,False,False,False,False,False,False,False,False,False,False,False,False,False,False,False,dd002_001,0,0,68667,0,290,5021,112298,0,0,770,60021,0,0,0,1,2,142,11,0,0,1,0,61,0,0,0,21,0,0,-1,False,False,False,True,False,False,True,True,False,False,False,False,False,False,True,False,False,False,True,False,False,False,True,True
541,天之御柱 11～20層,,False,False,False,False,False,False,False,False,False,False,False,False,False,False,False,False,False,False,False,False,False,False,False,False,False,False,False,False,False,False,False,False,False,False,False,False,False,False,False,False,False,dd002_002,0,0,68667,0,290,5022,112299,0,0,771,60022,0,0,0,1,2,142,11,0,0,1,0,61,0,0,0,21,0,0,-1,False,False,False,True,False,False,True,True,False,False,False,False,False,False,True,False,False,False,True,False,False,False,True,True
542,天之御柱 21～30層,,False,False,False,False,False,False,False,False,False,False,False,False,False,False,False,False,False,False,False,False,False,False,False,False,False,False,False,False,False,False,False,False,False,False,False,False,False,False,False,False,False,dd002_003,0,0,68667,0,290,5023,112300,0,0,772,60023,0,0,0,1,2,142,11,0,0,1,0,61,0,0,0,21,0,0,-1,False,False,False,True,False,False,True,True,False,False,False,False,False,False,True,False,False,False,True,False,False,False,True,True
543,天之御柱 31～40層,,False,False,False,False,False,False,False,False,False,False,False,False,False,False,False,False,False,False,False,False,False,False,False,False,False,False,False,False,False,False,False,False,False,False,False,False,False,False,False,False,False,dd002_004,0,0,68668,0,290,5024,112301,0,0,782,60024,0,0,0,1,2,142,11,0,0,1,0,61,0,0,0,21,0,0,-1,False,False,False,True,False,False,True,True,False,False,False,False,False,False,True,False,False,False,True,False,False,False,True,True
544,天之御柱 41～50層,,False,False,False,False,False,False,False,False,False,False,False,False,False,False,False,False,False,False,False,False,False,False,False,False,False,False,False,False,False,False,False,False,False,False,False,False,False,False,False,False,False,dd002_005,0,0,68668,0,290,5025,112302,0,0,773,60025,0,0,0,1,2,142,11,0,0,1,0,61,0,0,0,21,0,0,-1,False,False,False,True,False,False,True,True,False,False,False,False,False,False,True,False,False,False,True,False,False,False,True,True
545,天之御柱 51～60層,,False,False,False,False,False,False,False,False,False,False,False,False,False,False,False,False,False,False,False,False,False,False,False,False,False,False,False,False,False,False,False,False,False,False,False,False,False,False,False,False,False,dd002_006,0,0,68668,0,290,5026,112303,0,0,783,60026,0,0,0,1,2,142,11,0,0,1,0,61,0,0,0,21,0,0,-1,False,False,False,True,False,False,True,True,False,False,False,False,False,False,True,False,False,False,True,False,False,False,True,True
546,天之御柱 61～70層,,False,False,False,False,False,False,False,False,False,False,False,False,False,False,False,False,False,False,False,False,False,False,False,False,False,False,False,False,False,False,False,False,False,False,False,False,False,False,False,False,False,dd002_007,0,0,68668,0,290,5027,112304,0,0,774,60027,0,0,0,1,2,142,11,0,0,1,0,61,0,0,0,21,0,0,-1,False,False,False,True,False,False,True,True,False,False,False,False,False,False,True,False,False,False,True,False,False,False,True,True
547,天之御柱 71～80層,,False,False,False,False,False,False,False,False,False,False,False,False,False,False,False,False,False,False,False,False,False,False,False,False,False,False,False,False,False,False,False,False,False,False,False,False,False,False,False,False,False,dd002_008,0,0,68668,0,290,5028,112305,0,0,784,60028,0,0,0,1,2,142,11,0,0,1,0,61,0,0,0,21,0,0,-1,False,False,False,True,False,False,True,True,False,False,False,False,False,False,True,False,False,False,True,False,False,False,True,True
548,天之御柱 81～90層,,False,False,False,False,False,False,False,False,False,False,False,False,False,False,False,False,False,False,False,False,False,False,False,False,False,False,False,False,False,False,False,False,False,False,False,False,False,False,False,False,False,dd002_009,0,0,68668,0,290,5029,112306,0,0,775,60029,0,0,0,1,2,142,11,0,0,1,0,61,0,0,0,21,0,0,-1,False,False,False,True,False,False,True,True,False,False,False,False,False,False,True,False,False,False,True,False,False,False,True,True
549,天之御柱 91～100層,,False,False,False,False,False,False,False,False,False,False,False,False,False,False,False,False,False,False,False,False,False,False,False,False,False,False,False,False,False,False,False,False,False,False,False,False,False,False,False,False,False,dd002_010,0,0,68668,0,290,5030,112307,0,0,785,60030,0,0,0,1,2,142,11,0,0,1,0,61,0,0,0,21,0,0,-1,False,False,False,True,False,False,True,True,False,False,False,False,False,False,True,False,False,False,True,False,False,False,True,True
550,封閉聖塔黎鐸拉納大燈塔,,False,False,False,False,False,False,False,False,True,False,False,False,False,False,True,False,False,False,False,False,False,False,False,False,False,False,False,False,False,False,False,False,False,False,False,False,False,False,False,False,False,z3r2,0,0,0,0,288,3067,112286,0,0,776,30068,335,0,65,1,2,108,4,0,0,0,0,70,70,2,0,5,18,0,-1,False,False,False,True,True,False,True,True,False,False,False,True,True,False,True,False,False,False,True,False,False,False,True,True
551,,,False,False,False,False,False,False,False,False,False,False,False,False,False,False,False,False,False,False,False,False,False,False,False,False,False,False,False,False,False,False,False,False,False,False,False,False,False,False,False,False,False,e0199,0,0,0,0,0,0,0,0,0,781,183,0,0,0,5,2,142,1,0,0,0,0,0,70,0,0,0,0,0,-1,False,False,False,False,False,False,True,True,False,False,False,False,False,False,False,False,False,False,True,False,False,False,True,True
552,第1關：新手教學,,False,False,False,False,False,False,False,False,False,False,False,False,False,False,False,False,False,False,False,False,False,False,False,False,False,False,False,False,False,False,False,False,False,False,False,False,False,False,False,False,False,lovm_chal001,0,0,0,0,0,0,112114,0,0,506,59,0,0,0,4,0,109,1,0,0,0,0,1,0,0,0,19,5,0,-1,False,False,False,False,False,False,False,False,False,False,False,False,False,False,True,False,False,False,False,False,False,False,True,True
553,第2關：到處都是巧兒鳥,,False,False,False,False,False,False,False,False,False,False,False,False,False,False,False,False,False,False,False,False,False,False,False,False,False,False,False,False,False,False,False,False,False,False,False,False,False,False,False,False,False,lovm_chal002,0,0,0,0,0,0,112114,0,0,506,60,0,0,0,4,0,109,1,0,0,0,0,1,0,0,0,19,5,0,-1,False,False,False,False,False,False,False,False,False,False,False,False,False,False,True,False,False,False,False,False,False,False,True,True
554,第3關：萬事開頭難,,False,False,False,False,False,False,False,False,False,False,False,False,False,False,False,False,False,False,False,False,False,False,False,False,False,False,False,False,False,False,False,False,False,False,False,False,False,False,False,False,False,lovm_chal003,0,0,0,0,0,0,112115,0,0,506,61,0,0,0,4,0,109,1,0,0,0,0,1,0,0,0,19,5,0,-1,False,False,False,False,False,False,False,False,False,False,False,False,False,False,True,False,False,False,False,False,False,False,True,True
555,第4關：小小巨獸,,False,False,False,False,False,False,False,False,False,False,False,False,False,False,False,False,False,False,False,False,False,False,False,False,False,False,False,False,False,False,False,False,False,False,False,False,False,False,False,False,False,lovm_chal004,0,0,0,0,0,0,112115,0,0,506,62,0,0,0,4,0,109,1,0,0,0,0,1,0,0,0,19,5,0,-1,False,False,False,False,False,False,False,False,False,False,False,False,False,False,True,False,False,False,False,False,False,False,True,True
556,第5關：蠻族叛亂,,False,False,False,False,False,False,False,False,False,False,False,False,False,False,False,False,False,False,False,False,False,False,False,False,False,False,False,False,False,False,False,False,False,False,False,False,False,False,False,False,False,lovm_chal005,0,0,0,0,0,0,112115,0,0,506,63,0,0,0,4,0,109,1,0,0,0,0,1,0,0,0,19,5,0,-1,False,False,False,False,False,False,False,False,False,False,False,False,False,False,True,False,False,False,False,False,False,False,True,True
557,第6關：恐怖的墓園,,False,False,False,False,False,False,False,False,False,False,False,False,False,False,False,False,False,False,False,False,False,False,False,False,False,False,False,False,False,False,False,False,False,False,False,False,False,False,False,False,False,lovm_chal006,0,0,0,0,0,0,112115,0,0,506,64,0,0,0,4,0,109,1,0,0,0,0,1,0,0,0,19,5,0,-1,False,False,False,False,False,False,False,False,False,False,False,False,False,False,True,False,False,False,False,False,False,False,True,True
558,第7關：勁敵共鬥,,False,False,False,False,False,False,False,False,False,False,False,False,False,False,False,False,False,False,False,False,False,False,False,False,False,False,False,False,False,False,False,False,False,False,False,False,False,False,False,False,False,lovm_chal007,0,0,0,0,0,0,112115,0,0,506,65,0,0,0,4,0,109,1,0,0,0,0,1,0,0,0,19,5,0,-1,False,False,False,False,False,False,False,False,False,False,False,False,False,False,True,False,False,False,False,False,False,False,True,True
559,第8關：光暗之界乃拂曉,,False,False,False,False,False,False,False,False,False,False,False,False,False,False,False,False,False,False,False,False,False,False,False,False,False,False,False,False,False,False,False,False,False,False,False,False,False,False,False,False,False,lovm_chal008,0,0,0,0,0,0,112115,0,0,506,66,0,0,0,4,0,109,1,0,0,0,0,1,0,0,0,19,5,0,-1,False,False,False,False,False,False,False,False,False,False,False,False,False,False,True,False,False,False,False,False,False,False,True,True
560,第9關：銅山爆破,,False,False,False,False,False,False,False,False,False,False,False,False,False,False,False,False,False,False,False,False,False,False,False,False,False,False,False,False,False,False,False,False,False,False,False,False,False,False,False,False,False,lovm_chal009,0,0,0,0,0,0,112115,0,0,506,67,0,0,0,4,0,109,1,0,0,0,0,1,0,0,0,19,5,0,-1,False,False,False,False,False,False,False,False,False,False,False,False,False,False,True,False,False,False,False,False,False,False,True,True
561,第10關：曼德拉之子,,False,False,False,False,False,False,False,False,False,False,False,False,False,False,False,False,False,False,False,False,False,False,False,False,False,False,False,False,False,False,False,False,False,False,False,False,False,False,False,False,False,lovm_chal010,0,0,0,0,0,0,112115,0,0,506,68,0,0,0,4,0,109,1,0,0,0,0,1,0,0,0,19,5,0,-1,False,False,False,False,False,False,False,False,False,False,False,False,False,False,True,False,False,False,False,False,False,False,True,True
562,第11關：女王陛下萬歲！,,False,False,False,False,False,False,False,False,False,False,False,False,False,False,False,False,False,False,False,False,False,False,False,False,False,False,False,False,False,False,False,False,False,False,False,False,False,False,False,False,False,lovm_chal011,0,0,0,0,0,0,112115,0,0,506,69,0,0,0,4,0,109,1,0,0,0,0,1,0,0,0,19,5,0,-1,False,False,False,False,False,False,False,False,False,False,False,False,False,False,True,False,False,False,False,False,False,False,True,True
563,第12關：打磚塊,,False,False,False,False,False,False,False,False,False,False,False,False,False,False,False,False,False,False,False,False,False,False,False,False,False,False,False,False,False,False,False,False,False,False,False,False,False,False,False,False,False,lovm_chal012,0,0,0,0,0,0,112115,0,0,506,70,0,0,0,4,0,109,1,0,0,0,0,1,0,0,0,19,5,0,-1,False,False,False,False,False,False,False,False,False,False,False,False,False,False,True,False,False,False,False,False,False,False,True,True
564,第13關：首席機工師,,False,False,False,False,False,False,False,False,False,False,False,False,False,False,False,False,False,False,False,False,False,False,False,False,False,False,False,False,False,False,False,False,False,False,False,False,False,False,False,False,False,lovm_chal013,0,0,0,0,0,0,112115,0,0,506,71,0,0,0,4,0,109,1,0,0,0,0,1,0,0,0,19,5,0,-1,False,False,False,False,False,False,False,False,False,False,False,False,False,False,True,False,False,False,False,False,False,False,True,True
565,第14關：硬如堅果,,False,False,False,False,False,False,False,False,False,False,False,False,False,False,False,False,False,False,False,False,False,False,False,False,False,False,False,False,False,False,False,False,False,False,False,False,False,False,False,False,False,lovm_chal014,0,0,0,0,0,0,112115,0,0,506,72,0,0,0,4,0,109,1,0,0,0,0,1,0,0,0,19,5,0,-1,False,False,False,False,False,False,False,False,False,False,False,False,False,False,True,False,False,False,False,False,False,False,True,True
566,第15關：極小奧汀殲滅戰,,False,False,False,False,False,False,False,False,False,False,False,False,False,False,False,False,False,False,False,False,False,False,False,False,False,False,False,False,False,False,False,False,False,False,False,False,False,False,False,False,False,lovm_chal015,0,0,0,0,0,0,112115,0,0,506,73,0,0,0,4,0,109,1,0,0,0,0,1,0,0,0,19,5,0,-1,False,False,False,False,False,False,False,False,False,False,False,False,False,False,True,False,False,False,False,False,False,False,True,True
567,第16關：陸行鳥大進軍,,False,False,False,False,False,False,False,False,False,False,False,False,False,False,False,False,False,False,False,False,False,False,False,False,False,False,False,False,False,False,False,False,False,False,False,False,False,False,False,False,False,lovm_chal016,0,0,0,0,0,0,112115,0,0,506,74,0,0,0,4,0,109,1,0,0,0,0,1,0,0,0,19,5,0,-1,False,False,False,False,False,False,False,False,False,False,False,False,False,False,True,False,False,False,False,False,False,False,True,True
568,第17關：披雪小冰壁,,False,False,False,False,False,False,False,False,False,False,False,False,False,False,False,False,False,False,False,False,False,False,False,False,False,False,False,False,False,False,False,False,False,False,False,False,False,False,False,False,False,lovm_chal017,0,0,0,0,0,0,112115,0,0,506,75,0,0,0,4,0,109,1,0,0,0,0,1,0,0,0,19,5,0,-1,False,False,False,False,False,False,False,False,False,False,False,False,False,False,True,False,False,False,False,False,False,False,True,True
569,第18關：小狩獵任務,,False,False,False,False,False,False,False,False,False,False,False,False,False,False,False,False,False,False,False,False,False,False,False,False,False,False,False,False,False,False,False,False,False,False,False,False,False,False,False,False,False,lovm_chal018,0,0,0,0,0,0,112115,0,0,506,76,0,0,0,4,0,109,1,0,0,0,0,1,0,0,0,19,5,0,-1,False,False,False,False,False,False,False,False,False,False,False,False,False,False,True,False,False,False,False,False,False,False,True,True
570,第19關：極小吉爾伽美什殲滅戰,,False,False,False,False,False,False,False,False,False,False,False,False,False,False,False,False,False,False,False,False,False,False,False,False,False,False,False,False,False,False,False,False,False,False,False,False,False,False,False,False,False,lovm_chal019,0,0,0,0,0,0,112115,0,0,506,77,0,0,0,4,0,109,1,0,0,0,0,1,0,0,0,19,5,0,-1,False,False,False,False,False,False,False,False,False,False,False,False,False,False,True,False,False,False,False,False,False,False,True,True
571,第20關：願水晶給予你指引,,False,False,False,False,False,False,False,False,False,False,False,False,False,False,False,False,False,False,False,False,False,False,False,False,False,False,False,False,False,False,False,False,False,False,False,False,False,False,False,False,False,lovm_chal020,0,0,0,0,0,0,112115,0,0,506,78,0,0,0,4,0,109,1,0,0,0,0,1,0,0,0,19,5,0,-1,False,False,False,False,False,False,False,False,False,False,False,False,False,False,True,False,False,False,False,False,False,False,True,True
572,第21關：賢者的試煉,,False,False,False,False,False,False,False,False,False,False,False,False,False,False,False,False,False,False,False,False,False,False,False,False,False,False,False,False,False,False,False,False,False,False,False,False,False,False,False,False,False,lovm_chal021,0,0,0,0,0,0,112115,0,0,506,79,0,0,0,4,0,109,1,0,0,0,0,1,0,0,0,19,5,0,-1,False,False,False,False,False,False,False,False,False,False,False,False,False,False,True,False,False,False,False,False,False,False,True,True
573,第22關：暗淡的世界,,False,False,False,False,False,False,False,False,False,False,False,False,False,False,False,False,False,False,False,False,False,False,False,False,False,False,False,False,False,False,False,False,False,False,False,False,False,False,False,False,False,lovm_chal022,0,0,0,0,0,0,112115,0,0,506,80,0,0,0,4,0,109,1,0,0,0,0,1,0,0,0,19,5,0,-1,False,False,False,False,False,False,False,False,False,False,False,False,False,False,True,False,False,False,False,False,False,False,True,True
574,第23關：巴哈姆特小迷宮邂逅之章,,False,False,False,False,False,False,False,False,False,False,False,False,False,False,False,False,False,False,False,False,False,False,False,False,False,False,False,False,False,False,False,False,False,False,False,False,False,False,False,False,False,lovm_chal023,0,0,0,0,0,0,112115,0,0,506,81,0,0,0,4,0,109,1,0,0,0,0,1,0,0,0,19,5,0,-1,False,False,False,False,False,False,False,False,False,False,False,False,False,False,True,False,False,False,False,False,False,False,True,True
575,第24關：巴哈姆特小迷宮真源之章,,False,False,False,False,False,False,False,False,False,False,False,False,False,False,False,False,False,False,False,False,False,False,False,False,False,False,False,False,False,False,False,False,False,False,False,False,False,False,False,False,False,lovm_chal024,0,0,0,0,0,0,112115,0,0,506,82,0,0,0,4,0,109,1,0,0,0,0,1,0,0,0,19,5,0,-1,False,False,False,False,False,False,False,False,False,False,False,False,False,False,True,False,False,False,False,False,False,False,True,True
576,萌寵之王：討伐級單人戰,討伐級單人戰,False,False,False,False,False,False,False,False,False,False,False,False,False,False,False,False,False,False,False,False,False,False,False,False,False,False,False,False,False,False,False,False,False,False,False,False,False,False,False,False,False,lovm_vs3_001,0,0,0,0,0,0,112109,0,0,506,83,0,0,13,4,0,109,1,3,1,0,0,1,0,0,0,19,5,0,-1,True,True,False,False,False,False,False,False,False,False,False,True,True,False,True,False,False,False,False,False,True,False,True,True
577,萌寵之王：殲滅級單人戰,殲滅級單人戰,False,False,False,False,False,False,False,False,False,False,False,False,False,False,False,False,False,False,False,False,False,False,False,False,False,False,False,False,False,False,False,False,False,False,False,False,False,False,False,False,False,lovm_vs3_002,0,0,0,0,0,0,112110,0,0,506,84,0,0,14,4,0,109,1,3,1,0,0,1,0,0,0,19,5,0,-1,True,True,False,False,False,False,False,False,False,False,False,True,True,False,True,False,False,False,False,False,True,False,True,True
578,萌寵之王：極 殲滅級單人戰,極 殲滅級單人戰,False,False,False,False,False,False,False,False,False,False,False,False,False,False,False,False,False,False,False,False,False,False,False,False,False,False,False,False,False,False,False,False,False,False,False,False,False,False,False,False,False,lovm_vs3_003,0,0,0,0,0,0,112111,0,0,506,85,0,0,15,4,0,109,1,3,1,0,0,1,0,0,0,19,5,0,-1,True,True,False,False,False,False,False,False,False,False,False,True,True,False,True,False,False,False,False,False,True,False,True,True
579,萌寵之王：大賽對戰（電腦對戰）,大賽對戰（電腦對戰）,False,False,False,False,False,False,False,False,False,False,False,False,False,False,False,False,False,False,False,False,False,False,False,False,False,False,False,False,False,False,False,False,False,False,False,False,False,False,False,False,False,lovm_cnv_cpu,0,0,0,0,0,0,112200,0,0,506,86,0,0,17,4,0,109,1,0,1,0,0,1,0,0,0,19,5,0,-1,False,False,False,False,False,False,False,False,False,False,False,True,True,False,True,False,False,False,False,True,True,False,True,True
580,,,False,False,False,False,False,False,False,False,False,False,False,False,False,False,False,False,False,False,False,False,False,False,False,False,False,False,False,False,False,False,False,False,False,False,False,False,False,False,False,False,False,,0,0,0,0,0,0,0,0,0,0,0,0,0,0,0,0,0,0,0,0,0,0,0,0,0,0,0,0,0,0,False,False,False,False,False,False,False,False,False,False,False,False,False,False,False,False,False,False,False,False,False,False,False,False
581,禁地優雷卡 恆冰之地,,False,False,False,False,False,False,False,False,False,False,False,False,False,False,False,False,False,False,False,False,False,False,False,False,False,False,False,False,False,False,False,False,False,False,False,False,False,False,False,False,False,z3fb,0,0,68478,0,291,7004,112308,0,0,763,4,0,300,0,3,2,142,19,0,0,1,0,70,70,0,0,26,0,0,-1,False,False,False,True,False,False,True,False,False,False,False,False,False,False,True,False,False,False,False,False,False,False,True,True
582,拂曉的少年,,False,False,False,False,False,False,False,False,False,False,False,False,False,False,False,False,False,False,False,False,False,False,False,False,False,False,False,False,False,False,False,False,False,False,False,False,False,False,False,False,False,ec009,0,0,0,0,0,0,0,0,0,769,5025,0,0,0,1,2,142,1,0,0,0,0,70,70,0,0,7,0,0,-1,False,False,False,False,False,False,False,True,False,False,False,False,False,False,False,False,False,False,True,False,False,False,True,True
583,災厄重現軍事演習,,False,False,False,False,False,False,False,False,False,False,False,False,False,False,False,False,False,False,False,False,False,False,False,False,False,False,False,False,False,False,False,False,False,False,False,False,False,False,False,False,False,w1t1_5th,0,0,0,0,0,62,112297,80113,0,790,5,0,110,0,3,0,142,19,0,0,3,0,30,50,0,0,22,0,0,-1,False,False,False,True,False,False,True,False,False,False,False,False,False,False,True,False,False,False,True,False,False,False,True,True
584,污染庭園聖茉夏娜植物園,,False,True,False,False,False,False,False,False,True,False,False,False,False,False,False,False,False,False,False,False,False,False,False,False,False,False,False,False,False,False,False,False,False,False,False,False,False,False,False,False,False,d2d9,0,0,0,0,287,64,112310,0,0,788,62,340,0,71,1,2,108,2,0,0,0,0,70,70,1,0,2,30,0,-1,False,False,False,True,True,False,True,True,True,False,False,True,True,False,True,False,False,False,True,False,False,False,True,True
585,死亡大地終末焦土,,False,True,False,False,False,False,False,False,True,False,False,False,False,False,False,False,False,False,False,False,False,False,False,False,False,False,False,False,False,False,False,False,False,False,False,False,False,False,False,False,False,e3d7_re,0,0,0,0,287,65,112311,0,0,1173,63,340,0,70,1,2,108,2,0,0,0,0,70,70,1,0,2,30,0,-1,False,False,False,True,True,False,True,True,True,False,False,True,True,False,True,False,False,False,True,False,False,False,True,True
586,運河寶物庫神殿,,False,False,False,False,False,False,False,False,False,False,False,False,False,False,False,False,False,False,False,False,False,False,False,False,False,False,False,False,False,False,False,False,False,False,False,False,False,False,False,False,False,o3c2,0,0,0,0,0,9004,0,0,0,794,55004,0,370,0,1,2,108,3,0,0,0,0,1,70,0,0,9,0,0,-1,False,False,False,True,False,False,False,True,False,False,False,False,False,False,False,False,True,False,True,False,False,False,True,True
587,歐米茄時空狹縫 阿爾法幻境1,,False,False,False,False,False,False,False,False,True,False,False,False,False,False,False,False,True,False,False,False,False,False,False,False,False,False,False,False,False,False,False,False,False,False,False,False,False,False,False,False,False,z3oc,0,0,0,0,288,3068,112312,0,0,798,30069,355,0,75,1,2,108,3,0,0,0,0,70,70,1,0,5,16,0,-1,False,False,False,True,True,False,True,True,False,False,False,True,True,False,True,False,False,False,True,False,False,False,True,True
588,歐米茄時空狹縫 阿爾法幻境2,,False,False,False,False,False,False,False,False,True,False,False,False,False,False,False,False,True,False,False,False,False,False,False,False,False,False,False,False,False,False,False,False,False,False,False,False,False,False,False,False,False,z3od,0,0,0,0,288,3069,112313,0,0,799,30070,355,0,76,1,2,108,3,0,0,0,0,70,70,1,0,5,16,0,-1,False,False,False,True,True,False,True,True,False,False,False,True,True,False,True,False,False,False,True,False,False,False,True,True
589,歐米茄時空狹縫 阿爾法幻境3,,False,False,False,False,False,False,False,False,True,False,False,False,False,False,False,False,True,False,False,False,False,False,False,False,False,False,False,False,False,False,False,False,False,False,False,False,False,False,False,False,False,z3oe,0,0,0,0,288,3070,112314,0,0,800,30071,355,0,77,1,2,108,3,0,0,0,0,70,70,1,0,5,16,0,-1,False,False,False,True,True,False,True,True,False,False,False,True,True,False,True,False,False,False,True,False,False,False,True,True
590,歐米茄時空狹縫 阿爾法幻境4,,False,False,False,False,False,False,False,False,True,False,False,False,False,False,False,False,True,False,False,False,False,False,False,False,False,False,False,False,False,False,False,False,False,False,False,False,False,False,False,False,False,z3of,0,0,0,0,288,3071,112315,0,0,801,30072,355,0,78,1,2,108,3,0,0,0,0,70,70,1,0,5,16,0,-1,False,False,False,True,True,False,True,True,False,False,False,True,True,False,True,False,False,False,True,False,False,False,True,True
591,歐米茄零式時空狹縫 阿爾法幻境1,,False,False,False,False,False,False,False,False,False,False,False,False,False,False,False,False,False,False,False,False,False,False,False,False,False,False,False,False,False,False,False,False,False,False,False,False,False,False,False,False,False,z3oc_2,0,0,0,0,288,3072,112316,0,0,802,30073,370,0,91,1,2,108,3,0,0,0,0,70,70,1,0,5,17,0,-1,False,False,False,True,True,False,True,True,False,False,False,True,True,False,True,False,False,False,True,False,False,False,True,True
592,歐米茄零式時空狹縫 阿爾法幻境2,,False,False,False,False,False,False,False,False,False,False,False,False,False,False,False,False,False,False,False,False,False,False,False,False,False,False,False,False,False,False,False,False,False,False,False,False,False,False,False,False,False,z3od_2,0,0,0,0,288,3073,112317,0,0,803,30074,375,0,92,1,2,108,3,0,0,0,0,70,70,1,0,5,17,0,-1,False,False,False,True,True,False,True,True,False,False,False,True,True,False,True,False,False,False,True,False,False,False,True,True
593,歐米茄零式時空狹縫 阿爾法幻境3,,False,False,False,False,False,False,False,False,False,False,False,False,False,False,False,False,False,False,False,False,False,False,False,False,False,False,False,False,False,False,False,False,False,False,False,False,False,False,False,False,False,z3oe_2,0,0,0,0,288,3074,112318,0,0,804,30075,380,0,93,1,2,108,3,0,0,0,0,70,70,1,0,5,17,0,-1,False,False,False,True,True,False,True,True,False,False,False,True,True,False,True,False,False,False,True,False,False,False,True,True
594,歐米茄零式時空狹縫 阿爾法幻境4,,False,False,False,False,False,False,False,False,False,False,False,False,False,False,False,False,False,False,False,False,False,False,False,False,False,False,False,False,False,False,False,False,False,False,False,False,False,False,False,False,False,z3of_2,0,0,0,0,288,3075,112319,0,0,805,30076,380,0,94,1,2,108,3,0,0,0,0,70,70,1,0,5,17,0,-1,False,False,False,True,True,False,True,True,False,False,False,True,True,False,True,False,False,False,True,False,False,False,True,True
595,真 保鑣殲滅戰,,False,False,False,False,False,True,False,False,True,False,False,False,False,False,False,False,False,False,False,False,False,False,False,False,False,False,False,False,False,False,False,False,False,False,False,False,False,False,False,False,False,e3ff,0,0,0,0,289,2054,112320,0,0,806,20059,365,0,134,1,2,108,3,0,0,0,0,70,70,0,0,4,21,0,-1,False,False,False,True,True,False,True,True,False,False,False,True,True,False,True,False,False,False,True,False,False,False,True,True
596,朱雀征魂戰,,False,False,False,False,False,True,False,False,True,False,False,False,False,False,False,False,False,False,False,False,False,False,False,False,False,False,False,False,False,False,False,False,False,False,False,False,False,False,False,False,False,e3fe,0,0,0,0,289,2055,112321,0,0,810,20057,355,0,137,1,2,108,3,0,0,0,0,70,70,0,0,4,21,0,-1,False,False,False,True,True,False,True,True,False,False,False,True,True,False,True,False,False,False,True,False,False,False,True,True
597,極 朱雀征魂戰,,False,False,False,False,False,False,False,False,True,False,False,False,False,False,False,False,False,False,False,False,False,False,False,False,False,False,False,False,False,False,False,False,False,False,False,False,False,False,False,False,False,e3fe_2,0,0,0,0,289,2056,112322,0,0,811,20058,370,0,156,1,2,108,3,0,0,0,0,70,70,1,0,4,22,0,-1,False,False,False,True,True,False,True,True,False,False,False,True,True,False,True,False,False,False,True,False,False,False,True,True
598,禁地優雷卡 湧火之地,,False,False,False,False,False,False,False,False,False,False,False,False,False,False,False,False,False,False,False,False,False,False,False,False,False,False,False,False,False,False,False,False,False,False,False,False,False,False,False,False,False,z3fc,0,0,68148,0,291,7005,112323,0,0,795,6,0,300,0,3,2,142,19,0,0,1,0,70,70,0,0,26,0,0,-1,False,False,False,True,False,False,True,False,False,False,False,False,False,False,True,False,False,False,False,False,False,False,True,True
599,隱塞（機動戰）,,False,False,False,False,False,False,False,False,False,False,False,False,False,False,False,False,False,False,False,False,False,False,False,False,False,False,False,False,False,False,False,False,False,False,False,False,False,False,False,False,False,w1p1,0,0,0,0,0,4032,112335,0,0,791,51002,0,0,401,1,0,146,18,0,0,0,0,30,0,0,0,6,23,0,-1,True,True,False,False,False,False,True,False,False,False,False,True,True,False,True,False,False,False,True,False,True,False,True,True
600,登高跳跳樂大挑戰,,False,False,False,False,False,False,False,False,False,False,False,False,False,False,False,False,False,False,False,False,False,False,False,False,False,False,False,False,False,False,False,False,False,False,False,False,False,False,False,False,False,w1eg,0,0,0,0,0,8007,112324,0,0,792,7,0,0,0,3,0,109,19,0,0,0,0,1,0,0,0,19,0,0,-1,False,False,False,True,False,False,True,False,False,False,False,False,False,False,True,False,False,False,False,False,False,False,True,True
601,登高跳跳樂大挑戰,,False,False,False,False,False,False,False,False,False,False,False,False,False,False,False,False,False,False,False,False,False,False,False,False,False,False,False,False,False,False,False,False,False,False,False,False,False,False,False,False,False,w1eg_2,0,0,0,0,0,8007,112324,0,0,792,8,0,0,0,3,0,109,19,0,0,0,0,1,0,0,0,19,0,0,-1,False,False,False,True,False,False,True,False,False,False,False,False,False,False,True,False,False,False,False,False,False,False,True,True
602,登高跳跳樂大挑戰,,False,False,False,False,False,False,False,False,False,False,False,False,False,False,False,False,False,False,False,False,False,False,False,False,False,False,False,False,False,False,False,False,False,False,False,False,False,False,False,False,False,w1eg_3,0,0,0,0,0,8007,112324,0,0,792,9,0,0,0,3,0,109,19,0,0,0,0,1,0,0,0,19,0,0,-1,False,False,False,True,False,False,True,False,False,False,False,False,False,False,True,False,False,False,False,False,False,False,True,True
603,登高跳跳樂大挑戰,,False,False,False,False,False,False,False,False,False,False,False,False,False,False,False,False,False,False,False,False,False,False,False,False,False,False,False,False,False,False,False,False,False,False,False,False,False,False,False,False,False,w1eg_4,0,0,0,0,0,8007,112324,0,0,792,10,0,0,0,3,0,109,19,0,0,0,0,1,0,0,0,19,0,0,-1,False,False,False,True,False,False,True,False,False,False,False,False,False,False,True,False,False,False,False,False,False,False,True,True
604,登高跳跳樂大挑戰,,False,False,False,False,False,False,False,False,False,False,False,False,False,False,False,False,False,False,False,False,False,False,False,False,False,False,False,False,False,False,False,False,False,False,False,False,False,False,False,False,False,w1eg_5,0,0,0,0,0,8007,112324,0,0,792,11,0,0,0,3,0,109,19,0,0,0,0,1,0,0,0,19,0,0,-1,False,False,False,True,False,False,True,False,False,False,False,False,False,False,True,False,False,False,False,False,False,False,True,True
605,登高跳跳樂大挑戰,,False,False,False,False,False,False,False,False,False,False,False,False,False,False,False,False,False,False,False,False,False,False,False,False,False,False,False,False,False,False,False,False,False,False,False,False,False,False,False,False,False,w1eg_6,0,0,0,0,0,8007,112324,0,0,792,12,0,0,0,3,0,109,19,0,0,0,0,1,0,0,0,19,0,0,-1,False,False,False,True,False,False,True,False,False,False,False,False,False,False,True,False,False,False,False,False,False,False,True,True
606,登高跳跳樂大挑戰,,False,False,False,False,False,False,False,False,False,False,False,False,False,False,False,False,False,False,False,False,False,False,False,False,False,False,False,False,False,False,False,False,False,False,False,False,False,False,False,False,False,w1eg_7,0,0,0,0,0,8007,112324,0,0,792,13,0,0,0,3,0,109,19,0,0,0,0,1,0,0,0,19,0,0,-1,False,False,False,True,False,False,True,False,False,False,False,False,False,False,True,False,False,False,False,False,False,False,True,True
607,登高跳跳樂大挑戰,,False,False,False,False,False,False,False,False,False,False,False,False,False,False,False,False,False,False,False,False,False,False,False,False,False,False,False,False,False,False,False,False,False,False,False,False,False,False,False,False,False,w1eg_8,0,0,0,0,0,8007,112324,0,0,792,14,0,0,0,3,0,109,19,0,0,0,0,1,0,0,0,19,0,0,-1,False,False,False,True,False,False,True,False,False,False,False,False,False,False,True,False,False,False,False,False,False,False,True,True
608,登高跳跳樂大挑戰,,False,False,False,False,False,False,False,False,False,False,False,False,False,False,False,False,False,False,False,False,False,False,False,False,False,False,False,False,False,False,False,False,False,False,False,False,False,False,False,False,False,w1eg_9,0,0,0,0,0,8007,112324,0,0,792,15,0,0,0,3,0,109,19,0,0,0,0,1,0,0,0,19,0,0,-1,False,False,False,True,False,False,True,False,False,False,False,False,False,False,True,False,False,False,False,False,False,False,True,True
609,楔石洞,,False,False,False,False,False,False,False,False,False,False,False,False,False,False,False,False,False,False,False,False,False,False,False,False,False,False,False,False,False,False,False,False,False,False,False,False,False,False,False,False,False,ec010,0,0,0,0,0,0,0,0,0,797,5026,0,0,0,1,2,142,1,0,0,0,0,70,70,0,0,7,0,0,-1,False,False,False,False,False,False,False,True,False,False,False,False,False,False,False,False,False,False,True,False,False,False,True,True
610,出道戰,,False,False,False,False,False,False,False,False,False,False,False,False,False,False,False,False,False,False,False,False,False,False,False,False,False,False,False,False,False,False,False,False,False,False,False,False,False,False,False,False,False,aoz001,0,0,0,0,0,0,112332,0,0,796,35001,0,0,0,1,0,129,1,0,0,0,0,50,50,0,0,27,0,0,-1,False,False,False,False,False,False,False,True,False,False,False,False,False,False,True,False,False,False,True,False,False,False,True,True
611,國境防線基姆利特暗區,,False,True,False,False,False,False,False,False,True,False,False,False,False,False,False,False,False,False,False,False,False,False,False,False,False,False,False,False,False,False,False,False,False,False,False,False,False,False,False,False,False,g3d5_re,0,0,0,0,287,66,112333,0,0,1174,64,360,0,72,1,2,108,2,0,0,0,0,70,70,1,0,2,30,0,-1,False,False,False,True,True,False,True,True,True,False,False,True,True,False,True,False,False,False,True,False,False,False,True,True
612,布丁拼盤,,False,False,False,False,False,False,False,False,False,False,False,False,False,False,False,False,False,False,False,False,False,False,False,False,False,False,False,False,False,False,False,False,False,False,False,False,False,False,False,False,False,aoz002,0,0,0,0,0,0,112332,0,0,796,35002,0,0,0,1,0,129,1,0,0,0,0,50,50,0,0,27,0,0,-1,False,False,False,False,False,False,False,True,False,False,False,False,False,False,True,False,False,False,True,False,False,False,True,True
613,最初的岩壁——希派克納,,False,False,False,False,False,False,False,False,False,False,False,False,False,False,False,False,False,False,False,False,False,False,False,False,False,False,False,False,False,False,False,False,False,False,False,False,False,False,False,False,False,aoz003,0,0,0,0,0,0,112332,0,0,796,35003,0,0,0,1,0,129,1,0,0,0,0,50,50,0,0,27,0,0,-1,False,False,False,False,False,False,False,True,False,False,False,False,False,False,True,False,False,False,True,False,False,False,True,True
614,怪力鐵巨人——克利俄斯,,False,False,False,False,False,False,False,False,False,False,False,False,False,False,False,False,False,False,False,False,False,False,False,False,False,False,False,False,False,False,False,False,False,False,False,False,False,False,False,False,False,aoz004,0,0,0,0,0,0,112332,0,0,796,35004,0,0,0,1,0,129,1,0,0,0,0,50,50,0,0,27,0,0,-1,False,False,False,False,False,False,False,True,False,False,False,False,False,False,True,False,False,False,True,False,False,False,True,True
615,金幣龜兄弟,,False,False,False,False,False,False,False,False,False,False,False,False,False,False,False,False,False,False,False,False,False,False,False,False,False,False,False,False,False,False,False,False,False,False,False,False,False,False,False,False,False,aoz005,0,0,0,0,0,0,112332,0,0,796,35005,0,0,0,1,0,129,1,0,0,0,0,50,50,0,0,27,0,0,-1,False,False,False,False,False,False,False,True,False,False,False,False,False,False,True,False,False,False,True,False,False,False,True,True
616,鐵鷹戰士,,False,False,False,False,False,False,False,False,False,False,False,False,False,False,False,False,False,False,False,False,False,False,False,False,False,False,False,False,False,False,False,False,False,False,False,False,False,False,False,False,False,aoz006,0,0,0,0,0,0,112332,0,0,796,35006,0,0,0,1,0,129,1,0,0,0,0,50,50,0,0,27,0,0,-1,False,False,False,False,False,False,False,True,False,False,False,False,False,False,True,False,False,False,True,False,False,False,True,True
617,史萊姆合唱團,,False,False,False,False,False,False,False,False,False,False,False,False,False,False,False,False,False,False,False,False,False,False,False,False,False,False,False,False,False,False,False,False,False,False,False,False,False,False,False,False,False,aoz007,0,0,0,0,0,0,112332,0,0,796,35007,0,0,0,1,0,129,1,0,0,0,0,50,50,0,0,27,0,0,-1,False,False,False,False,False,False,False,True,False,False,False,False,False,False,True,False,False,False,True,False,False,False,True,True
618,青之牙、紅之牙,,False,False,False,False,False,False,False,False,False,False,False,False,False,False,False,False,False,False,False,False,False,False,False,False,False,False,False,False,False,False,False,False,False,False,False,False,False,False,False,False,False,aoz008,0,0,0,0,0,0,112332,0,0,796,35008,0,0,0,1,0,129,1,0,0,0,0,50,50,0,0,27,0,0,-1,False,False,False,False,False,False,False,True,False,False,False,False,False,False,True,False,False,False,True,False,False,False,True,True
619,七彩甜點——棉花軟糖,,False,False,False,False,False,False,False,False,False,False,False,False,False,False,False,False,False,False,False,False,False,False,False,False,False,False,False,False,False,False,False,False,False,False,False,False,False,False,False,False,False,aoz009,0,0,0,0,0,0,112332,0,0,796,35009,0,0,0,1,0,129,1,0,0,0,0,50,50,0,0,27,0,0,-1,False,False,False,False,False,False,False,True,False,False,False,False,False,False,True,False,False,False,True,False,False,False,True,True
620,無頭王者——幽黑曲偶,,False,False,False,False,False,False,False,False,False,False,False,False,False,False,False,False,False,False,False,False,False,False,False,False,False,False,False,False,False,False,False,False,False,False,False,False,False,False,False,False,False,aoz010,0,0,0,0,0,0,112332,0,0,796,35010,0,0,0,1,0,129,1,0,0,0,0,50,50,0,0,27,0,0,-1,False,False,False,False,False,False,False,True,False,False,False,False,False,False,True,False,False,False,True,False,False,False,True,True
621,爆前速攻,,False,False,False,False,False,False,False,False,False,False,False,False,False,False,False,False,False,False,False,False,False,False,False,False,False,False,False,False,False,False,False,False,False,False,False,False,False,False,False,False,False,aoz011,0,0,0,0,0,0,112332,0,0,796,35011,0,0,0,1,0,129,1,0,0,0,0,50,50,0,0,27,0,0,-1,False,False,False,False,False,False,False,True,False,False,False,False,False,False,True,False,False,False,True,False,False,False,True,True
622,寄生植物——火花草,,False,False,False,False,False,False,False,False,False,False,False,False,False,False,False,False,False,False,False,False,False,False,False,False,False,False,False,False,False,False,False,False,False,False,False,False,False,False,False,False,False,aoz012,0,0,0,0,0,0,112332,0,0,796,35012,0,0,0,1,0,129,1,0,0,0,0,50,50,0,0,27,0,0,-1,False,False,False,False,False,False,False,True,False,False,False,False,False,False,True,False,False,False,True,False,False,False,True,True
623,猩紅死妖姬——卡蜜拉,,False,False,False,False,False,False,False,False,False,False,False,False,False,False,False,False,False,False,False,False,False,False,False,False,False,False,False,False,False,False,False,False,False,False,False,False,False,False,False,False,False,aoz013,0,0,0,0,0,0,112332,0,0,796,35013,0,0,0,1,0,129,1,0,0,0,0,50,50,0,0,27,0,0,-1,False,False,False,False,False,False,False,True,False,False,False,False,False,False,True,False,False,False,True,False,False,False,True,True
624,陪葬,,False,False,False,False,False,False,False,False,False,False,False,False,False,False,False,False,False,False,False,False,False,False,False,False,False,False,False,False,False,False,False,False,False,False,False,False,False,False,False,False,False,aoz014,0,0,0,0,0,0,112332,0,0,796,35014,0,0,0,1,0,129,1,0,0,0,0,50,50,0,0,27,0,0,-1,False,False,False,False,False,False,False,True,False,False,False,False,False,False,True,False,False,False,True,False,False,False,True,True
625,來自亞拉戈的威脅——鬥獸系統,,False,False,False,False,False,False,False,False,False,False,False,False,False,False,False,False,False,False,False,False,False,False,False,False,False,False,False,False,False,False,False,False,False,False,False,False,False,False,False,False,False,aoz015,0,0,0,0,0,0,112332,0,0,796,35015,0,0,0,1,0,129,1,0,0,0,0,50,50,0,0,27,0,0,-1,False,False,False,False,False,False,False,True,False,False,False,False,False,False,True,False,False,False,True,False,False,False,True,True
626,怪力獸王——迪克巴朗,,False,False,False,False,False,False,False,False,False,False,False,False,False,False,False,False,False,False,False,False,False,False,False,False,False,False,False,False,False,False,False,False,False,False,False,False,False,False,False,False,False,aoz016,0,0,0,0,0,0,112332,0,0,796,35016,0,0,0,1,0,129,1,0,0,0,0,50,50,0,0,27,0,0,-1,False,False,False,False,False,False,False,True,False,False,False,False,False,False,True,False,False,False,True,False,False,False,True,True
627,剛柔鐵巨人——克利俄斯改,,False,False,False,False,False,False,False,False,False,False,False,False,False,False,False,False,False,False,False,False,False,False,False,False,False,False,False,False,False,False,False,False,False,False,False,False,False,False,False,False,False,aoz017,0,0,0,0,0,0,112332,0,0,796,35017,0,0,0,1,0,129,1,0,0,0,0,50,50,0,0,27,0,0,-1,False,False,False,False,False,False,False,True,False,False,False,False,False,False,True,False,False,False,True,False,False,False,True,True
628,爆破死鬥,,False,False,False,False,False,False,False,False,False,False,False,False,False,False,False,False,False,False,False,False,False,False,False,False,False,False,False,False,False,False,False,False,False,False,False,False,False,False,False,False,False,aoz018,0,0,0,0,0,0,112332,0,0,796,35018,0,0,0,1,0,129,1,0,0,0,0,50,50,0,0,27,0,0,-1,False,False,False,False,False,False,False,True,False,False,False,False,False,False,True,False,False,False,True,False,False,False,True,True
629,魅惑芳香——反射魔花瑞貝卡,,False,False,False,False,False,False,False,False,False,False,False,False,False,False,False,False,False,False,False,False,False,False,False,False,False,False,False,False,False,False,False,False,False,False,False,False,False,False,False,False,False,aoz019,0,0,0,0,0,0,112332,0,0,796,35019,0,0,0,1,0,129,1,0,0,0,0,50,50,0,0,27,0,0,-1,False,False,False,False,False,False,False,True,False,False,False,False,False,False,True,False,False,False,True,False,False,False,True,True
630,著名組合——奧爾特羅斯&杜彭,,False,False,False,False,False,False,False,False,False,False,False,False,False,False,False,False,False,False,False,False,False,False,False,False,False,False,False,False,False,False,False,False,False,False,False,False,False,False,False,False,False,aoz020,0,0,0,0,0,0,112332,0,0,796,35020,0,0,0,1,0,129,1,0,0,0,0,50,50,0,0,27,0,0,-1,False,False,False,False,False,False,False,True,False,False,False,False,False,False,True,False,False,False,True,False,False,False,True,True
631,憤怒合成獸——阿帕德馬克,,False,False,False,False,False,False,False,False,False,False,False,False,False,False,False,False,False,False,False,False,False,False,False,False,False,False,False,False,False,False,False,False,False,False,False,False,False,False,False,False,False,aoz021,0,0,0,0,0,0,112332,0,0,796,35021,0,0,0,1,0,129,1,0,0,0,0,50,50,0,0,27,0,0,-1,False,False,False,False,False,False,False,True,False,False,False,False,False,False,True,False,False,False,True,False,False,False,True,True
632,爆炸湮滅——炸彈之祖,,False,False,False,False,False,False,False,False,False,False,False,False,False,False,False,False,False,False,False,False,False,False,False,False,False,False,False,False,False,False,False,False,False,False,False,False,False,False,False,False,False,aoz022,0,0,0,0,0,0,112332,0,0,796,35022,0,0,0,1,0,129,1,0,0,0,0,50,50,0,0,27,0,0,-1,False,False,False,False,False,False,False,True,False,False,False,False,False,False,True,False,False,False,True,False,False,False,True,True
633,魔獸皇太子——凶惡巨獸太子,,False,False,False,False,False,False,False,False,False,False,False,False,False,False,False,False,False,False,False,False,False,False,False,False,False,False,False,False,False,False,False,False,False,False,False,False,False,False,False,False,False,aoz023,0,0,0,0,0,0,112332,0,0,796,35023,0,0,0,1,0,129,1,0,0,0,0,50,50,0,0,27,0,0,-1,False,False,False,False,False,False,False,True,False,False,False,False,False,False,True,False,False,False,True,False,False,False,True,True
634,異形人偶師傅——艾匹羅基,,False,False,False,False,False,False,False,False,False,False,False,False,False,False,False,False,False,False,False,False,False,False,False,False,False,False,False,False,False,False,False,False,False,False,False,False,False,False,False,False,False,aoz024,0,0,0,0,0,0,112332,0,0,796,35024,0,0,0,1,0,129,1,0,0,0,0,50,50,0,0,27,0,0,-1,False,False,False,False,False,False,False,True,False,False,False,False,False,False,True,False,False,False,True,False,False,False,True,True
635,邪惡青魔道士——啟示者,,False,False,False,False,False,False,False,False,False,False,False,False,False,False,False,False,False,False,False,False,False,False,False,False,False,False,False,False,False,False,False,False,False,False,False,False,False,False,False,False,False,aoz025,0,0,0,0,0,0,112332,0,0,796,35025,0,0,0,1,0,129,1,0,0,0,0,50,50,0,0,27,0,0,-1,False,False,False,False,False,False,False,True,False,False,False,False,False,False,True,False,False,False,True,False,False,False,True,True
636,樂欲之所甌博訥修道院,,False,False,False,False,False,False,False,False,True,False,False,False,False,False,True,False,False,False,False,False,False,False,False,False,False,False,False,False,False,False,False,False,False,False,False,False,False,False,False,False,False,z3r3,0,0,0,0,288,3076,112334,0,0,826,30077,365,0,66,1,2,108,4,0,0,0,0,70,70,2,0,5,18,0,-1,False,False,False,True,True,False,True,True,False,False,False,True,True,False,True,False,False,False,True,False,False,False,True,True
637,青龍征魂戰,,False,False,False,False,False,True,False,False,True,False,False,False,False,False,False,False,False,False,False,False,False,False,False,False,False,False,False,False,False,False,False,False,False,False,False,False,False,False,False,False,False,e3fg,0,0,0,0,289,2057,112339,0,0,824,20060,365,0,138,1,2,108,3,0,0,0,0,70,70,0,0,4,21,0,-1,False,False,False,True,True,False,True,True,False,False,False,True,True,False,True,False,False,False,True,False,False,False,True,True
638,極 青龍征魂戰,,False,False,False,False,False,False,False,False,True,False,False,False,False,False,False,False,False,False,False,False,False,False,False,False,False,False,False,False,False,False,False,False,False,False,False,False,False,False,False,False,False,e3fg_2,0,0,0,0,289,2058,112340,0,0,825,20061,380,0,157,1,2,108,3,0,0,0,0,70,70,1,0,4,22,0,-1,False,False,False,True,True,False,True,True,False,False,False,True,True,False,True,False,False,False,True,False,False,False,True,True
639,禁地優雷卡 豐水之地,,False,False,False,False,False,False,False,False,False,False,False,False,False,False,False,False,False,False,False,False,False,False,False,False,False,False,False,False,False,False,False,False,False,False,False,False,False,False,False,False,False,z3fd,0,0,68149,0,291,7006,112338,0,0,827,16,0,300,0,3,2,142,19,0,0,1,0,70,70,0,0,26,0,0,-1,False,False,False,True,False,False,True,False,False,False,False,False,False,False,True,False,False,False,False,False,False,False,True,True
640,空軍裝甲駕駛員,,False,False,False,False,False,False,False,False,False,False,False,False,False,False,False,False,False,False,False,False,False,False,False,False,False,False,False,False,False,False,False,False,False,False,False,False,False,False,False,False,False,ride001,0,0,0,0,0,0,112337,0,0,832,62000,0,0,0,1,0,109,1,0,0,0,0,1,0,0,0,19,0,0,-1,False,False,False,False,False,False,True,False,False,False,False,False,False,False,True,False,False,False,False,False,False,False,True,True
641,空軍裝甲駕駛員,,False,False,False,False,False,False,False,False,False,False,False,False,False,False,False,False,False,False,False,False,False,False,False,False,False,False,False,False,False,False,False,False,False,False,False,False,False,False,False,False,False,ride002,0,0,0,0,0,0,112337,0,0,832,62001,0,0,0,1,0,109,1,0,0,0,0,1,0,0,0,19,0,0,-1,False,False,False,False,False,False,True,False,False,False,False,False,False,False,True,False,False,False,False,False,False,False,True,True
642,空軍裝甲駕駛員,,False,False,False,False,False,False,False,False,False,False,False,False,False,False,False,False,False,False,False,False,False,False,False,False,False,False,False,False,False,False,False,False,False,False,False,False,False,False,False,False,False,ride003,0,0,0,0,0,0,112337,0,0,832,62002,0,0,0,1,0,109,1,0,0,0,0,1,0,0,0,19,0,0,-1,False,False,False,False,False,False,True,False,False,False,False,False,False,False,True,False,False,False,False,False,False,False,True,True
643,多瑪方城戰：半莊戰一般桌（段位戰）,半莊戰一般桌（段位戰）,False,False,False,False,False,False,False,False,False,False,False,False,False,False,False,False,False,False,False,False,False,False,False,False,False,False,False,False,False,False,False,False,False,False,False,False,False,False,False,False,False,emj001,0,0,0,0,0,8008,112336,0,0,831,61001,0,0,48,1,0,109,11,3,1,0,0,1,0,0,0,19,29,0,-1,False,False,False,False,False,False,False,False,False,False,False,True,True,False,True,False,False,False,True,False,False,False,True,True
644,多瑪方城戰：半莊戰有段桌（段位戰）,半莊戰有段桌（段位戰）,False,False,False,False,False,False,False,False,False,False,False,False,False,False,False,False,False,False,False,False,False,False,False,False,False,False,False,False,False,False,False,False,False,False,False,False,False,False,False,False,False,emj002,0,0,0,0,0,8009,112336,0,0,831,61002,0,0,49,1,0,109,11,3,1,0,0,1,0,0,0,19,29,0,-1,False,False,False,False,False,False,False,False,False,False,False,True,True,False,True,False,False,False,True,False,False,False,True,True
645,多瑪方城戰：半莊戰4人親友桌（帶食斷）,半莊戰4人親友桌（帶食斷）,False,False,False,False,False,False,False,False,False,False,False,False,False,False,False,False,False,False,False,False,False,False,False,False,False,False,False,False,False,False,False,False,False,False,False,False,False,False,False,False,False,emj003,0,0,0,0,0,8010,112336,0,0,831,61003,0,0,50,1,0,109,11,1,0,0,0,1,0,0,0,19,29,0,-1,False,False,False,False,False,False,False,False,False,False,False,True,True,False,True,False,False,False,True,False,True,False,True,True
646,風之使者,,False,False,False,False,False,False,False,False,False,False,False,False,False,False,False,False,False,False,False,False,False,False,False,False,False,False,False,False,False,False,False,False,False,False,False,False,False,False,False,False,False,r1fa_4,0,0,0,0,0,0,0,0,0,834,5027,0,0,0,1,0,108,1,0,0,0,0,50,50,0,0,7,0,0,-1,False,False,False,False,False,False,False,True,False,False,False,False,False,False,False,False,False,False,True,False,False,False,True,True
647,,,False,False,False,False,False,False,False,False,False,False,False,False,False,False,False,False,False,False,False,False,False,False,False,False,False,False,False,False,False,False,False,False,False,False,False,False,False,False,False,False,False,e0200,0,0,0,0,0,0,0,0,0,839,184,0,0,0,5,0,108,1,0,0,0,0,0,50,0,0,0,0,0,-1,False,False,False,False,False,False,True,True,False,False,False,False,False,False,False,False,False,False,True,False,False,False,True,True
648,英雄挽歌,,False,False,False,False,False,False,False,False,False,False,False,False,False,False,False,False,False,False,False,False,False,False,False,False,False,False,False,False,False,False,False,False,False,False,False,False,False,False,False,False,False,ec011,0,0,0,0,0,0,0,0,0,830,5028,0,0,0,1,2,142,1,0,0,0,0,70,70,0,0,7,0,0,-1,False,False,False,False,False,False,False,True,False,False,False,False,False,False,False,False,False,False,True,False,False,False,True,True
649,水妖幻園多恩美格禁園,,True,False,False,False,False,False,False,False,True,False,False,False,False,False,False,False,False,False,False,False,False,False,False,False,False,False,False,False,False,False,False,False,False,False,False,False,False,False,False,False,False,n4d2,0,0,0,0,292,68,112343,0,0,821,65,375,0,74,1,3,108,2,0,0,0,0,73,74,1,0,2,31,0,-1,False,False,False,True,True,False,True,True,True,False,False,True,True,False,True,False,False,False,True,False,False,False,True,True
650,多瑪方城戰：半莊戰4人親友桌（不帶食斷）,半莊戰4人親友桌（不帶食斷）,False,False,False,False,False,False,False,False,False,False,False,False,False,False,False,False,False,False,False,False,False,False,False,False,False,False,False,False,False,False,False,False,False,False,False,False,False,False,False,False,False,emj004,0,0,0,0,0,8011,112336,0,0,831,61004,0,0,51,1,0,109,11,1,0,0,0,1,0,0,0,19,29,0,-1,False,False,False,False,False,False,False,False,False,False,False,True,True,False,True,False,False,False,True,False,True,False,True,True
651,文明古跡奇坦那神影洞,,True,False,False,False,False,False,False,False,True,False,False,False,False,False,False,False,False,False,False,False,False,False,False,False,False,False,False,False,False,False,False,False,False,False,False,False,False,False,False,False,False,n4d3,0,0,0,0,292,69,112344,0,0,823,66,380,0,75,1,3,108,2,0,0,0,0,75,76,1,0,2,31,0,-1,False,False,False,True,True,False,True,True,True,False,False,True,True,False,True,False,False,False,True,False,False,False,True,True
652,終末幻想亞馬烏羅提,,False,True,False,False,False,False,False,False,True,False,False,False,False,False,False,False,False,False,False,False,False,False,False,False,False,False,False,False,False,False,False,False,False,False,False,False,False,False,False,False,False,n4d6,0,0,0,0,292,72,112347,0,0,838,67,410,440,78,1,3,108,2,0,0,0,0,80,80,1,0,2,31,0,-1,False,False,False,True,True,False,True,True,True,False,False,True,True,False,True,False,False,False,True,False,False,False,True,True
653,伊甸希望樂園 覺醒之章1,,False,False,False,False,False,False,False,False,True,False,False,False,False,False,False,False,True,False,False,False,False,False,False,False,False,False,False,False,False,False,False,False,False,False,False,False,False,False,False,False,False,n4g1,0,0,0,0,293,3077,112350,0,0,849,30078,425,0,100,1,3,108,3,0,0,0,0,80,80,1,0,5,34,0,-1,False,False,False,True,True,False,True,True,False,False,False,True,True,False,True,False,False,False,True,False,False,False,True,True
654,伊甸零式希望樂園 覺醒之章1,,False,False,False,False,False,False,False,False,False,False,False,False,False,False,False,False,False,False,False,False,False,False,False,False,False,False,False,False,False,False,False,False,False,False,False,False,False,False,False,False,False,n4g1_2,0,0,0,0,293,3081,112351,0,0,853,30079,440,0,112,1,3,108,3,0,0,0,0,80,80,1,0,5,35,0,-1,False,False,False,True,True,False,True,True,False,False,False,True,True,False,True,False,False,False,True,False,False,False,True,True
655,異界遺構希爾科斯孿晶塔,,False,True,False,False,False,False,False,False,True,False,False,False,False,False,False,False,False,False,False,False,False,False,False,False,False,False,False,False,False,False,False,False,False,False,False,False,False,False,False,False,False,n4d7,0,0,0,0,292,73,112348,0,0,840,68,410,470,79,1,3,108,2,0,0,0,0,80,80,1,0,2,31,0,-1,False,False,False,True,True,False,True,True,True,False,False,True,True,False,True,False,False,False,True,False,False,False,True,True
656,避暑離宮馬利卡大井,,True,False,False,False,False,False,False,False,True,False,False,False,False,False,False,False,False,False,False,False,False,False,False,False,False,False,False,False,False,False,False,False,False,False,False,False,False,False,False,False,False,n4d4,0,0,0,0,292,70,112345,0,0,836,69,385,0,76,1,3,108,2,0,0,0,0,77,78,1,0,2,31,0,-1,False,False,False,True,True,False,True,True,True,False,False,True,True,False,True,False,False,False,True,False,False,False,True,True
657,緹坦妮雅殲滅戰,,False,False,False,False,False,True,False,False,True,False,False,False,False,False,False,False,False,False,False,False,False,False,False,False,False,False,False,False,False,False,False,False,False,False,False,False,False,False,False,False,False,n4fa,0,0,0,0,294,2059,112358,0,0,845,20062,0,0,160,1,3,108,3,0,0,0,0,73,74,0,0,4,32,0,-1,False,False,False,True,True,False,True,True,False,False,False,True,True,False,True,False,False,False,True,False,False,False,True,True
658,極 緹坦妮雅殲滅戰,,False,False,False,False,False,False,False,False,True,False,False,False,False,False,False,False,False,False,False,False,False,False,False,False,False,False,False,False,False,False,False,False,False,False,False,False,False,False,False,False,False,n4fa_2,0,0,0,0,294,2060,112359,0,0,858,20063,430,0,180,1,3,108,3,0,0,0,0,80,80,1,0,4,33,0,-1,False,False,False,True,True,False,True,True,False,False,False,True,True,False,True,False,False,False,True,False,False,False,True,True
659,偽造天界格魯格火山,,True,False,False,False,False,False,False,False,True,False,False,False,False,False,False,False,False,False,False,False,False,False,False,False,False,False,False,False,False,False,False,False,False,False,False,False,False,False,False,False,False,n4d5,0,0,0,0,292,71,112346,0,0,822,70,390,420,77,1,3,108,2,0,0,0,0,79,80,1,0,2,31,0,-1,False,False,False,True,True,False,True,True,True,False,False,True,True,False,True,False,False,False,True,False,False,False,True,True
660,,,False,False,False,False,False,False,False,False,False,False,False,False,False,False,False,False,False,False,False,False,False,False,False,False,False,False,False,False,False,False,False,False,False,False,False,False,False,False,False,False,False,,0,0,0,0,0,0,0,0,0,0,0,0,0,0,0,0,0,0,0,0,0,0,0,0,0,0,0,0,0,0,False,False,False,False,False,False,False,False,False,False,False,False,False,False,False,False,False,False,False,False,False,False,False,False
661,創造機構阿尼德羅學院,,False,True,False,False,False,False,False,False,True,False,False,False,False,False,False,False,False,False,False,False,False,False,False,False,False,False,False,False,False,False,False,False,False,False,False,False,False,False,False,False,False,n4d8,0,0,0,0,292,74,112349,0,0,841,71,410,470,80,1,3,108,2,0,0,0,0,80,80,1,0,2,31,0,-1,False,False,False,True,True,False,True,True,True,False,False,True,True,False,True,False,False,False,True,False,False,False,True,True
662,,,False,False,False,False,False,False,False,False,False,False,False,False,False,False,False,False,False,False,False,False,False,False,False,False,False,False,False,False,False,False,False,False,False,False,False,False,False,False,False,False,False,e0201,0,0,0,0,0,0,0,0,0,861,185,0,395,0,5,3,142,1,0,0,0,0,0,0,0,0,0,0,0,-1,False,False,False,False,False,False,True,True,False,False,False,False,False,False,False,False,False,False,True,False,False,False,True,True
663,,,False,False,False,False,False,False,False,False,False,False,False,False,False,False,False,False,False,False,False,False,False,False,False,False,False,False,False,False,False,False,False,False,False,False,False,False,False,False,False,False,False,e0202,0,0,0,0,0,0,0,0,0,862,186,0,409,0,5,3,142,1,0,0,0,0,0,0,0,0,0,0,0,-1,False,False,False,False,False,False,True,True,False,False,False,False,False,False,False,False,False,False,True,False,False,False,True,True
664,,,False,False,False,False,False,False,False,False,False,False,False,False,False,False,False,False,False,False,False,False,False,False,False,False,False,False,False,False,False,False,False,False,False,False,False,False,False,False,False,False,False,e0203,0,0,0,0,0,0,0,0,0,863,191,0,412,0,5,3,142,1,0,0,0,0,0,0,0,0,0,0,0,-1,False,False,False,False,False,False,True,True,False,False,False,False,False,False,False,False,False,False,True,False,False,False,True,True
665,,,False,False,False,False,False,False,False,False,False,False,False,False,False,False,False,False,False,False,False,False,False,False,False,False,False,False,False,False,False,False,False,False,False,False,False,False,False,False,False,False,False,e0204,0,0,0,0,0,0,0,0,0,864,192,0,415,0,5,3,142,1,0,0,0,0,0,0,0,0,0,0,0,-1,False,False,False,False,False,False,True,True,False,False,False,False,False,False,False,False,False,False,True,False,False,False,True,True
666,無瑕靈君殲滅戰,,False,False,False,False,False,True,False,False,True,False,False,False,False,False,False,False,False,False,False,False,False,False,False,False,False,False,False,False,False,False,False,False,False,False,False,False,False,False,False,False,False,n4fb,0,0,0,0,294,2061,112360,0,0,846,20064,0,420,161,1,3,108,3,0,0,0,0,79,80,0,0,4,32,0,-1,False,False,False,True,True,False,True,True,False,False,False,True,True,False,True,False,False,False,True,False,False,False,True,True
667,極 無瑕靈君殲滅戰,,False,False,False,False,False,False,False,False,True,False,False,False,False,False,False,False,False,False,False,False,False,False,False,False,False,False,False,False,False,False,False,False,False,False,False,False,False,False,False,False,False,n4fb_2,0,0,0,0,294,2062,112361,0,0,848,20065,430,0,181,1,3,108,3,0,0,0,0,80,80,1,0,4,33,0,-1,False,False,False,True,True,False,True,True,False,False,False,True,True,False,True,False,False,False,True,False,False,False,True,True
668,,,False,False,False,False,False,False,False,False,False,False,False,False,False,False,False,False,False,False,False,False,False,False,False,False,False,False,False,False,False,False,False,False,False,False,False,False,False,False,False,False,False,e0205,0,0,0,0,0,0,0,0,0,865,193,0,265,0,5,3,142,1,0,0,0,0,0,0,0,0,0,0,0,-1,False,False,False,False,False,False,True,True,False,False,False,False,False,False,False,False,False,False,True,False,False,False,True,True
669,,,False,False,False,False,False,False,False,False,False,False,False,False,False,False,False,False,False,False,False,False,False,False,False,False,False,False,False,False,False,False,False,False,False,False,False,False,False,False,False,False,False,e0206,0,0,0,0,0,0,0,0,0,866,194,0,395,0,5,3,142,1,0,0,0,0,0,0,0,0,0,0,0,-1,False,False,False,False,False,False,True,True,False,False,False,False,False,False,False,False,False,False,True,False,False,False,True,True
670,,,False,False,False,False,False,False,False,False,False,False,False,False,False,False,False,False,False,False,False,False,False,False,False,False,False,False,False,False,False,False,False,False,False,False,False,False,False,False,False,False,False,e0207,0,0,0,0,0,0,0,0,0,867,188,0,265,0,5,3,142,1,0,0,0,0,0,0,0,0,0,0,0,-1,False,False,False,False,False,False,True,True,False,False,False,False,False,False,False,False,False,False,True,False,False,False,True,True
671,,,False,False,False,False,False,False,False,False,False,False,False,False,False,False,False,False,False,False,False,False,False,False,False,False,False,False,False,False,False,False,False,False,False,False,False,False,False,False,False,False,False,e0208,0,0,0,0,0,0,0,0,0,868,189,0,395,0,5,3,142,1,0,0,0,0,0,0,0,0,0,0,0,-1,False,False,False,False,False,False,True,True,False,False,False,False,False,False,False,False,False,False,True,False,False,False,True,True
672,,,False,False,False,False,False,False,False,False,False,False,False,False,False,False,False,False,False,False,False,False,False,False,False,False,False,False,False,False,False,False,False,False,False,False,False,False,False,False,False,False,False,e0209,0,0,0,0,0,0,0,0,0,869,187,0,420,0,5,3,142,1,0,0,0,0,0,0,0,0,0,0,0,-1,False,False,False,False,False,False,True,True,False,False,False,False,False,False,False,False,False,False,True,False,False,False,True,True
673,,,False,False,False,False,False,False,False,False,False,False,False,False,False,False,False,False,False,False,False,False,False,False,False,False,False,False,False,False,False,False,False,False,False,False,False,False,False,False,False,False,False,e0210,0,0,0,0,0,0,0,0,0,870,195,0,420,0,5,3,142,1,0,0,0,0,0,0,0,0,0,0,0,-1,False,False,False,False,False,False,True,True,False,False,False,False,False,False,False,False,False,False,True,False,False,False,True,True
674,,,False,False,False,False,False,False,False,False,False,False,False,False,False,False,False,False,False,False,False,False,False,False,False,False,False,False,False,False,False,False,False,False,False,False,False,False,False,False,False,False,False,e0211,0,0,0,0,0,0,0,0,0,871,196,0,420,0,5,3,142,1,0,0,0,0,0,0,0,0,0,0,0,-1,False,False,False,False,False,False,True,True,False,False,False,False,False,False,False,False,False,False,True,False,False,False,True,True
675,,,False,False,False,False,False,False,False,False,False,False,False,False,False,False,False,False,False,False,False,False,False,False,False,False,False,False,False,False,False,False,False,False,False,False,False,False,False,False,False,False,False,e0212,0,0,0,0,0,0,0,0,0,872,190,0,420,0,5,3,142,1,0,0,0,0,0,0,0,0,0,0,0,-1,False,False,False,False,False,False,True,True,False,False,False,False,False,False,False,False,False,False,True,False,False,False,True,True
676,殺戮鄉村水灘村,,True,False,False,False,False,False,False,False,True,False,False,False,False,False,False,False,False,False,False,False,False,False,False,False,False,False,False,False,False,False,False,False,False,False,False,False,False,False,False,False,False,n4d1,0,0,0,0,292,67,112342,0,0,837,72,370,0,73,1,3,108,2,0,0,0,0,71,72,1,0,2,31,0,-1,False,False,False,True,True,False,True,True,True,False,False,True,True,False,True,False,False,False,True,False,False,False,True,True
677,,,False,False,False,False,False,False,False,False,False,False,False,False,False,False,False,False,False,False,False,False,False,False,False,False,False,False,False,False,False,False,False,False,False,False,False,False,False,False,False,False,False,,0,0,0,0,0,0,0,0,0,0,0,0,0,0,0,0,0,0,0,0,0,0,0,0,0,0,0,0,0,0,False,False,False,False,False,False,False,False,False,False,False,False,False,False,False,False,False,False,False,False,False,False,False,False
678,搖擺的天平,,False,False,False,False,False,False,False,False,False,False,False,False,False,False,False,False,False,False,False,False,False,False,False,False,False,False,False,False,False,False,False,False,False,False,False,False,False,False,False,False,False,ec014,0,0,0,0,0,0,0,0,0,873,5029,0,0,0,1,3,108,1,0,0,0,0,0,78,0,0,7,0,0,-1,False,False,False,False,False,False,True,True,False,False,False,False,False,False,False,False,False,False,True,False,False,False,True,True
679,古代大再生魔法,,False,False,False,False,False,False,False,False,False,False,False,False,False,False,False,False,False,False,False,False,False,False,False,False,False,False,False,False,False,False,False,False,False,False,False,False,False,False,False,False,False,ec015,0,0,0,0,0,0,0,0,0,874,5030,0,0,0,1,3,108,1,0,0,0,0,0,76,0,0,7,0,0,-1,False,False,False,False,False,False,True,True,False,False,False,False,False,False,False,False,False,False,True,False,False,False,True,True
680,廢都拿巴示艾蘭,,False,False,False,False,False,False,False,False,False,False,False,False,False,False,False,False,False,False,False,False,False,False,False,False,False,False,False,False,False,False,False,False,False,False,False,False,False,False,False,False,False,ec013,0,0,0,0,0,0,0,0,0,860,5031,0,0,0,1,3,108,1,0,0,0,0,0,77,0,0,7,0,0,-1,False,False,False,False,False,False,False,True,False,False,False,False,False,False,False,False,False,False,True,False,False,False,True,True
681,機關、詛咒、劇毒與……,,False,False,False,False,False,False,False,False,False,False,False,False,False,False,False,False,False,False,False,False,False,False,False,False,False,False,False,False,False,False,False,False,False,False,False,False,False,False,False,False,False,ec012,0,0,0,0,0,0,0,0,0,859,5032,0,406,0,1,3,142,1,0,0,0,0,0,75,0,0,7,0,0,-1,False,False,False,False,False,False,False,True,False,False,False,False,False,False,False,False,False,False,True,False,False,False,True,True
682,伊甸希望樂園 覺醒之章3,,False,False,False,False,False,False,False,False,True,False,False,False,False,False,False,False,True,False,False,False,False,False,False,False,False,False,False,False,False,False,False,False,False,False,False,False,False,False,False,False,False,n4g3,0,0,0,0,293,3078,112354,0,0,851,30080,425,0,102,1,3,108,3,0,0,0,0,80,80,1,0,5,34,0,-1,False,False,False,True,True,False,True,True,False,False,False,True,True,False,True,False,False,False,True,False,False,False,True,True
683,伊甸零式希望樂園 覺醒之章3,,False,False,False,False,False,False,False,False,False,False,False,False,False,False,False,False,False,False,False,False,False,False,False,False,False,False,False,False,False,False,False,False,False,False,False,False,False,False,False,False,False,n4g3_2,0,0,0,0,293,3082,112355,0,0,855,30081,450,0,114,1,3,108,3,0,0,0,0,80,80,1,0,5,35,0,-1,False,False,False,True,True,False,True,True,False,False,False,True,True,False,True,False,False,False,True,False,False,False,True,True
684,伊甸希望樂園 覺醒之章2,,False,False,False,False,False,False,False,False,True,False,False,False,False,False,False,False,True,False,False,False,False,False,False,False,False,False,False,False,False,False,False,False,False,False,False,False,False,False,False,False,False,n4g2,0,0,0,0,293,3079,112352,0,0,850,30082,425,0,101,1,3,108,3,0,0,0,0,80,80,1,0,5,34,0,-1,False,False,False,True,True,False,True,True,False,False,False,True,True,False,True,False,False,False,True,False,False,False,True,True
685,伊甸零式希望樂園 覺醒之章2,,False,False,False,False,False,False,False,False,False,False,False,False,False,False,False,False,False,False,False,False,False,False,False,False,False,False,False,False,False,False,False,False,False,False,False,False,False,False,False,False,False,n4g2_2,0,0,0,0,293,3083,112353,0,0,854,30083,445,0,113,1,3,108,3,0,0,0,0,80,80,1,0,5,35,0,-1,False,False,False,True,True,False,True,True,False,False,False,True,True,False,True,False,False,False,True,False,False,False,True,True
686,奈貝爾特的後悔,,False,False,False,False,False,False,False,False,False,False,False,False,False,False,False,False,False,False,False,False,False,False,False,False,False,False,False,False,False,False,False,False,False,False,False,False,False,False,False,False,False,ec017,0,0,0,0,0,0,0,0,0,876,5033,0,0,0,1,3,108,1,0,0,0,0,0,76,0,0,7,0,0,-1,False,False,False,False,False,False,True,True,False,False,False,False,False,False,False,False,False,False,True,False,False,False,True,True
687,黑迪斯殲滅戰,,False,False,False,False,False,True,False,False,True,False,False,False,False,False,False,False,False,False,False,False,False,False,False,False,False,False,False,False,False,False,False,False,False,False,False,False,False,False,False,False,False,n4fc,0,0,0,0,294,2063,112362,0,0,847,20066,410,0,162,1,3,108,3,0,0,0,0,80,80,0,0,4,32,0,-1,False,False,False,True,True,False,True,True,False,False,False,True,True,False,True,False,False,False,True,False,False,False,True,True
688,夢羽寶境,,False,False,False,False,False,False,False,False,False,False,False,False,False,False,False,False,False,False,False,False,False,False,False,False,False,False,False,False,False,False,False,False,False,False,False,False,False,False,False,False,False,n4c1,0,0,0,0,0,9006,0,0,0,879,55006,0,505,0,1,3,108,3,0,0,0,0,1,80,0,0,9,0,0,-1,False,False,False,True,False,False,False,True,False,False,False,False,False,False,False,False,True,False,True,False,False,False,True,True
689,伊甸希望樂園 覺醒之章4,,False,False,False,False,False,False,False,False,True,False,False,False,False,False,False,False,True,False,False,False,False,False,False,False,False,False,False,False,False,False,False,False,False,False,False,False,False,False,False,False,False,n4g4,0,0,0,0,293,3080,112356,0,0,852,30084,425,0,103,1,3,108,3,0,0,0,0,80,80,1,0,5,34,0,-1,False,False,False,True,True,False,True,True,False,False,False,True,True,False,True,False,False,False,True,False,False,False,True,True
690,伊甸零式希望樂園 覺醒之章4,,False,False,False,False,False,False,False,False,False,False,False,False,False,False,False,False,False,False,False,False,False,False,False,False,False,False,False,False,False,False,False,False,False,False,False,False,False,False,False,False,False,n4g4_2,0,0,0,0,293,3084,112357,0,0,856,30085,450,0,115,1,3,108,3,0,0,0,0,80,80,1,0,5,35,0,-1,False,False,False,True,True,False,True,True,False,False,False,True,True,False,True,False,False,False,True,False,False,False,True,True
691,勇敢的獵人,,False,False,False,False,False,False,False,False,False,False,False,False,False,False,False,False,False,False,False,False,False,False,False,False,False,False,False,False,False,False,False,False,False,False,False,False,False,False,False,False,False,ec016,0,0,0,0,0,0,0,0,0,875,5034,0,0,0,1,3,142,1,0,0,0,0,0,76,0,0,7,0,0,-1,False,False,False,False,False,False,False,True,False,False,False,False,False,False,False,False,False,False,True,False,False,False,True,True
692,魔法宮殿宇宙宮,,False,True,False,False,False,False,False,False,True,False,False,False,False,False,False,False,False,False,False,False,False,False,False,False,False,False,False,False,False,False,False,False,False,False,False,False,False,False,False,False,False,n4d9,0,0,0,0,292,78,112373,0,0,884,73,430,470,81,1,3,108,2,0,0,0,0,80,80,1,0,2,31,0,-1,False,False,False,True,True,False,True,True,True,False,False,True,True,False,True,False,False,False,True,False,False,False,True,True
693,極 黑迪斯殲滅戰,,False,False,False,False,False,False,False,False,True,False,False,False,False,False,False,False,False,False,False,False,False,False,False,False,False,False,False,False,False,False,False,False,False,False,False,False,False,False,False,False,False,n4fd,0,0,0,0,294,2064,112372,0,0,885,20067,450,0,183,1,3,108,3,0,0,0,0,80,80,1,0,4,33,0,-1,False,False,False,True,True,False,True,True,False,False,False,True,True,False,True,False,False,False,True,False,False,False,True,True
694,絕 亞歷山大殲滅戰,,False,False,False,False,False,False,False,False,False,False,False,False,False,False,False,False,False,False,False,False,False,False,False,False,False,False,False,False,False,False,False,False,False,False,False,False,False,False,False,False,False,d2az,0,0,0,0,293,3086,112374,0,0,887,30086,0,475,1003,1,3,142,3,1,0,0,0,80,80,0,3,28,0,0,-1,False,False,False,False,False,False,False,False,False,False,False,True,False,True,True,False,False,False,True,False,False,False,True,True
695,強大的父親——馮巴巴之父,,False,False,False,False,False,False,False,False,False,False,False,False,False,False,False,False,False,False,False,False,False,False,False,False,False,False,False,False,False,False,False,False,False,False,False,False,False,False,False,False,False,aoz026,0,0,69272,0,0,0,112332,0,0,796,35026,0,0,0,1,1,129,1,0,0,1,0,60,60,0,0,27,0,0,-1,False,False,False,False,False,False,False,True,False,False,False,False,False,False,True,False,False,False,True,False,False,False,True,True
696,鼻息爆破死鬥,,False,False,False,False,False,False,False,False,False,False,False,False,False,False,False,False,False,False,False,False,False,False,False,False,False,False,False,False,False,False,False,False,False,False,False,False,False,False,False,False,False,aoz027,0,0,69272,0,0,0,112332,0,0,796,35027,0,0,0,1,1,129,1,0,0,1,0,60,60,0,0,27,0,0,-1,False,False,False,False,False,False,False,True,False,False,False,False,False,False,True,False,False,False,True,False,False,False,True,True
697,絕妙傀儡師——都靈,,False,False,False,False,False,False,False,False,False,False,False,False,False,False,False,False,False,False,False,False,False,False,False,False,False,False,False,False,False,False,False,False,False,False,False,False,False,False,False,False,False,aoz028,0,0,69272,0,0,0,112332,0,0,796,35028,0,0,0,1,1,129,1,0,0,1,0,60,60,0,0,27,0,0,-1,False,False,False,False,False,False,False,True,False,False,False,False,False,False,True,False,False,False,True,False,False,False,True,True
698,水與火之歌,,False,False,False,False,False,False,False,False,False,False,False,False,False,False,False,False,False,False,False,False,False,False,False,False,False,False,False,False,False,False,False,False,False,False,False,False,False,False,False,False,False,aoz029,0,0,69272,0,0,0,112332,0,0,796,35029,0,0,0,1,1,129,1,0,0,1,0,60,60,0,0,27,0,0,-1,False,False,False,False,False,False,False,True,False,False,False,False,False,False,True,False,False,False,True,False,False,False,True,True
699,世界第一劍士——齊格弗里德,,False,False,False,False,False,False,False,False,False,False,False,False,False,False,False,False,False,False,False,False,False,False,False,False,False,False,False,False,False,False,False,False,False,False,False,False,False,False,False,False,False,aoz030,0,0,69272,0,0,0,112332,0,0,796,35030,0,0,0,1,1,129,1,0,0,1,0,60,60,0,0,27,0,0,-1,False,False,False,False,False,False,False,True,False,False,False,False,False,False,True,False,False,False,True,False,False,False,True,True
700,複製工廠廢墟,,False,False,False,False,False,False,False,False,True,False,False,False,False,False,True,False,False,False,False,False,False,False,False,False,False,False,False,False,False,False,False,False,False,False,False,False,False,False,False,False,False,n4r1,0,0,0,0,293,3085,112375,0,0,882,30087,435,0,95,1,3,108,4,0,0,0,0,80,80,2,0,5,36,0,-1,False,False,False,True,True,False,True,True,False,False,False,True,True,False,True,False,False,False,True,False,False,False,True,True
701,昂薩哈凱爾（競爭戰）,,False,False,False,False,False,False,True,False,False,False,False,False,False,False,False,False,False,False,False,False,False,False,False,False,False,False,False,False,False,False,False,False,False,False,False,False,False,False,False,False,False,e3p1,0,6,0,0,0,4033,112376,0,0,888,50006,0,0,303,1,0,146,7,3,4,0,0,30,0,0,0,6,3,0,-1,True,True,False,False,False,False,True,False,False,False,False,True,True,False,True,False,False,False,True,False,True,False,True,True
702,純白誓約、漆黑密約,,False,False,False,False,False,False,False,False,False,False,False,False,False,False,False,False,False,False,False,False,False,False,False,False,False,False,False,False,False,False,False,False,False,False,False,False,False,False,False,False,False,ec018,0,0,0,0,0,0,0,0,0,893,5035,0,0,0,1,3,142,1,0,0,0,0,80,80,0,0,7,0,0,-1,False,False,False,False,False,False,False,True,False,False,False,False,False,False,False,False,False,False,True,False,False,False,True,True
703,我心依舊,,False,False,False,False,False,False,False,False,False,False,False,False,False,False,False,False,False,False,False,False,False,False,False,False,False,False,False,False,False,False,False,False,False,False,False,False,False,False,False,False,False,ec019,0,0,0,0,0,0,0,0,0,894,5036,0,395,0,1,3,142,1,0,0,0,0,70,70,0,0,7,0,0,-1,False,False,False,False,False,False,False,True,False,False,False,False,False,False,False,False,False,False,True,False,False,False,True,True
704,,,False,False,False,False,False,False,False,False,False,False,False,False,False,False,False,False,False,False,False,False,False,False,False,False,False,False,False,False,False,False,False,False,False,False,False,False,False,False,False,False,False,,0,0,0,0,0,0,0,0,0,0,0,0,0,0,0,0,0,0,0,0,0,0,0,0,0,0,0,0,0,0,False,False,False,False,False,False,False,False,False,False,False,False,False,False,False,False,False,False,False,False,False,False,False,False
705,登高跳跳樂大挑戰,,False,False,False,False,False,False,False,False,False,False,False,False,False,False,False,False,False,False,False,False,False,False,False,False,False,False,False,False,False,False,False,False,False,False,False,False,False,False,False,False,False,climb2_010,0,0,0,0,0,8012,112382,0,0,899,17,0,0,0,3,0,109,19,0,0,0,0,1,0,0,0,19,0,0,-1,False,False,False,True,False,False,True,False,False,False,False,False,False,False,True,False,False,False,False,False,False,False,True,True
706,登高跳跳樂大挑戰,,False,False,False,False,False,False,False,False,False,False,False,False,False,False,False,False,False,False,False,False,False,False,False,False,False,False,False,False,False,False,False,False,False,False,False,False,False,False,False,False,False,climb2_011,0,0,0,0,0,8012,112382,0,0,899,18,0,0,0,3,0,109,19,0,0,0,0,1,0,0,0,19,0,0,-1,False,False,False,True,False,False,True,False,False,False,False,False,False,False,True,False,False,False,False,False,False,False,True,True
707,登高跳跳樂大挑戰,,False,False,False,False,False,False,False,False,False,False,False,False,False,False,False,False,False,False,False,False,False,False,False,False,False,False,False,False,False,False,False,False,False,False,False,False,False,False,False,False,False,climb2_012,0,0,0,0,0,8012,112382,0,0,899,19,0,0,0,3,0,109,19,0,0,0,0,1,0,0,0,19,0,0,-1,False,False,False,True,False,False,True,False,False,False,False,False,False,False,True,False,False,False,False,False,False,False,True,True
708,登高跳跳樂大挑戰,,False,False,False,False,False,False,False,False,False,False,False,False,False,False,False,False,False,False,False,False,False,False,False,False,False,False,False,False,False,False,False,False,False,False,False,False,False,False,False,False,False,climb2_013,0,0,0,0,0,8012,112382,0,0,899,20,0,0,0,3,0,109,19,0,0,0,0,1,0,0,0,19,0,0,-1,False,False,False,True,False,False,True,False,False,False,False,False,False,False,True,False,False,False,False,False,False,False,True,True
709,登高跳跳樂大挑戰,,False,False,False,False,False,False,False,False,False,False,False,False,False,False,False,False,False,False,False,False,False,False,False,False,False,False,False,False,False,False,False,False,False,False,False,False,False,False,False,False,False,climb2_014,0,0,0,0,0,8012,112382,0,0,899,21,0,0,0,3,0,109,19,0,0,0,0,1,0,0,0,19,0,0,-1,False,False,False,True,False,False,True,False,False,False,False,False,False,False,True,False,False,False,False,False,False,False,True,True
710,登高跳跳樂大挑戰,,False,False,False,False,False,False,False,False,False,False,False,False,False,False,False,False,False,False,False,False,False,False,False,False,False,False,False,False,False,False,False,False,False,False,False,False,False,False,False,False,False,climb2_015,0,0,0,0,0,8012,112382,0,0,899,22,0,0,0,3,0,109,19,0,0,0,0,1,0,0,0,19,0,0,-1,False,False,False,True,False,False,True,False,False,False,False,False,False,False,True,False,False,False,False,False,False,False,True,True
711,登高跳跳樂大挑戰,,False,False,False,False,False,False,False,False,False,False,False,False,False,False,False,False,False,False,False,False,False,False,False,False,False,False,False,False,False,False,False,False,False,False,False,False,False,False,False,False,False,climb2_016,0,0,0,0,0,8012,112382,0,0,899,23,0,0,0,3,0,109,19,0,0,0,0,1,0,0,0,19,0,0,-1,False,False,False,True,False,False,True,False,False,False,False,False,False,False,True,False,False,False,False,False,False,False,True,True
712,登高跳跳樂大挑戰,,False,False,False,False,False,False,False,False,False,False,False,False,False,False,False,False,False,False,False,False,False,False,False,False,False,False,False,False,False,False,False,False,False,False,False,False,False,False,False,False,False,climb2_017,0,0,0,0,0,8012,112382,0,0,899,24,0,0,0,3,0,109,19,0,0,0,0,1,0,0,0,19,0,0,-1,False,False,False,True,False,False,True,False,False,False,False,False,False,False,True,False,False,False,False,False,False,False,True,True
713,登高跳跳樂大挑戰,,False,False,False,False,False,False,False,False,False,False,False,False,False,False,False,False,False,False,False,False,False,False,False,False,False,False,False,False,False,False,False,False,False,False,False,False,False,False,False,False,False,climb2_018,0,0,0,0,0,8012,112382,0,0,899,25,0,0,0,3,0,109,19,0,0,0,0,1,0,0,0,19,0,0,-1,False,False,False,True,False,False,True,False,False,False,False,False,False,False,True,False,False,False,False,False,False,False,True,True
714,黑風海底阿尼德羅追憶館,,False,True,False,False,False,False,False,False,True,False,False,False,False,False,False,False,False,False,False,False,False,False,False,False,False,False,False,False,False,False,False,False,False,False,False,False,False,False,False,False,False,n4da,0,0,0,0,292,79,112378,0,0,898,74,440,500,83,1,3,108,2,0,0,0,0,80,80,1,0,2,31,0,-1,False,False,False,True,True,False,True,True,True,False,False,True,True,False,True,False,False,False,True,False,False,False,True,True
715,伊甸希望樂園 共鳴之章1,,False,False,False,False,False,False,False,False,True,False,False,False,False,False,False,False,True,False,False,False,False,False,False,False,False,False,False,False,False,False,False,False,False,False,False,False,False,False,False,False,False,n4g5,0,0,0,0,293,3087,112385,0,0,902,30088,455,0,104,1,3,108,3,0,0,0,0,80,80,1,0,5,34,0,-1,False,False,False,True,True,False,True,True,False,False,False,True,True,False,True,False,False,False,True,False,False,False,True,True
716,伊甸零式希望樂園 共鳴之章1,,False,False,False,False,False,False,False,False,False,False,False,False,False,False,False,False,False,False,False,False,False,False,False,False,False,False,False,False,False,False,False,False,False,False,False,False,False,False,False,False,False,n4g5_2,0,0,0,0,293,3091,112386,0,0,906,30089,470,0,116,1,3,108,3,0,0,0,0,80,80,1,0,5,35,0,-1,False,False,False,True,True,False,True,True,False,False,False,True,True,False,True,False,False,False,True,False,False,False,True,True
717,紅寶石武器破壞作戰,,False,False,False,False,False,True,False,False,True,False,False,False,False,False,False,False,False,False,False,False,False,False,False,False,False,False,False,False,False,False,False,False,False,False,False,False,False,False,False,False,False,n4fe,0,0,0,0,294,2065,112379,0,0,897,20068,455,0,163,1,3,108,3,0,0,0,0,80,80,0,0,4,32,0,-1,False,False,False,True,True,False,True,True,False,False,False,True,True,False,True,False,False,False,True,False,False,False,True,True
718,極 紅寶石武器破壞作戰,,False,False,False,False,False,False,False,False,True,False,False,False,False,False,False,False,False,False,False,False,False,False,False,False,False,False,False,False,False,False,False,False,False,False,False,False,False,False,False,False,False,n4fe_2,0,0,0,0,294,2066,112380,0,0,912,20069,470,0,184,1,3,108,3,0,0,0,0,80,80,1,0,4,33,0,-1,False,False,False,True,True,False,True,True,False,False,False,True,True,False,True,False,False,False,True,False,False,False,True,True
719,伊甸希望樂園 共鳴之章2,,False,False,False,False,False,False,False,False,True,False,False,False,False,False,False,False,True,False,False,False,False,False,False,False,False,False,False,False,False,False,False,False,False,False,False,False,False,False,False,False,False,n4g6,0,0,0,0,293,3088,112387,0,0,903,30090,455,0,105,1,3,108,3,0,0,0,0,80,80,1,0,5,34,0,-1,False,False,False,True,True,False,True,True,False,False,False,True,True,False,True,False,False,False,True,False,False,False,True,True
720,伊甸零式希望樂園 共鳴之章2,,False,False,False,False,False,False,False,False,False,False,False,False,False,False,False,False,False,False,False,False,False,False,False,False,False,False,False,False,False,False,False,False,False,False,False,False,False,False,False,False,False,n4g6_2,0,0,0,0,293,3092,112388,0,0,907,30091,475,0,117,1,3,108,3,0,0,0,0,80,80,1,0,5,35,0,-1,False,False,False,True,True,False,True,True,False,False,False,True,True,False,True,False,False,False,True,False,False,False,True,True
721,出海垂釣,,False,False,False,False,False,False,False,False,False,False,False,False,False,False,False,False,False,False,False,False,False,False,False,False,False,False,False,False,False,False,False,False,False,False,False,False,False,False,False,False,False,ikd001,0,5,69379,0,0,6009,112383,0,0,900,63000,0,0,0,1,0,19,25,0,0,1,0,1,0,0,0,16,0,0,-1,False,False,False,True,False,False,False,False,False,False,False,False,False,False,True,False,False,False,True,False,False,True,True,True
722,天上福地雲冠群島,,False,False,False,False,False,False,False,False,False,False,False,False,False,False,False,False,False,False,False,False,False,False,False,False,False,False,False,False,False,False,False,False,False,False,False,False,False,False,False,False,False,a2fx,0,0,69208,0,0,6008,112384,0,0,901,26,0,0,0,3,1,32,19,0,0,1,0,10,0,0,0,16,0,0,-1,False,False,False,True,False,False,True,False,False,False,False,False,False,False,True,False,False,False,False,False,False,False,True,True
723,博茲雅堡壘蒸發事件,,False,False,False,False,False,False,False,False,False,False,False,False,False,False,False,False,False,False,False,False,False,False,False,False,False,False,False,False,False,False,False,False,False,False,False,False,False,False,False,False,False,ec020,0,0,0,0,0,0,0,0,0,911,5037,0,0,0,1,3,142,1,0,0,0,0,80,80,0,0,7,0,0,-1,False,False,False,False,False,False,False,True,False,False,False,False,False,False,False,False,False,False,True,False,False,False,True,True
724,英雄無法安息,,False,False,False,False,False,False,False,False,False,False,False,False,False,False,False,False,False,False,False,False,False,False,False,False,False,False,False,False,False,False,False,False,False,False,False,False,False,False,False,False,False,ec021,0,0,0,0,0,0,0,0,0,914,5038,0,0,0,1,3,142,1,0,0,0,0,80,80,0,0,7,0,0,-1,False,False,False,False,False,False,False,True,False,False,False,False,False,False,False,False,False,False,True,False,False,False,True,True
725,極 博茲雅堡壘追憶戰,,False,False,False,False,False,False,False,False,True,False,False,False,False,False,False,False,False,False,False,False,False,False,False,False,False,False,False,False,False,False,False,False,False,False,False,False,False,False,False,False,False,n4b2,0,0,0,0,294,2067,112381,0,0,913,20070,470,0,185,1,3,142,3,0,0,0,0,80,80,1,0,4,33,0,-1,False,False,False,True,True,False,True,True,False,False,False,True,True,False,True,False,False,False,True,False,False,False,True,True
726,伊甸希望樂園 共鳴之章3,,False,False,False,False,False,False,False,False,True,False,False,False,False,False,False,False,True,False,False,False,False,False,False,False,False,False,False,False,False,False,False,False,False,False,False,False,False,False,False,False,False,n4g7,0,0,0,0,293,3089,112389,0,0,904,30092,455,0,106,1,3,108,3,0,0,0,0,80,80,1,0,5,34,0,-1,False,False,False,True,True,False,True,True,False,False,False,True,True,False,True,False,False,False,True,False,False,False,True,True
727,伊甸零式希望樂園 共鳴之章3,,False,False,False,False,False,False,False,False,False,False,False,False,False,False,False,False,False,False,False,False,False,False,False,False,False,False,False,False,False,False,False,False,False,False,False,False,False,False,False,False,False,n4g7_2,0,0,0,0,293,3093,112390,0,0,908,30093,480,0,118,1,3,108,3,0,0,0,0,80,80,1,0,5,35,0,-1,False,False,False,True,True,False,True,True,False,False,False,True,True,False,True,False,False,False,True,False,False,False,True,True
728,伊甸希望樂園 共鳴之章4,,False,False,False,False,False,False,False,False,True,False,False,False,False,False,False,False,True,False,False,False,False,False,False,False,False,False,False,False,False,False,False,False,False,False,False,False,False,False,False,False,False,n4g8,0,0,0,0,293,3090,112391,0,0,905,30094,455,0,107,1,3,108,3,0,0,0,0,80,80,1,0,5,34,0,-1,False,False,False,True,True,False,True,True,False,False,False,True,True,False,True,False,False,False,True,False,False,False,True,True
729,伊甸零式希望樂園 共鳴之章4,,False,False,False,False,False,False,False,False,False,False,False,False,False,False,False,False,False,False,False,False,False,False,False,False,False,False,False,False,False,False,False,False,False,False,False,False,False,False,False,False,False,n4g8_2,0,0,0,0,293,3094,112392,0,0,909,30095,480,0,119,1,3,108,3,0,0,0,0,80,80,1,0,5,35,0,-1,False,False,False,True,True,False,True,True,False,False,False,True,True,False,True,False,False,False,True,False,False,False,True,True
730,出海垂釣,,False,False,False,False,False,False,False,False,False,False,False,False,False,False,False,False,False,False,False,False,False,False,False,False,False,False,False,False,False,False,False,False,False,False,False,False,False,False,False,False,False,ikd002,0,5,69379,0,0,6009,112383,0,0,900,63001,0,0,0,1,0,19,25,0,0,1,0,1,0,0,0,16,0,0,-1,False,False,False,True,False,False,False,False,False,False,False,False,False,False,True,False,False,False,True,False,False,True,True,True
731,出海垂釣,,False,False,False,False,False,False,False,False,False,False,False,False,False,False,False,False,False,False,False,False,False,False,False,False,False,False,False,False,False,False,False,False,False,False,False,False,False,False,False,False,False,ikd003,0,5,69379,0,0,6009,112383,0,0,900,63002,0,0,0,1,0,19,25,0,0,1,0,1,0,0,0,16,0,0,-1,False,False,False,True,False,False,False,False,False,False,False,False,False,False,True,False,False,False,True,False,False,True,True,True
732,出海垂釣,,False,False,False,False,False,False,False,False,False,False,False,False,False,False,False,False,False,False,False,False,False,False,False,False,False,False,False,False,False,False,False,False,False,False,False,False,False,False,False,False,False,ikd004,0,5,69379,0,0,6009,112383,0,0,900,63003,0,0,0,1,0,19,25,0,0,1,0,1,0,0,0,16,0,0,-1,False,False,False,True,False,False,False,False,False,False,False,False,False,False,True,False,False,False,True,False,False,True,True,True
733,出海垂釣,,False,False,False,False,False,False,False,False,False,False,False,False,False,False,False,False,False,False,False,False,False,False,False,False,False,False,False,False,False,False,False,False,False,False,False,False,False,False,False,False,False,ikd005,0,5,69379,0,0,6009,112383,0,0,900,63004,0,0,0,1,0,19,25,0,0,1,0,1,0,0,0,16,0,0,-1,False,False,False,True,False,False,False,False,False,False,False,False,False,False,True,False,False,False,True,False,False,True,True,True
734,出海垂釣,,False,False,False,False,False,False,False,False,False,False,False,False,False,False,False,False,False,False,False,False,False,False,False,False,False,False,False,False,False,False,False,False,False,False,False,False,False,False,False,False,False,ikd006,0,5,69379,0,0,6009,112383,0,0,900,63005,0,0,0,1,0,19,25,0,0,1,0,1,0,0,0,16,0,0,-1,False,False,False,True,False,False,False,False,False,False,False,False,False,False,True,False,False,False,True,False,False,True,True,True
735,南方博茲雅戰線,,False,False,False,False,False,False,False,False,False,False,False,False,False,False,False,False,False,False,False,False,False,False,False,False,False,False,False,False,False,False,False,False,False,False,False,False,False,False,False,False,False,n4b4,0,0,0,0,295,7007,112401,0,0,920,27,0,430,0,3,3,142,12,0,0,0,0,71,80,0,0,29,0,0,-1,False,False,True,True,False,False,True,False,False,False,False,False,False,False,True,False,False,False,False,False,False,False,True,True
736,人偶軍事基地,,False,False,False,False,False,False,False,False,True,False,False,False,False,False,True,False,False,False,False,False,False,False,False,False,False,False,False,False,False,False,False,False,False,False,False,False,False,False,False,False,False,n4r2,0,0,0,0,293,3095,112400,0,0,917,30096,465,0,96,1,3,108,4,0,0,0,0,80,80,2,0,5,36,0,-1,False,False,False,True,True,False,True,True,False,False,False,True,True,False,True,False,False,False,True,False,False,False,True,True
737,漆黑決戰諾弗蘭特,,False,True,False,False,False,False,False,False,True,False,False,False,False,False,False,False,False,False,False,False,False,False,False,False,False,False,False,False,False,False,False,False,False,False,False,False,False,False,False,False,False,n4db,0,0,0,0,292,80,112399,0,0,916,75,460,500,84,1,3,108,2,0,0,0,0,80,80,1,0,2,31,0,-1,False,False,False,True,True,False,True,True,True,False,False,True,True,False,True,False,False,False,True,False,False,False,True,True
738,光之戰士殲滅戰,,False,False,False,False,False,True,False,False,True,False,False,False,False,False,False,False,False,False,False,False,False,False,False,False,False,False,False,False,False,False,False,False,False,False,False,False,False,False,False,False,False,n4ff,0,0,0,0,294,2068,112402,0,0,922,20071,465,0,164,1,3,108,3,0,0,0,0,80,80,0,0,4,32,0,-1,False,False,False,True,True,False,True,True,False,False,False,True,True,False,True,False,False,False,True,False,False,False,True,True
739,極 光之戰士殲滅戰,,False,False,False,False,False,False,False,False,True,False,False,False,False,False,False,False,False,False,False,False,False,False,False,False,False,False,False,False,False,False,False,False,False,False,False,False,False,False,False,False,False,n4ff_2,0,0,0,0,294,2069,112403,0,0,923,20072,480,0,186,1,3,108,3,0,0,0,0,80,80,1,0,4,33,0,-1,False,False,False,True,True,False,True,True,False,False,False,True,True,False,True,False,False,False,True,False,False,False,True,True
740,飛翔吧，前往維爾利特！,,False,False,False,False,False,False,False,False,False,False,False,False,False,False,False,False,False,False,False,False,False,False,False,False,False,False,False,False,False,False,False,False,False,False,False,False,False,False,False,False,False,ec022,0,0,0,0,0,0,0,0,0,925,5039,0,0,0,1,3,142,1,0,0,0,0,80,80,0,0,7,0,0,-1,False,False,False,False,False,False,False,True,False,False,False,False,False,False,False,False,False,False,True,False,False,False,True,True
741,飛翔吧，前往維爾利特！,,False,False,False,False,False,False,False,False,False,False,False,False,False,False,False,False,False,False,False,False,False,False,False,False,False,False,False,False,False,False,False,False,False,False,False,False,False,False,False,False,False,ec023,0,0,0,0,0,0,0,0,0,926,5040,0,0,0,1,3,142,1,0,0,0,0,80,80,0,0,7,0,0,-1,False,False,False,False,False,False,False,True,False,False,False,False,False,False,False,False,False,False,True,False,False,False,True,True
742,天上福地雲冠群島,,False,False,False,False,False,False,False,False,False,False,False,False,False,False,False,False,False,False,False,False,False,False,False,False,False,False,False,False,False,False,False,False,False,False,False,False,False,False,False,False,False,a2fx_2,0,0,0,0,0,6008,112384,0,0,929,28,0,0,0,3,1,32,19,0,0,0,0,10,0,0,0,16,0,0,-1,False,False,False,True,False,False,True,False,False,False,False,False,False,False,True,False,False,False,False,False,False,False,True,True
743,褪色的記憶,,False,False,False,False,False,False,False,False,False,False,False,False,False,False,False,False,False,False,False,False,False,False,False,False,False,False,False,False,False,False,False,False,False,False,False,False,False,False,False,False,False,ec024,0,0,0,0,0,0,0,0,0,932,5041,0,490,0,1,3,142,1,0,0,0,0,80,80,0,0,7,0,0,-1,False,False,False,False,False,False,False,True,False,False,False,False,False,False,False,False,False,False,True,False,False,False,True,True
744,,,False,False,False,False,False,False,False,False,False,False,False,False,False,False,False,False,False,False,False,False,False,False,False,False,False,False,False,False,False,False,False,False,False,False,False,False,False,False,False,False,False,,0,0,0,0,0,0,0,0,0,0,0,0,0,0,0,0,0,0,0,0,0,0,0,0,0,0,0,0,0,0,False,False,False,False,False,False,False,False,False,False,False,False,False,False,False,False,False,False,False,False,False,False,False,False
745,夢羽寶殿,,False,False,False,False,False,False,False,False,False,False,False,False,False,False,False,False,False,False,False,False,False,False,False,False,False,False,False,False,False,False,False,False,False,False,False,False,False,False,False,False,False,n4c2,0,0,0,0,0,9008,0,0,0,924,55008,0,505,0,1,3,108,3,0,0,0,0,1,80,0,0,9,0,0,-1,False,False,False,True,False,False,False,True,False,False,False,False,False,False,False,False,True,False,True,False,False,False,True,True
746,魔術工坊瑪托雅工作室,,False,True,False,False,False,False,False,False,True,False,False,False,False,False,False,False,False,False,False,False,False,False,False,False,False,False,False,False,False,False,False,False,False,False,False,False,False,False,False,False,False,d4d1,0,0,0,0,292,81,112406,0,0,933,76,470,0,85,1,3,108,2,0,0,0,0,80,80,1,0,2,31,0,-1,False,False,False,True,True,False,True,True,True,False,False,True,True,False,True,False,False,False,True,False,False,False,True,True
747,伊甸希望樂園 再生之章2,,False,False,False,False,False,False,False,False,True,False,False,False,False,False,False,False,True,False,False,False,False,False,False,False,False,False,False,False,False,False,False,False,False,False,False,False,False,False,False,False,False,n4ga,0,0,0,0,293,3098,112409,0,0,943,30099,485,0,109,1,3,108,3,0,0,0,0,80,80,1,0,5,34,0,-1,False,False,False,True,True,False,True,True,False,False,False,True,True,False,True,False,False,False,True,False,False,False,True,True
748,伊甸零式希望樂園 再生之章2,,False,False,False,False,False,False,False,False,False,False,False,False,False,False,False,False,False,False,False,False,False,False,False,False,False,False,False,False,False,False,False,False,False,False,False,False,False,False,False,False,False,n4ga_2,0,0,0,0,293,3101,112410,0,0,947,30100,505,0,121,1,3,108,3,0,0,0,0,80,80,1,0,5,35,0,-1,False,False,False,True,True,False,True,True,False,False,False,True,True,False,True,False,False,False,True,False,False,False,True,True
749,伊甸希望樂園 再生之章1,,False,False,False,False,False,False,False,False,True,False,False,False,False,False,False,False,True,False,False,False,False,False,False,False,False,False,False,False,False,False,False,False,False,False,False,False,False,False,False,False,False,n4g9,0,0,0,0,293,3096,112407,0,0,942,30097,485,0,108,1,3,108,3,0,0,0,0,80,80,1,0,5,34,0,-1,False,False,False,True,True,False,True,True,False,False,False,True,True,False,True,False,False,False,True,False,False,False,True,True
750,伊甸零式希望樂園 再生之章1,,False,False,False,False,False,False,False,False,False,False,False,False,False,False,False,False,False,False,False,False,False,False,False,False,False,False,False,False,False,False,False,False,False,False,False,False,False,False,False,False,False,n4g9_2,0,0,0,0,293,3100,112408,0,0,946,30098,500,0,120,1,3,108,3,0,0,0,0,80,80,1,0,5,35,0,-1,False,False,False,True,True,False,True,True,False,False,False,True,True,False,True,False,False,False,True,False,False,False,True,True
751,伊甸希望樂園 再生之章3,,False,False,False,False,False,False,False,False,True,False,False,False,False,False,False,False,True,False,False,False,False,False,False,False,False,False,False,False,False,False,False,False,False,False,False,False,False,False,False,False,False,n4gb,0,0,0,0,293,3097,112411,0,0,944,30101,485,0,110,1,3,108,3,0,0,0,0,80,80,1,0,5,34,0,-1,False,False,False,True,True,False,True,True,False,False,False,True,True,False,True,False,False,False,True,False,False,False,True,True
752,伊甸零式希望樂園 再生之章3,,False,False,False,False,False,False,False,False,False,False,False,False,False,False,False,False,False,False,False,False,False,False,False,False,False,False,False,False,False,False,False,False,False,False,False,False,False,False,False,False,False,n4gb_2,0,0,0,0,293,3102,112412,0,0,948,30102,510,0,122,1,3,108,3,0,0,0,0,80,80,1,0,5,35,0,-1,False,False,False,True,True,False,True,True,False,False,False,True,True,False,True,False,False,False,True,False,False,False,True,True
753,天上福地雲冠群島,,False,False,False,False,False,False,False,False,False,False,False,False,False,False,False,False,False,False,False,False,False,False,False,False,False,False,False,False,False,False,False,False,False,False,False,False,False,False,False,False,False,a2fx_3,0,0,0,0,0,6008,112384,0,0,939,29,0,0,0,3,1,32,19,0,0,0,0,10,0,0,0,16,0,0,-1,False,False,False,True,False,False,True,False,False,False,False,False,False,False,True,False,False,False,False,False,False,False,True,True
754,黃金頭巾——模仿師格格,,False,False,False,False,False,False,False,False,False,False,False,False,False,False,False,False,False,False,False,False,False,False,False,False,False,False,False,False,False,False,False,False,False,False,False,False,False,False,False,False,False,aoz031,0,0,69529,0,0,0,112332,0,0,796,35031,0,0,0,1,2,129,1,0,0,1,0,70,70,0,0,27,0,0,-1,False,False,False,False,False,False,False,True,False,False,False,False,False,False,True,False,False,False,True,False,False,False,True,True
755,九宮幻卡：官方錦標賽,,False,False,False,False,False,False,False,False,False,False,False,False,False,False,False,False,False,False,False,False,False,False,False,False,False,False,False,False,False,False,False,False,False,False,False,False,False,False,False,False,False,w1ee_2,0,7,0,0,0,8013,112415,0,0,940,26001,0,0,0,1,0,109,13,3,1,0,0,1,0,0,0,19,4,0,-1,False,False,False,False,False,False,False,False,False,False,False,False,False,False,True,False,False,False,True,False,False,True,True,True
756,九宮幻卡：錦標賽對局室,錦標賽對局室,False,False,False,False,False,False,False,False,False,False,False,False,False,False,False,False,False,False,False,False,False,False,False,False,False,False,False,False,False,False,False,False,False,False,False,False,False,False,False,False,False,w1ee_3,0,0,69566,0,0,8014,112416,0,0,941,26002,0,0,2,1,0,109,13,0,0,1,0,1,0,0,0,19,4,0,-1,False,False,False,False,False,False,False,False,False,False,False,True,True,False,True,False,False,False,True,False,False,True,True,True
757,,,False,False,False,False,False,False,False,False,False,False,False,False,False,False,False,False,False,False,False,False,False,False,False,False,False,False,False,False,False,False,False,False,False,False,False,False,False,False,False,False,False,,0,0,0,0,0,0,0,0,0,0,0,0,0,0,0,0,0,0,0,0,0,0,0,0,0,0,0,0,0,0,False,False,False,False,False,False,False,False,False,False,False,False,False,False,False,False,False,False,False,False,False,False,False,False
758,伊甸希望樂園 再生之章4,,False,False,False,False,False,False,False,False,True,False,False,False,False,False,False,False,True,False,False,False,False,False,False,False,False,False,False,False,False,False,False,False,False,False,False,False,False,False,False,False,False,n4gc,0,0,0,0,293,3099,112413,0,0,945,30103,485,0,111,1,3,108,3,0,0,0,0,80,80,1,0,5,34,0,-1,False,False,False,True,True,False,True,True,False,False,False,True,True,False,True,False,False,False,True,False,False,False,True,True
759,伊甸零式希望樂園 再生之章4,,False,False,False,False,False,False,False,False,False,False,False,False,False,False,False,False,False,False,False,False,False,False,False,False,False,False,False,False,False,False,False,False,False,False,False,False,False,False,False,False,False,n4gc_2,0,0,0,0,293,3103,112414,0,0,949,30104,510,0,123,1,3,108,3,0,0,0,0,80,80,1,0,5,35,0,-1,False,False,False,True,True,False,True,True,False,False,False,True,True,False,True,False,False,False,True,False,False,False,True,True
760,女王古殿,,False,False,False,False,False,False,False,False,False,False,False,False,False,False,False,False,False,False,False,False,False,False,False,False,False,False,False,False,False,False,False,False,False,False,False,False,False,False,False,False,False,n4b5,0,0,0,0,295,7008,112417,0,0,936,30,0,430,0,3,3,142,26,0,0,0,0,80,80,0,0,29,0,0,-1,False,True,True,False,False,False,True,False,False,False,False,False,False,False,True,False,False,False,True,False,False,True,True,True
761,零式女王古殿,,False,False,False,False,False,False,False,False,False,False,False,False,False,False,False,False,False,False,False,False,False,False,False,False,False,False,False,False,False,False,False,False,False,False,False,False,False,False,False,False,False,n4b5_2,0,0,0,0,295,7009,112418,0,0,937,31,0,430,0,3,3,142,28,0,0,0,0,80,80,0,0,29,0,0,-1,False,True,True,False,False,False,True,False,False,False,False,False,False,False,True,False,False,False,True,False,False,False,True,True
762,綠寶石武器破壞作戰,,False,False,False,False,False,True,False,False,True,False,False,False,False,False,False,False,False,False,False,False,False,False,False,False,False,False,False,False,False,False,False,False,False,False,False,False,False,False,False,False,False,n4fg,0,0,0,0,294,2072,112419,0,0,934,20073,485,0,165,1,3,108,3,0,0,0,0,80,80,0,0,4,32,0,-1,False,False,False,True,True,False,True,True,False,False,False,True,True,False,True,False,False,False,True,False,False,False,True,True
763,極 綠寶石武器破壞作戰,,False,False,False,False,False,False,False,False,True,False,False,False,False,False,False,False,False,False,False,False,False,False,False,False,False,False,False,False,False,False,False,False,False,False,False,False,False,False,False,False,False,n4fg_2,0,0,0,0,294,2073,112420,0,0,935,20074,500,0,188,1,3,108,3,0,0,0,0,80,80,1,0,4,33,0,-1,False,False,False,True,True,False,True,True,False,False,False,True,True,False,True,False,False,False,True,False,False,False,True,True
764,威爾布蘭德揚帆起航,,False,False,False,False,False,False,False,False,False,False,False,False,False,False,False,False,False,False,False,False,False,False,False,False,False,False,False,False,False,False,False,False,False,False,False,False,False,False,False,False,False,ec025,0,0,0,0,0,0,0,0,0,954,5042,0,0,0,1,3,142,1,0,0,0,0,80,80,0,0,7,0,0,-1,False,False,False,False,False,False,False,True,False,False,False,False,False,False,False,False,False,False,True,False,False,False,True,True
765,神佑女王,,False,False,False,False,False,False,False,False,False,False,False,False,False,False,False,False,False,False,False,False,False,False,False,False,False,False,False,False,False,False,False,False,False,False,False,False,False,False,False,False,False,ec026,0,0,0,0,0,0,0,0,0,955,5043,0,430,0,1,3,142,1,0,0,0,0,80,80,0,0,7,0,0,-1,False,False,False,False,False,False,False,True,False,False,False,False,False,False,False,False,False,False,True,False,False,False,True,True
766,多瑪方城戰：東風戰一般桌（段位戰）,東風戰一般桌（段位戰）,False,False,False,False,False,False,False,False,False,False,False,False,False,False,False,False,False,False,False,False,False,False,False,False,False,False,False,False,False,False,False,False,False,False,False,False,False,False,False,False,False,emj001_h,0,0,0,0,0,8015,112336,0,0,831,61005,0,0,52,1,0,109,11,3,1,0,0,1,0,0,0,19,29,0,-1,False,False,False,False,False,False,False,False,False,False,False,True,True,False,True,False,False,False,True,False,False,False,True,True
767,多瑪方城戰：東風戰有段桌（段位戰）,東風戰有段桌（段位戰）,False,False,False,False,False,False,False,False,False,False,False,False,False,False,False,False,False,False,False,False,False,False,False,False,False,False,False,False,False,False,False,False,False,False,False,False,False,False,False,False,False,emj002_h,0,0,0,0,0,8016,112336,0,0,831,61006,0,0,53,1,0,109,11,3,1,0,0,1,0,0,0,19,29,0,-1,False,False,False,False,False,False,False,False,False,False,False,True,True,False,True,False,False,False,True,False,False,False,True,True
768,多瑪方城戰：東風戰4人親友桌（帶食斷）,東風戰4人親友桌（帶食斷）,False,False,False,False,False,False,False,False,False,False,False,False,False,False,False,False,False,False,False,False,False,False,False,False,False,False,False,False,False,False,False,False,False,False,False,False,False,False,False,False,False,emj003_h,0,0,0,0,0,8017,112336,0,0,831,61007,0,0,54,1,0,109,11,1,0,0,0,1,0,0,0,19,29,0,-1,False,False,False,False,False,False,False,False,False,False,False,True,True,False,True,False,False,False,True,False,True,False,True,True
769,多瑪方城戰：東風戰4人親友桌（不帶食斷）,東風戰4人親友桌（不帶食斷）,False,False,False,False,False,False,False,False,False,False,False,False,False,False,False,False,False,False,False,False,False,False,False,False,False,False,False,False,False,False,False,False,False,False,False,False,False,False,False,False,False,emj004_h,0,0,0,0,0,8018,112336,0,0,831,61008,0,0,55,1,0,109,11,1,0,0,0,1,0,0,0,19,29,0,-1,False,False,False,False,False,False,False,False,False,False,False,True,True,False,True,False,False,False,True,False,True,False,True,True
770,出海垂釣,,False,False,False,False,False,False,False,False,False,False,False,False,False,False,False,False,False,False,False,False,False,False,False,False,False,False,False,False,False,False,False,False,False,False,False,False,False,False,False,False,False,ikd007,0,5,69379,0,0,6009,112383,0,0,900,63006,0,0,0,1,0,19,25,0,0,1,0,1,0,0,0,16,0,0,-1,False,False,False,True,False,False,False,False,False,False,False,False,False,False,True,False,False,False,True,False,False,True,True,True
771,出海垂釣,,False,False,False,False,False,False,False,False,False,False,False,False,False,False,False,False,False,False,False,False,False,False,False,False,False,False,False,False,False,False,False,False,False,False,False,False,False,False,False,False,False,ikd008,0,5,69379,0,0,6009,112383,0,0,900,63007,0,0,0,1,0,19,25,0,0,1,0,1,0,0,0,16,0,0,-1,False,False,False,True,False,False,False,False,False,False,False,False,False,False,True,False,False,False,True,False,False,True,True,True
772,出海垂釣,,False,False,False,False,False,False,False,False,False,False,False,False,False,False,False,False,False,False,False,False,False,False,False,False,False,False,False,False,False,False,False,False,False,False,False,False,False,False,False,False,False,ikd009,0,5,69379,0,0,6009,112383,0,0,900,63008,0,0,0,1,0,19,25,0,0,1,0,1,0,0,0,16,0,0,-1,False,False,False,True,False,False,False,False,False,False,False,False,False,False,True,False,False,False,True,False,False,True,True,True
773,出海垂釣,,False,False,False,False,False,False,False,False,False,False,False,False,False,False,False,False,False,False,False,False,False,False,False,False,False,False,False,False,False,False,False,False,False,False,False,False,False,False,False,False,False,ikd010,0,5,69379,0,0,6009,112383,0,0,900,63009,0,0,0,1,0,19,25,0,0,1,0,1,0,0,0,16,0,0,-1,False,False,False,True,False,False,False,False,False,False,False,False,False,False,True,False,False,False,True,False,False,True,True,True
774,出海垂釣,,False,False,False,False,False,False,False,False,False,False,False,False,False,False,False,False,False,False,False,False,False,False,False,False,False,False,False,False,False,False,False,False,False,False,False,False,False,False,False,False,False,ikd011,0,5,69379,0,0,6009,112383,0,0,900,63010,0,0,0,1,0,19,25,0,0,1,0,1,0,0,0,16,0,0,-1,False,False,False,True,False,False,False,False,False,False,False,False,False,False,True,False,False,False,True,False,False,True,True,True
775,出海垂釣,,False,False,False,False,False,False,False,False,False,False,False,False,False,False,False,False,False,False,False,False,False,False,False,False,False,False,False,False,False,False,False,False,False,False,False,False,False,False,False,False,False,ikd012,0,5,69379,0,0,6009,112383,0,0,900,63011,0,0,0,1,0,19,25,0,0,1,0,1,0,0,0,16,0,0,-1,False,False,False,True,False,False,False,False,False,False,False,False,False,False,True,False,False,False,True,False,False,True,True,True
776,,,False,False,False,False,False,False,False,False,False,False,False,False,False,False,False,False,False,False,False,False,False,False,False,False,False,False,False,False,False,False,False,False,False,False,False,False,False,False,False,False,False,,0,0,0,0,0,0,0,0,0,0,0,0,0,0,0,0,0,0,0,0,0,0,0,0,0,0,0,0,0,0,False,False,False,False,False,False,False,False,False,False,False,False,False,False,False,False,False,False,False,False,False,False,False,False
777,黃金平原帕戈爾贊草原,,False,True,False,False,False,False,False,False,True,False,False,False,False,False,False,False,False,False,False,False,False,False,False,False,False,False,False,False,False,False,False,False,False,False,False,False,False,False,False,False,False,w4d1,0,0,0,0,292,82,112428,0,0,938,77,490,0,86,1,3,108,2,0,0,0,0,80,80,1,0,2,31,0,-1,False,False,False,True,True,False,True,True,True,False,False,True,True,False,True,False,False,False,True,False,False,False,True,True
778,扎杜諾爾高原,,False,False,False,False,False,False,False,False,False,False,False,False,False,False,False,False,False,False,False,False,False,False,False,False,False,False,False,False,False,False,False,False,False,False,False,False,False,False,False,False,False,n4b6,0,0,0,0,295,7010,112432,0,0,975,33,0,430,0,3,3,142,12,0,0,0,0,71,80,0,0,29,0,0,-1,False,False,True,True,False,False,True,False,False,False,False,False,False,False,True,False,False,False,False,False,False,False,True,True
779,希望之砲臺：“塔”,,False,False,False,False,False,False,False,False,True,False,False,False,False,False,True,False,False,False,False,False,False,False,False,False,False,False,False,False,False,False,False,False,False,False,False,False,False,False,False,False,False,n4r3,0,0,0,0,293,3104,112431,0,0,966,30105,495,0,97,1,3,108,4,0,0,0,0,80,80,2,0,5,36,0,-1,False,False,False,True,True,False,True,True,False,False,False,True,True,False,True,False,False,False,True,False,False,False,True,True
780,死鬥至黎明,,False,False,False,False,False,False,False,False,False,False,False,False,False,False,False,False,False,False,False,False,False,False,False,False,False,False,False,False,False,False,False,False,False,False,False,False,False,False,False,False,False,ec027,0,0,0,0,0,0,0,0,0,977,5044,0,0,0,1,3,142,1,0,0,0,0,80,80,0,0,7,0,0,-1,False,False,False,False,False,False,False,True,False,False,False,False,False,False,False,False,False,False,True,False,False,False,True,True
781,鑽石武器捕獲作戰,,False,False,False,False,False,True,False,False,True,False,False,False,False,False,False,False,False,False,False,False,False,False,False,False,False,False,False,False,False,False,False,False,False,False,False,False,False,False,False,False,False,n4fh,0,0,0,0,294,2075,112429,0,0,950,20075,495,0,166,1,3,108,3,0,0,0,0,80,80,0,0,4,32,0,-1,False,False,False,True,True,False,True,True,False,False,False,True,True,False,True,False,False,False,True,False,False,False,True,True
782,極 鑽石武器捕獲作戰,,False,False,False,False,False,False,False,False,True,False,False,False,False,False,False,False,False,False,False,False,False,False,False,False,False,False,False,False,False,False,False,False,False,False,False,False,False,False,False,False,False,n4fh_2,0,0,0,0,294,2076,112430,0,0,951,20076,510,0,190,1,3,108,3,0,0,0,0,80,80,1,0,4,33,0,-1,False,False,False,True,True,False,True,True,False,False,False,True,True,False,True,False,False,False,True,False,False,False,True,True
783,異形樓閣佐特塔,,True,False,False,False,False,False,False,False,True,False,False,False,False,False,False,False,False,False,False,False,False,False,False,False,False,False,False,False,False,False,False,False,False,False,False,False,False,False,False,False,False,m5d1,0,0,0,0,296,83,112435,0,0,952,78,500,0,87,1,4,108,2,0,0,0,0,81,82,1,0,2,37,0,-1,False,False,False,True,True,False,True,True,True,False,False,True,True,False,True,False,False,False,True,False,False,False,True,True
784,電腦夢境斯提格瑪四,,False,True,False,False,False,False,False,False,True,False,False,False,False,False,False,False,False,False,False,False,False,False,False,False,False,False,False,False,False,False,False,False,False,False,False,False,False,False,False,False,False,u5d3,0,0,0,0,296,84,112442,0,0,986,79,540,600,94,1,4,108,2,0,0,0,0,90,90,1,0,2,37,0,-1,False,False,False,True,True,False,True,True,True,False,False,True,True,False,True,False,False,False,True,False,False,False,True,True
785,魔導神門巴別塔,,True,False,False,False,False,False,False,False,True,False,False,False,False,False,False,False,False,False,False,False,False,False,False,False,False,False,False,False,False,False,False,False,False,False,False,False,False,False,False,False,False,m5d2,0,0,0,0,296,85,112436,0,0,969,80,505,0,88,1,4,108,2,0,0,0,0,83,84,1,0,2,37,0,-1,False,False,False,True,True,False,True,True,True,False,False,True,True,False,True,False,False,False,True,False,False,False,True,True
786,星海深幽尋因星晶鏡,,True,False,False,False,False,False,False,False,True,False,False,False,False,False,False,False,False,False,False,False,False,False,False,False,False,False,False,False,False,False,False,False,False,False,False,False,False,False,False,False,False,k5d1,0,0,0,0,296,86,112439,0,0,978,81,520,550,91,1,4,108,2,0,0,0,0,89,90,1,0,2,37,0,-1,False,False,False,True,True,False,True,True,True,False,False,True,True,False,True,False,False,False,True,False,False,False,True,True
787,創造環境極北造物院,,True,False,False,False,False,False,False,False,True,False,False,False,False,False,False,False,False,False,False,False,False,False,False,False,False,False,False,False,False,False,False,False,False,False,False,False,False,False,False,False,False,n5d1,0,0,0,0,296,87,112438,0,0,974,82,515,0,90,1,4,108,2,0,0,0,0,87,88,1,0,2,37,0,-1,False,False,False,True,True,False,True,True,True,False,False,True,True,False,True,False,False,False,True,False,False,False,True,True
788,絕 龍詩戰爭,,False,False,False,False,False,False,False,False,False,False,False,False,False,False,False,False,False,False,False,False,False,False,False,False,False,False,False,False,False,False,False,False,False,False,False,False,False,False,False,False,False,r1fz,0,0,0,0,297,3105,112469,0,0,968,30106,0,605,1004,1,4,142,3,1,0,0,0,90,90,0,3,28,0,0,-1,False,False,False,False,False,False,False,False,False,False,False,True,False,True,True,False,False,False,True,False,False,False,True,True
789,末日樹海萬相森國,,True,False,False,False,False,False,False,False,True,False,False,False,False,False,False,False,False,False,False,False,False,False,False,False,False,False,False,False,False,False,False,False,False,False,False,False,False,False,False,False,False,m5d3,0,0,0,0,296,88,112437,0,0,970,83,510,0,89,1,4,108,2,0,0,0,0,85,86,1,0,2,37,0,-1,False,False,False,True,True,False,True,True,True,False,False,True,True,False,True,False,False,False,True,False,False,False,True,True
790,海德林殲滅戰,,False,False,False,False,False,True,False,False,True,False,False,False,False,False,False,False,False,False,False,False,False,False,False,False,False,False,False,False,False,False,False,False,False,False,False,False,False,False,False,False,False,k5fa,0,0,0,0,298,2077,112445,0,0,995,20077,0,550,201,1,4,108,3,0,0,0,0,89,90,0,0,4,38,0,-1,False,False,False,True,True,False,True,True,False,False,False,True,True,False,True,False,False,False,True,False,False,False,True,True
791,極 海德林殲滅戰,,False,False,False,False,False,False,False,False,True,False,False,False,False,False,False,False,False,False,False,False,False,False,False,False,False,False,False,False,False,False,False,False,False,False,False,False,False,False,False,False,False,k5fa_2,0,0,0,0,298,2078,112446,0,0,996,20078,560,0,211,1,4,108,3,0,0,0,0,90,90,1,0,4,39,0,-1,False,False,False,True,True,False,True,True,False,False,False,True,True,False,True,False,False,False,True,False,False,False,True,True
792,最終幻想末世終跡,,False,True,False,False,False,False,False,False,True,False,False,False,False,False,False,False,False,False,False,False,False,False,False,False,False,False,False,False,False,False,False,False,False,False,False,False,False,False,False,False,False,u5d1,0,0,0,0,296,89,112440,0,0,973,84,540,570,92,1,4,108,2,0,0,0,0,90,90,1,0,2,37,0,-1,False,False,False,True,True,False,True,True,True,False,False,True,True,False,True,False,False,False,True,False,False,False,True,True
793,無盡寒夜,,False,False,False,False,False,False,False,False,False,False,False,False,False,False,False,False,False,False,False,False,False,False,False,False,False,False,False,False,False,False,False,False,False,False,False,False,False,False,False,False,False,ec029,0,0,0,0,0,0,0,0,0,1011,5045,0,0,0,1,4,142,1,0,0,0,0,83,83,0,0,7,0,0,-1,False,False,False,False,False,False,False,True,False,False,False,False,False,False,False,False,False,False,True,False,False,False,True,True
794,樂園都市笑笑鎮,,False,True,False,False,False,False,False,False,True,False,False,False,False,False,False,False,False,False,False,False,False,False,False,False,False,False,False,False,False,False,False,False,False,False,False,False,False,False,False,False,False,u5d2,0,0,0,0,296,90,112441,0,0,976,85,540,600,93,1,4,108,2,0,0,0,0,90,90,1,0,2,37,0,-1,False,False,False,True,True,False,True,True,True,False,False,True,True,False,True,False,False,False,True,False,False,False,True,True
795,上一任阿謝姆的教導,,False,False,False,False,False,False,False,False,False,False,False,False,False,False,False,False,False,False,False,False,False,False,False,False,False,False,False,False,False,False,False,False,False,False,False,False,False,False,False,False,False,ec032,0,0,0,0,0,0,0,0,0,1014,5046,0,0,0,1,4,142,1,0,0,0,0,87,88,0,0,7,0,0,-1,False,False,False,False,False,False,True,True,False,False,False,False,False,False,False,False,False,False,True,False,False,False,True,True
796,終結之戰,,False,False,False,False,False,True,False,False,True,False,False,False,False,False,False,False,False,False,False,False,False,False,False,False,False,False,False,False,False,False,False,False,False,False,False,False,False,False,False,False,False,u5fb,0,0,0,0,298,2079,112447,0,0,997,20079,540,570,202,1,4,108,3,0,0,0,0,90,90,0,0,4,38,0,-1,False,False,False,True,True,False,True,True,False,False,False,True,True,False,True,False,False,False,True,False,False,False,True,True
797,滑稽靈殿鬧鬼盛宴,,False,False,False,False,False,False,False,False,False,False,False,False,False,False,False,False,False,False,False,False,False,False,False,False,False,False,False,False,False,False,False,False,False,False,False,False,False,False,False,False,False,f1db,0,0,69531,0,0,91,112456,80103,0,994,25003,0,0,0,1,0,108,11,0,0,1,0,1,1,1,0,22,0,0,-1,False,False,False,False,False,False,False,True,False,False,False,False,False,False,True,False,False,False,True,False,False,False,True,True
798,曉月之終途,,False,False,False,False,False,False,False,False,False,False,False,False,False,False,False,False,False,False,False,False,False,False,False,False,False,False,False,False,False,False,False,False,False,False,False,False,False,False,False,False,False,ec031,0,0,0,0,0,0,0,0,0,1013,5047,0,550,0,1,4,142,1,0,0,0,0,90,90,0,0,7,0,0,-1,False,False,False,False,False,False,True,True,False,False,False,False,False,False,False,False,False,False,True,False,False,False,True,True
799,駛向融合的巨輪,,False,False,False,False,False,False,False,False,False,False,False,False,False,False,False,False,False,False,False,False,False,False,False,False,False,False,False,False,False,False,False,False,False,False,False,False,False,False,False,False,False,ec034,0,0,0,0,0,0,0,0,0,1016,5048,0,550,0,1,4,108,1,0,0,0,0,90,90,0,0,7,0,0,-1,False,False,False,False,False,False,True,True,False,False,False,False,False,False,False,False,False,False,True,False,False,False,True,True
800,萬魔殿 邊境之獄4,,False,False,False,False,False,False,False,False,True,False,False,False,False,False,False,False,True,False,False,False,False,False,False,False,False,False,False,False,False,False,False,False,False,False,False,False,False,False,False,False,False,n5r4,0,0,0,0,297,3109,112454,0,0,1008,30107,565,0,137,1,4,108,3,0,0,0,0,90,90,1,0,5,40,0,-1,False,False,False,True,True,False,True,True,False,False,False,True,True,False,True,False,False,False,True,False,False,False,True,True
801,零式萬魔殿 邊境之獄4,,False,False,False,False,False,False,False,False,False,False,False,False,False,False,False,False,False,False,False,False,False,False,False,False,False,False,False,False,False,False,False,False,False,False,False,False,False,False,False,False,False,n5r4_2,0,0,0,0,297,3113,112455,0,0,1009,30108,580,0,149,1,4,108,3,0,0,0,0,90,90,1,0,5,41,0,-1,False,False,False,True,True,False,True,True,False,False,False,True,True,False,True,False,False,False,True,False,False,False,True,True
802,佐狄亞克殲滅戰,,False,False,False,False,False,True,False,False,True,False,False,False,False,False,False,False,False,False,False,False,False,False,False,False,False,False,False,False,False,False,False,False,False,False,False,False,False,False,False,False,False,u5fa,0,0,0,0,298,2080,112443,0,0,992,20080,0,0,200,1,4,108,3,0,0,0,0,83,84,0,0,4,38,0,-1,False,False,False,True,True,False,True,True,False,False,False,True,True,False,True,False,False,False,True,False,False,False,True,True
803,極 佐狄亞克殲滅戰,,False,False,False,False,False,False,False,False,True,False,False,False,False,False,False,False,False,False,False,False,False,False,False,False,False,False,False,False,False,False,False,False,False,False,False,False,False,False,False,False,False,u5fa_2,0,0,0,0,298,2081,112444,0,0,993,20081,560,0,210,1,4,108,3,0,0,0,0,90,90,1,0,4,39,0,-1,False,False,False,True,True,False,True,True,False,False,False,True,True,False,True,False,False,False,True,False,False,False,True,True
804,擴散的末日,,False,False,False,False,False,False,False,False,False,False,False,False,False,False,False,False,False,False,False,False,False,False,False,False,False,False,False,False,False,False,False,False,False,False,False,False,False,False,False,False,False,ec030,0,0,0,0,0,0,0,0,0,1012,5049,0,0,0,1,4,108,1,0,0,0,0,88,88,0,0,7,0,0,-1,False,False,False,False,False,False,True,True,False,False,False,False,False,False,False,False,False,False,True,False,False,False,True,True
805,未來之路,,False,False,False,False,False,False,False,False,False,False,False,False,False,False,False,False,False,False,False,False,False,False,False,False,False,False,False,False,False,False,False,False,False,False,False,False,False,False,False,False,False,ec033,0,0,0,0,0,0,0,0,0,1015,5050,0,550,0,1,4,108,1,0,0,0,0,90,90,0,0,7,0,0,-1,False,False,False,False,False,False,True,True,False,False,False,False,False,False,False,False,False,False,True,False,False,False,True,True
806,萬魔殿 邊境之獄3,,False,False,False,False,False,False,False,False,True,False,False,False,False,False,False,False,True,False,False,False,False,False,False,False,False,False,False,False,False,False,False,False,False,False,False,False,False,False,False,False,False,n5r3,0,0,0,0,297,3108,112452,0,0,1006,30109,565,0,136,1,4,108,3,0,0,0,0,90,90,1,0,5,40,0,-1,False,False,False,True,True,False,True,True,False,False,False,True,True,False,True,False,False,False,True,False,False,False,True,True
807,零式萬魔殿 邊境之獄3,,False,False,False,False,False,False,False,False,False,False,False,False,False,False,False,False,False,False,False,False,False,False,False,False,False,False,False,False,False,False,False,False,False,False,False,False,False,False,False,False,False,n5r3_2,0,0,0,0,297,3112,112453,0,0,1007,30110,580,0,148,1,4,108,3,0,0,0,0,90,90,1,0,5,41,0,-1,False,False,False,True,True,False,True,True,False,False,False,True,True,False,True,False,False,False,True,False,False,False,True,True
808,萬魔殿 邊境之獄1,,False,False,False,False,False,False,False,False,True,False,False,False,False,False,False,False,True,False,False,False,False,False,False,False,False,False,False,False,False,False,False,False,False,False,False,False,False,False,False,False,False,n5r1,0,0,0,0,297,3106,112448,0,0,1002,30111,565,0,134,1,4,108,3,0,0,0,0,90,90,1,0,5,40,0,-1,False,False,False,True,True,False,True,True,False,False,False,True,True,False,True,False,False,False,True,False,False,False,True,True
809,零式萬魔殿 邊境之獄1,,False,False,False,False,False,False,False,False,False,False,False,False,False,False,False,False,False,False,False,False,False,False,False,False,False,False,False,False,False,False,False,False,False,False,False,False,False,False,False,False,False,n5r1_2,0,0,0,0,297,3110,112449,0,0,1003,30112,570,0,146,1,4,108,3,0,0,0,0,90,90,1,0,5,41,0,-1,False,False,False,True,True,False,True,True,False,False,False,True,True,False,True,False,False,False,True,False,False,False,True,True
810,萬魔殿 邊境之獄2,,False,False,False,False,False,False,False,False,True,False,False,False,False,False,False,False,True,False,False,False,False,False,False,False,False,False,False,False,False,False,False,False,False,False,False,False,False,False,False,False,False,n5r2,0,0,0,0,297,3107,112450,0,0,1004,30113,565,0,135,1,4,108,3,0,0,0,0,90,90,1,0,5,40,0,-1,False,False,False,True,True,False,True,True,False,False,False,True,True,False,True,False,False,False,True,False,False,False,True,True
811,零式萬魔殿 邊境之獄2,,False,False,False,False,False,False,False,False,False,False,False,False,False,False,False,False,False,False,False,False,False,False,False,False,False,False,False,False,False,False,False,False,False,False,False,False,False,False,False,False,False,n5r2_2,0,0,0,0,297,3111,112451,0,0,1005,30114,575,0,147,1,4,108,3,0,0,0,0,90,90,1,0,5,41,0,-1,False,False,False,True,True,False,True,True,False,False,False,True,True,False,True,False,False,False,True,False,False,False,True,True
812,踏破風雪,,False,False,False,False,False,False,False,False,False,False,False,False,False,False,False,False,False,False,False,False,False,False,False,False,False,False,False,False,False,False,False,False,False,False,False,False,False,False,False,False,False,ec028,0,0,0,0,0,0,0,0,0,1010,5051,0,0,0,1,4,108,1,0,0,0,0,82,82,0,0,7,0,0,-1,False,False,False,False,False,False,False,True,False,False,False,False,False,False,False,False,False,False,True,False,False,False,True,True
813,賢者的短杖,,False,False,False,False,False,False,False,False,False,False,False,False,False,False,False,False,False,False,False,False,False,False,False,False,False,False,False,False,False,False,False,False,False,False,False,False,False,False,False,False,False,ec040,0,0,0,0,0,0,0,0,0,1022,5052,0,395,0,1,4,108,1,0,0,0,0,70,70,0,0,7,0,0,-1,False,False,False,False,False,False,False,True,False,False,False,False,False,False,False,False,False,False,True,False,False,False,True,True
814,大鐮的意義,,False,False,False,False,False,False,False,False,False,False,False,False,False,False,False,False,False,False,False,False,False,False,False,False,False,False,False,False,False,False,False,False,False,False,False,False,False,False,False,False,False,ec038,0,0,0,0,0,0,0,0,0,1020,5053,0,395,0,1,4,108,1,0,0,0,0,70,70,0,0,7,0,0,-1,False,False,False,False,False,False,False,True,False,False,False,False,False,False,False,False,False,False,True,False,False,False,True,True
815,仰望蒼天，不斷邁進,,False,False,False,False,False,False,False,False,False,False,False,False,False,False,False,False,False,False,False,False,False,False,False,False,False,False,False,False,False,False,False,False,False,False,False,False,False,False,False,False,False,ec036,0,0,0,0,0,0,0,0,0,1018,5054,0,550,0,1,4,108,1,0,0,0,0,90,90,0,0,7,0,0,-1,False,False,False,False,False,False,True,True,False,False,False,False,False,False,False,False,False,False,True,False,False,False,True,True
816,暗殺道,,False,False,False,False,False,False,False,False,False,False,False,False,False,False,False,False,False,False,False,False,False,False,False,False,False,False,False,False,False,False,False,False,False,False,False,False,False,False,False,False,False,ec039,0,0,0,0,0,0,0,0,0,1021,5055,0,525,0,1,4,108,1,0,0,0,0,80,80,0,0,7,0,0,-1,False,False,False,False,False,False,False,True,False,False,False,False,False,False,False,False,False,False,True,False,False,False,True,True
817,生命瞬逝，術道恆久,,False,False,False,False,False,False,False,False,False,False,False,False,False,False,False,False,False,False,False,False,False,False,False,False,False,False,False,False,False,False,False,False,False,False,False,False,False,False,False,False,False,ec041,0,0,0,0,0,0,0,0,0,1023,5056,0,525,0,1,4,108,1,0,0,0,0,80,80,0,0,7,0,0,-1,False,False,False,False,False,False,False,True,False,False,False,False,False,False,False,False,False,False,True,False,False,False,True,True
818,英魂安息,,False,False,False,False,False,False,False,False,False,False,False,False,False,False,False,False,False,False,False,False,False,False,False,False,False,False,False,False,False,False,False,False,False,False,False,False,False,False,False,False,False,ec035,0,0,0,0,0,0,0,0,0,1017,5057,0,550,0,1,4,108,1,0,0,0,0,90,90,0,0,7,0,0,-1,False,False,False,False,False,False,True,True,False,False,False,False,False,False,False,False,False,False,True,False,False,False,True,True
819,驚奇百寶城,,False,False,False,False,False,False,False,False,False,False,False,False,False,False,False,False,False,False,False,False,False,False,False,False,False,False,False,False,False,False,False,False,False,False,False,False,False,False,False,False,False,u5c1,0,0,0,0,0,9009,0,0,0,1000,55009,0,635,0,1,4,108,3,0,0,0,0,1,90,0,0,9,0,0,-1,False,False,False,True,False,False,False,True,False,False,False,False,False,False,False,False,True,False,True,False,False,False,True,True
820,目送生者前行,,False,False,False,False,False,False,False,False,False,False,False,False,False,False,False,False,False,False,False,False,False,False,False,False,False,False,False,False,False,False,False,False,False,False,False,False,False,False,False,False,False,ec037,0,0,0,0,0,0,0,0,0,1019,5058,0,550,0,1,4,108,1,0,0,0,0,90,90,0,0,7,0,0,-1,False,False,False,False,False,False,True,True,False,False,False,False,False,False,False,False,False,False,True,False,False,False,True,True
821,,,False,False,False,False,False,False,False,False,False,False,False,False,False,False,False,False,False,False,False,False,False,False,False,False,False,False,False,False,False,False,False,False,False,False,False,False,False,False,False,False,False,,0,0,0,0,0,0,0,0,0,0,0,0,0,0,0,0,0,0,0,0,0,0,0,0,0,0,0,0,0,0,False,False,False,False,False,False,False,False,False,False,False,False,False,False,False,False,False,False,False,False,False,False,False,False
822,間歇靈泉哈姆島,,False,True,False,False,False,False,False,False,True,False,False,False,False,False,False,False,False,False,False,False,False,False,False,False,False,False,False,False,False,False,False,False,False,False,False,False,False,False,False,False,False,k5d2,0,0,0,0,296,95,112521,0,0,1126,90,605,0,98,1,4,108,2,0,0,0,0,90,90,1,0,2,37,0,-1,False,False,False,True,True,False,True,True,True,False,False,True,True,False,True,False,False,False,True,False,False,False,True,True
823,異界深淵月面地下溪谷,,False,True,False,False,False,False,False,False,True,False,False,False,False,False,False,False,False,False,False,False,False,False,False,False,False,False,False,False,False,False,False,False,False,False,False,False,False,False,False,False,False,z5d2,0,0,0,0,296,96,112543,0,0,1164,91,620,0,99,1,4,108,2,0,0,0,0,90,90,1,0,2,37,0,-1,False,False,False,True,True,False,True,True,True,False,False,True,True,False,True,False,False,False,True,False,False,False,True,True
824,通天絕壁沃克佐莫山,,True,False,False,False,False,False,False,False,True,False,False,False,False,False,False,False,False,False,False,False,False,False,False,False,False,False,False,False,False,False,False,False,False,False,False,False,False,False,False,False,False,y6d2,0,0,0,0,301,97,112555,0,0,1193,92,635,0,101,1,5,108,2,0,0,0,0,93,94,1,0,2,45,0,-1,False,False,False,False,False,False,True,True,True,False,False,True,True,False,True,False,False,False,True,False,False,False,True,True
825,魂魄工廠創生設施,,True,False,False,False,False,False,False,False,True,False,False,False,False,False,False,False,False,False,False,False,False,False,False,False,False,False,False,False,False,False,False,False,False,False,False,False,False,False,False,False,False,x6d2,0,0,0,0,301,98,112558,0,0,1208,93,650,680,104,1,5,108,2,0,0,0,0,99,100,1,0,2,45,0,-1,False,False,False,False,False,False,True,True,True,False,False,True,True,False,True,False,False,False,True,False,False,False,True,True
826,叢林激流生息河岸,,True,False,False,False,False,False,False,False,True,False,False,False,False,False,False,False,False,False,False,False,False,False,False,False,False,False,False,False,False,False,False,False,False,False,False,False,False,False,False,False,False,y6d1,0,0,0,0,301,99,112554,0,0,1167,94,630,0,100,1,5,108,2,0,0,0,0,91,92,1,0,2,45,0,-1,False,False,False,False,False,False,True,True,True,False,False,True,True,False,True,False,False,False,True,False,False,False,True,True
827,記憶幻想亞歷山德里亞,,False,False,False,False,True,False,False,False,True,False,False,False,False,False,False,False,False,False,False,False,False,False,False,False,False,False,False,False,False,False,False,False,False,False,False,False,False,False,False,False,False,x6d3,0,0,0,0,301,100,112559,0,0,1199,95,670,700,105,1,5,108,2,0,0,0,0,100,100,1,0,2,45,0,-1,False,False,False,False,False,False,True,True,True,False,False,True,True,False,True,False,False,False,True,False,False,False,True,True
828,一位國王，一位父親,,False,False,False,False,False,False,False,False,False,False,False,False,False,False,False,False,False,False,False,False,False,False,False,False,False,False,False,False,False,False,False,False,False,False,False,False,False,False,False,False,False,ec050,0,0,0,0,0,0,0,0,0,1210,5068,0,655,0,1,5,142,1,0,0,0,0,92,92,0,0,7,0,0,-1,False,False,False,False,False,False,False,True,False,False,False,False,False,False,False,False,False,False,True,False,False,False,True,True
829,神聖禁地深空天坑,,True,False,False,False,False,False,False,False,True,False,False,False,False,False,False,False,False,False,False,False,False,False,False,False,False,False,False,False,False,False,False,False,False,False,False,False,False,False,False,False,False,y6d3,0,0,0,0,301,101,112556,0,0,1194,96,640,0,102,1,5,108,2,0,0,0,0,95,96,1,0,2,45,0,-1,False,False,False,False,False,False,True,True,True,False,False,True,True,False,True,False,False,False,True,False,False,False,True,True
830,究極武器破壞作戰,,False,False,True,False,False,False,False,False,True,False,False,False,False,False,False,False,False,False,False,False,False,False,False,False,False,False,False,False,False,False,False,False,False,False,False,False,False,False,False,False,False,w1d5_battle,0,0,0,0,282,2083,112468,0,0,1048,20082,42,60,4,1,0,108,2,0,0,0,0,50,50,0,0,4,8,0,-1,False,False,False,True,True,False,True,True,False,False,False,True,True,False,True,False,False,False,True,False,False,False,True,True
831,前哨基地先鋒營,,True,False,False,False,False,False,False,False,True,False,False,False,False,False,False,False,False,False,False,False,False,False,False,False,False,False,False,False,False,False,False,False,False,False,False,False,False,False,False,False,False,x6d1,0,0,0,0,301,102,112557,0,0,1198,97,645,0,103,1,5,108,2,0,0,0,0,97,98,1,0,2,45,0,-1,False,False,False,False,False,False,True,True,True,False,False,True,True,False,True,False,False,False,True,False,False,False,True,True
832,艷翼蛇鳥殲滅戰,,False,False,False,False,False,True,False,False,True,False,False,False,False,False,False,False,False,False,False,False,False,False,False,False,False,False,False,False,False,False,False,False,False,False,False,False,False,False,False,False,False,y6fa,0,0,0,0,303,2099,112562,0,0,1195,20093,0,0,220,1,5,108,3,0,0,0,0,93,94,0,0,4,46,0,-1,False,False,False,False,False,False,True,True,False,False,False,True,True,False,True,False,False,True,True,False,False,False,True,True
833,極 艷翼蛇鳥殲滅戰,,False,False,False,False,False,False,False,False,False,False,False,False,False,False,False,False,False,False,False,False,False,False,False,False,False,False,False,False,False,False,False,False,False,False,False,False,False,False,False,False,False,y6fa_2,0,0,0,0,303,2100,112563,0,0,1196,20094,690,0,240,1,5,108,3,0,0,0,0,100,100,1,2,4,47,0,-1,False,False,False,False,False,False,True,True,False,False,False,True,False,True,True,False,False,False,True,False,False,False,True,True
834,荒野秘境仙人掌谷,,False,False,False,False,True,False,False,False,True,False,False,False,False,False,False,False,False,False,False,False,False,False,False,False,False,False,False,False,False,False,False,False,False,False,False,False,False,False,False,False,False,x6d4,0,0,0,0,301,103,112560,0,0,1203,98,670,0,106,1,5,108,2,0,0,0,0,100,100,1,0,2,45,0,-1,False,False,False,False,False,False,True,True,True,False,False,True,True,False,True,False,False,False,True,False,False,False,True,True
835,角力學校,,False,False,False,False,False,False,False,False,False,False,False,False,False,False,False,False,False,False,False,False,False,False,False,False,False,False,False,False,False,False,False,False,False,False,False,False,False,False,False,True,False,mks_c01_s5p1,0,8,0,0,0,4034,112471,0,2,1032,40027,0,0,0,1,0,146,29,3,1,0,0,30,0,0,0,6,43,0,-1,True,True,False,False,False,False,False,False,False,False,False,False,False,False,True,False,False,False,True,False,True,False,True,True
836,火山之心,,False,False,False,False,False,False,False,False,False,False,False,False,False,False,False,False,False,False,False,False,False,False,False,False,False,False,False,False,False,False,False,False,False,False,False,False,False,False,False,True,False,mks_c01_s5p2,0,9,0,0,0,4035,112471,0,2,1033,40028,0,0,1,1,0,146,29,3,1,0,0,30,0,0,0,6,43,0,-1,True,True,False,False,False,False,False,False,False,False,False,False,False,False,True,False,False,False,True,False,True,False,True,True
837,九霄雲上,,False,False,False,False,False,False,False,False,False,False,False,False,False,False,False,False,False,False,False,False,False,False,False,False,False,False,False,False,False,False,False,False,False,False,False,False,False,False,False,True,False,mks_c01_s5p3,0,10,0,0,0,4036,112471,0,2,1034,40029,0,0,2,1,0,146,29,3,1,0,0,30,0,0,0,6,43,0,-1,True,True,False,False,False,False,False,False,False,False,False,False,False,False,True,False,False,False,True,False,True,False,True,True
838,角力學校,,False,False,False,False,False,False,False,False,False,False,False,False,False,False,False,False,False,False,False,False,False,False,False,False,False,False,False,False,False,False,False,False,False,False,False,False,False,False,False,True,False,mks_c02_s5p1,0,8,0,0,0,4037,112471,0,2,1032,40027,0,0,3,1,0,146,29,3,1,0,0,30,0,0,0,6,43,0,-1,True,True,False,False,False,False,False,False,False,False,False,False,False,False,True,False,False,False,True,False,True,False,True,True
839,火山之心,,False,False,False,False,False,False,False,False,False,False,False,False,False,False,False,False,False,False,False,False,False,False,False,False,False,False,False,False,False,False,False,False,False,False,False,False,False,False,False,True,False,mks_c02_s5p2,0,9,0,0,0,4038,112471,0,2,1033,40028,0,0,4,1,0,146,29,3,1,0,0,30,0,0,0,6,43,0,-1,True,True,False,False,False,False,False,False,False,False,False,False,False,False,True,False,False,False,True,False,True,False,True,True
840,九霄雲上,,False,False,False,False,False,False,False,False,False,False,False,False,False,False,False,False,False,False,False,False,False,False,False,False,False,False,False,False,False,False,False,False,False,False,False,False,False,False,False,True,False,mks_c02_s5p3,0,10,0,0,0,4039,112471,0,2,1034,40029,0,0,5,1,0,146,29,3,1,0,0,30,0,0,0,6,43,0,-1,True,True,False,False,False,False,False,False,False,False,False,False,False,False,True,False,False,False,True,False,True,False,True,True
841,角力學校,,False,False,False,False,False,False,False,False,False,False,False,False,False,False,False,False,False,False,False,False,False,False,False,False,False,False,False,False,False,False,False,False,False,False,False,False,False,False,False,True,False,mks_c03_s5p1,0,8,0,0,0,4040,112471,0,2,1032,40027,0,0,6,1,0,146,29,3,1,0,0,30,0,0,0,6,43,0,-1,True,True,False,False,False,False,False,False,False,False,False,False,False,False,True,False,False,False,True,False,True,False,True,True
842,火山之心,,False,False,False,False,False,False,False,False,False,False,False,False,False,False,False,False,False,False,False,False,False,False,False,False,False,False,False,False,False,False,False,False,False,False,False,False,False,False,False,True,False,mks_c03_s5p2,0,9,0,0,0,4041,112471,0,2,1033,40028,0,0,7,1,0,146,29,3,1,0,0,30,0,0,0,6,43,0,-1,True,True,False,False,False,False,False,False,False,False,False,False,False,False,True,False,False,False,True,False,True,False,True,True
843,九霄雲上,,False,False,False,False,False,False,False,False,False,False,False,False,False,False,False,False,False,False,False,False,False,False,False,False,False,False,False,False,False,False,False,False,False,False,False,False,False,False,False,True,False,mks_c03_s5p3,0,10,0,0,0,4042,112471,0,2,1034,40029,0,0,8,1,0,146,29,3,1,0,0,30,0,0,0,6,43,0,-1,True,True,False,False,False,False,False,False,False,False,False,False,False,False,True,False,False,False,True,False,True,False,True,True
844,近東秘寶阿爾扎達爾海底遺跡群,,False,True,False,False,False,False,False,False,True,False,False,False,False,False,False,False,False,False,False,False,False,False,False,False,False,False,False,False,False,False,False,False,False,False,False,False,False,False,False,False,False,m5d4,0,0,0,0,296,92,112465,0,0,1050,87,560,600,95,1,4,108,2,0,0,0,0,90,90,1,0,2,37,0,-1,False,False,False,True,True,False,True,True,True,False,False,True,True,False,True,False,False,False,True,False,False,False,True,True
845,涅爾瓦的帝國,,False,False,False,False,False,False,False,False,False,False,False,False,False,False,False,False,False,False,False,False,False,False,False,False,False,False,False,False,False,False,False,False,False,False,False,False,False,False,False,False,False,ec042,0,0,0,0,0,0,0,0,0,1051,5059,0,0,0,1,4,142,1,0,0,0,0,90,90,0,0,7,0,0,-1,False,False,False,False,False,False,False,True,False,False,False,False,False,False,False,False,False,False,True,False,False,False,True,True
846,終極之戰,,False,False,False,False,False,False,False,False,True,False,False,False,False,False,False,False,False,False,False,False,False,False,False,False,False,False,False,False,False,False,False,False,False,False,False,False,False,False,False,False,False,u5fb_2,0,0,0,0,298,2084,112467,0,0,998,20083,580,0,212,1,4,108,3,0,0,0,0,90,90,1,0,4,39,0,-1,False,False,False,True,True,False,True,True,False,False,False,True,True,False,True,False,False,False,True,False,False,False,True,True
847,角力學校,,False,False,False,False,False,False,False,False,False,False,False,False,False,False,False,False,False,False,False,False,False,False,False,False,False,False,False,False,False,False,False,False,False,False,False,False,False,False,False,False,True,mks_r01_s5p1,0,11,0,0,0,4043,112472,0,1,1032,40030,0,0,100,1,0,146,29,3,1,0,0,30,0,0,0,6,43,1,-1,True,True,False,False,False,False,False,False,False,False,False,False,False,False,True,False,False,False,True,False,True,False,True,False
848,火山之心,,False,False,False,False,False,False,False,False,False,False,False,False,False,False,False,False,False,False,False,False,False,False,False,False,False,False,False,False,False,False,False,False,False,False,False,False,False,False,False,False,True,mks_r01_s5p2,0,12,0,0,0,4044,112472,0,1,1033,40031,0,0,101,1,0,146,29,3,1,0,0,30,0,0,0,6,43,1,-1,True,True,False,False,False,False,False,False,False,False,False,False,False,False,True,False,False,False,True,False,True,False,True,False
849,九霄雲上,,False,False,False,False,False,False,False,False,False,False,False,False,False,False,False,False,False,False,False,False,False,False,False,False,False,False,False,False,False,False,False,False,False,False,False,False,False,False,False,False,True,mks_r01_s5p3,0,13,0,0,0,4045,112472,0,1,1034,40032,0,0,102,1,0,146,29,3,1,0,0,30,0,0,0,6,43,1,-1,True,True,False,False,False,False,False,False,False,False,False,False,False,False,True,False,False,False,True,False,True,False,True,False
850,角力學校,,False,False,False,False,False,False,False,False,False,False,False,False,False,False,False,False,False,False,False,False,False,False,False,False,False,False,False,False,False,False,False,False,False,False,False,False,False,False,False,False,True,mks_r02_s5p1,0,11,0,0,0,4046,112472,0,1,1032,40030,0,0,103,1,0,146,29,3,1,0,0,30,0,0,0,6,43,1,-1,True,True,False,False,False,False,False,False,False,False,False,False,False,False,True,False,False,False,True,False,True,False,True,False
851,火山之心,,False,False,False,False,False,False,False,False,False,False,False,False,False,False,False,False,False,False,False,False,False,False,False,False,False,False,False,False,False,False,False,False,False,False,False,False,False,False,False,False,True,mks_r02_s5p2,0,12,0,0,0,4047,112472,0,1,1033,40031,0,0,104,1,0,146,29,3,1,0,0,30,0,0,0,6,43,1,-1,True,True,False,False,False,False,False,False,False,False,False,False,False,False,True,False,False,False,True,False,True,False,True,False
852,九霄雲上,,False,False,False,False,False,False,False,False,False,False,False,False,False,False,False,False,False,False,False,False,False,False,False,False,False,False,False,False,False,False,False,False,False,False,False,False,False,False,False,False,True,mks_r02_s5p3,0,13,0,0,0,4048,112472,0,1,1034,40032,0,0,105,1,0,146,29,3,1,0,0,30,0,0,0,6,43,1,-1,True,True,False,False,False,False,False,False,False,False,False,False,False,False,True,False,False,False,True,False,True,False,True,False
853,角力學校,,False,False,False,False,False,False,False,False,False,False,False,False,False,False,False,False,False,False,False,False,False,False,False,False,False,False,False,False,False,False,False,False,False,False,False,False,False,False,False,False,True,mks_r03_s5p1,0,11,0,0,0,4049,112472,0,1,1032,40030,0,0,106,1,0,146,29,3,1,0,0,30,0,0,0,6,43,1,-1,True,True,False,False,False,False,False,False,False,False,False,False,False,False,True,False,False,False,True,False,True,False,True,False
854,火山之心,,False,False,False,False,False,False,False,False,False,False,False,False,False,False,False,False,False,False,False,False,False,False,False,False,False,False,False,False,False,False,False,False,False,False,False,False,False,False,False,False,True,mks_r03_s5p2,0,12,0,0,0,4050,112472,0,1,1033,40031,0,0,107,1,0,146,29,3,1,0,0,30,0,0,0,6,43,1,-1,True,True,False,False,False,False,False,False,False,False,False,False,False,False,True,False,False,False,True,False,True,False,True,False
855,九霄雲上,,False,False,False,False,False,False,False,False,False,False,False,False,False,False,False,False,False,False,False,False,False,False,False,False,False,False,False,False,False,False,False,False,False,False,False,False,False,False,False,False,True,mks_r03_s5p3,0,13,0,0,0,4051,112472,0,1,1034,40032,0,0,108,1,0,146,29,3,1,0,0,30,0,0,0,6,43,1,-1,True,True,False,False,False,False,False,False,False,False,False,False,False,False,True,False,False,False,True,False,True,False,True,False
856,角力學校,,False,False,False,False,False,False,False,False,False,False,False,False,False,False,False,False,False,False,False,False,False,False,False,False,False,False,False,False,False,False,False,False,False,False,False,False,False,False,False,False,True,mks_r04_s5p1,0,11,0,0,0,4052,112472,0,1,1032,40030,0,0,109,1,0,146,29,3,1,0,0,30,0,0,0,6,43,1,-1,True,True,False,False,False,False,False,False,False,False,False,False,False,False,True,False,False,False,True,False,True,False,True,False
857,火山之心,,False,False,False,False,False,False,False,False,False,False,False,False,False,False,False,False,False,False,False,False,False,False,False,False,False,False,False,False,False,False,False,False,False,False,False,False,False,False,False,False,True,mks_r04_s5p2,0,12,0,0,0,4053,112472,0,1,1033,40031,0,0,110,1,0,146,29,3,1,0,0,30,0,0,0,6,43,1,-1,True,True,False,False,False,False,False,False,False,False,False,False,False,False,True,False,False,False,True,False,True,False,True,False
858,九霄雲上,,False,False,False,False,False,False,False,False,False,False,False,False,False,False,False,False,False,False,False,False,False,False,False,False,False,False,False,False,False,False,False,False,False,False,False,False,False,False,False,False,True,mks_r04_s5p3,0,13,0,0,0,4054,112472,0,1,1034,40032,0,0,111,1,0,146,29,3,1,0,0,30,0,0,0,6,43,1,-1,True,True,False,False,False,False,False,False,False,False,False,False,False,False,True,False,False,False,True,False,True,False,True,False
859,角力學校,,False,False,False,False,False,False,False,False,False,False,False,False,False,False,False,False,False,False,False,False,False,False,False,False,False,False,False,False,False,False,False,False,False,False,False,False,False,False,False,False,True,mks_r05_s5p1,0,11,0,0,0,4055,112472,0,1,1032,40030,0,0,112,1,0,146,29,3,1,0,0,30,0,0,0,6,43,1,-1,True,True,False,False,False,False,False,False,False,False,False,False,False,False,True,False,False,False,True,False,True,False,True,False
860,火山之心,,False,False,False,False,False,False,False,False,False,False,False,False,False,False,False,False,False,False,False,False,False,False,False,False,False,False,False,False,False,False,False,False,False,False,False,False,False,False,False,False,True,mks_r05_s5p2,0,12,0,0,0,4056,112472,0,1,1033,40031,0,0,113,1,0,146,29,3,1,0,0,30,0,0,0,6,43,1,-1,True,True,False,False,False,False,False,False,False,False,False,False,False,False,True,False,False,False,True,False,True,False,True,False
861,九霄雲上,,False,False,False,False,False,False,False,False,False,False,False,False,False,False,False,False,False,False,False,False,False,False,False,False,False,False,False,False,False,False,False,False,False,False,False,False,False,False,False,False,True,mks_r05_s5p3,0,13,0,0,0,4057,112472,0,1,1034,40032,0,0,114,1,0,146,29,3,1,0,0,30,0,0,0,6,43,1,-1,True,True,False,False,False,False,False,False,False,False,False,False,False,False,True,False,False,False,True,False,True,False,True,False
862,水晶衝突（角力學校：自定賽）,角力學校,False,False,False,False,False,False,False,False,False,False,False,False,False,False,False,False,False,False,False,False,False,False,False,False,False,False,False,False,False,False,False,False,False,False,False,False,False,False,False,False,False,mks_ctm_s5p1,0,0,0,0,0,4058,112473,0,0,1058,40033,0,0,200,1,0,146,30,0,0,0,0,30,0,0,0,6,44,0,-1,True,True,False,False,False,False,False,False,False,False,False,True,True,False,True,False,False,False,True,False,True,False,True,True
863,水晶衝突（火山之心：自定賽）,火山之心,False,False,False,False,False,False,False,False,False,False,False,False,False,False,False,False,False,False,False,False,False,False,False,False,False,False,False,False,False,False,False,False,False,False,False,False,False,False,False,False,False,mks_ctm_s5p2,0,0,0,0,0,4059,112474,0,0,1059,40034,0,0,201,1,0,146,30,0,0,0,0,30,0,0,0,6,44,0,-1,True,True,False,False,False,False,False,False,False,False,False,True,True,False,True,False,False,False,True,False,True,False,True,True
864,水晶衝突（九霄雲上：自定賽）,九霄雲上,False,False,False,False,False,False,False,False,False,False,False,False,False,False,False,False,False,False,False,False,False,False,False,False,False,False,False,False,False,False,False,False,False,False,False,False,False,False,False,False,False,mks_ctm_s5p3,0,0,0,0,0,4060,112475,0,0,1060,40035,0,0,202,1,0,146,30,0,0,0,0,30,0,0,0,6,44,0,-1,True,True,False,False,False,False,False,False,False,False,False,True,True,False,True,False,False,False,True,False,True,False,True,True
865,里塔提恩強攻戰,,False,False,False,False,False,False,False,False,False,False,False,False,False,False,False,False,False,False,False,False,False,False,False,False,False,False,False,False,False,False,False,False,False,False,False,False,False,False,False,False,False,ec043,0,0,0,0,0,0,0,0,0,1049,5060,0,50,0,1,0,142,1,0,0,0,0,49,50,0,0,7,0,0,-1,False,False,False,False,False,False,False,True,False,False,False,False,False,False,False,False,False,False,True,False,False,False,True,True
866,燦爛神域阿格萊亞,,False,False,False,False,False,False,False,False,True,False,False,False,False,False,True,False,False,False,False,False,False,False,False,False,False,False,False,False,False,False,False,False,False,False,False,False,False,False,False,False,False,z5r1,0,0,0,0,297,3114,112466,0,0,1054,30115,565,0,124,1,4,108,4,0,0,0,0,90,90,2,0,5,42,0,-1,False,False,False,True,True,False,True,True,False,False,False,True,True,False,True,False,False,False,True,False,False,False,True,True
867,拉哈布雷亞討伐戰,,False,False,False,False,False,False,False,False,False,False,False,False,False,False,False,False,False,False,False,False,False,False,False,False,False,False,False,False,False,False,False,False,False,False,False,False,False,False,False,False,False,ec044,0,0,0,0,0,0,0,0,0,1052,5061,0,60,0,1,0,142,1,0,0,0,0,50,50,0,0,7,0,0,-1,False,False,False,False,False,False,False,True,False,False,False,False,False,False,False,False,False,False,True,False,False,False,True,True
868,多變迷宮 希拉狄哈水道,,False,False,False,False,False,False,False,False,False,False,False,False,False,False,False,False,False,False,False,False,False,False,False,False,False,False,False,False,False,False,False,False,False,False,False,False,False,False,False,False,False,w5d1,0,0,0,0,300,5100,112493,0,0,1069,36001,575,635,0,1,4,142,11,0,0,0,0,90,90,0,0,30,0,0,-1,False,False,False,True,False,False,False,False,False,False,False,True,False,False,True,False,False,False,True,False,False,False,True,True
869,異界孤城特羅亞宮廷,,False,True,False,False,False,False,False,False,True,False,False,False,False,False,False,False,False,False,False,False,False,False,False,False,False,False,False,False,False,False,False,False,False,False,False,False,False,False,False,False,False,z5d1,0,0,0,0,296,93,112481,0,0,1070,88,575,630,96,1,4,108,2,0,0,0,0,90,90,1,0,2,37,0,-1,False,False,False,True,True,False,True,True,True,False,False,True,True,False,True,False,False,False,True,False,False,False,True,True
870,巴爾巴莉希亞殲滅戰,,False,False,False,False,False,True,False,False,True,False,False,False,False,False,False,False,False,False,False,False,False,False,False,False,False,False,False,False,False,False,False,False,False,False,False,False,False,False,False,False,False,z5fa,0,0,0,0,298,2085,112482,0,0,1071,20084,585,0,203,1,4,108,3,0,0,0,0,90,90,0,0,4,38,0,-1,False,False,False,True,True,False,True,True,False,False,False,True,True,False,True,False,False,False,True,False,False,False,True,True
871,極 巴爾巴莉希亞殲滅戰,,False,False,False,False,False,False,False,False,True,False,False,False,False,False,False,False,False,False,False,False,False,False,False,False,False,False,False,False,False,False,False,False,False,False,False,False,False,False,False,False,False,z5fa_2,0,0,0,0,298,2086,112483,0,0,1072,20085,600,0,213,1,4,108,3,0,0,0,0,90,90,1,0,4,39,0,-1,False,False,False,True,True,False,True,True,False,False,False,True,True,False,True,False,False,False,True,False,False,False,True,True
872,萬魔殿 煉淨之獄1,,False,False,False,False,False,False,False,False,True,False,False,False,False,False,False,False,True,False,False,False,False,False,False,False,False,False,False,False,False,False,False,False,False,False,False,False,False,False,False,False,False,n5r5,0,0,0,0,297,3115,112484,0,0,1081,30116,585,0,138,1,4,108,3,0,0,0,0,90,90,1,0,5,40,0,-1,False,False,False,True,True,False,True,True,False,False,False,True,True,False,True,False,False,False,True,False,False,False,True,True
873,零式萬魔殿 煉淨之獄1,,False,False,False,False,False,False,False,False,False,False,False,False,False,False,False,False,False,False,False,False,False,False,False,False,False,False,False,False,False,False,False,False,False,False,False,False,False,False,False,False,False,n5r5_2,0,0,0,0,297,3119,112485,0,0,1082,30117,600,0,150,1,4,108,3,0,0,0,0,90,90,1,0,5,41,0,-1,False,False,False,True,True,False,True,True,False,False,False,True,True,False,True,False,False,False,True,False,False,False,True,True
874,失傳的力量,,False,False,False,False,False,False,False,False,False,False,False,False,False,False,False,False,False,False,False,False,False,False,False,False,False,False,False,False,False,False,False,False,False,False,False,False,False,False,False,False,False,ec046,0,0,0,0,0,0,0,0,0,1091,5062,0,620,0,1,4,142,1,0,0,0,0,90,90,0,0,7,0,0,-1,False,False,False,False,False,False,False,True,False,False,False,False,False,False,False,False,False,False,True,False,False,False,True,True
875,,,False,False,False,False,False,False,False,False,False,False,False,False,False,False,False,False,False,False,False,False,False,False,False,False,False,False,False,False,False,False,False,False,False,False,False,False,False,False,False,False,False,,0,0,0,0,0,0,0,0,0,0,0,0,0,0,0,0,0,0,0,0,0,0,0,0,0,0,0,0,0,0,False,False,False,False,False,False,False,False,False,False,False,False,False,False,False,False,False,False,False,False,False,False,False,False
876,萬魔殿 煉淨之獄3,,False,False,False,False,False,False,False,False,True,False,False,False,False,False,False,False,True,False,False,False,False,False,False,False,False,False,False,False,False,False,False,False,False,False,False,False,False,False,False,False,False,n5r7,0,0,0,0,297,3117,112488,0,0,1085,30118,585,0,140,1,4,108,3,0,0,0,0,90,90,1,0,5,40,0,-1,False,False,False,True,True,False,True,True,False,False,False,True,True,False,True,False,False,False,True,False,False,False,True,True
877,零式萬魔殿 煉淨之獄3,,False,False,False,False,False,False,False,False,False,False,False,False,False,False,False,False,False,False,False,False,False,False,False,False,False,False,False,False,False,False,False,False,False,False,False,False,False,False,False,False,False,n5r7_2,0,0,0,0,297,3121,112489,0,0,1086,30119,610,0,152,1,4,108,3,0,0,0,0,90,90,1,0,5,41,0,-1,False,False,False,True,True,False,True,True,False,False,False,True,True,False,True,False,False,False,True,False,False,False,True,True
878,異聞迷宮 異聞希拉狄哈水道,,False,False,False,False,False,False,False,False,False,False,False,False,False,False,False,False,False,False,False,False,False,False,False,False,False,False,False,False,False,False,False,False,False,False,False,False,False,False,False,False,False,w5d2,0,0,0,0,300,5101,112494,0,0,1075,37001,610,635,0,1,4,146,31,0,0,0,0,90,90,0,5,30,0,0,-1,False,False,False,False,False,False,False,False,False,False,False,True,False,False,True,False,False,False,True,False,False,False,True,True
879,異聞迷宮 零式異聞希拉狄哈水道,,False,False,False,False,False,False,False,False,False,False,False,False,False,False,False,False,False,False,False,False,False,False,False,False,False,False,False,False,False,False,False,False,False,False,False,False,False,False,False,False,False,w5d2_2,0,0,0,0,300,5102,112495,0,0,1076,37002,0,635,0,1,4,146,2,1,0,0,0,90,90,0,0,30,0,0,-1,False,False,False,False,False,False,False,False,False,False,False,True,False,False,True,False,False,False,True,False,False,False,True,True
880,萬魔殿 煉淨之獄2,,False,False,False,False,False,False,False,False,True,False,False,False,False,False,False,False,True,False,False,False,False,False,False,False,False,False,False,False,False,False,False,False,False,False,False,False,False,False,False,False,False,n5r6,0,0,0,0,297,3116,112486,0,0,1083,30120,585,0,139,1,4,108,3,0,0,0,0,90,90,1,0,5,40,0,-1,False,False,False,True,True,False,True,True,False,False,False,True,True,False,True,False,False,False,True,False,False,False,True,True
881,零式萬魔殿 煉淨之獄2,,False,False,False,False,False,False,False,False,False,False,False,False,False,False,False,False,False,False,False,False,False,False,False,False,False,False,False,False,False,False,False,False,False,False,False,False,False,False,False,False,False,n5r6_2,0,0,0,0,297,3120,112487,0,0,1084,30121,605,0,151,1,4,108,3,0,0,0,0,90,90,1,0,5,41,0,-1,False,False,False,True,True,False,True,True,False,False,False,True,True,False,True,False,False,False,True,False,False,False,True,True
882,,,False,False,False,False,False,False,False,False,False,False,False,False,False,False,False,False,False,False,False,False,False,False,False,False,False,False,False,False,False,False,False,False,False,False,False,False,False,False,False,False,False,,0,0,0,0,0,0,0,0,0,0,0,0,0,0,0,0,0,0,0,0,0,0,0,0,0,0,0,0,0,0,False,False,False,False,False,False,False,False,False,False,False,False,False,False,False,False,False,False,False,False,False,False,False,False
883,萬魔殿 煉淨之獄4,,False,False,False,False,False,False,False,False,True,False,False,False,False,False,False,False,True,False,False,False,False,False,False,False,False,False,False,False,False,False,False,False,False,False,False,False,False,False,False,False,False,n5r8,0,0,0,0,297,3118,112490,0,0,1087,30122,585,0,141,1,4,108,3,0,0,0,0,90,90,1,0,5,40,0,-1,False,False,False,True,True,False,True,True,False,False,False,True,True,False,True,False,False,False,True,False,False,False,True,True
884,零式萬魔殿 煉淨之獄4,,False,False,False,False,False,False,False,False,False,False,False,False,False,False,False,False,False,False,False,False,False,False,False,False,False,False,False,False,False,False,False,False,False,False,False,False,False,False,False,False,False,n5r8_2,0,0,0,0,297,3122,112491,0,0,1088,30123,610,0,153,1,4,108,3,0,0,0,0,90,90,1,0,5,41,0,-1,False,False,False,True,True,False,True,True,False,False,False,True,True,False,True,False,False,False,True,False,False,False,True,True
885,皇都伊修加爾德保衛戰,,False,False,False,False,False,False,False,False,False,False,False,False,False,False,False,False,False,False,False,False,False,False,False,False,False,False,False,False,False,False,False,False,False,False,False,False,False,False,False,False,False,ec045,0,0,0,0,0,0,0,0,0,1068,5063,0,110,0,1,0,142,1,0,0,0,0,50,50,0,0,7,0,0,-1,False,False,False,False,False,False,False,True,False,False,False,False,False,False,False,False,False,False,True,False,False,False,True,True
886,盧比坎特殲滅戰,,False,False,False,False,False,True,False,False,True,False,False,False,False,False,False,False,False,False,False,False,False,False,False,False,False,False,False,False,False,False,False,False,False,False,False,False,False,False,False,False,False,m5fa,0,0,0,0,298,2088,112503,0,0,1095,20086,595,0,204,1,4,108,3,0,0,0,0,90,90,0,0,4,38,0,-1,False,False,False,True,True,False,True,True,False,False,False,True,True,False,True,False,False,False,True,False,False,False,True,True
887,,,False,False,False,False,False,False,False,False,False,False,False,False,False,False,False,False,False,False,False,False,False,False,False,False,False,False,False,False,False,False,False,False,False,False,False,False,False,False,False,False,True,mks_r06_s5p1,0,11,0,0,0,4061,112472,0,1,1032,40030,0,0,115,1,0,146,29,3,1,0,0,30,0,0,0,6,43,1,-1,True,True,False,False,False,False,False,False,False,False,False,False,False,False,True,False,False,False,True,False,True,False,True,False
888,,,False,False,False,False,False,False,False,False,False,False,False,False,False,False,False,False,False,False,False,False,False,False,False,False,False,False,False,False,False,False,False,False,False,False,False,False,False,False,False,False,True,mks_r06_s5p2,0,12,0,0,0,4062,112472,0,1,1033,40031,0,0,116,1,0,146,29,3,1,0,0,30,0,0,0,6,43,1,-1,True,True,False,False,False,False,False,False,False,False,False,False,False,False,True,False,False,False,True,False,True,False,True,False
889,,,False,False,False,False,False,False,False,False,False,False,False,False,False,False,False,False,False,False,False,False,False,False,False,False,False,False,False,False,False,False,False,False,False,False,False,False,False,False,False,False,True,mks_r06_s5p3,0,13,0,0,0,4063,112472,0,1,1034,40032,0,0,117,1,0,146,29,3,1,0,0,30,0,0,0,6,43,1,-1,True,True,False,False,False,False,False,False,False,False,False,False,False,False,True,False,False,False,True,False,True,False,True,False
890,,,False,False,False,False,False,False,False,False,False,False,False,False,False,False,False,False,False,False,False,False,False,False,False,False,False,False,False,False,False,False,False,False,False,False,False,False,False,False,False,False,True,mks_r07_s5p1,0,11,0,0,0,4064,112472,0,1,1032,40030,0,0,118,1,0,146,29,3,1,0,0,30,0,0,0,6,43,1,-1,True,True,False,False,False,False,False,False,False,False,False,False,False,False,True,False,False,False,True,False,True,False,True,False
891,,,False,False,False,False,False,False,False,False,False,False,False,False,False,False,False,False,False,False,False,False,False,False,False,False,False,False,False,False,False,False,False,False,False,False,False,False,False,False,False,False,True,mks_r07_s5p2,0,12,0,0,0,4065,112472,0,1,1033,40031,0,0,119,1,0,146,29,3,1,0,0,30,0,0,0,6,43,1,-1,True,True,False,False,False,False,False,False,False,False,False,False,False,False,True,False,False,False,True,False,True,False,True,False
892,,,False,False,False,False,False,False,False,False,False,False,False,False,False,False,False,False,False,False,False,False,False,False,False,False,False,False,False,False,False,False,False,False,False,False,False,False,False,False,False,False,True,mks_r07_s5p3,0,13,0,0,0,4066,112472,0,1,1034,40032,0,0,120,1,0,146,29,3,1,0,0,30,0,0,0,6,43,1,-1,True,True,False,False,False,False,False,False,False,False,False,False,False,False,True,False,False,False,True,False,True,False,True,False
893,,,False,False,False,False,False,False,False,False,False,False,False,False,False,False,False,False,False,False,False,False,False,False,False,False,False,False,False,False,False,False,False,False,False,False,False,False,False,False,False,False,True,mks_r08_s5p1,0,11,0,0,0,4067,112472,0,1,1032,40030,0,0,121,1,0,146,29,3,1,0,0,30,0,0,0,6,43,1,-1,True,True,False,False,False,False,False,False,False,False,False,False,False,False,True,False,False,False,True,False,True,False,True,False
894,,,False,False,False,False,False,False,False,False,False,False,False,False,False,False,False,False,False,False,False,False,False,False,False,False,False,False,False,False,False,False,False,False,False,False,False,False,False,False,False,False,True,mks_r08_s5p2,0,12,0,0,0,4068,112472,0,1,1033,40031,0,0,122,1,0,146,29,3,1,0,0,30,0,0,0,6,43,1,-1,True,True,False,False,False,False,False,False,False,False,False,False,False,False,True,False,False,False,True,False,True,False,True,False
895,,,False,False,False,False,False,False,False,False,False,False,False,False,False,False,False,False,False,False,False,False,False,False,False,False,False,False,False,False,False,False,False,False,False,False,False,False,False,False,False,False,True,mks_r08_s5p3,0,13,0,0,0,4069,112472,0,1,1034,40032,0,0,123,1,0,146,29,3,1,0,0,30,0,0,0,6,43,1,-1,True,True,False,False,False,False,False,False,False,False,False,False,False,False,True,False,False,False,True,False,True,False,True,False
896,雪山奧窟冥魂石洞,,False,True,False,False,False,False,False,False,True,False,False,False,False,False,False,False,False,False,False,False,False,False,False,False,False,False,False,False,False,False,False,False,False,False,False,False,False,False,False,False,False,m5d5,0,0,0,0,296,94,112502,0,0,1097,89,590,630,97,1,4,108,2,0,0,0,0,90,90,1,0,2,37,0,-1,False,False,False,True,True,False,True,True,True,False,False,True,True,False,True,False,False,False,True,False,False,False,True,True
897,正統優雷卡 地下1～10層,,False,False,False,False,False,False,False,False,False,False,False,False,False,False,False,False,False,False,False,False,False,False,False,False,False,False,False,False,False,False,False,False,False,False,False,False,False,False,False,False,False,dd003_001,0,0,70199,0,299,5103,112507,0,0,1099,60031,0,0,0,1,4,142,11,0,0,1,0,81,0,0,0,21,0,0,-1,False,False,False,True,False,False,True,True,False,False,False,False,False,False,True,False,False,False,True,False,False,False,True,True
898,正統優雷卡 地下11～20層,,False,False,False,False,False,False,False,False,False,False,False,False,False,False,False,False,False,False,False,False,False,False,False,False,False,False,False,False,False,False,False,False,False,False,False,False,False,False,False,False,False,dd003_002,0,0,70199,0,299,5104,112508,0,0,1100,60032,0,0,0,1,4,142,11,0,0,1,0,81,0,0,0,21,0,0,-1,False,False,False,True,False,False,True,True,False,False,False,False,False,False,True,False,False,False,True,False,False,False,True,True
899,正統優雷卡 地下21～30層,,False,False,False,False,False,False,False,False,False,False,False,False,False,False,False,False,False,False,False,False,False,False,False,False,False,False,False,False,False,False,False,False,False,False,False,False,False,False,False,False,False,dd003_003,0,0,70199,0,299,5105,112509,0,0,1101,60033,0,0,0,1,4,142,11,0,0,1,0,81,0,0,0,21,0,0,-1,False,False,False,True,False,False,True,True,False,False,False,False,False,False,True,False,False,False,True,False,False,False,True,True
900,正統優雷卡 地下31～40層,,False,False,False,False,False,False,False,False,False,False,False,False,False,False,False,False,False,False,False,False,False,False,False,False,False,False,False,False,False,False,False,False,False,False,False,False,False,False,False,False,False,dd003_004,0,0,70200,0,299,5106,112510,0,0,1102,60034,0,0,0,1,4,142,11,0,0,1,0,81,0,0,0,21,0,0,-1,False,False,False,True,False,False,True,True,False,False,False,False,False,False,True,False,False,False,True,False,False,False,True,True
901,正統優雷卡 地下41～50層,,False,False,False,False,False,False,False,False,False,False,False,False,False,False,False,False,False,False,False,False,False,False,False,False,False,False,False,False,False,False,False,False,False,False,False,False,False,False,False,False,False,dd003_005,0,0,70200,0,299,5107,112511,0,0,1103,60035,0,0,0,1,4,142,11,0,0,1,0,81,0,0,0,21,0,0,-1,False,False,False,True,False,False,True,True,False,False,False,False,False,False,True,False,False,False,True,False,False,False,True,True
902,正統優雷卡 地下51～60層,,False,False,False,False,False,False,False,False,False,False,False,False,False,False,False,False,False,False,False,False,False,False,False,False,False,False,False,False,False,False,False,False,False,False,False,False,False,False,False,False,False,dd003_006,0,0,70200,0,299,5108,112512,0,0,1104,60036,0,0,0,1,4,142,11,0,0,1,0,81,0,0,0,21,0,0,-1,False,False,False,True,False,False,True,True,False,False,False,False,False,False,True,False,False,False,True,False,False,False,True,True
903,正統優雷卡 地下61～70層,,False,False,False,False,False,False,False,False,False,False,False,False,False,False,False,False,False,False,False,False,False,False,False,False,False,False,False,False,False,False,False,False,False,False,False,False,False,False,False,False,False,dd003_007,0,0,70200,0,299,5109,112513,0,0,1105,60037,0,0,0,1,4,142,11,0,0,1,0,81,0,0,0,21,0,0,-1,False,False,False,True,False,False,True,True,False,False,False,False,False,False,True,False,False,False,True,False,False,False,True,True
904,正統優雷卡 地下71～80層,,False,False,False,False,False,False,False,False,False,False,False,False,False,False,False,False,False,False,False,False,False,False,False,False,False,False,False,False,False,False,False,False,False,False,False,False,False,False,False,False,False,dd003_008,0,0,70200,0,299,5110,112514,0,0,1106,60038,0,0,0,1,4,142,11,0,0,1,0,81,0,0,0,21,0,0,-1,False,False,False,True,False,False,True,True,False,False,False,False,False,False,True,False,False,False,True,False,False,False,True,True
905,正統優雷卡 地下81～90層,,False,False,False,False,False,False,False,False,False,False,False,False,False,False,False,False,False,False,False,False,False,False,False,False,False,False,False,False,False,False,False,False,False,False,False,False,False,False,False,False,False,dd003_009,0,0,70200,0,299,5111,112515,0,0,1107,60039,0,0,0,1,4,142,11,0,0,1,0,81,0,0,0,21,0,0,-1,False,False,False,True,False,False,True,True,False,False,False,False,False,False,True,False,False,False,True,False,False,False,True,True
906,正統優雷卡 地下91～100層,,False,False,False,False,False,False,False,False,False,False,False,False,False,False,False,False,False,False,False,False,False,False,False,False,False,False,False,False,False,False,False,False,False,False,False,False,False,False,False,False,False,dd003_010,0,0,70200,0,299,5112,112516,0,0,1108,60040,0,0,0,1,4,142,11,0,0,1,0,81,0,0,0,21,0,0,-1,False,False,False,True,False,False,True,True,False,False,False,False,False,False,True,False,False,False,True,False,False,False,True,True
907,充滿活力的父子,,False,False,False,False,False,False,False,False,False,False,False,False,False,False,False,False,False,False,False,False,False,False,False,False,False,False,False,False,False,False,False,False,False,False,False,False,False,False,False,False,False,ec047,0,0,0,0,0,0,0,0,0,1115,5064,0,0,0,1,4,142,1,0,0,0,0,90,90,0,0,7,0,0,-1,False,False,False,False,False,False,False,True,False,False,False,False,False,False,False,False,False,False,True,False,False,False,True,True
908,絕 歐米茄驗證戰,,False,False,False,False,False,False,False,False,False,False,False,False,False,False,False,False,False,False,False,False,False,False,False,False,False,False,False,False,False,False,False,False,False,False,False,False,False,False,False,False,False,z3oz,0,0,0,0,297,3124,112518,0,0,1122,30124,0,635,1005,1,4,142,3,1,0,0,0,90,90,0,3,28,0,0,-1,False,False,False,False,False,False,False,False,False,False,False,True,False,True,True,False,False,False,True,False,False,False,True,True
909,厄爾庇斯育體寶殿,,False,False,False,False,False,False,False,False,False,False,False,False,False,False,False,False,False,False,False,False,False,False,False,False,False,False,False,False,False,False,False,False,False,False,False,False,False,False,False,False,False,n5c1,0,0,0,0,0,9011,0,0,0,1123,55011,0,635,0,1,4,108,3,0,0,0,0,1,90,0,0,9,0,0,-1,False,False,False,True,False,False,False,True,False,False,False,False,False,False,False,False,True,False,True,False,False,False,True,True
910,未料想過的交易,,False,False,False,False,False,False,False,False,False,False,False,False,False,False,False,False,False,False,False,False,False,False,False,False,False,False,False,False,False,False,False,False,False,False,False,False,False,False,False,False,False,ec048,0,0,0,0,0,0,0,0,0,1120,5065,0,630,0,1,4,142,1,0,0,0,0,90,90,0,0,7,0,0,-1,False,False,False,False,False,False,False,True,False,False,False,False,False,False,False,False,False,False,True,False,False,False,True,True
911,喜悅神域歐芙洛緒涅,,False,False,False,False,False,False,False,False,True,False,False,False,False,False,True,False,False,False,False,False,False,False,False,False,False,False,False,False,False,False,False,False,False,False,False,False,False,False,False,False,False,z5r2,0,0,0,0,297,3123,112505,0,0,1118,30125,595,0,125,1,4,108,4,0,0,0,0,90,90,2,0,5,42,0,-1,False,False,False,True,True,False,True,True,False,False,False,True,True,False,True,False,False,False,True,False,False,False,True,True
912,機關大殿,,False,False,False,False,False,False,False,False,False,False,False,False,False,False,False,False,False,False,False,False,False,False,False,False,False,False,False,False,False,False,False,False,False,False,False,False,False,False,False,True,False,mks_c01_s5p4,0,14,0,0,0,4070,112471,0,2,1116,40036,0,0,9,1,0,146,29,3,1,0,0,30,0,0,0,6,43,0,-1,True,True,False,False,False,False,False,False,False,False,False,False,False,False,True,False,False,False,True,False,True,False,True,True
913,機關大殿,,False,False,False,False,False,False,False,False,False,False,False,False,False,False,False,False,False,False,False,False,False,False,False,False,False,False,False,False,False,False,False,False,False,False,False,False,False,False,False,True,False,mks_c02_s5p4,0,14,0,0,0,4070,112471,0,2,1116,40036,0,0,10,1,0,146,29,3,1,0,0,30,0,0,0,6,43,0,-1,True,True,False,False,False,False,False,False,False,False,False,False,False,False,True,False,False,False,True,False,True,False,True,True
914,機關大殿,,False,False,False,False,False,False,False,False,False,False,False,False,False,False,False,False,False,False,False,False,False,False,False,False,False,False,False,False,False,False,False,False,False,False,False,False,False,False,False,True,False,mks_c03_s5p4,0,14,0,0,0,4070,112471,0,2,1116,40036,0,0,11,1,0,146,29,3,1,0,0,30,0,0,0,6,43,0,-1,True,True,False,False,False,False,False,False,False,False,False,False,False,False,True,False,False,False,True,False,True,False,True,True
915,機關大殿,,False,False,False,False,False,False,False,False,False,False,False,False,False,False,False,False,False,False,False,False,False,False,False,False,False,False,False,False,False,False,False,False,False,False,False,False,False,False,False,False,True,mks_r01_s5p4,0,15,0,0,0,4070,112472,0,1,1116,40037,0,0,124,1,0,146,29,3,1,0,0,30,0,0,0,6,43,1,-1,True,True,False,False,False,False,False,False,False,False,False,False,False,False,True,False,False,False,True,False,True,False,True,False
916,機關大殿,,False,False,False,False,False,False,False,False,False,False,False,False,False,False,False,False,False,False,False,False,False,False,False,False,False,False,False,False,False,False,False,False,False,False,False,False,False,False,False,False,True,mks_r02_s5p4,0,15,0,0,0,4070,112472,0,1,1116,40037,0,0,125,1,0,146,29,3,1,0,0,30,0,0,0,6,43,1,-1,True,True,False,False,False,False,False,False,False,False,False,False,False,False,True,False,False,False,True,False,True,False,True,False
917,機關大殿,,False,False,False,False,False,False,False,False,False,False,False,False,False,False,False,False,False,False,False,False,False,False,False,False,False,False,False,False,False,False,False,False,False,False,False,False,False,False,False,False,True,mks_r03_s5p4,0,15,0,0,0,4070,112472,0,1,1116,40037,0,0,126,1,0,146,29,3,1,0,0,30,0,0,0,6,43,1,-1,True,True,False,False,False,False,False,False,False,False,False,False,False,False,True,False,False,False,True,False,True,False,True,False
918,機關大殿,,False,False,False,False,False,False,False,False,False,False,False,False,False,False,False,False,False,False,False,False,False,False,False,False,False,False,False,False,False,False,False,False,False,False,False,False,False,False,False,False,True,mks_r04_s5p4,0,15,0,0,0,4070,112472,0,1,1116,40037,0,0,127,1,0,146,29,3,1,0,0,30,0,0,0,6,43,1,-1,True,True,False,False,False,False,False,False,False,False,False,False,False,False,True,False,False,False,True,False,True,False,True,False
919,機關大殿,,False,False,False,False,False,False,False,False,False,False,False,False,False,False,False,False,False,False,False,False,False,False,False,False,False,False,False,False,False,False,False,False,False,False,False,False,False,False,False,False,True,mks_r05_s5p4,0,15,0,0,0,4070,112472,0,1,1116,40037,0,0,128,1,0,146,29,3,1,0,0,30,0,0,0,6,43,1,-1,True,True,False,False,False,False,False,False,False,False,False,False,False,False,True,False,False,False,True,False,True,False,True,False
920,機關大殿,,False,False,False,False,False,False,False,False,False,False,False,False,False,False,False,False,False,False,False,False,False,False,False,False,False,False,False,False,False,False,False,False,False,False,False,False,False,False,False,False,True,mks_r06_s5p4,0,15,0,0,0,4070,112472,0,1,1116,40037,0,0,129,1,0,146,29,3,1,0,0,30,0,0,0,6,43,1,-1,True,True,False,False,False,False,False,False,False,False,False,False,False,False,True,False,False,False,True,False,True,False,True,False
921,機關大殿,,False,False,False,False,False,False,False,False,False,False,False,False,False,False,False,False,False,False,False,False,False,False,False,False,False,False,False,False,False,False,False,False,False,False,False,False,False,False,False,False,True,mks_r07_s5p4,0,15,0,0,0,4070,112472,0,1,1116,40037,0,0,130,1,0,146,29,3,1,0,0,30,0,0,0,6,43,1,-1,True,True,False,False,False,False,False,False,False,False,False,False,False,False,True,False,False,False,True,False,True,False,True,False
922,機關大殿,,False,False,False,False,False,False,False,False,False,False,False,False,False,False,False,False,False,False,False,False,False,False,False,False,False,False,False,False,False,False,False,False,False,False,False,False,False,False,False,False,True,mks_r08_s5p4,0,15,0,0,0,4070,112472,0,1,1116,40037,0,0,131,1,0,146,29,3,1,0,0,30,0,0,0,6,43,1,-1,True,True,False,False,False,False,False,False,False,False,False,False,False,False,True,False,False,False,True,False,True,False,True,False
923,水晶衝突（機關大殿：自定賽）,機關大殿,False,False,False,False,False,False,False,False,False,False,False,False,False,False,False,False,False,False,False,False,False,False,False,False,False,False,False,False,False,False,False,False,False,False,False,False,False,False,False,False,False,mks_ctm_s5p4,0,0,0,0,0,4071,112517,0,0,1117,40038,0,0,203,1,0,146,30,0,0,0,0,30,0,0,0,6,44,0,-1,True,True,False,False,False,False,False,False,False,False,False,True,True,False,True,False,False,False,True,False,True,False,True,True
924,極 盧比坎特殲滅戰,,False,False,False,False,False,False,False,False,True,False,False,False,False,False,False,False,False,False,False,False,False,False,False,False,False,False,False,False,False,False,False,False,False,False,False,False,False,False,False,False,False,m5fa_2,0,0,0,0,298,2089,112504,0,0,1096,20087,610,0,214,1,4,108,3,0,0,0,0,90,90,1,0,4,39,0,-1,False,False,False,True,True,False,True,True,False,False,False,True,True,False,True,False,False,False,True,False,False,False,True,True
925,毒蛇劍士的使命,,False,False,False,False,False,False,False,False,False,False,False,False,False,False,False,False,False,False,False,False,False,False,False,False,False,False,False,False,False,False,False,False,False,False,False,False,False,False,False,False,False,ec061,0,0,0,0,0,0,0,0,0,1235,5072,0,525,0,1,5,108,1,0,0,0,0,80,80,0,0,7,0,0,-1,False,False,False,False,False,False,False,True,False,False,False,False,False,False,False,False,False,False,True,False,False,False,True,True
926,,,False,False,False,False,False,False,False,False,False,False,False,False,False,False,False,False,False,False,False,False,False,False,False,False,False,False,False,False,False,False,False,False,False,False,False,False,False,False,False,False,False,,0,0,0,0,0,0,0,0,0,0,0,0,0,0,0,0,0,0,0,0,0,0,0,0,0,0,0,0,0,0,False,False,False,False,False,False,False,False,False,False,False,False,False,False,False,False,False,False,False,False,False,False,False,False
927,登高跳跳樂大挑戰,,False,False,False,False,False,False,False,False,False,False,False,False,False,False,False,False,False,False,False,False,False,False,False,False,False,False,False,False,False,False,False,False,False,False,False,False,False,False,False,False,False,climb2_019,0,0,0,0,0,8019,112520,0,0,1098,34,0,0,0,3,0,109,19,0,0,0,0,1,0,0,0,19,0,0,-1,False,False,False,True,False,False,True,False,False,False,False,False,False,False,True,False,False,False,False,False,False,False,True,True
928,登高跳跳樂大挑戰,,False,False,False,False,False,False,False,False,False,False,False,False,False,False,False,False,False,False,False,False,False,False,False,False,False,False,False,False,False,False,False,False,False,False,False,False,False,False,False,False,False,climb2_020,0,0,0,0,0,8019,112520,0,0,1098,35,0,0,0,3,0,109,19,0,0,0,0,1,0,0,0,19,0,0,-1,False,False,False,True,False,False,True,False,False,False,False,False,False,False,True,False,False,False,False,False,False,False,True,True
929,登高跳跳樂大挑戰,,False,False,False,False,False,False,False,False,False,False,False,False,False,False,False,False,False,False,False,False,False,False,False,False,False,False,False,False,False,False,False,False,False,False,False,False,False,False,False,False,False,climb2_021,0,0,0,0,0,8019,112520,0,0,1098,36,0,0,0,3,0,109,19,0,0,0,0,1,0,0,0,19,0,0,-1,False,False,False,True,False,False,True,False,False,False,False,False,False,False,True,False,False,False,False,False,False,False,True,True
930,登高跳跳樂大挑戰,,False,False,False,False,False,False,False,False,False,False,False,False,False,False,False,False,False,False,False,False,False,False,False,False,False,False,False,False,False,False,False,False,False,False,False,False,False,False,False,False,False,climb2_022,0,0,0,0,0,8019,112520,0,0,1098,37,0,0,0,3,0,109,19,0,0,0,0,1,0,0,0,19,0,0,-1,False,False,False,True,False,False,True,False,False,False,False,False,False,False,True,False,False,False,False,False,False,False,True,True
931,登高跳跳樂大挑戰,,False,False,False,False,False,False,False,False,False,False,False,False,False,False,False,False,False,False,False,False,False,False,False,False,False,False,False,False,False,False,False,False,False,False,False,False,False,False,False,False,False,climb2_023,0,0,0,0,0,8019,112520,0,0,1098,38,0,0,0,3,0,109,19,0,0,0,0,1,0,0,0,19,0,0,-1,False,False,False,True,False,False,True,False,False,False,False,False,False,False,True,False,False,False,False,False,False,False,True,True
932,登高跳跳樂大挑戰,,False,False,False,False,False,False,False,False,False,False,False,False,False,False,False,False,False,False,False,False,False,False,False,False,False,False,False,False,False,False,False,False,False,False,False,False,False,False,False,False,False,climb2_024,0,0,0,0,0,8019,112520,0,0,1098,39,0,0,0,3,0,109,19,0,0,0,0,1,0,0,0,19,0,0,-1,False,False,False,True,False,False,True,False,False,False,False,False,False,False,True,False,False,False,False,False,False,False,True,True
933,登高跳跳樂大挑戰,,False,False,False,False,False,False,False,False,False,False,False,False,False,False,False,False,False,False,False,False,False,False,False,False,False,False,False,False,False,False,False,False,False,False,False,False,False,False,False,False,False,climb2_025,0,0,0,0,0,8019,112520,0,0,1098,40,0,0,0,3,0,109,19,0,0,0,0,1,0,0,0,19,0,0,-1,False,False,False,True,False,False,True,False,False,False,False,False,False,False,True,False,False,False,False,False,False,False,True,True
934,登高跳跳樂大挑戰,,False,False,False,False,False,False,False,False,False,False,False,False,False,False,False,False,False,False,False,False,False,False,False,False,False,False,False,False,False,False,False,False,False,False,False,False,False,False,False,False,False,climb2_026,0,0,0,0,0,8019,112520,0,0,1098,41,0,0,0,3,0,109,19,0,0,0,0,1,0,0,0,19,0,0,-1,False,False,False,True,False,False,True,False,False,False,False,False,False,False,True,False,False,False,False,False,False,False,True,True
935,登高跳跳樂大挑戰,,False,False,False,False,False,False,False,False,False,False,False,False,False,False,False,False,False,False,False,False,False,False,False,False,False,False,False,False,False,False,False,False,False,False,False,False,False,False,False,False,False,climb2_027,0,0,0,0,0,8019,112520,0,0,1098,42,0,0,0,3,0,109,19,0,0,0,0,1,0,0,0,19,0,0,-1,False,False,False,True,False,False,True,False,False,False,False,False,False,False,True,False,False,False,False,False,False,False,True,True
936,萬魔殿 荒天之獄1,,False,False,False,False,False,False,False,False,True,False,False,False,False,False,False,False,True,False,False,False,False,False,False,False,False,False,False,False,False,False,False,False,False,False,False,False,False,False,False,False,False,n5r9,0,0,0,0,297,3125,112524,0,0,1147,30126,615,0,142,1,4,108,3,0,0,0,0,90,90,1,0,5,40,0,-1,False,False,False,True,True,False,True,True,False,False,False,True,True,False,True,False,False,False,True,False,False,False,True,True
937,零式萬魔殿 荒天之獄1,,False,False,False,False,False,False,False,False,False,False,False,False,False,False,False,False,False,False,False,False,False,False,False,False,False,False,False,False,False,False,False,False,False,False,False,False,False,False,False,False,False,n5r9_2,0,0,0,0,297,3129,112525,0,0,1148,30127,630,0,154,1,4,108,3,0,0,0,0,90,90,1,0,5,41,0,-1,False,False,False,True,True,False,True,True,False,False,False,True,True,False,True,False,False,False,True,False,False,False,True,True
938,萬魔殿 荒天之獄2,,False,False,False,False,False,False,False,False,True,False,False,False,False,False,False,False,True,False,False,False,False,False,False,False,False,False,False,False,False,False,False,False,False,False,False,False,False,False,False,False,False,n5ra,0,0,0,0,297,3126,112526,0,0,1149,30128,615,0,143,1,4,108,3,0,0,0,0,90,90,1,0,5,40,0,-1,False,False,False,True,True,False,True,True,False,False,False,True,True,False,True,False,False,False,True,False,False,False,True,True
939,零式萬魔殿 荒天之獄2,,False,False,False,False,False,False,False,False,False,False,False,False,False,False,False,False,False,False,False,False,False,False,False,False,False,False,False,False,False,False,False,False,False,False,False,False,False,False,False,False,False,n5ra_2,0,0,0,0,297,3130,112527,0,0,1150,30129,635,0,155,1,4,108,3,0,0,0,0,90,90,1,0,5,41,0,-1,False,False,False,True,True,False,True,True,False,False,False,True,True,False,True,False,False,False,True,False,False,False,True,True
940,萬魔殿 荒天之獄3,,False,False,False,False,False,False,False,False,True,False,False,False,False,False,False,False,True,False,False,False,False,False,False,False,False,False,False,False,False,False,False,False,False,False,False,False,False,False,False,False,False,n5rb,0,0,0,0,297,3127,112528,0,0,1151,30130,615,0,144,1,4,108,3,0,0,0,0,90,90,1,0,5,40,0,-1,False,False,False,True,True,False,True,True,False,False,False,True,True,False,True,False,False,False,True,False,False,False,True,True
941,零式萬魔殿 荒天之獄3,,False,False,False,False,False,False,False,False,False,False,False,False,False,False,False,False,False,False,False,False,False,False,False,False,False,False,False,False,False,False,False,False,False,False,False,False,False,False,False,False,False,n5rb_2,0,0,0,0,297,3131,112529,0,0,1152,30131,640,0,156,1,4,108,3,0,0,0,0,90,90,1,0,5,41,0,-1,False,False,False,True,True,False,True,True,False,False,False,True,True,False,True,False,False,False,True,False,False,False,True,True
942,萬魔殿 荒天之獄4,,False,False,False,False,False,False,False,False,True,False,False,False,False,False,False,False,True,False,False,False,False,False,False,False,False,False,False,False,False,False,False,False,False,False,False,False,False,False,False,False,False,n5rc,0,0,0,0,297,3128,112530,0,0,1153,30132,615,0,145,1,4,108,3,0,0,0,0,90,90,1,0,5,40,0,-1,False,False,False,True,True,False,True,True,False,False,False,True,True,False,True,False,False,False,True,False,False,False,True,True
943,零式萬魔殿 荒天之獄4,,False,False,False,False,False,False,False,False,False,False,False,False,False,False,False,False,False,False,False,False,False,False,False,False,False,False,False,False,False,False,False,False,False,False,False,False,False,False,False,False,False,n5rc_2,0,0,0,0,297,3132,112531,0,0,1154,30133,640,0,157,1,4,108,3,0,0,0,0,90,90,1,0,5,41,0,-1,False,False,False,True,True,False,True,True,False,False,False,True,True,False,True,False,False,False,True,False,False,False,True,True
944,阿修羅殲滅戰,,False,False,False,False,False,True,False,False,True,False,False,False,False,False,False,False,False,False,False,False,False,False,False,False,False,False,False,False,False,False,False,False,False,False,False,False,False,False,False,False,False,m5fb,0,0,0,0,298,2095,112536,0,0,1136,20088,625,0,207,1,4,108,3,0,0,0,0,90,90,0,0,4,38,0,-1,False,False,False,True,True,False,True,True,False,False,False,True,True,False,True,False,False,False,True,False,False,False,True,True
945,多變迷宮 六根山,,False,False,False,False,False,False,False,False,False,False,False,False,False,False,False,False,False,False,False,False,False,False,False,False,False,False,False,False,False,False,False,False,False,False,False,False,False,False,False,False,False,e5d1,0,0,0,0,300,5113,112533,0,0,1137,36002,605,665,0,1,4,142,11,0,0,0,0,90,90,0,0,30,0,0,-1,False,False,False,True,False,False,False,False,False,False,False,True,False,False,True,False,False,False,True,False,False,False,True,True
946,異聞迷宮 異聞六根山,,False,False,False,False,False,False,False,False,False,False,False,False,False,False,False,False,False,False,False,False,False,False,False,False,False,False,False,False,False,False,False,False,False,False,False,False,False,False,False,False,False,e5d2,0,0,0,0,300,5114,112534,0,0,1155,37003,640,665,0,1,4,146,31,0,0,0,0,90,90,0,5,30,0,0,-1,False,False,False,False,False,False,False,False,False,False,False,True,False,False,True,False,False,False,True,False,False,False,True,True
947,異聞迷宮 零式異聞六根山,,False,False,False,False,False,False,False,False,False,False,False,False,False,False,False,False,False,False,False,False,False,False,False,False,False,False,False,False,False,False,False,False,False,False,False,False,False,False,False,False,False,e5d2_2,0,0,0,0,300,5115,112535,0,0,1156,37004,0,665,0,1,4,146,2,1,0,0,0,90,90,0,0,30,0,0,-1,False,False,False,False,False,False,False,False,False,False,False,True,False,False,True,False,False,False,True,False,False,False,True,True
948,黃金鬥士——金德爾,,False,False,False,False,False,False,False,False,False,False,False,False,False,False,False,False,False,False,False,False,False,False,False,False,False,False,False,False,False,False,False,False,False,False,False,False,False,False,False,False,False,aoz032,0,0,70313,0,0,0,112332,0,0,796,35032,0,0,0,1,3,129,1,0,0,1,0,80,80,0,0,27,0,0,-1,False,False,False,False,False,False,False,True,False,False,False,False,False,False,True,False,False,False,True,False,False,False,True,True
949,高貝扎殲滅戰,,False,False,False,False,False,True,False,False,True,False,False,False,False,False,False,False,False,False,False,False,False,False,False,False,False,False,False,False,False,False,False,False,False,False,False,False,False,False,False,False,False,z5fb,0,0,0,0,298,2092,112522,0,0,1140,20089,615,0,205,1,4,108,3,0,0,0,0,90,90,0,0,4,38,0,-1,False,False,False,True,True,False,True,True,False,False,False,True,True,False,True,False,False,False,True,False,False,False,True,True
950,極 高貝扎殲滅戰,,False,False,False,False,False,False,False,False,True,False,False,False,False,False,False,False,False,False,False,False,False,False,False,False,False,False,False,False,False,False,False,False,False,False,False,False,False,False,False,False,False,z5fb_2,0,0,0,0,298,2093,112523,0,0,1141,20090,630,0,215,1,4,108,3,0,0,0,0,90,90,1,0,4,39,0,-1,False,False,False,True,True,False,True,True,False,False,False,True,True,False,True,False,False,False,True,False,False,False,True,True
951,,,False,False,False,False,False,False,False,False,False,False,False,False,False,False,False,False,False,False,False,False,False,False,False,False,False,False,False,False,False,False,False,False,False,False,False,False,False,False,False,False,False,,0,0,0,0,0,0,0,0,0,0,0,0,0,0,0,0,0,0,0,0,0,0,0,0,0,0,0,0,0,0,False,False,False,False,False,False,False,False,False,False,False,False,False,False,False,False,False,False,False,False,False,False,False,False
952,出海垂釣,,False,False,False,False,False,False,False,False,False,False,False,False,False,False,False,False,False,False,False,False,False,False,False,False,False,False,False,False,False,False,False,False,False,False,False,False,False,False,False,False,False,ikd013,0,5,69379,0,0,6009,112383,0,0,1163,63012,0,0,0,1,2,19,25,0,0,1,0,1,0,0,0,16,0,0,-1,False,False,False,True,False,False,False,False,False,False,False,False,False,False,True,False,False,False,True,False,False,True,True,True
953,出海垂釣,,False,False,False,False,False,False,False,False,False,False,False,False,False,False,False,False,False,False,False,False,False,False,False,False,False,False,False,False,False,False,False,False,False,False,False,False,False,False,False,False,False,ikd014,0,5,69379,0,0,6009,112383,0,0,1163,63013,0,0,0,1,2,19,25,0,0,1,0,1,0,0,0,16,0,0,-1,False,False,False,True,False,False,False,False,False,False,False,False,False,False,True,False,False,False,True,False,False,True,True,True
954,出海垂釣,,False,False,False,False,False,False,False,False,False,False,False,False,False,False,False,False,False,False,False,False,False,False,False,False,False,False,False,False,False,False,False,False,False,False,False,False,False,False,False,False,False,ikd015,0,5,69379,0,0,6009,112383,0,0,1163,63014,0,0,0,1,2,19,25,0,0,1,0,1,0,0,0,16,0,0,-1,False,False,False,True,False,False,False,False,False,False,False,False,False,False,True,False,False,False,True,False,False,True,True,True
955,出海垂釣,,False,False,False,False,False,False,False,False,False,False,False,False,False,False,False,False,False,False,False,False,False,False,False,False,False,False,False,False,False,False,False,False,False,False,False,False,False,False,False,False,False,ikd016,0,5,69379,0,0,6009,112383,0,0,1163,63015,0,0,0,1,2,19,25,0,0,1,0,1,0,0,0,16,0,0,-1,False,False,False,True,False,False,False,False,False,False,False,False,False,False,True,False,False,False,True,False,False,True,True,True
956,出海垂釣,,False,False,False,False,False,False,False,False,False,False,False,False,False,False,False,False,False,False,False,False,False,False,False,False,False,False,False,False,False,False,False,False,False,False,False,False,False,False,False,False,False,ikd017,0,5,69379,0,0,6009,112383,0,0,1163,63016,0,0,0,1,2,19,25,0,0,1,0,1,0,0,0,16,0,0,-1,False,False,False,True,False,False,False,False,False,False,False,False,False,False,True,False,False,False,True,False,False,True,True,True
957,出海垂釣,,False,False,False,False,False,False,False,False,False,False,False,False,False,False,False,False,False,False,False,False,False,False,False,False,False,False,False,False,False,False,False,False,False,False,False,False,False,False,False,False,False,ikd018,0,5,69379,0,0,6009,112383,0,0,1163,63017,0,0,0,1,2,19,25,0,0,1,0,1,0,0,0,16,0,0,-1,False,False,False,True,False,False,False,False,False,False,False,False,False,False,True,False,False,False,True,False,False,True,True,True
958,金碟巨豆中心,,False,False,False,False,False,False,False,False,False,False,False,False,False,False,False,False,False,False,False,False,False,False,False,False,False,False,False,False,False,False,False,False,False,False,False,False,False,False,False,False,False,w1ek,0,0,70337,0,0,8020,112552,80132,0,1165,43,0,0,0,3,0,109,32,0,0,1,0,1,0,0,0,19,0,0,-1,False,True,False,True,False,False,True,False,False,False,False,False,False,False,True,False,False,False,False,False,False,False,True,True
959,縱使前路獄火焰毒,,False,False,False,False,False,False,False,False,False,False,False,False,False,False,False,False,False,False,False,False,False,False,False,False,False,False,False,False,False,False,False,False,False,False,False,False,False,False,False,False,False,w1fd,0,0,0,0,0,0,0,0,0,1166,5066,0,110,0,1,0,142,1,0,0,0,0,50,50,0,0,7,0,0,-1,False,False,False,False,False,False,False,True,False,False,False,False,False,False,False,False,False,False,True,False,False,False,True,True
960,那雙眼中映出的是,,False,False,False,False,False,False,False,False,False,False,False,False,False,False,False,False,False,False,False,False,False,False,False,False,False,False,False,False,False,False,False,False,False,False,False,False,False,False,False,False,False,ec049,0,0,0,0,0,0,0,0,0,1177,5067,0,660,0,1,4,142,1,0,0,0,0,90,90,0,0,7,0,0,-1,False,False,False,False,False,False,False,True,False,False,False,False,False,False,False,False,False,False,True,False,False,False,True,True
961,多變迷宮 阿羅阿羅島,,False,False,False,False,False,False,False,False,False,False,False,False,False,False,False,False,False,False,False,False,False,False,False,False,False,False,False,False,False,False,False,False,False,False,False,False,False,False,False,False,False,o5d1,0,0,0,0,300,5116,112549,0,0,1176,36003,605,665,0,1,4,142,11,0,0,0,0,90,90,0,0,30,0,0,-1,False,False,False,True,False,False,False,False,False,False,False,True,False,False,True,False,False,False,True,False,False,False,True,True
962,榮華神域塔利亞,,False,False,False,False,False,False,False,False,True,False,False,False,False,False,True,False,False,False,False,False,False,False,False,False,False,False,False,False,False,False,False,False,False,False,False,False,False,False,False,False,False,z5r3,0,0,0,0,297,3133,112546,0,0,1178,30134,625,0,126,1,4,108,4,0,0,0,0,90,90,2,0,5,42,0,-1,False,False,False,True,True,False,True,True,False,False,False,True,True,False,True,False,False,True,True,False,False,False,True,True
963,,,False,False,False,False,False,False,False,False,False,False,False,False,False,False,False,False,False,False,False,False,False,False,False,False,False,False,False,False,False,False,False,False,False,False,False,False,False,False,False,False,False,,0,0,0,0,0,0,0,0,0,0,0,0,0,0,0,0,0,0,0,0,0,0,0,0,0,0,0,0,0,0,False,False,False,False,False,False,False,False,False,False,False,False,False,False,False,False,False,False,False,False,False,False,False,False
964,澤羅姆斯殲滅戰,,False,False,False,False,False,True,False,False,True,False,False,False,False,False,False,False,False,False,False,False,False,False,False,False,False,False,False,False,False,False,False,False,False,False,False,False,False,False,False,False,False,z5fc,0,0,0,0,298,2096,112544,0,0,1168,20091,625,0,206,1,4,108,3,0,0,0,0,90,90,0,0,4,38,0,-1,False,False,False,True,True,False,True,True,False,False,False,True,True,False,True,False,False,False,True,False,False,False,True,True
965,極 澤羅姆斯殲滅戰,,False,False,False,False,False,False,False,False,True,False,False,False,False,False,False,False,False,False,False,False,False,False,False,False,False,False,False,False,False,False,False,False,False,False,False,False,False,False,False,False,False,z5fc_2,0,0,0,0,298,2097,112545,0,0,1169,20092,640,0,216,1,4,108,3,0,0,0,0,90,90,1,0,4,39,0,-1,False,False,False,True,True,False,True,True,False,False,False,True,True,False,True,False,False,False,True,False,False,False,True,True
966,旅行畫家的幻想旅程,,False,False,False,False,False,False,False,False,False,False,False,False,False,False,False,False,False,False,False,False,False,False,False,False,False,False,False,False,False,False,False,False,False,False,False,False,False,False,False,False,False,ec060,0,0,0,0,0,0,0,0,0,1234,5074,0,655,0,1,5,108,1,0,0,0,0,90,90,0,0,7,0,0,-1,False,False,False,False,False,False,False,True,False,False,False,False,False,False,False,False,False,False,True,False,False,False,True,True
967,赤土紅沙,,False,False,False,False,False,False,False,False,False,False,False,False,False,False,False,False,False,False,False,False,False,False,False,False,False,False,False,False,False,False,False,False,False,False,False,False,False,False,False,True,False,mks_c01_s5p5,0,16,0,0,0,4072,112471,0,2,1138,40039,0,0,12,1,0,146,29,3,1,0,0,30,0,0,0,6,43,0,-1,True,True,False,False,False,False,False,False,False,False,False,False,False,False,True,False,False,False,True,False,True,False,True,True
968,赤土紅沙,,False,False,False,False,False,False,False,False,False,False,False,False,False,False,False,False,False,False,False,False,False,False,False,False,False,False,False,False,False,False,False,False,False,False,False,False,False,False,False,True,False,mks_c02_s5p5,0,16,0,0,0,4072,112471,0,2,1138,40039,0,0,13,1,0,146,29,3,1,0,0,30,0,0,0,6,43,0,-1,True,True,False,False,False,False,False,False,False,False,False,False,False,False,True,False,False,False,True,False,True,False,True,True
969,赤土紅沙,,False,False,False,False,False,False,False,False,False,False,False,False,False,False,False,False,False,False,False,False,False,False,False,False,False,False,False,False,False,False,False,False,False,False,False,False,False,False,False,True,False,mks_c03_s5p5,0,16,0,0,0,4072,112471,0,2,1138,40039,0,0,14,1,0,146,29,3,1,0,0,30,0,0,0,6,43,0,-1,True,True,False,False,False,False,False,False,False,False,False,False,False,False,True,False,False,False,True,False,True,False,True,True
970,赤土紅沙,,False,False,False,False,False,False,False,False,False,False,False,False,False,False,False,False,False,False,False,False,False,False,False,False,False,False,False,False,False,False,False,False,False,False,False,False,False,False,False,False,True,mks_r01_s5p5,0,17,0,0,0,4072,112472,0,1,1138,40040,0,0,132,1,0,146,29,3,1,0,0,30,0,0,0,6,43,1,-1,True,True,False,False,False,False,False,False,False,False,False,False,False,False,True,False,False,False,True,False,True,False,True,False
971,赤土紅沙,,False,False,False,False,False,False,False,False,False,False,False,False,False,False,False,False,False,False,False,False,False,False,False,False,False,False,False,False,False,False,False,False,False,False,False,False,False,False,False,False,True,mks_r02_s5p5,0,17,0,0,0,4072,112472,0,1,1138,40040,0,0,133,1,0,146,29,3,1,0,0,30,0,0,0,6,43,1,-1,True,True,False,False,False,False,False,False,False,False,False,False,False,False,True,False,False,False,True,False,True,False,True,False
972,赤土紅沙,,False,False,False,False,False,False,False,False,False,False,False,False,False,False,False,False,False,False,False,False,False,False,False,False,False,False,False,False,False,False,False,False,False,False,False,False,False,False,False,False,True,mks_r03_s5p5,0,17,0,0,0,4072,112472,0,1,1138,40040,0,0,134,1,0,146,29,3,1,0,0,30,0,0,0,6,43,1,-1,True,True,False,False,False,False,False,False,False,False,False,False,False,False,True,False,False,False,True,False,True,False,True,False
973,赤土紅沙,,False,False,False,False,False,False,False,False,False,False,False,False,False,False,False,False,False,False,False,False,False,False,False,False,False,False,False,False,False,False,False,False,False,False,False,False,False,False,False,False,True,mks_r04_s5p5,0,17,0,0,0,4072,112472,0,1,1138,40040,0,0,135,1,0,146,29,3,1,0,0,30,0,0,0,6,43,1,-1,True,True,False,False,False,False,False,False,False,False,False,False,False,False,True,False,False,False,True,False,True,False,True,False
974,赤土紅沙,,False,False,False,False,False,False,False,False,False,False,False,False,False,False,False,False,False,False,False,False,False,False,False,False,False,False,False,False,False,False,False,False,False,False,False,False,False,False,False,False,True,mks_r05_s5p5,0,17,0,0,0,4072,112472,0,1,1138,40040,0,0,136,1,0,146,29,3,1,0,0,30,0,0,0,6,43,1,-1,True,True,False,False,False,False,False,False,False,False,False,False,False,False,True,False,False,False,True,False,True,False,True,False
975,赤土紅沙,,False,False,False,False,False,False,False,False,False,False,False,False,False,False,False,False,False,False,False,False,False,False,False,False,False,False,False,False,False,False,False,False,False,False,False,False,False,False,False,False,True,mks_r06_s5p5,0,17,0,0,0,4072,112472,0,1,1138,40040,0,0,137,1,0,146,29,3,1,0,0,30,0,0,0,6,43,1,-1,True,True,False,False,False,False,False,False,False,False,False,False,False,False,True,False,False,False,True,False,True,False,True,False
976,赤土紅沙,,False,False,False,False,False,False,False,False,False,False,False,False,False,False,False,False,False,False,False,False,False,False,False,False,False,False,False,False,False,False,False,False,False,False,False,False,False,False,False,False,True,mks_r07_s5p5,0,17,0,0,0,4072,112472,0,1,1138,40040,0,0,138,1,0,146,29,3,1,0,0,30,0,0,0,6,43,1,-1,True,True,False,False,False,False,False,False,False,False,False,False,False,False,True,False,False,False,True,False,True,False,True,False
977,赤土紅沙,,False,False,False,False,False,False,False,False,False,False,False,False,False,False,False,False,False,False,False,False,False,False,False,False,False,False,False,False,False,False,False,False,False,False,False,False,False,False,False,False,True,mks_r08_s5p5,0,17,0,0,0,4072,112472,0,1,1138,40040,0,0,139,1,0,146,29,3,1,0,0,30,0,0,0,6,43,1,-1,True,True,False,False,False,False,False,False,False,False,False,False,False,False,True,False,False,False,True,False,True,False,True,False
978,水晶衝突（赤土紅沙：自定賽）,赤土紅沙,False,False,False,False,False,False,False,False,False,False,False,False,False,False,False,False,False,False,False,False,False,False,False,False,False,False,False,False,False,False,False,False,False,False,False,False,False,False,False,False,False,mks_ctm_s5p5,0,0,0,0,0,4073,112548,0,0,1139,40041,0,0,204,1,0,146,30,0,0,0,0,30,0,0,0,6,44,0,-1,True,True,False,False,False,False,False,False,False,False,False,True,True,False,True,False,False,False,True,False,True,False,True,True
979,異聞迷宮 異聞阿羅阿羅島,,False,False,False,False,False,False,False,False,False,False,False,False,False,False,False,False,False,False,False,False,False,False,False,False,False,False,False,False,False,False,False,False,False,False,False,False,False,False,False,False,False,o5d2,0,0,0,0,300,5117,112550,0,0,1179,37005,640,665,0,1,4,146,31,0,0,0,0,90,90,0,5,30,0,0,-1,False,False,False,False,False,False,False,False,False,False,False,True,False,False,True,False,False,False,True,False,False,False,True,True
980,異聞迷宮 零式異聞阿羅阿羅島,,False,False,False,False,False,False,False,False,False,False,False,False,False,False,False,False,False,False,False,False,False,False,False,False,False,False,False,False,False,False,False,False,False,False,False,False,False,False,False,False,False,o5d2_2,0,0,0,0,300,5118,112551,0,0,1180,37006,0,665,0,1,4,146,2,1,0,0,0,90,90,0,0,30,0,0,-1,False,False,False,False,False,False,False,False,False,False,False,True,False,False,True,False,False,False,True,False,False,False,True,True
981,惡夢樂園迷途鬼區,,False,False,False,False,True,False,False,False,True,False,False,False,False,False,False,False,False,False,False,False,False,False,False,False,False,False,False,False,False,False,False,False,False,False,False,False,False,False,False,False,False,x6d5,0,0,0,0,301,104,112561,0,0,1204,99,670,0,107,1,5,108,2,0,0,0,0,100,100,1,0,2,45,0,-1,False,False,False,False,False,False,True,True,True,False,False,True,True,False,True,False,False,False,True,False,False,False,True,True
982,友之試煉,,False,False,False,False,False,False,False,False,False,False,False,False,False,False,False,False,False,False,False,False,False,False,False,False,False,False,False,False,False,False,False,False,False,False,False,False,False,False,False,False,False,ec052,0,0,0,0,0,0,0,0,0,1212,5069,0,666,0,1,5,142,1,0,0,0,0,95,95,0,0,7,0,0,-1,False,False,False,False,False,False,False,True,False,False,False,False,False,False,False,False,False,False,True,False,False,False,True,True
983,為守護笑容而戰,,False,False,False,False,False,False,False,False,False,False,False,False,False,False,False,False,False,False,False,False,False,False,False,False,False,False,False,False,False,False,False,False,False,False,False,False,False,False,False,False,False,ec051,0,0,0,0,0,0,0,0,0,1211,5070,0,663,0,1,5,142,1,0,0,0,0,94,94,0,0,7,0,0,-1,False,False,False,False,False,False,False,True,False,False,False,False,False,False,False,False,False,False,True,False,False,False,True,True
984,永恆女王殲滅戰,,False,False,False,False,False,True,False,False,True,False,False,False,False,False,False,False,False,False,False,False,False,False,False,False,False,False,False,False,False,False,False,False,False,False,False,False,False,False,False,False,False,x6fb,0,0,0,0,303,2101,112566,0,0,1202,20095,670,700,222,1,5,108,3,0,0,0,0,100,100,0,0,4,46,0,-1,False,False,False,False,False,False,True,True,False,False,False,True,True,False,True,False,False,False,True,False,False,False,True,True
985,阿卡狄亞登天鬥技場 輕量級1,阿卡狄亞登天鬥技場 輕量級1,False,False,False,False,False,False,False,False,True,False,False,False,False,False,False,False,True,False,False,False,False,False,False,False,False,False,False,False,False,False,False,False,False,False,False,False,False,False,False,False,False,x6r1,0,0,0,0,302,3134,112567,0,0,1225,30135,685,0,170,1,5,108,3,0,0,0,0,100,100,1,0,5,48,0,0,False,False,False,False,False,False,True,True,False,False,False,True,True,False,True,False,False,False,True,False,False,False,True,True
986,,,False,False,False,False,False,False,False,False,False,False,False,False,False,False,False,False,False,False,False,False,False,False,False,False,False,False,False,False,False,False,False,False,False,False,False,False,False,False,False,False,False,,0,0,0,0,0,0,0,0,0,0,0,0,0,0,0,0,0,0,0,0,0,0,0,0,0,0,0,0,0,0,False,False,False,False,False,False,False,False,False,False,False,False,False,False,False,False,False,False,False,False,False,False,False,False
987,阿卡狄亞登天鬥技場 輕量級2,阿卡狄亞登天鬥技場 輕量級2,False,False,False,False,False,False,False,False,True,False,False,False,False,False,False,False,True,False,False,False,False,False,False,False,False,False,False,False,False,False,False,False,False,False,False,False,False,False,False,False,False,x6r2,0,0,0,0,302,3135,112569,0,0,1227,30137,685,0,171,1,5,108,3,0,0,0,0,100,100,1,0,5,48,0,1,False,False,False,False,False,False,True,True,False,False,False,True,True,False,True,False,False,False,True,False,False,False,True,True
988,,,False,False,False,False,False,False,False,False,False,False,False,False,False,False,False,False,False,False,False,False,False,False,False,False,False,False,False,False,False,False,False,False,False,False,False,False,False,False,False,False,False,,0,0,0,0,0,0,0,0,0,0,0,0,0,0,0,0,0,0,0,0,0,0,0,0,0,0,0,0,0,0,False,False,False,False,False,False,False,False,False,False,False,False,False,False,False,False,False,False,False,False,False,False,False,False
989,阿卡狄亞登天鬥技場 輕量級3,阿卡狄亞登天鬥技場 輕量級3,False,False,False,False,False,False,False,False,True,False,False,False,False,False,False,False,True,False,False,False,False,False,False,False,False,False,False,False,False,False,False,False,False,False,False,False,False,False,False,False,False,x6r3,0,0,0,0,302,3136,112571,0,0,1229,30139,685,0,172,1,5,108,3,0,0,0,0,100,100,1,0,5,48,0,2,False,False,False,False,False,False,True,True,False,False,False,True,True,False,True,False,False,False,True,False,False,False,True,True
990,,,False,False,False,False,False,False,False,False,False,False,False,False,False,False,False,False,False,False,False,False,False,False,False,False,False,False,False,False,False,False,False,False,False,False,False,False,False,False,False,False,False,,0,0,0,0,0,0,0,0,0,0,0,0,0,0,0,0,0,0,0,0,0,0,0,0,0,0,0,0,0,0,False,False,False,False,False,False,False,False,False,False,False,False,False,False,False,False,False,False,False,False,False,False,False,False
991,阿卡狄亞登天鬥技場 輕量級4,阿卡狄亞登天鬥技場 輕量級4,False,False,False,False,False,False,False,False,True,False,False,False,False,False,False,False,True,False,False,False,False,False,False,False,False,False,False,False,False,False,False,False,False,False,False,False,False,False,False,False,False,x6r4,0,0,0,0,302,3137,112573,0,0,1231,30141,685,0,173,1,5,108,3,0,0,0,0,100,100,1,0,5,48,0,3,False,False,False,False,False,False,True,True,False,False,False,True,True,False,True,False,False,False,True,False,False,False,True,True
992,,,False,False,False,False,False,False,False,False,False,False,False,False,False,False,False,False,False,False,False,False,False,False,False,False,False,False,False,False,False,False,False,False,False,False,False,False,False,False,False,False,False,,0,0,0,0,0,0,0,0,0,0,0,0,0,0,0,0,0,0,0,0,0,0,0,0,0,0,0,0,0,0,False,False,False,False,False,False,False,False,False,False,False,False,False,False,False,False,False,False,False,False,False,False,False,False
993,,,False,False,False,False,False,False,False,False,False,False,False,False,False,False,False,False,False,False,False,False,False,False,False,False,False,False,False,False,False,False,False,False,False,False,False,False,False,False,False,False,False,,0,0,0,0,0,0,0,0,0,0,0,0,0,0,0,0,0,0,0,0,0,0,0,0,0,0,0,0,0,0,False,False,False,False,False,False,False,False,False,False,False,False,False,False,False,False,False,False,False,False,False,False,False,False
994,劇毒與復原的巔峰對決,,False,False,False,False,False,False,False,False,False,False,False,False,False,False,False,False,False,False,False,False,False,False,False,False,False,False,False,False,False,False,False,False,False,False,False,False,False,False,False,False,False,ec055,0,0,0,0,0,0,0,0,0,1215,5071,0,680,0,1,5,108,1,0,0,0,0,100,100,0,0,7,0,0,-1,False,False,False,False,False,False,False,True,False,False,False,False,False,False,False,False,False,False,True,False,False,False,True,True
995,佐拉加殲滅戰,,False,False,False,False,False,True,False,False,True,False,False,False,False,False,False,False,False,False,False,False,False,False,False,False,False,False,False,False,False,False,False,False,False,False,False,False,False,False,False,False,False,x6fa,0,0,0,0,303,2102,112564,0,0,1200,20096,0,680,221,1,5,108,3,0,0,0,0,99,100,0,0,4,46,0,-1,False,False,False,False,False,False,True,True,False,False,False,True,True,False,True,False,False,True,True,False,False,False,True,True
996,極 佐拉加殲滅戰,,False,False,False,False,False,False,False,False,False,False,False,False,False,False,False,False,False,False,False,False,False,False,False,False,False,False,False,False,False,False,False,False,False,False,False,False,False,False,False,False,False,x6fa_2,0,0,0,0,303,2103,112565,0,0,1201,20097,690,0,241,1,5,108,3,0,0,0,0,100,100,1,2,4,47,0,-1,False,False,False,False,False,False,True,True,False,False,False,True,False,True,True,False,False,False,True,False,False,False,True,True
997,無可指摘的獵人,,False,False,False,False,False,False,False,False,False,False,False,False,False,False,False,False,False,False,False,False,False,False,False,False,False,False,False,False,False,False,False,False,False,False,False,False,False,False,False,False,False,ec056,0,0,0,0,0,0,0,0,0,1216,5073,0,680,0,1,5,108,1,0,0,0,0,100,100,0,0,7,0,0,-1,False,False,False,False,False,False,False,True,False,False,False,False,False,False,False,False,False,False,True,False,False,False,True,True
998,守護者還是毀滅者,,False,False,False,False,False,False,False,False,False,False,False,False,False,False,False,False,False,False,False,False,False,False,False,False,False,False,False,False,False,False,False,False,False,False,False,False,False,False,False,False,False,ec053,0,0,0,0,0,0,0,0,0,1213,5075,0,675,0,1,5,142,1,0,0,0,0,98,98,0,0,7,0,0,-1,False,False,False,False,False,False,False,True,False,False,False,False,False,False,False,False,False,False,True,False,False,False,True,True
999,打倒！沙爾托菲特盜賊團,,False,False,False,False,False,False,False,False,False,False,False,False,False,False,False,False,False,False,False,False,False,False,False,False,False,False,False,False,False,False,False,False,False,False,False,False,False,False,False,False,False,ec057,0,0,0,0,0,0,0,0,0,1217,5076,0,680,0,1,5,108,1,0,0,0,0,100,100,0,0,7,0,0,-1,False,False,False,False,False,False,False,True,False,False,False,False,False,False,False,False,False,False,True,False,False,False,True,True
1000,旅行畫家的森都旅程,,False,False,False,False,False,False,False,False,False,False,False,False,False,False,False,False,False,False,False,False,False,False,False,False,False,False,False,False,False,False,False,False,False,False,False,False,False,False,False,False,False,ec059,0,0,0,0,0,0,0,0,0,1233,5077,0,525,0,1,5,108,1,0,0,0,0,80,80,0,0,7,0,0,-1,False,False,False,False,False,False,False,True,False,False,False,False,False,False,False,False,False,False,True,False,False,False,True,True
1001,祭器創造的假像,,False,False,False,False,False,False,False,False,False,False,False,False,False,False,False,False,False,False,False,False,False,False,False,False,False,False,False,False,False,False,False,False,False,False,False,False,False,False,False,False,False,ec058,0,0,0,0,0,0,0,0,0,1218,5078,0,680,0,1,5,108,1,0,0,0,0,100,100,0,0,7,0,0,-1,False,False,False,False,False,False,False,True,False,False,False,False,False,False,False,False,False,False,True,False,False,False,True,True
1002,圖拉爾威爪獵手,,False,False,False,False,False,False,False,False,False,False,False,False,False,False,False,False,False,False,False,False,False,False,False,False,False,False,False,False,False,False,False,False,False,False,False,False,False,False,False,False,False,ec062,0,0,0,0,0,0,0,0,0,1236,5079,0,655,0,1,5,108,1,0,0,0,0,90,90,0,0,7,0,0,-1,False,False,False,False,False,False,False,True,False,False,False,False,False,False,False,False,False,False,True,False,False,False,True,True
1003,不論酣睡還是無眠,,False,False,False,False,False,False,False,False,False,False,False,False,False,False,False,False,False,False,False,False,False,False,False,False,False,False,False,False,False,False,False,False,False,False,False,False,False,False,False,False,False,ec054,0,0,0,0,0,0,0,0,0,1214,5080,0,680,0,1,5,108,1,0,0,0,0,100,100,0,0,7,0,0,-1,False,False,False,False,False,False,False,True,False,False,False,False,False,False,False,False,False,False,True,False,False,False,True,True
1004,,,False,False,False,False,False,False,False,False,False,False,False,False,False,False,False,False,False,False,False,False,False,False,False,False,False,False,False,False,False,False,False,False,False,False,False,False,False,False,False,False,False,,0,0,0,0,0,0,0,0,0,0,0,0,0,0,0,0,0,0,0,0,0,0,0,0,0,0,0,0,0,0,False,False,False,False,False,False,False,False,False,False,False,False,False,False,False,False,False,False,False,False,False,False,False,False
1005,,,False,False,False,False,False,False,False,False,False,False,False,False,False,False,False,False,False,False,False,False,False,False,False,False,False,False,False,False,False,False,False,False,False,False,False,False,False,False,False,False,False,,0,0,0,0,0,0,0,0,0,0,0,0,0,0,0,0,0,0,0,0,0,0,0,0,0,0,0,0,0,0,False,False,False,False,False,False,False,False,False,False,False,False,False,False,False,False,False,False,False,False,False,False,False,False
1006,,,False,False,False,False,False,False,False,False,False,False,False,False,False,False,False,False,False,False,False,False,False,False,False,False,False,False,False,False,False,False,False,False,False,False,False,False,False,False,False,False,False,,0,0,0,0,0,0,0,0,0,0,0,0,0,0,0,0,0,0,0,0,0,0,0,0,0,0,0,0,0,0,False,False,False,False,False,False,False,False,False,False,False,False,False,False,False,False,False,False,False,False,False,False,False,False
1007,,,False,False,False,False,False,False,False,False,False,False,False,False,False,False,False,False,False,False,False,False,False,False,False,False,False,False,False,False,False,False,False,False,False,False,False,False,False,False,False,False,False,,0,0,0,0,0,0,0,0,0,0,0,0,0,0,0,0,0,0,0,0,0,0,0,0,0,0,0,0,0,0,False,False,False,False,False,False,False,False,False,False,False,False,False,False,False,False,False,False,False,False,False,False,False,False
1008,,,False,False,False,False,False,False,False,False,False,False,False,False,False,False,False,False,False,False,False,False,False,False,False,False,False,False,False,False,False,False,False,False,False,False,False,False,False,False,False,False,False,,0,0,0,0,0,0,0,0,0,0,0,0,0,0,0,0,0,0,0,0,0,0,0,0,0,0,0,0,0,0,False,False,False,False,False,False,False,False,False,False,False,False,False,False,False,False,False,False,False,False,False,False,False,False
1009,,,False,False,False,False,False,False,False,False,False,False,False,False,False,False,False,False,False,False,False,False,False,False,False,False,False,False,False,False,False,False,False,False,False,False,False,False,False,False,False,False,False,,0,0,0,0,0,0,0,0,0,0,0,0,0,0,0,0,0,0,0,0,0,0,0,0,0,0,0,0,0,0,False,False,False,False,False,False,False,False,False,False,False,False,False,False,False,False,False,False,False,False,False,False,False,False
1010,,,False,False,False,False,False,False,False,False,False,False,False,False,False,False,False,False,False,False,False,False,False,False,False,False,False,False,False,False,False,False,False,False,False,False,False,False,False,False,False,False,False,,0,0,0,0,0,0,0,0,0,0,0,0,0,0,0,0,0,0,0,0,0,0,0,0,0,0,0,0,0,0,False,False,False,False,False,False,False,False,False,False,False,False,False,False,False,False,False,False,False,False,False,False,False,False
1011,,,False,False,False,False,False,False,False,False,False,False,False,False,False,False,False,False,False,False,False,False,False,False,False,False,False,False,False,False,False,False,False,False,False,False,False,False,False,False,False,False,False,,0,0,0,0,0,0,0,0,0,0,0,0,0,0,0,0,0,0,0,0,0,0,0,0,0,0,0,0,0,0,False,False,False,False,False,False,False,False,False,False,False,False,False,False,False,False,False,False,False,False,False,False,False,False
1012,處理顯示標記的攻擊,,False,False,False,False,False,False,False,False,False,False,False,False,False,False,False,False,False,False,False,False,False,False,False,False,False,False,False,False,False,False,False,False,False,False,False,False,False,False,False,False,False,s1p6_begin01,0,0,0,69408,0,0,112141,0,0,1127,15017,0,0,0,1,0,142,1,0,0,0,1,49,49,0,0,20,0,0,-1,False,False,False,False,False,False,False,True,False,False,False,False,False,False,True,False,False,False,True,False,False,False,True,True
1013,處理在地面顯示預兆的攻擊,,False,False,False,False,False,False,False,False,False,False,False,False,False,False,False,False,False,False,False,False,False,False,False,False,False,False,False,False,False,False,False,False,False,False,False,False,False,False,False,False,False,s1p6_begin02,0,0,0,69408,0,0,112141,0,0,1128,15018,0,0,0,1,0,142,1,0,0,0,1,49,49,0,0,20,0,0,-1,False,False,False,False,False,False,False,True,False,False,False,False,False,False,True,False,False,False,True,False,False,False,True,True
1014,處理各種攻擊,,False,False,False,False,False,False,False,False,False,False,False,False,False,False,False,False,False,False,False,False,False,False,False,False,False,False,False,False,False,False,False,False,False,False,False,False,False,False,False,False,False,s1p6_begin03,0,0,0,69408,0,0,112141,0,0,1129,15019,0,0,0,1,0,142,1,0,0,0,1,49,49,0,0,20,0,0,-1,False,False,False,False,False,False,False,True,False,False,False,False,False,False,True,False,False,False,True,False,False,False,True,True
1015,,,False,False,False,False,False,False,False,False,False,False,False,False,False,False,False,False,False,False,False,False,False,False,False,False,False,False,False,False,False,False,False,False,False,False,False,False,False,False,False,False,False,,0,0,0,0,0,0,0,0,0,0,0,0,0,0,0,0,0,0,0,0,0,0,0,0,0,0,0,0,0,0,False,False,False,False,False,False,False,False,False,False,False,False,False,False,False,False,False,False,False,False,False,False,False,False
1016,,,False,False,False,False,False,False,False,False,False,False,False,False,False,False,False,False,False,False,False,False,False,False,False,False,False,False,False,False,False,False,False,False,False,False,False,False,False,False,False,False,False,,0,0,0,0,0,0,0,0,0,0,0,0,0,0,0,0,0,0,0,0,0,0,0,0,0,0,0,0,0,0,False,False,False,False,False,False,False,False,False,False,False,False,False,False,False,False,False,False,False,False,False,False,False,False
1017,,,False,False,False,False,False,False,False,False,False,False,False,False,False,False,False,False,False,False,False,False,False,False,False,False,False,False,False,False,False,False,False,False,False,False,False,False,False,False,False,False,False,,0,0,0,0,0,0,0,0,0,0,0,0,0,0,0,0,0,0,0,0,0,0,0,0,0,0,0,0,0,0,False,False,False,False,False,False,False,False,False,False,False,False,False,False,False,False,False,False,False,False,False,False,False,False
1018,,,False,False,False,False,False,False,False,False,False,False,False,False,False,False,False,False,False,False,False,False,False,False,False,False,False,False,False,False,False,False,False,False,False,False,False,False,False,False,False,False,False,,0,0,0,0,0,0,0,0,0,0,0,0,0,0,0,0,0,0,0,0,0,0,0,0,0,0,0,0,0,0,False,False,False,False,False,False,False,False,False,False,False,False,False,False,False,False,False,False,False,False,False,False,False,False
1019,,,False,False,False,False,False,False,False,False,False,False,False,False,False,False,False,False,False,False,False,False,False,False,False,False,False,False,False,False,False,False,False,False,False,False,False,False,False,False,False,False,False,,0,0,0,0,0,0,0,0,0,0,0,0,0,0,0,0,0,0,0,0,0,0,0,0,0,0,0,0,0,0,False,False,False,False,False,False,False,False,False,False,False,False,False,False,False,False,False,False,False,False,False,False,False,False
1020,,,False,False,False,False,False,False,False,False,False,False,False,False,False,False,False,False,False,False,False,False,False,False,False,False,False,False,False,False,False,False,False,False,False,False,False,False,False,False,False,False,False,,0,0,0,0,0,0,0,0,0,0,0,0,0,0,0,0,0,0,0,0,0,0,0,0,0,0,0,0,0,0,False,False,False,False,False,False,False,False,False,False,False,False,False,False,False,False,False,False,False,False,False,False,False,False
1021,,,False,False,False,False,False,False,False,False,False,False,False,False,False,False,False,False,False,False,False,False,False,False,False,False,False,False,False,False,False,False,False,False,False,False,False,False,False,False,False,False,False,,0,0,0,0,0,0,0,0,0,0,0,0,0,0,0,0,0,0,0,0,0,0,0,0,0,0,0,0,0,0,False,False,False,False,False,False,False,False,False,False,False,False,False,False,False,False,False,False,False,False,False,False,False,False
1022,,,False,False,False,False,False,False,False,False,False,False,False,False,False,False,False,False,False,False,False,False,False,False,False,False,False,False,False,False,False,False,False,False,False,False,False,False,False,False,False,False,False,,0,0,0,0,0,0,0,0,0,0,0,0,0,0,0,0,0,0,0,0,0,0,0,0,0,0,0,0,0,0,False,False,False,False,False,False,False,False,False,False,False,False,False,False,False,False,False,False,False,False,False,False,False,False
1023,,,False,False,False,False,False,False,False,False,False,False,False,False,False,False,False,False,False,False,False,False,False,False,False,False,False,False,False,False,False,False,False,False,False,False,False,False,False,False,False,False,False,,0,0,0,0,0,0,0,0,0,0,0,0,0,0,0,0,0,0,0,0,0,0,0,0,0,0,0,0,0,0,False,False,False,False,False,False,False,False,False,False,False,False,False,False,False,False,False,False,False,False,False,False,False,False
1024,,,False,False,False,False,False,False,False,False,False,False,False,False,False,False,False,False,False,False,False,False,False,False,False,False,False,False,False,False,False,False,False,False,False,False,False,False,False,False,False,False,False,,0,0,0,0,0,0,0,0,0,0,0,0,0,0,0,0,0,0,0,0,0,0,0,0,0,0,0,0,0,0,False,False,False,False,False,False,False,False,False,False,False,False,False,False,False,False,False,False,False,False,False,False,False,False
1025,,,False,False,False,False,False,False,False,False,False,False,False,False,False,False,False,False,False,False,False,False,False,False,False,False,False,False,False,False,False,False,False,False,False,False,False,False,False,False,False,False,False,,0,0,0,0,0,0,0,0,0,0,0,0,0,0,0,0,0,0,0,0,0,0,0,0,0,0,0,0,0,0,False,False,False,False,False,False,False,False,False,False,False,False,False,False,False,False,False,False,False,False,False,False,False,False
1026,,,False,False,False,False,False,False,False,False,False,False,False,False,False,False,False,False,False,False,False,False,False,False,False,False,False,False,False,False,False,False,False,False,False,False,False,False,False,False,False,False,False,,0,0,0,0,0,0,0,0,0,0,0,0,0,0,0,0,0,0,0,0,0,0,0,0,0,0,0,0,0,0,False,False,False,False,False,False,False,False,False,False,False,False,False,False,False,False,False,False,False,False,False,False,False,False
1027,,,False,False,False,False,False,False,False,False,False,False,False,False,False,False,False,False,False,False,False,False,False,False,False,False,False,False,False,False,False,False,False,False,False,False,False,False,False,False,False,False,False,,0,0,0,0,0,0,0,0,0,0,0,0,0,0,0,0,0,0,0,0,0,0,0,0,0,0,0,0,0,0,False,False,False,False,False,False,False,False,False,False,False,False,False,False,False,False,False,False,False,False,False,False,False,False
1028,,,False,False,False,False,False,False,False,False,False,False,False,False,False,False,False,False,False,False,False,False,False,False,False,False,False,False,False,False,False,False,False,False,False,False,False,False,False,False,False,False,False,,0,0,0,0,0,0,0,0,0,0,0,0,0,0,0,0,0,0,0,0,0,0,0,0,0,0,0,0,0,0,False,False,False,False,False,False,False,False,False,False,False,False,False,False,False,False,False,False,False,False,False,False,False,False
1029,,,False,False,False,False,False,False,False,False,False,False,False,False,False,False,False,False,False,False,False,False,False,False,False,False,False,False,False,False,False,False,False,False,False,False,False,False,False,False,False,False,False,,0,0,0,0,0,0,0,0,0,0,0,0,0,0,0,0,0,0,0,0,0,0,0,0,0,0,0,0,0,0,False,False,False,False,False,False,False,False,False,False,False,False,False,False,False,False,False,False,False,False,False,False,False,False
1030,,,False,False,False,False,False,False,False,False,False,False,False,False,False,False,False,False,False,False,False,False,False,False,False,False,False,False,False,False,False,False,False,False,False,False,False,False,False,False,False,False,False,,0,0,0,0,0,0,0,0,0,0,0,0,0,0,0,0,0,0,0,0,0,0,0,0,0,0,0,0,0,0,False,False,False,False,False,False,False,False,False,False,False,False,False,False,False,False,False,False,False,False,False,False,False,False
1031,,,False,False,False,False,False,False,False,False,False,False,False,False,False,False,False,False,False,False,False,False,False,False,False,False,False,False,False,False,False,False,False,False,False,False,False,False,False,False,False,False,False,,0,0,0,0,0,0,0,0,0,0,0,0,0,0,0,0,0,0,0,0,0,0,0,0,0,0,0,0,0,0,False,False,False,False,False,False,False,False,False,False,False,False,False,False,False,False,False,False,False,False,False,False,False,False
