#,Name,Description,Item,Icon,Key,Data[0],Data[1],Data[2],Data[3],Data[4],Data[5],Data[6],Data[7],Title,Order,AchievementCategory,AchievementTarget,Unknown0,Points,Unknown1,Unknown2,Unknown3,Unknown4,Type,Unknown5,AchievementHideCondition
0,,,0,0,0,0,0,0,0,0,0,0,0,0,0,0,0,0,0,255,255,0,0,0,1,0
1,胜利的荣光1,讨伐100个敌人。,0,2565,11,100,0,0,0,0,0,0,0,0,1,1,0,0,5,255,255,0,3,1,1,0
2,胜利的荣光2,讨伐500个敌人。,0,2565,11,500,0,0,0,0,0,0,0,0,2,1,0,0,5,255,255,0,3,1,1,0
3,胜利的荣光3,讨伐1000个敌人。,0,2565,11,1000,0,0,0,0,0,0,0,0,3,1,0,0,10,255,255,0,3,1,1,0
4,胜利的荣光4,讨伐5000个敌人。,0,2565,11,5000,0,0,0,0,0,0,0,0,4,1,0,0,10,255,255,0,3,1,1,0
5,胜利的荣光5,讨伐10000个敌人。,0,2565,11,10000,0,0,0,0,0,0,0,0,5,1,0,0,10,255,255,0,3,1,1,0
6,胜利的荣光6,讨伐50000个敌人。,0,2565,11,50000,0,0,0,0,0,0,0,9,6,1,43,1,10,255,255,0,3,1,1,0
7,战争女神的垂青,讨伐100000个敌人。,2907,2565,11,100000,0,0,0,0,0,0,0,0,7,1,43,1,30,0,255,3,3,1,1,0
8,拉诺西亚的精英猎手,成功讨伐以下恶名精英：巴洛梅兹、狡黠赛克斯、暴食格特鲁德、爆弹男爵、未名士兵之灵、六爪长老、撼天猛牛。,0,62904,0,0,0,0,0,0,0,0,0,0,0,54,0,0,10,255,255,0,2,0,1,0
9,黑衣森林的精英猎手,成功讨伐以下恶名精英：阿路修、波利特女王、顽猴杰克、西洛可、派亚、大肚子豪特珀克斯、瘟疫王子。,0,62904,0,0,0,0,0,0,0,0,0,0,0,54,0,0,10,255,255,0,2,0,1,0
10,萨纳兰的精英猎手,成功讨伐以下恶名精英：苔角长老、仙人掌杰克、长腿老爹、弹指通柯柯卢恩、蚁巢指挥官、巴狄、蛾龙螟蜥。,0,62904,0,0,0,0,0,0,0,0,0,0,0,54,0,0,10,255,255,0,2,0,1,0
11,库尔札斯的精英猎手,成功讨伐以下恶名精英：乌赖乌斯、爆发石火精、毛绒绒邓斯坦。,0,62904,0,0,0,0,0,0,0,0,0,0,0,54,0,0,10,255,255,0,2,0,1,0
12,摩杜纳的精英猎手,成功讨伐以下恶名精英：邪鬼之眼哆哆雷。,0,62904,0,0,0,0,0,0,0,0,0,0,0,54,0,0,10,255,255,0,2,0,1,0
13,斯珀谢灵窟的精英猎手,成功讨伐以下恶名精英：剪刀手谢里登、巨印瑞莫拉、独行长须豹。,0,62904,0,0,0,0,0,0,0,0,0,0,0,54,0,0,10,255,255,0,2,0,1,0
14,蛮族精英猎手,成功讨伐以下恶名精英：刽子手罗佐尔·托托罗克、烈火拳阿力古·秋、第3团高级教士兹伽。,0,62904,0,0,0,0,0,0,0,0,0,0,0,54,0,0,10,255,255,0,2,0,1,0
15,精英杀手,成功讨伐25种不同的恶名精英。,0,62904,0,0,0,0,0,0,0,0,0,10,0,54,0,0,30,255,255,0,2,0,1,0
16,炎神歼灭,在伊弗利特歼灭战中战胜伊弗利特。,0,62912,0,0,0,0,0,0,0,0,0,0,0,54,0,0,5,255,255,0,2,0,1,0
17,贤王歼灭,在莫古力贤王歼灭战中战胜贤王莫古尔·莫古十二世。,0,62912,0,0,0,0,0,0,0,0,0,0,0,54,0,0,5,255,255,0,2,0,1,0
18,风神歼灭,在迦楼罗歼灭战中战胜迦楼罗。,0,62912,0,0,0,0,0,0,0,0,0,0,0,54,0,0,5,255,255,0,2,0,1,0
19,利剑中的领悟1,将剑术师升到10级。,0,30408,1,10,0,0,0,0,0,0,0,0,1,13,0,0,5,255,255,0,3,3,1,0
20,利剑中的领悟2,将剑术师升到20级。,0,30408,1,20,0,0,0,0,0,0,0,0,2,13,0,0,5,255,255,0,3,3,1,0
21,利剑中的领悟3,将剑术师升到30级。,0,30408,1,30,0,0,0,0,0,0,0,0,3,13,0,0,5,255,255,0,3,3,1,0
22,利剑中的领悟4,将剑术师升到40级。,0,30408,1,40,0,0,0,0,0,0,0,0,4,13,0,0,5,255,255,0,3,3,1,0
23,利剑中的领悟5,将剑术师升到50级。,0,30408,1,50,0,0,0,0,0,0,0,0,5,13,0,0,5,255,255,0,3,3,1,0
24,斗拳中的领悟1,将格斗家升到10级。,0,31004,2,10,0,0,0,0,0,0,0,0,21,13,0,0,5,255,255,0,3,3,1,0
25,斗拳中的领悟2,将格斗家升到20级。,0,31004,2,20,0,0,0,0,0,0,0,0,22,13,0,0,5,255,255,0,3,3,1,0
26,斗拳中的领悟3,将格斗家升到30级。,0,31004,2,30,0,0,0,0,0,0,0,0,23,13,0,0,5,255,255,0,3,3,1,0
27,斗拳中的领悟4,将格斗家升到40级。,0,31004,2,40,0,0,0,0,0,0,0,0,24,13,0,0,5,255,255,0,3,3,1,0
28,斗拳中的领悟5,将格斗家升到50级。,0,31004,2,50,0,0,0,0,0,0,0,0,25,13,0,0,5,255,255,0,3,3,1,0
29,大斧中的领悟1,将斧术师升到10级。,0,31409,3,10,0,0,0,0,0,0,0,0,41,13,0,0,5,255,255,0,3,3,1,0
30,大斧中的领悟2,将斧术师升到20级。,0,31409,3,20,0,0,0,0,0,0,0,0,42,13,0,0,5,255,255,0,3,3,1,0
31,大斧中的领悟3,将斧术师升到30级。,0,31409,3,30,0,0,0,0,0,0,0,0,43,13,0,0,5,255,255,0,3,3,1,0
32,大斧中的领悟4,将斧术师升到40级。,0,31409,3,40,0,0,0,0,0,0,0,0,44,13,0,0,5,255,255,0,3,3,1,0
33,大斧中的领悟5,将斧术师升到50级。,0,31409,3,50,0,0,0,0,0,0,0,0,45,13,0,0,5,255,255,0,3,3,1,0
34,尖枪中的领悟1,将枪术师升到10级。,0,31816,4,10,0,0,0,0,0,0,0,0,61,13,0,0,5,255,255,0,3,3,1,0
35,尖枪中的领悟2,将枪术师升到20级。,0,31816,4,20,0,0,0,0,0,0,0,0,62,13,0,0,5,255,255,0,3,3,1,0
36,尖枪中的领悟3,将枪术师升到30级。,0,31816,4,30,0,0,0,0,0,0,0,0,63,13,0,0,5,255,255,0,3,3,1,0
37,尖枪中的领悟4,将枪术师升到40级。,0,31816,4,40,0,0,0,0,0,0,0,0,64,13,0,0,5,255,255,0,3,3,1,0
38,尖枪中的领悟5,将枪术师升到50级。,0,31816,4,50,0,0,0,0,0,0,0,0,65,13,0,0,5,255,255,0,3,3,1,0
39,箭矢中的领悟1,将弓箭手升到10级。,0,32204,5,10,0,0,0,0,0,0,0,0,81,13,0,0,5,255,255,0,3,3,1,0
40,箭矢中的领悟2,将弓箭手升到20级。,0,32204,5,20,0,0,0,0,0,0,0,0,82,13,0,0,5,255,255,0,3,3,1,0
41,箭矢中的领悟3,将弓箭手升到30级。,0,32204,5,30,0,0,0,0,0,0,0,0,83,13,0,0,5,255,255,0,3,3,1,0
42,箭矢中的领悟4,将弓箭手升到40级。,0,32204,5,40,0,0,0,0,0,0,0,0,84,13,0,0,5,255,255,0,3,3,1,0
43,箭矢中的领悟5,将弓箭手升到50级。,0,32204,5,50,0,0,0,0,0,0,0,0,85,13,0,0,5,255,255,0,3,3,1,0
44,尚武之勇者,将剑术师、格斗家、斧术师、弓箭手、枪术师都升到50级。,0,2547,7,5,0,0,0,0,0,0,0,13,1,12,41,50,20,255,255,0,1,26,1,0
45,幻术中的领悟1,将幻术师升到10级。,0,32611,6,10,0,0,0,0,0,0,0,0,1,14,0,0,5,255,255,0,3,3,1,0
46,幻术中的领悟2,将幻术师升到20级。,0,32611,6,20,0,0,0,0,0,0,0,0,2,14,0,0,5,255,255,0,3,3,1,0
47,幻术中的领悟3,将幻术师升到30级。,0,32611,6,30,0,0,0,0,0,0,0,0,3,14,0,0,5,255,255,0,3,3,1,0
48,幻术中的领悟4,将幻术师升到40级。,0,32611,6,40,0,0,0,0,0,0,0,0,4,14,0,0,5,255,255,0,3,3,1,0
49,幻术中的领悟5,将幻术师升到50级。,0,32611,6,50,0,0,0,0,0,0,0,0,5,14,0,0,5,255,255,0,3,3,1,0
50,咒术中的领悟1,将咒术师升到10级。,0,32806,7,10,0,0,0,0,0,0,0,0,21,14,0,0,5,255,255,0,3,3,1,0
51,咒术中的领悟2,将咒术师升到20级。,0,32806,7,20,0,0,0,0,0,0,0,0,22,14,0,0,5,255,255,0,3,3,1,0
52,咒术中的领悟3,将咒术师升到30级。,0,32806,7,30,0,0,0,0,0,0,0,0,23,14,0,0,5,255,255,0,3,3,1,0
53,咒术中的领悟4,将咒术师升到40级。,0,32806,7,40,0,0,0,0,0,0,0,0,24,14,0,0,5,255,255,0,3,3,1,0
54,咒术中的领悟5,将咒术师升到50级。,0,32806,7,50,0,0,0,0,0,0,0,0,25,14,0,0,5,255,255,0,3,3,1,0
55,御魔之智者,将幻术师、咒术师和秘术师都升到50级。,0,2661,8,3,0,0,0,0,0,0,0,14,2,12,42,50,20,255,255,0,1,26,1,0
56,八重之道的探究者,达成“尚武之勇者”和“御魔之智者”两个成就。,2909,2517,44,55,0,0,0,0,0,0,0,0,3,12,43,50,30,1,255,3,4,2,1,0
57,木工中的领悟1,将刻木匠升到10级。,0,35001,8,10,0,0,0,0,0,0,0,0,1,15,0,0,5,255,255,0,3,3,1,0
58,木工中的领悟2,将刻木匠升到20级。,0,35001,8,20,0,0,0,0,0,0,0,0,2,15,0,0,5,255,255,0,3,3,1,0
59,木工中的领悟3,将刻木匠升到30级。,0,35001,8,30,0,0,0,0,0,0,0,0,3,15,0,0,5,255,255,0,3,3,1,0
60,木工中的领悟4,将刻木匠升到40级。,0,35001,8,40,0,0,0,0,0,0,0,0,4,15,0,0,5,255,255,0,3,3,1,0
61,木工中的领悟5,将刻木匠升到50级。,0,35001,8,50,0,0,0,0,0,0,0,0,5,15,0,0,5,255,255,0,3,3,1,0
62,锻冶中的领悟1,将锻铁匠升到10级。,0,35106,9,10,0,0,0,0,0,0,0,0,21,15,0,0,5,255,255,0,3,3,1,0
63,锻冶中的领悟2,将锻铁匠升到20级。,0,35106,9,20,0,0,0,0,0,0,0,0,22,15,0,0,5,255,255,0,3,3,1,0
64,锻冶中的领悟3,将锻铁匠升到30级。,0,35106,9,30,0,0,0,0,0,0,0,0,23,15,0,0,5,255,255,0,3,3,1,0
65,锻冶中的领悟4,将锻铁匠升到40级。,0,35106,9,40,0,0,0,0,0,0,0,0,24,15,0,0,5,255,255,0,3,3,1,0
66,锻冶中的领悟5,将锻铁匠升到50级。,0,35106,9,50,0,0,0,0,0,0,0,0,25,15,0,0,5,255,255,0,3,3,1,0
67,甲胄中的领悟1,将铸甲匠升到10级。,0,35203,10,10,0,0,0,0,0,0,0,0,41,15,0,0,5,255,255,0,3,3,1,0
68,甲胄中的领悟2,将铸甲匠升到20级。,0,35203,10,20,0,0,0,0,0,0,0,0,42,15,0,0,5,255,255,0,3,3,1,0
69,甲胄中的领悟3,将铸甲匠升到30级。,0,35203,10,30,0,0,0,0,0,0,0,0,43,15,0,0,5,255,255,0,3,3,1,0
70,甲胄中的领悟4,将铸甲匠升到40级。,0,35203,10,40,0,0,0,0,0,0,0,0,44,15,0,0,5,255,255,0,3,3,1,0
71,甲胄中的领悟5,将铸甲匠升到50级。,0,35203,10,50,0,0,0,0,0,0,0,0,45,15,0,0,5,255,255,0,3,3,1,0
72,雕金中的领悟1,将雕金匠升到10级。,0,35301,11,10,0,0,0,0,0,0,0,0,61,15,0,0,5,255,255,0,3,3,1,0
73,雕金中的领悟2,将雕金匠升到20级。,0,35301,11,20,0,0,0,0,0,0,0,0,62,15,0,0,5,255,255,0,3,3,1,0
74,雕金中的领悟3,将雕金匠升到30级。,0,35301,11,30,0,0,0,0,0,0,0,0,63,15,0,0,5,255,255,0,3,3,1,0
75,雕金中的领悟4,将雕金匠升到40级。,0,35301,11,40,0,0,0,0,0,0,0,0,64,15,0,0,5,255,255,0,3,3,1,0
76,雕金中的领悟5,将雕金匠升到50级。,0,35301,11,50,0,0,0,0,0,0,0,0,65,15,0,0,5,255,255,0,3,3,1,0
77,皮革中的领悟1,将制革匠升到10级。,0,35404,12,10,0,0,0,0,0,0,0,0,81,15,0,0,5,255,255,0,3,3,1,0
78,皮革中的领悟2,将制革匠升到20级。,0,35404,12,20,0,0,0,0,0,0,0,0,82,15,0,0,5,255,255,0,3,3,1,0
79,皮革中的领悟3,将制革匠升到30级。,0,35404,12,30,0,0,0,0,0,0,0,0,83,15,0,0,5,255,255,0,3,3,1,0
80,皮革中的领悟4,将制革匠升到40级。,0,35404,12,40,0,0,0,0,0,0,0,0,84,15,0,0,5,255,255,0,3,3,1,0
81,皮革中的领悟5,将制革匠升到50级。,0,35404,12,50,0,0,0,0,0,0,0,0,85,15,0,0,5,255,255,0,3,3,1,0
82,裁缝中的领悟1,将裁衣匠升到10级。,0,35501,13,10,0,0,0,0,0,0,0,0,101,15,0,0,5,255,255,0,3,3,1,0
83,裁缝中的领悟2,将裁衣匠升到20级。,0,35501,13,20,0,0,0,0,0,0,0,0,102,15,0,0,5,255,255,0,3,3,1,0
84,裁缝中的领悟3,将裁衣匠升到30级。,0,35501,13,30,0,0,0,0,0,0,0,0,103,15,0,0,5,255,255,0,3,3,1,0
85,裁缝中的领悟4,将裁衣匠升到40级。,0,35501,13,40,0,0,0,0,0,0,0,0,104,15,0,0,5,255,255,0,3,3,1,0
86,裁缝中的领悟5,将裁衣匠升到50级。,0,35501,13,50,0,0,0,0,0,0,0,0,105,15,0,0,5,255,255,0,3,3,1,0
87,炼金中的领悟1,将炼金术士升到10级。,0,35604,14,10,0,0,0,0,0,0,0,0,121,15,0,0,5,255,255,0,3,3,1,0
88,炼金中的领悟2,将炼金术士升到20级。,0,35604,14,20,0,0,0,0,0,0,0,0,122,15,0,0,5,255,255,0,3,3,1,0
89,炼金中的领悟3,将炼金术士升到30级。,0,35604,14,30,0,0,0,0,0,0,0,0,123,15,0,0,5,255,255,0,3,3,1,0
90,炼金中的领悟4,将炼金术士升到40级。,0,35604,14,40,0,0,0,0,0,0,0,0,124,15,0,0,5,255,255,0,3,3,1,0
91,炼金中的领悟5,将炼金术士升到50级。,0,35604,14,50,0,0,0,0,0,0,0,0,125,15,0,0,5,255,255,0,3,3,1,0
92,烹调中的领悟1,将烹调师升到10级。,0,35704,15,10,0,0,0,0,0,0,0,0,141,15,0,0,5,255,255,0,3,3,1,0
93,烹调中的领悟2,将烹调师升到20级。,0,35704,15,20,0,0,0,0,0,0,0,0,142,15,0,0,5,255,255,0,3,3,1,0
94,烹调中的领悟3,将烹调师升到30级。,0,35704,15,30,0,0,0,0,0,0,0,0,143,15,0,0,5,255,255,0,3,3,1,0
95,烹调中的领悟4,将烹调师升到40级。,0,35704,15,40,0,0,0,0,0,0,0,0,144,15,0,0,5,255,255,0,3,3,1,0
96,烹调中的领悟5,将烹调师升到50级。,0,35704,15,50,0,0,0,0,0,0,0,0,145,15,0,0,5,255,255,0,3,3,1,0
97,博学之巧者,将刻木匠、锻铁匠、铸甲匠、雕金匠、制革匠、裁衣匠、炼金术士、烹调师都升到50级。,0,61269,9,8,0,0,0,0,0,0,0,15,21,12,44,50,20,255,255,0,1,26,1,0
98,矿石中的领悟1,将采矿工升到10级。,0,38003,16,10,0,0,0,0,0,0,0,0,1,16,0,0,5,255,255,0,3,3,1,0
99,矿石中的领悟2,将采矿工升到20级。,0,38003,16,20,0,0,0,0,0,0,0,0,2,16,0,0,5,255,255,0,3,3,1,0
100,矿石中的领悟3,将采矿工升到30级。,0,38003,16,30,0,0,0,0,0,0,0,0,3,16,0,0,5,255,255,0,3,3,1,0
101,矿石中的领悟4,将采矿工升到40级。,0,38003,16,40,0,0,0,0,0,0,0,0,4,16,0,0,5,255,255,0,3,3,1,0
102,矿石中的领悟5,将采矿工升到50级。,0,38003,16,50,0,0,0,0,0,0,0,0,5,16,0,0,5,255,255,0,3,3,1,0
103,草木中的领悟1,将园艺工升到10级。,0,38103,17,10,0,0,0,0,0,0,0,0,21,16,0,0,5,255,255,0,3,3,1,0
104,草木中的领悟2,将园艺工升到20级。,0,38103,17,20,0,0,0,0,0,0,0,0,22,16,0,0,5,255,255,0,3,3,1,0
105,草木中的领悟3,将园艺工升到30级。,0,38103,17,30,0,0,0,0,0,0,0,0,23,16,0,0,5,255,255,0,3,3,1,0
106,草木中的领悟4,将园艺工升到40级。,0,38103,17,40,0,0,0,0,0,0,0,0,24,16,0,0,5,255,255,0,3,3,1,0
107,草木中的领悟5,将园艺工升到50级。,0,38103,17,50,0,0,0,0,0,0,0,0,25,16,0,0,5,255,255,0,3,3,1,0
108,垂钓中的领悟1,将捕鱼人升到10级。,0,38203,18,10,0,0,0,0,0,0,0,0,41,16,0,0,5,255,255,0,3,3,1,0
109,垂钓中的领悟2,将捕鱼人升到20级。,0,38203,18,20,0,0,0,0,0,0,0,0,42,16,0,0,5,255,255,0,3,3,1,0
110,垂钓中的领悟3,将捕鱼人升到30级。,0,38203,18,30,0,0,0,0,0,0,0,0,43,16,0,0,5,255,255,0,3,3,1,0
111,垂钓中的领悟4,将捕鱼人升到40级。,0,38203,18,40,0,0,0,0,0,0,0,0,44,16,0,0,5,255,255,0,3,3,1,0
112,垂钓中的领悟5,将捕鱼人升到50级。,0,38203,18,50,0,0,0,0,0,0,0,0,45,16,0,0,5,255,255,0,3,3,1,0
113,广识之贤者,将采矿工、园艺工、捕鱼人的职业都升到50级。,0,1981,10,3,0,0,0,0,0,0,0,16,22,12,45,50,20,255,255,0,1,26,1,0
114,血与汗的价值1,通过理符任务获得累计100金币的报酬。,0,25919,13,100,0,0,0,0,0,0,0,0,0,20,0,0,5,255,255,0,3,1,1,0
115,血与汗的价值2,通过理符任务获得累计1000金币的报酬。,0,25919,13,1000,0,0,0,0,0,0,0,0,0,20,0,0,5,255,255,0,3,1,1,0
116,血与汗的价值3,通过理符任务获得累计10000金币的报酬。,0,25919,13,10000,0,0,0,0,0,0,0,0,0,20,0,0,5,255,255,0,3,1,1,0
117,血与汗的价值4,通过理符任务获得累计100000金币的报酬。,0,25919,13,100000,0,0,0,0,0,0,0,0,0,20,0,0,5,255,255,0,3,1,1,0
118,血与汗的价值5,通过理符任务获得累计1000000金币的报酬。,0,25919,13,1000000,0,0,0,0,0,0,0,0,0,20,0,0,5,255,255,0,3,1,1,0
119,商贸之神的垂青,通过理符任务获得累计10000000金币的报酬。,0,463,13,10000000,0,0,0,0,0,0,0,11,0,20,47,10,10,255,255,0,3,1,1,0
120,积土成山1,通过讨伐敌人获得累计1000金币的报酬。,0,26001,12,1000,0,0,0,0,0,0,0,0,0,55,0,0,5,255,255,0,0,1,1,0
121,积土成山2,通过讨伐敌人获得累计10000金币的报酬。,0,26001,12,10000,0,0,0,0,0,0,0,0,0,55,0,0,5,255,255,0,0,1,1,0
122,积土成山3,通过讨伐敌人获得累计100000金币的报酬。,0,26001,12,100000,0,0,0,0,0,0,0,0,0,55,0,0,5,255,255,0,0,1,1,0
123,积土成山4,通过讨伐敌人获得累计1000000金币的报酬。,0,26001,12,1000000,0,0,0,0,0,0,0,0,0,55,0,0,5,255,255,0,0,1,1,0
124,积土成山5,通过讨伐敌人获得累计10000000金币的报酬。,0,26001,12,10000000,0,0,0,0,0,0,0,0,0,55,0,0,5,255,255,0,0,1,1,0
125,勇武之人的赏金,通过讨伐敌人获得累计100000000金币的报酬。,0,613,12,100000000,0,0,0,0,0,0,0,12,0,55,0,0,10,255,255,0,0,1,1,0
126,高洁的圣堂骑士,"收集到圣堂锁甲头罩、圣堂锁子铠、圣堂锁甲靴三件套装。
※将收集到的装备全都穿到身上之后与位于格里达尼亚旧街的乔纳森对话后获得。",0,40039,232,0,0,0,0,0,0,0,0,0,1,19,0,0,5,255,255,0,4,1,1,0
127,勇猛的海盗战士,"收集到海盗三角帽、海盗战装、海盗长靴三件套装。
※将收集到的装备全都穿到身上之后与位于格里达尼亚旧街的乔纳森对话后获得。",0,41099,233,0,0,0,0,0,0,0,0,0,2,19,0,0,5,255,255,0,4,1,1,0
128,诙谐的滑稽小丑,"收集到滑稽帽、滑稽棉甲、滑稽紧身裤三件套装。
※将收集到的装备全都穿到身上之后与位于格里达尼亚旧街的乔纳森对话后获得。",0,41075,234,0,0,0,0,0,0,0,0,0,3,19,0,0,5,255,255,0,4,1,1,0
129,无锋之骑士,完成任务“复苏的上古武器”，获得无锋剑柯塔纳和神圣盾。,0,30446,66656,0,0,0,0,0,0,0,0,2,1,62,20,50,10,255,255,0,4,6,1,0
130,释法之武僧,完成任务“复苏的上古武器”，获得释法来。,0,31034,66657,0,0,0,0,0,0,0,0,3,2,62,21,50,10,255,255,0,4,6,1,0
131,勇悍之战士,完成任务“复苏的上古武器”，获得勇悍斧。,0,31440,66655,0,0,0,0,0,0,0,0,4,3,62,22,50,10,255,255,0,4,6,1,0
132,穿心之龙骑士,完成任务“复苏的上古武器”，获得穿心枪盖博尔格。,0,31842,66658,0,0,0,0,0,0,0,0,5,4,62,23,50,10,255,255,0,4,6,1,0
133,月神之吟游诗人,完成任务“复苏的上古武器”，获得月神之弓。,0,32238,66661,0,0,0,0,0,0,0,0,6,5,62,24,50,10,255,255,0,4,6,1,0
134,酒神之白魔法师,完成任务“复苏的上古武器”，获得酒神杖。,0,32626,66660,0,0,0,0,0,0,0,0,7,7,62,25,50,10,255,255,0,4,6,1,0
135,星尘之黑魔法师,完成任务“复苏的上古武器”，获得星尘杖。,0,33012,66659,0,0,0,0,0,0,0,0,8,8,62,26,50,10,255,255,0,4,6,1,0
136,复苏的上古武器,完成任务“复苏的上古武器”，获得无锋剑柯塔纳、神圣盾、释法来、勇悍斧、穿心枪盖博尔格、月神之弓、酒神杖、星尘杖、绿瞳列传以及万辞全书。,0,2502,129,130,131,132,133,134,135,597,598,1,31,62,43,50,30,255,255,0,4,2,1,0
137,木工爱好者,完成50次1-10级的木工作业。,0,35001,23,50,0,0,0,0,0,0,0,0,1,24,0,0,5,255,255,0,3,1,1,0
138,木工初学者,完成300次11-20级的木工作业。,0,35001,24,300,0,0,0,0,0,0,0,0,2,24,0,0,5,255,255,0,3,1,1,0
139,木工实习生,完成750次21-30级的木工作业。,0,35001,25,750,0,0,0,0,0,0,0,0,3,24,0,0,5,255,255,0,3,1,1,0
140,木工熟练工,完成1500次31-40级的木工作业。,0,35001,26,1500,0,0,0,0,0,0,0,0,4,24,0,0,5,255,255,0,3,1,1,0
141,木工手艺人,完成3000次41-50级的木工作业。,0,35001,27,3000,0,0,0,0,0,0,0,17,5,24,9,38,10,255,255,0,3,1,1,0
142,木工之巧匠,达成“木工爱好者”“木工初学者”“木工实习生”“木工熟练工”“木工手艺人”五个成就。,2326,35010,137,138,139,140,141,0,0,0,0,0,6,24,9,38,30,2,255,3,4,2,1,0
143,锻冶爱好者,完成50次1-10级的锻冶作业。,0,35106,28,50,0,0,0,0,0,0,0,0,1,25,0,0,5,255,255,0,3,1,1,0
144,锻冶初学者,完成300次11-20级的锻冶作业。,0,35106,29,300,0,0,0,0,0,0,0,0,2,25,0,0,5,255,255,0,3,1,1,0
145,锻冶实习生,完成750次21-30级的锻冶作业。,0,35106,30,750,0,0,0,0,0,0,0,0,3,25,0,0,5,255,255,0,3,1,1,0
146,锻冶熟练工,完成1500次31-40级的锻冶作业。,0,35106,31,1500,0,0,0,0,0,0,0,0,4,25,0,0,5,255,255,0,3,1,1,0
147,锻冶手艺人,完成3000次41-50级的锻冶作业。,0,35106,32,3000,0,0,0,0,0,0,0,18,5,25,10,38,10,255,255,0,3,1,1,0
148,锻冶之巧匠,达成“锻冶爱好者”“锻冶初学者”“锻冶实习生”“锻冶熟练工”“锻冶手艺人”五个成就。,2353,35110,143,144,145,146,147,0,0,0,0,0,6,25,10,38,30,3,255,3,4,2,1,0
149,铸甲爱好者,完成50次1-10级的铸甲作业。,0,35203,33,50,0,0,0,0,0,0,0,0,1,26,0,0,5,255,255,0,3,1,1,0
150,铸甲初学者,完成300次11-20级的铸甲作业。,0,35203,34,300,0,0,0,0,0,0,0,0,2,26,0,0,5,255,255,0,3,1,1,0
151,铸甲实习生,完成750次21-30级的铸甲作业。,0,35203,35,750,0,0,0,0,0,0,0,0,3,26,0,0,5,255,255,0,3,1,1,0
152,铸甲熟练工,完成1500次31-40级的铸甲作业。,0,35203,36,1500,0,0,0,0,0,0,0,0,4,26,0,0,5,255,255,0,3,1,1,0
153,铸甲手艺人,完成3000次41-50级的铸甲作业。,0,35203,37,3000,0,0,0,0,0,0,0,19,5,26,11,38,10,255,255,0,3,1,1,0
154,铸甲之巧匠,达成“铸甲爱好者”“铸甲初学者”“铸甲实习生”“铸甲熟练工”“铸甲手艺人”五个成就。,2378,35209,149,150,151,152,153,0,0,0,0,0,6,26,11,38,30,4,255,3,4,2,1,0
155,雕金爱好者,完成50次1-10级的雕金作业。,0,35301,38,50,0,0,0,0,0,0,0,0,1,27,0,0,5,255,255,0,3,1,1,0
156,雕金初学者,完成300次11-20级的雕金作业。,0,35301,39,300,0,0,0,0,0,0,0,0,2,27,0,0,5,255,255,0,3,1,1,0
157,雕金实习生,完成750次21-30级的雕金作业。,0,35301,40,750,0,0,0,0,0,0,0,0,3,27,0,0,5,255,255,0,3,1,1,0
158,雕金熟练工,完成1500次31-40级的雕金作业。,0,35301,41,1500,0,0,0,0,0,0,0,0,4,27,0,0,5,255,255,0,3,1,1,0
159,雕金手艺人,完成3000次41-50级的雕金作业。,0,35301,42,3000,0,0,0,0,0,0,0,20,5,27,12,38,10,255,255,0,3,1,1,0
160,雕金之巧匠,达成“雕金爱好者”“雕金初学者”“雕金实习生”“雕金熟练工”“雕金手艺人”五个成就。,2403,35309,155,156,157,158,159,0,0,0,0,0,6,27,12,38,30,5,255,3,4,2,1,0
161,制革爱好者,完成50次1-10级的制革作业。,0,35404,43,50,0,0,0,0,0,0,0,0,1,28,0,0,5,255,255,0,3,1,1,0
162,制革初学者,完成300次11-20级的制革作业。,0,35404,44,300,0,0,0,0,0,0,0,0,2,28,0,0,5,255,255,0,3,1,1,0
163,制革实习生,完成750次21-30级的制革作业。,0,35404,45,750,0,0,0,0,0,0,0,0,3,28,0,0,5,255,255,0,3,1,1,0
164,制革熟练工,完成1500次31-40级的制革作业。,0,35404,46,1500,0,0,0,0,0,0,0,0,4,28,0,0,5,255,255,0,3,1,1,0
165,制革手艺人,完成3000次41-50级的制革作业。,0,35404,47,3000,0,0,0,0,0,0,0,21,5,28,13,38,10,255,255,0,3,1,1,0
166,制革之巧匠,达成“制革爱好者”“制革初学者”“制革实习生”“制革熟练工”“制革手艺人”五个成就。,2428,35409,161,162,163,164,165,0,0,0,0,0,6,28,13,38,30,6,255,3,4,2,1,0
167,裁缝爱好者,完成50次1-10级的裁缝作业。,0,35501,48,50,0,0,0,0,0,0,0,0,1,29,0,0,5,255,255,0,3,1,1,0
168,裁缝初学者,完成300次11-20级的裁缝作业。,0,35501,49,300,0,0,0,0,0,0,0,0,2,29,0,0,5,255,255,0,3,1,1,0
169,裁缝实习生,完成750次21-30级的裁缝作业。,0,35501,50,750,0,0,0,0,0,0,0,0,3,29,0,0,5,255,255,0,3,1,1,0
170,裁缝熟练工,完成1500次31-40级的裁缝作业。,0,35501,51,1500,0,0,0,0,0,0,0,0,4,29,0,0,5,255,255,0,3,1,1,0
171,裁缝手艺人,完成3000次41-50级的裁缝作业。,0,35501,52,3000,0,0,0,0,0,0,0,22,5,29,14,38,10,255,255,0,3,1,1,0
172,裁缝之巧匠,达成“裁缝爱好者”“裁缝初学者”“裁缝实习生”“裁缝熟练工”“裁缝手艺人”五个成就。,2454,35510,167,168,169,170,171,0,0,0,0,0,6,29,14,38,30,7,255,3,4,2,1,0
173,炼金爱好者,完成50次1-10级的炼金作业。,0,35604,53,50,0,0,0,0,0,0,0,0,1,30,0,0,5,255,255,0,3,1,1,0
174,炼金初学者,完成300次11-20级的炼金作业。,0,35604,54,300,0,0,0,0,0,0,0,0,2,30,0,0,5,255,255,0,3,1,1,0
175,炼金实习生,完成750次21-30级的炼金作业。,0,35604,55,750,0,0,0,0,0,0,0,0,3,30,0,0,5,255,255,0,3,1,1,0
176,炼金熟练工,完成1500次31-40级的炼金作业。,0,35604,56,1500,0,0,0,0,0,0,0,0,4,30,0,0,5,255,255,0,3,1,1,0
177,炼金手艺人,完成3000次41-50级的炼金作业。,0,35604,57,3000,0,0,0,0,0,0,0,23,5,30,15,38,10,255,255,0,3,1,1,0
178,炼金之巧匠,达成“炼金爱好者”“炼金初学者”“炼金实习生”“炼金熟练工”“炼金手艺人”五个成就。,2479,35609,173,174,175,176,177,0,0,0,0,0,6,30,15,38,30,8,255,3,4,2,1,0
179,烹调爱好者,完成50次1-10级的烹调作业。,0,35704,58,50,0,0,0,0,0,0,0,0,1,31,0,0,5,255,255,0,3,1,1,0
180,烹调初学者,完成300次11-20级的烹调作业。,0,35704,59,300,0,0,0,0,0,0,0,0,2,31,0,0,5,255,255,0,3,1,1,0
181,烹调实习生,完成750次21-30级的烹调作业。,0,35704,60,750,0,0,0,0,0,0,0,0,3,31,0,0,5,255,255,0,3,1,1,0
182,烹调熟练工,完成1500次31-40级的烹调作业。,0,35704,61,1500,0,0,0,0,0,0,0,0,4,31,0,0,5,255,255,0,3,1,1,0
183,烹调手艺人,完成3000次41-50级的烹调作业。,0,35704,62,3000,0,0,0,0,0,0,0,24,5,31,16,38,10,255,255,0,3,1,1,0
184,烹调之巧匠,达成“烹调爱好者”“烹调初学者”“烹调实习生”“烹调熟练工”“烹调手艺人”五个成就。,2505,35711,179,180,181,182,183,0,0,0,0,0,6,31,16,38,30,9,255,3,4,2,1,0
185,拉诺西亚采掘能手1,在拉诺西亚的1-10级矿脉采掘或碎石20次。,0,1015,63,20,0,0,0,0,0,0,0,0,1,32,0,0,5,255,255,0,3,1,1,0
186,拉诺西亚采掘能手2,在拉诺西亚的11-20级矿脉采掘或碎石300次。,0,1015,78,300,0,0,0,0,0,0,0,0,2,32,0,0,5,255,255,0,3,1,1,0
187,拉诺西亚采掘能手3,在拉诺西亚的21-30级矿脉采掘或碎石1000次。,0,1015,93,1000,0,0,0,0,0,0,0,0,3,32,0,0,5,255,255,0,3,1,1,0
188,拉诺西亚采掘能手4,在拉诺西亚的31-40级矿脉采掘或碎石2000次。,0,1015,108,2000,0,0,0,0,0,0,0,0,4,32,0,0,5,255,255,0,3,1,1,0
189,拉诺西亚采掘能手5,在拉诺西亚的41-50级矿脉采掘或碎石4000次。,0,1015,123,4000,0,0,0,0,0,0,0,0,5,32,0,0,5,255,255,0,3,1,1,0
190,拉诺西亚采掘王,达成五个“拉诺西亚采掘能手”成就。,0,1002,185,186,187,188,189,0,0,0,0,25,6,32,17,40,10,255,255,0,4,2,1,0
191,黑衣森林采掘能手1,在黑衣森林的1-10级矿脉采掘或碎石20次。,0,1015,64,20,0,0,0,0,0,0,0,0,7,32,0,0,5,255,255,0,3,1,1,0
192,黑衣森林采掘能手2,在黑衣森林的11-20级矿脉采掘或碎石300次。,0,1015,79,300,0,0,0,0,0,0,0,0,8,32,0,0,5,255,255,0,3,1,1,0
193,黑衣森林采掘能手3,在黑衣森林的21-30级矿脉采掘或碎石1000次。,0,1015,94,1000,0,0,0,0,0,0,0,0,9,32,0,0,5,255,255,0,3,1,1,0
194,黑衣森林采掘能手4,在黑衣森林的31-40级矿脉采掘或碎石2000次。,0,1015,109,2000,0,0,0,0,0,0,0,0,10,32,0,0,5,255,255,0,3,1,1,0
195,黑衣森林采掘能手5,在黑衣森林的41-50级矿脉采掘或碎石4000次。,0,1015,124,4000,0,0,0,0,0,0,0,0,11,32,0,0,5,255,255,0,3,1,1,0
196,黑衣森林采掘王,达成五个“黑衣森林采掘能手”成就。,0,1002,191,192,193,194,195,0,0,0,0,26,12,32,17,40,10,255,255,0,4,2,1,0
197,萨纳兰采掘能手1,在萨纳兰的1-10级矿脉采掘或碎石20次。,0,1015,65,20,0,0,0,0,0,0,0,0,13,32,0,0,5,255,255,0,3,1,1,0
198,萨纳兰采掘能手2,在萨纳兰的11-20级矿脉采掘或碎石300次。,0,1015,80,300,0,0,0,0,0,0,0,0,14,32,0,0,5,255,255,0,3,1,1,0
199,萨纳兰采掘能手3,在萨纳兰的21-30级矿脉采掘或碎石1000次。,0,1015,95,1000,0,0,0,0,0,0,0,0,15,32,0,0,5,255,255,0,3,1,1,0
200,萨纳兰采掘能手4,在萨纳兰的31-40级矿脉采掘或碎石2000次。,0,1015,110,2000,0,0,0,0,0,0,0,0,16,32,0,0,5,255,255,0,3,1,1,0
201,萨纳兰采掘能手5,在萨纳兰的41-50级矿脉采掘或碎石4000次。,0,1015,125,4000,0,0,0,0,0,0,0,0,17,32,0,0,5,255,255,0,3,1,1,0
202,萨纳兰采掘王,达成五个“萨纳兰采掘能手”成就。,0,1002,197,198,199,200,201,0,0,0,0,27,18,32,17,40,10,255,255,0,4,2,1,0
203,黄金鹤嘴锄,达成“拉诺西亚采掘王”“黑衣森林采掘王”“萨纳兰采掘王”三个成就。,2531,38011,190,196,202,0,0,0,0,0,0,0,19,32,17,40,30,10,255,3,4,2,1,0
204,拉诺西亚碎石能手1,在拉诺西亚的1-10级石场碎石20次。,0,1015,66,10,0,0,0,0,0,0,0,0,0,56,0,0,5,255,255,0,0,1,1,0
205,拉诺西亚碎石能手2,在拉诺西亚的11-20级石场碎石30次。,0,1015,81,30,0,0,0,0,0,0,0,0,0,56,0,0,5,255,255,0,0,1,1,0
206,拉诺西亚碎石能手3,在拉诺西亚的21-30级石场碎石100次。,0,1015,96,100,0,0,0,0,0,0,0,0,0,56,0,0,5,255,255,0,0,1,1,0
207,拉诺西亚碎石能手4,在拉诺西亚的31-40级石场碎石200次。,0,1015,111,200,0,0,0,0,0,0,0,0,0,56,0,0,5,255,255,0,0,1,1,0
208,拉诺西亚碎石能手5,在拉诺西亚的41-50级石场碎石500次。,0,1015,126,500,0,0,0,0,0,0,0,0,0,56,0,0,5,255,255,0,0,1,1,0
209,拉诺西亚碎石王,达成五个“拉诺西亚碎石能手”成就。,0,1002,204,205,206,207,208,0,0,0,0,28,0,56,0,0,10,255,255,0,0,2,1,0
210,黑衣森林碎石能手1,在黑衣森林的1-10级石场碎石20次。,0,1015,67,10,0,0,0,0,0,0,0,0,0,56,0,0,5,255,255,0,0,1,1,0
211,黑衣森林碎石能手2,在黑衣森林的11-20级石场碎石30次。,0,1015,82,30,0,0,0,0,0,0,0,0,0,56,0,0,5,255,255,0,0,1,1,0
212,黑衣森林碎石能手3,在黑衣森林的21-30级石场碎石100次。,0,1015,97,100,0,0,0,0,0,0,0,0,0,56,0,0,5,255,255,0,0,1,1,0
213,黑衣森林碎石能手4,在黑衣森林的31-40级石场碎石200次。,0,1015,112,200,0,0,0,0,0,0,0,0,0,56,0,0,5,255,255,0,0,1,1,0
214,黑衣森林碎石能手5,在黑衣森林的41-50级石场碎石500次。,0,1015,127,500,0,0,0,0,0,0,0,0,0,56,0,0,5,255,255,0,0,1,1,0
215,黑衣森林碎石王,达成五个“黑衣森林碎石能手”成就。,0,1002,210,211,212,213,214,0,0,0,0,29,0,56,0,0,10,255,255,0,0,2,1,0
216,萨纳兰碎石能手1,在萨纳兰的1-10级石场碎石20次。,0,1015,68,10,0,0,0,0,0,0,0,0,0,56,0,0,5,255,255,0,0,1,1,0
217,萨纳兰碎石能手2,在萨纳兰的11-20级石场碎石30次。,0,1015,83,30,0,0,0,0,0,0,0,0,0,56,0,0,5,255,255,0,0,1,1,0
218,萨纳兰碎石能手3,在萨纳兰的21-30级石场碎石100次。,0,1015,98,100,0,0,0,0,0,0,0,0,0,56,0,0,5,255,255,0,0,1,1,0
219,萨纳兰碎石能手4,在萨纳兰的31-40级石场碎石200次。,0,1015,113,200,0,0,0,0,0,0,0,0,0,56,0,0,5,255,255,0,0,1,1,0
220,萨纳兰碎石能手5,在萨纳兰的41-50级石场碎石500次。,0,1015,128,500,0,0,0,0,0,0,0,0,0,56,0,0,5,255,255,0,0,1,1,0
221,萨纳兰碎石王,达成五个“萨纳兰碎石能手”成就。,0,1002,216,217,218,219,220,0,0,0,0,30,0,56,0,0,10,255,255,0,0,2,1,0
222,拉诺西亚采伐能手1,在拉诺西亚的1-10级良材采伐或割草20次。,0,1056,69,20,0,0,0,0,0,0,0,0,1,33,0,0,5,255,255,0,3,1,1,0
223,拉诺西亚采伐能手2,在拉诺西亚的11-20级良材采伐或割草300次。,0,1056,84,300,0,0,0,0,0,0,0,0,2,33,0,0,5,255,255,0,3,1,1,0
224,拉诺西亚采伐能手3,在拉诺西亚的21-30级良材采伐或割草1000次。,0,1056,99,1000,0,0,0,0,0,0,0,0,3,33,0,0,5,255,255,0,3,1,1,0
225,拉诺西亚采伐能手4,在拉诺西亚的31-40级良材采伐或割草2000次。,0,1056,114,2000,0,0,0,0,0,0,0,0,4,33,0,0,5,255,255,0,3,1,1,0
226,拉诺西亚采伐能手5,在拉诺西亚的41-50级良材采伐或割草4000次。,0,1056,129,4000,0,0,0,0,0,0,0,0,5,33,0,0,5,255,255,0,3,1,1,0
227,拉诺西亚采伐王,达成五个“拉诺西亚采伐能手”成就。,0,1052,222,223,224,225,226,0,0,0,0,31,6,33,18,40,10,255,255,0,4,2,1,0
228,黑衣森林采伐能手1,在黑衣森林的1-10级良材采伐或割草20次。,0,1056,70,20,0,0,0,0,0,0,0,0,7,33,0,0,5,255,255,0,3,1,1,0
229,黑衣森林采伐能手2,在黑衣森林的11-20级良材采伐或割草300次。,0,1056,85,300,0,0,0,0,0,0,0,0,8,33,0,0,5,255,255,0,3,1,1,0
230,黑衣森林采伐能手3,在黑衣森林的21-30级良材采伐或割草1000次。,0,1056,100,1000,0,0,0,0,0,0,0,0,9,33,0,0,5,255,255,0,3,1,1,0
231,黑衣森林采伐能手4,在黑衣森林的31-40级良材采伐或割草2000次。,0,1056,115,2000,0,0,0,0,0,0,0,0,10,33,0,0,5,255,255,0,3,1,1,0
232,黑衣森林采伐能手5,在黑衣森林的41-50级良材采伐或割草4000次。,0,1056,130,4000,0,0,0,0,0,0,0,0,11,33,0,0,5,255,255,0,3,1,1,0
233,黑衣森林采伐王,达成五个“黑衣森林采伐能手”成就。,0,1052,228,229,230,231,232,0,0,0,0,32,12,33,18,40,10,255,255,0,4,2,1,0
234,萨纳兰采伐能手1,在萨纳兰的1-10级良材采伐或割草20次。,0,1056,71,20,0,0,0,0,0,0,0,0,13,33,0,0,5,255,255,0,3,1,1,0
235,萨纳兰采伐能手2,在萨纳兰的11-20级良材采伐或割草300次。,0,1056,86,300,0,0,0,0,0,0,0,0,14,33,0,0,5,255,255,0,3,1,1,0
236,萨纳兰采伐能手3,在萨纳兰的21-30级良材采伐或割草1000次。,0,1056,101,1000,0,0,0,0,0,0,0,0,15,33,0,0,5,255,255,0,3,1,1,0
237,萨纳兰采伐能手4,在萨纳兰的31-40级良材采伐或割草2000次。,0,1056,116,2000,0,0,0,0,0,0,0,0,16,33,0,0,5,255,255,0,3,1,1,0
238,萨纳兰采伐能手5,在萨纳兰的41-50级良材采伐或割草4000次。,0,1056,131,4000,0,0,0,0,0,0,0,0,17,33,0,0,5,255,255,0,3,1,1,0
239,萨纳兰采伐王,达成五个“萨纳兰采伐能手”成就。,0,1052,234,235,236,237,238,0,0,0,0,33,18,33,18,40,10,255,255,0,4,2,1,0
240,黄金手斧,达成“拉诺西亚采伐王”“黑衣森林采伐王”“萨纳兰采伐王”三个成就。,2557,38110,227,233,239,0,0,0,0,0,0,0,19,33,18,40,30,11,255,3,4,2,1,0
241,拉诺西亚割草能手1,在拉诺西亚的1-10级草场割草20次。,0,1065,72,10,0,0,0,0,0,0,0,0,0,56,0,0,5,255,255,0,0,1,1,0
242,拉诺西亚割草能手2,在拉诺西亚的11-20级草场割草30次。,0,1065,87,30,0,0,0,0,0,0,0,0,0,56,0,0,5,255,255,0,0,1,1,0
243,拉诺西亚割草能手3,在拉诺西亚的21-30级草场割草100次。,0,1065,102,100,0,0,0,0,0,0,0,0,0,56,0,0,5,255,255,0,0,1,1,0
244,拉诺西亚割草能手4,在拉诺西亚的31-40级草场割草200次。,0,1065,117,200,0,0,0,0,0,0,0,0,0,56,0,0,5,255,255,0,0,1,1,0
245,拉诺西亚割草能手5,在拉诺西亚的41-50级草场割草500次。,0,1065,132,500,0,0,0,0,0,0,0,0,0,56,0,0,5,255,255,0,0,1,1,0
246,拉诺西亚割草王,达成五个“拉诺西亚割草能手”成就。,0,1052,241,242,243,244,245,0,0,0,0,34,0,56,0,0,10,255,255,0,0,2,1,0
247,黑衣森林割草能手1,在黑衣森林的1-10级草场割草20次。,0,1065,73,10,0,0,0,0,0,0,0,0,0,56,0,0,5,255,255,0,0,1,1,0
248,黑衣森林割草能手2,在黑衣森林的11-20级草场割草30次。,0,1065,88,30,0,0,0,0,0,0,0,0,0,56,0,0,5,255,255,0,0,1,1,0
249,黑衣森林割草能手3,在黑衣森林的21-30级草场割草100次。,0,1065,103,100,0,0,0,0,0,0,0,0,0,56,0,0,5,255,255,0,0,1,1,0
250,黑衣森林割草能手4,在黑衣森林的31-40级草场割草200次。,0,1065,118,200,0,0,0,0,0,0,0,0,0,56,0,0,5,255,255,0,0,1,1,0
251,黑衣森林割草能手5,在黑衣森林的41-50级草场割草500次。,0,1065,133,500,0,0,0,0,0,0,0,0,0,56,0,0,5,255,255,0,0,1,1,0
252,黑衣森林割草王,达成五个“黑衣森林割草能手”成就。,0,1052,247,248,249,250,251,0,0,0,0,35,0,56,0,0,10,255,255,0,0,2,1,0
253,萨纳兰割草能手1,在萨纳兰的1-10级草场割草20次。,0,1065,74,10,0,0,0,0,0,0,0,0,0,56,0,0,5,255,255,0,0,1,1,0
254,萨纳兰割草能手2,在萨纳兰的11-20级草场割草30次。,0,1065,89,30,0,0,0,0,0,0,0,0,0,56,0,0,5,255,255,0,0,1,1,0
255,萨纳兰割草能手3,在萨纳兰的21-30级草场割草100次。,0,1065,104,100,0,0,0,0,0,0,0,0,0,56,0,0,5,255,255,0,0,1,1,0
256,萨纳兰割草能手4,在萨纳兰的31-40级草场割草200次。,0,1065,119,200,0,0,0,0,0,0,0,0,0,56,0,0,5,255,255,0,0,1,1,0
257,萨纳兰割草能手5,在萨纳兰的41-50级草场割草500次。,0,1065,134,500,0,0,0,0,0,0,0,0,0,56,0,0,5,255,255,0,0,1,1,0
258,萨纳兰割草王,达成五个“萨纳兰割草能手”成就。,0,1052,253,254,255,256,257,0,0,0,0,36,0,56,0,0,10,255,255,0,0,2,1,0
259,拉诺西亚钓鱼能手1,在拉诺西亚的1-10级钓场钓鱼20次。,0,1101,75,20,0,0,0,0,0,0,0,0,1,34,0,0,5,255,255,0,3,1,1,0
260,拉诺西亚钓鱼能手2,在拉诺西亚的11-20级钓场钓鱼100次。,0,1101,90,100,0,0,0,0,0,0,0,0,2,34,0,0,5,255,255,0,3,1,1,0
261,拉诺西亚钓鱼能手3,在拉诺西亚的21-30级钓场钓鱼300次。,0,1101,105,300,0,0,0,0,0,0,0,0,3,34,0,0,5,255,255,0,3,1,1,0
262,拉诺西亚钓鱼能手4,在拉诺西亚的31-40级钓场钓鱼500次。,0,1101,120,500,0,0,0,0,0,0,0,0,4,34,0,0,5,255,255,0,3,1,1,0
263,拉诺西亚钓鱼能手5,在拉诺西亚的41-50级钓场钓鱼1000次。,0,1101,135,1000,0,0,0,0,0,0,0,0,5,34,0,0,5,255,255,0,3,1,1,0
264,拉诺西亚钓鱼王,达成五个“拉诺西亚钓鱼能手”成就。,0,1103,259,260,261,262,263,0,0,0,0,37,6,34,19,1,10,255,255,0,4,2,1,0
265,黑衣森林钓鱼能手1,在黑衣森林的1-10级钓场钓鱼20次。,0,1101,76,20,0,0,0,0,0,0,0,0,7,34,0,0,5,255,255,0,3,1,1,0
266,黑衣森林钓鱼能手2,在黑衣森林的11-20级钓场钓鱼100次。,0,1101,91,100,0,0,0,0,0,0,0,0,8,34,0,0,5,255,255,0,3,1,1,0
267,黑衣森林钓鱼能手3,在黑衣森林的21-30级钓场钓鱼300次。,0,1101,106,300,0,0,0,0,0,0,0,0,9,34,0,0,5,255,255,0,3,1,1,0
268,黑衣森林钓鱼能手4,在黑衣森林的31-40级钓场钓鱼500次。,0,1101,121,500,0,0,0,0,0,0,0,0,10,34,0,0,5,255,255,0,3,1,1,0
269,黑衣森林钓鱼能手5,在黑衣森林的41-50级钓场钓鱼1000次。,0,1101,136,1000,0,0,0,0,0,0,0,0,11,34,0,0,5,255,255,0,3,1,1,0
270,黑衣森林钓鱼王,达成五个“黑衣森林钓鱼能手”成就。,0,1103,265,266,267,268,269,0,0,0,0,38,12,34,19,1,10,255,255,0,4,2,1,0
271,萨纳兰钓鱼能手1,在萨纳兰的1-10级钓场钓鱼20次。,0,1101,77,20,0,0,0,0,0,0,0,0,13,34,0,0,5,255,255,0,3,1,1,0
272,萨纳兰钓鱼能手2,在萨纳兰的11-20级钓场钓鱼100次。,0,1101,92,100,0,0,0,0,0,0,0,0,14,34,0,0,5,255,255,0,3,1,1,0
273,萨纳兰钓鱼能手3,在萨纳兰的21-30级钓场钓鱼300次。,0,1101,107,300,0,0,0,0,0,0,0,0,15,34,0,0,5,255,255,0,3,1,1,0
274,萨纳兰钓鱼能手4,在萨纳兰的31-40级钓场钓鱼500次。,0,1101,122,500,0,0,0,0,0,0,0,0,16,34,0,0,5,255,255,0,3,1,1,0
275,萨纳兰钓鱼能手5,在萨纳兰的41-50级钓场钓鱼1000次。,0,1101,137,1000,0,0,0,0,0,0,0,0,17,34,0,0,5,255,255,0,3,1,1,0
276,萨纳兰钓鱼王,达成五个“萨纳兰钓鱼能手”成就。,0,1103,271,272,273,274,275,0,0,0,0,39,18,34,19,1,10,255,255,0,4,2,1,0
277,黄金钓竿,达成“拉诺西亚钓鱼王”“黑衣森林钓鱼王”“萨纳兰钓鱼王”三个成就。,2583,38211,264,270,276,0,0,0,0,0,0,0,19,34,19,1,30,12,255,3,4,2,1,0
278,拉诺西亚刺鱼能手1,在拉诺西亚的1-10级渔场刺鱼20次。,0,62911,0,0,0,0,0,0,0,0,0,0,0,56,0,0,5,255,255,0,0,0,1,0
279,拉诺西亚刺鱼能手2,在拉诺西亚的11-20级渔场刺鱼30次。,0,62911,0,0,0,0,0,0,0,0,0,0,0,56,0,0,5,255,255,0,0,0,1,0
280,拉诺西亚刺鱼能手3,在拉诺西亚的21-30级渔场刺鱼100次。,0,62911,0,0,0,0,0,0,0,0,0,0,0,56,0,0,5,255,255,0,0,0,1,0
281,拉诺西亚刺鱼能手4,在拉诺西亚的31-40级渔场刺鱼200次。,0,62911,0,0,0,0,0,0,0,0,0,0,0,56,0,0,5,255,255,0,0,0,1,0
282,拉诺西亚刺鱼能手5,在拉诺西亚的41-50级渔场刺鱼500次。,0,62911,0,0,0,0,0,0,0,0,0,0,0,56,0,0,5,255,255,0,0,0,1,0
283,拉诺西亚刺鱼王,达成五个“拉诺西亚刺鱼能手”成就。,0,62911,0,0,0,0,0,0,0,0,0,40,0,56,0,0,10,255,255,0,0,0,1,0
284,黑衣森林刺鱼能手1,在黑衣森林的1-10级渔场刺鱼20次。,0,62911,0,0,0,0,0,0,0,0,0,0,0,56,0,0,5,255,255,0,0,0,1,0
285,黑衣森林刺鱼能手2,在黑衣森林的11-20级渔场刺鱼30次。,0,62911,0,0,0,0,0,0,0,0,0,0,0,56,0,0,5,255,255,0,0,0,1,0
286,黑衣森林刺鱼能手3,在黑衣森林的21-30级渔场刺鱼100次。,0,62911,0,0,0,0,0,0,0,0,0,0,0,56,0,0,5,255,255,0,0,0,1,0
287,黑衣森林刺鱼能手4,在黑衣森林的31-40级渔场刺鱼200次。,0,62911,0,0,0,0,0,0,0,0,0,0,0,56,0,0,5,255,255,0,0,0,1,0
288,黑衣森林刺鱼能手5,在黑衣森林的41-50级渔场刺鱼500次。,0,62911,0,0,0,0,0,0,0,0,0,0,0,56,0,0,5,255,255,0,0,0,1,0
289,黑衣森林刺鱼王,达成五个“黑衣森林刺鱼能手”成就。,0,62911,0,0,0,0,0,0,0,0,0,41,0,56,0,0,10,255,255,0,0,0,1,0
290,萨纳兰刺鱼能手1,在萨纳兰的1-10级渔场刺鱼20次。,0,62911,0,0,0,0,0,0,0,0,0,0,0,56,0,0,5,255,255,0,0,0,1,0
291,萨纳兰刺鱼能手2,在萨纳兰的11-20级渔场刺鱼30次。,0,62911,0,0,0,0,0,0,0,0,0,0,0,56,0,0,5,255,255,0,0,0,1,0
292,萨纳兰刺鱼能手3,在萨纳兰的21-30级渔场刺鱼100次。,0,62911,0,0,0,0,0,0,0,0,0,0,0,56,0,0,5,255,255,0,0,0,1,0
293,萨纳兰刺鱼能手4,在萨纳兰的31-40级渔场刺鱼200次。,0,62911,0,0,0,0,0,0,0,0,0,0,0,56,0,0,5,255,255,0,0,0,1,0
294,萨纳兰刺鱼能手5,在萨纳兰的41-50级渔场刺鱼500次。,0,62911,0,0,0,0,0,0,0,0,0,0,0,56,0,0,5,255,255,0,0,0,1,0
295,萨纳兰刺鱼王,达成五个“萨纳兰刺鱼能手”成就。,0,62911,0,0,0,0,0,0,0,0,0,42,0,56,0,0,10,255,255,0,0,0,1,0
296,老哥布林的学徒1,成功镶嵌魔晶石10次。,0,20201,16,10,0,0,0,0,0,0,0,0,1,23,0,0,5,255,255,0,3,1,1,0
297,老哥布林的学徒2,成功镶嵌魔晶石50次。,0,20202,16,50,0,0,0,0,0,0,0,0,2,23,0,0,5,255,255,0,3,1,1,0
298,老哥布林的学徒3,成功镶嵌魔晶石100次。,0,20203,16,100,0,0,0,0,0,0,0,0,3,23,0,0,5,255,255,0,3,1,1,0
299,老哥布林的学徒4,成功镶嵌魔晶石500次。,0,20204,16,500,0,0,0,0,0,0,0,0,4,23,0,0,5,255,255,0,3,1,1,0
300,老哥布林的高徒,成功镶嵌魔晶石1000次。,0,109,16,1000,0,0,0,0,0,0,0,43,5,23,44,19,10,255,255,0,3,1,1,0
301,勇气之主,成功将2颗魔晶石镶嵌到同一个装备上。,0,20206,2,0,0,0,0,0,0,0,0,0,9,23,0,0,10,255,255,0,4,4,1,0
302,幸运之主,成功将3颗魔晶石镶嵌到同一个装备上。,0,20207,3,0,0,0,0,0,0,0,0,0,20,23,0,0,20,255,255,0,4,4,1,0
303,强运之主,成功将4颗魔晶石镶嵌到同一个装备上。,0,20208,4,0,0,0,0,0,0,0,0,0,21,23,0,0,30,255,255,0,4,4,1,0
304,命运女神的垂青,成功将5颗魔晶石镶嵌到同一个装备上。,2910,407,5,0,0,0,0,0,0,0,0,0,22,23,44,19,40,13,255,3,4,4,1,0
305,思念的结晶1,成功用装备精制魔晶石10次。,0,20209,17,10,0,0,0,0,0,0,0,0,23,23,0,0,5,255,255,0,3,1,1,0
306,思念的结晶2,成功用装备精制魔晶石50次。,0,20210,17,50,0,0,0,0,0,0,0,0,24,23,0,0,5,255,255,0,3,1,1,0
307,思念的结晶3,成功用装备精制魔晶石100次。,0,20211,17,100,0,0,0,0,0,0,0,0,25,23,0,0,5,255,255,0,3,1,1,0
308,思念的结晶4,成功用装备精制魔晶石500次。,0,20212,17,500,0,0,0,0,0,0,0,0,26,23,0,0,5,255,255,0,3,1,1,0
309,重情重义的魔晶石师傅,成功用装备精制魔晶石1000次。,0,869,17,1000,0,0,0,0,0,0,0,44,27,23,44,19,10,255,255,0,3,1,1,0
310,从利姆萨·罗敏萨启程,完成主线任务“森之都与沙之都”。,0,62951,66082,0,0,0,0,0,0,0,0,0,21,76,0,0,5,255,255,0,4,6,25,0
311,从格里达尼亚启程,完成主线任务“海之都与沙之都”。,0,62952,66043,0,0,0,0,0,0,0,0,0,22,76,0,0,5,255,255,0,4,6,25,0
312,从乌尔达哈启程,完成主线任务“海之都与森之都”。,0,62953,66064,0,0,0,0,0,0,0,0,0,23,76,0,0,5,255,255,0,4,6,25,0
313,一段往事,完成任何一个职业的30级职业任务。,0,26002,65801,66103,65855,65975,65612,65977,65889,65997,65691,0,301,77,0,0,5,255,255,0,4,9,1,0
314,战争的传奇,完成“纳尔札尔双剑”“拳圣”“斩断宿怨之日”“勇气的证明”“毫无迷惘的眼瞳”五个职业任务。,0,2553,65801,66103,65855,65975,65612,0,0,0,0,45,302,77,41,30,10,255,255,0,4,6,1,0
315,魔法的传奇,完成“领悟自然”“胆小之人的勇气”“秘术最高级命题的证明”三个职业任务。,0,3132,65977,65889,65997,0,0,0,0,0,0,46,303,77,42,30,10,255,255,0,4,6,1,0
316,巧手的传奇,完成“包容之心”“大富豪的订单”“各自的前程”“孔雀石的希望之光”“杰作的使命”“热恋男儿的决心”“毒药的愉悦”“美食家罗罗力特的挑战”八个职业任务。,0,1997,65705,65834,65816,66153,65597,66129,66120,65802,0,47,304,77,44,30,10,255,255,0,4,6,1,0
317,大地的传奇,完成“黑龙腾起风云变”“自然的洗礼”“夜晚的钓线”三个职业任务。,0,1015,66142,65545,66650,0,0,0,0,0,0,48,305,77,45,30,10,255,255,0,4,6,1,0
318,经典的传承,达成“战争的传奇”“魔法的传奇”“大地的传奇”“巧手的传奇”四个成就。,2908,452,314,315,316,317,0,0,0,0,0,0,306,77,47,30,20,14,255,3,4,2,1,0
319,拉诺西亚的热心肠,完成15个拉诺西亚地区的支线任务。,0,62901,0,0,0,0,0,0,0,0,0,0,0,57,0,0,5,255,255,0,0,0,1,0
320,黑衣森林的热心肠,完成15个黑衣森林地区的支线任务。,0,62902,0,0,0,0,0,0,0,0,0,0,0,57,0,0,5,255,255,0,0,0,1,0
321,萨纳兰的热心肠,完成15个萨纳兰地区的支线任务。,0,62903,0,0,0,0,0,0,0,0,0,0,0,57,0,0,5,255,255,0,0,0,1,0
322,全心全意为人民服务,达成“拉诺西亚的热心肠”“黑衣森林的热心肠”“萨纳兰的热心肠”三个成就。,0,62938,319,320,321,0,0,0,0,0,0,49,0,57,0,0,10,255,255,0,0,2,1,0
323,喜欢理符的雇佣兵1,累计完成10次佣兵理符任务。,0,2802,18,10,0,0,0,0,0,0,0,0,1,36,0,0,5,255,255,0,3,1,1,0
324,喜欢理符的雇佣兵2,累计完成20次佣兵理符任务。,0,2802,18,20,0,0,0,0,0,0,0,0,2,36,0,0,5,255,255,0,3,1,1,0
325,喜欢理符的雇佣兵3,累计完成50次佣兵理符任务。,0,2802,18,50,0,0,0,0,0,0,0,0,3,36,0,0,5,255,255,0,3,1,1,0
326,喜欢理符的雇佣兵4,累计完成100次佣兵理符任务。,0,2802,18,100,0,0,0,0,0,0,0,0,4,36,0,0,5,255,255,0,3,1,1,0
327,喜欢理符的雇佣兵5,累计完成200次佣兵理符任务。,0,2802,18,200,0,0,0,0,0,0,0,0,5,36,0,0,5,255,255,0,3,1,1,0
328,喜欢理符的雇佣兵6,累计完成500次佣兵理符任务。,0,2802,18,500,0,0,0,0,0,0,0,50,6,36,43,10,10,255,255,0,3,1,1,0
329,百战历练的冒险行家,累计完成1000次佣兵理符任务。,0,803,18,1000,0,0,0,0,0,0,0,0,7,36,0,0,20,255,255,0,3,1,1,0
330,喜欢理符的巧手人1,累计完成10次制作理符任务。,0,1903,19,10,0,0,0,0,0,0,0,0,21,36,0,0,5,255,255,0,3,1,1,0
331,喜欢理符的巧手人2,累计完成20次制作理符任务。,0,1903,19,20,0,0,0,0,0,0,0,0,22,36,0,0,5,255,255,0,3,1,1,0
332,喜欢理符的巧手人3,累计完成50次制作理符任务。,0,1903,19,50,0,0,0,0,0,0,0,0,23,36,0,0,5,255,255,0,3,1,1,0
333,喜欢理符的巧手人4,累计完成100次制作理符任务。,0,1903,19,100,0,0,0,0,0,0,0,0,24,36,0,0,5,255,255,0,3,1,1,0
334,喜欢理符的巧手人5,累计完成200次制作理符任务。,0,1903,19,200,0,0,0,0,0,0,0,0,25,36,0,0,5,255,255,0,3,1,1,0
335,喜欢理符的巧手人6,累计完成500次制作理符任务。,0,1903,19,500,0,0,0,0,0,0,0,51,26,36,44,10,10,255,255,0,3,1,1,0
336,天衣无缝的巧手匠人,累计完成1000次制作理符任务。,0,1955,19,1000,0,0,0,0,0,0,0,0,27,36,0,0,20,255,255,0,3,1,1,0
337,正义的执行者1,完成10个特殊部队理符任务。,0,62906,14,10,0,0,0,0,0,0,0,0,0,57,0,0,5,255,255,0,0,1,1,0
338,正义的执行者2,完成50个特殊部队理符任务。,0,62906,14,50,0,0,0,0,0,0,0,0,0,57,0,0,5,255,255,0,0,1,1,0
339,正义的执行者3,完成100个特殊部队理符任务。,0,62906,14,100,0,0,0,0,0,0,0,52,0,57,0,0,10,255,255,0,0,1,1,0
340,义愤填膺,完成500个特殊部队理符任务。,0,62905,14,500,0,0,0,0,0,0,0,0,0,57,0,0,20,255,255,0,0,1,1,0
341,特务队员的职责1,完成5次行会令。,0,158,15,5,0,0,0,0,0,0,0,0,1,35,0,0,5,255,255,0,3,1,1,0
342,特务队员的职责2,完成10次行会令。,0,158,15,10,0,0,0,0,0,0,0,0,2,35,0,0,5,255,255,0,3,1,1,0
343,特务队员的职责3,完成20次行会令。,0,158,15,20,0,0,0,0,0,0,0,0,3,35,0,0,5,255,255,0,3,1,1,0
344,特务队员的职责4,完成30次行会令。,0,158,15,30,0,0,0,0,0,0,0,0,4,35,0,0,5,255,255,0,3,1,1,0
345,特务队员的职责5,完成50次行会令。,0,158,15,50,0,0,0,0,0,0,0,0,5,35,0,0,5,255,255,0,3,1,1,0
346,特务队员的职责6,完成100次行会令。,0,158,15,100,0,0,0,0,0,0,0,53,6,35,43,10,10,255,255,0,3,1,1,0
347,特种老兵,完成200次行会令。,0,161,15,200,0,0,0,0,0,0,0,0,7,35,0,0,20,255,255,0,3,1,1,0
348,身经百战的佣兵,在拉诺西亚、黑衣森林及萨纳兰的每个以太之光和以太之门各完成1个冒险理符佣兵任务。,0,62916,0,0,0,0,0,0,0,0,0,0,0,57,0,0,5,255,255,0,0,0,1,0
349,佣兵传奇：胡须岩营地,在胡须岩营地完成20个冒险理符佣兵任务。,0,62916,0,0,0,0,0,0,0,0,0,0,0,57,0,0,5,255,255,0,0,0,1,0
350,佣兵传奇：雪松原,在雪松原完成20个冒险理符佣兵任务。,0,62916,0,0,0,0,0,0,0,0,0,0,0,57,0,0,5,255,255,0,0,0,1,0
351,佣兵传奇：骷髅谷营地,在骷髅谷营地完成20个冒险理符佣兵任务。,0,62916,0,0,0,0,0,0,0,0,0,0,0,57,0,0,5,255,255,0,0,0,1,0
352,佣兵传奇：不毛丘营地,在不毛丘营地完成20个冒险理符佣兵任务。,0,62916,0,0,0,0,0,0,0,0,0,0,0,57,0,0,5,255,255,0,0,0,1,0
353,佣兵传奇：鲜血滨营地,在鲜血滨岩营地完成20个冒险理符佣兵任务。,0,62916,0,0,0,0,0,0,0,0,0,0,0,57,0,0,5,255,255,0,0,0,1,0
354,佣兵传奇：仙后岩洞,在仙后岩洞完成20个冒险理符佣兵任务。,0,62916,0,0,0,0,0,0,0,0,0,0,0,57,0,0,5,255,255,0,0,0,1,0
355,佣兵传奇：黑金湖营地,在黑金湖营地完成20个冒险理符佣兵任务。,0,62916,0,0,0,0,0,0,0,0,0,0,0,57,0,0,5,255,255,0,0,0,1,0
356,拉诺西亚之利剑,在拉诺西亚的每个以太之光和以太之门各完成20个冒险理符佣兵任务。,0,62901,0,0,0,0,0,0,0,0,0,54,0,57,0,0,10,255,255,0,0,0,1,0
357,佣兵传奇：弯枝营地,在弯枝营地完成20个冒险理符佣兵任务。,0,62916,0,0,0,0,0,0,0,0,0,0,0,57,0,0,5,255,255,0,0,0,1,0
358,佣兵传奇：妖精火床,在妖精火床完成20个冒险理符佣兵任务。,0,62916,0,0,0,0,0,0,0,0,0,0,0,57,0,0,5,255,255,0,0,0,1,0
359,佣兵传奇：九藤营地,在九藤营地完成20个冒险理符佣兵任务。,0,62916,0,0,0,0,0,0,0,0,0,0,0,57,0,0,5,255,255,0,0,0,1,0
360,佣兵传奇：翠玉藓营地,在翠玉藓营地完成20个冒险理符佣兵任务。,0,62916,0,0,0,0,0,0,0,0,0,0,0,57,0,0,5,255,255,0,0,0,1,0
361,佣兵传奇：私语巨木,在私语巨木地完成20个冒险理符佣兵任务。,0,62916,0,0,0,0,0,0,0,0,0,0,0,57,0,0,5,255,255,0,0,0,1,0
362,佣兵传奇：姆恩·图伊酿造库,在姆恩·图伊酿造库完成20个冒险理符佣兵任务。,0,62916,0,0,0,0,0,0,0,0,0,0,0,57,0,0,5,255,255,0,0,0,1,0
363,佣兵传奇：恬静路营地,在恬静路营地完成20个冒险理符佣兵任务。,0,62916,0,0,0,0,0,0,0,0,0,0,0,57,0,0,5,255,255,0,0,0,1,0
364,黑衣森林之利剑,在黑衣森林的每个以太之光和以太之门各完成20个冒险理符佣兵任务。,0,62902,0,0,0,0,0,0,0,0,0,55,0,57,0,0,10,255,255,0,0,0,1,0
365,佣兵传奇：黑尘营地,在黑尘营地完成20个冒险理符佣兵任务。,0,62916,0,0,0,0,0,0,0,0,0,0,0,57,0,0,5,255,255,0,0,0,1,0
366,佣兵传奇：纳纳瓦银山,在纳纳瓦银山完成20个冒险理符佣兵任务。,0,62916,0,0,0,0,0,0,0,0,0,0,0,57,0,0,5,255,255,0,0,0,1,0
367,佣兵传奇：枯骨营地,在枯骨营地完成20个冒险理符佣兵任务。,0,62916,0,0,0,0,0,0,0,0,0,0,0,57,0,0,5,255,255,0,0,0,1,0
368,佣兵传奇：日影地,在日影地完成20个冒险理符佣兵任务。,0,62916,0,0,0,0,0,0,0,0,0,0,0,57,0,0,5,255,255,0,0,0,1,0
369,佣兵传奇：地平营地,在地平营地完成20个冒险理符佣兵任务。,0,62916,0,0,0,0,0,0,0,0,0,0,0,57,0,0,5,255,255,0,0,0,1,0
370,佣兵传奇：丰饶神井,在丰饶神井完成20个冒险理符佣兵任务。,0,62916,0,0,0,0,0,0,0,0,0,0,0,57,0,0,5,255,255,0,0,0,1,0
371,佣兵传奇：秽水营地,在秽水营地完成20个冒险理符佣兵任务。,0,62916,0,0,0,0,0,0,0,0,0,0,0,57,0,0,5,255,255,0,0,0,1,0
372,萨纳兰之利剑,在萨纳兰的每个以太之光和以太之门各完成20个冒险理符佣兵任务。,0,62903,0,0,0,0,0,0,0,0,0,56,0,57,0,0,10,255,255,0,0,0,1,0
373,城邦同盟之利剑,达成“拉诺西亚之利剑”“黑衣森林之利剑”“萨纳兰之利剑”三个成就。,0,62916,0,0,0,0,0,0,0,0,0,57,0,57,0,0,20,255,255,0,0,0,1,0
374,身经百战的卫士,在拉诺西亚、黑衣森林及萨纳兰的每个以太之光和以太之门各完成1个讨伐令。,0,62914,0,0,0,0,0,0,0,0,0,0,0,57,0,0,5,255,255,0,0,0,1,0
375,卫士传奇：胡须岩营地,在胡须岩营地完成10个讨伐令。,0,62913,0,0,0,0,0,0,0,0,0,0,0,57,0,0,5,255,255,0,0,0,1,0
376,卫士传奇：雪松原,在雪松原完成10个讨伐令。,0,62913,0,0,0,0,0,0,0,0,0,0,0,57,0,0,5,255,255,0,0,0,1,0
377,卫士传奇：骷髅谷营地,在骷髅谷营地完成10个讨伐令。,0,62913,0,0,0,0,0,0,0,0,0,0,0,57,0,0,5,255,255,0,0,0,1,0
378,卫士传奇：不毛丘营地,在不毛丘营地完成10个讨伐令。,0,62913,0,0,0,0,0,0,0,0,0,0,0,57,0,0,5,255,255,0,0,0,1,0
379,卫士传奇：鲜血滨营地,在鲜血滨岩营地完成10个讨伐令。,0,62913,0,0,0,0,0,0,0,0,0,0,0,57,0,0,5,255,255,0,0,0,1,0
380,卫士传奇：仙后岩洞,在仙后岩洞完成10个讨伐令。,0,62913,0,0,0,0,0,0,0,0,0,0,0,57,0,0,5,255,255,0,0,0,1,0
381,卫士传奇：黑金湖营地,在黑金湖营地完成10个讨伐令。,0,62913,0,0,0,0,0,0,0,0,0,0,0,57,0,0,5,255,255,0,0,0,1,0
382,拉诺西亚之坚盾,在拉诺西亚的每个以太之光和以太之门各完成10个讨伐令。,0,62901,0,0,0,0,0,0,0,0,0,58,0,57,0,0,10,255,255,0,0,0,1,0
383,卫士传奇：弯枝营地,在弯枝营地完成10个讨伐令。,0,62913,0,0,0,0,0,0,0,0,0,0,0,57,0,0,5,255,255,0,0,0,1,0
384,卫士传奇：妖精火床,在妖精火床完成10个讨伐令。,0,62913,0,0,0,0,0,0,0,0,0,0,0,57,0,0,5,255,255,0,0,0,1,0
385,卫士传奇：九藤营地,在九藤营地完成10个讨伐令。,0,62913,0,0,0,0,0,0,0,0,0,0,0,57,0,0,5,255,255,0,0,0,1,0
386,卫士传奇：翠玉藓营地,在翠玉藓营地完成10个讨伐令。,0,62913,0,0,0,0,0,0,0,0,0,0,0,57,0,0,5,255,255,0,0,0,1,0
387,卫士传奇：私语巨木,在私语巨木地完成10个讨伐令。,0,62913,0,0,0,0,0,0,0,0,0,0,0,57,0,0,5,255,255,0,0,0,1,0
388,卫士传奇：姆恩·图伊酿造库,在姆恩·图伊酿造库完成10个讨伐令。,0,62913,0,0,0,0,0,0,0,0,0,0,0,57,0,0,5,255,255,0,0,0,1,0
389,卫士传奇：恬静路营地,在恬静路营地完成10个讨伐令。,0,62913,0,0,0,0,0,0,0,0,0,0,0,57,0,0,5,255,255,0,0,0,1,0
390,黑衣森林之坚盾,在黑衣森林的每个以太之光和以太之门各完成10个讨伐令。,0,62902,0,0,0,0,0,0,0,0,0,59,0,57,0,0,10,255,255,0,0,0,1,0
391,卫士传奇：黑尘营地,在黑尘营地完成10个讨伐令。,0,62913,0,0,0,0,0,0,0,0,0,0,0,57,0,0,5,255,255,0,0,0,1,0
392,卫士传奇：纳纳瓦银山,在纳纳瓦银山完成10个讨伐令。,0,62913,0,0,0,0,0,0,0,0,0,0,0,57,0,0,5,255,255,0,0,0,1,0
393,卫士传奇：枯骨营地,在枯骨营地完成10个讨伐令。,0,62913,0,0,0,0,0,0,0,0,0,0,0,57,0,0,5,255,255,0,0,0,1,0
394,卫士传奇：日影地,在日影地完成10个讨伐令。,0,62913,0,0,0,0,0,0,0,0,0,0,0,57,0,0,5,255,255,0,0,0,1,0
395,卫士传奇：地平营地,在地平营地完成10个讨伐令。,0,62913,0,0,0,0,0,0,0,0,0,0,0,57,0,0,5,255,255,0,0,0,1,0
396,卫士传奇：丰饶神井,在丰饶神井完成10个讨伐令。,0,62913,0,0,0,0,0,0,0,0,0,0,0,57,0,0,5,255,255,0,0,0,1,0
397,卫士传奇：秽水营地,在秽水营地完成10个讨伐令。,0,62913,0,0,0,0,0,0,0,0,0,0,0,57,0,0,5,255,255,0,0,0,1,0
398,萨纳兰之坚盾,在萨纳兰的每个以太之光和以太之门各完成10个讨伐令。,0,62903,0,0,0,0,0,0,0,0,0,60,0,57,0,0,10,255,255,0,0,0,1,0
399,城邦同盟之坚盾,达成“拉诺西亚之坚盾”“黑衣森林之坚盾”“萨纳兰之坚盾”三个成就。,0,62915,0,0,0,0,0,0,0,0,0,61,0,57,0,0,20,255,255,0,0,0,1,0
400,破刃之剑中队新兵,完成10个破刃之剑中队的特殊部队理符任务。,0,62916,20,10,0,0,0,0,0,0,0,0,0,57,0,0,5,255,255,0,0,1,1,0
401,破刃之剑中队老兵,完成50个破刃之剑中队的特殊部队理符任务。,0,62916,20,50,0,0,0,0,0,0,0,62,0,57,0,0,10,255,255,0,0,1,1,0
402,阿泽玛之盾中队新兵,完成10个阿泽玛之盾中队的特殊部队理符任务。,0,62916,21,10,0,0,0,0,0,0,0,0,0,57,0,0,5,255,255,0,0,1,1,0
403,阿泽玛之盾中队老兵,完成50个阿泽玛之盾中队的特殊部队理符任务。,0,62916,21,50,0,0,0,0,0,0,0,63,0,57,0,0,10,255,255,0,0,1,1,0
404,独角之手小队新兵,完成10个独角之手小队的特殊部队理符任务。,0,62916,22,10,0,0,0,0,0,0,0,0,0,57,0,0,5,255,255,0,0,1,1,0
405,独角之手小队老兵,完成50个独角之手小队的特殊部队理符任务。,0,62916,22,50,0,0,0,0,0,0,0,64,0,57,0,0,10,255,255,0,0,1,1,0
406,特殊部队之星,达成“破刃之剑中队老兵”“阿泽玛之盾中队老兵”“独角之手小队老兵”三个成就。,0,62916,401,403,405,0,0,0,0,0,0,65,0,57,0,0,20,255,255,0,0,2,1,0
407,白银之骑士,完成任务“高举骑士的圣剑”。,0,26003,66596,0,0,0,0,0,0,0,0,0,321,77,0,0,5,255,255,0,4,6,1,0
408,练气之武僧,完成任务“废王的回归”。,0,26004,66602,0,0,0,0,0,0,0,0,0,341,77,0,0,5,255,255,0,4,6,1,0
409,原初之战士,完成任务“顶级战士”。,0,26005,66590,0,0,0,0,0,0,0,0,0,361,77,0,0,5,255,255,0,4,6,1,0
410,苍天之龙骑士,完成任务“苍天之龙骑士”。,0,26006,66608,0,0,0,0,0,0,0,0,0,381,77,0,0,5,255,255,0,4,6,1,0
411,古曲之吟游诗人,完成任务“生命的赞歌”。,0,26007,66626,0,0,0,0,0,0,0,0,0,401,77,0,0,5,255,255,0,4,6,1,0
412,无瑕之白魔法师,完成任务“镇抚的仪式”。,0,26008,66620,0,0,0,0,0,0,0,0,0,441,77,0,0,5,255,255,0,4,6,1,0
413,深远之黑魔法师,完成任务“黑魔的引导，法师的真实”。,0,26009,66614,0,0,0,0,0,0,0,0,0,461,77,0,0,5,255,255,0,4,6,1,0
414,古典战斗主义者,达成“白银之骑士”“练气之武僧”“原初之战士”“苍天之龙骑士”“古曲之吟游诗人”“无瑕之白魔法师”“深远之黑魔法师”“正道之召唤师”“重生之学者”九个成就。,0,2627,407,408,409,410,411,412,413,599,600,66,1000,77,43,50,20,255,255,0,4,2,1,0
415,抗争灵灾之人,完成任务“闭上双眼，则希望满怀”。,0,26002,0,0,0,0,0,0,0,0,0,0,0,57,0,0,20,15,255,0,0,0,1,0
416,无神论者,在小麦酒港保卫战中打倒第11团高级教士崮布。,0,62901,0,0,0,0,0,0,0,0,0,67,0,57,0,0,5,255,255,0,0,0,1,0
417,断剑之人,在林场水车保卫战中打倒天剑之萨扎尔·西罗克。,0,62902,0,0,0,0,0,0,0,0,0,68,0,57,0,0,5,255,255,0,0,0,1,0
418,不碎之岩,在黄金集市保卫战中打倒碎岩之塔纳德·夏,0,62903,0,0,0,0,0,0,0,0,0,69,0,57,0,0,5,255,255,0,0,0,1,0
419,小麦酒港初级卫士,在小麦酒港保卫战中以不低于10000的防卫战绩取得胜利。,0,62901,0,0,0,0,0,0,0,0,0,0,0,57,0,0,5,255,255,0,0,0,1,0
420,小麦酒港低级卫士,在小麦酒港保卫战中以不低于20000的防卫战绩取得胜利。,0,62901,0,0,0,0,0,0,0,0,0,0,0,57,0,0,5,255,255,0,0,0,1,0
421,小麦酒港中级卫士,在小麦酒港保卫战中以不低于30000的防卫战绩取得胜利。,0,62901,0,0,0,0,0,0,0,0,0,0,0,57,0,0,5,255,255,0,0,0,1,0
422,小麦酒港上级卫士,在小麦酒港保卫战中以不低于40000的防卫战绩取得胜利。,0,62901,0,0,0,0,0,0,0,0,0,0,0,57,0,0,5,255,255,0,0,0,1,0
423,小麦酒港卫士长,在小麦酒港保卫战中以不低于50000的防卫战绩取得胜利。,0,62901,0,0,0,0,0,0,0,0,0,70,0,57,0,0,10,255,255,0,0,0,1,0
424,林场水车初级卫士,在林场水车保卫战中以不低于10000的防卫战绩取得胜利。,0,62902,0,0,0,0,0,0,0,0,0,0,0,57,0,0,5,255,255,0,0,0,1,0
425,林场水车低级卫士,在林场水车保卫战中以不低于20000的防卫战绩取得胜利。,0,62902,0,0,0,0,0,0,0,0,0,0,0,57,0,0,5,255,255,0,0,0,1,0
426,林场水车中级卫士,在林场水车保卫战中以不低于30000的防卫战绩取得胜利。,0,62902,0,0,0,0,0,0,0,0,0,0,0,57,0,0,5,255,255,0,0,0,1,0
427,林场水车上级卫士,在林场水车保卫战中以不低于40000的防卫战绩取得胜利。,0,62902,0,0,0,0,0,0,0,0,0,0,0,57,0,0,5,255,255,0,0,0,1,0
428,林场水车卫士长,在林场水车保卫战中以不低于50000的防卫战绩取得胜利。,0,62902,0,0,0,0,0,0,0,0,0,71,0,57,0,0,10,255,255,0,0,0,1,0
429,黄金集市初级卫士,在黄金集市保卫战中以不低于10000的防卫战绩取得胜利。,0,62903,0,0,0,0,0,0,0,0,0,0,0,57,0,0,5,255,255,0,0,0,1,0
430,黄金集市低级卫士,在黄金集市保卫战中以不低于20000的防卫战绩取得胜利。,0,62903,0,0,0,0,0,0,0,0,0,0,0,57,0,0,5,255,255,0,0,0,1,0
431,黄金集市中级卫士,在黄金集市保卫战中以不低于30000的防卫战绩取得胜利。,0,62903,0,0,0,0,0,0,0,0,0,0,0,57,0,0,5,255,255,0,0,0,1,0
432,黄金集市上级卫士,在黄金集市保卫战中以不低于40000的防卫战绩取得胜利。,0,62903,0,0,0,0,0,0,0,0,0,0,0,57,0,0,5,255,255,0,0,0,1,0
433,黄金集市卫士长,在黄金集市保卫战中以不低于50000的防卫战绩取得胜利。,0,62903,0,0,0,0,0,0,0,0,0,72,0,57,0,0,10,255,255,0,0,0,1,0
434,保卫辅城：小麦酒港,成功保卫小麦酒港5次。,0,62901,162,5,0,0,0,0,0,0,0,0,0,57,0,0,5,255,255,0,0,1,1,0
435,护卫辅城：小麦酒港,成功保卫小麦酒港10次。,0,62901,162,10,0,0,0,0,0,0,0,0,0,57,0,0,5,255,255,0,0,1,1,0
436,坚守辅城：小麦酒港,成功保卫小麦酒港50次。,0,62901,162,50,0,0,0,0,0,0,0,0,0,57,0,0,5,255,255,0,0,1,1,0
437,镇守辅城：小麦酒港,成功保卫小麦酒港100次。,0,62901,162,100,0,0,0,0,0,0,0,0,0,57,0,0,5,255,255,0,0,1,1,0
438,地灵克星,成功保卫小麦酒港1000次。,0,62901,162,1000,0,0,0,0,0,0,0,73,0,57,0,0,10,255,255,0,0,1,1,0
439,保卫辅城：林场水车,成功保卫林场水车5次。,0,62902,163,5,0,0,0,0,0,0,0,0,0,57,0,0,5,255,255,0,0,1,1,0
440,护卫辅城：林场水车,成功保卫林场水车10次。,0,62902,163,10,0,0,0,0,0,0,0,0,0,57,0,0,5,255,255,0,0,1,1,0
441,坚守辅城：林场水车,成功保卫林场水车50次。,0,62902,163,50,0,0,0,0,0,0,0,0,0,57,0,0,5,255,255,0,0,1,1,0
442,镇守辅城：林场水车,成功保卫林场水车100次。,0,62902,163,100,0,0,0,0,0,0,0,0,0,57,0,0,5,255,255,0,0,1,1,0
443,鸟人克星,成功保卫林场水车1000次。,0,62902,163,1000,0,0,0,0,0,0,0,74,0,57,0,0,10,255,255,0,0,1,1,0
444,保卫辅城：黄金集市,成功保卫黄金集市5次。,0,62903,164,5,0,0,0,0,0,0,0,0,0,57,0,0,5,255,255,0,0,1,1,0
445,护卫辅城：黄金集市,成功保卫黄金集市10次。,0,62903,164,10,0,0,0,0,0,0,0,0,0,57,0,0,5,255,255,0,0,1,1,0
446,坚守辅城：黄金集市,成功保卫黄金集市50次。,0,62903,164,50,0,0,0,0,0,0,0,0,0,57,0,0,5,255,255,0,0,1,1,0
447,镇守辅城：黄金集市,成功保卫黄金集市100次。,0,62903,164,100,0,0,0,0,0,0,0,0,0,57,0,0,5,255,255,0,0,1,1,0
448,蜥蜴人克星,成功保卫黄金集市1000次。,0,62903,164,1000,0,0,0,0,0,0,0,75,0,57,0,0,10,255,255,0,0,1,1,0
449,小麦酒港初级补给员,向小麦酒港保交纳指定物品10次。,0,62901,165,10,0,0,0,0,0,0,0,0,0,57,0,0,5,255,255,0,0,1,1,0
450,小麦酒港低级补给员,向小麦酒港保交纳指定物品100次。,0,62901,165,100,0,0,0,0,0,0,0,0,0,57,0,0,5,255,255,0,0,1,1,0
451,小麦酒港中级补给员,向小麦酒港保交纳指定物品500次。,0,62901,165,500,0,0,0,0,0,0,0,0,0,57,0,0,5,255,255,0,0,1,1,0
452,小麦酒港上级补给员,向小麦酒港保交纳指定物品1000次。,0,62901,165,1000,0,0,0,0,0,0,0,0,0,57,0,0,5,255,255,0,0,1,1,0
453,小麦酒港补给要员,向小麦酒港保交纳指定物品10000次。,0,62901,165,10000,0,0,0,0,0,0,0,76,0,57,0,0,10,255,255,0,0,1,1,0
454,林场水车初级补给员,向林场水车保交纳指定物品10次。,0,62902,166,10,0,0,0,0,0,0,0,0,0,57,0,0,5,255,255,0,0,1,1,0
455,林场水车低级补给员,向林场水车保交纳指定物品100次。,0,62902,166,100,0,0,0,0,0,0,0,0,0,57,0,0,5,255,255,0,0,1,1,0
456,林场水车中级补给员,向林场水车保交纳指定物品500次。,0,62902,166,500,0,0,0,0,0,0,0,0,0,57,0,0,5,255,255,0,0,1,1,0
457,林场水车上级补给员,向林场水车保交纳指定物品1000次。,0,62902,166,1000,0,0,0,0,0,0,0,0,0,57,0,0,5,255,255,0,0,1,1,0
458,林场水车补给要员,向林场水车保交纳指定物品10000次。,0,62902,166,10000,0,0,0,0,0,0,0,77,0,57,0,0,10,255,255,0,0,1,1,0
459,黄金集市初级补给员,向黄金集市保交纳指定物品10次。,0,62903,167,10,0,0,0,0,0,0,0,0,0,57,0,0,5,255,255,0,0,1,1,0
460,黄金集市低级补给员,向黄金集市保交纳指定物品100次。,0,62903,167,100,0,0,0,0,0,0,0,0,0,57,0,0,5,255,255,0,0,1,1,0
461,黄金集市中级补给员,向黄金集市保交纳指定物品500次。,0,62903,167,500,0,0,0,0,0,0,0,0,0,57,0,0,5,255,255,0,0,1,1,0
462,黄金集市上级补给员,向黄金集市保交纳指定物品1000次。,0,62903,167,1000,0,0,0,0,0,0,0,0,0,57,0,0,5,255,255,0,0,1,1,0
463,黄金集市补给要员,向黄金集市保交纳指定物品10000次。,0,62903,167,10000,0,0,0,0,0,0,0,78,0,57,0,0,10,255,255,0,0,1,1,0
464,小麦酒港初级军工匠,向小麦酒港保交纳魔晶石武具10次。,0,62901,168,10,0,0,0,0,0,0,0,0,0,57,0,0,5,255,255,0,0,1,1,0
465,小麦酒港低级军工匠,向小麦酒港保交纳魔晶石武具100次。,0,62901,168,100,0,0,0,0,0,0,0,0,0,57,0,0,5,255,255,0,0,1,1,0
466,小麦酒港中级军工匠,向小麦酒港保交纳魔晶石武具500次。,0,62901,168,500,0,0,0,0,0,0,0,0,0,57,0,0,5,255,255,0,0,1,1,0
467,小麦酒港上级军工匠,向小麦酒港保交纳魔晶石武具1000次。,0,62901,168,1000,0,0,0,0,0,0,0,0,0,57,0,0,5,255,255,0,0,1,1,0
468,小麦酒港御用工匠,向小麦酒港保交纳魔晶石武具10000次。,0,62901,168,10000,0,0,0,0,0,0,0,79,0,57,0,0,10,255,255,0,0,1,1,0
469,林场水车初级军工匠,向林场水车保交纳魔晶石武具10次。,0,62902,169,10,0,0,0,0,0,0,0,0,0,57,0,0,5,255,255,0,0,1,1,0
470,林场水车低级军工匠,向林场水车保交纳魔晶石武具100次。,0,62902,169,100,0,0,0,0,0,0,0,0,0,57,0,0,5,255,255,0,0,1,1,0
471,林场水车中级军工匠,向林场水车保交纳魔晶石武具500次。,0,62902,169,500,0,0,0,0,0,0,0,0,0,57,0,0,5,255,255,0,0,1,1,0
472,林场水车上级军工匠,向林场水车保交纳魔晶石武具1000次。,0,62902,169,1000,0,0,0,0,0,0,0,0,0,57,0,0,5,255,255,0,0,1,1,0
473,林场水车御用工匠,向林场水车保交纳魔晶石武具10000次。,0,62902,169,10000,0,0,0,0,0,0,0,80,0,57,0,0,10,255,255,0,0,1,1,0
474,黄金集市初级军工匠,向黄金集市保交纳魔晶石武具10次。,0,62903,170,10,0,0,0,0,0,0,0,0,0,57,0,0,5,255,255,0,0,1,1,0
475,黄金集市低级军工匠,向黄金集市保交纳魔晶石武具100次。,0,62903,170,100,0,0,0,0,0,0,0,0,0,57,0,0,5,255,255,0,0,1,1,0
476,黄金集市中级军工匠,向黄金集市保交纳魔晶石武具500次。,0,62903,170,500,0,0,0,0,0,0,0,0,0,57,0,0,5,255,255,0,0,1,1,0
477,黄金集市上级军工匠,向黄金集市保交纳魔晶石武具1000次。,0,62903,170,1000,0,0,0,0,0,0,0,0,0,57,0,0,5,255,255,0,0,1,1,0
478,黄金集市御用工匠,向黄金集市保交纳魔晶石武具10000次。,0,62903,170,10000,0,0,0,0,0,0,0,81,0,57,0,0,10,255,255,0,0,1,1,0
479,全力应战：小麦酒港,以仅由战斗精英和魔法导师组成的队伍成功保卫小麦酒港。,0,62901,0,0,0,0,0,0,0,0,0,0,0,57,0,0,5,255,255,0,0,0,1,0
480,全力应战：林场水车,以仅由战斗精英和魔法导师组成的队伍成功保卫林场水车。,0,62902,0,0,0,0,0,0,0,0,0,0,0,57,0,0,5,255,255,0,0,0,1,0
481,全力应战：黄金集市,以仅由战斗精英和魔法导师组成的队伍成功保卫黄金集市。,0,62903,0,0,0,0,0,0,0,0,0,0,0,57,0,0,5,255,255,0,0,0,1,0
482,全力后勤：小麦酒港,以仅由大地使者和能工巧匠组成的队伍成功保卫小麦酒港。,0,62901,0,0,0,0,0,0,0,0,0,0,0,57,0,0,5,255,255,0,0,0,1,0
483,全力后勤：林场水车,以仅由大地使者和能工巧匠组成的队伍成功保卫林场水车。,0,62902,0,0,0,0,0,0,0,0,0,0,0,57,0,0,5,255,255,0,0,0,1,0
484,全力后勤：黄金集市,以仅由大地使者和能工巧匠组成的队伍成功保卫黄金集市。,0,62903,0,0,0,0,0,0,0,0,0,0,0,57,0,0,5,255,255,0,0,0,1,0
485,辅城保卫者,完成小麦酒港、林场水车、黄金集市三个辅城的保卫战任务。,0,62939,0,0,0,0,0,0,0,0,0,0,0,57,0,0,5,255,255,0,0,0,1,0
486,黑兔印的驯鹿先生,收集到驯鹿角和驯鹿装两件套装。,0,62931,0,0,0,0,0,0,0,0,0,82,0,58,0,0,20,255,255,0,0,0,1,0
487,东方之龙,获得天龙武士盔。,0,62932,0,0,0,0,0,0,0,0,0,0,0,58,0,0,5,255,255,0,0,0,1,0
488,东方之红龙,获得朱漆天龙武士盔。,0,62934,0,0,0,0,0,0,0,0,0,0,0,58,0,0,5,255,255,0,0,0,1,0
489,东方之金龙,获得金箔天龙武士盔。,0,62933,0,0,0,0,0,0,0,0,0,0,0,58,0,0,5,255,255,0,0,0,1,0
490,东方之黑龙,获得黑漆天龙武士盔。,0,62935,0,0,0,0,0,0,0,0,0,0,0,58,0,0,5,255,255,0,0,0,1,0
491,龙神传说,收集到天龙武士盔、朱漆天龙武士盔、金箔天龙武士盔和黑漆天龙武士盔。,0,62908,0,0,0,0,0,0,0,0,0,83,0,58,0,0,20,255,255,0,0,0,1,0
492,纯情之证,获得情人坠饰。,0,62921,0,0,0,0,0,0,0,0,0,0,0,58,0,0,5,255,255,0,0,0,1,0
493,友情之证,获得白金情人坠饰。,0,62922,0,0,0,0,0,0,0,0,0,0,0,58,0,0,5,255,255,0,0,0,1,0
494,永恋的祝福,获得永恋之羁绊。,0,62923,0,0,0,0,0,0,0,0,0,0,0,58,0,0,5,255,255,0,0,0,1,0
495,散播爱心之人,获得情人坠饰、白金情人坠饰和永恋之羁绊。,0,62908,0,0,0,0,0,0,0,0,0,84,0,58,0,0,20,255,255,0,0,0,1,0
496,谒见公主,获得耳饰“桃香”。,0,62924,0,0,0,0,0,0,0,0,0,85,0,58,0,0,20,255,255,0,0,0,1,0
497,质朴猎蛋人,获得质朴蛋戒指。,0,62925,0,0,0,0,0,0,0,0,0,0,0,58,0,0,5,255,255,0,0,0,1,0
498,迷彩猎蛋人,获得迷彩蛋戒指。,0,62928,0,0,0,0,0,0,0,0,0,0,0,58,0,0,5,255,255,0,0,0,1,0
499,三色猎蛋人,获得三色蛋戒指。,0,62927,0,0,0,0,0,0,0,0,0,0,0,58,0,0,5,255,255,0,0,0,1,0
500,暗黑猎蛋人,获得暗黑蛋戒指。,0,62926,0,0,0,0,0,0,0,0,0,0,0,58,0,0,5,255,255,0,0,0,1,0
501,秘密的指环,获得陆行鸟蛋戒指。,0,62929,0,0,0,0,0,0,0,0,0,0,0,58,0,0,5,255,255,0,0,0,1,0
502,知名猎蛋人,达成“质朴猎蛋人”“迷彩猎蛋人”“三色猎蛋人”“暗黑猎蛋人”“秘密的指环”五个成就。,0,62908,0,0,0,0,0,0,0,0,0,86,0,58,0,0,20,255,255,0,0,0,1,0
503,防爆组敢死队员,获得青蓝君子浴衣或丹红淑女浴衣。,0,62917,0,0,0,0,0,0,0,0,0,0,0,58,0,0,5,255,255,0,0,0,1,0
504,时髦的防爆组队员,获得碧绿君子浴衣或青蓝淑女浴衣。,0,62918,0,0,0,0,0,0,0,0,0,0,0,58,0,0,5,255,255,0,0,0,1,0
505,潇洒的防爆组队员,获得墨黑君子浴衣或墨黑淑女浴衣。,0,62919,0,0,0,0,0,0,0,0,0,0,0,58,0,0,5,255,255,0,0,0,1,0
506,漂亮的防爆组队员,获得粉白君子束裤或粉白淑女束裤。,0,62936,0,0,0,0,0,0,0,0,0,0,0,58,0,0,5,255,255,0,0,0,1,0
507,优雅的防爆组队员,获得金黄君子束裤或金黄淑女束裤。,0,62937,0,0,0,0,0,0,0,0,0,0,0,58,0,0,5,255,255,0,0,0,1,0
508,脚下清凉,获得二齿木屐或舟形木屐。,0,62920,0,0,0,0,0,0,0,0,0,0,0,58,0,0,5,255,255,0,0,0,1,0
509,防爆组终身名誉队员,达成“防爆组敢死队员”“时髦的防爆组队员”“潇洒的防爆组队员”“漂亮的防爆组队员”“优雅的防爆组队员”“脚下清凉”六个成就。,0,62908,0,0,0,0,0,0,0,0,0,87,0,58,0,0,20,255,255,0,0,0,1,0
510,预示灾变的水晶,获得过属性晶簇。,0,62930,0,0,0,0,0,0,0,0,0,88,0,58,0,0,20,255,255,0,0,0,1,0
511,千狱的心火,在副本任务“托托·拉克侦察令”中打倒“心火蛛蝎”。,0,62907,0,0,0,0,0,0,0,0,0,0,0,59,0,0,5,255,255,0,0,0,1,0
512,千狱的明尾,在副本任务“托托·拉克侦察令”中打倒“明尾蛛蝎”。,0,62907,0,0,0,0,0,0,0,0,0,0,0,59,0,0,5,255,255,0,0,0,1,0
513,千狱的螯刺,在副本任务“托托·拉克侦察令”中打倒“螯刺蛛蝎”。,0,62907,0,0,0,0,0,0,0,0,0,0,0,59,0,0,5,255,255,0,0,0,1,0
514,地狱的巴特拉尔,在副本任务“泽梅尔要塞收复战”中打倒“巴特拉尔”。,0,62907,0,0,0,0,0,0,0,0,0,0,0,59,0,0,5,255,255,0,0,0,1,0
515,黄金的守财奴,在副本任务“黄金谷雾中行军”中打倒“守财夫人”。,0,62907,0,0,0,0,0,0,0,0,0,0,0,59,0,0,5,255,255,0,0,0,1,0
516,黄金谷财宝猎人,打倒“守财夫人”之后出现5只宝箱。,0,62907,0,0,0,0,0,0,0,0,0,0,0,59,0,0,5,255,255,0,0,0,1,0
517,人为财生,在不使用魔花之果与魔花之根的情况下突破黄金谷。,0,62907,0,0,0,0,0,0,0,0,0,0,0,59,0,0,5,255,255,0,0,0,1,0
518,悲鸣的奇美拉,在副本任务“樵鸣洞流沙迷宫”中打倒“奇美拉”。,0,62907,0,0,0,0,0,0,0,0,0,0,0,59,0,0,5,255,255,0,0,0,1,0
519,樵鸣洞财宝猎人,打倒“奇美拉”之后出现5只宝箱。,0,62907,0,0,0,0,0,0,0,0,0,0,0,59,0,0,5,255,255,0,0,0,1,0
520,团结不破,尽可能在小队队员集体行动的情况下打倒灵蚁禁军元帅并突破樵鸣洞。,0,62907,0,0,0,0,0,0,0,0,0,0,0,59,0,0,5,255,255,0,0,0,1,0
521,拉诺西亚的旅人,记录过拉诺西亚地区的全部19个以太之光及以太之门。,0,62909,0,0,0,0,0,0,0,0,0,0,0,60,0,0,5,255,255,0,0,0,1,0
522,黑衣森林的旅人,记录过黑衣森林地区的全部23个以太之光及以太之门。,0,62909,0,0,0,0,0,0,0,0,0,0,0,60,0,0,5,255,255,0,0,0,1,0
523,萨纳兰的旅人,记录过萨纳兰地区的全部22个以太之光及以太之门。,0,62909,0,0,0,0,0,0,0,0,0,0,0,60,0,0,5,255,255,0,0,0,1,0
524,库尔札斯的旅人,记录过库尔札斯地区的全部19个以太之光及以太之门。,0,62909,0,0,0,0,0,0,0,0,0,0,0,60,0,0,5,255,255,0,0,0,1,0
525,摩杜纳的旅人,记录过摩杜纳地区的全部4个以太之光及以太之门。,0,62909,0,0,0,0,0,0,0,0,0,0,0,60,0,0,5,255,255,0,0,0,1,0
526,放浪之神的垂青,达成“拉诺西亚的旅人”“黑衣森林的旅人”“萨纳兰的旅人”“库尔札斯的旅人”“摩杜纳的旅人”五个成就。,0,62910,0,0,0,0,0,0,0,0,0,105,0,60,0,0,10,255,255,0,0,0,1,0
527,海上的黑涡勇士,成为黑涡团的正式成员。,0,62951,241,0,0,0,0,0,0,0,0,0,0,51,0,0,5,255,255,0,4,1,1,0
528,林中的双蛇勇士,成为双蛇党的正式成员。,0,62952,242,0,0,0,0,0,0,0,0,0,0,52,0,0,5,255,255,0,4,1,1,0
529,沙漠的恒辉勇士,成为恒辉队的正式成员。,0,62953,243,0,0,0,0,0,0,0,0,0,0,53,0,0,5,255,255,0,4,1,1,0
530,初级军票漩涡,累积获得黑涡团军票数达到10000。,0,62951,138,10000,0,0,0,0,0,0,0,0,0,51,0,0,5,255,255,0,3,1,1,0
531,中级军票漩涡,累积获得黑涡团军票数达到50000。,0,62951,138,50000,0,0,0,0,0,0,0,0,0,51,0,0,5,255,255,0,3,1,1,0
532,高级军票漩涡,累积获得黑涡团军票数达到100000。,0,62951,138,100000,0,0,0,0,0,0,0,89,0,51,43,20,10,255,255,0,3,1,1,0
533,红锚勋章,累积获得黑涡团军票数达到500000。,2222,62951,138,500000,0,0,0,0,0,0,0,0,0,51,43,20,20,16,255,3,3,1,1,0
534,初级军票牙蛇,累积获得双蛇党军票数达到10000。,0,62952,139,10000,0,0,0,0,0,0,0,0,0,52,0,0,5,255,255,0,3,1,1,0
535,中级军票牙蛇,累积获得双蛇党军票数达到50000。,0,62952,139,50000,0,0,0,0,0,0,0,0,0,52,0,0,5,255,255,0,3,1,1,0
536,高级军票牙蛇,累积获得双蛇党军票数达到100000。,0,62952,139,100000,0,0,0,0,0,0,0,90,0,52,43,20,10,255,255,0,3,1,1,0
537,红木叶勋章,累积获得双蛇党军票数达到500000。,2221,62952,139,500000,0,0,0,0,0,0,0,0,0,52,43,20,20,17,255,3,3,1,1,0
538,初级军票耀辉,累积获得恒辉队军票数达到10000。,0,62953,140,10000,0,0,0,0,0,0,0,0,0,53,0,0,5,255,255,0,3,1,1,0
539,中级军票耀辉,累积获得恒辉队军票数达到50000。,0,62953,140,50000,0,0,0,0,0,0,0,0,0,53,0,0,5,255,255,0,3,1,1,0
540,高级军票耀辉,累积获得恒辉队军票数达到100000。,0,62953,140,100000,0,0,0,0,0,0,0,91,0,53,43,20,10,255,255,0,3,1,1,0
541,秘银天平章,累积获得恒辉队军票数达到500000。,2223,62953,140,500000,0,0,0,0,0,0,0,0,0,53,43,20,20,18,255,3,3,1,1,0
542,初级战历漩涡,累计完成黑涡团军队理符10次。,0,62951,141,10,0,0,0,0,0,0,0,0,0,51,0,0,5,255,255,0,3,1,1,0
543,中级战历漩涡,累计完成黑涡团军队理符100次。,0,62951,141,100,0,0,0,0,0,0,0,0,0,51,0,0,5,255,255,0,3,1,1,0
544,高级战历漩涡,累计完成黑涡团军队理符200次。,0,62951,141,200,0,0,0,0,0,0,0,92,0,51,43,20,10,255,255,0,3,1,1,0
545,苍炮勋章,累计完成黑涡团军队理符500次。,6116,62951,141,500,0,0,0,0,0,0,0,0,0,51,43,20,20,255,29,3,3,1,1,0
546,初级战历牙蛇,累计完成双蛇党军队理符10次。,0,62952,142,10,0,0,0,0,0,0,0,0,0,52,0,0,5,255,255,0,3,1,1,0
547,中级战历牙蛇,累计完成双蛇党军队理符100次。,0,62952,142,100,0,0,0,0,0,0,0,0,0,52,0,0,5,255,255,0,3,1,1,0
548,高级战历牙蛇,累计完成双蛇党军队理符200次。,0,62952,142,200,0,0,0,0,0,0,0,93,0,52,43,20,10,255,255,0,3,1,1,0
549,铁木叶勋章,累计完成双蛇党军队理符500次。,6117,62952,142,500,0,0,0,0,0,0,0,0,0,52,43,20,20,255,30,3,3,1,1,0
550,初级战历耀辉,累计完成恒辉队军队理符10次。,0,62953,143,10,0,0,0,0,0,0,0,0,0,53,0,0,5,255,255,0,3,1,1,0
551,中级战历耀辉,累计完成恒辉队军队理符100次。,0,62953,143,100,0,0,0,0,0,0,0,0,0,53,0,0,5,255,255,0,3,1,1,0
552,高级战历耀辉,累计完成恒辉队军队理符200次。,0,62953,143,200,0,0,0,0,0,0,0,94,0,53,43,20,10,255,255,0,3,1,1,0
553,白银天平章,累计完成恒辉队军队理符500次。,6118,62953,143,500,0,0,0,0,0,0,0,0,0,53,43,20,20,255,31,3,3,1,1,0
554,初级辎重漩涡,累积进行黑涡团军需品筹备达到10次。,0,62951,144,10,0,0,0,0,0,0,0,0,0,51,0,0,5,255,255,0,3,1,1,0
555,中级辎重漩涡,累积进行黑涡团军需品筹备达到50次。,0,62951,144,50,0,0,0,0,0,0,0,0,0,51,0,0,5,255,255,0,3,1,1,0
556,高级辎重漩涡,累积进行黑涡团军需品筹备达到200次。,0,62951,144,200,0,0,0,0,0,0,0,95,0,51,43,20,10,255,255,0,3,1,1,0
557,黑桨勋章,累积进行黑涡团军需品筹备达到500次。,4274,62951,144,500,0,0,0,0,0,0,0,0,0,51,43,20,20,19,255,3,3,1,1,0
558,初级辎重牙蛇,累积进行双蛇党军需品筹备达到10次。,0,62952,145,10,0,0,0,0,0,0,0,0,0,52,0,0,5,255,255,0,3,1,1,0
559,中级辎重牙蛇,累积进行双蛇党军需品筹备达到50次。,0,62952,145,50,0,0,0,0,0,0,0,0,0,52,0,0,5,255,255,0,3,1,1,0
560,高级辎重牙蛇,累积进行双蛇党军需品筹备达到200次。,0,62952,145,200,0,0,0,0,0,0,0,96,0,52,43,20,10,255,255,0,3,1,1,0
561,枫木叶勋章,累积进行双蛇党军需品筹备达到500次。,4276,62952,145,500,0,0,0,0,0,0,0,0,0,52,43,20,20,20,255,3,3,1,1,0
562,初级辎重耀辉,累积进行恒辉队军需品筹备达到10次。,0,62953,146,10,0,0,0,0,0,0,0,0,0,53,0,0,5,255,255,0,3,1,1,0
563,中级辎重耀辉,累积进行恒辉队军需品筹备达到50次。,0,62953,146,50,0,0,0,0,0,0,0,0,0,53,0,0,5,255,255,0,3,1,1,0
564,高级辎重耀辉,累积进行恒辉队军需品筹备达到200次。,0,62953,146,200,0,0,0,0,0,0,0,97,0,53,43,20,10,255,255,0,3,1,1,0
565,黄铜天平章,累积进行恒辉队军需品筹备达到500次。,4275,62953,146,500,0,0,0,0,0,0,0,0,0,53,43,20,20,21,255,3,3,1,1,0
566,初级补给漩涡,累积进行黑涡团补给品筹备达到10次。,0,62951,147,10,0,0,0,0,0,0,0,0,0,51,0,0,5,255,255,0,3,1,1,0
567,中级补给漩涡,累积进行黑涡团补给品筹备达到30次。,0,62951,147,30,0,0,0,0,0,0,0,0,0,51,0,0,5,255,255,0,3,1,1,0
568,高级补给漩涡,累积进行黑涡团补给品筹备达到100次。,0,62951,147,100,0,0,0,0,0,0,0,98,0,51,43,20,10,255,255,0,3,1,1,0
569,翠桅勋章,累积进行黑涡团补给品筹备达到200次。,4517,62951,147,200,0,0,0,0,0,0,0,0,0,51,43,20,20,22,255,3,3,1,1,0
570,初级补给牙蛇,累积进行双蛇党补给品筹备达到10次。,0,62952,148,10,0,0,0,0,0,0,0,0,0,52,0,0,5,255,255,0,3,1,1,0
571,中级补给牙蛇,累积进行双蛇党补给品筹备达到30次。,0,62952,148,30,0,0,0,0,0,0,0,0,0,52,0,0,5,255,255,0,3,1,1,0
572,高级补给牙蛇,累积进行双蛇党补给品筹备达到100次。,0,62952,148,100,0,0,0,0,0,0,0,99,0,52,43,20,10,255,255,0,3,1,1,0
573,柳木叶勋章,累积进行双蛇党补给品筹备达到200次。,4519,62952,148,200,0,0,0,0,0,0,0,0,0,52,43,20,20,23,255,3,3,1,1,0
574,初级补给耀辉,累积进行恒辉队补给品筹备达到10次。,0,62953,149,10,0,0,0,0,0,0,0,0,0,53,0,0,5,255,255,0,3,1,1,0
575,中级补给耀辉,累积进行恒辉队补给品筹备达到30次。,0,62953,149,30,0,0,0,0,0,0,0,0,0,53,0,0,5,255,255,0,3,1,1,0
576,高级补给耀辉,累积进行恒辉队补给品筹备达到100次。,0,62953,149,100,0,0,0,0,0,0,0,100,0,53,43,20,10,255,255,0,3,1,1,0
577,青铜天平章,累积进行恒辉队补给品筹备达到200次。,4518,62953,149,200,0,0,0,0,0,0,0,0,0,53,43,20,20,24,255,3,3,1,1,0
578,坚如磐石的下级护卫队,在12分钟之内完成20级的护卫旅商队任务。,0,904,0,0,0,0,0,0,0,0,0,0,0,61,0,0,5,255,255,0,0,0,1,0
579,行如疾风的下级护卫队,在10分钟之内完成20级的护卫旅商队任务。,0,904,0,0,0,0,0,0,0,0,0,0,0,61,0,0,5,255,255,0,0,0,1,0
580,迅如闪电的下级护卫队,在8分钟之内完成20级的护卫旅商队任务。,0,904,0,0,0,0,0,0,0,0,0,101,0,61,0,0,10,255,255,0,0,0,1,0
581,坚如磐石的上级护卫队,在12分钟之内完成40级的护卫旅商队任务。,0,904,0,0,0,0,0,0,0,0,0,0,0,61,0,0,5,255,255,0,0,0,1,0
582,行如疾风的上级护卫队,在10分钟之内完成40级的护卫旅商队任务。,0,904,0,0,0,0,0,0,0,0,0,0,0,61,0,0,5,255,255,0,0,0,1,0
583,迅如闪电的上级护卫队,在8分钟之内完成40级的护卫旅商队任务。,0,904,0,0,0,0,0,0,0,0,0,103,0,61,0,0,10,255,255,0,0,0,1,0
584,初级运输员,在护卫旅商队任务中累计运输货品达到100个。,0,9011,100,150,151,152,0,0,0,0,0,0,0,61,0,0,5,255,255,0,0,5,1,0
585,低级运输员,在护卫旅商队任务中累计运输货品达到500个。,0,9011,500,150,151,152,0,0,0,0,0,0,0,61,0,0,5,255,255,0,0,5,1,0
586,中级运输员,在护卫旅商队任务中累计运输货品达到1000个。,0,9011,1000,150,151,152,0,0,0,0,0,0,0,61,0,0,5,25,255,0,0,5,1,0
587,上级运输员,在护卫旅商队任务中累计运输货品达到5000个。,0,9011,5000,150,151,152,0,0,0,0,0,102,0,61,0,0,10,255,255,0,0,5,1,0
588,物流的大动脉,在护卫旅商队任务中累计运输货品达到10000个。,0,9011,10000,150,151,152,0,0,0,0,0,0,0,61,0,0,20,255,255,0,0,5,1,0
589,正襟危站,"收集到自己所在军队的士兵军帽、士兵军服、士兵军用手套、士兵军靴四件套装。
※将收集到的装备全都穿到身上之后与位于格里达尼亚旧街的乔纳森对话后获得。",0,151,235,0,0,0,0,0,0,0,0,0,0,50,0,0,5,255,255,0,4,1,1,0
590,我可爱的陆行鸟,获得陆行鸟笛。,0,9001,66237,66236,66238,0,0,0,0,0,0,0,0,50,0,0,5,255,255,0,4,9,1,0
591,我漂亮的陆行鸟,获得任意大国防联军的三种陆行鸟装甲。,0,9014,236,0,0,0,0,0,0,0,0,104,0,50,43,20,5,255,255,0,4,1,1,0
592,秘术中的领悟1,将秘术师升到10级。,0,33401,26,10,0,0,0,0,0,0,0,0,41,14,0,0,5,255,255,0,1,3,1,0
593,秘术中的领悟2,将秘术师升到20级。,0,33401,26,20,0,0,0,0,0,0,0,0,42,14,0,0,5,255,255,0,1,3,1,0
594,秘术中的领悟3,将秘术师升到30级。,0,33401,26,30,0,0,0,0,0,0,0,0,43,14,0,0,5,255,255,0,1,3,1,0
595,秘术中的领悟4,将秘术师升到40级。,0,33401,26,40,0,0,0,0,0,0,0,0,44,14,0,0,5,255,255,0,1,3,1,0
596,秘术中的领悟5,将秘术师升到50级。,0,33401,26,50,0,0,0,0,0,0,0,0,45,14,0,0,5,255,255,0,1,3,1,0
597,绿瞳之召唤师,完成任务“复苏的上古武器”，获得绿瞳列传。,0,33457,66662,0,0,0,0,0,0,0,0,106,9,62,28,50,10,255,255,0,2,6,1,0
598,万辞之学者,完成任务“复苏的上古武器”，获得万辞全书。,0,33458,66663,0,0,0,0,0,0,0,0,107,10,62,29,50,10,255,255,0,2,6,1,0
599,正道之召唤师,完成任务“邪道与正道”。,0,26010,66632,0,0,0,0,0,0,0,0,0,481,77,0,0,5,255,255,0,2,6,1,0
600,重生之学者,完成任务“新时代的学者”。,0,26011,66638,0,0,0,0,0,0,0,0,0,501,77,0,0,5,255,255,0,2,6,1,0
601,喜欢理符的收获者1,累计完成10次采集理符任务。,0,1903,179,10,0,0,0,0,0,0,0,0,41,36,0,0,5,255,255,0,1,1,1,0
602,喜欢理符的收获者2,累计完成20次采集理符任务。,0,1903,179,20,0,0,0,0,0,0,0,0,42,36,0,0,5,255,255,0,1,1,1,0
603,喜欢理符的收获者3,累计完成50次采集理符任务。,0,1903,179,50,0,0,0,0,0,0,0,0,43,36,0,0,5,255,255,0,1,1,1,0
604,喜欢理符的收获者4,累计完成100次采集理符任务。,0,1903,179,100,0,0,0,0,0,0,0,0,44,36,0,0,5,255,255,0,1,1,1,0
605,喜欢理符的收获者5,累计完成200次采集理符任务。,0,1903,179,200,0,0,0,0,0,0,0,0,45,36,0,0,5,255,255,0,1,1,1,0
606,喜欢理符的收获者6,累计完成500次采集理符任务。,0,1903,179,500,0,0,0,0,0,0,0,108,46,36,45,10,10,255,255,0,1,1,1,0
607,才华横溢的大地使者,累计完成1000次采集理符任务。,0,1955,179,1000,0,0,0,0,0,0,0,0,47,36,0,0,20,255,255,0,1,1,1,0
608,佣兵传奇1,累计完成10种佣兵理符任务。,0,30408,180,10,0,0,0,0,0,0,0,0,61,36,0,0,5,255,255,0,1,1,1,0
609,佣兵传奇2,累计完成50种佣兵理符任务。,0,30408,180,50,0,0,0,0,0,0,0,0,62,36,0,0,5,255,255,0,1,1,1,0
610,佣兵传奇3,累计完成100种佣兵理符任务。,0,30408,180,100,0,0,0,0,0,0,0,0,63,36,0,0,10,255,255,0,1,1,1,0
611,木匠传奇1,累计完成5种木工理符任务。,0,35001,181,5,0,0,0,0,0,0,0,0,81,36,0,0,5,255,255,0,1,1,1,0
612,木匠传奇2,累计完成20种木工理符任务。,0,35001,181,20,0,0,0,0,0,0,0,0,82,36,0,0,5,255,255,0,1,1,1,0
613,木匠传奇3,累计完成40种木工理符任务。,0,35001,181,40,0,0,0,0,0,0,0,0,83,36,0,0,10,255,255,0,1,1,1,0
614,铁匠传奇1,累计完成5种锻冶理符任务。,0,35106,182,5,0,0,0,0,0,0,0,0,101,36,0,0,5,255,255,0,1,1,1,0
615,铁匠传奇2,累计完成20种锻冶理符任务。,0,35106,182,20,0,0,0,0,0,0,0,0,102,36,0,0,5,255,255,0,1,1,1,0
616,铁匠传奇3,累计完成40种锻冶理符任务。,0,35106,182,40,0,0,0,0,0,0,0,0,103,36,0,0,10,255,255,0,1,1,1,0
617,甲匠传奇1,累计完成5种铸甲理符任务。,0,35203,183,5,0,0,0,0,0,0,0,0,121,36,0,0,5,255,255,0,1,1,1,0
618,甲匠传奇2,累计完成20种铸甲理符任务。,0,35203,183,20,0,0,0,0,0,0,0,0,122,36,0,0,5,255,255,0,1,1,1,0
619,甲匠传奇3,累计完成40种铸甲理符任务。,0,35203,183,40,0,0,0,0,0,0,0,0,123,36,0,0,10,255,255,0,1,1,1,0
620,金匠传奇1,累计完成5种雕金理符任务。,0,35301,184,5,0,0,0,0,0,0,0,0,141,36,0,0,5,255,255,0,1,1,1,0
621,金匠传奇2,累计完成20种雕金理符任务。,0,35301,184,20,0,0,0,0,0,0,0,0,142,36,0,0,5,255,255,0,1,1,1,0
622,金匠传奇3,累计完成40种雕金理符任务。,0,35301,184,40,0,0,0,0,0,0,0,0,143,36,0,0,10,255,255,0,1,1,1,0
623,革匠传奇1,累计完成5种制革理符任务。,0,35404,185,5,0,0,0,0,0,0,0,0,161,36,0,0,5,255,255,0,1,1,1,0
624,革匠传奇2,累计完成20种制革理符任务。,0,35404,185,20,0,0,0,0,0,0,0,0,162,36,0,0,5,255,255,0,1,1,1,0
625,革匠传奇3,累计完成40种制革理符任务。,0,35404,185,40,0,0,0,0,0,0,0,0,163,36,0,0,10,255,255,0,1,1,1,0
626,衣匠传奇1,累计完成5种裁缝理符任务。,0,35501,186,5,0,0,0,0,0,0,0,0,181,36,0,0,5,255,255,0,1,1,1,0
627,衣匠传奇2,累计完成20种裁缝理符任务。,0,35501,186,20,0,0,0,0,0,0,0,0,182,36,0,0,5,255,255,0,1,1,1,0
628,衣匠传奇3,累计完成40种裁缝理符任务。,0,35501,186,40,0,0,0,0,0,0,0,0,183,36,0,0,10,255,255,0,1,1,1,0
629,炼金传奇1,累计完成5种炼金理符任务。,0,35604,187,5,0,0,0,0,0,0,0,0,201,36,0,0,5,255,255,0,1,1,1,0
630,炼金传奇2,累计完成20种炼金理符任务。,0,35604,187,20,0,0,0,0,0,0,0,0,202,36,0,0,5,255,255,0,1,1,1,0
631,炼金传奇3,累计完成40种炼金理符任务。,0,35604,187,40,0,0,0,0,0,0,0,0,203,36,0,0,10,255,255,0,1,1,1,0
632,厨师传奇1,累计完成5种烹调理符任务。,0,35704,188,5,0,0,0,0,0,0,0,0,221,36,0,0,5,255,255,0,1,1,1,0
633,厨师传奇2,累计完成20种烹调理符任务。,0,35704,188,20,0,0,0,0,0,0,0,0,222,36,0,0,5,255,255,0,1,1,1,0
634,厨师传奇3,累计完成40种烹调理符任务。,0,35704,188,40,0,0,0,0,0,0,0,0,223,36,0,0,10,255,255,0,1,1,1,0
635,矿石传奇1,累计完成5种采矿理符任务。,0,38003,189,5,0,0,0,0,0,0,0,0,241,36,0,0,5,255,255,0,1,1,1,0
636,矿石传奇2,累计完成20种采矿理符任务。,0,38003,189,20,0,0,0,0,0,0,0,0,242,36,0,0,5,255,255,0,1,1,1,0
637,矿石传奇3,累计完成40种采矿理符任务。,0,38003,189,40,0,0,0,0,0,0,0,0,243,36,0,0,10,255,255,0,1,1,1,0
638,草木传奇1,累计完成5种园艺理符任务。,0,38103,190,5,0,0,0,0,0,0,0,0,261,36,0,0,5,255,255,0,1,1,1,0
639,草木传奇2,累计完成20种园艺理符任务。,0,38103,190,20,0,0,0,0,0,0,0,0,262,36,0,0,5,255,255,0,1,1,1,0
640,草木传奇3,累计完成40种园艺理符任务。,0,38103,190,40,0,0,0,0,0,0,0,0,263,36,0,0,10,255,255,0,1,1,1,0
641,渔民传奇1,累计完成5种钓鱼理符任务。,0,38203,191,5,0,0,0,0,0,0,0,0,281,36,0,0,5,255,255,0,1,1,1,0
642,渔民传奇2,累计完成20种钓鱼理符任务。,0,38203,191,20,0,0,0,0,0,0,0,0,282,36,0,0,5,255,255,0,1,1,1,0
643,渔民传奇3,累计完成40种钓鱼理符任务。,0,38203,191,40,0,0,0,0,0,0,0,0,283,36,0,0,10,255,255,0,1,1,1,0
644,行会特令1,累计完成3种行会令。,0,158,218,3,0,0,0,0,0,0,0,0,8,35,0,0,5,255,255,0,1,1,1,0
645,行会特令2,累计完成7种行会令。,0,158,218,7,0,0,0,0,0,0,0,0,9,35,0,0,5,255,255,0,1,1,1,0
646,行会特令3,累计完成14种行会令。,0,161,218,14,0,0,0,0,0,0,0,0,10,35,0,0,10,255,255,0,1,1,1,0
647,踏入中拉诺西亚,成功到达中拉诺西亚并点亮地图。,0,1001,15,0,0,0,0,0,0,0,0,0,1,40,0,0,10,255,255,0,1,8,1,0
648,踏入拉诺西亚低地,成功到达拉诺西亚低地并点亮地图。,0,1001,16,0,0,0,0,0,0,0,0,0,2,40,0,0,10,255,255,0,1,8,1,0
649,踏入东拉诺西亚,成功到达东拉诺西亚并点亮地图。,0,1001,17,0,0,0,0,0,0,0,0,0,3,40,0,0,10,255,255,0,1,8,1,0
650,踏入西拉诺西亚,成功到达西拉诺西亚并点亮地图。,0,1001,18,0,0,0,0,0,0,0,0,0,4,40,0,0,10,255,255,0,1,8,1,0
651,踏入拉诺西亚高地,成功到达拉诺西亚高地并点亮地图。,0,1001,19,0,0,0,0,0,0,0,0,0,5,40,0,0,10,255,255,0,1,8,1,0
652,踏入西萨纳兰,成功到达西萨纳兰并点亮地图。,0,1001,20,0,0,0,0,0,0,0,0,0,0,42,0,0,10,255,255,0,1,8,1,0
653,踏入中萨纳兰,成功到达中萨纳兰并点亮地图。,0,1001,21,0,0,0,0,0,0,0,0,0,0,42,0,0,10,255,255,0,1,8,1,0
654,踏入东萨纳兰,成功到达东萨纳兰并点亮地图。,0,1001,22,0,0,0,0,0,0,0,0,0,0,42,0,0,10,255,255,0,1,8,1,0
655,踏入南萨纳兰,成功到达南萨纳兰并点亮地图。,0,1001,23,0,0,0,0,0,0,0,0,0,0,42,0,0,10,255,255,0,1,8,1,0
656,踏入北萨纳兰,成功到达北萨纳兰并点亮地图。,0,1001,24,0,0,0,0,0,0,0,0,0,0,42,0,0,10,255,255,0,1,8,1,0
657,踏入黑衣森林中央林区,成功到达黑衣森林中央林区并点亮地图。,0,1001,4,0,0,0,0,0,0,0,0,0,1,41,0,0,10,255,255,0,1,8,1,0
658,踏入黑衣森林东部林区,成功到达黑衣森林东部林区并点亮地图。,0,1001,5,0,0,0,0,0,0,0,0,0,2,41,0,0,10,255,255,0,1,8,1,0
659,踏入黑衣森林南部林区,成功到达黑衣森林南部林区并点亮地图。,0,1001,6,0,0,0,0,0,0,0,0,0,3,41,0,0,10,255,255,0,1,8,1,0
660,踏入黑衣森林北部林区,成功到达黑衣森林北部林区并点亮地图。,0,1001,7,0,0,0,0,0,0,0,0,0,4,41,0,0,10,255,255,0,1,8,1,0
661,踏入库尔札斯中央高地,成功到达库尔札斯中央高地并点亮地图。,0,1001,53,0,0,0,0,0,0,0,0,0,0,43,0,0,10,255,255,0,1,8,1,0
662,踏入摩杜纳,成功到达摩杜纳并点亮地图。,0,1001,25,0,0,0,0,0,0,0,0,0,0,44,0,0,10,255,255,0,1,8,1,0
663,踏遍沙斯塔夏溶洞,成功探索沙斯塔夏溶洞的所有地区。,0,1001,31,0,0,0,0,0,0,0,0,0,1,49,0,0,10,255,255,0,1,8,1,0
664,踏遍布雷福洛克斯野营地,成功探索布雷福洛克斯野营地的所有地区。,0,1001,45,0,0,0,0,0,0,0,0,0,7,49,0,0,10,255,255,0,1,8,1,0
665,踏遍放浪神古神殿,成功探索放浪神古神殿的所有地区。,0,1001,32,0,0,0,0,0,0,0,0,0,13,49,0,0,10,255,255,0,1,8,1,0
666,踏遍铜铃铜山,成功探索铜铃铜山的所有地区。,0,1001,34,0,0,0,0,0,0,0,0,0,3,49,0,0,10,255,255,0,1,8,1,0
667,踏遍日影地修炼所,成功探索日影地修炼所的所有地区。,0,1001,46,0,0,0,0,0,0,0,0,0,4,49,0,0,10,255,255,0,1,8,1,0
668,踏遍喀恩埋没圣堂,成功探索喀恩埋没圣堂的所有地区。,0,1001,42,0,0,0,0,0,0,0,0,0,8,49,0,0,10,255,255,0,1,8,1,0
669,踏遍塔姆·塔拉墓园,成功探索塔姆·塔拉墓园的所有地区。,0,1001,8,0,0,0,0,0,0,0,0,0,2,49,0,0,10,255,255,0,1,8,1,0
670,踏遍静语庄园,成功探索静语庄园的所有地区。,0,1001,48,0,0,0,0,0,0,0,0,0,6,49,0,0,10,255,255,0,1,8,1,0
671,踏遍无限城古堡,成功探索无限城古堡的所有地区。,0,1001,49,0,0,0,0,0,0,0,0,0,16,49,0,0,10,255,255,0,1,8,1,0
672,踏遍石卫塔,成功探索石卫塔的所有地区。,0,1001,37,0,0,0,0,0,0,0,0,0,10,49,0,0,10,255,255,0,1,8,1,0
673,踏遍托托·拉克千狱,成功探索托托·拉克千狱的所有地区。,0,1001,9,0,0,0,0,0,0,0,0,0,5,49,0,0,10,255,255,0,1,8,1,0
674,踏遍樵鸣洞,成功探索樵鸣洞的所有地区。,0,1001,52,0,0,0,0,0,0,0,0,0,9,49,0,0,10,255,255,0,1,8,1,0
675,踏遍泽梅尔要塞,成功探索泽梅尔要塞的所有地区。,0,1001,50,0,0,0,0,0,0,0,0,0,11,49,0,0,10,255,255,0,1,8,1,0
676,踏遍黄金谷,成功探索黄金谷的所有地区。,0,1001,38,0,0,0,0,0,0,0,0,0,12,49,0,0,10,255,255,0,1,8,1,0
677,踏入拉诺西亚外地,成功到达拉诺西亚外地并点亮地图。,0,1001,30,0,0,0,0,0,0,0,0,0,6,40,0,0,10,255,255,0,1,8,1,0
678,踏遍帝国南方堡,成功探索帝国南方堡的所有地区。,0,1001,47,0,0,0,0,0,0,0,0,0,14,49,0,0,10,255,255,0,1,8,1,0
679,踏遍天幕魔导城,成功探索天幕魔导城的所有地区。,0,1001,56,0,0,0,0,0,0,0,0,0,15,49,0,0,10,255,255,0,1,8,1,0
680,勇闯初级大迷宫1,挑战巴哈姆特大迷宫邂逅之章，并成功探索第一阶段所有地区。,0,1001,57,0,0,0,0,0,0,0,0,0,1004,49,0,0,10,255,255,0,1,8,35,0
681,勇闯初级大迷宫2,挑战巴哈姆特大迷宫邂逅之章，并成功探索第二阶段所有地区。,0,1001,58,0,0,0,0,0,0,0,0,0,1005,49,0,0,10,255,255,0,1,8,35,0
682,勇闯初级大迷宫3,挑战巴哈姆特大迷宫邂逅之章，并成功探索第三阶段所有地区。,0,1001,62,0,0,0,0,0,0,0,0,0,1006,49,0,0,10,255,255,0,1,8,35,0
683,,,0,0,0,0,0,0,0,0,0,0,0,0,0,0,0,0,0,255,255,0,1,0,1,0
684,勇闯初级大迷宫5,挑战巴哈姆特大迷宫邂逅之章，并成功探索第五阶段所有地区。,0,1001,60,0,0,0,0,0,0,0,0,0,1008,49,0,0,10,255,255,0,1,8,35,0
685,,,0,0,0,0,0,0,0,0,0,0,0,0,0,0,0,0,0,255,255,0,1,0,1,0
686,黑涡团传奇1,累计完成5种黑涡团军队理符任务。,0,62951,238,5,0,0,0,0,0,0,0,0,0,51,0,0,5,255,255,0,1,1,1,0
687,黑涡团传奇2,累计完成10种黑涡团军队理符任务。,0,62951,238,10,0,0,0,0,0,0,0,0,0,51,0,0,5,255,255,0,1,1,1,0
688,黑涡团传奇3,累计完成15种黑涡团军队理符任务。,0,62951,238,15,0,0,0,0,0,0,0,0,0,51,0,0,10,255,255,0,1,1,1,0
689,双蛇党传奇1,累计完成5种双蛇党军队理符任务。,0,62952,239,5,0,0,0,0,0,0,0,0,0,52,0,0,5,255,255,0,1,1,1,0
690,双蛇党传奇2,累计完成10种双蛇党军队理符任务。,0,62952,239,10,0,0,0,0,0,0,0,0,0,52,0,0,5,255,255,0,1,1,1,0
691,双蛇党传奇3,累计完成15种双蛇党军队理符任务。,0,62952,239,15,0,0,0,0,0,0,0,0,0,52,0,0,10,255,255,0,1,1,1,0
692,恒辉队传奇1,累计完成5种恒辉队军队理符任务。,0,62953,240,5,0,0,0,0,0,0,0,0,0,53,0,0,5,255,255,0,1,1,1,0
693,恒辉队传奇2,累计完成10种恒辉队军队理符任务。,0,62953,240,10,0,0,0,0,0,0,0,0,0,53,0,0,5,255,255,0,1,1,1,0
694,恒辉队传奇3,累计完成15种恒辉队军队理符任务。,0,62953,240,15,0,0,0,0,0,0,0,0,0,53,0,0,10,255,255,0,1,1,1,0
695,专研木工笔记1,累计完成并标记30种制作笔记中的木工配方。,0,1524,192,30,0,0,0,0,0,0,0,0,21,24,0,0,5,255,255,0,1,1,1,0
696,专研木工笔记2,累计完成并标记50种制作笔记中的木工配方。,0,1524,192,50,0,0,0,0,0,0,0,0,22,24,0,0,5,255,255,0,1,1,1,0
697,专研木工笔记3,累计完成并标记100种制作笔记中的木工配方。,6127,1524,192,100,0,0,0,0,0,0,0,0,23,24,9,50,10,255,32,3,1,1,1,0
698,专研锻冶笔记1,累计完成并标记40种制作笔记中的锻冶配方。,0,1574,193,40,0,0,0,0,0,0,0,0,21,25,0,0,5,255,255,0,1,1,1,0
699,专研锻冶笔记2,累计完成并标记90种制作笔记中的锻冶配方。,0,1574,193,90,0,0,0,0,0,0,0,0,22,25,0,0,5,255,255,0,1,1,1,0
700,专研锻冶笔记3,累计完成并标记190种制作笔记中的锻冶配方。,6128,1574,193,190,0,0,0,0,0,0,0,0,23,25,10,50,10,255,33,3,1,1,1,0
701,专研甲胄笔记1,累计完成并标记30种制作笔记中的铸甲配方。,0,1625,194,30,0,0,0,0,0,0,0,0,21,26,0,0,5,255,255,0,1,1,1,0
702,专研甲胄笔记2,累计完成并标记70种制作笔记中的铸甲配方。,0,1625,194,70,0,0,0,0,0,0,0,0,22,26,0,0,5,255,255,0,1,1,1,0
703,专研甲胄笔记3,累计完成并标记160种制作笔记中的铸甲配方。,6129,1625,194,160,0,0,0,0,0,0,0,0,23,26,11,50,10,255,34,3,1,1,1,0
704,专研雕金笔记1,累计完成并标记60种制作笔记中的雕金配方。,0,1676,195,60,0,0,0,0,0,0,0,0,21,27,0,0,5,255,255,0,1,1,1,0
705,专研雕金笔记2,累计完成并标记130种制作笔记中的雕金配方。,0,1676,195,130,0,0,0,0,0,0,0,0,22,27,0,0,5,255,255,0,1,1,1,0
706,专研雕金笔记3,累计完成并标记270种制作笔记中的雕金配方。,6130,1676,195,270,0,0,0,0,0,0,0,0,23,27,12,50,10,255,35,3,1,1,1,0
707,专研皮革笔记1,累计完成并标记40种制作笔记中的皮革配方。,0,1724,196,40,0,0,0,0,0,0,0,0,21,28,0,0,5,255,255,0,1,1,1,0
708,专研皮革笔记2,累计完成并标记90种制作笔记中的皮革配方。,0,1724,196,90,0,0,0,0,0,0,0,0,22,28,0,0,5,255,255,0,1,1,1,0
709,专研皮革笔记3,累计完成并标记180种制作笔记中的皮革配方。,6131,1724,196,180,0,0,0,0,0,0,0,0,23,28,13,50,10,255,36,3,1,1,1,0
710,专研裁缝笔记1,累计完成并标记50种制作笔记中的裁缝配方。,0,1774,197,50,0,0,0,0,0,0,0,0,21,29,0,0,5,255,255,0,1,1,1,0
711,专研裁缝笔记2,累计完成并标记110种制作笔记中的裁缝配方。,0,1774,197,110,0,0,0,0,0,0,0,0,22,29,0,0,5,255,255,0,1,1,1,0
712,专研裁缝笔记3,累计完成并标记230种制作笔记中的裁缝配方。,6132,1774,197,230,0,0,0,0,0,0,0,0,23,29,14,50,10,255,37,3,1,1,1,0
713,专研炼金笔记1,累计完成并标记30种制作笔记中的炼金配方。,0,1825,198,30,0,0,0,0,0,0,0,0,21,30,0,0,5,255,255,0,1,1,1,0
714,专研炼金笔记2,累计完成并标记60种制作笔记中的炼金配方。,0,1825,198,60,0,0,0,0,0,0,0,0,22,30,0,0,5,255,255,0,1,1,1,0
715,专研炼金笔记3,累计完成并标记110种制作笔记中的炼金配方。,6133,1825,198,110,0,0,0,0,0,0,0,0,23,30,15,50,10,255,38,3,1,1,1,0
716,专研烹调笔记1,累计完成并标记30种制作笔记中的烹调配方。,0,1875,199,30,0,0,0,0,0,0,0,0,21,31,0,0,5,255,255,0,1,1,1,0
717,专研烹调笔记2,累计完成并标记60种制作笔记中的烹调配方。,0,1875,199,60,0,0,0,0,0,0,0,0,22,31,0,0,5,255,255,0,1,1,1,0
718,专研烹调笔记3,累计完成并标记120种制作笔记中的烹调配方。,6134,1875,199,120,0,0,0,0,0,0,0,0,23,31,16,50,10,255,39,3,1,1,1,0
719,专研采掘笔记1,累计采掘成功并标记15种采集笔记中记载的采矿工专属素材。,0,1015,200,15,0,0,0,0,0,0,0,0,41,32,0,0,5,255,255,0,1,1,1,0
720,专研采掘笔记2,累计采掘成功并标记30种采集笔记中记载的采矿工专属素材。,0,1015,200,30,0,0,0,0,0,0,0,0,42,32,0,0,5,255,255,0,1,1,1,0
721,专研采掘笔记3,累计采掘成功并标记50种采集笔记中记载的采矿工专属素材。,6135,1015,200,50,0,0,0,0,0,0,0,0,43,32,17,50,10,255,40,3,1,1,1,0
722,专研采伐笔记1,累计采伐成功并标记25种采集笔记中记载的园艺工专属素材。,0,1065,201,25,0,0,0,0,0,0,0,0,41,33,0,0,5,255,255,0,1,1,1,0
723,专研采伐笔记2,累计采伐成功并标记50种采集笔记中记载的园艺工专属素材。,0,1065,201,50,0,0,0,0,0,0,0,0,42,33,0,0,5,255,255,0,1,1,1,0
724,专研采伐笔记3,累计采伐成功并标记100种采集笔记中记载的园艺工专属素材。,6136,1065,201,100,0,0,0,0,0,0,0,0,43,33,18,50,10,255,41,3,1,1,1,0
725,专研钓鱼笔记1,累计钓上并标记40种钓鱼笔记中记载的物种。,0,1104,202,40,0,0,0,0,0,0,0,0,41,34,0,0,5,255,255,0,1,1,1,0
726,专研钓鱼笔记2,累计钓上并标记80种钓鱼笔记中记载的物种。,0,1104,202,80,0,0,0,0,0,0,0,0,42,34,0,0,5,255,255,0,1,1,1,0
727,专研钓鱼笔记3,累计钓上并标记160种钓鱼笔记中记载的物种。,6137,1104,202,160,0,0,0,0,0,0,0,0,43,34,19,50,10,255,42,3,1,1,1,0
728,专研剑术笔记,完成剑术师讨伐笔记中的所有内容。,6119,62801,0,0,0,0,0,0,0,0,0,0,9,1,1,40,20,255,43,3,1,7,1,0
729,专研拳术笔记,完成格斗家讨伐笔记中的所有内容。,6120,62802,1,0,0,0,0,0,0,0,0,0,10,1,2,40,20,255,44,3,1,7,1,0
730,专研斧术笔记,完成斧术师讨伐笔记中的所有内容。,6121,62803,2,0,0,0,0,0,0,0,0,0,11,1,3,40,20,255,45,3,1,7,1,0
731,专研枪术笔记,完成枪术师讨伐笔记中的所有内容。,6122,62804,3,0,0,0,0,0,0,0,0,0,12,1,4,40,20,255,46,3,1,7,1,0
732,专研弓术笔记,完成弓箭手讨伐笔记中的所有内容。,6123,62805,4,0,0,0,0,0,0,0,0,0,13,1,5,40,20,255,47,3,1,7,1,0
733,专研幻术笔记,完成幻术师讨伐笔记中的所有内容。,6124,62806,5,0,0,0,0,0,0,0,0,0,15,1,6,40,20,255,48,3,1,7,1,0
734,专研咒术笔记,完成咒术师讨伐笔记中的所有内容。,6125,62807,6,0,0,0,0,0,0,0,0,0,16,1,7,40,20,255,49,3,1,7,1,0
735,专研秘术笔记,完成秘术师讨伐笔记中的所有内容。,6126,62826,7,0,0,0,0,0,0,0,0,0,17,1,27,40,20,255,54,3,1,7,1,0
736,专研黑涡团笔记,完成黑涡团讨伐笔记中的所有内容。,6167,62951,8,0,0,0,0,0,0,0,0,0,0,51,43,40,20,26,255,2,1,7,1,0
737,专研双蛇党笔记,完成双蛇党讨伐笔记中的所有内容。,6168,62952,9,0,0,0,0,0,0,0,0,0,0,52,43,40,20,27,255,2,1,7,1,0
738,专研恒辉队笔记,完成恒辉队讨伐笔记中的所有内容。,6169,62953,10,0,0,0,0,0,0,0,0,0,0,53,43,40,20,28,255,2,1,7,1,0
739,迷宫的信者1,成功突破5种迷宫或讨伐歼灭战。,0,801,216,5,0,0,0,0,0,0,0,0,1,2,0,0,5,255,255,0,1,1,1,0
740,迷宫的信者2,成功突破10种迷宫或讨伐歼灭战。,0,801,216,10,0,0,0,0,0,0,0,0,2,2,0,0,10,255,255,0,1,1,1,0
741,迷宫的信者3,成功突破20种迷宫或讨伐歼灭战。,0,801,216,20,0,0,0,0,0,0,0,0,3,2,0,0,20,255,255,0,1,1,1,0
742,迷宫的霸者1,累计突破10次迷宫或讨伐歼灭战。,0,151,215,10,0,0,0,0,0,0,0,0,7,2,0,0,5,255,255,0,1,1,1,0
743,迷宫的霸者2,累计突破30次迷宫或讨伐歼灭战。,0,151,215,30,0,0,0,0,0,0,0,0,8,2,0,0,5,255,255,0,1,1,1,0
744,迷宫的霸者3,累计突破100次迷宫或讨伐歼灭战。,0,151,215,100,0,0,0,0,0,0,0,0,9,2,0,0,5,255,255,0,1,1,1,0
745,迷宫的霸者4,累计突破300次迷宫或讨伐歼灭战。,0,151,215,300,0,0,0,0,0,0,0,109,10,2,43,15,10,255,255,0,1,1,1,0
746,伟大的探险家,累计突破1000次迷宫或讨伐歼灭战。,0,151,215,1000,0,0,0,0,0,0,0,0,11,2,0,0,20,255,255,0,1,1,1,0
747,称霸大迷宫开端1,成功挑战巴哈姆特大迷宫邂逅之章。,0,2682,217,1,0,0,0,0,0,0,0,0,0,4,0,0,5,255,255,0,1,1,35,0
748,称霸大迷宫开端2,累计成功挑战巴哈姆特大迷宫邂逅之章5次。,0,2682,217,5,0,0,0,0,0,0,0,0,0,4,0,0,10,255,255,0,1,1,35,0
749,称霸大迷宫开端3,累计成功挑战巴哈姆特大迷宫邂逅之章10次。,0,2682,217,10,0,0,0,0,0,0,0,0,0,4,0,0,20,255,255,0,1,1,35,0
750,木工专精1,累计做出优质木工制品100次。,0,35015,203,100,0,0,0,0,0,0,0,0,40,24,0,0,5,255,255,0,1,1,1,0
751,木工专精2,累计做出优质木工制品500次。,0,35015,203,500,0,0,0,0,0,0,0,0,41,24,0,0,5,255,255,0,1,1,1,0
752,木工专精3,累计做出优质木工制品3000次。,0,35015,203,3000,0,0,0,0,0,0,0,0,42,24,0,0,10,255,255,0,1,1,1,0
753,锻冶专精1,累计做出优质锻冶制品100次。,0,35114,204,100,0,0,0,0,0,0,0,0,40,25,0,0,5,255,255,0,1,1,1,0
754,锻冶专精2,累计做出优质锻冶制品500次。,0,35114,204,500,0,0,0,0,0,0,0,0,41,25,0,0,5,255,255,0,1,1,1,0
755,锻冶专精3,累计做出优质锻冶制品3000次。,0,35114,204,3000,0,0,0,0,0,0,0,0,42,25,0,0,10,255,255,0,1,1,1,0
756,甲胄专精1,累计做出优质铸甲制品100次。,0,35214,205,100,0,0,0,0,0,0,0,0,40,26,0,0,5,255,255,0,1,1,1,0
757,甲胄专精2,累计做出优质铸甲制品500次。,0,35214,205,500,0,0,0,0,0,0,0,0,41,26,0,0,5,255,255,0,1,1,1,0
758,甲胄专精3,累计做出优质铸甲制品3000次。,0,35214,205,3000,0,0,0,0,0,0,0,0,42,26,0,0,10,255,255,0,1,1,1,0
759,雕金专精1,累计做出优质雕金制品100次。,0,35313,206,100,0,0,0,0,0,0,0,0,40,27,0,0,5,255,255,0,1,1,1,0
760,雕金专精2,累计做出优质雕金制品500次。,0,35313,206,500,0,0,0,0,0,0,0,0,41,27,0,0,5,255,255,0,1,1,1,0
761,雕金专精3,累计做出优质雕金制品3000次。,0,35313,206,3000,0,0,0,0,0,0,0,0,42,27,0,0,10,255,255,0,1,1,1,0
762,皮革专精1,累计做出优质皮革制品100次。,0,35414,207,100,0,0,0,0,0,0,0,0,40,28,0,0,5,255,255,0,1,1,1,0
763,皮革专精2,累计做出优质皮革制品500次。,0,35414,207,500,0,0,0,0,0,0,0,0,41,28,0,0,5,255,255,0,1,1,1,0
764,皮革专精3,累计做出优质皮革制品3000次。,0,35414,207,3000,0,0,0,0,0,0,0,0,42,28,0,0,10,255,255,0,1,1,1,0
765,裁缝专精1,累计做出优质裁缝制品100次。,0,35514,208,100,0,0,0,0,0,0,0,0,40,29,0,0,5,255,255,0,1,1,1,0
766,裁缝专精2,累计做出优质裁缝制品500次。,0,35514,208,500,0,0,0,0,0,0,0,0,41,29,0,0,5,255,255,0,1,1,1,0
767,裁缝专精3,累计做出优质裁缝制品3000次。,0,35514,208,3000,0,0,0,0,0,0,0,0,42,29,0,0,10,255,255,0,1,1,1,0
768,炼金专精1,累计做出优质炼金制品100次。,0,35613,209,100,0,0,0,0,0,0,0,0,40,30,0,0,5,255,255,0,1,1,1,0
769,炼金专精2,累计做出优质炼金制品500次。,0,35613,209,500,0,0,0,0,0,0,0,0,41,30,0,0,5,255,255,0,1,1,1,0
770,炼金专精3,累计做出优质炼金制品3000次。,0,35613,209,3000,0,0,0,0,0,0,0,0,42,30,0,0,10,255,255,0,1,1,1,0
771,烹调专精1,累计做出优质烹调制品100次。,0,35716,210,100,0,0,0,0,0,0,0,0,40,31,0,0,5,255,255,0,1,1,1,0
772,烹调专精2,累计做出优质烹调制品500次。,0,35716,210,500,0,0,0,0,0,0,0,0,41,31,0,0,5,255,255,0,1,1,1,0
773,烹调专精3,累计做出优质烹调制品3000次。,0,35716,210,3000,0,0,0,0,0,0,0,0,42,31,0,0,10,255,255,0,1,1,1,0
774,采掘专精1,累计采掘到额外奖励矿石素材300次。,0,38016,211,300,0,0,0,0,0,0,0,0,60,32,0,0,5,255,255,0,1,1,1,0
775,采掘专精2,累计采掘到额外奖励矿石素材1500次。,0,38016,211,1500,0,0,0,0,0,0,0,0,61,32,0,0,5,255,255,0,1,1,1,0
776,采掘专精3,累计采掘到额外奖励矿石素材10000次。,0,38016,211,10000,0,0,0,0,0,0,0,0,62,32,0,0,10,255,255,0,1,1,1,0
777,采伐专精1,累计采伐到额外奖励草木素材300次。,0,38114,212,300,0,0,0,0,0,0,0,0,61,33,0,0,5,255,255,0,1,1,1,0
778,采伐专精2,累计采伐到额外奖励草木素材1500次。,0,38114,212,1500,0,0,0,0,0,0,0,0,62,33,0,0,5,255,255,0,1,1,1,0
779,采伐专精3,累计采伐到额外奖励草木素材10000次。,0,38114,212,10000,0,0,0,0,0,0,0,0,63,33,0,0,10,255,255,0,1,1,1,0
780,钓鱼专精1,累计钓到大尺寸的鱼100次。,0,38217,213,100,0,0,0,0,0,0,0,0,60,34,0,0,5,255,255,0,1,1,1,0
781,钓鱼专精2,累计钓到大尺寸的鱼500次。,0,38217,213,500,0,0,0,0,0,0,0,0,61,34,0,0,5,255,255,0,1,1,1,0
782,钓鱼专精3,累计钓到大尺寸的鱼3000次。,0,38217,213,3000,0,0,0,0,0,0,0,0,62,34,0,0,10,255,255,0,1,1,1,0
783,超越言语之壁,完成主线任务“从森林归来”。,0,26002,66282,0,0,0,0,0,0,0,0,0,24,76,0,0,5,255,255,0,1,6,25,0
784,追踪黑暗之影,完成主线任务“达尔坦库尔家的悲剧”。,0,26002,66337,0,0,0,0,0,0,0,0,0,25,76,0,0,5,255,255,0,1,6,25,0
785,英雄的后继者,完成主线任务“阴云笼罩”。,0,26002,66053,0,0,0,0,0,0,0,0,0,26,76,0,0,5,255,255,0,1,6,25,0
786,自由的苍翼,完成主线任务“石卫塔霸主”。,0,26002,66488,0,0,0,0,0,0,0,0,0,27,76,0,0,5,255,255,0,1,6,25,0
787,艾欧泽亚的希望,完成主线任务“暴虐风神迦楼罗”。,0,26002,66055,0,0,0,0,0,0,0,0,0,28,76,0,0,10,255,255,0,1,6,25,0
788,光之战士,完成主线任务“超越幻想，究极神兵”。,0,26002,66060,70058,0,0,0,0,0,0,0,0,29,76,0,0,20,255,255,0,1,9,25,0
789,述说传奇之人1,累计完成10种任务。,0,26002,214,10,0,0,0,0,0,0,0,0,281,35,0,0,5,255,255,0,1,1,1,0
790,述说传奇之人2,累计完成30种任务。,0,26002,214,30,0,0,0,0,0,0,0,0,282,35,0,0,10,255,255,0,1,1,1,0
791,述说传奇之人3,累计完成100种任务。,0,26002,214,100,0,0,0,0,0,0,0,0,283,35,0,0,20,255,255,0,1,1,1,0
792,魔兽终结者,以最高评价完成危命任务“受伤的魔兽——贝希摩斯”。,0,2629,220,1,0,0,0,0,0,0,0,0,18,1,0,0,10,255,255,0,1,1,1,0
793,铁蹄的弑神者,以最高评价完成危命任务“上古斗神——奥丁”。,0,2629,221,1,0,0,0,0,0,0,0,0,19,1,0,0,10,255,255,0,1,1,1,0
794,强杀奇美拉,以最高评价完成危命任务“狂暴巨兽——强化奇美拉”。,0,2629,222,1,0,0,0,0,0,0,0,0,20,1,0,0,10,255,255,0,1,1,1,0
795,史特罗佩斯之敌,以最高评价完成危命任务“归来的复仇者——史特罗佩斯”。,0,2629,223,1,0,0,0,0,0,0,0,0,21,1,0,0,10,255,255,0,1,1,1,0
796,冥府引路人,以最高评价完成危命任务“死亡的假面——黄道巨蟹”。,0,2629,224,1,0,0,0,0,0,0,0,0,22,1,0,0,10,255,255,0,1,1,1,0
797,收割者克星,以最高评价完成危命任务“无情的收割者——懒惰口花劳伦斯”。,0,2629,225,1,0,0,0,0,0,0,0,0,23,1,0,0,10,255,255,0,1,1,1,0
798,杰出的异端审问官,以最高评价完成危命任务“救世神的活祭：妖异之章”。,0,2629,226,1,0,0,0,0,0,0,0,0,24,1,0,0,10,255,255,0,1,1,1,0
799,屠龙者,以最高评价完成危命任务“斯瓦拉的坠落”或“斯瓦拉的愤怒”。,0,2629,227,1,0,0,0,0,0,0,0,0,25,1,0,0,10,255,255,0,1,1,1,0
800,埋枝村的救世主,以最高评价完成危命任务“红腹蜂巢占领战”、“红腹蜂巢防卫战”、“红腹蜂巢迎击战”其中之一。,0,2629,228,1,0,0,0,0,0,0,0,0,26,1,0,0,10,255,255,0,1,1,1,0
801,跨天桥的英雄,以最高评价完成危命任务“跨天桥上的死斗 迎击纳约克·秋”。,0,2629,229,1,0,0,0,0,0,0,0,0,27,1,0,0,10,255,255,0,1,1,1,0
802,保护弱女子,以最高评价完成危命任务“振兴贫女材场 讨伐猛兽”。,0,2629,230,1,0,0,0,0,0,0,0,0,28,1,0,0,10,255,255,0,1,1,1,0
803,命运中的危机1,成功完成10次危命任务。,0,3126,219,10,0,0,0,0,0,0,0,0,46,1,0,0,5,255,255,0,1,1,1,0
804,命运中的危机2,成功完成100次危命任务。,0,3126,219,100,0,0,0,0,0,0,0,0,47,1,0,0,5,255,255,0,1,1,1,0
805,命运中的危机3,成功完成300次危命任务。,0,3126,219,300,0,0,0,0,0,0,0,0,48,1,0,0,10,255,255,0,1,1,1,0
806,命运中的危机4,成功完成1000次危命任务。,0,3126,219,1000,0,0,0,0,0,0,0,110,49,1,47,1,10,255,255,0,1,1,1,0
807,命运之子,成功完成3000次危命任务。,6111,3126,219,3000,0,0,0,0,0,0,0,0,50,1,47,1,20,255,55,3,1,1,1,0
808,可靠的搭档1,陆行鸟搭档升为1级。,0,26012,1,0,0,0,0,0,0,0,0,0,60,1,0,0,5,255,255,0,1,10,1,0
809,可靠的搭档2,陆行鸟搭档升为5级。,0,26012,5,0,0,0,0,0,0,0,0,0,61,1,0,0,10,255,255,0,1,10,1,0
810,可靠的搭档3,陆行鸟搭档升为10级。,2994,26012,10,0,0,0,0,0,0,0,0,0,62,1,47,20,20,255,56,3,1,10,1,0
811,重生防爆组队员,获得夜暮夏装或晨曦夏装或条纹夏装。,0,48905,231,1,0,0,0,0,0,0,0,111,1,38,0,0,10,255,255,0,1,1,1,0
812,大陆马戏团的秘密,完成季节任务“守护天节的捣蛋闹剧”。,0,43579,66702,66706,66710,0,0,0,0,0,0,0,2,38,0,0,10,255,255,0,1,9,1,0
813,黑涡凶狼1,黑涡团的对战等级升到1级。,0,62951,1,1,0,0,0,0,0,0,0,112,1,7,43,30,5,255,255,0,1,11,1,0
814,黑涡凶狼2,黑涡团的对战等级升到10级。,0,62951,1,10,0,0,0,0,0,0,0,113,2,7,43,30,5,255,255,0,1,11,1,0
815,黑涡凶狼3,黑涡团的对战等级升到20级。,0,62951,1,20,0,0,0,0,0,0,0,114,3,7,43,30,5,255,255,0,1,11,1,0
816,黑涡凶狼4,黑涡团的对战等级升到30级。,0,62951,1,30,0,0,0,0,0,0,0,115,4,7,43,30,5,255,255,0,1,11,1,0
817,黑涡凶狼5,黑涡团的对战等级升到40级。,0,62951,1,40,0,0,0,0,0,0,0,116,5,7,43,30,5,255,255,0,1,11,1,0
818,黑涡凶狼6,黑涡团的对战等级升到50级。,0,62951,1,50,0,0,0,0,0,0,0,117,6,7,43,30,5,255,255,0,1,11,1,0
819,,,0,0,0,0,0,0,0,0,0,0,0,0,0,0,0,0,0,0,0,0,0,0,0,0
820,,,0,0,0,0,0,0,0,0,0,0,0,0,0,0,0,0,0,0,0,0,0,0,0,0
821,,,0,0,0,0,0,0,0,0,0,0,0,0,0,0,0,0,0,0,0,0,0,0,0,0
822,,,0,0,0,0,0,0,0,0,0,0,0,0,0,0,0,0,0,0,0,0,0,0,0,0
823,恒辉凶狼1,恒辉队的对战等级升到1级。,0,62953,3,1,0,0,0,0,0,0,0,132,21,7,43,30,5,255,255,0,1,11,1,0
824,恒辉凶狼2,恒辉队的对战等级升到10级。,0,62953,3,10,0,0,0,0,0,0,0,133,22,7,43,30,5,255,255,0,1,11,1,0
825,恒辉凶狼3,恒辉队的对战等级升到20级。,0,62953,3,20,0,0,0,0,0,0,0,134,23,7,43,30,5,255,255,0,1,11,1,0
826,恒辉凶狼4,恒辉队的对战等级升到30级。,0,62953,3,30,0,0,0,0,0,0,0,135,24,7,43,30,5,255,255,0,1,11,1,0
827,恒辉凶狼5,恒辉队的对战等级升到40级。,0,62953,3,40,0,0,0,0,0,0,0,136,25,7,43,30,5,255,255,0,1,11,1,0
828,恒辉凶狼6,恒辉队的对战等级升到50级。,0,62953,3,50,0,0,0,0,0,0,0,137,26,7,43,30,5,255,255,0,1,11,1,0
829,,,0,0,0,0,0,0,0,0,0,0,0,0,0,0,0,0,0,0,0,0,0,0,0,0
830,,,0,0,0,0,0,0,0,0,0,0,0,0,0,0,0,0,0,0,0,0,0,0,0,0
831,,,0,0,0,0,0,0,0,0,0,0,0,0,0,0,0,0,0,0,0,0,0,0,0,0
832,,,0,0,0,0,0,0,0,0,0,0,0,0,0,0,0,0,0,0,0,0,0,0,0,0
833,双蛇凶狼1,双蛇党的对战等级升到1级。,0,62952,2,1,0,0,0,0,0,0,0,122,11,7,43,30,5,255,255,0,1,11,1,0
834,双蛇凶狼2,双蛇党的对战等级升到10级。,0,62952,2,10,0,0,0,0,0,0,0,123,12,7,43,30,5,255,255,0,1,11,1,0
835,双蛇凶狼3,双蛇党的对战等级升到20级。,0,62952,2,20,0,0,0,0,0,0,0,124,13,7,43,30,5,255,255,0,1,11,1,0
836,双蛇凶狼4,双蛇党的对战等级升到30级。,0,62952,2,30,0,0,0,0,0,0,0,125,14,7,43,30,5,255,255,0,1,11,1,0
837,双蛇凶狼5,双蛇党的对战等级升到40级。,0,62952,2,40,0,0,0,0,0,0,0,126,15,7,43,30,5,255,255,0,1,11,1,0
838,双蛇凶狼6,双蛇党的对战等级升到50级。,0,62952,2,50,0,0,0,0,0,0,0,127,16,7,43,30,5,255,255,0,1,11,1,0
839,,,0,0,0,0,0,0,0,0,0,0,0,0,0,0,0,0,0,0,0,0,0,0,0,0
840,,,0,0,0,0,0,0,0,0,0,0,0,0,0,0,0,0,0,0,0,0,0,0,0,0
841,,,0,0,0,0,0,0,0,0,0,0,0,0,0,0,0,0,0,0,0,0,0,0,0,0
842,,,0,0,0,0,0,0,0,0,0,0,0,0,0,0,0,0,0,0,0,0,0,0,0,0
843,狱中困狼1,初次在群狼困斗、群狼盛宴或水晶冲突中参战。,0,156,1,0,0,0,0,0,0,0,0,0,101,9,0,0,5,255,255,0,1,12,1,0
844,狱中困狼2,在群狼困斗、群狼盛宴或水晶冲突中累计参战50次。,0,156,50,0,0,0,0,0,0,0,0,0,102,9,0,0,5,255,255,0,1,12,1,0
845,狱中困狼3,在群狼困斗、群狼盛宴或水晶冲突中累计参战100次。,0,156,100,0,0,0,0,0,0,0,0,0,103,9,0,0,5,255,255,0,1,12,1,0
846,狱中困狼4,在群狼困斗、群狼盛宴或水晶冲突中累计参战500次。,0,156,500,0,0,0,0,0,0,0,0,0,104,9,0,0,5,255,255,0,1,12,1,0
847,狱中困狼5,在群狼困斗、群狼盛宴或水晶冲突中累计参战1000次。,0,156,1000,0,0,0,0,0,0,0,0,0,105,9,0,0,10,255,255,0,1,12,1,0
848,狱中古狼,在群狼困斗、群狼盛宴或水晶冲突中累计参战5000次。,0,156,5000,0,0,0,0,0,0,0,0,142,106,9,43,30,20,255,255,0,1,12,1,0
849,凶狼狂啸1,在群狼困斗、群狼盛宴或水晶冲突中取得初次胜利。,0,2555,1,0,0,0,0,0,0,0,0,0,201,9,0,0,5,255,255,0,1,13,1,0
850,凶狼狂啸2,在群狼困斗、群狼盛宴或水晶冲突中累计胜利50次。,0,2555,50,0,0,0,0,0,0,0,0,0,202,9,0,0,5,255,255,0,1,13,1,0
851,凶狼狂啸3,在群狼困斗、群狼盛宴或水晶冲突中累计胜利100次。,0,2555,100,0,0,0,0,0,0,0,0,0,203,9,0,0,5,255,255,0,1,13,1,0
852,凶狼狂啸4,在群狼困斗、群狼盛宴或水晶冲突中累计胜利500次。,0,2555,500,0,0,0,0,0,0,0,0,0,204,9,0,0,5,255,255,0,1,13,1,0
853,凶狼狂啸5,在群狼困斗、群狼盛宴或水晶冲突中累计胜利1000次。,0,2555,1000,0,0,0,0,0,0,0,0,0,205,9,0,0,10,255,255,0,1,13,1,0
854,狼王狂啸,在群狼困斗、群狼盛宴或水晶冲突中累计胜利5000次。,0,2555,5000,0,0,0,0,0,0,0,0,143,206,9,43,30,20,255,255,0,1,13,1,0
855,狱炎的弑神者,在伊弗利特歼殛战中战胜伊弗利特。,0,317,20008,0,0,0,0,0,0,0,0,0,1,3,0,0,10,255,255,0,1,14,1,0
856,狂风的弑神者,在迦楼罗歼殛战中战胜迦楼罗。,0,317,20010,0,0,0,0,0,0,0,0,0,2,3,0,0,10,255,255,0,1,14,1,0
857,厚土的弑神者,在泰坦歼殛战中战胜泰坦。,0,317,20009,0,0,0,0,0,0,0,0,0,3,3,0,0,10,255,255,0,1,14,1,0
858,令人铭记1,累计获得10次最优队员推荐。,0,2802,244,10,0,0,0,0,0,0,0,144,0,17,43,15,0,255,255,0,1,1,1,0
859,令人铭记2,累计获得50次最优队员推荐。,6989,2802,244,50,0,0,0,0,0,0,0,0,0,17,43,15,0,50,255,2,1,1,1,0
860,令人铭记3,累计获得100次最优队员推荐。,6110,2802,244,100,0,0,0,0,0,0,0,0,0,17,43,15,0,51,255,3,1,1,1,0
861,令人铭记4,累计获得300次最优队员推荐。,6995,2802,244,300,0,0,0,0,0,0,0,0,0,17,43,15,0,52,255,4,1,1,1,0
862,铭记不忘的队友,累计获得500次最优队员推荐。,6993,2802,244,500,0,0,0,0,0,0,0,0,0,17,43,15,0,53,255,1,1,1,1,0
863,灰党1,与蜥蜴人族的“灰党”之间的关系程度到达1级“中立”。,0,62955,1,1,0,0,0,0,0,0,0,0,0,37,0,0,5,255,255,0,1,15,1,0
864,灰党2,与蜥蜴人族的“灰党”之间的关系程度到达2级“承认”。,0,62955,1,2,0,0,0,0,0,0,0,0,0,37,0,0,5,255,255,0,1,15,1,0
865,灰党3,与蜥蜴人族的“灰党”之间的关系程度到达3级“友好”。,0,62955,1,3,0,0,0,0,0,0,0,0,0,37,0,0,10,255,255,0,1,15,1,0
866,灰党武人,与蜥蜴人族的“灰党”之间的关系程度到达4级“信赖”。,0,62955,1,4,0,0,0,0,0,0,0,145,0,37,43,48,20,255,255,0,1,15,1,0
867,暂留地妖精1,与妖精族的“暂留地妖精”之间的关系程度到达1级“中立”。,0,62956,2,1,0,0,0,0,0,0,0,0,0,37,0,0,5,255,255,0,1,15,1,0
868,暂留地妖精2,与妖精族的“暂留地妖精”之间的关系程度到达2级“承认”。,0,62956,2,2,0,0,0,0,0,0,0,0,0,37,0,0,5,255,255,0,1,15,1,0
869,暂留地妖精3,与妖精族的“暂留地妖精”之间的关系程度到达3级“友好”。,0,62956,2,3,0,0,0,0,0,0,0,0,0,37,0,0,10,255,255,0,1,15,1,0
870,妖精之友,与妖精族的“暂留地妖精”之间的关系程度到达4级“信赖”。,0,62956,2,4,0,0,0,0,0,0,0,146,0,37,43,48,20,255,255,0,1,15,1,0
871,再次踏遍铜铃铜山,成功探索铜铃铜山（骚乱坑道）的所有地区。,0,1001,140,0,0,0,0,0,0,0,0,0,18,49,0,0,10,255,255,0,1,8,1,0
872,再次踏遍静语庄园,成功探索静语庄园（恶灵府邸）的所有地区。,0,1001,137,0,0,0,0,0,0,0,0,0,19,49,0,0,10,255,255,0,1,8,1,0
873,踏遍天狼星灯塔,成功探索天狼星灯塔的所有地区。,0,1001,108,0,0,0,0,0,0,0,0,0,17,49,0,0,10,255,255,0,1,8,1,0
874,永远的雪人,获得雪人帽、雪人服或雪人手套其中之一。,0,41184,250,1,0,0,0,0,0,0,0,0,3,38,0,0,10,255,255,0,1,1,1,0
875,看哪，有一匹灰马,完成季节任务“降神节的马与鸟”。,0,24113,66832,0,0,0,0,0,0,0,0,0,4,38,0,0,10,255,255,0,1,6,1,0
876,爱情传道士的助手,完成季节任务“恋人节永不结束”。,0,42351,66837,0,0,0,0,0,0,0,0,0,5,38,0,0,10,255,255,0,1,6,1,0
877,穿越时空的公主,完成季节任务“穿越时空的女儿节”。,0,59457,66843,0,0,0,0,0,0,0,0,0,6,38,0,0,10,255,255,0,1,6,1,0
878,寻宝猎人1,累计3次成功解读陈旧的鞣革地图并开启宝箱。,0,115,245,3,0,0,0,0,0,0,0,0,1,6,0,0,5,255,255,0,1,1,1,0
879,寻宝猎人2,累计5次成功解读陈旧的山羊革地图并开启宝箱。,0,115,246,5,0,0,0,0,0,0,0,0,2,6,0,0,5,255,255,0,1,1,1,0
880,寻宝猎人3,累计10次成功解读陈旧的巨蟾蜍革地图并开启宝箱。,0,115,247,10,0,0,0,0,0,0,0,0,3,6,0,0,5,255,255,0,1,1,1,0
881,寻宝猎人4,累计20次成功解读陈旧的野猪革地图并开启宝箱。,0,115,248,20,0,0,0,0,0,0,0,0,4,6,0,0,10,255,255,0,1,1,1,0
882,知名寻宝猎人,累计20次成功解读陈旧的毒蜥蜴革地图并开启宝箱。,0,115,249,20,0,0,0,0,0,0,0,147,5,6,43,50,20,255,255,0,1,1,1,0
883,称霸古代人迷宫,成功挑战古代人迷宫。,0,2697,30001,0,0,0,0,0,0,0,0,0,0,4,0,0,10,255,255,0,1,14,39,0
884,踏遍古代人迷宫,成功探索古代人迷宫的所有地区。,0,1001,71,0,0,0,0,0,0,0,0,0,1001,49,0,0,10,255,255,0,1,8,39,0
885,过路圣人1,救助1位处于无法战斗状态的非小队队友玩家。,0,411,251,1,0,0,0,0,0,0,0,0,63,1,0,0,5,255,255,0,1,1,1,0
886,过路圣人2,救助20位处于无法战斗状态的非小队队友玩家。,0,411,251,20,0,0,0,0,0,0,0,0,64,1,0,0,10,255,255,0,1,1,1,0
887,称霸第二大迷宫1,成功挑战巴哈姆特大迷宫入侵之章。,0,2686,266,1,0,0,0,0,0,0,0,0,0,4,0,0,5,255,255,0,1,1,35,0
888,称霸第二大迷宫2,累计成功挑战巴哈姆特大迷宫入侵之章5次。,0,2686,266,5,0,0,0,0,0,0,0,0,0,4,0,0,10,255,255,0,1,1,35,0
889,称霸第二大迷宫3,累计成功挑战巴哈姆特大迷宫入侵之章10次。,0,2686,266,10,0,0,0,0,0,0,0,0,0,4,0,0,20,255,255,0,1,1,35,0
890,勇闯第二大迷宫1,挑战巴哈姆特大迷宫入侵之章，并成功探索第一阶段所有地区。,0,1001,148,0,0,0,0,0,0,0,0,0,1009,49,0,0,10,255,255,0,1,8,35,0
891,勇闯第二大迷宫2,挑战巴哈姆特大迷宫入侵之章，并成功探索第二阶段所有地区。,0,1001,149,0,0,0,0,0,0,0,0,0,1010,49,0,0,10,255,255,0,1,8,35,0
892,勇闯第二大迷宫3,挑战巴哈姆特大迷宫入侵之章，并成功探索第三阶段所有地区。,0,1001,65,0,0,0,0,0,0,0,0,0,1011,49,0,0,10,255,255,0,1,8,35,0
893,渊水的弑神者,在利维亚桑歼殛战中战胜利维亚桑。,0,317,20018,0,0,0,0,0,0,0,0,0,4,3,0,0,10,255,255,0,1,14,1,0
894,动乱的弑君者,在莫古力贤王歼殛战中战胜莫古尔·莫古十二世。,0,317,20012,0,0,0,0,0,0,0,0,0,5,3,0,0,10,255,255,0,1,14,1,0
895,再次踏遍日影地修炼所,成功探索日影地修炼所（剑斗领域）的所有地区。,0,1001,145,0,0,0,0,0,0,0,0,0,21,49,0,0,10,255,255,0,1,8,1,0
896,再次踏遍布雷福洛克斯野营地,成功探索布雷福洛克斯野营地（纷争要地）的所有地区。,0,1001,146,0,0,0,0,0,0,0,0,0,22,49,0,0,10,255,255,0,1,8,1,0
897,踏遍无限城市街古迹,成功探索无限城市街古迹的所有地区。,0,1001,151,0,0,0,0,0,0,0,0,0,20,49,0,0,10,255,255,0,1,8,1,0
898,觉醒之境,完成任务“前往石之家”。,0,26002,66729,66881,69414,69415,0,0,0,0,0,0,30,76,0,0,20,255,255,0,1,9,25,0
899,混沌的漩涡,完成任务“混沌的漩涡”。,0,26002,66899,0,0,0,0,0,0,0,0,0,31,76,0,0,20,255,255,0,1,6,25,0
900,邂逅大迷宫,完成任务“第七灵灾的真相”。,0,26002,66696,66849,0,0,0,0,0,0,0,0,221,35,0,0,10,255,255,0,1,9,1,0
901,入侵大迷宫,完成任务“真相与决定”。,0,26002,66850,0,0,0,0,0,0,0,0,0,222,35,0,0,20,255,255,0,1,6,1,0
902,挑战钓场之王,完成任务“海川鱼神”。,0,26002,66966,0,0,0,0,0,0,0,0,150,202,35,19,50,10,255,255,0,1,6,1,0
903,全新的猎蛋人,完成任务“猎蛋贤者”。,0,58573,66956,0,0,0,0,0,0,0,0,0,7,38,0,0,10,255,255,0,1,6,1,0
904,第789洞穴团1,与地灵族的“第789洞穴团”之间的关系程度到达1级“中立”。,0,62958,3,1,0,0,0,0,0,0,0,0,0,37,0,0,5,255,255,0,1,15,1,0
905,第789洞穴团2,与地灵族的“第789洞穴团”之间的关系程度到达2级“承认”。,0,62958,3,2,0,0,0,0,0,0,0,0,0,37,0,0,5,255,255,0,1,15,1,0
906,第789洞穴团3,与地灵族的“第789洞穴团”之间的关系程度到达3级“友好”。,0,62958,3,3,0,0,0,0,0,0,0,0,0,37,0,0,10,255,255,0,1,15,1,0
907,洞穴英雄,与地灵族的“第789洞穴团”之间的关系程度到达4级“信赖”。,0,62958,3,4,0,0,0,0,0,0,0,148,0,37,43,48,20,255,255,0,1,15,1,0
908,诺布一伙1,与鱼人族的“诺布一伙”之间的关系程度到达1级“中立”。,0,62959,4,1,0,0,0,0,0,0,0,0,0,37,0,0,5,255,255,0,1,15,1,0
909,诺布一伙2,与鱼人族的“诺布一伙”之间的关系程度到达2级“承认”。,0,62959,4,2,0,0,0,0,0,0,0,0,0,37,0,0,5,255,255,0,1,15,1,0
910,诺布一伙3,与鱼人族的“诺布一伙”之间的关系程度到达3级“友好”。,0,62959,4,3,0,0,0,0,0,0,0,0,0,37,0,0,10,255,255,0,1,15,1,0
911,诺布家族,与鱼人族的“诺布一伙”之间的关系程度到达4级“信赖”。,0,62959,4,4,0,0,0,0,0,0,0,149,0,37,43,48,20,255,255,0,1,15,1,0
912,雇员大探险1,雇员探险成功5次。,0,1069,268,5,0,0,0,0,0,0,0,0,41,12,0,0,5,255,255,0,1,1,1,0
913,雇员大探险2,雇员探险成功50次。,0,1069,268,50,0,0,0,0,0,0,0,0,42,12,0,0,5,255,255,0,1,1,1,0
914,雇员大探险3,雇员探险成功100次。,0,1069,268,100,0,0,0,0,0,0,0,0,43,12,0,0,10,255,255,0,1,1,1,0
915,探险精英,雇员探险成功500次。,0,1069,268,500,0,0,0,0,0,0,0,0,44,12,0,0,20,255,255,0,1,1,1,0
916,愿者上钩1,在重生、苍穹、红莲区域钓上钓场之王。,0,1102,267,1,0,0,0,0,0,0,0,0,70,34,0,0,5,255,255,0,1,1,1,0
917,愿者上钩2,在重生、苍穹、红莲区域钓上16种钓场之王。,0,1102,267,16,0,0,0,0,0,0,0,0,71,34,0,0,10,255,255,0,1,1,1,0
918,愿者上钩3,在重生、苍穹、红莲区域钓上37种钓场之王。,0,1102,267,37,0,0,0,0,0,0,0,0,72,34,0,0,20,255,255,0,1,1,1,0
919,骑士出征1,使用骑士挑战高难度蛮神战及大型任务共计50次。,0,2505,277,50,0,0,0,0,0,0,0,151,70,1,52,50,5,255,255,0,1,1,1,0
920,骑士出征2,使用骑士挑战高难度蛮神战及大型任务共计100次。,0,2505,277,100,0,0,0,0,0,0,0,153,71,1,52,50,10,255,255,0,1,1,1,0
921,顽强骑士,使用骑士挑战高难度蛮神战及大型任务共计200次。,7848,2505,277,200,0,0,0,0,0,0,0,0,72,1,52,50,20,255,57,1,1,1,1,0
922,战士出征1,使用战士挑战高难度蛮神战及大型任务共计50次。,0,2551,278,50,0,0,0,0,0,0,0,152,73,1,53,50,5,255,255,0,1,1,1,0
923,战士出征2,使用战士挑战高难度蛮神战及大型任务共计100次。,0,2551,278,100,0,0,0,0,0,0,0,154,74,1,53,50,10,255,255,0,1,1,1,0
924,勇猛战士,使用战士挑战高难度蛮神战及大型任务共计200次。,7849,2551,278,200,0,0,0,0,0,0,0,0,75,1,53,50,20,255,58,1,1,1,1,0
925,黄道之光,获得任意一把“上古武器·魂灵”。,0,501,279,1,0,0,0,0,0,0,0,0,32,62,0,0,10,255,255,0,1,1,1,0
926,群星之光,获得任意一把“上古武器·新星”。,0,501,280,1,0,0,0,0,0,0,0,0,33,62,0,0,10,255,255,0,1,1,1,0
927,天赐魔晶石,合成时产生了高一等级的魔晶石。,0,25911,281,1,0,0,0,0,0,0,0,0,40,23,0,0,10,255,255,0,1,1,1,0
928,初出茅庐的探索者,完成探索笔记中的项目1-20。,0,1019,284,20,0,0,0,0,0,0,0,0,61,39,0,0,5,255,255,0,1,1,1,0
929,见多识广的探索者,完成探索笔记中的项目1-80。,6201,1019,284,80,0,0,0,0,0,0,0,0,62,39,47,50,10,255,59,2,1,1,1,0
930,纷争不断1,初次在纷争前线中参战。,0,259,1,0,0,0,0,0,0,0,0,0,1,10,0,0,5,255,255,0,1,17,1,0
931,纷争不断2,在纷争前线中累计参战30次。,0,259,30,0,0,0,0,0,0,0,0,0,2,10,0,0,5,255,255,0,1,17,1,0
932,纷争不断3,在纷争前线中累计参战50次。,0,259,50,0,0,0,0,0,0,0,0,0,3,10,0,0,5,255,255,0,1,17,1,0
933,纷争不断4,在纷争前线中累计参战100次。,0,259,100,0,0,0,0,0,0,0,0,0,4,10,0,0,5,255,255,0,1,17,1,0
934,纷争不断5,在纷争前线中累计参战300次。,0,259,300,0,0,0,0,0,0,0,0,155,5,10,43,30,10,255,255,0,1,17,1,0
935,身经千战,在纷争前线中累计参战1000次。,0,259,1000,0,0,0,0,0,0,0,0,0,6,10,0,0,20,255,255,0,1,17,1,0
936,海之都的凯旋1,在加入黑涡团的状态下，参加纷争前线的战斗并取得初次胜利。,0,62951,1,1,0,0,0,0,0,0,0,0,7,10,0,0,5,255,255,0,1,18,1,0
937,海之都的凯旋2,在加入黑涡团的状态下，参加纷争前线的战斗并取得30次胜利。,0,62951,1,30,0,0,0,0,0,0,0,0,8,10,0,0,5,255,255,0,1,18,1,0
938,海之都的凯旋3,在加入黑涡团的状态下，参加纷争前线的战斗并取得50次胜利。,0,62951,1,50,0,0,0,0,0,0,0,0,9,10,0,0,5,255,255,0,1,18,1,0
939,海之都的凯旋4,在加入黑涡团的状态下，参加纷争前线的战斗并取得100次胜利。,8209,62951,1,100,0,0,0,0,0,0,0,0,10,10,43,30,5,255,60,1,1,18,1,0
940,海之都的凯旋5,在加入黑涡团的状态下，参加纷争前线的战斗并取得300次胜利。,0,62951,1,300,0,0,0,0,0,0,0,156,11,10,43,30,10,255,255,0,1,18,1,0
941,紫龙骨勋章,在加入黑涡团的状态下，参加纷争前线的战斗并取得1000次胜利。,0,62951,1,1000,0,0,0,0,0,0,0,0,12,10,0,0,20,255,255,0,1,18,1,0
942,森之都的凯旋1,在加入双蛇党的状态下，参加纷争前线的战斗并取得初次胜利。,0,62952,2,1,0,0,0,0,0,0,0,0,13,10,0,0,5,255,255,0,1,18,1,0
943,森之都的凯旋2,在加入双蛇党的状态下，参加纷争前线的战斗并取得30次胜利。,0,62952,2,30,0,0,0,0,0,0,0,0,14,10,0,0,5,255,255,0,1,18,1,0
944,森之都的凯旋3,在加入双蛇党的状态下，参加纷争前线的战斗并取得50次胜利。,0,62952,2,50,0,0,0,0,0,0,0,0,15,10,0,0,5,255,255,0,1,18,1,0
945,森之都的凯旋4,在加入双蛇党的状态下，参加纷争前线的战斗并取得100次胜利。,8210,62952,2,100,0,0,0,0,0,0,0,0,16,10,43,30,5,255,61,1,1,18,1,0
946,森之都的凯旋5,在加入双蛇党的状态下，参加纷争前线的战斗并取得300次胜利。,0,62952,2,300,0,0,0,0,0,0,0,158,17,10,43,30,10,255,255,0,1,18,1,0
947,黑檀叶勋章,在加入双蛇党的状态下，参加纷争前线的战斗并取得1000次胜利。,0,62952,2,1000,0,0,0,0,0,0,0,0,18,10,0,0,20,255,255,0,1,18,1,0
948,沙之都的凯旋1,在加入恒辉队的状态下，参加纷争前线的战斗并取得初次胜利。,0,62953,3,1,0,0,0,0,0,0,0,0,19,10,0,0,5,255,255,0,1,18,1,0
949,沙之都的凯旋2,在加入恒辉队的状态下，参加纷争前线的战斗并取得30次胜利。,0,62953,3,30,0,0,0,0,0,0,0,0,20,10,0,0,5,255,255,0,1,18,1,0
950,沙之都的凯旋3,在加入恒辉队的状态下，参加纷争前线的战斗并取得50次胜利。,0,62953,3,50,0,0,0,0,0,0,0,0,21,10,0,0,5,255,255,0,1,18,1,0
951,沙之都的凯旋4,在加入恒辉队的状态下，参加纷争前线的战斗并取得100次胜利。,8211,62953,3,100,0,0,0,0,0,0,0,0,22,10,43,30,5,255,62,1,1,18,1,0
952,沙之都的凯旋5,在加入恒辉队的状态下，参加纷争前线的战斗并取得300次胜利。,0,62953,3,300,0,0,0,0,0,0,0,157,23,10,43,30,10,255,255,0,1,18,1,0
953,黄金天平章,在加入恒辉队的状态下，参加纷争前线的战斗并取得1000次胜利。,0,62953,3,1000,0,0,0,0,0,0,0,0,24,10,0,0,20,255,255,0,1,18,1,0
954,空中争霸1,击毁1架截击无人机。,0,468,285,1,0,0,0,0,0,0,0,0,25,10,0,0,5,255,255,0,1,1,1,0
955,空中争霸2,击毁30架截击无人机。,0,468,285,30,0,0,0,0,0,0,0,0,26,10,0,0,5,255,255,0,1,1,1,0
956,空中争霸3,击毁50架截击无人机。,0,468,285,50,0,0,0,0,0,0,0,0,27,10,0,0,5,255,255,0,1,1,1,0
957,空中争霸4,击毁100架截击无人机。,0,468,285,100,0,0,0,0,0,0,0,159,28,10,43,30,5,255,255,0,1,1,1,0
958,空中霸王,击毁300架截击无人机。,0,468,285,300,0,0,0,0,0,0,0,0,29,10,0,0,10,255,255,0,1,1,1,0
959,系统故障1,破坏1台截击系统。,0,459,286,1,0,0,0,0,0,0,0,0,30,10,0,0,5,255,255,0,1,1,1,0
960,系统故障2,破坏5台截击系统。,0,459,286,5,0,0,0,0,0,0,0,0,31,10,0,0,5,255,255,0,1,1,1,0
961,系统故障3,破坏10台截击系统。,0,459,286,10,0,0,0,0,0,0,0,0,32,10,0,0,5,255,255,0,1,1,1,0
962,系统故障4,破坏20台截击系统。,0,459,286,20,0,0,0,0,0,0,0,160,33,10,43,30,5,255,255,0,1,1,1,0
963,致命故障,破坏50台截击系统。,0,459,286,50,0,0,0,0,0,0,0,0,34,10,0,0,10,255,255,0,1,1,1,0
964,密林狩猎新星,成功讨伐在黑衣森林出现的4种B级恶名精英。,0,2684,4,296,297,298,299,0,0,0,0,0,1,5,0,0,5,255,255,0,1,5,1,0
965,黄沙狩猎新星,成功讨伐在萨纳兰出现的5种B级恶名精英。,0,2684,5,300,301,302,303,304,0,0,0,0,2,5,0,0,5,255,255,0,1,5,1,0
966,碧海狩猎新星,成功讨伐在拉诺西亚出现的6种B级恶名精英。,0,2684,6,305,306,307,308,309,310,0,0,0,3,5,0,0,5,255,255,0,1,5,1,0
967,雪山狩猎新星,成功讨伐在库尔札斯中央高地和摩杜纳出现的2种B级恶名精英。,0,2684,2,311,312,0,0,0,0,0,0,0,4,5,0,0,5,255,255,0,1,5,1,0
968,令人期待的狩猎新星,完成“密林狩猎新星”、“黄沙狩猎新星”、“碧海狩猎新星”、“雪山狩猎新星”4种成就。,0,2684,964,965,966,967,0,0,0,0,0,161,5,5,43,50,10,255,255,0,2,2,1,0
969,密林狩猎行家,成功讨伐在黑衣森林出现的4种A级恶名精英。,0,2680,4,313,314,315,316,0,0,0,0,0,6,5,0,0,5,255,255,0,1,5,1,0
970,黄沙狩猎行家,成功讨伐在萨纳兰出现的5种A级恶名精英。,0,2680,5,317,318,319,320,321,0,0,0,0,7,5,0,0,5,255,255,0,1,5,1,0
971,碧海狩猎行家,成功讨伐在拉诺西亚出现的6种A级恶名精英。,0,2680,6,322,323,324,325,326,327,0,0,0,8,5,0,0,5,255,255,0,1,5,1,0
972,雪山狩猎行家,成功讨伐在库尔札斯中央高地和摩杜纳出现的2种A级恶名精英。,0,2680,2,328,329,0,0,0,0,0,0,0,9,5,0,0,5,255,255,0,1,5,1,0
973,技巧熟练的狩猎行家,完成“密林狩猎行家”、“黄沙狩猎行家”、“碧海狩猎行家”、“雪山狩猎行家”4种成就。,0,2680,969,970,971,972,0,0,0,0,0,162,10,5,43,50,10,255,255,0,2,2,1,0
974,密林狩猎大师,成功讨伐在黑衣森林出现的4种S级恶名精英。,0,2732,4,330,331,332,333,0,0,0,0,0,11,5,0,0,5,255,255,0,1,5,1,0
975,黄沙狩猎大师,成功讨伐在萨纳兰出现的5种S级恶名精英。,0,2732,5,334,335,336,337,338,0,0,0,0,12,5,0,0,5,255,255,0,1,5,1,0
976,碧海狩猎大师,成功讨伐在拉诺西亚出现的6种S级恶名精英。,0,2732,6,339,340,341,342,343,344,0,0,0,13,5,0,0,5,255,255,0,1,5,1,0
977,雪山狩猎大师,成功讨伐在库尔札斯中央高地和摩杜纳出现的2种S级恶名精英。,0,2732,2,345,346,0,0,0,0,0,0,0,14,5,0,0,5,255,255,0,1,5,1,0
978,声名远播的狩猎大师,完成“密林狩猎大师”、“黄沙狩猎大师”、“碧海狩猎大师”、“雪山狩猎大师”4种成就。,0,2732,974,975,976,977,0,0,0,0,0,163,15,5,43,50,10,255,255,0,2,2,1,0
979,B级精英杀手1,成功讨伐10只B级恶名精英。,0,2684,290,10,0,0,0,0,0,0,0,0,100,5,0,0,5,255,255,0,1,1,1,0
980,B级精英杀手2,成功讨伐50只B级恶名精英。,0,2684,290,50,0,0,0,0,0,0,0,0,101,5,0,0,5,255,255,0,1,1,1,0
981,B级精英杀手3,成功讨伐300只B级恶名精英。,0,2684,290,300,0,0,0,0,0,0,0,164,102,5,43,50,5,255,255,0,1,1,1,0
982,英名远播的B级精英杀手,成功讨伐1000只B级恶名精英。,0,2684,290,1000,0,0,0,0,0,0,0,0,103,5,0,0,10,255,255,0,1,1,1,0
983,A级精英杀手1,成功讨伐5只A级恶名精英。,0,2680,291,5,0,0,0,0,0,0,0,0,120,5,0,0,5,255,255,0,1,1,1,0
984,A级精英杀手2,成功讨伐30只A级恶名精英。,0,2680,291,30,0,0,0,0,0,0,0,0,121,5,0,0,5,255,255,0,1,1,1,0
985,A级精英杀手3,成功讨伐200只A级恶名精英。,0,2680,291,200,0,0,0,0,0,0,0,165,122,5,43,50,5,255,255,0,1,1,1,0
986,英名远播的A级精英杀手,成功讨伐500只A级恶名精英。,0,2680,291,500,0,0,0,0,0,0,0,0,123,5,0,0,10,255,255,0,1,1,1,0
987,S级精英杀手1,成功讨伐3只S级恶名精英。,0,2732,292,3,0,0,0,0,0,0,0,0,140,5,0,0,5,255,255,0,1,1,1,0
988,S级精英杀手2,成功讨伐20只S级恶名精英。,0,2732,292,20,0,0,0,0,0,0,0,0,141,5,0,0,5,255,255,0,1,1,1,0
989,S级精英杀手3,成功讨伐200只S级恶名精英。,0,2732,292,200,0,0,0,0,0,0,0,166,142,5,43,50,5,255,255,0,1,1,1,0
990,英名远播的S级精英杀手,成功讨伐500只S级恶名精英。,0,2732,292,500,0,0,0,0,0,0,0,0,143,5,0,0,10,255,255,0,1,1,1,0
991,再次踏遍塔姆·塔拉墓园,成功探索塔姆·塔拉墓园（惨剧灵殿）的所有地区。,0,1001,165,0,0,0,0,0,0,0,0,0,24,49,0,0,10,255,255,0,1,8,1,0
992,再次踏遍石卫塔,成功探索石卫塔（激战城塞）的所有地区。,0,1001,157,0,0,0,0,0,0,0,0,0,25,49,0,0,10,255,255,0,1,8,1,0
993,踏遍破舰岛,成功探索破舰岛的所有地区。,0,1001,168,0,0,0,0,0,0,0,0,0,23,49,0,0,10,255,255,0,1,8,1,0
994,狞雷的弑神者,在拉姆歼殛战中战胜拉姆。,0,317,20023,0,0,0,0,0,0,0,0,0,6,3,0,0,10,255,255,0,1,14,1,0
995,称霸希尔科斯塔,成功挑战希尔科斯塔。,0,2697,30011,0,0,0,0,0,0,0,0,0,0,4,0,0,10,255,255,0,1,14,39,0
996,踏遍希尔科斯塔,成功探索希尔科斯塔的所有地区。,0,1001,158,0,0,0,0,0,0,0,0,0,1002,49,0,0,10,255,255,0,1,8,39,0
997,歼灭大王花,在巴哈姆特零式大迷宫入侵之章1中战胜大王花。,0,2737,30012,0,0,0,0,0,0,0,0,167,0,4,48,50,10,255,255,0,1,14,35,0
998,歼灭美瑠姬奴,在巴哈姆特零式大迷宫入侵之章2中战胜美瑠姬奴。,0,2737,30013,0,0,0,0,0,0,0,0,168,0,4,48,50,10,255,255,0,1,14,35,0
999,歼灭降世化身,在巴哈姆特零式大迷宫入侵之章3中战胜降世化身。,0,2737,30014,0,0,0,0,0,0,0,0,169,0,4,48,50,10,255,255,0,1,14,35,0
1000,歼灭白银的凶鸟,在巴哈姆特零式大迷宫入侵之章4中战胜奈尔·神·达纳斯。,0,2737,30015,0,0,0,0,0,0,0,0,170,0,4,48,50,10,255,255,0,1,14,35,0
1001,艾欧泽亚的守护者,完成任务“艾欧泽亚的守护者”。,0,26002,66996,0,0,0,0,0,0,0,0,174,32,76,43,50,20,255,255,0,1,6,25,0
1002,热血沸腾的红莲节,完成任务“红莲节与委员长那不得不说的故事”。,0,27001,67079,0,0,0,0,0,0,0,0,0,8,38,0,0,10,255,255,0,1,6,1,0
1003,重生之花,完成任务“庆祝重生”。,0,26107,67082,0,0,0,0,0,0,0,0,0,9,38,0,0,10,255,255,0,1,6,1,0
1004,新人邮递员,完成任务“神出鬼没的邮递员”。,0,26002,67017,0,0,0,0,0,0,0,0,175,262,35,43,50,10,255,255,0,1,6,1,0
1005,解谜超人,完成任务“瓦因博德的谜题”。,0,26002,66973,0,0,0,0,0,0,0,0,0,264,35,0,0,10,255,255,0,1,6,1,0
1006,分解技工1,成功分解道具50次。,0,26269,294,50,0,0,0,0,0,0,0,0,0,21,0,0,5,255,255,0,1,1,1,0
1007,分解技工2,成功分解道具200次。,0,26269,294,200,0,0,0,0,0,0,0,0,0,21,0,0,5,255,255,0,1,1,1,0
1008,分解技工3,成功分解道具500次。,0,26269,294,500,0,0,0,0,0,0,0,0,0,21,0,0,5,255,255,0,1,1,1,0
1009,分解技工4,成功分解道具1000次。,0,26269,294,1000,0,0,0,0,0,0,0,0,0,21,0,0,5,255,255,0,1,1,1,0
1010,分解技工5,成功分解道具2000次。,0,26269,294,2000,0,0,0,0,0,0,0,0,0,21,0,0,10,255,255,0,1,1,1,0
1011,大卸八块,成功分解道具5000次。,0,26269,294,5000,0,0,0,0,0,0,0,171,0,21,44,30,10,255,255,0,1,1,1,0
1012,,,0,0,0,0,0,0,0,0,0,0,0,0,0,0,0,0,0,0,0,0,0,0,0,0
1013,,,0,0,0,0,0,0,0,0,0,0,0,0,0,0,0,0,0,0,0,0,0,0,0,0
1014,,,0,0,0,0,0,0,0,0,0,0,0,0,0,0,0,0,0,0,0,0,0,0,0,0
1015,愿者上钩4,在重生、苍穹、红莲区域钓上56种钓场之王。,0,1102,267,56,0,0,0,0,0,0,0,0,73,34,0,0,20,255,255,0,1,1,1,0
1016,愿者上钩5,在重生、苍穹、红莲区域钓上71种钓场之王。,0,1102,267,71,0,0,0,0,0,0,0,0,74,34,0,0,20,255,255,0,1,1,1,0
1017,愿者上钩6,在重生、苍穹、红莲区域钓上81种钓场之王。,0,1102,267,81,0,0,0,0,0,0,0,0,75,34,0,0,20,255,255,0,1,1,1,0
1018,愿者上钩7,在重生、苍穹、红莲区域钓上87种钓场之王。,0,1102,267,87,0,0,0,0,0,0,0,0,76,34,0,0,20,255,255,0,1,1,1,0
1019,秘宝猎人,累计20次成功解读鞣革制的隐藏地图并开启宝箱。,0,25935,293,20,0,0,0,0,0,0,0,173,9,6,43,50,20,255,255,0,1,1,1,0
1020,陆行鸟训练师,对其他玩家的陆行鸟进行30次训练。,8571,903,287,30,0,0,0,0,0,0,0,0,81,12,47,20,5,255,63,4,1,1,1,0
1021,今夕何夕,完成任务“危在旦夕”。,0,59491,67080,0,0,0,0,0,0,0,0,0,10,38,0,0,10,255,255,0,1,6,1,0
1022,长风空力团1,与鸟人族的“长风空力团”之间的关系程度到达1级“中立”。,0,62957,5,1,0,0,0,0,0,0,0,0,0,37,0,0,5,255,255,0,1,15,1,0
1023,长风空力团2,与鸟人族的“长风空力团”之间的关系程度到达3级“友好”。,0,62957,5,3,0,0,0,0,0,0,0,0,0,37,0,0,5,255,255,0,1,15,1,0
1024,长风空力团3,与鸟人族的“长风空力团”之间的关系程度到达5级“尊敬”。,0,62957,5,5,0,0,0,0,0,0,0,0,0,37,0,0,10,255,255,0,1,15,1,0
1025,长风同志,与鸟人族的“长风空力团”之间的关系程度到达7级“誓约”。,0,62957,5,7,0,0,0,0,0,0,0,176,0,37,44,18,20,255,255,0,1,15,1,0
1026,六族联盟,完成任务“友谊地久天长”。,0,60033,67009,0,0,0,0,0,0,0,0,177,0,37,43,50,20,255,255,0,1,6,1,0
1027,大陆马戏大游行,完成任务“带来欢笑的幸运魔咒”。,0,41212,65774,0,0,0,0,0,0,0,0,0,11,38,0,0,10,255,255,0,1,6,1,0
1028,镇魂之光,获得任意一把“上古武器·镇魂”。,0,501,347,1,0,0,0,0,0,0,0,0,34,62,0,0,10,255,255,0,1,1,1,0
1029,寒冰的幻想,完成任务“寒冰的幻想”。,0,26002,65625,0,0,0,0,0,0,0,0,183,33,76,43,50,20,255,255,0,1,6,25,0
1030,大迷宫的真源,完成任务“真源永存于心”。,0,26002,65580,0,0,0,0,0,0,0,0,178,223,35,43,50,20,255,255,0,1,6,1,0
1031,挥竿降龙,完成任务“爆钓艾欧泽亚”。,0,26002,65782,0,0,0,0,0,0,0,0,179,261,35,19,50,30,255,255,0,1,6,1,0
1032,愿者上钩8,在重生、苍穹、红莲区域钓上94种钓场之王。,0,1102,267,94,0,0,0,0,0,0,0,0,77,34,0,0,20,255,255,0,1,1,1,0
1033,愿者上钩9,在重生、苍穹、红莲区域钓上100种钓场之王。,0,1102,267,100,0,0,0,0,0,0,0,180,78,34,19,50,20,255,255,0,1,1,1,0
1034,愿者上钩10,在重生、苍穹、红莲区域钓上106种钓场之王。,8717,1102,267,106,0,0,0,0,0,0,0,0,79,34,19,50,20,255,64,3,1,1,1,0
1035,令人难忘1,累计获得1500次最优队员推荐。,9317,2802,244,1500,0,0,0,0,0,0,0,0,0,17,43,15,0,255,67,3,1,1,1,0
1036,令人难忘2,累计获得3000次最优队员推荐。,9353,2802,244,3000,0,0,0,0,0,0,0,0,0,17,43,15,0,255,65,1,1,1,1,0
1037,再次踏遍喀恩埋没圣堂,成功探索喀恩埋没圣堂（苏醒遗迹）的所有地区。,0,1001,182,0,0,0,0,0,0,0,0,0,28,49,0,0,10,255,255,0,1,8,1,0
1038,再次踏遍沙斯塔夏溶洞,成功探索沙斯塔夏溶洞（逆转要害）的所有地区。,0,1001,169,0,0,0,0,0,0,0,0,0,27,49,0,0,10,255,255,0,1,8,1,0
1039,踏遍披雪大冰壁,成功探索披雪大冰壁的所有地区。,0,1001,174,0,0,0,0,0,0,0,0,0,26,49,0,0,10,255,255,0,1,8,1,0
1040,称霸最终大迷宫1,成功挑战巴哈姆特大迷宫真源之章。,9352,2693,348,1,0,0,0,0,0,0,0,0,0,4,43,50,5,255,68,2,1,1,35,0
1041,称霸最终大迷宫2,累计成功挑战巴哈姆特大迷宫真源之章5次。,0,2693,348,5,0,0,0,0,0,0,0,0,0,4,0,0,10,255,255,0,1,1,35,0
1042,称霸最终大迷宫3,累计成功挑战巴哈姆特大迷宫真源之章10次。,0,2693,348,10,0,0,0,0,0,0,0,0,0,4,0,0,20,255,255,0,1,1,35,0
1043,勇闯最终大迷宫1,挑战巴哈姆特大迷宫真源之章，并成功探索第一阶段所有地区。,0,1001,175,0,0,0,0,0,0,0,0,0,1017,49,0,0,10,255,255,0,1,8,35,0
1044,勇闯最终大迷宫2,挑战巴哈姆特大迷宫真源之章，并成功探索第二阶段所有地区。,0,1001,176,0,0,0,0,0,0,0,0,0,1018,49,0,0,10,255,255,0,1,8,35,0
1045,严冰的弑神者,在希瓦歼殛战中战胜希瓦。,0,317,20025,0,0,0,0,0,0,0,0,0,7,3,0,0,10,255,255,0,1,14,1,0
1046,双剑中的领悟1,将双剑师升到10级。,0,33801,29,10,0,0,0,0,0,0,0,0,101,13,0,0,5,255,255,0,1,3,1,0
1047,双剑中的领悟2,将双剑师升到20级。,0,33801,29,20,0,0,0,0,0,0,0,0,102,13,0,0,5,255,255,0,1,3,1,0
1048,双剑中的领悟3,将双剑师升到30级。,0,33801,29,30,0,0,0,0,0,0,0,0,103,13,0,0,5,255,255,0,1,3,1,0
1049,双剑中的领悟4,将双剑师升到40级。,0,33801,29,40,0,0,0,0,0,0,0,0,104,13,0,0,5,255,255,0,1,3,1,0
1050,双剑中的领悟5,将双剑师升到50级。,0,33801,29,50,0,0,0,0,0,0,0,0,105,13,0,0,5,255,255,0,1,3,1,0
1051,专研双剑笔记,完成双剑师讨伐笔记中的所有内容。,9381,62829,11,0,0,0,0,0,0,0,0,0,14,1,8,40,20,255,66,3,1,7,1,0
1052,东方之忍者,完成任务“师与徒”。,0,26037,65770,0,0,0,0,0,0,0,0,0,421,77,0,0,5,255,255,0,2,6,1,0
1053,吉光之忍者,完成任务“复苏的上古武器”，获得吉光。,0,33855,67115,0,0,0,0,0,0,0,0,182,6,62,8,50,10,255,255,0,2,6,1,0
1054,重生的黄道武器,获得任意一把“黄道武器”。,0,3226,349,1,0,0,0,0,0,0,0,0,1,63,0,0,10,255,255,0,1,1,1,0
1055,,,0,0,0,0,0,0,0,0,0,0,0,0,0,0,0,0,0,0,0,0,0,0,0,0
1056,圣人的追随者,完成任务“你的微笑有如满天星光”。,0,41220,65890,0,0,0,0,0,0,0,0,0,12,38,0,0,10,255,255,0,1,6,1,0
1057,爱意洋洋,完成任务“喜洋洋的降神节”。,0,59441,65823,0,0,0,0,0,0,0,0,0,13,38,0,0,10,255,255,0,1,6,1,0
1058,黄道武器再铸者,完成任务“大器晚成”。,0,2516,65897,0,0,0,0,0,0,0,0,0,641,35,0,0,10,255,255,0,1,6,1,0
1059,,,0,0,0,0,0,0,0,0,0,0,0,0,0,0,0,0,0,0,0,0,0,0,0,0
1060,拨云见日,完成任务“希望之光”。,0,26002,66031,0,0,0,0,0,0,0,0,184,642,35,43,50,20,255,255,0,1,6,1,0
1061,命运之友,完成任务“随风而逝的结局”。,0,26002,66038,0,0,0,0,0,0,0,0,185,643,35,43,50,20,255,255,0,1,6,1,0
1062,爱恋的领路人,完成任务“恋人节永远绽放”。,0,58589,66083,0,0,0,0,0,0,0,0,186,14,38,0,0,10,255,255,0,1,6,1,0
1063,天上麒麟,获得麒麟魔笛。,0,26039,65968,0,0,0,0,0,0,0,0,187,20,19,43,50,20,255,255,0,1,6,1,0
1064,斩铁剑·返,在奥丁歼灭战中战胜奥丁。,0,317,20027,0,0,0,0,0,0,0,0,188,8,3,43,50,10,255,255,0,1,14,1,0
1065,皇都铁卫,在皇都伊修加德保卫战中战胜维刹普巨龙。,0,317,70127,65955,0,0,0,0,0,0,0,0,11,3,0,0,10,255,255,0,1,9,1,0
1066,剑之豪者,在无限城的死斗中战胜吉尔伽美什与恩奇都。,0,317,20030,0,0,0,0,0,0,0,0,0,9,3,0,0,10,255,255,0,1,14,1,0
1067,尊严王的末日,在那布里亚勒斯讨伐战中战胜那布里亚勒斯。,0,317,20029,0,0,0,0,0,0,0,0,0,10,3,0,0,10,255,255,0,1,14,1,0
1068,称霸暗之世界,成功挑战暗之世界。,0,2697,30020,0,0,0,0,0,0,0,0,0,0,4,0,0,20,255,255,0,1,14,39,0
1069,踏遍暗之世界,成功探索暗之世界的所有地区。,0,1001,184,0,0,0,0,0,0,0,0,0,1003,49,0,0,10,255,255,0,1,8,39,0
1070,再次踏遍无限城古堡,成功探索无限城古堡（邪念妖地）的所有地区。,0,1001,189,0,0,0,0,0,0,0,0,0,31,49,0,0,10,255,255,0,1,8,1,0
1071,再次踏遍放浪神古神殿,成功探索放浪神古神殿（武装圣域）的所有地区。,0,1001,188,0,0,0,0,0,0,0,0,0,30,49,0,0,10,255,255,0,1,8,1,0
1072,踏遍密约之塔,成功探索密约之塔的所有地区。,0,1001,201,0,0,0,0,0,0,0,0,0,29,49,0,0,10,255,255,0,1,8,1,0
1073,战果辉煌1,在纷争前线中击倒1名敌兵。,0,2555,362,1,0,0,0,0,0,0,0,0,35,10,0,0,5,255,255,0,1,1,1,0
1074,战果辉煌2,在纷争前线中击倒100名敌兵。,0,2555,362,100,0,0,0,0,0,0,0,0,36,10,0,0,5,255,255,0,1,1,1,0
1075,战果辉煌3,在纷争前线中击倒500名敌兵。,0,2555,362,500,0,0,0,0,0,0,0,0,37,10,0,0,5,255,255,0,1,1,1,0
1076,战果辉煌4,在纷争前线中击倒1000名敌兵。,0,2555,362,1000,0,0,0,0,0,0,0,189,38,10,43,30,10,255,255,0,1,1,1,0
1077,战场的支配者,在纷争前线中击倒5000名敌兵。,0,2555,362,5000,0,0,0,0,0,0,0,190,39,10,43,30,20,255,255,0,1,1,1,0
1078,能工巧匠的追求,获得任意一把能工巧匠的华光主手工具。,0,35015,367,1,0,0,0,0,0,0,0,191,21,19,44,50,10,255,255,0,1,1,1,0
1079,大地使者的追求,获得任意一把大地使者的华光主手工具。,0,38016,368,1,0,0,0,0,0,0,0,192,22,19,45,50,10,255,255,0,1,1,1,0
1080,黄道勇士复活,完成任务“黄道无双”。,0,26002,66097,67823,0,0,0,0,0,0,0,0,644,35,0,0,20,255,255,0,1,9,1,0
1081,本我觉醒,获得任意一把“黄道武器·本我”。,0,3226,350,1,0,0,0,0,0,0,0,193,2,63,43,50,20,255,255,0,1,1,1,0
1082,传统人偶重现世间,完成任务“女儿节的父女亲情”。,0,54911,66037,0,0,0,0,0,0,0,0,194,15,38,0,0,10,255,255,0,1,6,1,0
1083,黄金之梦1,"通过游乐场设施获得1000枚金碟币。
不包括从金碟币兑换员和卡片兑换员兑换到的数量，也不包括使用金碟卡及完成挑战笔记获得的数量。",0,26001,356,1000,0,0,0,0,0,0,0,195,1,18,47,15,5,255,255,0,1,1,1,0
1084,黄金之梦2,"通过游乐场设施获得10000枚金碟币。
不包括从金碟币兑换员和卡片兑换员兑换到的数量，也不包括使用金碟卡及完成挑战笔记获得的数量。",0,26001,356,10000,0,0,0,0,0,0,0,0,2,18,0,0,5,255,255,0,1,1,1,0
1085,黄金之梦3,"通过游乐场设施获得100000枚金碟币。
不包括从金碟币兑换员和卡片兑换员兑换到的数量，也不包括使用金碟卡及完成挑战笔记获得的数量。",0,26001,356,100000,0,0,0,0,0,0,0,0,3,18,0,0,5,255,255,0,1,1,1,0
1086,黄金之梦4,"通过游乐场设施获得1000000枚金碟币。
不包括从金碟币兑换员和卡片兑换员兑换到的数量，也不包括使用金碟卡及完成挑战笔记获得的数量。",0,26001,356,1000000,0,0,0,0,0,0,0,0,4,18,0,0,10,255,255,0,1,1,1,0
1087,黄金之梦5,"通过游乐场设施获得10000000枚金碟币。
不包括从金碟币兑换员和卡片兑换员兑换到的数量，也不包括使用金碟卡及完成挑战笔记获得的数量。",0,26001,356,10000000,0,0,0,0,0,0,0,0,5,18,0,0,10,255,255,0,1,1,1,0
1088,纸醉金迷,完成“鸟到成功”、“人定胜天”、“算无遗策”、“命运临门3”、“神闪避3”、“仙风道骨”、“奇光异彩”7种成就。,0,2601,1099,1110,1114,1117,1120,1124,1128,0,0,196,6,18,47,15,20,255,255,0,2,2,1,0
1089,雏鸟展翅,通过配种获得新陆行鸟。,0,27655,359,1,0,0,0,0,0,0,0,197,10,18,47,15,5,255,255,0,1,1,1,0
1090,血气方刚,获得一只9级或更高级血统的新陆行鸟。,10065,27655,360,1,0,0,0,0,0,0,0,0,11,18,47,15,5,255,69,3,1,1,1,0
1091,练鸟师,培养出一只羽力不低于285的竞赛陆行鸟。,0,27657,361,1,0,0,0,0,0,0,0,198,12,18,47,15,5,255,255,0,1,1,1,0
1092,陆行鸟骑手1,参加陆行鸟竞赛。,0,27651,357,1,0,0,0,0,0,0,0,199,20,18,47,15,5,255,255,0,1,1,1,0
1093,陆行鸟骑手2,累计参加100次陆行鸟竞赛。,0,27651,357,100,0,0,0,0,0,0,0,0,21,18,0,0,5,255,255,0,1,1,1,0
1094,陆行鸟骑手3,累计参加300次陆行鸟竞赛。,0,27651,357,300,0,0,0,0,0,0,0,200,22,18,47,15,5,255,255,0,1,1,1,0
1095,陆行鸟骑手4,累计参加3000次陆行鸟竞赛。,0,27651,357,3000,0,0,0,0,0,0,0,201,23,18,47,15,10,255,255,0,1,1,1,0
1096,一鸟当先1,在陆行鸟竞赛中取得胜利。,0,27656,358,1,0,0,0,0,0,0,0,0,30,18,0,0,5,255,255,0,1,1,1,0
1097,一鸟当先2,在陆行鸟竞赛中累计取得10次胜利。,0,27656,358,10,0,0,0,0,0,0,0,0,31,18,0,0,5,255,255,0,1,1,1,0
1098,一鸟当先3,在陆行鸟竞赛中累计取得50次胜利。,0,27656,358,50,0,0,0,0,0,0,0,0,32,18,0,0,5,255,255,0,1,1,1,0
1099,鸟到成功,在陆行鸟竞赛中累计取得500次胜利。,0,27656,358,500,0,0,0,0,0,0,0,202,33,18,47,15,10,255,255,0,1,1,1,0
1100,九宫卡手1,获得九宫幻卡。,0,27661,352,1,0,0,0,0,0,0,0,0,40,18,0,0,5,255,255,0,1,1,1,0
1101,九宫卡手2,获得30种九宫幻卡。,0,27661,352,30,0,0,0,0,0,0,0,203,41,18,47,15,5,255,255,0,1,1,1,0
1102,九宫卡手3,获得60种九宫幻卡。,0,27661,352,60,0,0,0,0,0,0,0,204,42,18,47,15,10,255,255,0,1,1,1,0
1103,街头决斗者1,与非玩家角色进行九宫幻卡对局并取得胜利。,0,3564,353,1,0,0,0,0,0,0,0,0,50,18,0,0,5,255,255,0,1,1,1,0
1104,街头决斗者2,与30位非玩家角色进行九宫幻卡对局并取得胜利。,9846,3564,353,30,0,0,0,0,0,0,0,0,51,18,47,15,10,255,70,4,1,1,1,0
1105,成事在天1,在九宫幻卡对局中以对局规则“天选”取得胜利。,0,27661,354,1,0,0,0,0,0,0,0,0,60,18,0,0,5,255,255,0,1,1,1,0
1106,成事在天2,在九宫幻卡对局中以对局规则“天选”取得累计10场胜利。,0,27661,354,10,0,0,0,0,0,0,0,0,61,18,0,0,5,255,255,0,1,1,1,0
1107,成事在天3,在九宫幻卡对局中以对局规则“天选”取得累计30场胜利。,0,27661,354,30,0,0,0,0,0,0,0,0,62,18,0,0,5,255,255,0,1,1,1,0
1108,成事在天4,在九宫幻卡对局中以对局规则“天选”取得累计100场胜利。,0,27661,354,100,0,0,0,0,0,0,0,0,63,18,0,0,5,255,255,0,1,1,1,0
1109,成事在天5,在九宫幻卡对局中以对局规则“天选”取得累计300场胜利。,9850,27661,354,300,0,0,0,0,0,0,0,0,64,18,47,15,5,255,71,4,1,1,1,0
1110,人定胜天,在九宫幻卡对局中以对局规则“天选”取得累计1000场胜利。,0,27661,354,1000,0,0,0,0,0,0,0,205,65,18,47,15,10,255,255,0,1,1,1,0
1111,神机妙算1,在九宫幻卡大赛中取得胜利。,0,27661,355,1,0,0,0,0,0,0,0,0,70,18,0,0,5,255,255,0,1,1,1,0
1112,神机妙算2,在九宫幻卡大赛中累计取得10场胜利。,0,27661,355,10,0,0,0,0,0,0,0,0,71,18,0,0,5,255,255,0,1,1,1,0
1113,神机妙算3,在九宫幻卡大赛中累计取得30场胜利。,9849,27661,355,30,0,0,0,0,0,0,0,0,72,18,47,15,5,255,72,4,1,1,1,0
1114,算无遗策,在九宫幻卡大赛中累计取得100场胜利。,0,27661,355,100,0,0,0,0,0,0,0,206,73,18,47,15,10,255,255,0,1,1,1,0
1115,命运临门1,完成机遇任务。,0,2801,363,1,0,0,0,0,0,0,0,0,80,18,0,0,5,255,255,0,1,1,1,0
1116,命运临门2,完成30次机遇任务。,0,2801,363,30,0,0,0,0,0,0,0,0,81,18,0,0,5,255,73,0,1,1,1,0
1117,命运临门3,完成100次机遇任务。,0,2801,363,100,0,0,0,0,0,0,0,207,82,18,47,15,10,255,255,0,1,1,1,0
1118,神闪避1,完成机遇任务“喷风中的幸存者”。,0,3251,364,1,0,0,0,0,0,0,0,0,90,18,0,0,5,255,74,0,1,1,1,0
1119,神闪避2,累计完成5次机遇任务“喷风中的幸存者”。,0,3251,364,5,0,0,0,0,0,0,0,0,91,18,0,0,5,255,255,0,1,1,1,0
1120,神闪避3,累计完成10次机遇任务“喷风中的幸存者”。,0,3251,364,10,0,0,0,0,0,0,0,208,92,18,47,15,10,255,255,0,1,1,1,0
1121,仙人指路1,购买仙人仙彩并赢得金碟币。,0,26112,365,1,0,0,0,0,0,0,0,0,100,18,0,0,5,255,255,0,1,1,1,0
1122,仙人指路2,通过仙人仙彩累计获得10000金碟币。,0,26112,365,10000,0,0,0,0,0,0,0,0,101,18,0,0,5,255,75,0,1,1,1,0
1123,仙人指路3,通过仙人仙彩累计获得500000金碟币。,0,26112,365,500000,0,0,0,0,0,0,0,0,102,18,0,0,5,255,255,0,1,1,1,0
1124,仙风道骨,通过仙人仙彩累计获得1000000金碟币。,0,26112,365,1000000,0,0,0,0,0,0,0,209,103,18,47,15,10,255,255,0,1,1,1,0
1125,五彩缤纷1,购买仙人微彩并赢得金碟币。,0,26111,366,1,0,0,0,0,0,0,0,0,110,18,0,0,5,255,255,0,1,1,1,0
1126,五彩缤纷2,通过仙人微彩累计获得10000金碟币。,0,26111,366,10000,0,0,0,0,0,0,0,0,111,18,0,0,5,255,76,0,1,1,1,0
1127,五彩缤纷3,通过仙人微彩累计获得500000金碟币。,0,26111,366,500000,0,0,0,0,0,0,0,0,112,18,0,0,5,255,255,0,1,1,1,0
1128,奇光异彩,通过仙人微彩累计获得1000000金碟币。,0,26111,366,1000000,0,0,0,0,0,0,0,210,113,18,47,15,10,255,255,0,1,1,1,0
1129,希望的灯火,完成任务“希望的灯火”。,0,26002,65964,0,0,0,0,0,0,0,0,211,34,76,43,50,20,255,255,0,1,6,25,0
1130,光之邮递员,完成任务“一切为了送信”。,0,26002,65898,0,0,0,0,0,0,0,0,212,263,35,43,50,10,255,255,0,1,6,1,0
1131,巨蛋猎人,完成任务“彩蛋狩猎与梦中蛋”。,0,55318,66095,0,0,0,0,0,0,0,0,213,16,38,0,0,10,255,255,0,1,6,1,0
1132,英雄凯旋,加入纷争前线的黑涡团、双蛇党、恒辉队任一军队并取得200次胜利。,10081,2601,200,0,0,0,0,0,0,0,0,0,40,10,43,30,10,255,77,1,1,19,1,0
1133,圣教首脑,完成任务“教皇托尔丹七世”。,0,26002,67134,0,0,0,0,0,0,0,0,214,35,76,43,50,20,255,255,0,1,6,26,0
1134,越狱,完成任务“永恒的光辉”。,0,26002,67137,0,0,0,0,0,0,0,0,215,36,76,43,51,20,255,255,0,1,6,26,0
1135,皇都骚乱,完成任务“皇都骚动”。,0,26002,67172,0,0,0,0,0,0,0,0,216,37,76,43,56,20,255,255,0,1,6,26,0
1136,革命,完成任务“真正的变革”。,0,26002,67177,0,0,0,0,0,0,0,0,217,38,76,43,57,20,255,255,0,1,6,26,0
1137,心中信念,完成任务“集信念于胸中”。,0,26002,67185,0,0,0,0,0,0,0,0,218,39,76,43,57,20,255,255,0,1,6,26,0
1138,点亮希望,完成任务“燃烧的希望”。,0,26002,67198,0,0,0,0,0,0,0,0,219,40,76,43,59,20,255,255,0,1,6,26,0
1139,苍穹之禁城,完成任务“苍穹之禁城”。,0,26002,67205,0,0,0,0,0,0,0,0,220,41,76,43,60,20,255,255,0,1,6,26,0
1140,※ManHvs801,※ManHvs801をコンプリート,0,0,0,0,0,0,0,0,0,0,0,0,32,0,0,0,20,255,255,0,0,0,1,0
1141,圣剑之骑士,完成任务“真正的骑士”。,0,26003,67573,0,0,0,0,0,0,0,0,222,322,77,20,60,5,255,255,0,2,6,1,0
1142,阴阳之武僧,完成任务“力量与责任”。,0,26004,67567,0,0,0,0,0,0,0,0,223,342,77,21,60,5,255,255,0,2,6,1,0
1143,上古之战士,完成任务“为保护一切的乱击”。,0,26005,66137,0,0,0,0,0,0,0,0,224,362,77,22,60,5,255,255,0,2,6,1,0
1144,苍穹之龙骑士,完成任务“誓言与枪同在”。,0,26006,67231,0,0,0,0,0,0,0,0,225,382,77,23,60,5,255,255,0,2,6,1,0
1145,天空之吟游诗人,完成任务“终焉的战歌”。,0,26007,67254,0,0,0,0,0,0,0,0,226,402,77,24,60,5,255,255,0,2,6,1,0
1146,纯白之白魔法师,完成任务“治愈之手”。,0,26008,67261,0,0,0,0,0,0,0,0,227,442,77,25,60,5,255,255,0,2,6,1,0
1147,漆黑之黑魔法师,完成任务“破坏的烈焰，治愈的清流”。,0,26009,67219,0,0,0,0,0,0,0,0,228,462,77,26,60,5,255,255,0,2,6,1,0
1148,龙神之召唤师,完成任务“破除黑暗，绽放光明”。,0,26010,67641,0,0,0,0,0,0,0,0,229,482,77,28,60,5,255,255,0,2,6,1,0
1149,新生之学者,完成任务“新时代的海兵团”。,0,26011,67212,0,0,0,0,0,0,0,0,230,502,77,29,60,5,255,255,0,2,6,1,0
1150,悟道之忍者,完成任务“雪与雨”。,0,26037,67224,0,0,0,0,0,0,0,0,231,422,77,30,60,5,255,255,0,2,6,1,0
1151,皇都之暗黑骑士,完成任务“英雄的幻影”。,0,26040,67594,0,0,0,0,0,0,0,0,0,521,77,0,0,5,255,255,0,2,6,1,0
1152,皇都之机工士,完成任务“赌上名誉的战斗”。,0,26042,67240,0,0,0,0,0,0,0,0,0,541,77,0,0,5,255,255,0,2,6,1,0
1153,皇都之占星术士,完成任务“冰枪的试炼”。,0,26041,67555,0,0,0,0,0,0,0,0,0,561,77,0,0,5,255,255,0,2,6,1,0
1154,深渊之暗黑骑士,完成任务“消逝于云海间”。,0,26040,67600,0,0,0,0,0,0,0,0,232,522,77,32,60,5,255,255,0,2,6,1,0
1155,气盛之机工士,完成任务“瞄准！我们的未来”。,0,26042,67248,0,0,0,0,0,0,0,0,233,542,77,31,60,5,255,255,0,2,6,1,0
1156,观星之占星术士,完成任务“命运之手”。,0,26041,67561,0,0,0,0,0,0,0,0,234,562,77,33,60,5,255,255,0,2,6,1,0
1157,展翅迎风：库尔札斯西部高地,在库尔札斯西部高地开放飞行坐骑。,0,21901,1,0,0,0,0,0,0,0,0,0,101,12,0,0,5,255,255,0,1,20,1,0
1158,展翅迎风：龙堡参天高地,在龙堡参天高地开放飞行坐骑。,0,21901,2,0,0,0,0,0,0,0,0,0,102,12,0,0,5,255,255,0,1,20,1,0
1159,展翅迎风：龙堡内陆低地,在龙堡内陆低地开放飞行坐骑。,0,21901,3,0,0,0,0,0,0,0,0,0,103,12,0,0,5,255,255,0,1,20,1,0
1160,展翅迎风：翻云雾海,在翻云雾海开放飞行坐骑。,0,21901,4,0,0,0,0,0,0,0,0,0,104,12,0,0,5,255,255,0,1,20,1,0
1161,展翅迎风：阿巴拉提亚云海,在阿巴拉提亚云海开放飞行坐骑。,0,21901,5,0,0,0,0,0,0,0,0,0,105,12,0,0,5,255,255,0,1,20,1,0
1162,展翅迎风：魔大陆阿济兹拉,在魔大陆阿济兹拉开放飞行坐骑。,0,21901,6,0,0,0,0,0,0,0,0,0,106,12,0,0,5,255,255,0,1,20,1,0
1163,展翅迎风，飞向苍穹,在库尔札斯西部高地、龙堡参天高地、龙堡内陆低地、翻云雾海、阿巴拉提亚云海和魔大陆阿济兹拉均开放飞行坐骑。,0,21901,1157,1158,1159,1160,1161,1162,0,0,0,0,107,12,0,0,10,255,255,0,1,2,1,0
1164,机神城启动,完成任务“她的宝物”。,0,26002,67630,0,0,0,0,0,0,0,0,235,224,35,43,60,10,255,255,0,1,6,1,0
1165,三斗神之声,完成任务“登峰造极的武神罗波那”与“登峰造极的云神俾斯麦”。,0,26002,67651,67652,0,0,0,0,0,0,0,236,645,35,43,60,10,255,255,0,1,6,1,0
1166,我相信我能触到天空,完成任务“我心飞翔”。,0,905,67653,0,0,0,0,0,0,0,0,237,646,35,0,0,10,255,255,0,1,6,1,1
1167,利剑中的领悟6,将剑术师升到60级。,0,30408,1,60,0,0,0,0,0,0,0,0,6,13,0,0,5,255,255,0,1,3,1,0
1168,斗拳中的领悟6,将格斗家升到60级。,0,31004,2,60,0,0,0,0,0,0,0,0,26,13,0,0,5,255,255,0,1,3,1,0
1169,大斧中的领悟6,将斧术师升到60级。,0,31409,3,60,0,0,0,0,0,0,0,0,46,13,0,0,5,255,255,0,1,3,1,0
1170,尖枪中的领悟6,将枪术师升到60级。,0,31816,4,60,0,0,0,0,0,0,0,0,66,13,0,0,5,255,255,0,1,3,1,0
1171,箭矢中的领悟6,将弓箭手升到60级。,0,32204,5,60,0,0,0,0,0,0,0,0,86,13,0,0,5,255,255,0,1,3,1,0
1172,幻术中的领悟6,将幻术师升到60级。,0,32611,6,60,0,0,0,0,0,0,0,0,6,14,0,0,5,255,255,0,1,3,1,0
1173,咒术中的领悟6,将咒术师升到60级。,0,32806,7,60,0,0,0,0,0,0,0,0,26,14,0,0,5,255,255,0,1,3,1,0
1174,秘术中的领悟6,将秘术师升到60级。,0,33401,26,60,0,0,0,0,0,0,0,0,46,14,0,0,5,255,255,0,1,3,1,0
1175,双剑中的领悟6,将双剑师升到60级。,0,33801,29,60,0,0,0,0,0,0,0,0,106,13,0,0,5,255,255,0,1,3,1,0
1176,暗剑中的领悟1,将暗黑骑士升到30级。,0,34203,32,30,0,0,0,0,0,0,0,0,121,13,0,0,5,255,255,0,1,3,1,0
1177,暗剑中的领悟2,将暗黑骑士升到40级。,0,34203,32,40,0,0,0,0,0,0,0,0,122,13,0,0,5,255,255,0,1,3,1,0
1178,暗剑中的领悟3,将暗黑骑士升到50级。,0,34203,32,50,0,0,0,0,0,0,0,0,123,13,0,0,5,255,255,0,1,3,1,0
1179,暗剑中的领悟4,将暗黑骑士升到60级。,0,34203,32,60,0,0,0,0,0,0,0,0,124,13,0,0,5,255,255,0,1,3,1,0
1180,机工中的领悟1,将机工士升到30级。,0,34607,31,30,0,0,0,0,0,0,0,0,141,13,0,0,5,255,255,0,1,3,1,0
1181,机工中的领悟2,将机工士升到40级。,0,34607,31,40,0,0,0,0,0,0,0,0,142,13,0,0,5,255,255,0,1,3,1,0
1182,机工中的领悟3,将机工士升到50级。,0,34607,31,50,0,0,0,0,0,0,0,0,143,13,0,0,5,255,255,0,1,3,1,0
1183,机工中的领悟4,将机工士升到60级。,0,34607,31,60,0,0,0,0,0,0,0,0,144,13,0,0,5,255,255,0,1,3,1,0
1184,星图中的领悟1,将占星术士升到30级。,0,34808,33,30,0,0,0,0,0,0,0,0,61,14,0,0,5,255,255,0,1,3,1,0
1185,星图中的领悟2,将占星术士升到40级。,0,34808,33,40,0,0,0,0,0,0,0,0,62,14,0,0,5,255,255,0,1,3,1,0
1186,星图中的领悟3,将占星术士升到50级。,0,34808,33,50,0,0,0,0,0,0,0,0,63,14,0,0,5,255,255,0,1,3,1,0
1187,星图中的领悟4,将占星术士升到60级。,0,34808,33,60,0,0,0,0,0,0,0,0,64,14,0,0,5,255,255,0,1,3,1,0
1188,宣武之勇者,将剑术师、格斗家、斧术师、枪术师、弓箭手、双剑师、暗黑骑士、机工士都升到60级。,0,2547,11,8,0,0,0,0,0,0,0,239,4,12,41,60,20,255,255,0,1,26,1,0
1189,炼魔之智者,将幻术师、咒术师、秘术师、占星术士都升到60级。,0,2661,12,4,0,0,0,0,0,0,0,240,5,12,42,60,20,255,255,0,1,26,1,0
1190,十二重之道的探究者,达成“宣武之勇者”和“炼魔之智者”两个成就。,6109,2517,1188,1189,0,0,0,0,0,0,0,0,6,12,43,60,30,255,78,3,2,2,1,0
1191,太阳海岸的红莲节,完成任务“红莲节与海盗与冒险者”。,0,27001,67663,0,0,0,0,0,0,0,0,0,17,38,0,0,10,255,255,0,1,6,1,0
1192,有你陪伴的二周年,完成任务“向夜空祈祷”。,0,26107,67670,0,0,0,0,0,0,0,0,0,18,38,0,0,10,255,255,0,1,6,1,0
1193,暗黑骑士出征1,使用暗黑骑士挑战高难度蛮神战及大型任务共计50次。,0,3071,369,50,0,0,0,0,0,0,0,241,76,1,54,50,5,255,255,0,1,1,1,0
1194,暗黑骑士出征2,使用暗黑骑士挑战高难度蛮神战及大型任务共计100次。,0,3071,369,100,0,0,0,0,0,0,0,242,77,1,54,50,10,255,255,0,1,1,1,0
1195,毅然暗黑骑士,使用暗黑骑士挑战高难度蛮神战及大型任务共计200次。,12074,3071,369,200,0,0,0,0,0,0,0,0,78,1,54,50,20,255,79,1,1,1,1,0
1196,解密尘封之谜1,占领尘封秘岩的亚拉戈石文。,0,2656,423,1,0,0,0,0,0,0,0,0,42,10,0,0,5,255,255,0,1,1,1,0
1197,解密尘封之谜2,占领30次尘封秘岩的亚拉戈石文。,0,2656,423,30,0,0,0,0,0,0,0,0,43,10,0,0,5,255,255,0,1,1,1,0
1198,解密尘封之谜3,占领100次尘封秘岩的亚拉戈石文。,0,2656,423,100,0,0,0,0,0,0,0,0,44,10,0,0,5,255,255,0,1,1,1,0
1199,解密尘封之谜4,占领300次尘封秘岩的亚拉戈石文。,0,2656,423,300,0,0,0,0,0,0,0,243,45,10,43,30,5,255,255,0,1,1,1,0
1200,解密尘封之谜5,占领500次尘封秘岩的亚拉戈石文。,0,2656,423,500,0,0,0,0,0,0,0,0,46,10,0,0,10,255,255,0,1,1,1,0
1201,霸者凯旋,加入纷争前线的黑涡团、双蛇党、恒辉队任一军队并取得300次胜利。,0,2601,300,0,0,0,0,0,0,0,0,0,41,10,0,0,10,255,255,0,1,19,1,0
1202,踏遍库尔札斯西部高地,成功探索库尔札斯西部高地的所有地区。,0,1001,211,0,0,0,0,0,0,0,0,0,0,43,0,0,10,255,255,0,1,8,1,0
1203,踏遍龙堡参天高地,成功探索龙堡参天高地的所有地区。,0,1001,212,0,0,0,0,0,0,0,0,0,1,46,0,0,10,255,255,0,1,8,1,0
1204,踏遍龙堡内陆低地,成功探索龙堡内陆低地的所有地区。,0,1001,213,0,0,0,0,0,0,0,0,0,2,46,0,0,10,255,255,0,1,8,1,0
1205,踏遍翻云雾海,成功探索翻云雾海的所有地区。,0,1001,214,0,0,0,0,0,0,0,0,0,3,46,0,0,10,255,255,0,1,8,1,0
1206,踏遍阿巴拉提亚云海,成功探索阿巴拉提亚云海的所有地区。,0,1001,215,0,0,0,0,0,0,0,0,0,0,45,0,0,10,255,255,0,1,8,1,0
1207,踏遍魔大陆阿济兹拉,成功探索魔大陆阿济兹拉的所有地区。,0,1001,216,0,0,0,0,0,0,0,0,0,0,45,0,0,10,255,255,0,1,8,1,0
1208,踏遍暮卫塔,成功探索暮卫塔（冰雪废堡）的所有地区。,0,1001,243,0,0,0,0,0,0,0,0,0,40,49,0,0,10,255,255,0,1,8,1,0
1209,踏遍索姆阿尔灵峰,成功探索索姆阿尔灵峰（天山绝顶）的所有地区。,0,1001,227,0,0,0,0,0,0,0,0,0,41,49,0,0,10,255,255,0,1,8,1,0
1210,踏遍龙巢神殿,成功探索龙巢神殿（邪龙王座）的所有地区。,0,1001,252,0,0,0,0,0,0,0,0,0,42,49,0,0,10,255,255,0,1,8,1,0
1211,踏遍伊修加德教皇厅,成功探索伊修加德教皇厅（圣教中枢）的所有地区。,0,1001,248,0,0,0,0,0,0,0,0,0,43,49,0,0,10,255,255,0,1,8,1,0
1212,踏遍迦巴勒幻想图书馆,成功探索迦巴勒幻想图书馆（学识宝库）的所有地区。,0,1001,241,0,0,0,0,0,0,0,0,0,44,49,0,0,10,255,255,0,1,8,1,0
1213,踏遍魔科学研究所,成功探索魔科学研究所（血战苍穹）的所有地区。,0,1001,231,0,0,0,0,0,0,0,0,0,45,49,0,0,10,255,255,0,1,8,1,0
1214,踏遍不获岛,成功探索不获岛（空中神域）的所有地区。,0,1001,230,0,0,0,0,0,0,0,0,0,46,49,0,0,10,255,255,0,1,8,1,0
1215,踏遍无限回廊,成功探索无限回廊（博物战舰）的所有地区。,0,1001,244,0,0,0,0,0,0,0,0,0,47,49,0,0,10,255,255,0,1,8,1,0
1216,勇闯启动机神城1,挑战亚历山大机神城启动之章，并成功探索第一阶段所有地区。,0,1001,237,0,0,0,0,0,0,0,0,0,1040,49,0,0,10,255,255,0,1,8,36,0
1217,勇闯启动机神城2,挑战亚历山大机神城启动之章，并成功探索第二阶段所有地区。,0,1001,238,0,0,0,0,0,0,0,0,0,1041,49,0,0,10,255,255,0,1,8,36,0
1218,勇闯启动机神城3,挑战亚历山大机神城启动之章，并成功探索第三阶段所有地区。,0,1001,239,0,0,0,0,0,0,0,0,0,1042,49,0,0,10,255,255,0,1,8,36,0
1219,,,0,0,0,0,0,0,0,0,0,0,0,0,0,0,0,0,0,0,0,0,0,0,0,0
1220,凌云的弑神者,在俾斯麦歼殛战中战胜俾斯麦。,0,317,20034,0,0,0,0,0,0,0,0,0,12,3,0,0,10,255,255,0,1,14,1,0
1221,偃武的弑神者,在罗波那歼殛战中战胜罗波那。,0,317,20032,0,0,0,0,0,0,0,0,0,13,3,0,0,10,255,255,0,1,14,1,0
1222,迷宫的信者4,成功突破30种迷宫或讨伐歼灭战。,0,801,216,30,0,0,0,0,0,0,0,0,4,2,0,0,20,255,255,0,1,1,1,0
1223,迷宫的信者5,成功突破40种迷宫或讨伐歼灭战。,0,801,216,40,0,0,0,0,0,0,0,0,5,2,0,0,20,255,255,0,1,1,1,0
1224,迷宫的信者6,成功突破50种迷宫或讨伐歼灭战。,0,801,216,50,0,0,0,0,0,0,0,0,6,2,0,0,20,255,255,0,1,1,1,0
1225,冒险异闻录1,累计突破2000次迷宫或讨伐歼灭战。,0,151,215,2000,0,0,0,0,0,0,0,0,12,2,0,0,20,255,255,0,1,1,1,0
1226,冒险异闻录2,累计突破5000次迷宫或讨伐歼灭战。,0,151,215,5000,0,0,0,0,0,0,0,0,13,2,0,0,20,255,255,0,1,1,1,0
1227,冒险异闻录3,累计突破10000次迷宫或讨伐歼灭战。,0,151,215,10000,0,0,0,0,0,0,0,0,14,2,0,0,20,255,255,0,1,1,1,0
1228,称霸启动机神城1,成功挑战亚历山大机神城启动之章。,0,467,370,1,0,0,0,0,0,0,0,0,0,4,0,0,5,255,255,0,1,1,36,0
1229,称霸启动机神城2,累计成功挑战亚历山大机神城启动之章5次。,0,467,370,5,0,0,0,0,0,0,0,0,0,4,0,0,10,255,255,0,1,1,36,0
1230,称霸启动机神城3,累计成功挑战亚历山大机神城启动之章10次。,0,467,370,10,0,0,0,0,0,0,0,0,0,4,0,0,20,255,255,0,1,1,36,0
1231,完全称霸启动机神城1,成功挑战亚历山大零式机神城启动之章。,0,467,371,1,0,0,0,0,0,0,0,0,0,4,0,0,5,255,255,0,1,1,36,0
1232,完全称霸启动机神城2,累计成功挑战亚历山大零式机神城启动之章5次。,0,467,371,5,0,0,0,0,0,0,0,0,0,4,0,0,10,255,255,0,1,1,36,0
1233,完全称霸启动机神城3,累计成功挑战亚历山大零式机神城启动之章10次。,0,467,371,10,0,0,0,0,0,0,0,0,0,4,0,0,20,255,255,0,1,1,36,0
1234,,,0,0,0,0,0,0,0,0,0,0,0,0,0,0,0,0,0,0,0,0,0,0,0,0
1235,,,0,0,0,0,0,0,0,0,0,0,0,0,0,0,0,0,0,0,0,0,0,0,0,0
1236,,,0,0,0,0,0,0,0,0,0,0,0,0,0,0,0,0,0,0,0,0,0,0,0,0
1237,,,0,0,0,0,0,0,0,0,0,0,0,0,0,0,0,0,0,0,0,0,0,0,0,0
1238,,,0,0,0,0,0,0,0,0,0,0,0,0,0,0,0,0,0,0,0,0,0,0,0,0
1239,,,0,0,0,0,0,0,0,0,0,0,0,0,0,0,0,0,0,0,0,0,0,0,0,0
1240,,,0,0,0,0,0,0,0,0,0,0,0,0,0,0,0,0,0,0,0,0,0,0,0,0
1241,,,0,0,0,0,0,0,0,0,0,0,0,0,0,0,0,0,0,0,0,0,0,0,0,0
1242,,,0,0,0,0,0,0,0,0,0,0,0,0,0,0,0,0,0,0,0,0,0,0,0,0
1243,,,0,0,0,0,0,0,0,0,0,0,0,0,0,0,0,0,0,0,0,0,0,0,0,0
1244,,,0,0,0,0,0,0,0,0,0,0,0,0,0,0,0,0,0,0,0,0,0,0,0,0
1245,,,0,0,0,0,0,0,0,0,0,0,0,0,0,0,0,0,0,0,0,0,0,0,0,0
1246,,,0,0,0,0,0,0,0,0,0,0,0,0,0,0,0,0,0,0,0,0,0,0,0,0
1247,,,0,0,0,0,0,0,0,0,0,0,0,0,0,0,0,0,0,0,0,0,0,0,0,0
1248,,,0,0,0,0,0,0,0,0,0,0,0,0,0,0,0,0,0,0,0,0,0,0,0,0
1249,,,0,0,0,0,0,0,0,0,0,0,0,0,0,0,0,0,0,0,0,0,0,0,0,0
1250,,,0,0,0,0,0,0,0,0,0,0,0,0,0,0,0,0,0,0,0,0,0,0,0,0
1251,,,0,0,0,0,0,0,0,0,0,0,0,0,0,0,0,0,0,0,0,0,0,0,0,0
1252,,,0,0,0,0,0,0,0,0,0,0,0,0,0,0,0,0,0,0,0,0,0,0,0,0
1253,,,0,0,0,0,0,0,0,0,0,0,0,0,0,0,0,0,0,0,0,0,0,0,0,0
1254,,,0,0,0,0,0,0,0,0,0,0,0,0,0,0,0,0,0,0,0,0,0,0,0,0
1255,,,0,0,0,0,0,0,0,0,0,0,0,0,0,0,0,0,0,0,0,0,0,0,0,0
1256,,,0,0,0,0,0,0,0,0,0,0,0,0,0,0,0,0,0,0,0,0,0,0,0,0
1257,,,0,0,0,0,0,0,0,0,0,0,0,0,0,0,0,0,0,0,0,0,0,0,0,0
1258,,,0,0,0,0,0,0,0,0,0,0,0,0,0,0,0,0,0,0,0,0,0,0,0,0
1259,龙堡狩猎新星,成功讨伐在龙堡出现的6种B级恶名精英。,0,2684,6,389,390,391,392,393,394,0,0,0,16,5,0,0,5,255,255,0,1,5,1,0
1260,冰云狩猎新星,成功讨伐在库尔札斯西部高地和阿巴拉提亚出现的6种B级恶名精英。,0,2684,6,395,396,397,398,399,400,0,0,0,17,5,0,0,5,255,255,0,1,5,1,0
1261,龙堡狩猎行家,成功讨伐在龙堡出现的6种A级恶名精英。,0,2680,6,401,402,403,404,405,406,0,0,0,18,5,0,0,5,255,255,0,1,5,1,0
1262,冰云狩猎行家,成功讨伐在库尔札斯西部高地和阿巴拉提亚出现的6种A级恶名精英。,0,2680,6,407,408,409,410,411,412,0,0,0,19,5,0,0,5,255,255,0,1,5,1,0
1263,龙堡狩猎大师,成功讨伐在龙堡出现的3种S级恶名精英。,0,2732,3,413,414,415,0,0,0,0,0,0,20,5,0,0,5,255,255,0,1,5,1,0
1264,冰云狩猎大师,成功讨伐在库尔札斯西部高地和阿巴拉提亚出现的3种S级恶名精英。,0,2732,3,416,417,418,0,0,0,0,0,0,21,5,0,0,5,255,255,0,1,5,1,0
1265,木工中的领悟6,将刻木匠升到60级。,0,35001,8,60,0,0,0,0,0,0,0,0,6,15,0,0,5,255,255,0,1,3,1,0
1266,锻冶中的领悟6,将锻铁匠升到60级。,0,35106,9,60,0,0,0,0,0,0,0,0,26,15,0,0,5,255,255,0,1,3,1,0
1267,甲胄中的领悟6,将铸甲匠升到60级。,0,35203,10,60,0,0,0,0,0,0,0,0,46,15,0,0,5,255,255,0,1,3,1,0
1268,雕金中的领悟6,将雕金匠升到60级。,0,35301,11,60,0,0,0,0,0,0,0,0,66,15,0,0,5,255,255,0,1,3,1,0
1269,皮革中的领悟6,将制革匠升到60级。,0,35404,12,60,0,0,0,0,0,0,0,0,86,15,0,0,5,255,255,0,1,3,1,0
1270,裁缝中的领悟6,将裁衣匠升到60级。,0,35501,13,60,0,0,0,0,0,0,0,0,106,15,0,0,5,255,255,0,1,3,1,0
1271,炼金中的领悟6,将炼金术士升到60级。,0,35604,14,60,0,0,0,0,0,0,0,0,126,15,0,0,5,255,255,0,1,3,1,0
1272,烹调中的领悟6,将烹调师升到60级。,0,35704,15,60,0,0,0,0,0,0,0,0,146,15,0,0,5,255,255,0,1,3,1,0
1273,矿石中的领悟6,将采矿工升到60级。,0,38003,16,60,0,0,0,0,0,0,0,0,6,16,0,0,5,255,255,0,1,3,1,0
1274,草木中的领悟6,将园艺工升到60级。,0,38103,17,60,0,0,0,0,0,0,0,0,26,16,0,0,5,255,255,0,1,3,1,0
1275,垂钓中的领悟6,将捕鱼人升到60级。,0,38203,18,60,0,0,0,0,0,0,0,0,46,16,0,0,5,255,255,0,1,3,1,0
1276,博闻之巧者,将刻木匠、锻铁匠、铸甲匠、雕金匠、制革匠、裁衣匠、炼金术士、烹调师都升到60级。,0,61269,13,8,0,0,0,0,0,0,0,248,23,12,44,60,20,255,255,0,1,26,1,0
1277,强识之贤者,将采矿工、园艺工、捕鱼人的职业都升到60级。,0,1981,14,3,0,0,0,0,0,0,0,249,24,12,45,60,20,255,255,0,1,26,1,0
1278,专研木工笔记4,累计完成并标记200种制作笔记中的木工配方。,0,1524,192,200,0,0,0,0,0,0,0,0,24,24,0,0,10,255,255,0,1,1,1,0
1279,专研锻冶笔记4,累计完成并标记270种制作笔记中的锻冶配方。,0,1574,193,270,0,0,0,0,0,0,0,0,24,25,0,0,10,255,255,0,1,1,1,0
1280,专研甲胄笔记4,累计完成并标记210种制作笔记中的铸甲配方。,0,1625,194,210,0,0,0,0,0,0,0,0,24,26,0,0,10,255,255,0,1,1,1,0
1281,专研雕金笔记4,累计完成并标记380种制作笔记中的雕金配方。,0,1676,195,380,0,0,0,0,0,0,0,0,24,27,0,0,10,255,255,0,1,1,1,0
1282,专研皮革笔记4,累计完成并标记260种制作笔记中的皮革配方。,0,1724,196,260,0,0,0,0,0,0,0,0,24,28,0,0,10,255,255,0,1,1,1,0
1283,专研裁缝笔记4,累计完成并标记320种制作笔记中的裁缝配方。,0,1774,197,320,0,0,0,0,0,0,0,0,24,29,0,0,10,255,255,0,1,1,1,0
1284,专研炼金笔记4,累计完成并标记170种制作笔记中的炼金配方。,0,1825,198,170,0,0,0,0,0,0,0,0,24,30,0,0,10,255,255,0,1,1,1,0
1285,专研烹调笔记4,累计完成并标记160种制作笔记中的烹调配方。,0,1875,199,160,0,0,0,0,0,0,0,0,24,31,0,0,10,255,255,0,1,1,1,0
1286,专研采掘笔记4,累计采掘成功并标记100种采集笔记中记载的采矿工专属素材。,0,1015,200,100,0,0,0,0,0,0,0,0,44,32,0,0,10,255,255,0,1,1,1,0
1287,专研采伐笔记4,累计采伐成功并标记150种采集笔记中记载的园艺工专属素材。,0,1065,201,150,0,0,0,0,0,0,0,0,44,33,0,0,10,255,255,0,1,1,1,0
1288,专研钓鱼笔记4,累计钓上并标记400种钓鱼笔记中记载的物种。,0,1104,202,400,0,0,0,0,0,0,0,0,44,34,0,0,10,255,255,0,1,1,1,0
1289,收藏品制作者1,累计制作收藏品100次。,0,62973,372,100,0,0,0,0,0,0,0,0,1,22,0,0,5,255,255,0,1,1,1,0
1290,收藏品制作者2,累计制作收藏品300次。,0,62973,372,300,0,0,0,0,0,0,0,0,2,22,0,0,5,255,255,0,1,1,1,0
1291,收藏品制作者3,累计制作收藏品1000次。,0,62973,372,1000,0,0,0,0,0,0,0,250,3,22,44,50,10,255,255,0,1,1,1,0
1292,收藏品采集者1,累计采集收藏品300次。,0,60031,373,300,0,0,0,0,0,0,0,0,11,22,0,0,5,255,255,0,1,1,1,0
1293,收藏品采集者2,累计采集收藏品1000次。,0,60031,373,1000,0,0,0,0,0,0,0,0,12,22,0,0,5,255,255,0,1,1,1,0
1294,收藏品采集者3,累计采集收藏品3000次。,0,60031,373,3000,0,0,0,0,0,0,0,251,13,22,45,50,10,255,255,0,1,1,1,0
1295,声势显赫1,在收藏品交易员处累计交纳收藏品300次。,0,26109,374,300,0,0,0,0,0,0,0,0,21,22,0,0,5,255,255,0,1,1,1,0
1296,声势显赫2,在收藏品交易员处累计交纳收藏品1000次。,0,26109,374,1000,0,0,0,0,0,0,0,0,22,22,0,0,5,255,255,0,1,1,1,0
1297,声势显赫3,在收藏品交易员处累计交纳收藏品3000次。,0,26109,374,3000,0,0,0,0,0,0,0,252,23,22,46,50,10,255,255,0,1,1,1,0
1298,寻宝猎人5,累计20次成功解读陈旧的古鸟革地图并开启宝箱。,0,115,375,20,0,0,0,0,0,0,0,0,6,6,0,0,20,255,255,0,1,1,1,0
1299,寻宝猎人6,累计20次成功解读陈旧的飞龙革地图并开启宝箱。,0,115,376,20,0,0,0,0,0,0,0,0,7,6,0,0,20,255,255,0,1,1,1,0
1300,寻宝猎人7,累计20次成功解读陈旧的巨龙革地图并开启宝箱。,0,115,377,20,0,0,0,0,0,0,0,0,8,6,0,0,20,255,255,0,1,1,1,0
1301,木工继任者,完成1000次51-60级的木工作业。,0,35001,378,1000,0,0,0,0,0,0,0,0,7,24,0,0,10,255,255,0,1,1,1,0
1302,锻冶继任者,完成1000次51-60级的锻冶作业。,0,35106,379,1000,0,0,0,0,0,0,0,0,7,25,0,0,10,255,255,0,1,1,1,0
1303,铸甲继任者,完成1000次51-60级的铸甲作业。,0,35203,380,1000,0,0,0,0,0,0,0,0,7,26,0,0,10,255,255,0,1,1,1,0
1304,雕金继任者,完成1000次51-60级的雕金作业。,0,35301,381,1000,0,0,0,0,0,0,0,0,7,27,0,0,10,255,255,0,1,1,1,0
1305,制革继任者,完成1000次51-60级的制革作业。,0,35404,382,1000,0,0,0,0,0,0,0,0,7,28,0,0,10,255,255,0,1,1,1,0
1306,裁缝继任者,完成1000次51-60级的裁缝作业。,0,35501,383,1000,0,0,0,0,0,0,0,0,7,29,0,0,10,255,255,0,1,1,1,0
1307,炼金继任者,完成1000次51-60级的炼金作业。,0,35604,384,1000,0,0,0,0,0,0,0,0,7,30,0,0,10,255,255,0,1,1,1,0
1308,烹调继任者,完成1000次51-60级的烹调作业。,0,35704,385,1000,0,0,0,0,0,0,0,0,7,31,0,0,10,255,255,0,1,1,1,0
1309,苍穹之采掘能手,在51-60级的矿脉采掘或碎石5000次。,0,1015,386,5000,0,0,0,0,0,0,0,0,20,32,0,0,10,255,255,0,1,1,1,0
1310,苍穹之采伐能手,在51-60级的良材采伐或割草5000次。,0,1056,387,5000,0,0,0,0,0,0,0,0,20,33,0,0,10,255,255,0,1,1,1,0
1311,苍穹之钓鱼能手,在51-60级的钓场钓鱼3000次。,0,1101,388,3000,0,0,0,0,0,0,0,0,20,34,0,0,10,255,255,0,1,1,1,0
1312,突破天际的探索者,完成探索笔记中苍穹之章的项目1-42。,0,1019,432,42,0,0,0,0,0,0,0,0,63,39,0,0,10,255,255,0,1,1,1,0
1313,木工专精4,累计做出优质木工制品5000次。,0,35015,203,5000,0,0,0,0,0,0,0,0,43,24,0,0,10,255,255,0,1,1,1,0
1314,锻冶专精4,累计做出优质锻冶制品5000次。,0,35114,204,5000,0,0,0,0,0,0,0,0,43,25,0,0,10,255,255,0,1,1,1,0
1315,甲胄专精4,累计做出优质铸甲制品5000次。,0,35214,205,5000,0,0,0,0,0,0,0,0,43,26,0,0,10,255,255,0,1,1,1,0
1316,雕金专精4,累计做出优质雕金制品5000次。,0,35313,206,5000,0,0,0,0,0,0,0,0,43,27,0,0,10,255,255,0,1,1,1,0
1317,皮革专精4,累计做出优质皮革制品5000次。,0,35414,207,5000,0,0,0,0,0,0,0,0,43,28,0,0,10,255,255,0,1,1,1,0
1318,裁缝专精4,累计做出优质裁缝制品5000次。,0,35514,208,5000,0,0,0,0,0,0,0,0,43,29,0,0,10,255,255,0,1,1,1,0
1319,炼金专精4,累计做出优质炼金制品5000次。,0,35613,209,5000,0,0,0,0,0,0,0,0,43,30,0,0,10,255,255,0,1,1,1,0
1320,烹调专精4,累计做出优质烹调制品5000次。,0,35716,210,5000,0,0,0,0,0,0,0,0,43,31,0,0,10,255,255,0,1,1,1,0
1321,木工专精5,累计做出优质木工制品10000次。,0,35015,203,10000,0,0,0,0,0,0,0,253,44,24,9,1,10,255,255,0,1,1,1,0
1322,锻冶专精5,累计做出优质锻冶制品10000次。,0,35114,204,10000,0,0,0,0,0,0,0,254,44,25,10,1,10,255,255,0,1,1,1,0
1323,甲胄专精5,累计做出优质铸甲制品10000次。,0,35214,205,10000,0,0,0,0,0,0,0,255,44,26,11,1,10,255,255,0,1,1,1,0
1324,雕金专精5,累计做出优质雕金制品10000次。,0,35313,206,10000,0,0,0,0,0,0,0,256,44,27,12,1,10,255,255,0,1,1,1,0
1325,皮革专精5,累计做出优质皮革制品10000次。,0,35414,207,10000,0,0,0,0,0,0,0,257,44,28,13,1,10,255,255,0,1,1,1,0
1326,裁缝专精5,累计做出优质裁缝制品10000次。,0,35514,208,10000,0,0,0,0,0,0,0,258,44,29,14,1,10,255,255,0,1,1,1,0
1327,炼金专精5,累计做出优质炼金制品10000次。,0,35613,209,10000,0,0,0,0,0,0,0,259,44,30,15,1,10,255,255,0,1,1,1,0
1328,烹调专精5,累计做出优质烹调制品10000次。,0,35716,210,10000,0,0,0,0,0,0,0,260,44,31,16,1,10,255,255,0,1,1,1,0
1329,采掘专精4,累计采掘到额外奖励矿石素材20000次。,0,38016,211,20000,0,0,0,0,0,0,0,261,63,32,17,1,10,255,255,0,1,1,1,0
1330,采伐专精4,累计采伐到额外奖励草木素材20000次。,0,38114,212,20000,0,0,0,0,0,0,0,262,64,33,18,1,10,255,255,0,1,1,1,0
1331,钓鱼专精4,累计钓到大尺寸的鱼10000次。,0,38217,213,10000,0,0,0,0,0,0,0,263,63,34,19,1,10,255,255,0,1,1,1,0
1332,,,0,0,0,0,0,0,0,0,0,0,0,0,0,0,0,0,0,0,0,0,0,0,0,0
1333,老哥布林的学徒5,成功镶嵌魔晶石2500次。,0,109,16,2500,0,0,0,0,0,0,0,0,6,23,0,0,10,255,255,0,1,1,1,0
1334,老哥布林的学徒6,成功镶嵌魔晶石5000次。,0,109,16,5000,0,0,0,0,0,0,0,0,7,23,0,0,10,255,255,0,1,1,1,0
1335,思念的结晶5,成功用装备精制魔晶石5000次。,0,869,17,5000,0,0,0,0,0,0,0,0,28,23,0,0,10,255,255,0,1,1,1,0
1336,胜利的荣光7,讨伐200000个敌人。,0,2565,11,200000,0,0,0,0,0,0,0,0,8,1,0,0,30,255,255,0,1,1,1,0
1337,血与汗的价值6,通过理符任务获得累计20000000金币的报酬。,0,463,13,20000000,0,0,0,0,0,0,0,0,0,20,0,0,20,255,255,0,1,1,1,0
1338,喜欢理符的雇佣兵7,累计完成5000次佣兵理符任务。,0,803,18,5000,0,0,0,0,0,0,0,0,8,36,0,0,20,255,255,0,1,1,1,0
1339,喜欢理符的巧手人7,累计完成5000次制作理符任务。,0,1955,19,5000,0,0,0,0,0,0,0,0,28,36,0,0,20,255,255,0,1,1,1,0
1340,喜欢理符的收获者7,累计完成5000次采集理符任务。,0,1955,179,5000,0,0,0,0,0,0,0,0,48,36,0,0,20,255,255,0,1,1,1,0
1341,佣兵传奇4,累计完成150种佣兵理符任务。,0,30408,180,150,0,0,0,0,0,0,0,0,64,36,0,0,10,255,255,0,1,1,1,0
1342,木匠传奇4,累计完成80种木工理符任务。,0,35001,181,80,0,0,0,0,0,0,0,0,84,36,0,0,10,255,255,0,1,1,1,0
1343,铁匠传奇4,累计完成80种锻冶理符任务。,0,35106,182,80,0,0,0,0,0,0,0,0,104,36,0,0,10,255,255,0,1,1,1,0
1344,甲匠传奇4,累计完成80种铸甲理符任务。,0,35203,183,80,0,0,0,0,0,0,0,0,124,36,0,0,10,255,255,0,1,1,1,0
1345,金匠传奇4,累计完成80种雕金理符任务。,0,35301,184,80,0,0,0,0,0,0,0,0,144,36,0,0,10,255,255,0,1,1,1,0
1346,革匠传奇4,累计完成80种制革理符任务。,0,35404,185,80,0,0,0,0,0,0,0,0,164,36,0,0,10,255,255,0,1,1,1,0
1347,衣匠传奇4,累计完成80种裁缝理符任务。,0,35501,186,80,0,0,0,0,0,0,0,0,184,36,0,0,10,255,255,0,1,1,1,0
1348,炼金传奇4,累计完成80种炼金理符任务。,0,35604,187,80,0,0,0,0,0,0,0,0,204,36,0,0,10,255,255,0,1,1,1,0
1349,厨师传奇4,累计完成80种烹调理符任务。,0,35704,188,80,0,0,0,0,0,0,0,0,224,36,0,0,10,255,255,0,1,1,1,0
1350,矿石传奇4,累计完成70种采矿理符任务。,0,38003,189,70,0,0,0,0,0,0,0,0,244,36,0,0,10,255,255,0,1,1,1,0
1351,草木传奇4,累计完成70种园艺理符任务。,0,38103,190,70,0,0,0,0,0,0,0,0,264,36,0,0,10,255,255,0,1,1,1,0
1352,渔民传奇4,累计完成70种钓鱼理符任务。,0,38203,191,70,0,0,0,0,0,0,0,0,284,36,0,0,10,255,255,0,1,1,1,0
1353,命运中的危机5,成功完成5000次危命任务。,0,3126,219,5000,0,0,0,0,0,0,0,0,51,1,0,0,20,255,255,0,1,1,1,0
1354,命运中的危机6,成功完成10000次危命任务。,0,3126,219,10000,0,0,0,0,0,0,0,264,52,1,47,1,20,255,255,0,1,1,1,0
1355,过路圣人3,救助50位处于无法战斗状态的非小队队友玩家。,0,411,251,50,0,0,0,0,0,0,0,0,65,1,0,0,10,255,255,0,1,1,1,0
1356,过路圣人4,救助100位处于无法战斗状态的非小队队友玩家。,0,411,251,100,0,0,0,0,0,0,0,0,66,1,0,0,10,255,255,0,1,1,1,0
1357,过路圣人5,救助200位处于无法战斗状态的非小队队友玩家。,0,411,251,200,0,0,0,0,0,0,0,265,67,1,56,12,10,255,255,0,1,1,1,0
1358,,,0,0,0,0,0,0,0,0,0,0,0,0,0,0,0,0,0,0,0,0,0,0,0,0
1359,天不佑女王,以最高评价完成危命任务“幻影女王——长须豹女王”。,0,2629,425,1,0,0,0,0,0,0,0,0,30,1,0,0,10,255,255,0,1,1,1,0
1360,白龙劲敌,以最高评价完成危命任务“苍天白龙——维德佛尔尼尔”。,0,2629,426,1,0,0,0,0,0,0,0,0,31,1,0,0,10,255,255,0,1,1,1,0
1361,珍兽猎人,以最高评价完成危命任务“吞噬牦牛的巨人——巨脚雪人”。,0,2629,427,1,0,0,0,0,0,0,0,0,32,1,0,0,10,255,255,0,1,1,1,0
1362,粉身碎甲,以最高评价完成危命任务“坚甲铁龙——塔拉斯克”。,0,2629,428,1,0,0,0,0,0,0,0,0,33,1,0,0,10,255,255,0,1,1,1,0
1363,合金装备,以最高评价完成危命任务“全面改造机——3号哥布林装甲J型”。,0,2629,429,1,0,0,0,0,0,0,0,0,34,1,0,0,10,255,255,0,1,1,1,0
1364,暗龙克星,以最高评价完成危命任务“暗鳞黑龙征讨战 决战”。,0,2629,430,1,0,0,0,0,0,0,0,0,35,1,0,0,10,255,255,0,1,1,1,0
1365,浮岛守护者,以最高评价完成危命任务“暴食人形岩——大地饕餮”。,0,2629,431,1,0,0,0,0,0,0,0,0,36,1,0,0,10,255,255,0,1,1,1,0
1366,秘岩战役1,加入黑涡团、双蛇党、恒辉队中的任一军队并在尘封秘岩取得胜利。,12513,2601,433,1,0,0,0,0,0,0,0,0,47,10,43,30,5,255,80,3,1,1,1,0
1367,秘岩战役2,加入黑涡团、双蛇党、恒辉队中的任一军队并在尘封秘岩取得10次胜利。,12517,2601,433,10,0,0,0,0,0,0,0,0,48,10,43,30,5,255,81,3,1,1,1,0
1368,秘岩战役3,加入黑涡团、双蛇党、恒辉队中的任一军队并在尘封秘岩取得30次胜利。,12515,2601,433,30,0,0,0,0,0,0,0,0,49,10,43,30,5,255,82,3,1,1,1,0
1369,秘岩战役4,加入黑涡团、双蛇党、恒辉队中的任一军队并在尘封秘岩取得50次胜利。,12516,2601,433,50,0,0,0,0,0,0,0,0,50,10,43,30,5,255,83,3,1,1,1,0
1370,秘岩战役5,加入黑涡团、双蛇党、恒辉队中的任一军队并在尘封秘岩取得100次胜利。,12514,2601,433,100,0,0,0,0,0,0,0,0,51,10,43,30,5,255,84,3,1,1,1,0
1371,英雄武勋,加入黑涡团、双蛇党、恒辉队中的任一军队并在尘封秘岩取得300次胜利。,0,2601,433,300,0,0,0,0,0,0,0,0,52,10,0,0,10,255,255,0,1,1,1,0
1372,九宫卡手4,获得90种九宫幻卡。,12266,27661,352,90,0,0,0,0,0,0,0,0,43,18,47,15,10,255,85,4,1,1,1,0
1373,街头决斗者3,与41位非玩家角色进行九宫幻卡对局并取得胜利。,12277,3564,353,41,0,0,0,0,0,0,0,0,52,18,47,15,10,255,86,4,1,1,1,0
1374,,,0,0,0,0,0,0,0,0,0,0,0,0,0,0,0,0,0,0,0,0,0,0,0,0
1375,一年之计在于春,完成任务“东节的誓言”。,0,59491,67680,0,0,0,0,0,0,0,0,0,20,38,0,0,10,255,255,0,1,6,1,0
1376,能让我看看这把扫帚吗？,完成任务“奇怪的扫帚与守护天节”。,0,26054,67687,0,0,0,0,0,0,0,0,0,21,38,0,0,10,255,255,0,1,6,1,0
1377,宠物收藏家1,收集50种宠物。,0,59401,0,50,0,0,0,0,0,0,0,266,23,19,47,1,5,255,255,0,1,21,1,0
1378,宠物收藏家2,收集100种宠物。,0,59401,0,100,0,0,0,0,0,0,0,267,24,19,47,1,10,255,255,0,1,21,1,0
1379,跟随我的脚步1,收集30种跟从型宠物。,0,59488,1,30,0,0,0,0,0,0,0,268,25,19,47,1,10,255,255,0,1,21,1,0
1380,萌宠挑战者1,完成萌宠之王的“关卡挑战”中的所有内容。,13282,59469,24,0,0,0,0,0,0,0,0,0,120,18,47,15,10,255,87,2,1,23,1,0
1381,萌宠之王1,在萌宠之王的玩家对战（绩点赛）中初次取得胜利。,0,59402,444,1,0,0,0,0,0,0,0,0,121,18,0,0,5,255,255,0,1,1,1,0
1382,萌宠之王2,在萌宠之王的玩家对战（绩点赛）中累计取得50场胜利。,13280,59402,444,50,0,0,0,0,0,0,0,0,122,18,47,15,5,255,88,2,1,1,1,0
1383,萌宠之王3,在萌宠之王的玩家对战（绩点赛）中累计取得100场胜利。,0,59402,444,100,0,0,0,0,0,0,0,269,123,18,47,15,5,255,255,0,1,1,1,0
1384,萌宠之王4,在萌宠之王的玩家对战（绩点赛）中累计取得300场胜利。,0,59402,444,300,0,0,0,0,0,0,0,270,124,18,47,15,10,255,255,0,1,1,1,0
1385,盘上的军事家1,在萌宠之王大赛的累计4次大赛中取得10次或更多胜利的成绩并获得大赛奖品。,13281,59403,445,4,0,0,0,0,0,0,0,0,125,18,47,15,10,255,89,2,1,1,1,0
1386,突破天际的娴熟探索者,完成探索笔记中苍穹之章的项目43-62。,0,1019,446,20,0,0,0,0,0,0,0,276,64,39,47,60,10,255,255,0,1,1,1,0
1387,光与暗的分界,完成任务“光与暗的分界”。,0,26002,67699,0,0,0,0,0,0,0,0,271,42,76,43,60,10,255,255,0,1,6,26,0
1388,赤喙的合作者,完成任务“魔航船虚无方舟”。,0,26002,67741,0,0,0,0,0,0,0,0,272,241,35,43,60,10,255,255,0,1,6,1,0
1389,五郎八的代理老师,完成任务“星歌异闻”。,0,48094,67742,0,0,0,0,0,0,0,0,0,22,38,0,0,10,255,255,0,1,6,3,0
1390,传说之钟,完成任务“星芒钟声为谁响”。,0,40704,67760,0,0,0,0,0,0,0,0,0,23,38,0,0,10,255,255,0,1,6,1,0
1391,年糕！,完成任务“猴子发糕降神节”。,0,40225,67753,0,0,0,0,0,0,0,0,0,24,38,0,0,10,255,255,0,1,6,1,0
1392,为爱而生,完成任务“恋人节满怀爱意”。,0,41301,67756,0,0,0,0,0,0,0,0,0,25,38,0,0,10,255,255,0,1,6,1,0
1393,黄莺的引路人,完成任务“女儿节的誓言”。,0,48930,67759,0,0,0,0,0,0,0,0,0,26,38,0,0,10,255,255,0,1,6,1,0
1394,元灵武器研究者,完成任务“闪耀的元灵武器”。,0,2633,67750,0,0,0,0,0,0,0,0,273,651,35,43,60,10,255,255,0,1,6,1,0
1395,美艳的衮杜1,与瓦努族的“美艳的衮杜”之间的关系程度到达1级“中立”。,0,62960,6,1,0,0,0,0,0,0,0,0,0,37,0,0,5,255,255,0,1,15,1,0
1396,美艳的衮杜2,与瓦努族的“美艳的衮杜”之间的关系程度到达3级“友好”。,0,62960,6,3,0,0,0,0,0,0,0,0,0,37,0,0,5,255,255,0,1,15,1,0
1397,美艳的衮杜3,与瓦努族的“美艳的衮杜”之间的关系程度到达5级“尊敬”。,0,62960,6,5,0,0,0,0,0,0,0,0,0,37,0,0,10,255,255,0,1,15,1,0
1398,太阳舞者,与瓦努族的“美艳的衮杜”之间的关系程度到达7级“誓约”。,0,62960,6,7,0,0,0,0,0,0,0,274,0,37,43,50,20,255,255,0,1,15,1,0
1399,称霸魔航船虚无方舟,成功挑战魔航船虚无方舟。,0,2667,30029,0,0,0,0,0,0,0,0,0,0,4,0,0,10,255,255,0,1,14,40,0
1400,英杰的弑神者,在圆桌骑士幻想歼灭战中战胜骑神托尔丹。,0,317,20036,0,0,0,0,0,0,0,0,275,14,3,43,60,10,255,255,0,1,14,1,0
1401,踏遍魔航船虚无方舟,成功探索魔航船虚无方舟的所有地区。,0,1001,269,0,0,0,0,0,0,0,0,0,1030,49,0,0,10,255,255,0,1,8,40,0
1402,踏遍圣茉夏娜植物园,成功探索圣茉夏娜植物园（草木庭园）的所有地区。,0,1001,268,0,0,0,0,0,0,0,0,0,48,49,0,0,10,255,255,0,1,8,1,0
1403,再次踏遍天狼星灯塔,成功探索天狼星灯塔（地脉灵灯）的所有地区。,0,1001,262,0,0,0,0,0,0,0,0,0,49,49,0,0,10,255,255,0,1,8,1,0
1404,踏遍云冠群岛,成功探索云冠群岛的所有地区。,0,1001,276,0,0,0,0,0,0,0,0,0,2001,49,0,0,10,255,255,0,1,8,1,0
1405,圣恩达利姆神学院记：第1章,完成任务“欢笑的使者”。,0,26002,67691,0,0,0,0,0,0,0,0,277,647,35,43,60,10,255,255,0,1,6,1,0
1406,全能之骑士,获得全能剑阿尔玛斯和安喀勒盾。,0,30537,67750,19,0,0,0,0,0,0,0,0,100,64,0,0,20,255,255,0,1,24,1,0
1407,军神之武僧,获得军神护拳。,0,31103,67750,20,0,0,0,0,0,0,0,0,200,64,0,0,20,255,255,0,1,24,1,0
1408,天雷之战士,获得天雷神斧。,0,31508,67750,21,0,0,0,0,0,0,0,0,300,64,0,0,20,255,255,0,1,24,1,0
1409,先锋之龙骑士,获得先锋枪隆格米安特。,0,31908,67750,22,0,0,0,0,0,0,0,0,400,64,0,0,20,255,255,0,1,24,1,0
1410,甘狄之吟游诗人,获得甘狄拔神弓。,0,32304,67750,23,0,0,0,0,0,0,0,0,500,64,0,0,20,255,255,0,1,24,1,0
1411,天威之白魔法师,获得天威杖。,0,32684,67750,24,0,0,0,0,0,0,0,0,700,64,0,0,20,255,255,0,1,24,1,0
1412,无尽之黑魔法师,获得无尽魔源杖。,0,33052,67750,25,0,0,0,0,0,0,0,0,800,64,0,0,20,255,255,0,1,24,1,0
1413,巨龙之召唤师,获得巨龙之书。,0,33538,67750,27,0,0,0,0,0,0,0,0,900,64,0,0,20,255,255,0,1,24,1,0
1414,星象之学者,获得星象四书。,0,33539,67750,28,0,0,0,0,0,0,0,0,1000,64,0,0,20,255,255,0,1,24,1,0
1415,神无之忍者,获得神无。,0,33891,67750,30,0,0,0,0,0,0,0,0,600,64,0,0,20,255,255,0,1,24,1,0
1416,末日之机工士,获得末日。,0,34664,67750,31,0,0,0,0,0,0,0,0,1200,64,0,0,20,255,255,0,1,24,1,0
1417,诺统之暗黑骑士,获得诺统。,0,34264,67750,32,0,0,0,0,0,0,0,0,1100,64,0,0,20,255,255,0,1,24,1,0
1418,天津之占星术士,获得天津四天仪。,0,34864,67750,33,0,0,0,0,0,0,0,0,1300,64,0,0,20,255,255,0,1,24,1,0
1419,初级云海探索1,在云冠群岛探索中首次达到200点活动评价。,0,2535,460,1,0,0,0,0,0,0,0,0,2002,49,0,0,5,255,255,0,1,1,1,1
1420,初级云海探索2,在云冠群岛探索中累计10次达到200点活动评价。,0,2535,460,10,0,0,0,0,0,0,0,0,2003,49,0,0,10,255,255,0,1,1,1,1
1421,初级云海探索3,在云冠群岛探索中累计100次达到200点活动评价。,0,2535,460,100,0,0,0,0,0,0,0,0,2004,49,0,0,20,255,255,0,1,1,1,1
1422,中级云海探索1,在云冠群岛探索中首次达到400点活动评价。,0,2535,461,1,0,0,0,0,0,0,0,0,2005,49,0,0,5,255,255,0,1,1,1,1
1423,中级云海探索2,在云冠群岛探索中累计10次达到400点活动评价。,0,2535,461,10,0,0,0,0,0,0,0,0,2006,49,0,0,10,255,255,0,1,1,1,1
1424,中级云海探索3,在云冠群岛探索中累计100次达到400点活动评价。,0,2535,461,100,0,0,0,0,0,0,0,0,2007,49,0,0,20,255,255,0,1,1,1,1
1425,高级云海探索1,在云冠群岛探索中首次达到600点活动评价。,0,2535,462,1,0,0,0,0,0,0,0,0,2008,49,0,0,5,255,255,0,1,1,1,1
1426,高级云海探索2,在云冠群岛探索中累计10次达到600点活动评价。,0,2535,462,10,0,0,0,0,0,0,0,0,2009,49,0,0,10,255,255,0,1,1,1,1
1427,高级云海探索3,在云冠群岛探索中累计100次达到600点活动评价。,0,2535,462,100,0,0,0,0,0,0,0,0,2010,49,0,0,20,255,255,0,1,1,1,1
1428,云冠群岛猎人1,在云冠群岛探索中，自身所在小队初次成功讨伐恶名精英。,0,2560,463,1,0,0,0,0,0,0,0,0,2011,49,0,0,5,255,255,0,1,1,1,1
1429,云冠群岛猎人2,在云冠群岛探索中，自身所在小队累计讨伐恶名精英5只。,0,2560,463,5,0,0,0,0,0,0,0,0,2012,49,0,0,5,255,255,0,1,1,1,1
1430,云冠群岛猎人3,在云冠群岛探索中，自身所在小队累计讨伐恶名精英10只。,0,2560,463,10,0,0,0,0,0,0,0,0,2013,49,0,0,5,255,255,0,1,1,1,1
1431,云冠群岛猎人4,在云冠群岛探索中，自身所在小队累计讨伐恶名精英50只。,0,2560,463,50,0,0,0,0,0,0,0,0,2014,49,0,0,10,255,255,0,1,1,1,1
1432,云冠群岛猎人5,在云冠群岛探索中，自身所在小队累计讨伐恶名精英100只。,0,2560,463,100,0,0,0,0,0,0,0,278,2015,49,0,0,20,255,255,0,1,1,1,1
1433,旋律的沉醉者1,在管弦乐琴乐谱集中加入累计10首乐曲。,14232,25945,464,10,0,0,0,0,0,0,0,0,26,19,47,1,5,255,90,4,1,1,1,0
1434,旋律的沉醉者2,在管弦乐琴乐谱集中加入累计30首乐曲。,14249,25945,464,30,0,0,0,0,0,0,0,0,27,19,47,1,5,255,91,4,1,1,1,0
1435,群狼盛宴1,初次在群狼盛宴或水晶冲突中参战。,0,156,465,1,0,0,0,0,0,0,0,0,301,9,0,0,5,255,255,0,1,1,1,0
1436,群狼盛宴2,在群狼盛宴或水晶冲突中累计参战50次。,0,156,465,50,0,0,0,0,0,0,0,0,302,9,0,0,5,255,255,0,1,1,1,0
1437,群狼盛宴3,在群狼盛宴或水晶冲突中累计参战100次。,0,156,465,100,0,0,0,0,0,0,0,0,303,9,0,0,5,255,255,0,1,1,1,0
1438,群狼盛宴4,在群狼盛宴或水晶冲突中累计参战200次。,0,156,465,200,0,0,0,0,0,0,0,0,304,9,0,0,5,255,255,0,1,1,1,0
1439,群狼盛宴5,在群狼盛宴或水晶冲突中累计参战500次。,0,156,465,500,0,0,0,0,0,0,0,0,305,9,0,0,10,255,255,0,1,1,1,0
1440,盛宴的主宾,在群狼盛宴或水晶冲突中累计参战1000次。,0,156,465,1000,0,0,0,0,0,0,0,279,306,9,43,30,20,255,255,0,1,1,1,0
1441,磨砺利爪1,在群狼盛宴或水晶冲突中取得初次胜利。,0,2555,466,1,0,0,0,0,0,0,0,0,401,9,0,0,5,255,255,0,1,1,1,0
1442,磨砺利爪2,在群狼盛宴或水晶冲突中累计胜利50次。,0,2555,466,50,0,0,0,0,0,0,0,0,402,9,0,0,5,255,255,0,1,1,1,0
1443,磨砺利爪3,在群狼盛宴或水晶冲突中累计胜利100次。,0,2555,466,100,0,0,0,0,0,0,0,0,403,9,0,0,5,255,255,0,1,1,1,0
1444,磨砺利爪4,在群狼盛宴或水晶冲突中累计胜利200次。,14089,2555,466,200,0,0,0,0,0,0,0,0,404,9,43,30,5,255,92,1,1,1,1,0
1445,磨砺利爪5,在群狼盛宴或水晶冲突中累计胜利500次。,0,2555,466,500,0,0,0,0,0,0,0,0,405,9,0,0,10,255,255,0,1,1,1,0
1446,狰狞利爪,在群狼盛宴或水晶冲突中累计胜利1000次。,0,2555,466,1000,0,0,0,0,0,0,0,280,406,9,43,30,20,255,255,0,1,1,1,0
1447,呼唤胜利的守护者1,在群狼盛宴或水晶冲突中以防护职业参战并累计胜利10次。,0,2553,467,10,0,0,0,0,0,0,0,0,501,9,0,0,5,255,255,0,1,1,1,0
1448,呼唤胜利的守护者2,在群狼盛宴或水晶冲突中以防护职业参战并累计胜利50次。,0,2553,467,50,0,0,0,0,0,0,0,0,502,9,0,0,5,255,255,0,1,1,1,0
1449,呼唤胜利的守护者3,在群狼盛宴或水晶冲突中以防护职业参战并累计胜利100次。,0,2553,467,100,0,0,0,0,0,0,0,0,503,9,0,0,5,255,255,0,1,1,1,0
1450,呼唤胜利的守护者4,在群狼盛宴或水晶冲突中以防护职业参战并累计胜利500次。,0,2553,467,500,0,0,0,0,0,0,0,0,504,9,0,0,5,255,255,0,1,1,1,0
1451,绝对的守护者,在群狼盛宴或水晶冲突中以防护职业参战并累计胜利1000次。,0,2553,467,1000,0,0,0,0,0,0,0,281,505,9,43,30,10,255,255,0,1,1,1,0
1452,呼唤胜利的斗士1,在群狼盛宴或水晶冲突中以近战职业参战并累计胜利10次。,0,213,468,10,0,0,0,0,0,0,0,0,601,9,0,0,5,255,255,0,1,1,1,0
1453,呼唤胜利的斗士2,在群狼盛宴或水晶冲突中以近战职业参战并累计胜利50次。,0,213,468,50,0,0,0,0,0,0,0,0,602,9,0,0,5,255,255,0,1,1,1,0
1454,呼唤胜利的斗士3,在群狼盛宴或水晶冲突中以近战职业参战并累计胜利100次。,0,213,468,100,0,0,0,0,0,0,0,0,603,9,0,0,5,255,255,0,1,1,1,0
1455,呼唤胜利的斗士4,在群狼盛宴或水晶冲突中以近战职业参战并累计胜利500次。,0,213,468,500,0,0,0,0,0,0,0,0,604,9,0,0,5,255,255,0,1,1,1,0
1456,勇猛的斗士,在群狼盛宴或水晶冲突中以近战职业参战并累计胜利1000次。,0,213,468,1000,0,0,0,0,0,0,0,282,605,9,43,30,10,255,255,0,1,1,1,0
1457,呼唤胜利的狙击手1,在群狼盛宴或水晶冲突中以远程物理职业参战并累计胜利10次。,0,2603,469,10,0,0,0,0,0,0,0,0,701,9,0,0,5,255,255,0,1,1,1,0
1458,呼唤胜利的狙击手2,在群狼盛宴或水晶冲突中以远程物理职业参战并累计胜利50次。,0,2603,469,50,0,0,0,0,0,0,0,0,702,9,0,0,5,255,255,0,1,1,1,0
1459,呼唤胜利的狙击手3,在群狼盛宴或水晶冲突中以远程物理职业参战并累计胜利100次。,0,2603,469,100,0,0,0,0,0,0,0,0,703,9,0,0,5,255,255,0,1,1,1,0
1460,呼唤胜利的狙击手4,在群狼盛宴或水晶冲突中以远程物理职业参战并累计胜利500次。,0,2603,469,500,0,0,0,0,0,0,0,0,704,9,0,0,5,255,255,0,1,1,1,0
1461,敏锐的狙击手,在群狼盛宴或水晶冲突中以远程物理职业参战并累计胜利1000次。,0,2603,469,1000,0,0,0,0,0,0,0,283,705,9,43,30,10,255,255,0,1,1,1,0
1462,呼唤胜利的破坏者1,在群狼盛宴或水晶冲突中以远程魔法职业参战并累计胜利10次。,0,866,470,10,0,0,0,0,0,0,0,0,801,9,0,0,5,255,255,0,1,1,1,0
1463,呼唤胜利的破坏者2,在群狼盛宴或水晶冲突中以远程魔法职业参战并累计胜利50次。,0,866,470,50,0,0,0,0,0,0,0,0,802,9,0,0,5,255,255,0,1,1,1,0
1464,呼唤胜利的破坏者3,在群狼盛宴或水晶冲突中以远程魔法职业参战并累计胜利100次。,0,866,470,100,0,0,0,0,0,0,0,0,803,9,0,0,5,255,255,0,1,1,1,0
1465,呼唤胜利的破坏者4,在群狼盛宴或水晶冲突中以远程魔法职业参战并累计胜利500次。,0,866,470,500,0,0,0,0,0,0,0,0,804,9,0,0,5,255,255,0,1,1,1,0
1466,冷酷的破坏者,在群狼盛宴或水晶冲突中以远程魔法职业参战并累计胜利1000次。,0,866,470,1000,0,0,0,0,0,0,0,284,805,9,43,30,10,255,255,0,1,1,1,0
1467,呼唤胜利的医师1,在群狼盛宴或水晶冲突中以治疗职业参战并累计胜利10次。,0,2636,471,10,0,0,0,0,0,0,0,0,901,9,0,0,5,255,255,0,1,1,1,0
1468,呼唤胜利的医师2,在群狼盛宴或水晶冲突中以治疗职业参战并累计胜利50次。,0,2636,471,50,0,0,0,0,0,0,0,0,902,9,0,0,5,255,255,0,1,1,1,0
1469,呼唤胜利的医师3,在群狼盛宴或水晶冲突中以治疗职业参战并累计胜利100次。,0,2636,471,100,0,0,0,0,0,0,0,0,903,9,0,0,5,255,255,0,1,1,1,0
1470,呼唤胜利的医师4,在群狼盛宴或水晶冲突中以治疗职业参战并累计胜利500次。,0,2636,471,500,0,0,0,0,0,0,0,0,904,9,0,0,5,255,255,0,1,1,1,0
1471,慈爱的医师,在群狼盛宴或水晶冲突中以治疗职业参战并累计胜利1000次。,0,2636,471,1000,0,0,0,0,0,0,0,285,905,9,43,30,10,255,255,0,1,1,1,0
1472,可靠的前辈1,参加并完成累计10次随机任务：指导者任务。,0,2808,472,10,0,0,0,0,0,0,0,0,141,12,0,0,5,255,255,0,1,1,1,0
1473,可靠的前辈2,参加并完成累计50次随机任务：指导者任务。,0,2808,472,50,0,0,0,0,0,0,0,286,142,12,43,80,5,255,255,0,1,1,1,0
1474,可靠的前辈3,参加并完成累计200次随机任务：指导者任务。,14838,2808,472,200,0,0,0,0,0,0,0,0,143,12,43,80,5,255,93,3,1,1,1,0
1475,可靠的前辈4,参加并完成累计500次随机任务：指导者任务。,0,2808,472,500,0,0,0,0,0,0,0,287,144,12,43,80,5,255,255,0,1,1,1,0
1476,称霸律动机神城1,成功挑战亚历山大机神城律动之章。,0,2676,473,1,0,0,0,0,0,0,0,0,0,4,0,0,5,255,255,0,1,1,36,0
1477,称霸律动机神城2,累计成功挑战亚历山大机神城律动之章5次。,0,2676,473,5,0,0,0,0,0,0,0,0,0,4,0,0,10,255,255,0,1,1,36,0
1478,称霸律动机神城3,累计成功挑战亚历山大机神城律动之章10次。,0,2676,473,10,0,0,0,0,0,0,0,0,0,4,0,0,20,255,255,0,1,1,36,0
1479,完全称霸律动机神城1,成功挑战亚历山大零式机神城律动之章。,0,2676,474,1,0,0,0,0,0,0,0,0,0,4,0,0,5,255,255,0,1,1,36,0
1480,完全称霸律动机神城2,累计成功挑战亚历山大零式机神城律动之章5次。,0,2676,474,5,0,0,0,0,0,0,0,0,0,4,0,0,10,255,255,0,1,1,36,0
1481,完全称霸律动机神城3,累计成功挑战亚历山大零式机神城律动之章10次。,0,2676,474,10,0,0,0,0,0,0,0,0,0,4,0,0,20,255,255,0,1,1,36,0
1482,勇闯律动机神城1,挑战亚历山大机神城律动之章，并成功探索第一阶段所有地区。,0,1001,286,0,0,0,0,0,0,0,0,0,1048,49,0,0,10,255,255,0,1,8,36,0
1483,勇闯律动机神城2,挑战亚历山大机神城律动之章，并成功探索第二阶段所有地区。,0,1001,287,0,0,0,0,0,0,0,0,0,1049,49,0,0,10,255,255,0,1,8,36,0
1484,勇闯律动机神城3,挑战亚历山大机神城律动之章，并成功探索第三阶段所有地区。,0,1001,289,0,0,0,0,0,0,0,0,0,1050,49,0,0,10,255,255,0,1,8,36,0
1485,魔树的弑神者,在萨菲洛特歼殛战中战胜萨菲洛特。,0,317,20038,0,0,0,0,0,0,0,0,0,15,3,0,0,10,255,255,0,1,14,1,0
1486,踏遍颠倒塔,成功探索颠倒塔（星海空间）的所有地区。,0,1001,277,0,0,0,0,0,0,0,0,0,50,49,0,0,10,255,255,0,1,8,1,0
1487,再次踏遍无限城市街古迹,成功探索无限城市街古迹（神圣遗迹）的所有地区。,0,1001,280,0,0,0,0,0,0,0,0,0,51,49,0,0,10,255,255,0,1,8,1,0
1488,九宫卡手5,获得120种九宫幻卡。,14209,27661,352,120,0,0,0,0,0,0,0,0,44,18,47,15,10,255,94,4,1,1,1,0
1489,街头决斗者4,与50位非玩家角色进行九宫幻卡对局并取得胜利。,0,3564,353,50,0,0,0,0,0,0,0,0,53,18,0,0,10,255,255,0,1,1,1,0
1490,森之都的猎蛋人,完成任务“彩蛋狩猎与黄金般的宝物”。,0,58627,67668,0,0,0,0,0,0,0,0,0,27,38,0,0,10,255,255,0,1,6,1,0
1491,金碟事件簿,完成任务“金碟游乐场感谢的证明”。,0,26173,67671,0,0,0,0,0,0,0,0,0,28,38,0,0,10,255,255,0,1,6,1,0
1492,烧水利器,完成任务“锅嫌壶黑”。,0,31107,67206,0,0,0,0,0,0,0,0,288,652,35,43,50,10,255,255,0,1,6,1,0
1493,命运的齿轮,完成任务“命运的齿轮”。,0,26002,67777,0,0,0,0,0,0,0,0,289,43,76,43,60,10,255,255,0,1,6,26,0
1494,机神城的律动,完成任务“没有她的世界”。,0,26002,67789,0,0,0,0,0,0,0,0,290,225,35,43,60,10,255,255,0,1,6,1,0
1495,离群一族1,与骨颌族的“离群一族”之间的关系程度到达3级“友好”。,0,62961,7,3,0,0,0,0,0,0,0,0,0,37,0,0,5,255,255,0,1,15,1,0
1496,离群一族2,与骨颌族的“离群一族”之间的关系程度到达4级“信赖”。,0,62961,7,4,0,0,0,0,0,0,0,0,0,37,0,0,5,255,255,0,1,15,1,0
1497,离群一族3,与骨颌族的“离群一族”之间的关系程度到达6级“名誉”。,0,62961,7,6,0,0,0,0,0,0,0,0,0,37,0,0,10,255,255,0,1,15,1,0
1498,自由前辈,与骨颌族的“离群一族”之间的关系程度到达7级“誓约”。,0,62961,7,7,0,0,0,0,0,0,0,291,0,37,43,50,20,255,255,0,1,15,1,0
1499,全能之骑士·超导,获得全能剑阿尔玛斯·超导和安喀勒盾·超导。,0,30537,67820,19,0,0,0,0,0,0,0,0,101,64,0,0,20,255,255,0,1,24,1,0
1500,军神之武僧·超导,获得军神护拳·超导。,0,31103,67820,20,0,0,0,0,0,0,0,0,201,64,0,0,20,255,255,0,1,24,1,0
1501,天雷之战士·超导,获得天雷神斧·超导。,0,31508,67820,21,0,0,0,0,0,0,0,0,301,64,0,0,20,255,255,0,1,24,1,0
1502,先锋之龙骑士·超导,获得先锋枪隆格米安特·超导。,0,31908,67820,22,0,0,0,0,0,0,0,0,401,64,0,0,20,255,255,0,1,24,1,0
1503,甘狄之吟游诗人·超导,获得甘狄拔神弓·超导。,0,32304,67820,23,0,0,0,0,0,0,0,0,501,64,0,0,20,255,255,0,1,24,1,0
1504,天威之白魔法师·超导,获得天威杖·超导。,0,32684,67820,24,0,0,0,0,0,0,0,0,701,64,0,0,20,255,255,0,1,24,1,0
1505,无尽之黑魔法师·超导,获得无尽魔源杖·超导。,0,33052,67820,25,0,0,0,0,0,0,0,0,801,64,0,0,20,255,255,0,1,24,1,0
1506,巨龙之召唤师·超导,获得巨龙之书·超导。,0,33538,67820,27,0,0,0,0,0,0,0,0,901,64,0,0,20,255,255,0,1,24,1,0
1507,星象之学者·超导,获得星象四书·超导。,0,33539,67820,28,0,0,0,0,0,0,0,0,1001,64,0,0,20,255,255,0,1,24,1,0
1508,神无之忍者·超导,获得神无·超导。,0,33891,67820,30,0,0,0,0,0,0,0,0,601,64,0,0,20,255,255,0,1,24,1,0
1509,末日之机工士·超导,获得末日·超导。,0,34664,67820,31,0,0,0,0,0,0,0,0,1201,64,0,0,20,255,255,0,1,24,1,0
1510,诺统之暗黑骑士·超导,获得诺统·超导。,0,34264,67820,32,0,0,0,0,0,0,0,0,1101,64,0,0,20,255,255,0,1,24,1,0
1511,天津之占星术士·超导,获得天津四天仪·超导。,0,34864,67820,33,0,0,0,0,0,0,0,0,1301,64,0,0,20,255,255,0,1,24,1,0
1512,陆行鸟挑战征服者1,完成陆行鸟竞赛竞速挑战的前15关。,15129,27656,475,1,0,0,0,0,0,0,0,0,34,18,47,15,10,255,95,4,1,1,1,0
1513,地缚猫之友,获得宠物地缚猫。,0,59584,447,1,0,0,0,0,0,0,0,0,501,38,0,0,10,255,255,0,1,1,1,0
1514,小狛之友,获得宠物小狛。,0,59586,448,1,0,0,0,0,0,0,0,0,502,38,0,0,10,255,255,0,1,1,1,0
1515,维斯帕之友,获得宠物维斯帕。,0,59592,449,1,0,0,0,0,0,0,0,0,503,38,0,0,10,255,255,0,1,1,1,0
1516,吹雪公主之友,获得宠物吹雪公主。,0,59594,450,1,0,0,0,0,0,0,0,0,504,38,0,0,10,255,255,0,1,1,1,0
1517,九尾之友,获得宠物九尾。,0,59591,451,1,0,0,0,0,0,0,0,0,505,38,0,0,10,255,255,0,1,1,1,0
1518,狛次郎之友,获得宠物狛次郎。,0,59587,452,1,0,0,0,0,0,0,0,0,506,38,0,0,10,255,255,0,1,1,1,0
1519,人面犬之友,获得宠物人面犬。,0,59595,453,1,0,0,0,0,0,0,0,0,507,38,0,0,10,255,255,0,1,1,1,0
1520,野槌蛇之友,获得宠物野槌蛇。,0,59588,454,1,0,0,0,0,0,0,0,0,508,38,0,0,10,255,255,0,1,1,1,0
1521,大蛇之友,获得宠物大蛇。,0,59590,455,1,0,0,0,0,0,0,0,0,509,38,0,0,10,255,255,0,1,1,1,0
1522,武士猫之友,获得宠物武士猫。,0,59583,456,1,0,0,0,0,0,0,0,0,510,38,0,0,10,255,255,0,1,1,1,0
1523,浮游猫之友,获得宠物浮游猫。,0,59585,457,1,0,0,0,0,0,0,0,0,511,38,0,0,10,255,255,0,1,1,1,0
1524,机器猫F型之友,获得宠物机器猫F型。,0,59593,458,1,0,0,0,0,0,0,0,0,512,38,0,0,10,255,255,0,1,1,1,0
1525,USA蹦之友,获得宠物USA蹦。,0,59589,459,1,0,0,0,0,0,0,0,0,513,38,0,0,10,255,255,0,1,1,1,0
1526,赤猫之斩,获得百斩斧·赤猫。,0,31519,476,1,0,0,0,0,0,0,0,0,531,38,0,0,10,255,255,0,1,1,1,0
1527,白犬之愈,获得白犬杖。,0,32695,477,1,0,0,0,0,0,0,0,0,532,38,0,0,10,255,255,0,1,1,1,0
1528,幽魂之吟,获得智者大弓。,0,32314,478,1,0,0,0,0,0,0,0,0,533,38,0,0,10,255,255,0,1,1,1,0
1529,雪姬之咒,获得雪姬杖。,0,33063,479,1,0,0,0,0,0,0,0,0,534,38,0,0,10,255,255,0,1,1,1,0
1530,九尾之忍,获得九尾双剑。,0,33901,480,1,0,0,0,0,0,0,0,0,535,38,0,0,10,255,255,0,1,1,1,0
1531,朱犬之识,获得朱犬之书。,0,33559,481,1,0,0,0,0,0,0,0,0,536,38,0,0,10,255,255,0,1,1,1,0
1532,人面之灵,获得凭依教典。,0,33558,482,1,0,0,0,0,0,0,0,0,537,38,0,0,10,255,255,0,1,1,1,0
1533,土龙之卜,获得幸运天球仪。,0,34874,483,1,0,0,0,0,0,0,0,0,538,38,0,0,10,255,255,0,1,1,1,0
1534,大蛇之刺,获得蛇枪·鸦丸。,0,31919,484,1,0,0,0,0,0,0,0,0,539,38,0,0,10,255,255,0,1,1,1,0
1535,武猫之韧,获得妖刀·猫丸和圆阵猫盾。,0,30547,485,1,0,0,0,0,0,0,0,0,540,38,0,0,10,255,255,0,1,1,1,0
1536,冬猫之刚,获得同田贯·冬猫。,0,34274,486,1,0,0,0,0,0,0,0,0,541,38,0,0,10,255,255,0,1,1,1,0
1537,钢猫之炮,获得F型波动炮。,0,34675,487,1,0,0,0,0,0,0,0,0,542,38,0,0,10,255,255,0,1,1,1,0
1538,蓝兔之拳,获得宇宙拳套。,0,31115,488,1,0,0,0,0,0,0,0,0,543,38,0,0,10,255,255,0,1,1,1,0
1539,妖怪武器收藏家,获得13种妖怪武器。,15946,26995,489,1,0,0,0,0,0,0,0,0,544,38,0,0,20,255,97,1,1,1,1,0
1540,盛宴的王者,在群狼盛宴的任意赛季中取得排名第1名的成绩。,0,210,490,1,0,0,0,0,0,0,0,297,0,8,43,30,20,255,255,0,1,1,1,0
1541,盛宴的杀戮者,在群狼盛宴的任意赛季中取得排名第2-10名的成绩。,0,210,491,1,0,0,0,0,0,0,0,298,0,8,43,30,10,255,255,0,1,1,1,0
1542,盛宴的荣誉者,在群狼盛宴的任意赛季中取得排名第11-100名的成绩。,0,210,492,1,0,0,0,0,0,0,0,299,0,8,43,30,10,255,255,0,1,1,1,0
1543,青铜之盛宴孤狼,在群狼盛宴的任意赛季中最终取得青铜段位。,0,821,493,1,0,0,0,0,0,0,0,300,0,8,43,30,10,255,255,0,1,1,1,0
1544,白银之盛宴孤狼,在群狼盛宴的任意赛季中最终取得白银段位。,0,821,494,1,0,0,0,0,0,0,0,301,0,8,43,30,10,255,255,0,1,1,1,0
1545,黄金之盛宴孤狼,在群狼盛宴的任意赛季中最终取得黄金段位。,0,821,495,1,0,0,0,0,0,0,0,302,0,8,43,30,10,255,255,0,1,1,1,0
1546,白金之盛宴孤狼,在群狼盛宴的任意赛季中最终取得白金段位。,0,821,496,1,0,0,0,0,0,0,0,303,0,8,43,30,10,255,255,0,1,1,1,0
1547,钻石之盛宴孤狼,在群狼盛宴的任意赛季中最终取得钻石段位。,0,821,497,1,0,0,0,0,0,0,0,304,0,8,43,30,20,255,255,0,1,1,1,0
1548,水落城出1,初次入侵水城宝物库。,0,116,498,1,0,0,0,0,0,0,0,293,20,6,43,60,5,255,255,0,1,1,1,0
1549,水落城出2,累计入侵水城宝物库5次。,0,116,498,5,0,0,0,0,0,0,0,0,21,6,0,0,10,255,255,0,1,1,1,0
1550,水落城出3,累计入侵水城宝物库10次。,0,116,498,10,0,0,0,0,0,0,0,0,22,6,0,0,10,255,255,0,1,1,1,0
1551,水落城出4,累计入侵水城宝物库20次。,0,116,498,20,0,0,0,0,0,0,0,294,23,6,43,60,20,255,255,0,1,1,1,0
1552,称霸宝物库1,初次称霸水城宝物库。,0,116,499,1,0,0,0,0,0,0,0,0,30,6,0,0,5,255,255,0,1,1,1,0
1553,称霸宝物库2,累计称霸水城宝物库5次。,0,116,499,5,0,0,0,0,0,0,0,0,31,6,0,0,10,255,255,0,1,1,1,0
1554,称霸宝物库3,累计称霸水城宝物库10次。,0,116,499,10,0,0,0,0,0,0,0,0,32,6,0,0,10,255,255,0,1,1,1,0
1555,称霸宝物库4,累计称霸水城宝物库20次。,0,116,499,20,0,0,0,0,0,0,0,295,33,6,43,60,20,255,255,0,1,1,1,0
1556,大家的队长1,派遣冒险者分队成功执行任务10次。,0,510,500,10,0,0,0,0,0,0,0,0,0,50,0,0,5,255,255,0,1,1,1,0
1557,大家的队长2,派遣冒险者分队成功执行任务30次。,0,510,500,30,0,0,0,0,0,0,0,0,0,50,0,0,5,255,255,0,1,1,1,0
1558,大家的队长3,派遣冒险者分队成功执行任务100次。,0,510,500,100,0,0,0,0,0,0,0,0,0,50,0,0,10,255,255,0,1,1,1,0
1559,荣誉之战1,加入黑涡团、双蛇党、恒辉队中的任一军队并在荣誉野取得胜利。,0,2601,501,1,0,0,0,0,0,0,0,0,60,10,0,0,5,255,255,0,1,1,1,0
1560,荣誉之战2,加入黑涡团、双蛇党、恒辉队中的任一军队并在荣誉野取得10次胜利。,0,2601,501,10,0,0,0,0,0,0,0,0,61,10,0,0,5,255,255,0,1,1,1,0
1561,荣誉之战3,加入黑涡团、双蛇党、恒辉队中的任一军队并在荣誉野取得30次胜利。,0,2601,501,30,0,0,0,0,0,0,0,0,62,10,0,0,5,255,255,0,1,1,1,0
1562,荣誉之战4,加入黑涡团、双蛇党、恒辉队中的任一军队并在荣誉野取得50次胜利。,0,2601,501,50,0,0,0,0,0,0,0,0,63,10,0,0,5,255,255,0,1,1,1,0
1563,荣誉之战5,加入黑涡团、双蛇党、恒辉队中的任一军队并在荣誉野取得100次胜利。,15932,2601,501,100,0,0,0,0,0,0,0,0,64,10,43,30,5,255,101,1,1,1,1,0
1564,荣誉之战6,加入黑涡团、双蛇党、恒辉队中的任一军队并在荣誉野取得300次胜利。,0,2601,501,300,0,0,0,0,0,0,0,313,65,10,43,30,10,255,255,0,1,1,1,0
1565,盛宴的王者们,在群狼盛宴的任意赛季中取得小队排名第1名的成绩。,0,210,502,1,0,0,0,0,0,0,0,305,0,8,43,30,20,255,255,0,1,1,1,0
1566,盛宴的杀戮者们,在群狼盛宴的任意赛季中取得小队排名第2-10名的成绩。,0,210,503,1,0,0,0,0,0,0,0,306,0,8,43,30,20,255,255,0,1,1,1,0
1567,盛宴的荣誉者们,在群狼盛宴的任意赛季中取得小队排名第11-30名的成绩。,0,210,504,1,0,0,0,0,0,0,0,307,0,8,43,30,20,255,255,0,1,1,1,0
1568,青铜之盛宴狼群,在群狼盛宴的任意赛季中小队最终取得青铜段位。,0,821,505,1,0,0,0,0,0,0,0,308,0,8,43,30,20,255,255,0,1,1,1,0
1569,白银之盛宴狼群,在群狼盛宴的任意赛季中小队最终取得白银段位。,0,821,506,1,0,0,0,0,0,0,0,309,0,8,43,30,20,255,255,0,1,1,1,0
1570,黄金之盛宴狼群,在群狼盛宴的任意赛季中小队最终取得黄金段位。,0,821,507,1,0,0,0,0,0,0,0,310,0,8,43,30,20,255,255,0,1,1,1,0
1571,白金之盛宴狼群,在群狼盛宴的任意赛季中小队最终取得白金段位。,0,821,508,1,0,0,0,0,0,0,0,311,0,8,43,30,20,255,255,0,1,1,1,0
1572,钻石之盛宴狼群,在群狼盛宴的任意赛季中小队最终取得钻石段位。,0,821,509,1,0,0,0,0,0,0,0,312,0,8,43,30,20,255,255,0,1,1,1,0
1573,妖怪之友,获得13种妖怪宠物。,15431,26981,510,1,0,0,0,0,0,0,0,0,514,38,0,0,20,255,96,1,1,1,1,0
1574,称霸禁忌城邦玛哈,成功挑战禁忌城邦玛哈。,0,2667,30038,0,0,0,0,0,0,0,0,0,0,4,0,0,10,255,255,0,1,14,40,0
1575,逝者安息,完成任务“安息吧朋友”。,0,26002,67093,0,0,0,0,0,0,0,0,314,203,35,43,50,10,255,255,0,1,6,1,0
1576,死者宫殿的探索者1,成功突破死者宫殿地下10层。,0,3284,513,1,0,0,0,0,0,0,0,0,20,2,0,0,5,255,255,0,1,1,1,0
1577,死者宫殿的探索者2,成功突破死者宫殿地下20层。,0,3284,514,1,0,0,0,0,0,0,0,0,21,2,0,0,5,255,255,0,1,1,1,0
1578,死者宫殿的探索者3,成功突破死者宫殿地下30层。,0,3284,515,1,0,0,0,0,0,0,0,0,22,2,0,0,5,255,255,0,1,1,1,0
1579,死者宫殿的探索者4,成功突破死者宫殿地下40层。,0,3284,516,1,0,0,0,0,0,0,0,0,23,2,0,0,5,255,255,0,1,1,1,0
1580,死者宫殿的探索者5,成功突破死者宫殿地下50层。,0,3284,517,1,0,0,0,0,0,0,0,0,24,2,0,0,10,255,255,0,1,1,1,0
1581,聚魔之光·剑盾,获得角尊剑和角尊盾。,0,30544,518,1,0,0,0,0,0,0,0,0,100,65,0,0,10,255,255,0,1,1,1,0
1582,聚魔之光·拳套,获得角尊指虎。,0,31112,519,1,0,0,0,0,0,0,0,0,200,65,0,0,10,255,255,0,1,1,1,0
1583,聚魔之光·大斧,获得角尊斧。,0,31516,520,1,0,0,0,0,0,0,0,0,300,65,0,0,10,255,255,0,1,1,1,0
1584,聚魔之光·长枪,获得角尊长枪。,0,31916,521,1,0,0,0,0,0,0,0,0,400,65,0,0,10,255,255,0,1,1,1,0
1585,聚魔之光·长弓,获得角尊长弓。,0,32311,522,1,0,0,0,0,0,0,0,0,500,65,0,0,10,255,255,0,1,1,1,0
1586,聚魔之光·咒杖,获得角尊法杖。,0,32862,523,1,0,0,0,0,0,0,0,0,800,65,0,0,10,255,255,0,1,1,1,0
1587,聚魔之光·幻杖,获得角尊牧杖。,0,32444,524,1,0,0,0,0,0,0,0,0,700,65,0,0,10,255,255,0,1,1,1,0
1588,聚魔之光·双剑,获得角尊小刀。,0,33898,525,1,0,0,0,0,0,0,0,0,600,65,0,0,10,255,255,0,1,1,1,0
1589,聚魔之光·魔书,获得角尊魔导书。,0,33552,526,1,0,0,0,0,0,0,0,0,900,65,0,0,10,255,255,0,1,1,1,0
1590,聚魔之光·魔典,获得角尊魔导典。,0,33553,527,1,0,0,0,0,0,0,0,0,1000,65,0,0,10,255,255,0,1,1,1,0
1591,聚魔之光·巨剑,获得角尊巨剑。,0,34271,528,1,0,0,0,0,0,0,0,0,1100,65,0,0,10,255,255,0,1,1,1,0
1592,聚魔之光·火枪,获得角尊左轮枪。,0,34672,529,1,0,0,0,0,0,0,0,0,1200,65,0,0,10,255,255,0,1,1,1,0
1593,聚魔之光·天球,获得角尊量天仪。,0,34871,530,1,0,0,0,0,0,0,0,0,1300,65,0,0,10,255,255,0,1,1,1,0
1594,绝命怒嚎,完成任务“绝命怒嚎”。,0,26002,67783,0,0,0,0,0,0,0,0,292,44,76,43,60,10,255,255,0,1,6,26,0
1595,追忆之旅,完成任务“友人的微笑”。,0,26002,67015,0,0,0,0,0,0,0,0,0,44,35,0,0,10,255,255,0,1,6,26,0
1596,红莲节的灭火战士,完成任务“红莲节的灭火战士”。,0,48108,67676,0,0,0,0,0,0,0,0,0,61,38,0,0,10,255,255,0,1,6,1,0
1597,一起走过的三周年,完成任务“新生庆典的英雄赞歌”。,0,26107,67867,0,0,0,0,0,0,0,0,0,62,38,0,0,10,255,255,0,1,6,1,0
1598,欢迎，妖怪宠物,完成任务“欢迎，妖怪宠物”。,0,55750,67677,0,0,0,0,0,0,0,0,0,60,38,0,0,10,255,255,0,1,6,1,0
1599,踏遍忆罪宫,成功探索忆罪宫（天龙宫殿）的所有地区。,0,1001,292,0,0,0,0,0,0,0,0,0,52,49,0,0,10,255,255,0,1,8,1,0
1600,再次踏遍破舰岛,成功探索破舰岛（黑涡传说）的所有地区。,0,1001,297,0,0,0,0,0,0,0,0,0,53,49,0,0,10,255,255,0,1,8,1,0
1601,邪影的征龙者,在尼德霍格传奇征龙战中战胜尼德霍格。,0,317,20040,0,0,0,0,0,0,0,0,0,16,3,0,0,10,255,255,0,1,14,1,0
1602,踏遍禁忌城邦玛哈,成功探索禁忌城邦玛哈的所有地区。,0,1001,298,0,0,0,0,0,0,0,0,0,1031,49,0,0,10,255,255,0,1,8,40,0
1603,可靠的前辈5,参加并完成累计1000次随机任务：指导者任务。,15451,2808,472,1000,0,0,0,0,0,0,0,0,145,12,43,80,10,255,98,3,1,1,1,0
1604,可靠的前辈6,参加并完成累计2000次随机任务：指导者任务。,15433,2808,472,2000,0,0,0,0,0,0,0,0,146,12,43,80,20,255,99,1,1,1,1,0
1605,领主之骑士,获得双子领主之利剑和双子领主之坚盾。,0,30545,67864,19,0,0,0,0,0,0,0,0,102,64,0,0,20,255,255,0,1,24,1,0
1606,苏丹之武僧,获得强权苏丹之对拳。,0,31113,67864,20,0,0,0,0,0,0,0,0,202,64,0,0,20,255,255,0,1,24,1,0
1607,皇帝之战士,获得鲜血皇帝之巨斧。,0,31517,67864,21,0,0,0,0,0,0,0,0,302,64,0,0,20,255,255,0,1,24,1,0
1608,霸王之龙骑士,获得盖世霸王之尖枪。,0,31917,67864,22,0,0,0,0,0,0,0,0,402,64,0,0,20,255,255,0,1,24,1,0
1609,帝王之吟游诗人,获得独裁帝王之长弓。,0,32312,67864,23,0,0,0,0,0,0,0,0,502,64,0,0,20,255,255,0,1,24,1,0
1610,沙皇之白魔法师,获得纯白沙皇之法杖。,0,32693,67864,24,0,0,0,0,0,0,0,0,702,64,0,0,20,255,255,0,1,24,1,0
1611,可汗之黑魔法师,获得漆黑可汗之魔杖。,0,33061,67864,25,0,0,0,0,0,0,0,0,802,64,0,0,20,255,255,0,1,24,1,0
1612,女王之召唤师,获得疯狂女王之书卷。,0,33554,67864,27,0,0,0,0,0,0,0,0,902,64,0,0,20,255,255,0,1,24,1,0
1613,巨擘之学者,获得绝世巨擘之诺言。,0,33555,67864,28,0,0,0,0,0,0,0,0,1002,64,0,0,20,255,255,0,1,24,1,0
1614,亲王之忍者,获得荆棘亲王之锐刺。,0,33899,67864,30,0,0,0,0,0,0,0,0,602,64,0,0,20,255,255,0,1,24,1,0
1615,君主之机工士,获得王朝君主之烈火。,0,34673,67864,31,0,0,0,0,0,0,0,0,1202,64,0,0,20,255,255,0,1,24,1,0
1616,暴君之暗黑骑士,获得无道暴君之斩首。,0,34272,67864,32,0,0,0,0,0,0,0,0,1102,64,0,0,20,255,255,0,1,24,1,0
1617,王储之占星术士,获得末代王储之天球。,0,34872,67864,33,0,0,0,0,0,0,0,0,1302,64,0,0,20,255,255,0,1,24,1,0
1618,莫古力修复团1,与莫古力族的“莫古力修复团”之间的关系程度到达1级“中立”。,0,62962,8,1,0,0,0,0,0,0,0,0,0,37,0,0,5,255,255,0,1,15,1,0
1619,莫古力修复团2,与莫古力族的“莫古力修复团”之间的关系程度到达3级“友好”。,0,62962,8,3,0,0,0,0,0,0,0,0,0,37,0,0,5,255,255,0,1,15,1,0
1620,莫古力修复团3,与莫古力族的“莫古力修复团”之间的关系程度到达5级“尊敬”。,0,62962,8,5,0,0,0,0,0,0,0,0,0,37,0,0,10,255,255,0,1,15,1,0
1621,修复团的老师,与莫古力族的“莫古力修复团”之间的关系程度到达7级“誓约”。,0,62962,8,7,0,0,0,0,0,0,0,296,0,37,44,50,20,255,255,0,1,15,1,0
1622,愿者上钩11,在重生、苍穹、红莲区域钓上119种钓场之王。,0,1102,267,119,0,0,0,0,0,0,0,0,80,34,0,0,20,255,255,0,1,1,1,0
1623,旋律的沉醉者3,在管弦乐琴乐谱集中加入累计50首乐曲。,15826,25945,464,50,0,0,0,0,0,0,0,0,28,19,47,1,10,255,100,4,1,1,1,0
1624,舞会之星,完成任务“守护天节和奇妙的舞会”。,0,42532,67084,0,0,0,0,0,0,0,0,0,70,38,0,0,10,255,255,0,1,6,1,0
1625,儿科病房的星芒节,完成任务“星芒节与父子之情”。,0,42531,67913,0,0,0,0,0,0,0,0,0,71,38,0,0,10,255,255,0,1,6,1,0
1626,猴面雀之友,完成任务“鸡与鸟猿的降神节”。,0,40241,67085,0,0,0,0,0,0,0,0,0,72,38,0,0,10,255,255,0,1,6,1,0
1627,伊修加德的盟友们,完成任务“伊修加德的盟友们”。,0,60033,67921,0,0,0,0,0,0,0,0,339,0,37,43,60,20,255,255,0,1,6,1,0
1628,圣恩达利姆神学院记：第2章,完成任务“雪中福音”。,0,26002,67746,0,0,0,0,0,0,0,0,0,648,35,0,0,10,255,255,0,1,6,1,0
1629,光阴之翼,完成任务“迈向无人知晓的明天”。,0,26002,67875,0,0,0,0,0,0,0,0,315,226,35,43,60,10,255,255,0,1,6,1,0
1630,灵魂继承者,完成任务“灵魂继承者”。,0,26002,67886,0,0,0,0,0,0,0,0,316,45,76,43,60,10,255,255,0,1,6,26,0
1631,九宫卡手6,获得150种九宫幻卡。,16768,27661,352,150,0,0,0,0,0,0,0,0,45,18,47,15,10,255,102,4,1,1,1,0
1632,街头决斗者5,与60位非玩家角色进行九宫幻卡对局并取得胜利。,16769,3564,353,60,0,0,0,0,0,0,0,0,54,18,47,15,10,255,103,4,1,1,1,0
1633,愿者上钩12,在重生、苍穹、红莲区域钓上135种钓场之王。,0,1102,267,135,0,0,0,0,0,0,0,0,81,34,0,0,20,255,255,0,1,1,1,0
1634,旋律的沉醉者4,在管弦乐琴乐谱集中加入累计70首乐曲。,0,25945,464,70,0,0,0,0,0,0,0,0,29,19,0,0,10,255,255,0,1,1,1,0
1635,旋律的沉醉者5,在管弦乐琴乐谱集中加入累计100首乐曲。,16799,25945,464,100,0,0,0,0,0,0,0,0,30,19,47,1,10,255,104,4,1,1,1,0
1636,睿智的弑神者,在索菲娅歼殛战中战胜索菲娅。,0,317,20042,0,0,0,0,0,0,0,0,0,17,3,0,0,10,255,255,0,1,14,1,0
1637,踏遍塞尔法特尔溪谷,成功探索塞尔法特尔溪谷（险峻峡谷）的所有地区。,0,1001,313,0,0,0,0,0,0,0,0,0,54,49,0,0,10,255,255,0,1,8,1,0
1638,再次踏遍迦巴勒幻想图书馆,成功探索迦巴勒幻想图书馆（秘本宝库）的所有地区。,0,1001,311,0,0,0,0,0,0,0,0,0,55,49,0,0,10,255,255,0,1,8,1,0
1639,称霸天动机神城1,成功挑战亚历山大机神城天动之章。,0,2651,511,1,0,0,0,0,0,0,0,0,0,4,0,0,5,255,255,0,1,1,36,0
1640,称霸天动机神城2,累计成功挑战亚历山大机神城天动之章5次。,0,2651,511,5,0,0,0,0,0,0,0,0,0,4,0,0,10,255,255,0,1,1,36,0
1641,称霸天动机神城3,累计成功挑战亚历山大机神城天动之章10次。,0,2651,511,10,0,0,0,0,0,0,0,0,0,4,0,0,20,255,255,0,1,1,36,0
1642,完全称霸天动机神城1,成功挑战亚历山大零式机神城天动之章。,0,2651,512,1,0,0,0,0,0,0,0,0,0,4,0,0,5,255,255,0,1,1,36,0
1643,完全称霸天动机神城2,累计成功挑战亚历山大零式机神城天动之章5次。,0,2651,512,5,0,0,0,0,0,0,0,0,0,4,0,0,10,255,255,0,1,1,36,0
1644,完全称霸天动机神城3,累计成功挑战亚历山大零式机神城天动之章10次。,0,2651,512,10,0,0,0,0,0,0,0,0,0,4,0,0,20,255,255,0,1,1,36,0
1645,勇闯天动机神城1,挑战亚历山大机神城天动之章，并成功探索第一阶段所有地区。,0,1001,326,0,0,0,0,0,0,0,0,0,1057,49,0,0,10,255,255,0,1,8,36,0
1646,勇闯天动机神城2,挑战亚历山大机神城天动之章，并成功探索第二阶段所有地区。,0,1001,328,0,0,0,0,0,0,0,0,0,1058,49,0,0,10,255,255,0,1,8,36,0
1647,勇闯天动机神城3,挑战亚历山大机神城天动之章，并成功探索第三阶段所有地区。,0,1001,330,0,0,0,0,0,0,0,0,0,1059,49,0,0,10,255,255,0,1,8,36,0
1648,奇谈怪论1,在天书奇谈中获得1次奖励。,0,25987,532,1,0,0,0,0,0,0,0,0,161,12,0,0,5,255,255,0,1,1,1,0
1649,奇谈怪论2,在天书奇谈中获得5次奖励。,0,25987,532,5,0,0,0,0,0,0,0,317,162,12,43,60,5,255,255,0,1,1,1,0
1650,奇谈怪论3,在天书奇谈中获得10次奖励。,0,25987,532,10,0,0,0,0,0,0,0,0,163,12,0,0,5,255,255,0,1,1,1,0
1651,奇谈怪论4,在天书奇谈中获得20次奖励。,0,25987,532,20,0,0,0,0,0,0,0,0,164,12,0,0,5,255,255,0,1,1,1,0
1652,奇谈怪论5,在天书奇谈中获得30次奖励。,0,25987,532,30,0,0,0,0,0,0,0,0,165,12,0,0,5,255,255,0,1,1,1,0
1653,奇谈怪论6,在天书奇谈中获得40次奖励。,0,25987,532,40,0,0,0,0,0,0,0,0,166,12,0,0,5,255,255,0,1,1,1,0
1654,奇谈怪论7,在天书奇谈中获得50次奖励。,0,25987,532,50,0,0,0,0,0,0,0,318,167,12,43,60,10,255,255,0,1,1,1,0
1655,死者宫殿的探索者6,成功突破死者宫殿地下100层。,0,3284,533,1,0,0,0,0,0,0,0,319,25,2,43,60,10,255,255,0,1,1,1,0
1656,死者宫殿的探索者7,成功突破死者宫殿地下150层。,0,3284,534,1,0,0,0,0,0,0,0,0,26,2,0,0,10,255,255,0,1,1,1,0
1657,死者宫殿的探索者8,成功突破死者宫殿地下200层。,0,3284,535,1,0,0,0,0,0,0,0,0,27,2,0,0,20,255,255,0,1,1,1,0
1658,闪熠之光,获得任意一把“闪熠装备”。,0,27961,536,1,0,0,0,0,0,0,0,320,3000,65,43,60,10,255,255,0,1,1,1,0
1659,孤独的挑战者1,单人从地下1层进入死者宫殿，并到达地下51层。,0,3321,537,1,0,0,0,0,0,0,0,0,30,2,0,0,10,255,255,0,1,1,1,0
1660,孤独的挑战者2,单人从地下1层进入死者宫殿，并到达地下101层。,0,3321,538,1,0,0,0,0,0,0,0,321,31,2,43,60,10,255,255,0,1,1,1,0
1661,埋藏的宝藏1,初次发现埋藏的宝藏。,0,60035,539,1,0,0,0,0,0,0,0,0,35,2,0,0,5,255,255,0,1,1,1,0
1662,埋藏的宝藏2,发现埋藏的宝藏100个。,0,60035,539,100,0,0,0,0,0,0,0,0,36,2,0,0,5,255,255,0,1,1,1,0
1663,埋藏的宝藏3,发现埋藏的宝藏1000个。,0,60035,539,1000,0,0,0,0,0,0,0,322,37,2,43,60,10,255,255,0,1,1,1,0
1664,埋藏的宝藏4,发现埋藏的宝藏5000个。,0,60035,539,5000,0,0,0,0,0,0,0,0,38,2,0,0,20,255,255,0,1,1,1,0
1665,直觉敏锐1,初次在未使用“魔陶器：感知宝藏”和“魔科学器：感知宝藏”的情况下发现埋藏的宝藏。,0,60035,540,1,0,0,0,0,0,0,0,0,51,2,0,0,10,255,255,0,1,1,1,0
1666,直觉敏锐2,在未使用“魔陶器：感知宝藏”和“魔科学器：感知宝藏”的情况下发现埋藏的宝藏100个。,0,60035,540,100,0,0,0,0,0,0,0,323,52,2,43,60,20,255,255,0,1,1,1,0
1667,领主之骑士·灵慧,获得双子领主之利剑·灵慧和双子领主之坚盾·灵慧。,0,30545,67915,19,0,0,0,0,0,0,0,0,103,64,0,0,20,255,255,0,1,24,1,0
1668,苏丹之武僧·灵慧,获得强权苏丹之对拳·灵慧。,0,31113,67915,20,0,0,0,0,0,0,0,0,203,64,0,0,20,255,255,0,1,24,1,0
1669,皇帝之战士·灵慧,获得鲜血皇帝之巨斧·灵慧。,0,31517,67915,21,0,0,0,0,0,0,0,0,303,64,0,0,20,255,255,0,1,24,1,0
1670,霸王之龙骑士·灵慧,获得盖世霸王之尖枪·灵慧。,0,31917,67915,22,0,0,0,0,0,0,0,0,403,64,0,0,20,255,255,0,1,24,1,0
1671,帝王之吟游诗人·灵慧,获得独裁帝王之长弓·灵慧。,0,32312,67915,23,0,0,0,0,0,0,0,0,503,64,0,0,20,255,255,0,1,24,1,0
1672,沙皇之白魔法师·灵慧,获得纯白沙皇之法杖·灵慧。,0,32693,67915,24,0,0,0,0,0,0,0,0,703,64,0,0,20,255,255,0,1,24,1,0
1673,可汗之黑魔法师·灵慧,获得漆黑可汗之魔杖·灵慧。,0,33061,67915,25,0,0,0,0,0,0,0,0,803,64,0,0,20,255,255,0,1,24,1,0
1674,女王之召唤师·灵慧,获得疯狂女王之书卷·灵慧。,0,33554,67915,27,0,0,0,0,0,0,0,0,903,64,0,0,20,255,255,0,1,24,1,0
1675,巨擘之学者·灵慧,获得绝世巨擘之诺言·灵慧。,0,33555,67915,28,0,0,0,0,0,0,0,0,1003,64,0,0,20,255,255,0,1,24,1,0
1676,亲王之忍者·灵慧,获得荆棘亲王之锐刺·灵慧。,0,33899,67915,30,0,0,0,0,0,0,0,0,603,64,0,0,20,255,255,0,1,24,1,0
1677,君主之机工士·灵慧,获得王朝君主之烈火·灵慧。,0,34673,67915,31,0,0,0,0,0,0,0,0,1203,64,0,0,20,255,255,0,1,24,1,0
1678,暴君之暗黑骑士·灵慧,获得无道暴君之斩首·灵慧。,0,34272,67915,32,0,0,0,0,0,0,0,0,1103,64,0,0,20,255,255,0,1,24,1,0
1679,王储之占星术士·灵慧,获得末代王储之天球·灵慧。,0,34872,67915,33,0,0,0,0,0,0,0,0,1303,64,0,0,20,255,255,0,1,24,1,0
1680,逝者已矣,完成任务“安息吧死者”。,0,26002,67924,0,0,0,0,0,0,0,0,324,204,35,43,60,10,255,255,0,1,6,1,0
1681,示爱者,完成任务“在恋人节表示感谢”。,0,59627,67956,0,0,0,0,0,0,0,0,0,73,38,0,0,10,255,255,0,1,6,1,0
1682,小黄莺的拥护者,完成任务“女儿节的新装公演”。,0,43745,67944,0,0,0,0,0,0,0,0,0,74,38,0,0,10,255,255,0,1,6,1,0
1683,彩蛋骑士,完成任务“彩蛋狩猎和亮闪闪的宝石”。,0,25903,67959,0,0,0,0,0,0,0,0,0,75,38,0,0,10,255,255,0,1,6,1,0
1684,狂欢夜,完成任务“金碟狂欢”。,0,26173,67960,0,0,0,0,0,0,0,0,0,76,38,0,0,10,255,255,0,1,6,1,0
1685,厉鬼的弑神者,在祖尔宛歼殛战中战胜祖尔宛。,0,317,20044,0,0,0,0,0,0,0,0,0,18,3,0,0,10,255,255,0,1,14,1,0
1686,踏遍巴埃萨长城,成功探索巴埃萨长城（坚牢铁壁）的所有地区。,0,1001,337,0,0,0,0,0,0,0,0,0,56,49,0,0,10,255,255,0,1,8,1,0
1687,再次踏遍索姆阿尔灵峰,成功探索索姆阿尔灵峰（天山深境）的所有地区。,0,1001,350,0,0,0,0,0,0,0,0,0,57,49,0,0,10,255,255,0,1,8,1,0
1688,踏遍影之国,成功探索影之国的所有地区。,0,1001,343,0,0,0,0,0,0,0,0,0,1032,49,0,0,10,255,255,0,1,8,40,0
1689,称霸影之国,成功挑战影之国。,0,2667,30047,0,0,0,0,0,0,0,0,0,0,4,0,0,10,255,255,0,1,14,40,0
1690,永远的毕业生,完成任务“路易索瓦的得意门生”。,0,26002,67891,0,0,0,0,0,0,0,0,340,46,76,43,60,10,255,255,0,1,6,26,0
1691,命运的止境,完成任务“命运的止境”。,0,26002,67895,0,0,0,0,0,0,0,0,341,47,76,43,60,10,255,255,0,1,6,26,0
1692,圣恩达利姆神学院记：第3章,完成任务“战神引领的圣战”。,0,26002,67900,0,0,0,0,0,0,0,0,342,649,35,43,60,10,255,255,0,1,6,1,0
1693,天天都是宝,完成任务“理想的每一天”。,0,26002,67908,0,0,0,0,0,0,0,0,343,650,35,43,60,10,255,255,0,1,6,1,0
1694,鸾翔凤集,获得凤凰魔笛。,0,26039,67086,0,0,0,0,0,0,0,0,344,250,19,43,60,20,255,255,0,1,6,1,0
1695,血族之骑士,获得血族剑和圣母盾。,0,30551,67932,19,0,0,0,0,0,0,0,0,104,64,0,0,20,255,255,0,1,24,1,0
1696,铁腕之武僧,获得尼耶佩尔斗拳。,0,31119,67932,20,0,0,0,0,0,0,0,0,204,64,0,0,20,255,255,0,1,24,1,0
1697,主宰之战士,获得米诺斯斧。,0,31523,67932,21,0,0,0,0,0,0,0,0,304,64,0,0,20,255,255,0,1,24,1,0
1698,屠戮之龙骑士,获得屠龙戟。,0,31923,67932,22,0,0,0,0,0,0,0,0,404,64,0,0,20,255,255,0,1,24,1,0
1699,典乐之诗人,获得特尔潘德弓。,0,32318,67932,23,0,0,0,0,0,0,0,0,504,64,0,0,20,255,255,0,1,24,1,0
1700,闪烁之白魔法师,获得辛德利幻杖。,0,32699,67932,24,0,0,0,0,0,0,0,0,704,64,0,0,20,255,255,0,1,24,1,0
1701,死命之黑魔法师,获得死亡命运。,0,33068,67932,25,0,0,0,0,0,0,0,0,804,64,0,0,20,255,255,0,1,24,1,0
1702,摹仿之召唤师,获得摹仿论。,0,33566,67932,27,0,0,0,0,0,0,0,0,904,64,0,0,20,255,255,0,1,24,1,0
1703,远征之学者,获得远征记。,0,33567,67932,28,0,0,0,0,0,0,0,0,1004,64,0,0,20,255,255,0,1,24,1,0
1704,藏骨之忍者,获得藏骨短刀。,0,33905,67932,30,0,0,0,0,0,0,0,0,604,64,0,0,20,255,255,0,1,24,1,0
1705,死锁之机工士,获得死锁。,0,34679,67932,31,0,0,0,0,0,0,0,0,1204,64,0,0,20,255,255,0,1,24,1,0
1706,神王之暗黑骑士,获得克洛诺斯巨剑。,0,34278,67932,32,0,0,0,0,0,0,0,0,1104,64,0,0,20,255,255,0,1,24,1,0
1707,寿老之占星术士,获得寿星仪。,0,34878,67932,33,0,0,0,0,0,0,0,0,1304,64,0,0,20,255,255,0,1,24,1,0
1708,血族之骑士·灵光,获得血族剑·灵光和圣母盾·灵光。,0,30552,67940,19,0,0,0,0,0,0,0,0,105,64,0,0,20,255,255,0,1,24,1,0
1709,铁腕之武僧·灵光,获得尼耶佩尔斗拳·灵光。,0,31120,67940,20,0,0,0,0,0,0,0,0,205,64,0,0,20,255,255,0,1,24,1,0
1710,主宰之战士·灵光,获得米诺斯斧·灵光。,0,31524,67940,21,0,0,0,0,0,0,0,0,305,64,0,0,20,255,255,0,1,24,1,0
1711,屠戮之龙骑士·灵光,获得屠龙戟·灵光。,0,31924,67940,22,0,0,0,0,0,0,0,0,405,64,0,0,20,255,255,0,1,24,1,0
1712,典乐之诗人·灵光,获得特尔潘德弓·灵光。,0,32319,67940,23,0,0,0,0,0,0,0,0,505,64,0,0,20,255,255,0,1,24,1,0
1713,闪烁之白魔法师·灵光,获得辛德利幻杖·灵光。,0,32700,67940,24,0,0,0,0,0,0,0,0,705,64,0,0,20,255,255,0,1,24,1,0
1714,死命之黑魔法师·灵光,获得死亡命运·灵光。,0,33069,67940,25,0,0,0,0,0,0,0,0,805,64,0,0,20,255,255,0,1,24,1,0
1715,摹仿之召唤师·灵光,获得摹仿论·灵光。,0,33568,67940,27,0,0,0,0,0,0,0,0,905,64,0,0,20,255,255,0,1,24,1,0
1716,远征之学者·灵光,获得远征记·灵光。,0,33569,67940,28,0,0,0,0,0,0,0,0,1005,64,0,0,20,255,255,0,1,24,1,0
1717,藏骨之忍者·灵光,获得藏骨短刀·灵光。,0,33906,67940,30,0,0,0,0,0,0,0,0,605,64,0,0,20,255,255,0,1,24,1,0
1718,死锁之机工士·灵光,获得死锁·灵光。,0,34680,67940,31,0,0,0,0,0,0,0,0,1205,64,0,0,20,255,255,0,1,24,1,0
1719,神王之暗黑骑士·灵光,获得克洛诺斯巨剑·灵光。,0,34279,67940,32,0,0,0,0,0,0,0,0,1105,64,0,0,20,255,255,0,1,24,1,0
1720,寿老之占星术士·灵光,获得寿星仪·灵光。,0,34879,67940,33,0,0,0,0,0,0,0,0,1305,64,0,0,20,255,255,0,1,24,1,0
1721,专研木工笔记5,累计完成并标记320种制作笔记中的木工配方。,16958,1524,192,320,0,0,0,0,0,0,0,0,25,24,9,60,10,255,107,3,1,1,1,0
1722,专研锻冶笔记5,累计完成并标记380种制作笔记中的锻冶配方。,16959,1574,193,380,0,0,0,0,0,0,0,0,25,25,10,60,10,255,108,3,1,1,1,0
1723,专研甲胄笔记5,累计完成并标记280种制作笔记中的铸甲配方。,16960,1625,194,280,0,0,0,0,0,0,0,0,25,26,11,60,10,255,109,3,1,1,1,0
1724,专研雕金笔记5,累计完成并标记550种制作笔记中的雕金配方。,16961,1676,195,550,0,0,0,0,0,0,0,0,25,27,12,60,10,255,110,3,1,1,1,0
1725,专研皮革笔记5,累计完成并标记360种制作笔记中的皮革配方。,16962,1724,196,360,0,0,0,0,0,0,0,0,25,28,13,60,10,255,111,3,1,1,1,0
1726,专研裁缝笔记5,累计完成并标记440种制作笔记中的裁缝配方。,16963,1774,197,440,0,0,0,0,0,0,0,0,25,29,14,60,10,255,112,3,1,1,1,0
1727,专研炼金笔记5,累计完成并标记270种制作笔记中的炼金配方。,16964,1825,198,270,0,0,0,0,0,0,0,0,25,30,15,60,10,255,113,3,1,1,1,0
1728,专研烹调笔记5,累计完成并标记190种制作笔记中的烹调配方。,16965,1875,199,190,0,0,0,0,0,0,0,0,25,31,16,60,10,255,114,3,1,1,1,0
1729,专研采掘笔记5,累计采掘成功并标记150种采集笔记中记载的采矿工专属素材。,16966,1015,200,150,0,0,0,0,0,0,0,0,45,32,17,60,10,255,115,3,1,1,1,0
1730,专研采伐笔记5,累计采伐成功并标记230种采集笔记中记载的园艺工专属素材。,16967,1065,201,230,0,0,0,0,0,0,0,0,45,33,18,60,10,255,116,3,1,1,1,0
1731,专研钓鱼笔记5,累计钓上并标记460种钓鱼笔记中记载的物种。,16968,1104,202,460,0,0,0,0,0,0,0,0,45,34,19,60,10,255,117,3,1,1,1,0
1732,愿者上钩13,在重生、苍穹、红莲区域钓上156种钓场之王。,0,1102,267,156,0,0,0,0,0,0,0,0,82,34,0,0,20,255,255,0,1,1,1,0
1733,,,0,0,0,0,0,0,0,0,0,0,0,0,0,0,0,0,0,0,0,0,0,0,0,0
1734,艾因哈特家的探索任务1,首次达成云冠群岛的探索任务。,0,2806,544,1,0,0,0,0,0,0,0,0,2016,49,0,0,5,255,255,0,1,1,1,1
1735,艾因哈特家的探索任务2,累计达成10次云冠群岛的探索任务。,0,2806,544,10,0,0,0,0,0,0,0,0,2017,49,0,0,5,255,255,0,1,1,1,1
1736,艾因哈特家的探索任务3,累计达成30次云冠群岛的探索任务。,0,2806,544,30,0,0,0,0,0,0,0,0,2018,49,0,0,10,255,255,0,1,1,1,1
1737,艾因哈特家的探索任务4,累计达成100次云冠群岛的探索任务。,0,2806,544,100,0,0,0,0,0,0,0,0,2019,49,0,0,20,255,255,0,1,1,1,1
1738,,,0,0,0,0,0,0,0,0,0,0,0,0,0,0,0,0,0,0,0,0,0,0,0,0
1739,,,0,0,0,0,0,0,0,0,0,0,0,0,0,0,0,0,0,0,0,0,0,0,0,0
1740,,,0,0,0,0,0,0,0,0,0,0,0,0,0,0,0,0,0,0,0,0,0,0,0,0
1741,,,0,0,0,0,0,0,0,0,0,0,0,0,0,0,0,0,0,0,0,0,0,0,0,0
1742,,,0,0,0,0,0,0,0,0,0,0,0,0,0,0,0,0,0,0,0,0,0,0,0,0
1743,激昂青云1,成功完成30次云冠群岛的危命任务。,0,3126,546,30,0,0,0,0,0,0,0,0,2020,49,0,0,5,255,255,0,1,1,1,1
1744,激昂青云2,成功完成100次云冠群岛的危命任务。,0,3126,546,100,0,0,0,0,0,0,0,0,2021,49,0,0,5,255,255,0,1,1,1,1
1745,激昂青云3,成功完成300次云冠群岛的危命任务。,0,3126,546,300,0,0,0,0,0,0,0,0,2022,49,0,0,10,255,255,0,1,1,1,1
1746,称霸漂流遗迹,完成云冠群岛漂流遗迹的紧急任务。,0,317,547,1,0,0,0,0,0,0,0,0,2023,49,0,0,10,255,255,0,1,1,1,1
1747,如探囊取物1,在群狼盛宴或水晶冲突中首次击倒敌人（K）。,0,254,548,1,0,0,0,0,0,0,0,0,1001,9,0,0,5,255,255,0,1,1,1,0
1748,如探囊取物2,在群狼盛宴或水晶冲突中累计击倒敌人（K）100次。,0,254,548,100,0,0,0,0,0,0,0,345,1002,9,43,30,5,255,255,0,1,1,1,0
1749,如探囊取物3,在群狼盛宴或水晶冲突中累计击倒敌人（K）300次。,17533,254,548,300,0,0,0,0,0,0,0,0,1003,9,43,30,5,255,105,2,1,1,1,0
1750,如探囊取物4,在群狼盛宴或水晶冲突中累计击倒敌人（K）1000次。,0,254,548,1000,0,0,0,0,0,0,0,0,1004,9,0,0,10,255,255,0,1,1,1,0
1751,如探囊取物5,在群狼盛宴或水晶冲突中累计击倒敌人（K）5000次。,0,254,548,5000,0,0,0,0,0,0,0,346,1005,9,43,30,20,255,255,0,1,1,1,0
1752,左膀右臂1,在群狼盛宴或水晶冲突中首次拿到助攻（A）。,0,618,549,1,0,0,0,0,0,0,0,0,1101,9,0,0,5,255,255,0,1,1,1,0
1753,左膀右臂2,在群狼盛宴或水晶冲突中累计拿到100次助攻（A）。,0,618,549,100,0,0,0,0,0,0,0,347,1102,9,43,30,5,255,255,0,1,1,1,0
1754,左膀右臂3,在群狼盛宴或水晶冲突中累计拿到300次助攻（A）。,17534,618,549,300,0,0,0,0,0,0,0,0,1103,9,43,30,5,255,106,2,1,1,1,0
1755,左膀右臂4,在群狼盛宴或水晶冲突中累计拿到1000次助攻（A）。,0,618,549,1000,0,0,0,0,0,0,0,0,1104,9,0,0,10,255,255,0,1,1,1,0
1756,左膀右臂5,在群狼盛宴或水晶冲突中累计拿到5000次助攻（A）。,0,618,549,5000,0,0,0,0,0,0,0,348,1105,9,43,30,20,255,255,0,1,1,1,0
1757,守护者,从黑衣法师那里获得13个职业称号。,0,40248,550,1,0,0,0,0,0,0,0,325,260,19,0,0,20,255,255,0,1,1,1,0
1758,金狼,从黑衣法师那里获得金狼装备的全套5件以及牙狼剑，并让黑衣法师看到全部装备上的形态。,0,30555,551,1,0,0,0,0,0,0,0,326,261,19,0,0,10,255,255,0,1,1,1,0
1759,漆黑,从黑衣法师那里获得漆黑装备的全套5件以及暗黑斩，并让黑衣法师看到全部装备上的形态。,0,31528,553,1,0,0,0,0,0,0,0,328,263,19,0,0,10,255,255,0,1,1,1,0
1760,暗黑,从黑衣法师那里获得暗黑装备的全套5件以及阎魔斩光剑，并让黑衣法师看到全部装备上的形态。,0,34281,561,1,0,0,0,0,0,0,0,336,271,19,0,0,10,255,255,0,1,1,1,0
1761,白夜,从黑衣法师那里获得白夜装备的全套5件以及白夜枪，并让黑衣法师看到全部装备上的形态。,0,31928,554,1,0,0,0,0,0,0,0,329,264,19,0,0,10,255,255,0,1,1,1,0
1762,魔戒斗师·拳,从黑衣法师那里获得魔戒斗师装备的全套5件以及魔戒拳，并让黑衣法师看到全部装备上的形态。,0,31121,552,1,0,0,0,0,0,0,0,327,262,19,0,0,10,255,255,0,1,1,1,0
1763,银狼,从黑衣法师那里获得银狼装备的全套5件以及银狼剑，并让黑衣法师看到全部装备上的形态。,0,33907,558,1,0,0,0,0,0,0,0,333,266,19,0,0,10,255,255,0,1,1,1,0
1764,魔戒弓师·射,从黑衣法师那里获得魔戒弓师装备的全套5件以及魔戒弓，并让黑衣法师看到全部装备上的形态。,0,32320,555,1,0,0,0,0,0,0,0,330,265,19,0,0,10,255,255,0,1,1,1,0
1765,魔戒弓师·击,从黑衣法师那里获得魔戒弓师装备的全套5件以及魔戒铳，并让黑衣法师看到全部装备上的形态。,0,34681,562,1,0,0,0,0,0,0,0,337,272,19,0,0,10,255,255,0,1,1,1,0
1766,魔戒法师·暗,从黑衣法师那里获得魔戒法师装备的全套5件以及魔导笔，并让黑衣法师看到全部装备上的形态。,0,33071,556,1,0,0,0,0,0,0,0,331,268,19,0,0,10,255,255,0,1,1,1,0
1767,魔戒法师·令,从黑衣法师那里获得魔戒法师装备的全套5件以及魔导录，并让黑衣法师看到全部装备上的形态。,0,33570,559,1,0,0,0,0,0,0,0,334,269,19,0,0,10,255,255,0,1,1,1,0
1768,魔戒导师·光,从黑衣法师那里获得魔戒导师装备的全套5件以及魔导杖，并让黑衣法师看到全部装备上的形态。,0,32703,557,1,0,0,0,0,0,0,0,332,267,19,0,0,10,255,255,0,1,1,1,0
1769,魔戒导师·知,从黑衣法师那里获得魔戒导师装备的全套5件以及魔戒书，并让黑衣法师看到全部装备上的形态。,0,33571,560,1,0,0,0,0,0,0,0,335,270,19,0,0,10,255,255,0,1,1,1,0
1770,魔戒导师·星,从黑衣法师那里获得魔戒导师装备的全套5件以及魔导球，并让黑衣法师看到全部装备上的形态。,0,34880,563,1,0,0,0,0,0,0,0,338,273,19,0,0,10,255,255,0,1,1,1,0
1771,轰天,设置从黑衣法师那里获得的称号后在群狼盛宴与水晶冲突中累计取得30次胜利。,16565,266,564,30,0,0,0,0,0,0,0,0,51,7,0,0,10,255,118,1,1,1,1,0
1772,银牙,设置从黑衣法师那里获得的称号后在纷争前线与烈羽争锋中累计取得10次胜利。,16566,266,565,10,0,0,0,0,0,0,0,0,52,7,0,0,10,255,119,1,1,1,1,0
1773,雷刚,设置从黑衣法师那里获得的称号后在群狼盛宴、水晶冲突、纷争前线与烈羽争锋中累计取得60次胜利。,16567,266,566,60,0,0,0,0,0,0,0,0,53,7,0,0,20,255,120,1,1,1,1,0
1774,熙洛·阿里亚珀的信任1,熙洛·阿里亚珀的信赖等级达到1级。,0,25507,545,1,0,0,0,0,0,0,0,0,181,12,0,0,5,255,255,0,1,1,1,0
1775,熙洛·阿里亚珀的信任2,熙洛·阿里亚珀的信赖等级达到2级。,0,25507,545,2,0,0,0,0,0,0,0,0,182,12,0,0,5,255,255,0,1,1,1,0
1776,熙洛·阿里亚珀的信任3,熙洛·阿里亚珀的信赖等级达到3级。,0,25507,545,3,0,0,0,0,0,0,0,0,183,12,0,0,5,255,255,0,1,1,1,0
1777,熙洛·阿里亚珀的信任4,熙洛·阿里亚珀的信赖等级达到4级。,0,25507,545,4,0,0,0,0,0,0,0,0,184,12,0,0,5,255,255,0,1,1,1,0
1778,熙洛·阿里亚珀的信任5,熙洛·阿里亚珀的信赖等级达到5级。,0,25507,545,5,0,0,0,0,0,0,0,349,185,12,46,60,10,255,255,0,1,1,1,0
1779,熙洛·阿里亚珀的老主顾1,在熙洛·阿里亚珀处累计交纳收藏品36次。,0,26551,567,36,0,0,0,0,0,0,0,0,31,22,0,0,5,255,255,0,1,1,1,0
1780,熙洛·阿里亚珀的老主顾2,在熙洛·阿里亚珀处累计交纳收藏品48次。,0,26551,567,48,0,0,0,0,0,0,0,0,32,22,0,0,5,255,255,0,1,1,1,0
1781,熙洛·阿里亚珀的老主顾3,在熙洛·阿里亚珀处累计交纳收藏品60次。,0,26551,567,60,0,0,0,0,0,0,0,0,33,22,0,0,5,255,255,0,1,1,1,0
1782,熙洛·阿里亚珀的老主顾4,在熙洛·阿里亚珀处累计交纳收藏品90次。,0,26551,567,90,0,0,0,0,0,0,0,0,34,22,0,0,5,255,255,0,1,1,1,0
1783,熙洛·阿里亚珀的老主顾5,在熙洛·阿里亚珀处累计交纳收藏品120次。,0,26551,567,120,0,0,0,0,0,0,0,0,35,22,0,0,5,255,255,0,1,1,1,0
1784,熙洛·阿里亚珀的老主顾6,在熙洛·阿里亚珀处累计交纳收藏品150次。,0,26551,567,150,0,0,0,0,0,0,0,350,36,22,46,60,10,255,255,0,1,1,1,0
1785,找到宝贝了,完成任务“宝物和红莲节”。,0,42538,68496,0,0,0,0,0,0,0,0,0,77,38,0,0,10,255,255,0,1,6,1,0
1786,感谢有你的四周年,完成任务“故障虫再现”。,0,26107,68497,0,0,0,0,0,0,0,0,0,78,38,0,0,10,255,255,0,1,6,1,0
1787,乘风破浪,完成任务“乘风破浪”。,0,26002,68005,0,0,0,0,0,0,0,0,351,48,76,43,61,20,255,255,0,1,6,27,0
1788,重逢和启程,完成任务“重逢和启程”。,0,26002,68012,0,0,0,0,0,0,0,0,352,49,76,43,62,20,255,255,0,1,6,27,0
1789,片刻的风平浪静,完成任务“片刻的风平浪静”。,0,26002,68026,0,0,0,0,0,0,0,0,353,50,76,43,63,20,255,255,0,1,6,27,0
1790,迈出的一步,完成任务“迈出的一步”。,0,26002,68035,0,0,0,0,0,0,0,0,354,51,76,43,64,20,255,255,0,1,6,27,0
1791,红色的祈愿,完成任务“红色的祈愿”。,0,26002,68053,0,0,0,0,0,0,0,0,355,52,76,43,66,20,255,255,0,1,6,27,0
1792,离别和归来,完成任务“离别和归来”。,0,26002,68062,0,0,0,0,0,0,0,0,356,53,76,43,67,20,255,255,0,1,6,27,0
1793,红衣女子,完成任务“红衣女子”。,0,26002,68083,0,0,0,0,0,0,0,0,357,54,76,43,69,20,255,255,0,1,6,27,0
1794,红莲之狂潮,完成任务“红莲之狂潮”。,0,26002,68089,0,0,0,0,0,0,0,0,358,55,76,43,70,20,255,255,0,1,6,27,0
1795,,,0,0,0,0,0,0,0,0,0,0,0,0,0,0,0,0,0,0,0,0,0,0,0,0
1796,解明真相,完成任务“异常的真相”。,0,26002,68469,0,0,0,0,0,0,0,0,359,227,35,43,70,10,255,255,0,1,6,1,0
1797,自由之骑士,完成任务“为了更强”。,0,26003,68111,0,0,0,0,0,0,0,0,360,323,77,20,70,5,255,255,0,2,6,1,0
1798,复兴之武僧,完成任务“守护之力”。,0,26004,67966,0,0,0,0,0,0,0,0,361,343,77,21,70,5,255,255,0,2,6,1,0
1799,纯爱之战士,完成任务“燃烧吧高吉”。,0,26005,68440,0,0,0,0,0,0,0,0,362,363,77,22,70,5,255,255,0,2,6,1,0
1800,红血之龙骑士,完成任务“红血之龙骑士”。,0,26006,68450,0,0,0,0,0,0,0,0,363,383,77,23,70,5,255,255,0,2,6,1,0
1801,红叶之吟游诗人,完成任务“和平颂歌”。,0,26007,68430,0,0,0,0,0,0,0,0,364,403,77,24,70,5,255,255,0,2,6,1,0
1802,镇守之白魔法师,完成任务“角尊的宝贝”。,0,26008,67954,0,0,0,0,0,0,0,0,365,443,77,25,70,5,255,255,0,2,6,1,0
1803,魔石之黑魔法师,完成任务“通向未来的记忆”。,0,26009,68128,0,0,0,0,0,0,0,0,366,463,77,26,70,5,255,255,0,2,6,1,0
1804,最强之召唤师,完成任务“召唤师的使命”。,0,26010,68165,0,0,0,0,0,0,0,0,367,483,77,28,70,5,255,255,0,2,6,1,0
1805,继承之学者,完成任务“穿越时空的夙愿”。,0,26011,68463,0,0,0,0,0,0,0,0,368,503,77,29,70,5,255,255,0,2,6,1,0
1806,西方之忍者,完成任务“影隐忍法贴”。,0,26037,68488,0,0,0,0,0,0,0,0,369,423,77,30,70,5,255,255,0,2,6,1,0
1807,黑雾之暗黑骑士,完成任务“再次相见”。,0,26040,68455,0,0,0,0,0,0,0,0,370,523,77,32,70,5,255,255,0,2,6,1,0
1808,火枪之机工士,完成任务“认同彼此”。,0,26042,68445,0,0,0,0,0,0,0,0,371,543,77,31,70,5,255,255,0,2,6,1,0
1809,天地之占星术士,完成任务“天地交融”。,0,26041,67949,0,0,0,0,0,0,0,0,372,563,77,33,70,5,255,255,0,2,6,1,0
1810,赤红之赤魔法师,完成任务“最后的抗争”。,0,26056,68118,0,0,0,0,0,0,0,0,0,581,77,0,0,5,255,255,0,2,6,1,0
1811,红莲之赤魔法师,完成任务“抗争之力”。,0,26056,68123,0,0,0,0,0,0,0,0,373,582,77,35,70,5,255,255,0,2,6,1,0
1812,大义之武士,完成任务“极恶之人木枯”。,0,26055,68101,0,0,0,0,0,0,0,0,0,601,77,0,0,5,255,255,0,2,6,1,0
1813,赤诚之武士,完成任务“决战龟甲岛”。,0,26055,68106,0,0,0,0,0,0,0,0,374,602,77,34,70,5,255,255,0,2,6,1,0
1814,利剑中的领悟7,将剑术师升到70级。,0,30408,1,70,0,0,0,0,0,0,0,0,7,13,0,0,5,255,255,0,1,3,1,0
1815,斗拳中的领悟7,将格斗家升到70级。,0,31004,2,70,0,0,0,0,0,0,0,0,27,13,0,0,5,255,255,0,1,3,1,0
1816,大斧中的领悟7,将斧术师升到70级。,0,31409,3,70,0,0,0,0,0,0,0,0,47,13,0,0,5,255,255,0,1,3,1,0
1817,尖枪中的领悟7,将枪术师升到70级。,0,31816,4,70,0,0,0,0,0,0,0,0,67,13,0,0,5,255,255,0,1,3,1,0
1818,箭矢中的领悟7,将弓箭手升到70级。,0,32204,5,70,0,0,0,0,0,0,0,0,87,13,0,0,5,255,255,0,1,3,1,0
1819,幻术中的领悟7,将幻术师升到70级。,0,32611,6,70,0,0,0,0,0,0,0,0,7,14,0,0,5,255,255,0,1,3,1,0
1820,咒术中的领悟7,将咒术师升到70级。,0,32806,7,70,0,0,0,0,0,0,0,0,27,14,0,0,5,255,255,0,1,3,1,0
1821,秘术中的领悟7,将秘术师升到70级。,0,33401,26,70,0,0,0,0,0,0,0,0,47,14,0,0,5,255,255,0,1,3,1,0
1822,双剑中的领悟7,将双剑师升到70级。,0,33801,29,70,0,0,0,0,0,0,0,0,107,13,0,0,5,255,255,0,1,3,1,0
1823,暗剑中的领悟5,将暗黑骑士升到70级。,0,34203,32,70,0,0,0,0,0,0,0,0,125,13,0,0,5,255,255,0,1,3,1,0
1824,机工中的领悟5,将机工士升到70级。,0,34607,31,70,0,0,0,0,0,0,0,0,145,13,0,0,5,255,255,0,1,3,1,0
1825,星图中的领悟5,将占星术士升到70级。,0,34808,33,70,0,0,0,0,0,0,0,0,65,14,0,0,5,255,255,0,1,3,1,0
1826,刺剑中的领悟1,将赤魔法师升到50级。,0,36747,35,50,0,0,0,0,0,0,0,0,81,14,0,0,5,255,255,0,1,3,1,0
1827,刺剑中的领悟2,将赤魔法师升到60级。,0,36747,35,60,0,0,0,0,0,0,0,0,82,14,0,0,5,255,255,0,1,3,1,0
1828,刺剑中的领悟3,将赤魔法师升到70级。,0,36747,35,70,0,0,0,0,0,0,0,0,83,14,0,0,5,255,255,0,1,3,1,0
1829,武道中的领悟1,将武士升到50级。,0,36427,34,50,0,0,0,0,0,0,0,0,161,13,0,0,5,255,255,0,1,3,1,0
1830,武道中的领悟2,将武士升到60级。,0,36427,34,60,0,0,0,0,0,0,0,0,162,13,0,0,5,255,255,0,1,3,1,0
1831,武道中的领悟3,将武士升到70级。,0,36427,34,70,0,0,0,0,0,0,0,0,163,13,0,0,5,255,255,0,1,3,1,0
1832,昭武之勇者,将剑术师、格斗家、斧术师、枪术师、弓箭手、双剑师、暗黑骑士、机工士、武士都升到70级。,0,2547,15,9,0,0,0,0,0,0,0,375,7,12,41,70,20,255,255,0,1,26,1,0
1833,灵魔之智者,将幻术师、咒术师、秘术师、占星术士、赤魔法师都升到70级。,0,2661,16,5,0,0,0,0,0,0,0,376,8,12,42,70,20,255,255,0,1,26,1,0
1834,十四重之道的探究者,达成“昭武之勇者”和“灵魔之智者”两个成就。,20677,2517,1832,1833,0,0,0,0,0,0,0,0,9,12,43,70,30,255,127,3,2,2,1,0
1835,木工中的领悟7,将刻木匠升到70级。,0,35001,8,70,0,0,0,0,0,0,0,0,7,15,0,0,5,255,255,0,1,3,1,0
1836,锻冶中的领悟7,将锻铁匠升到70级。,0,35106,9,70,0,0,0,0,0,0,0,0,27,15,0,0,5,255,255,0,1,3,1,0
1837,甲胄中的领悟7,将铸甲匠升到70级。,0,35203,10,70,0,0,0,0,0,0,0,0,47,15,0,0,5,255,255,0,1,3,1,0
1838,雕金中的领悟7,将雕金匠升到70级。,0,35301,11,70,0,0,0,0,0,0,0,0,67,15,0,0,5,255,255,0,1,3,1,0
1839,皮革中的领悟7,将制革匠升到70级。,0,35404,12,70,0,0,0,0,0,0,0,0,87,15,0,0,5,255,255,0,1,3,1,0
1840,裁缝中的领悟7,将裁衣匠升到70级。,0,35501,13,70,0,0,0,0,0,0,0,0,107,15,0,0,5,255,255,0,1,3,1,0
1841,炼金中的领悟7,将炼金术士升到70级。,0,35604,14,70,0,0,0,0,0,0,0,0,127,15,0,0,5,255,255,0,1,3,1,0
1842,烹调中的领悟7,将烹调师升到70级。,0,35704,15,70,0,0,0,0,0,0,0,0,147,15,0,0,5,255,255,0,1,3,1,0
1843,草木中的领悟7,将园艺工升到70级。,0,38103,17,70,0,0,0,0,0,0,0,0,27,16,0,0,5,255,255,0,1,3,1,0
1844,矿石中的领悟7,将采矿工升到70级。,0,38003,16,70,0,0,0,0,0,0,0,0,7,16,0,0,5,255,255,0,1,3,1,0
1845,垂钓中的领悟7,将捕鱼人升到70级。,0,38203,18,70,0,0,0,0,0,0,0,0,47,16,0,0,5,255,255,0,1,3,1,0
1846,博志之巧者,将刻木匠、锻铁匠、铸甲匠、雕金匠、制革匠、裁衣匠、炼金术士、烹调师都升到70级。,0,61269,17,8,0,0,0,0,0,0,0,377,25,12,44,70,20,255,255,0,1,26,1,0
1847,渊识之贤者,将采矿工、园艺工、捕鱼人的职业都升到70级。,0,1981,18,3,0,0,0,0,0,0,0,378,26,12,45,70,20,255,255,0,1,26,1,0
1848,木工资深者,完成1000次61-70级的木工作业。,0,35001,573,1000,0,0,0,0,0,0,0,0,8,24,0,0,10,255,255,0,1,1,1,0
1849,锻冶资深者,完成1000次61-70级的锻冶作业。,0,35106,574,1000,0,0,0,0,0,0,0,0,8,25,0,0,10,255,255,0,1,1,1,0
1850,铸甲资深者,完成1000次61-70级的铸甲作业。,0,35203,575,1000,0,0,0,0,0,0,0,0,8,26,0,0,10,255,255,0,1,1,1,0
1851,雕金资深者,完成1000次61-70级的雕金作业。,0,35301,576,1000,0,0,0,0,0,0,0,0,8,27,0,0,10,255,255,0,1,1,1,0
1852,制革资深者,完成1000次61-70级的制革作业。,0,35404,577,1000,0,0,0,0,0,0,0,0,8,28,0,0,10,255,255,0,1,1,1,0
1853,裁缝资深者,完成1000次61-70级的裁缝作业。,0,35501,578,1000,0,0,0,0,0,0,0,0,8,29,0,0,10,255,255,0,1,1,1,0
1854,炼金资深者,完成1000次61-70级的炼金作业。,0,35604,579,1000,0,0,0,0,0,0,0,0,8,30,0,0,10,255,255,0,1,1,1,0
1855,烹调资深者,完成1000次61-70级的烹调作业。,0,35704,580,1000,0,0,0,0,0,0,0,0,8,31,0,0,10,255,255,0,1,1,1,0
1856,红莲之采伐能手,在61-70级的良材采伐或割草5000次。,0,1056,581,5000,0,0,0,0,0,0,0,0,21,33,0,0,10,255,255,0,1,1,1,0
1857,红莲之采掘能手,在61-70级的矿脉采掘或碎石5000次。,0,1015,582,5000,0,0,0,0,0,0,0,0,21,32,0,0,10,255,255,0,1,1,1,0
1858,红莲之钓鱼能手,在61-70级的钓场捕鱼3000次。,0,1101,583,3000,0,0,0,0,0,0,0,0,21,34,0,0,10,255,255,0,1,1,1,0
1859,木匠传奇5,累计完成100种木工理符任务。,0,35001,181,100,0,0,0,0,0,0,0,0,85,36,0,0,10,255,255,0,1,1,1,0
1860,铁匠传奇5,累计完成100种锻冶理符任务。,0,35106,182,100,0,0,0,0,0,0,0,0,105,36,0,0,10,255,255,0,1,1,1,0
1861,甲匠传奇5,累计完成100种铸甲理符任务。,0,35203,183,100,0,0,0,0,0,0,0,0,125,36,0,0,10,255,255,0,1,1,1,0
1862,金匠传奇5,累计完成100种雕金理符任务。,0,35301,184,100,0,0,0,0,0,0,0,0,145,36,0,0,10,255,255,0,1,1,1,0
1863,革匠传奇5,累计完成100种制革理符任务。,0,35404,185,100,0,0,0,0,0,0,0,0,165,36,0,0,10,255,255,0,1,1,1,0
1864,衣匠传奇5,累计完成100种裁缝理符任务。,0,35501,186,100,0,0,0,0,0,0,0,0,185,36,0,0,10,255,255,0,1,1,1,0
1865,炼金传奇5,累计完成100种炼金理符任务。,0,35604,187,100,0,0,0,0,0,0,0,0,205,36,0,0,10,255,255,0,1,1,1,0
1866,厨师传奇5,累计完成100种烹调理符任务。,0,35704,188,100,0,0,0,0,0,0,0,0,225,36,0,0,10,255,255,0,1,1,1,0
1867,草木传奇5,累计完成80种园艺理符任务。,0,38103,190,80,0,0,0,0,0,0,0,0,265,36,0,0,10,255,255,0,1,1,1,0
1868,矿石传奇5,累计完成80种采矿理符任务。,0,38003,189,80,0,0,0,0,0,0,0,0,245,36,0,0,10,255,255,0,1,1,1,0
1869,渔民传奇5,累计完成80种钓鱼理符任务。,0,38203,191,80,0,0,0,0,0,0,0,0,285,36,0,0,10,255,255,0,1,1,1,0
1870,展翅迎风：基拉巴尼亚边区,在基拉巴尼亚边区开放飞行坐骑。,0,21901,7,0,0,0,0,0,0,0,0,0,108,12,0,0,5,255,255,0,1,20,1,0
1871,展翅迎风：基拉巴尼亚山区,在基拉巴尼亚山区开放飞行坐骑。,0,21901,9,0,0,0,0,0,0,0,0,0,109,12,0,0,5,255,255,0,1,20,1,0
1872,展翅迎风：基拉巴尼亚湖区,在基拉巴尼亚湖区开放飞行坐骑。,0,21901,11,0,0,0,0,0,0,0,0,0,110,12,0,0,5,255,255,0,1,20,1,0
1873,展翅迎风：红玉海,在红玉海开放飞行坐骑。,0,21901,8,0,0,0,0,0,0,0,0,0,111,12,0,0,5,255,255,0,1,20,1,0
1874,展翅迎风：延夏,在延夏开放飞行坐骑。,0,21901,10,0,0,0,0,0,0,0,0,0,112,12,0,0,5,255,255,0,1,20,1,0
1875,展翅迎风：太阳神草原,在太阳神草原开放飞行坐骑。,0,21901,12,0,0,0,0,0,0,0,0,0,113,12,0,0,5,255,255,0,1,20,1,0
1876,展翅迎风，救民水火,在基拉巴尼亚边区、基拉巴尼亚山区、基拉巴尼亚湖区、红玉海、延夏和太阳神草原均开放飞行坐骑。,0,21901,1870,1871,1872,1873,1874,1875,0,0,0,0,114,12,0,0,10,255,255,0,1,2,1,0
1877,踏遍基拉巴尼亚边区,成功探索基拉巴尼亚边区的所有地区。,0,1001,367,0,0,0,0,0,0,0,0,0,0,47,0,0,10,255,255,0,1,8,1,0
1878,踏遍基拉巴尼亚山区,成功探索基拉巴尼亚山区的所有地区。,0,1001,368,0,0,0,0,0,0,0,0,0,0,47,0,0,10,255,255,0,1,8,1,0
1879,踏遍基拉巴尼亚湖区,成功探索基拉巴尼亚湖区的所有地区。,0,1001,369,0,0,0,0,0,0,0,0,0,0,47,0,0,10,255,255,0,1,8,1,0
1880,踏遍红玉海,成功探索红玉海的所有地区。,0,1001,371,0,0,0,0,0,0,0,0,0,0,48,0,0,10,255,255,0,1,8,1,0
1881,踏遍延夏,成功探索延夏的所有地区。,0,1001,354,0,0,0,0,0,0,0,0,0,0,48,0,0,10,255,255,0,1,8,1,0
1882,踏遍太阳神草原,成功探索太阳神草原的所有地区。,0,1001,372,0,0,0,0,0,0,0,0,0,0,48,0,0,10,255,255,0,1,8,1,0
1883,踏遍妖歌海,成功探索妖歌海（漂流海域）的所有地区。,0,1001,359,0,0,0,0,0,0,0,0,0,60,49,0,0,10,255,255,0,1,8,1,0
1884,踏遍紫水宫,成功探索紫水宫（海底宫殿）的所有地区。,0,1001,336,0,0,0,0,0,0,0,0,0,61,49,0,0,10,255,255,0,1,8,1,0
1885,踏遍巴儿达木霸道,成功探索巴儿达木霸道（试炼行路）的所有地区。,0,1001,375,0,0,0,0,0,0,0,0,0,62,49,0,0,10,255,255,0,1,8,1,0
1886,踏遍多玛王城,成功探索多玛王城（解放决战）的所有地区。,0,1001,396,0,0,0,0,0,0,0,0,0,63,49,0,0,10,255,255,0,1,8,1,0
1887,踏遍帝国白山堡,成功探索帝国白山堡（巨炮要塞）的所有地区。,0,1001,397,0,0,0,0,0,0,0,0,0,64,49,0,0,10,255,255,0,1,8,1,0
1888,踏遍阿拉米格,成功探索阿拉米格（鏖战红莲）的所有地区。,0,1001,373,0,0,0,0,0,0,0,0,0,65,49,0,0,10,255,255,0,1,8,1,0
1889,踏遍黄金阁,成功探索黄金阁（恶党孤城）的所有地区。,0,1001,360,0,0,0,0,0,0,0,0,0,66,49,0,0,10,255,255,0,1,8,1,0
1890,踏遍星导寺,成功探索星导寺（修行古刹）的所有地区。,0,1001,362,0,0,0,0,0,0,0,0,0,67,49,0,0,10,255,255,0,1,8,1,0
1891,,,0,0,0,0,0,0,0,0,0,0,0,0,0,0,0,0,0,0,0,0,0,0,0,0
1892,,,0,0,0,0,0,0,0,0,0,0,0,0,0,0,0,0,0,0,0,0,0,0,0,0
1893,,,0,0,0,0,0,0,0,0,0,0,0,0,0,0,0,0,0,0,0,0,0,0,0,0
1894,,,0,0,0,0,0,0,0,0,0,0,0,0,0,0,0,0,0,0,0,0,0,0,0,0
1895,称霸德尔塔幻境1,成功挑战欧米茄时空狭缝德尔塔幻境。,0,2513,584,1,0,0,0,0,0,0,0,0,0,4,0,0,5,255,255,0,1,1,37,0
1896,称霸德尔塔幻境2,累计成功挑战欧米茄时空狭缝德尔塔幻境5次。,0,2513,584,5,0,0,0,0,0,0,0,0,0,4,0,0,10,255,255,0,1,1,37,0
1897,称霸德尔塔幻境3,累计成功挑战欧米茄时空狭缝德尔塔幻境10次。,0,2513,584,10,0,0,0,0,0,0,0,0,0,4,0,0,20,255,255,0,1,1,37,0
1898,完全称霸德尔塔幻境1,成功挑战欧米茄零式时空狭缝德尔塔幻境。,0,2513,585,1,0,0,0,0,0,0,0,0,0,4,0,0,5,255,255,0,1,1,37,0
1899,完全称霸德尔塔幻境2,累计成功挑战欧米茄零式时空狭缝德尔塔幻境5次。,0,2513,585,5,0,0,0,0,0,0,0,0,0,4,0,0,10,255,255,0,1,1,37,0
1900,完全称霸德尔塔幻境3,累计成功挑战欧米茄零式时空狭缝德尔塔幻境10次。,0,2513,585,10,0,0,0,0,0,0,0,0,0,4,0,0,20,255,255,0,1,1,37,0
1901,魅惑的弑神者,在吉祥天女歼殛战中战胜吉祥天女。,0,317,20049,0,0,0,0,0,0,0,0,0,19,3,0,0,10,255,255,0,1,14,1,0
1902,悍勇的弑神者,在须佐之男歼殛战中战胜须佐之男。,0,317,20047,0,0,0,0,0,0,0,0,0,20,3,0,0,10,255,255,0,1,14,1,0
1903,炉火纯青的探索者,完成探索笔记中红莲之章的项目1-45。,0,1019,586,45,0,0,0,0,0,0,0,0,65,39,0,0,10,255,255,0,1,1,1,0
1904,分解小能手,成功分解道具10000次。,0,26269,294,10000,0,0,0,0,0,0,0,0,0,21,0,0,10,255,255,0,1,1,1,0
1905,老哥布林的学徒7,成功镶嵌魔晶石10000次。,0,109,16,10000,0,0,0,0,0,0,0,0,8,23,0,0,10,255,255,0,1,1,1,0
1906,收藏品制作者4,累计制作收藏品3000次。,0,62973,372,3000,0,0,0,0,0,0,0,0,4,22,0,0,10,255,255,0,1,1,1,0
1907,收藏品采集者4,累计采集收藏品5000次。,0,60031,373,5000,0,0,0,0,0,0,0,0,14,22,0,0,10,255,255,0,1,1,1,0
1908,九宫卡手7,获得190种九宫幻卡。,20256,27661,352,190,0,0,0,0,0,0,0,0,46,18,47,15,10,255,125,4,1,1,1,0
1909,街头决斗者6,与70位非玩家角色进行九宫幻卡对局并取得胜利。,20257,3564,353,70,0,0,0,0,0,0,0,0,55,18,47,15,10,255,126,4,1,1,1,0
1910,红莲狩猎新星,成功讨伐在基拉巴尼亚出现的6种B级恶名精英。,0,2684,6,603,604,605,606,607,608,0,0,0,22,5,0,0,5,255,255,0,1,5,1,0
1911,红莲狩猎行家,成功讨伐在基拉巴尼亚出现的6种A级恶名精英。,0,2680,6,615,616,617,618,619,620,0,0,0,24,5,0,0,5,255,255,0,1,5,1,0
1912,红莲狩猎大师,成功讨伐在基拉巴尼亚出现的3种S级恶名精英。,0,2732,3,627,628,629,0,0,0,0,0,0,26,5,0,0,5,255,255,0,1,5,1,0
1913,东方狩猎新星,成功讨伐在红玉海、延夏、太阳神草原出现的6种B级恶名精英。,0,2684,6,609,610,611,612,613,614,0,0,0,23,5,0,0,5,255,255,0,1,5,1,0
1914,东方狩猎行家,成功讨伐在红玉海、延夏、太阳神草原出现的6种A级恶名精英。,0,2680,6,621,622,623,624,625,626,0,0,0,25,5,0,0,5,255,255,0,1,5,1,0
1915,东方狩猎大师,成功讨伐在红玉海、延夏、太阳神草原出现的3种S级恶名精英。,0,2732,3,630,631,632,0,0,0,0,0,0,27,5,0,0,5,255,255,0,1,5,1,0
1916,A级精英杀手4,成功讨伐1500只A级恶名精英。,0,2680,291,1500,0,0,0,0,0,0,0,0,124,5,0,0,10,255,255,0,1,1,1,0
1917,A级精英杀手5,成功讨伐3000只A级恶名精英。,0,2680,291,3000,0,0,0,0,0,0,0,379,125,5,43,61,10,255,255,0,1,1,1,0
1918,A级精英杀手6,成功讨伐10000只A级恶名精英。,0,2680,291,10000,0,0,0,0,0,0,0,380,126,5,43,61,10,255,255,0,1,1,1,0
1919,S级精英杀手4,成功讨伐1000只S级恶名精英。,0,2732,292,1000,0,0,0,0,0,0,0,0,144,5,0,0,10,255,255,0,1,1,1,0
1920,S级精英杀手5,成功讨伐2000只S级恶名精英。,0,2732,292,2000,0,0,0,0,0,0,0,381,145,5,43,61,10,255,255,0,1,1,1,0
1921,S级精英杀手6,成功讨伐5000只S级恶名精英。,0,2732,292,5000,0,0,0,0,0,0,0,382,146,5,43,61,10,255,255,0,1,1,1,0
1922,怪物猎人传奇,达成“A级精英杀手5”和“S级精英杀手5”两个成就。,20557,2685,1917,1920,0,0,0,0,0,0,0,0,147,5,43,61,10,255,124,1,2,2,1,0
1923,了不起的伐树工,以最高评价完成危命任务“树人长老——奇尔尼斯”。,0,2629,587,1,0,0,0,0,0,0,0,0,37,1,0,0,10,255,255,0,1,1,1,0
1924,洪巴巴杀手,以最高评价完成危命任务“强大的袭击者——洪巴巴”。,0,2629,588,1,0,0,0,0,0,0,0,0,37,1,0,0,10,255,255,0,1,1,1,0
1925,山崩,以最高评价完成危命任务“白色的大脸——涛尔·马乌恩坦”。,0,2629,589,1,0,0,0,0,0,0,0,0,37,1,0,0,10,255,255,0,1,1,1,0
1926,梦断魂劳,以最高评价完成危命任务“做梦的大名——大名观梦螺”。,0,2629,590,1,0,0,0,0,0,0,0,0,37,1,0,0,10,255,255,0,1,1,1,0
1927,尘归尘土归土,以最高评价完成危命任务“叛逆的巨兵——鬼童丸”。,0,2629,591,1,0,0,0,0,0,0,0,0,37,1,0,0,10,255,255,0,1,1,1,0
1928,以牙还牙,以最高评价完成危命任务“长牙大物——摩西娑苏罗”。,0,2629,592,1,0,0,0,0,0,0,0,0,37,1,0,0,10,255,255,0,1,1,1,0
1929,镇压妖狐,以最高评价完成危命任务“九尾妖狐——玉藻御前”。,0,2629,593,1,0,0,0,0,0,0,0,0,37,1,0,0,10,255,255,0,1,1,1,0
1930,断角者,以最高评价完成危命任务“传说中的雷马——伊克西翁”。,0,2629,594,1,0,0,0,0,0,0,0,0,37,1,0,0,10,255,255,0,1,1,1,0
1931,答塔克之旅,以最高评价完成危命任务“答塔克的旅程之大王出阵”。,0,2629,595,1,0,0,0,0,0,0,0,0,37,1,0,0,10,255,255,0,1,1,1,0
1932,勇猛之翼1,初次在烈羽争锋中参战。,0,2567,596,1,0,0,0,0,0,0,0,0,0,11,0,0,5,255,255,0,1,1,1,0
1933,勇猛之翼2,在烈羽争锋中参战50次。,0,2567,596,50,0,0,0,0,0,0,0,0,0,11,0,0,5,255,255,0,1,1,1,0
1934,勇猛之翼3,在烈羽争锋中参战100次。,0,2567,596,100,0,0,0,0,0,0,0,0,0,11,0,0,5,255,255,0,1,1,1,0
1935,勇猛之翼4,在烈羽争锋中参战500次。,0,2567,596,500,0,0,0,0,0,0,0,0,0,11,0,0,10,255,255,0,1,1,1,0
1936,勇猛之翼5,在烈羽争锋中参战1000次。,0,2567,596,1000,0,0,0,0,0,0,0,120,0,11,43,30,20,255,255,0,1,1,1,0
1937,凯旋之翼1,在烈羽争锋中取得初次胜利。,0,2568,597,1,0,0,0,0,0,0,0,0,0,11,0,0,5,255,255,0,1,1,1,0
1938,凯旋之翼2,在烈羽争锋中胜利50次。,0,2568,597,50,0,0,0,0,0,0,0,0,0,11,0,0,5,255,255,0,1,1,1,0
1939,凯旋之翼3,在烈羽争锋中胜利100次。,21053,2568,597,100,0,0,0,0,0,0,0,0,0,11,43,30,5,255,128,1,1,1,1,0
1940,凯旋之翼4,在烈羽争锋中胜利500次。,0,2568,597,500,0,0,0,0,0,0,0,0,0,11,0,0,10,255,255,0,1,1,1,0
1941,凯旋之翼5,在烈羽争锋中胜利1000次。,0,2568,597,1000,0,0,0,0,0,0,0,121,0,11,43,30,20,255,255,0,1,1,1,0
1942,寻宝猎人8,累计20次成功解读陈旧的迦迦纳怪鸟革地图并开启宝箱。,0,115,598,20,0,0,0,0,0,0,0,0,9,6,0,0,20,255,255,0,1,1,1,0
1943,寻宝猎人9,累计20次成功解读陈旧的瞪羚革地图并开启宝箱。,0,115,599,20,0,0,0,0,0,0,0,0,10,6,0,0,20,255,255,0,1,1,1,0
1944,运河探险1,初次入侵运河宝物库。,0,116,600,1,0,0,0,0,0,0,0,383,40,6,43,70,5,255,255,0,1,1,1,0
1945,运河探险2,累计入侵运河宝物库5次。,0,116,600,5,0,0,0,0,0,0,0,0,41,6,0,0,10,255,255,0,1,1,1,0
1946,运河探险3,累计入侵运河宝物库10次。,0,116,600,10,0,0,0,0,0,0,0,0,42,6,0,0,10,255,255,0,1,1,1,0
1947,运河探险4,累计入侵运河宝物库20次。,0,116,600,20,0,0,0,0,0,0,0,244,43,6,43,70,20,255,255,0,1,1,1,0
1948,称霸运河1,初次称霸运河宝物库。,0,116,601,1,0,0,0,0,0,0,0,0,44,6,0,0,5,255,255,0,1,1,1,0
1949,称霸运河2,累计称霸运河宝物库5次。,0,116,601,5,0,0,0,0,0,0,0,0,45,6,0,0,10,255,255,0,1,1,1,0
1950,称霸运河3,累计称霸运河宝物库10次。,0,116,601,10,0,0,0,0,0,0,0,0,46,6,0,0,10,255,255,0,1,1,1,0
1951,称霸运河4,累计称霸运河宝物库20次。,0,116,601,20,0,0,0,0,0,0,0,245,47,6,43,70,20,255,255,0,1,1,1,0
1952,孤独的挑战者3,单人从地下1层进入死者宫殿，并通过地下200层。,0,3321,602,1,0,0,0,0,0,0,0,246,32,2,43,60,20,255,255,0,1,1,1,0
1953,为人民服务的骑士1,"使用骑士挑战“副本迷宫（61级或更高）”“歼殛战（61级或更高）”“幻巧战”“随机任务：练级迷宫”“随机任务：拾级迷宫”共计50次。
※随机任务一天只可以计算一个防护职业，且只能计算一次。",0,2505,633,50,0,0,0,0,0,0,0,0,101,1,0,0,5,255,255,0,1,1,1,0
1954,为人民服务的骑士2,"使用骑士挑战“副本迷宫（61级或更高）”“歼殛战（61级或更高）”“幻巧战”“随机任务：练级迷宫”“随机任务：拾级迷宫”共计100次。
※随机任务一天只可以计算一个防护职业，且只能计算一次。",0,2505,633,100,0,0,0,0,0,0,0,0,102,1,0,0,10,255,255,0,1,1,1,0
1955,为人民服务的骑士3,"使用骑士挑战“副本迷宫（61级或更高）”“歼殛战（61级或更高）”“幻巧战”“随机任务：练级迷宫”“随机任务：拾级迷宫”共计300次。
※随机任务一天只可以计算一个防护职业，且只能计算一次。",20552,2505,633,300,0,0,0,0,0,0,0,0,103,1,20,50,20,255,121,1,1,1,1,0
1956,为人民服务的战士1,"使用战士挑战“副本迷宫（61级或更高）”“歼殛战（61级或更高）”“幻巧战”“随机任务：练级迷宫”“随机任务：拾级迷宫”共计50次。
※随机任务一天只可以计算一个防护职业，且只能计算一次。",0,2551,634,50,0,0,0,0,0,0,0,0,121,1,0,0,5,255,255,0,1,1,1,0
1957,为人民服务的战士2,"使用战士挑战“副本迷宫（61级或更高）”“歼殛战（61级或更高）”“幻巧战”“随机任务：练级迷宫”“随机任务：拾级迷宫”共计100次。
※随机任务一天只可以计算一个防护职业，且只能计算一次。",0,2551,634,100,0,0,0,0,0,0,0,0,122,1,0,0,10,255,255,0,1,1,1,0
1958,为人民服务的战士3,"使用战士挑战“副本迷宫（61级或更高）”“歼殛战（61级或更高）”“幻巧战”“随机任务：练级迷宫”“随机任务：拾级迷宫”共计300次。
※随机任务一天只可以计算一个防护职业，且只能计算一次。",20553,2551,634,300,0,0,0,0,0,0,0,0,123,1,22,50,20,255,122,1,1,1,1,0
1959,为人民服务的暗黑骑士1,"使用暗黑骑士挑战“副本迷宫（61级或更高）”“歼殛战（61级或更高）”“幻巧战”“随机任务：练级迷宫”“随机任务：拾级迷宫”共计50次。
※随机任务一天只可以计算一个防护职业，且只能计算一次。",0,3071,635,50,0,0,0,0,0,0,0,0,141,1,0,0,5,255,255,0,1,1,1,0
1960,为人民服务的暗黑骑士2,"使用暗黑骑士挑战“副本迷宫（61级或更高）”“歼殛战（61级或更高）”“幻巧战”“随机任务：练级迷宫”“随机任务：拾级迷宫”共计100次。
※随机任务一天只可以计算一个防护职业，且只能计算一次。",0,3071,635,100,0,0,0,0,0,0,0,0,142,1,0,0,10,255,255,0,1,1,1,0
1961,为人民服务的暗黑骑士3,"使用暗黑骑士挑战“副本迷宫（61级或更高）”“歼殛战（61级或更高）”“幻巧战”“随机任务：练级迷宫”“随机任务：拾级迷宫”共计300次。
※随机任务一天只可以计算一个防护职业，且只能计算一次。",20554,3071,635,300,0,0,0,0,0,0,0,0,143,1,32,50,20,255,123,1,1,1,1,0
1962,聚魔之光·武士刀,获得角尊太刀。,0,36431,636,1,0,0,0,0,0,0,0,0,1400,65,0,0,10,255,255,0,1,1,1,0
1963,聚魔之光·刺剑,获得角尊刺剑。,0,36751,637,1,0,0,0,0,0,0,0,0,1500,65,0,0,10,255,255,0,1,1,1,0
1964,忠犬太郎,完成任务“忠犬奋斗降神节”。,0,40283,67961,0,0,0,0,0,0,0,0,0,81,38,0,0,10,255,255,0,1,6,6,0
1965,炉火纯青的娴熟探索者,完成探索笔记中红莲之章的项目46-62。,0,1019,638,17,0,0,0,0,0,0,0,131,66,39,43,70,10,255,255,0,1,1,1,0
1966,可靠的队长1,完成10次分队攻略任务。,0,510,639,10,0,0,0,0,0,0,0,0,0,50,0,0,5,255,255,0,1,1,1,0
1967,可靠的队长2,完成30次分队攻略任务。,0,510,639,30,0,0,0,0,0,0,0,0,0,50,0,0,5,255,255,0,1,1,1,0
1968,可靠的队长3,完成100次分队攻略任务。,0,510,639,100,0,0,0,0,0,0,0,0,0,50,0,0,10,255,255,0,1,1,1,0
1969,梅·娜格的信任1,梅·娜格的信赖等级达到1级。,0,25507,640,1,0,0,0,0,0,0,0,0,186,12,0,0,5,255,255,0,1,1,1,0
1970,梅·娜格的信任2,梅·娜格的信赖等级达到2级。,0,25507,640,2,0,0,0,0,0,0,0,0,187,12,0,0,5,255,255,0,1,1,1,0
1971,梅·娜格的信任3,梅·娜格的信赖等级达到3级。,0,25507,640,3,0,0,0,0,0,0,0,0,188,12,0,0,5,255,255,0,1,1,1,0
1972,梅·娜格的信任4,梅·娜格的信赖等级达到4级。,0,25507,640,4,0,0,0,0,0,0,0,0,189,12,0,0,5,255,255,0,1,1,1,0
1973,梅·娜格的信任5,梅·娜格的信赖等级达到5级。,0,25507,640,5,0,0,0,0,0,0,0,118,190,12,46,60,10,255,255,0,1,1,1,0
1974,梅·娜格的老主顾1,在梅·娜格处累计交纳收藏品36次。,0,26551,641,36,0,0,0,0,0,0,0,0,37,22,0,0,5,255,255,0,1,1,1,0
1975,梅·娜格的老主顾2,在梅·娜格处累计交纳收藏品48次。,0,26551,641,48,0,0,0,0,0,0,0,0,38,22,0,0,5,255,255,0,1,1,1,0
1976,梅·娜格的老主顾3,在梅·娜格处累计交纳收藏品60次。,0,26551,641,60,0,0,0,0,0,0,0,0,39,22,0,0,5,255,255,0,1,1,1,0
1977,梅·娜格的老主顾4,在梅·娜格处累计交纳收藏品90次。,0,26551,641,90,0,0,0,0,0,0,0,0,40,22,0,0,5,255,255,0,1,1,1,0
1978,梅·娜格的老主顾5,在梅·娜格处累计交纳收藏品120次。,0,26551,641,120,0,0,0,0,0,0,0,0,41,22,0,0,5,255,255,0,1,1,1,0
1979,梅·娜格的老主顾6,在梅·娜格处累计交纳收藏品150次。,0,26551,641,150,0,0,0,0,0,0,0,119,42,22,46,60,10,255,255,0,1,1,1,0
1980,运河深入1,初次入侵运河宝物库深层。,0,116,642,1,0,0,0,0,0,0,0,128,48,6,43,70,5,255,255,0,1,1,1,0
1981,运河深入2,累计入侵运河宝物库深层5次。,0,116,642,5,0,0,0,0,0,0,0,0,49,6,0,0,10,255,255,0,1,1,1,0
1982,运河深入3,累计入侵运河宝物库深层10次。,0,116,642,10,0,0,0,0,0,0,0,0,50,6,0,0,10,255,255,0,1,1,1,0
1983,运河深入4,累计入侵运河宝物库深层20次。,0,116,642,20,0,0,0,0,0,0,0,129,51,6,43,70,20,255,255,0,1,1,1,0
1984,称霸运河深层1,初次称霸运河宝物库深层。,0,116,643,1,0,0,0,0,0,0,0,0,52,6,0,0,5,255,255,0,1,1,1,0
1985,称霸运河深层2,累计称霸运河宝物库深层5次。,0,116,643,5,0,0,0,0,0,0,0,0,53,6,0,0,10,255,255,0,1,1,1,0
1986,称霸运河深层3,累计称霸运河宝物库深层10次。,0,116,643,10,0,0,0,0,0,0,0,0,54,6,0,0,10,255,255,0,1,1,1,0
1987,称霸运河深层4,累计称霸运河宝物库深层20次。,0,116,643,20,0,0,0,0,0,0,0,130,55,6,43,70,20,255,255,0,1,1,1,0
1988,踏遍斯卡拉遗迹,成功探索斯卡拉遗迹（沉没神殿）的所有地区。,0,1001,413,0,0,0,0,0,0,0,0,0,68,49,0,0,10,255,255,0,1,8,1,0
1989,神勇的征龙者,在神龙梦幻歼灭战中战胜神龙。,0,317,20050,0,0,0,0,0,0,0,0,0,21,3,0,0,10,255,255,0,1,14,1,0
1990,英雄归来,完成任务“英雄归来”。,0,26002,68508,0,0,0,0,0,0,0,0,139,56,76,43,70,20,255,255,0,1,6,27,0
1991,踏遍拉巴纳斯塔,成功探索失落之都拉巴纳斯塔的所有地区。,0,1001,422,0,0,0,0,0,0,0,0,0,1501,49,0,0,10,255,255,0,1,8,23,0
1992,称霸拉巴纳斯塔,成功挑战失落之都拉巴纳斯塔。,0,2542,30058,0,0,0,0,0,0,0,0,0,0,4,0,0,5,255,255,0,1,14,23,0
1993,征服绝境·巴哈姆特,在巴哈姆特绝境战中战胜至尊巴哈姆特。,0,317,30057,0,0,0,0,0,0,0,0,138,0,4,43,70,10,255,255,0,1,14,1,0
1994,狼来了!,完成任务“守护天节与一群狼”。,0,42584,68548,0,0,0,0,0,0,0,0,0,79,38,0,0,10,255,255,0,1,6,3,0
1995,邂逅的森林,完成任务“小偷与熊的星芒节”。,0,26038,68546,0,0,0,0,0,0,0,0,0,80,38,0,0,10,255,255,0,1,6,5,0
1996,亥猫战争,完成任务“猪猪危机降神节”。,0,40299,68550,0,0,0,0,0,0,0,0,0,90,38,0,0,10,255,255,0,1,6,16,0
1997,碧玉寻宝众1,与甲人族的“碧玉寻宝众”之间的关系程度到达3级“友好”。,0,62964,9,3,0,0,0,0,0,0,0,0,0,37,0,0,5,255,255,0,1,15,1,0
1998,碧玉寻宝众2,与甲人族的“碧玉寻宝众”之间的关系程度到达4级“信赖”。,0,62964,9,4,0,0,0,0,0,0,0,0,0,37,0,0,5,255,255,0,1,15,1,0
1999,碧玉寻宝众3,与甲人族的“碧玉寻宝众”之间的关系程度到达6级“名誉”。,0,62964,9,6,0,0,0,0,0,0,0,0,0,37,0,0,10,255,255,0,1,15,1,0
2000,寻宝众亲属,与甲人族的“碧玉寻宝众”之间的关系程度到达7级“誓约”。,0,62964,9,7,0,0,0,0,0,0,0,140,0,37,43,60,20,255,255,0,1,15,1,0
2001,时尚先锋1,在时尚品鉴中获得80分或更高的评价。,0,119,664,1,0,0,0,0,0,0,0,0,501,12,0,0,5,255,255,0,1,1,1,0
2002,时尚先锋2,在时尚品鉴中获得90分或更高的评价。,0,119,665,1,0,0,0,0,0,0,0,0,502,12,0,0,5,255,255,0,1,1,1,0
2003,时尚先锋3,在时尚品鉴中获得100分满分评价。,0,119,666,1,0,0,0,0,0,0,0,141,503,12,47,15,10,255,255,0,1,1,1,0
2004,,,0,0,0,0,0,0,0,0,0,0,0,0,0,0,0,0,0,0,0,0,0,0,0,0
2005,,,0,0,0,0,0,0,0,0,0,0,0,0,0,0,0,0,0,0,0,0,0,0,0,0
2006,旋律的沉醉者6,在管弦乐琴乐谱集中加入累计200首乐曲。,22472,25945,464,200,0,0,0,0,0,0,0,0,31,19,47,1,10,255,129,4,1,1,1,0
2007,砺爪群狼1,在群狼盛宴中以战队参战并取得初次胜利。,0,3218,645,1,0,0,0,0,0,0,0,0,1201,9,0,0,5,255,255,0,1,1,1,1
2008,砺爪群狼2,在群狼盛宴中以战队参战并累计胜利10次。,22354,3218,645,10,0,0,0,0,0,0,0,0,1202,9,0,0,5,255,130,3,1,1,1,1
2009,砺爪群狼3,在群狼盛宴中以战队参战并累计胜利50次。,22353,3218,645,50,0,0,0,0,0,0,0,0,1203,9,0,0,5,255,131,3,1,1,1,1
2010,砺爪群狼4,在群狼盛宴中以战队参战并累计胜利100次。,22356,3218,645,100,0,0,0,0,0,0,0,0,1204,9,0,0,10,255,132,3,1,1,1,1
2011,砺爪群狼5,在群狼盛宴中以战队参战并累计胜利200次。,22355,3218,645,200,0,0,0,0,0,0,0,0,1205,9,0,0,10,255,133,3,1,1,1,1
2012,锐爪群狼,在群狼盛宴中以战队参战并累计胜利500次。,0,3218,645,500,0,0,0,0,0,0,0,172,1206,9,0,0,20,255,255,0,1,1,1,1
2013,曙光微明,完成任务“曙光微明”。,0,26002,68565,0,0,0,0,0,0,0,0,181,57,76,43,70,20,255,255,0,1,6,27,0
2014,阿露帕国境警备队1,与阿难陀族的“阿露帕国境警备队”之间的关系程度到达3级“友好”。,0,62963,10,3,0,0,0,0,0,0,0,0,0,37,0,0,5,255,255,0,1,15,1,0
2015,阿露帕国境警备队2,与阿难陀族的“阿露帕国境警备队”之间的关系程度到达4级“信赖”。,0,62963,10,4,0,0,0,0,0,0,0,0,0,37,0,0,5,255,255,0,1,15,1,0
2016,阿露帕国境警备队3,与阿难陀族的“阿露帕国境警备队”之间的关系程度到达6级“名誉”。,0,62963,10,6,0,0,0,0,0,0,0,0,0,37,0,0,10,255,255,0,1,15,1,0
2017,阿露帕的引导者,与阿难陀族的“阿露帕国境警备队”之间的关系程度到达7级“誓约”。,0,62963,10,7,0,0,0,0,0,0,0,221,0,37,43,60,20,255,255,0,1,15,1,0
2018,见习爱情传道士的帮手,完成任务“恋人节与见习爱情传道士”。,0,52583,68618,0,0,0,0,0,0,0,0,0,82,38,0,0,10,255,255,0,1,6,7,0
2019,颜表立！,完成任务“女儿节的大声援”。,0,26435,68620,0,0,0,0,0,0,0,0,0,83,38,0,0,10,255,255,0,1,6,8,0
2020,彩蛋追踪者,完成任务“彩蛋狩猎的大事件”。,0,59680,68615,0,0,0,0,0,0,0,0,0,84,38,0,0,10,255,255,0,1,6,9,0
2021,踏遍狱之盖,成功探索狱之盖（红玉火山）的所有地区。,0,1001,439,0,0,0,0,0,0,0,0,0,69,49,0,0,10,255,255,0,1,8,1,0
2022,再次踏遍无限回廊,成功探索无限回廊（疯狂战舰）的所有地区。,0,1001,441,0,0,0,0,0,0,0,0,0,70,49,0,0,10,255,255,0,1,8,1,0
2023,白帝的镇魂者,在白虎诗魂战中战胜白虎。,0,317,20052,0,0,0,0,0,0,0,0,0,22,3,0,0,10,255,255,0,1,14,1,0
2024,称霸西格玛幻境1,成功挑战欧米茄时空狭缝西格玛幻境。,0,2638,646,1,0,0,0,0,0,0,0,0,0,4,0,0,5,255,255,0,1,1,37,0
2025,称霸西格玛幻境2,累计成功挑战欧米茄时空狭缝西格玛幻境5次。,0,2638,646,5,0,0,0,0,0,0,0,0,0,4,0,0,10,255,255,0,1,1,37,0
2026,称霸西格玛幻境3,累计成功挑战欧米茄时空狭缝西格玛幻境10次。,0,2638,646,10,0,0,0,0,0,0,0,0,0,4,0,0,20,255,255,0,1,1,37,0
2027,完全称霸西格玛幻境1,成功挑战欧米茄零式时空狭缝西格玛幻境。,0,2638,647,1,0,0,0,0,0,0,0,0,0,4,0,0,5,255,255,0,1,1,37,0
2028,完全称霸西格玛幻境2,累计成功挑战欧米茄零式时空狭缝西格玛幻境5次。,0,2638,647,5,0,0,0,0,0,0,0,0,0,4,0,0,10,255,255,0,1,1,37,0
2029,完全称霸西格玛幻境3,累计成功挑战欧米茄零式时空狭缝西格玛幻境10次。,0,2638,647,10,0,0,0,0,0,0,0,0,0,4,0,0,20,255,255,0,1,1,37,0
2030,侠义之骑士·常风,获得嘉拉汀·常风和艾瓦拉克血十字盾·常风。,0,30575,648,1,0,0,0,0,0,0,0,0,100,66,0,0,10,255,255,0,1,1,1,0
2031,伐煞之战士·常风,获得伐煞斧·常风。,0,31541,649,1,0,0,0,0,0,0,0,0,300,66,0,0,10,255,255,0,1,1,1,0
2032,裂斩之暗黑骑士·常风,获得裂斩剑卡拉德博尔格·常风。,0,34299,650,1,0,0,0,0,0,0,0,0,1100,66,0,0,10,255,255,0,1,1,1,0
2033,真血之龙骑士·常风,获得龙须·常风。,0,31947,651,1,0,0,0,0,0,0,0,0,400,66,0,0,10,255,255,0,1,1,1,0
2034,善见之武僧·常风,获得善见神轮·常风。,0,31142,652,1,0,0,0,0,0,0,0,0,200,66,0,0,10,255,255,0,1,1,1,0
2035,息风之忍者·常风,获得息风·常风。,0,33921,653,1,0,0,0,0,0,0,0,0,600,66,0,0,10,255,255,0,1,1,1,0
2036,明珍之武士·常风,获得菊一文字·常风。,0,36412,654,1,0,0,0,0,0,0,0,0,1400,66,0,0,10,255,255,0,1,1,1,0
2037,必中之吟游诗人·常风,获得必中琴弓·常风。,0,32342,655,1,0,0,0,0,0,0,0,0,500,66,0,0,10,255,255,0,1,1,1,0
2038,异乡之机工士·常风,获得外来者·常风。,0,34693,656,1,0,0,0,0,0,0,0,0,1200,66,0,0,10,255,255,0,1,1,1,0
2039,破坏之黑魔法师·常风,获得破坏之杖·常风。,0,33093,657,1,0,0,0,0,0,0,0,0,800,66,0,0,10,255,255,0,1,1,1,0
2040,魔神之召唤师·常风,获得雷蒙盖顿·常风。,0,33237,658,1,0,0,0,0,0,0,0,0,900,66,0,0,10,255,255,0,1,1,1,0
2041,死印之赤魔法师·常风,获得死印剑·常风。,0,36701,659,1,0,0,0,0,0,0,0,0,1500,66,0,0,10,255,255,0,1,1,1,0
2042,驱除之白魔法师·常风,获得驱除之杖·常风。,0,32724,660,1,0,0,0,0,0,0,0,0,700,66,0,0,10,255,255,0,1,1,1,0
2043,神工之学者·常风,获得工具论·常风。,0,33240,661,1,0,0,0,0,0,0,0,0,1000,66,0,0,10,255,255,0,1,1,1,0
2044,昴宿之占星术士·常风,获得昴星团天仪·常风。,0,34900,662,1,0,0,0,0,0,0,0,0,1300,66,0,0,10,255,255,0,1,1,1,0
2045,常风地带调查报告书,完成禁地优雷卡常风之地的所有剧情目标。,0,26185,663,1,0,0,0,0,0,0,0,0,2111,49,0,0,10,255,255,0,1,1,1,0
2046,踏遍常风之地,成功探索禁地优雷卡常风之地的所有地区。,0,1001,414,0,0,0,0,0,0,0,0,0,2101,49,0,0,10,255,255,0,1,8,1,0
2047,天之御柱的探索者1,成功突破天之御柱第10层。,0,2533,667,1,0,0,0,0,0,0,0,0,101,2,0,0,5,255,255,0,1,1,1,0
2048,天之御柱的探索者2,成功突破天之御柱第20层。,0,2533,668,1,0,0,0,0,0,0,0,0,102,2,0,0,5,255,255,0,1,1,1,0
2049,天之御柱的探索者3,成功突破天之御柱第30层。,0,2533,669,1,0,0,0,0,0,0,0,384,103,2,43,70,5,255,255,0,1,1,1,0
2050,天之御柱的探索者4,成功突破天之御柱第50层。,0,2533,670,1,0,0,0,0,0,0,0,0,104,2,0,0,10,255,255,0,1,1,1,0
2051,天之御柱的探索者5,成功突破天之御柱第100层。,0,2533,671,1,0,0,0,0,0,0,0,385,105,2,43,70,10,255,255,0,1,1,1,0
2052,天光闪耀,获得任意一把“天之武器”。,0,27961,672,1,0,0,0,0,0,0,0,0,5000,65,0,0,10,255,255,0,1,1,1,0
2053,真正英雄的证明,持有或装备“天之耳饰”“天之首饰”“天之手饰”“天之指饰”时，与年迈的海盗对话。,0,2509,673,1,0,0,0,0,0,0,0,386,218,19,43,70,10,255,255,0,1,1,1,0
2054,孤高的挑战者1,单人从第1层进入天之御柱，并到达第51层。,0,3321,674,1,0,0,0,0,0,0,0,0,108,2,0,0,10,255,255,0,1,1,1,0
2055,孤高的挑战者2,单人从第1层进入天之御柱，并通过第100层。,0,3321,675,1,0,0,0,0,0,0,0,387,109,2,43,70,10,255,255,0,1,1,1,0
2056,埋藏的宝藏5,发现埋藏的宝藏10000个。,0,60035,539,10000,0,0,0,0,0,0,0,388,39,2,43,60,20,255,255,0,1,1,1,0
2057,踏遍岩燕庙,成功探索岩燕庙（风水灵庙）的所有地区。,0,1001,464,0,0,0,0,0,0,0,0,0,71,49,0,0,10,255,255,0,1,8,1,0
2058,踏遍黎铎拉纳,成功探索封闭圣塔黎铎拉纳大灯塔的所有地区。,0,1001,470,0,0,0,0,0,0,0,0,0,1502,49,0,0,10,255,255,0,1,8,23,0
2059,踏遍恒冰之地,成功探索禁地优雷卡恒冰之地的所有地区。,0,1001,467,0,0,0,0,0,0,0,0,0,2102,49,0,0,10,255,255,0,1,8,1,0
2060,夜月的弑神者,在月读幽夜歼灭战中战胜月读。,0,317,20056,0,0,0,0,0,0,0,0,0,23,3,0,0,10,255,255,0,1,14,1,0
2061,常在战场1,在每日轮换的纷争前线中取得初次胜利。,0,210,676,1,0,0,0,0,0,0,0,0,101,10,0,0,5,255,255,0,1,1,1,0
2062,常在战场2,在每日轮换的纷争前线中取得10次胜利。,0,210,676,10,0,0,0,0,0,0,0,0,102,10,0,0,5,255,255,0,1,1,1,0
2063,常在战场3,在每日轮换的纷争前线中取得30次胜利。,0,210,676,30,0,0,0,0,0,0,0,0,103,10,0,0,5,255,255,0,1,1,1,0
2064,常在战场4,在每日轮换的纷争前线中取得50次胜利。,0,210,676,50,0,0,0,0,0,0,0,0,104,10,0,0,5,255,255,0,1,1,1,0
2065,常在战场5,在每日轮换的纷争前线中取得100次胜利。,23124,210,676,100,0,0,0,0,0,0,0,0,105,10,43,30,10,255,134,1,1,1,1,0
2066,常在战场6,在每日轮换的纷争前线中取得300次胜利。,0,210,676,300,0,0,0,0,0,0,0,389,106,10,43,30,20,255,255,0,1,1,1,0
2067,红的信任1,红的信赖等级达到1级。,0,25507,677,1,0,0,0,0,0,0,0,0,191,12,0,0,5,255,255,0,1,1,1,0
2068,红的信任2,红的信赖等级达到2级。,0,25507,677,2,0,0,0,0,0,0,0,0,192,12,0,0,5,255,255,0,1,1,1,0
2069,红的信任3,红的信赖等级达到3级。,0,25507,677,3,0,0,0,0,0,0,0,0,193,12,0,0,5,255,255,0,1,1,1,0
2070,红的信任4,红的信赖等级达到4级。,0,25507,677,4,0,0,0,0,0,0,0,0,194,12,0,0,5,255,255,0,1,1,1,0
2071,红的信任5,红的信赖等级达到5级。,0,25507,677,5,0,0,0,0,0,0,0,390,195,12,46,62,10,255,255,0,1,1,1,0
2072,红的老主顾1,在红处累计交纳收藏品36次。,0,26551,678,36,0,0,0,0,0,0,0,0,43,22,0,0,5,255,255,0,1,1,1,0
2073,红的老主顾2,在红处累计交纳收藏品48次。,0,26551,678,48,0,0,0,0,0,0,0,0,44,22,0,0,5,255,255,0,1,1,1,0
2074,红的老主顾3,在红处累计交纳收藏品60次。,0,26551,678,60,0,0,0,0,0,0,0,0,45,22,0,0,5,255,255,0,1,1,1,0
2075,红的老主顾4,在红处累计交纳收藏品90次。,0,26551,678,90,0,0,0,0,0,0,0,0,46,22,0,0,5,255,255,0,1,1,1,0
2076,红的老主顾5,在红处累计交纳收藏品120次。,0,26551,678,120,0,0,0,0,0,0,0,0,47,22,0,0,5,255,255,0,1,1,1,0
2077,红的老主顾6,在红处累计交纳收藏品150次。,0,26551,678,150,0,0,0,0,0,0,0,391,48,22,46,62,10,255,255,0,1,1,1,0
2078,九宫卡手8,获得220种九宫幻卡。,23053,27661,352,220,0,0,0,0,0,0,0,0,47,18,47,15,10,255,135,4,1,1,1,0
2079,愿者上钩14,在重生、苍穹、红莲区域钓上170种钓场之王。,0,1102,267,170,0,0,0,0,0,0,0,0,83,34,0,0,20,255,255,0,1,1,1,0
2080,与多玛的情谊1,多玛飞地的重建工作进入第1阶段。,0,2802,679,1,0,0,0,0,0,0,0,0,601,12,0,0,5,255,255,0,1,1,1,0
2081,与多玛的情谊2,多玛飞地的重建工作进入第2阶段。,0,2802,680,1,0,0,0,0,0,0,0,0,602,12,0,0,10,255,255,0,1,1,1,0
2082,元素之骑士,获得元素长剑和元素之盾。,0,30586,681,1,0,0,0,0,0,0,0,0,101,66,0,0,10,255,255,0,1,1,1,0
2083,元素之战士,获得元素战斧。,0,31560,682,1,0,0,0,0,0,0,0,0,301,66,0,0,10,255,255,0,1,1,1,0
2084,元素之暗黑骑士,获得元素断头剑。,0,34314,683,1,0,0,0,0,0,0,0,0,1101,66,0,0,10,255,255,0,1,1,1,0
2085,元素之龙骑士,获得元素龙枪。,0,31960,684,1,0,0,0,0,0,0,0,0,401,66,0,0,10,255,255,0,1,1,1,0
2086,元素之武僧,获得元素指虎。,0,31152,685,1,0,0,0,0,0,0,0,0,201,66,0,0,10,255,255,0,1,1,1,0
2087,元素之忍者,获得元素匕首。,0,33938,686,1,0,0,0,0,0,0,0,0,601,66,0,0,10,255,255,0,1,1,1,0
2088,元素之武士,获得元素武士刀。,0,36468,687,1,0,0,0,0,0,0,0,0,1401,66,0,0,10,255,255,0,1,1,1,0
2089,元素之吟游诗人,获得元素竖琴弓。,0,32351,688,1,0,0,0,0,0,0,0,0,501,66,0,0,10,255,255,0,1,1,1,0
2090,元素之机工士,获得元素手炮。,0,34437,689,1,0,0,0,0,0,0,0,0,1201,66,0,0,10,255,255,0,1,1,1,0
2091,元素之黑魔法师,获得元素法杖。,0,33103,690,1,0,0,0,0,0,0,0,0,801,66,0,0,10,255,255,0,1,1,1,0
2092,元素之召唤师,获得元素魔导书。,0,33258,691,1,0,0,0,0,0,0,0,0,901,66,0,0,10,255,255,0,1,1,1,0
2093,元素之赤魔法师,获得元素刺剑。,0,36769,692,1,0,0,0,0,0,0,0,0,1501,66,0,0,10,255,255,0,1,1,1,0
2094,元素之白魔法师,获得元素牧杖。,0,32735,693,1,0,0,0,0,0,0,0,0,701,66,0,0,10,255,255,0,1,1,1,0
2095,元素之学者,获得元素魔导典。,0,33257,694,1,0,0,0,0,0,0,0,0,1001,66,0,0,10,255,255,0,1,1,1,0
2096,元素之占星术士,获得元素天仪。,0,34911,695,1,0,0,0,0,0,0,0,0,1301,66,0,0,10,255,255,0,1,1,1,0
2097,恒冰地带调查报告书,完成禁地优雷卡恒冰之地的所有剧情目标。,0,26185,696,1,0,0,0,0,0,0,0,0,2112,49,0,0,10,255,255,0,1,1,1,0
2098,月下芳华,完成主线任务“月下芳华”。,0,26002,68611,0,0,0,0,0,0,0,0,392,58,76,43,70,20,255,255,0,1,6,27,0
2099,大鲶大祭执行委员会1,与鲶鱼精族的“大鲶大祭执行委员会”之间的关系程度到达3级“友好”。,0,62965,11,3,0,0,0,0,0,0,0,0,0,37,0,0,5,255,255,0,1,15,1,0
2100,大鲶大祭执行委员会2,与鲶鱼精族的“大鲶大祭执行委员会”之间的关系程度到达4级“信赖”。,0,62965,11,4,0,0,0,0,0,0,0,0,0,37,0,0,5,255,255,0,1,15,1,0
2101,大鲶大祭执行委员会3,与鲶鱼精族的“大鲶大祭执行委员会”之间的关系程度到达6级“名誉”。,0,62965,11,6,0,0,0,0,0,0,0,0,0,37,0,0,10,255,255,0,1,15,1,0
2102,完美的文明开化,与鲶鱼精族的“大鲶大祭执行委员会”之间的关系程度到达7级“誓约”。,0,62965,11,7,0,0,0,0,0,0,0,393,0,37,46,60,20,255,255,0,1,15,1,0
2103,莫古约会,完成季节任务“金碟游乐场的莫古约会”。,0,26173,68670,0,0,0,0,0,0,0,0,394,85,38,0,0,10,255,255,0,1,6,10,0
2104,全明星,完成季节任务“红莲节与开始的第一步”。,0,40972,68673,0,0,0,0,0,0,0,0,395,86,38,0,0,10,255,255,0,1,6,11,0
2105,不忘历史的五周年,完成季节任务“新生庆典与冒险者们的战斗”。,0,26107,68674,0,0,0,0,0,0,0,0,396,87,38,0,0,10,255,255,0,1,6,12,0
2106,称霸黎铎拉纳,成功挑战封闭圣塔黎铎拉纳大灯塔。,0,2542,30068,0,0,0,0,0,0,0,0,0,0,4,0,0,5,255,255,0,1,14,23,0
2107,征服绝境·究极神兵,在究极神兵绝境战中成功讨伐究极神兵。,0,317,30067,0,0,0,0,0,0,0,0,397,0,4,43,70,10,255,255,0,1,14,1,0
2108,王在顶点沉睡,完成任务“王在顶点沉睡”。,0,52262,67090,0,0,0,0,0,0,0,0,398,1001,35,43,70,10,255,255,0,1,6,13,0
2109,狩猎上位火龙,在火龙上位狩猎战中狩猎火龙。,0,317,20054,0,0,0,0,0,0,0,0,0,101,3,0,0,10,255,255,0,1,14,13,0
2110,2018年度群狼盛宴区域锦标赛冠军,在2018年度群狼盛宴区域锦标赛中取得赛区冠军。,0,62968,1,1,0,0,0,0,0,0,0,399,1,9,0,0,0,255,255,0,0,25,17,1
2111,2018年度群狼盛宴区域锦标赛冠军,在2018年度群狼盛宴区域锦标赛中取得赛区冠军。,0,62968,2,1,0,0,0,0,0,0,0,399,2,9,0,0,0,255,255,0,0,25,17,1
2112,2018年度群狼盛宴区域锦标赛冠军,在2018年度群狼盛宴区域锦标赛中取得赛区冠军。,0,62968,3,1,0,0,0,0,0,0,0,399,3,9,0,0,0,255,255,0,0,25,17,1
2113,2018年度群狼盛宴区域锦标赛决胜者,在2018年度群狼盛宴区域锦标赛中进入总决赛。,0,62967,4,1,0,0,0,0,0,0,0,400,4,9,0,0,0,255,255,0,0,25,17,1
2114,2018年度群狼盛宴区域锦标赛突破者,在2018年度群狼盛宴区域锦标赛中进入总决赛预选前10名。,0,62966,5,1,0,0,0,0,0,0,0,401,5,9,0,0,0,255,255,0,0,25,17,1
2115,踏遍终末焦土,成功探索终末焦土（死亡大地）的所有地区。,0,1001,480,0,0,0,0,0,0,0,0,0,72,49,0,0,10,255,255,0,1,8,1,0
2116,再次踏遍圣茉夏娜植物园,成功探索圣茉夏娜植物园（污染庭园）的所有地区。,0,1001,481,0,0,0,0,0,0,0,0,0,73,49,0,0,10,255,255,0,1,8,1,0
2117,朱华的镇魂者,在朱雀诗魂战中战胜朱雀。,0,317,20058,0,0,0,0,0,0,0,0,0,24,3,0,0,10,255,255,0,1,14,1,0
2118,称霸阿尔法幻境1,成功挑战欧米茄时空狭缝阿尔法幻境。,0,467,702,1,0,0,0,0,0,0,0,0,0,4,0,0,5,255,255,0,1,1,37,0
2119,称霸阿尔法幻境2,累计成功挑战欧米茄时空狭缝阿尔法幻境5次。,0,467,702,5,0,0,0,0,0,0,0,0,0,4,0,0,10,255,255,0,1,1,37,0
2120,称霸阿尔法幻境3,累计成功挑战欧米茄时空狭缝阿尔法幻境10次。,0,467,702,10,0,0,0,0,0,0,0,0,0,4,0,0,20,255,255,0,1,1,37,0
2121,完全称霸阿尔法幻境1,成功挑战欧米茄零式时空狭缝阿尔法幻境。,0,467,703,1,0,0,0,0,0,0,0,0,0,4,0,0,5,255,255,0,1,1,37,0
2122,完全称霸阿尔法幻境2,累计成功挑战欧米茄零式时空狭缝阿尔法幻境5次。,0,467,703,5,0,0,0,0,0,0,0,0,0,4,0,0,10,255,255,0,1,1,37,0
2123,完全称霸阿尔法幻境3,累计成功挑战欧米茄零式时空狭缝阿尔法幻境10次。,0,467,703,10,0,0,0,0,0,0,0,0,0,4,0,0,20,255,255,0,1,1,37,0
2124,狂乱前奏,完成任务“狂乱前奏”。,0,26002,68685,0,0,0,0,0,0,0,0,402,59,76,43,70,20,255,255,0,1,6,27,0
2125,愿者上钩15,在重生、苍穹、红莲区域钓上185种钓场之王。,0,1102,267,185,0,0,0,0,0,0,0,0,84,34,0,0,20,255,255,0,1,1,1,0
2126,黄金仙人刺1,在机遇任务“虚景跳跳乐大挑战”中获得金仙人刺。,0,59429,704,1,0,0,0,0,0,0,0,0,130,18,0,0,5,255,255,0,1,1,1,0
2127,黄金仙人刺2,在机遇任务“虚景跳跳乐大挑战”中累计获得10次金仙人刺。,0,59429,704,10,0,0,0,0,0,0,0,0,131,18,0,0,5,255,255,0,1,1,1,0
2128,黄金仙人刺3,在机遇任务“虚景跳跳乐大挑战”中累计获得20次金仙人刺。,0,59429,704,20,0,0,0,0,0,0,0,0,132,18,0,0,10,255,255,0,1,1,1,0
2129,与多玛的情谊3,多玛飞地的重建工作进入第3阶段。,0,2802,705,1,0,0,0,0,0,0,0,0,603,12,0,0,10,255,255,0,1,1,1,0
2130,与多玛的情谊4,多玛飞地的重建工作进入第4阶段。,0,2802,706,1,0,0,0,0,0,0,0,0,604,12,0,0,10,255,255,0,1,1,1,0
2131,与多玛的情谊5,多玛飞地的重建工作进入第5阶段。,0,2802,68689,0,0,0,0,0,0,0,0,403,605,12,43,61,20,255,255,0,1,6,1,0
2132,踏入神殿1,初次入侵运河宝物库神殿。,0,116,708,1,0,0,0,0,0,0,0,404,56,6,43,70,5,255,255,0,1,1,1,0
2133,踏入神殿2,累计入侵运河宝物库神殿5次。,0,116,708,5,0,0,0,0,0,0,0,0,57,6,0,0,10,255,255,0,1,1,1,0
2134,踏入神殿3,累计入侵运河宝物库神殿10次。,0,116,708,10,0,0,0,0,0,0,0,0,58,6,0,0,10,255,255,0,1,1,1,0
2135,踏入神殿4,累计入侵运河宝物库神殿20次。,0,116,708,20,0,0,0,0,0,0,0,405,59,6,43,70,20,255,255,0,1,1,1,0
2136,称霸运河神殿1,初次称霸运河宝物库神殿。,0,116,709,1,0,0,0,0,0,0,0,0,60,6,0,0,5,255,255,0,1,1,1,0
2137,称霸运河神殿2,累计称霸运河宝物库神殿5次。,0,116,709,5,0,0,0,0,0,0,0,0,61,6,0,0,10,255,255,0,1,1,1,0
2138,称霸运河神殿3,累计称霸运河宝物库神殿10次。,0,116,709,10,0,0,0,0,0,0,0,0,62,6,0,0,10,255,255,0,1,1,1,0
2139,称霸运河神殿4,累计称霸运河宝物库神殿20次。,0,116,709,20,0,0,0,0,0,0,0,406,63,6,43,70,20,255,255,0,1,1,1,0
2140,幽灵之友,完成任务“守护天节与奇异的暗号”。,0,59707,68707,0,0,0,0,0,0,0,0,0,88,38,0,0,10,255,255,0,1,6,14,0
2141,森都谢幕之音,完成任务“献给所有人的星芒节”。,0,42621,68711,0,0,0,0,0,0,0,0,0,89,38,0,0,10,255,255,0,1,6,15,0
2142,年糕也疯狂,完成任务“福鼠切糕降神节”。,0,40312,68712,0,0,0,0,0,0,0,0,0,100,38,0,0,10,255,255,0,1,6,33,0
2143,涌火之骑士,获得涌火长剑和涌火之盾。,0,30586,710,1,0,0,0,0,0,0,0,0,102,66,0,0,10,255,255,0,1,1,1,0
2144,涌火之战士,获得涌火战斧。,0,31560,711,1,0,0,0,0,0,0,0,0,302,66,0,0,10,255,255,0,1,1,1,0
2145,涌火之暗黑骑士,获得涌火断头剑。,0,34314,712,1,0,0,0,0,0,0,0,0,1102,66,0,0,10,255,255,0,1,1,1,0
2146,涌火之龙骑士,获得涌火龙枪。,0,31960,713,1,0,0,0,0,0,0,0,0,402,66,0,0,10,255,255,0,1,1,1,0
2147,涌火之武僧,获得涌火指虎。,0,31152,714,1,0,0,0,0,0,0,0,0,202,66,0,0,10,255,255,0,1,1,1,0
2148,涌火之忍者,获得涌火匕首。,0,33938,715,1,0,0,0,0,0,0,0,0,602,66,0,0,10,255,255,0,1,1,1,0
2149,涌火之武士,获得涌火武士刀。,0,36468,716,1,0,0,0,0,0,0,0,0,1402,66,0,0,10,255,255,0,1,1,1,0
2150,涌火之吟游诗人,获得涌火竖琴弓。,0,32351,717,1,0,0,0,0,0,0,0,0,502,66,0,0,10,255,255,0,1,1,1,0
2151,涌火之机工士,获得涌火手炮。,0,34437,718,1,0,0,0,0,0,0,0,0,1202,66,0,0,10,255,255,0,1,1,1,0
2152,涌火之黑魔法师,获得涌火法杖。,0,33103,719,1,0,0,0,0,0,0,0,0,802,66,0,0,10,255,255,0,1,1,1,0
2153,涌火之召唤师,获得涌火魔导书。,0,33258,720,1,0,0,0,0,0,0,0,0,902,66,0,0,10,255,255,0,1,1,1,0
2154,涌火之赤魔法师,获得涌火刺剑。,0,36769,721,1,0,0,0,0,0,0,0,0,1502,66,0,0,10,255,255,0,1,1,1,0
2155,涌火之白魔法师,获得涌火牧杖。,0,32735,722,1,0,0,0,0,0,0,0,0,702,66,0,0,10,255,255,0,1,1,1,0
2156,涌火之学者,获得涌火魔导典。,0,33257,723,1,0,0,0,0,0,0,0,0,1002,66,0,0,10,255,255,0,1,1,1,0
2157,涌火之占星术士,获得涌火天仪。,0,34911,724,1,0,0,0,0,0,0,0,0,1302,66,0,0,10,255,255,0,1,1,1,0
2158,踏遍涌火之地,成功探索禁地优雷卡涌火之地的所有地区。,0,1001,484,0,0,0,0,0,0,0,0,0,2103,49,0,0,10,255,255,0,1,8,1,0
2159,涌火地带调查报告书,完成禁地优雷卡涌火之地的所有剧情目标。,0,26185,725,1,0,0,0,0,0,0,0,0,2113,49,0,0,10,255,255,0,1,1,1,0
2160,开战之时,完成任务“开战之时”。,0,26002,68719,0,0,0,0,0,0,0,0,0,60,76,0,0,20,255,255,0,1,6,27,0
2161,九尾狐狸,获得九尾神威魔笛。,0,26039,68736,0,0,0,0,0,0,0,0,408,1200,19,43,70,20,255,255,0,1,6,1,0
2162,踏遍基姆利特暗区,成功探索基姆利特暗区（国境防线）的所有地区。,0,1001,500,0,0,0,0,0,0,0,0,0,74,49,0,0,10,255,255,0,1,8,1,0
2163,踏遍瓯博讷修道院,成功探索乐欲之所瓯博讷修道院的所有地区。,0,1001,512,0,0,0,0,0,0,0,0,0,1503,49,0,0,10,255,255,0,1,8,23,0
2164,称霸瓯博讷修道院,成功挑战乐欲之所瓯博讷修道院。,0,2542,30077,0,0,0,0,0,0,0,0,0,0,4,0,0,5,255,255,0,1,14,23,0
2165,青君的镇魂者,在青龙诗魂战中战胜青龙。,0,317,20061,0,0,0,0,0,0,0,0,0,25,3,0,0,10,255,255,0,1,14,1,0
2166,专研木工笔记6,累计完成并标记410种制作笔记中的木工配方。,24821,1524,192,410,0,0,0,0,0,0,0,0,26,24,9,70,10,255,136,3,1,1,1,0
2167,专研锻冶笔记6,累计完成并标记480种制作笔记中的锻冶配方。,24822,1574,193,480,0,0,0,0,0,0,0,0,26,25,10,70,10,255,137,3,1,1,1,0
2168,专研甲胄笔记6,累计完成并标记340种制作笔记中的铸甲配方。,24823,1625,194,340,0,0,0,0,0,0,0,0,26,26,11,70,10,255,138,3,1,1,1,0
2169,专研雕金笔记6,累计完成并标记730种制作笔记中的雕金配方。,24824,1676,195,730,0,0,0,0,0,0,0,0,26,27,12,70,10,255,139,3,1,1,1,0
2170,专研皮革笔记6,累计完成并标记460种制作笔记中的皮革配方。,24825,1724,196,460,0,0,0,0,0,0,0,0,26,28,13,70,10,255,140,3,1,1,1,0
2171,专研裁缝笔记6,累计完成并标记550种制作笔记中的裁缝配方。,24826,1774,197,550,0,0,0,0,0,0,0,0,26,29,14,70,10,255,141,3,1,1,1,0
2172,专研炼金笔记6,累计完成并标记370种制作笔记中的炼金配方。,24827,1825,198,370,0,0,0,0,0,0,0,0,26,30,15,70,10,255,142,3,1,1,1,0
2173,专研烹调笔记6,累计完成并标记230种制作笔记中的烹调配方。,24828,1875,199,230,0,0,0,0,0,0,0,0,26,31,16,70,10,255,143,3,1,1,1,0
2174,专研采掘笔记6,累计采掘成功并标记180种采集笔记中记载的采矿工专属素材。,24829,1015,200,180,0,0,0,0,0,0,0,0,46,32,17,70,10,255,144,3,1,1,1,0
2175,专研采伐笔记6,累计采伐成功并标记280种采集笔记中记载的园艺工专属素材。,24830,1065,201,280,0,0,0,0,0,0,0,0,46,33,18,70,10,255,145,3,1,1,1,0
2176,专研钓鱼笔记6,累计钓上并标记780种钓鱼笔记中记载的物种。,24831,1104,202,780,0,0,0,0,0,0,0,0,46,34,19,70,10,255,146,3,1,1,1,0
2177,王牌驾驶员1,完美完成1次机遇任务“空军装甲驾驶员”。,0,3032,727,1,0,0,0,0,0,0,0,0,140,18,0,0,5,255,255,0,1,1,1,0
2178,王牌驾驶员2,完美完成10次机遇任务“空军装甲驾驶员”。,0,3032,727,10,0,0,0,0,0,0,0,0,141,18,0,0,5,255,255,0,1,1,1,0
2179,王牌驾驶员3,完美完成20次机遇任务“空军装甲驾驶员”。,0,3032,727,20,0,0,0,0,0,0,0,0,142,18,0,0,10,255,255,0,1,1,1,0
2180,运筹帷幄1,在“多玛方城战”中积分超过1600点。,25061,1954,728,1,0,0,0,0,0,0,0,0,1000,18,47,15,5,255,147,4,1,1,1,0
2181,运筹帷幄2,在“多玛方城战”中积分超过1800点。,0,1954,729,1,0,0,0,0,0,0,0,409,1001,18,47,15,5,255,255,0,1,1,1,0
2182,运筹帷幄3,在“多玛方城战”中积分超过2000点。,0,1954,730,1,0,0,0,0,0,0,0,410,1002,18,47,15,10,255,255,0,1,1,1,0
2183,亚德基拉的信任1,亚德基拉的信赖等级达到1级。,0,25507,731,1,0,0,0,0,0,0,0,0,196,12,0,0,5,255,255,0,1,1,1,0
2184,亚德基拉的信任2,亚德基拉的信赖等级达到2级。,0,25507,731,2,0,0,0,0,0,0,0,0,197,12,0,0,5,255,255,0,1,1,1,0
2185,亚德基拉的信任3,亚德基拉的信赖等级达到3级。,0,25507,731,3,0,0,0,0,0,0,0,0,198,12,0,0,5,255,255,0,1,1,1,0
2186,亚德基拉的信任4,亚德基拉的信赖等级达到4级。,0,25507,731,4,0,0,0,0,0,0,0,0,199,12,0,0,5,255,255,0,1,1,1,0
2187,亚德基拉的信任5,亚德基拉的信赖等级达到5级。,0,25507,731,5,0,0,0,0,0,0,0,411,200,12,46,66,10,255,255,0,1,1,1,0
2188,亚德基拉的老主顾1,在亚德基拉处累计交纳收藏品36次。,0,26551,732,36,0,0,0,0,0,0,0,0,49,22,0,0,5,255,255,0,1,1,1,0
2189,亚德基拉的老主顾2,在亚德基拉处累计交纳收藏品48次。,0,26551,732,48,0,0,0,0,0,0,0,0,50,22,0,0,5,255,255,0,1,1,1,0
2190,亚德基拉的老主顾3,在亚德基拉处累计交纳收藏品60次。,0,26551,732,60,0,0,0,0,0,0,0,0,51,22,0,0,5,255,255,0,1,1,1,0
2191,亚德基拉的老主顾4,在亚德基拉处累计交纳收藏品90次。,0,26551,732,90,0,0,0,0,0,0,0,0,52,22,0,0,5,255,255,0,1,1,1,0
2192,亚德基拉的老主顾5,在亚德基拉处累计交纳收藏品120次。,0,26551,732,120,0,0,0,0,0,0,0,0,53,22,0,0,5,255,255,0,1,1,1,0
2193,亚德基拉的老主顾6,在亚德基拉处累计交纳收藏品150次。,0,26551,732,150,0,0,0,0,0,0,0,412,54,22,46,66,10,255,255,0,1,1,1,0
2194,魔书中的领悟1,将青魔法师升到10级。,0,39903,36,10,0,0,0,0,0,0,0,0,1001,14,0,0,5,255,255,0,1,3,1,0
2195,魔书中的领悟2,将青魔法师升到20级。,0,39903,36,20,0,0,0,0,0,0,0,0,1002,14,0,0,5,255,255,0,1,3,1,0
2196,魔书中的领悟3,将青魔法师升到30级。,0,39903,36,30,0,0,0,0,0,0,0,0,1003,14,0,0,5,255,255,0,1,3,1,0
2197,魔书中的领悟4,将青魔法师升到40级。,0,39903,36,40,0,0,0,0,0,0,0,0,1004,14,0,0,5,255,255,0,1,3,1,0
2198,魔书中的领悟5,将青魔法师升到50级。,0,39903,36,50,0,0,0,0,0,0,0,0,1005,14,0,0,5,255,255,0,1,3,1,0
2199,学海无涯1,学习5种青魔法。,0,62969,6,5,0,0,0,0,0,0,0,0,1101,14,0,0,5,255,255,0,1,25,1,0
2200,学海无涯3,学习20种青魔法。,0,62969,6,20,0,0,0,0,0,0,0,0,1103,14,0,0,5,255,255,0,1,25,1,0
2201,学海无涯4,学习30种青魔法。,0,62969,6,30,0,0,0,0,0,0,0,413,1104,14,36,1,5,255,255,0,1,25,1,0
2202,学海无涯5,学习40种青魔法。,0,62969,6,40,0,0,0,0,0,0,0,0,1105,14,0,0,5,255,255,0,1,25,1,0
2203,假面狂欢1,完成1种假面狂欢关卡。,0,3253,733,1,0,0,0,0,0,0,0,0,1001,2,0,0,5,255,255,0,1,1,1,0
2204,假面狂欢2,完成5种假面狂欢关卡。,0,3253,733,5,0,0,0,0,0,0,0,0,1002,2,0,0,5,255,255,0,1,1,1,0
2205,假面狂欢3,完成10种假面狂欢关卡。,0,3253,733,10,0,0,0,0,0,0,0,0,1003,2,0,0,5,255,255,0,1,1,1,0
2206,假面狂欢4,完成15种假面狂欢关卡。,0,3253,733,15,0,0,0,0,0,0,0,0,1004,2,0,0,5,255,255,0,1,1,1,0
2207,假面狂欢5,完成20种假面狂欢关卡。,0,3253,733,20,0,0,0,0,0,0,0,0,1005,2,0,0,5,255,255,0,1,1,1,0
2208,假面狂欢6,完成25种假面狂欢关卡。,0,3253,733,25,0,0,0,0,0,0,0,414,1006,2,36,50,5,255,255,0,1,1,1,0
2209,巨人狩猎,在假面狂欢中达成巨人狩猎。,0,26058,734,1,0,0,0,0,0,0,0,0,1101,2,0,0,10,255,255,0,1,1,1,0
2210,触手爱好者,在假面狂欢中达成触手爱好者。,0,26058,735,1,0,0,0,0,0,0,0,0,1102,2,0,0,10,255,255,0,1,1,1,0
2211,青之完美,在假面狂欢中达成青之完美。,0,26058,736,1,0,0,0,0,0,0,0,415,1103,2,36,50,10,255,255,0,1,1,1,0
2212,勇武之骑士·优雷卡,获得安忒亚·优雷卡和柏勒洛丰·优雷卡。,0,30598,737,1,0,0,0,0,0,0,0,0,103,66,0,0,10,255,255,0,1,1,1,0
2213,光芒之战士·优雷卡,获得沙玛什·优雷卡。,0,31572,738,1,0,0,0,0,0,0,0,0,303,66,0,0,10,255,255,0,1,1,1,0
2214,穿刺之暗黑骑士·优雷卡,获得剑鱼·优雷卡。,0,34327,739,1,0,0,0,0,0,0,0,0,1103,66,0,0,10,255,255,0,1,1,1,0
2215,猛毒之龙骑士·优雷卡,获得璎珞蛇·优雷卡。,0,31974,740,1,0,0,0,0,0,0,0,0,403,66,0,0,10,255,255,0,1,1,1,0
2216,丰饶之武僧·优雷卡,获得杜穆齐德·优雷卡。,0,31164,741,1,0,0,0,0,0,0,0,0,203,66,0,0,10,255,255,0,1,1,1,0
2217,轻身之忍者·优雷卡,获得鹊·优雷卡。,0,33950,742,1,0,0,0,0,0,0,0,0,603,66,0,0,10,255,255,0,1,1,1,0
2218,威严之武士·优雷卡,获得鸟头太刀·优雷卡。,0,36481,743,1,0,0,0,0,0,0,0,0,1403,66,0,0,10,255,255,0,1,1,1,0
2219,锐眼之吟游诗人·优雷卡,获得泽鹰·优雷卡,0,32363,744,1,0,0,0,0,0,0,0,0,503,66,0,0,10,255,255,0,1,1,1,0
2220,自由之机工师·优雷卡,获得玛丽弗里斯·优雷卡。,0,34449,745,1,0,0,0,0,0,0,0,0,1203,66,0,0,10,255,255,0,1,1,1,0
2221,复仇之黑魔法师·优雷卡,获得座头鲸·优雷卡。,0,33116,746,1,0,0,0,0,0,0,0,0,803,66,0,0,10,255,255,0,1,1,1,0
2222,闪耀之召唤师·优雷卡,获得图亚·优雷卡。,0,33282,747,1,0,0,0,0,0,0,0,0,903,66,0,0,10,255,255,0,1,1,1,0
2223,巅峰之赤魔法师·优雷卡,获得布鲁奈罗·优雷卡。,0,36781,748,1,0,0,0,0,0,0,0,0,1503,66,0,0,10,255,255,0,1,1,1,0
2224,谦逊之白魔法师·优雷卡,获得夜蔷薇·优雷卡。,0,32747,749,1,0,0,0,0,0,0,0,0,703,66,0,0,10,255,255,0,1,1,1,0
2225,重生之学者·优雷卡,获得杰巴特·优雷卡。,0,33281,750,1,0,0,0,0,0,0,0,0,1003,66,0,0,10,255,255,0,1,1,1,0
2226,牛宿之占星术士·优雷卡,获得辇道增七·优雷卡。,0,34923,751,1,0,0,0,0,0,0,0,0,1303,66,0,0,10,255,255,0,1,1,1,0
2227,称霸兵武塔1,首次成功挑战兵武塔。,24626,64612,752,1,0,0,0,0,0,0,0,0,501,71,43,70,5,255,148,1,1,1,1,0
2228,称霸兵武塔2,累计成功挑战兵武塔5次。,0,64612,752,5,0,0,0,0,0,0,0,0,502,71,0,0,5,255,255,0,1,1,1,0
2229,称霸兵武塔3,累计成功挑战兵武塔10次。,0,64612,752,10,0,0,0,0,0,0,0,0,503,71,0,0,5,255,255,0,1,1,1,0
2230,踏遍丰水之地,成功探索禁地优雷卡丰水之地的所有地区。,0,1001,515,0,0,0,0,0,0,0,0,0,2104,49,0,0,10,255,255,0,1,8,1,0
2231,丰水地带调查报告书,完成禁地优雷卡丰水之地的所有剧情目标。,0,26185,753,1,0,0,0,0,0,0,0,416,2114,49,43,70,10,255,255,0,1,1,1,0
2232,隐塞之翼,在隐塞（机动战）中胜利100次。,24631,2568,754,100,0,0,0,0,0,0,0,0,0,11,43,30,5,255,149,1,1,1,1,0
2233,英雄挽歌,完成任务“英雄挽歌”。,0,26002,68721,0,0,0,0,0,0,0,0,417,61,76,43,70,20,255,255,0,1,6,27,0
2234,再见了亲爱的调查员,完成任务“最强的男人不会停歇”。,0,26002,68704,0,0,0,0,0,0,0,0,418,653,35,43,70,10,255,255,0,1,6,1,0
2235,文化碰撞,完成任务“三种至宝”。,0,60033,68700,0,0,0,0,0,0,0,0,419,0,37,43,70,20,255,255,0,1,6,1,0
2236,仗剑的习武者,在保镖歼灭战中战胜保镖。,0,317,20059,0,0,0,0,0,0,0,0,0,26,3,0,0,10,255,255,0,1,14,1,0
2237,爱的见证人,完成任务“恋人节与多彩的爱”。,0,53292,68741,0,0,0,0,0,0,0,0,0,91,38,0,0,10,255,255,0,1,6,18,0
2238,女儿节与追梦的公主,完成任务“女儿节与追梦的公主”。,0,41750,68744,0,0,0,0,0,0,0,0,0,92,38,0,0,10,255,255,0,1,6,19,0
2239,彩蛋狩猎是新的旅程,完成任务“彩蛋狩猎是新的旅程”。,0,43858,68740,0,0,0,0,0,0,0,0,0,93,38,0,0,10,255,255,0,1,6,20,0
2240,身在其中,完成任务“金碟游乐场的明星”。,0,26173,68743,0,0,0,0,0,0,0,0,0,94,38,0,0,10,255,255,0,1,6,21,0
2241,战友,完成任务“风之使者”。,0,43848,68696,0,0,0,0,0,0,0,0,420,95,38,0,0,10,255,255,0,1,6,22,0
2242,丰水地带完整调查报告书,完成禁地优雷卡丰水之地的真正剧情目标。,0,26185,756,1,0,0,0,0,0,0,0,0,2115,49,0,0,0,255,255,0,1,1,1,1
2243,寻物高手再出击,完成任务“寻物高手再出击”。,0,2542,68726,0,0,0,0,0,0,0,0,421,901,35,43,70,10,255,255,0,1,6,23,0
2244,学海无涯2,学习10种青魔法。,0,62969,6,10,0,0,0,0,0,0,0,0,1102,14,0,0,5,255,255,0,1,25,1,0
2245,愿者上钩16,在重生、苍穹、红莲区域钓上204种钓场之王。,0,1102,267,204,0,0,0,0,0,0,0,407,85,34,19,70,20,255,255,0,1,1,1,0
2246,利剑中的领悟8,将剑术师升到80级。,0,30408,1,80,0,0,0,0,0,0,0,0,8,13,0,0,5,255,255,0,1,3,1,0
2247,斗拳中的领悟8,将格斗家升到80级。,0,31004,2,80,0,0,0,0,0,0,0,0,28,13,0,0,5,255,255,0,1,3,1,0
2248,大斧中的领悟8,将斧术师升到80级。,0,31409,3,80,0,0,0,0,0,0,0,0,48,13,0,0,5,255,255,0,1,3,1,0
2249,尖枪中的领悟8,将枪术师升到80级。,0,31816,4,80,0,0,0,0,0,0,0,0,68,13,0,0,5,255,255,0,1,3,1,0
2250,箭矢中的领悟8,将弓箭手升到80级。,0,32204,5,80,0,0,0,0,0,0,0,0,88,13,0,0,5,255,255,0,1,3,1,0
2251,幻术中的领悟8,将幻术师升到80级。,0,32611,6,80,0,0,0,0,0,0,0,0,8,14,0,0,5,255,255,0,1,3,1,0
2252,咒术中的领悟8,将咒术师升到80级。,0,32806,7,80,0,0,0,0,0,0,0,0,28,14,0,0,5,255,255,0,1,3,1,0
2253,秘术中的领悟8,将秘术师升到80级。,0,33401,26,80,0,0,0,0,0,0,0,0,48,14,0,0,5,255,255,0,1,3,1,0
2254,双剑中的领悟8,将双剑师升到80级。,0,33801,29,80,0,0,0,0,0,0,0,0,108,13,0,0,5,255,255,0,1,3,1,0
2255,暗剑中的领悟6,将暗黑骑士升到80级。,0,34203,32,80,0,0,0,0,0,0,0,0,126,13,0,0,5,255,255,0,1,3,1,0
2256,机工中的领悟6,将机工士升到80级。,0,34607,31,80,0,0,0,0,0,0,0,0,146,13,0,0,5,255,255,0,1,3,1,0
2257,星图中的领悟6,将占星术士升到80级。,0,34808,33,80,0,0,0,0,0,0,0,0,66,14,0,0,5,255,255,0,1,3,1,0
2258,刺剑中的领悟4,将赤魔法师升到80级。,0,36747,35,80,0,0,0,0,0,0,0,0,84,14,0,0,5,255,255,0,1,3,1,0
2259,武道中的领悟4,将武士升到80级。,0,36427,34,80,0,0,0,0,0,0,0,0,164,13,0,0,5,255,255,0,1,3,1,0
2260,枪刃中的领悟1,将绝枪战士升到70级。,0,36005,37,70,0,0,0,0,0,0,0,0,181,13,0,0,5,255,255,0,1,3,1,0
2261,枪刃中的领悟2,将绝枪战士升到80级。,0,36005,37,80,0,0,0,0,0,0,0,0,182,13,0,0,5,255,255,0,1,3,1,0
2262,舞步中的领悟1,将舞者升到70级。,0,36205,38,70,0,0,0,0,0,0,0,0,201,13,0,0,5,255,255,0,1,3,1,0
2263,舞步中的领悟2,将舞者升到80级。,0,36205,38,80,0,0,0,0,0,0,0,0,202,13,0,0,5,255,255,0,1,3,1,0
2264,木工中的领悟8,将刻木匠升到80级。,0,35001,8,80,0,0,0,0,0,0,0,0,8,15,0,0,5,255,255,0,1,3,1,0
2265,锻冶中的领悟8,将锻铁匠升到80级。,0,35106,9,80,0,0,0,0,0,0,0,0,28,15,0,0,5,255,255,0,1,3,1,0
2266,甲胄中的领悟8,将铸甲匠升到80级。,0,35203,10,80,0,0,0,0,0,0,0,0,48,15,0,0,5,255,255,0,1,3,1,0
2267,雕金中的领悟8,将雕金匠升到80级。,0,35301,11,80,0,0,0,0,0,0,0,0,68,15,0,0,5,255,255,0,1,3,1,0
2268,皮革中的领悟8,将制革匠升到80级。,0,35404,12,80,0,0,0,0,0,0,0,0,88,15,0,0,5,255,255,0,1,3,1,0
2269,裁缝中的领悟8,将裁衣匠升到80级。,0,35501,13,80,0,0,0,0,0,0,0,0,108,15,0,0,5,255,255,0,1,3,1,0
2270,炼金中的领悟8,将炼金术士升到80级。,0,35604,14,80,0,0,0,0,0,0,0,0,128,15,0,0,5,255,255,0,1,3,1,0
2271,烹调中的领悟8,将烹调师升到80级。,0,35704,15,80,0,0,0,0,0,0,0,0,148,15,0,0,5,255,255,0,1,3,1,0
2272,草木中的领悟8,将园艺工升到80级。,0,38103,17,80,0,0,0,0,0,0,0,0,28,16,0,0,5,255,255,0,1,3,1,0
2273,矿石中的领悟8,将采矿工升到80级。,0,38003,16,80,0,0,0,0,0,0,0,0,8,16,0,0,5,255,255,0,1,3,1,0
2274,垂钓中的领悟8,将捕鱼人升到80级。,0,38203,18,80,0,0,0,0,0,0,0,0,48,16,0,0,5,255,255,0,1,3,1,0
2275,精武之勇者,将剑术师、格斗家、斧术师、枪术师、弓箭手、双剑师、暗黑骑士、机工士、武士、绝枪战士、舞者都升到80级。,0,2547,19,11,0,0,0,0,0,0,0,422,10,12,41,80,20,255,255,0,1,26,1,0
2276,导魔之智者,将幻术师、咒术师、秘术师、占星术士、赤魔法师都升到80级。,0,2661,20,5,0,0,0,0,0,0,0,423,11,12,42,80,20,255,255,0,1,26,1,0
2277,十六重之道的探究者,达成“精武之勇者”和“导魔之智者”两个成就。,27967,2517,2275,2276,0,0,0,0,0,0,0,0,12,12,43,80,30,255,150,1,2,2,1,0
2278,博物之巧者,将刻木匠、锻铁匠、铸甲匠、雕金匠、制革匠、裁衣匠、炼金术士、烹调师都升到80级。,0,61269,21,8,0,0,0,0,0,0,0,424,27,12,44,80,20,255,255,0,1,26,1,0
2279,饱识之贤者,将采矿工、园艺工、捕鱼人的职业都升到80级。,0,1981,22,3,0,0,0,0,0,0,0,425,28,12,45,80,20,255,255,0,1,26,1,0
2280,木工觉悟者,完成1000次71-80级的木工作业。,0,35001,757,1000,0,0,0,0,0,0,0,0,9,24,0,0,10,255,255,0,1,1,1,0
2281,锻冶觉悟者,完成1000次71-80级的锻冶作业。,0,35106,758,1000,0,0,0,0,0,0,0,0,9,25,0,0,10,255,255,0,1,1,1,0
2282,铸甲觉悟者,完成1000次71-80级的铸甲作业。,0,35203,759,1000,0,0,0,0,0,0,0,0,9,26,0,0,10,255,255,0,1,1,1,0
2283,雕金觉悟者,完成1000次71-80级的雕金作业。,0,35301,760,1000,0,0,0,0,0,0,0,0,9,27,0,0,10,255,255,0,1,1,1,0
2284,制革觉悟者,完成1000次71-80级的制革作业。,0,35404,761,1000,0,0,0,0,0,0,0,0,9,28,0,0,10,255,255,0,1,1,1,0
2285,裁缝觉悟者,完成1000次71-80级的裁缝作业。,0,35501,762,1000,0,0,0,0,0,0,0,0,9,29,0,0,10,255,255,0,1,1,1,0
2286,炼金觉悟者,完成1000次71-80级的炼金作业。,0,35604,763,1000,0,0,0,0,0,0,0,0,9,30,0,0,10,255,255,0,1,1,1,0
2287,烹调觉悟者,完成1000次71-80级的烹调作业。,0,35704,764,1000,0,0,0,0,0,0,0,0,9,31,0,0,10,255,255,0,1,1,1,0
2288,暗影之采伐能手,在71-80级的良材采伐或割草5000次。,0,1056,765,5000,0,0,0,0,0,0,0,0,22,33,0,0,10,255,255,0,1,1,1,0
2289,暗影之采掘能手,在71-80级的矿脉采掘或碎石5000次。,0,1015,766,5000,0,0,0,0,0,0,0,0,22,32,0,0,10,255,255,0,1,1,1,0
2290,暗影之钓鱼能手,在71-80级的钓场捕鱼3000次。,0,1101,767,3000,0,0,0,0,0,0,0,0,22,34,0,0,10,255,255,0,1,1,1,0
2291,收藏品制作者5,累计制作收藏品5000次。,0,62973,372,5000,0,0,0,0,0,0,0,0,5,22,0,0,10,255,255,0,1,1,1,0
2292,收藏品采集者5,累计采集收藏品8000次。,0,60031,373,8000,0,0,0,0,0,0,0,0,15,22,0,0,10,255,255,0,1,1,1,0
2293,暗之战士,完成任务“暗之战士”。,0,26002,68837,0,0,0,0,0,0,0,0,426,62,76,43,71,20,255,255,0,1,6,28,0
2294,命运再次转动,完成任务“命运再次转动”。,0,26002,68857,0,0,0,0,0,0,0,0,427,63,76,43,73,20,255,255,0,1,6,28,0
2295,向着远方祈祷,完成任务“向着远方祈祷”。,0,26002,68878,0,0,0,0,0,0,0,0,428,64,76,43,76,20,255,255,0,1,6,28,0
2296,痛在拯救之后,完成任务“痛在拯救之后”。,0,26002,69158,0,0,0,0,0,0,0,0,429,65,76,43,77,20,255,255,0,1,6,28,0
2297,熄灭最后的光,完成任务“熄灭最后的光”。,0,26002,69179,0,0,0,0,0,0,0,0,430,66,76,43,79,20,255,255,0,1,6,28,0
2298,暗影之逆焰,完成任务“暗影之逆焰”。,0,26002,69190,0,0,0,0,0,0,0,0,431,67,76,43,80,20,255,255,0,1,6,28,0
2299,坚壁之守护者,完成任务“真正的绝枪战士”。,0,26061,68802,0,0,0,0,0,0,0,0,432,604,77,37,70,5,255,255,0,2,6,1,0
2300,退邪之舞者,完成任务“最精彩的演出”。,0,26062,68790,0,0,0,0,0,0,0,0,433,606,77,38,70,5,255,255,0,2,6,1,0
2301,正义英雄,完成任务“你曾说过的话”。,0,61264,68784,0,0,0,0,0,0,0,0,0,800,77,0,0,5,255,255,0,2,6,1,0
2302,节制英雄,完成任务“光荣的被驱逐者”。,0,61251,68808,0,0,0,0,0,0,0,0,0,801,77,0,0,5,255,255,0,2,6,1,0
2303,勇气英雄,完成任务“不朽的搭档”。,0,61265,68814,0,0,0,0,0,0,0,0,0,802,77,0,0,5,255,255,0,2,6,1,0
2304,智慧英雄,完成任务“终于又能见到你了”。,0,61262,69164,0,0,0,0,0,0,0,0,0,803,77,0,0,5,255,255,0,2,6,1,0
2305,英雄史诗,完成任务“影之英雄谭”。,0,2698,69165,0,0,0,0,0,0,0,0,434,804,77,43,80,10,255,255,0,2,6,1,0
2306,守护之骑士,完成任务“坚守之物”。,0,26003,68746,0,0,0,0,0,0,0,0,435,324,77,20,80,5,255,255,0,1,6,1,0
2307,星导之武僧,完成任务“星导继承者”。,0,26004,68747,0,0,0,0,0,0,0,0,436,344,77,21,80,5,255,255,0,1,6,1,0
2308,碎石之战士,完成任务“战士归来”。,0,26005,68748,0,0,0,0,0,0,0,0,437,364,77,22,80,5,255,255,0,1,6,1,0
2309,黑翼之龙骑士,完成任务“献给那孤高的守护者”。,0,26006,68749,0,0,0,0,0,0,0,0,438,384,77,23,80,5,255,255,0,1,6,1,0
2310,合奏之吟游诗人,完成任务“响彻云霄的三重奏”。,0,26007,68750,0,0,0,0,0,0,0,0,439,404,77,24,80,5,255,255,0,1,6,1,0
2311,治愈之白魔法师,完成任务“治愈之力的源泉”。,0,26008,68751,0,0,0,0,0,0,0,0,440,444,77,25,80,5,255,255,0,1,6,1,0
2312,破坏之黑魔法师,完成任务“精诚所至，金石为开”。,0,26009,68752,0,0,0,0,0,0,0,0,441,464,77,26,80,5,255,255,0,1,6,1,0
2313,先导之召唤师,完成任务“次优召唤师”。,0,26010,68753,69569,0,0,0,0,0,0,0,442,484,77,28,80,5,255,255,0,1,9,1,0
2314,全新之学者,完成任务“新次元学者”。,0,26011,68754,0,0,0,0,0,0,0,0,443,504,77,29,80,5,255,255,0,1,6,1,0
2315,异界之忍者,完成任务“胧的秘策”。,0,26037,68755,0,0,0,0,0,0,0,0,444,424,77,30,80,5,255,255,0,1,6,1,0
2316,孤高之暗黑骑士,完成任务“一往无前的孤高骑士”。,0,26040,68757,0,0,0,0,0,0,0,0,445,524,77,32,80,5,255,255,0,1,6,1,0
2317,未来之机工士,完成任务“开创！机工士的明天”。,0,26042,68756,0,0,0,0,0,0,0,0,446,544,77,31,80,5,255,255,0,1,6,1,0
2318,夜空之占星术士,完成任务“蕾薇瓦恋爱了？”。,0,26041,68758,0,0,0,0,0,0,0,0,447,564,77,33,80,5,255,255,0,1,6,1,0
2319,疾风之赤魔法师,完成任务“以剑承志”。,0,26056,68760,0,0,0,0,0,0,0,0,448,583,77,35,80,5,255,255,0,1,6,1,0
2320,主角之武士,完成任务“仗剑行侠无双斋传”。,0,26055,68759,0,0,0,0,0,0,0,0,449,603,77,34,80,5,255,255,0,1,6,1,0
2321,双璧之守护者,完成任务“另一位绝枪战士”。,0,26061,68761,0,0,0,0,0,0,0,0,450,605,77,37,80,5,255,255,0,1,6,1,0
2322,彷徨之舞者,完成任务“向新天地进发”。,0,26062,68762,0,0,0,0,0,0,0,0,451,607,77,38,80,5,255,255,0,1,6,1,0
2323,黑铁工房的拯救者,完成任务“黑铁工房”。,0,1988,68765,0,0,0,0,0,0,0,0,452,900,77,57,80,5,255,255,0,2,6,1,0
2324,时光工房的恩师,完成任务“实录数据003‘修复思念的工匠’”。,0,1987,68768,0,0,0,0,0,0,0,0,453,901,77,58,80,5,255,255,0,2,6,1,0
2325,阿马罗心灵拯救者,完成任务“治愈旧伤”。,0,1955,68771,0,0,0,0,0,0,0,0,454,902,77,59,80,5,255,255,0,2,6,1,0
2326,萨迈尔搜索队的名誉队长,完成任务“接近传说中的生物萨迈尔的真相！”。,0,1006,68774,0,0,0,0,0,0,0,0,455,903,77,60,80,5,255,255,0,2,6,1,0
2327,水生资源部改革的功臣,完成任务“水晶病的治疗方法”。,0,1116,68777,0,0,0,0,0,0,0,0,456,904,77,61,80,5,255,255,0,2,6,1,0
2328,中庸工艺馆的助力,完成任务“照亮水晶都的光芒”。,0,1901,68778,0,0,0,0,0,0,0,0,457,905,77,46,80,10,255,255,0,2,6,1,0
2329,展翅迎风：雷克兰德,在雷克兰德开放飞行坐骑。,0,21901,13,0,0,0,0,0,0,0,0,0,115,12,0,0,5,255,255,0,1,20,1,0
2330,展翅迎风：珂露西亚岛,在珂露西亚岛开放飞行坐骑。,0,21901,16,0,0,0,0,0,0,0,0,0,116,12,0,0,5,255,255,0,1,20,1,0
2331,展翅迎风：安穆·艾兰,在安穆·艾兰开放飞行坐骑。,0,21901,14,0,0,0,0,0,0,0,0,0,117,12,0,0,5,255,255,0,1,20,1,0
2332,展翅迎风：伊尔美格,在伊尔美格开放飞行坐骑。,0,21901,15,0,0,0,0,0,0,0,0,0,118,12,0,0,5,255,255,0,1,20,1,0
2333,展翅迎风：拉凯提卡大森林,在拉凯提卡大森林开放飞行坐骑。,0,21901,17,0,0,0,0,0,0,0,0,0,119,12,0,0,5,255,255,0,1,20,1,0
2334,展翅迎风：黑风海,在黑风海开放飞行坐骑。,0,21901,18,0,0,0,0,0,0,0,0,0,120,12,0,0,5,255,255,0,1,20,1,3
2335,展翅迎风，冲入暗影,在雷克兰德、珂露西亚岛、安穆·艾兰、伊尔美格、拉凯提卡大森林和黑风海均开放飞行坐骑。,0,21901,2329,2330,2331,2332,2333,2334,0,0,0,0,121,12,0,0,10,255,255,0,1,2,1,2
2336,战友的信赖,亲信战友阿尔菲诺、阿莉塞、桑克瑞德、于里昂热、雅·修特拉和琳全都升到80级。,0,3139,768,1,0,0,0,0,0,0,0,458,1000,12,0,0,20,255,255,0,1,1,1,2
2337,卫兵团信赖的同志,以最高评价完成危命任务“与紫叶团的战斗之座狼参战”。,0,2629,769,1,0,0,0,0,0,0,0,0,39,1,0,0,10,255,255,0,1,1,1,0
2338,荒野中的拾荒者,以最高评价完成危命任务“寻求者之大老之剑”。,0,2629,770,1,0,0,0,0,0,0,0,0,39,1,0,0,10,255,255,0,1,1,1,0
2339,妖灵乡的居民,以最高评价完成危命任务“小顽童代恩兄弟之最后的战斗！”。,0,2629,771,1,0,0,0,0,0,0,0,0,39,1,0,0,10,255,255,0,1,1,1,0
2340,隆卡守护者,以最高评价完成危命任务“缅楠的狩猎之讨伐托希尔”。,0,2629,772,1,0,0,0,0,0,0,0,0,39,1,0,0,10,255,255,0,1,1,1,0
2341,自走人偶粉碎者,以最高评价完成危命任务“激斗畏惧装甲之秘密武器”。,0,2629,773,1,0,0,0,0,0,0,0,0,39,1,0,0,10,255,255,0,1,1,1,0
2342,大嘴巨兽,以最高评价完成危命任务“灾厄的古塔尼亚之深海讨伐战”。,0,2629,774,1,0,0,0,0,0,0,0,0,39,1,0,0,10,255,255,0,1,1,1,0
2343,广域交易商的伙伴：雷克兰德,在雷克兰德的危命任务完成度达到3级。,0,2645,775,66,0,0,0,0,0,0,0,0,40,1,0,0,10,255,255,0,0,1,1,0
2344,广域交易商的伙伴：珂露西亚岛,在珂露西亚岛的危命任务完成度达到3级。,0,2645,776,66,0,0,0,0,0,0,0,0,40,1,0,0,10,255,255,0,0,1,1,0
2345,广域交易商的伙伴：安穆·艾兰,在安穆·艾兰的危命任务完成度达到3级。,0,2645,777,66,0,0,0,0,0,0,0,0,40,1,0,0,10,255,255,0,0,1,1,0
2346,广域交易商的伙伴：伊尔美格,在伊尔美格的危命任务完成度达到3级。,0,2645,778,66,0,0,0,0,0,0,0,0,40,1,0,0,10,255,255,0,0,1,1,0
2347,广域交易商的伙伴：拉凯提卡大森林,在拉凯提卡大森林的危命任务完成度达到3级。,0,2645,779,66,0,0,0,0,0,0,0,0,40,1,0,0,10,255,255,0,0,1,1,0
2348,广域交易商的伙伴：黑风海,在黑风海的危命任务完成度达到3级。,0,2645,780,66,0,0,0,0,0,0,0,0,40,1,0,0,10,255,255,0,0,1,1,3
2349,广域交易商的伙伴：诺弗兰特,完成“广域交易商的伙伴：雷克兰德”、“广域交易商的伙伴：珂露西亚岛”、“广域交易商的伙伴：安穆·艾兰”、“广域交易商的伙伴：伊尔美格”、“广域交易商的伙伴：拉凯提卡大森林”和“广域交易商的伙伴：黑风海”6个成就。,0,2645,2343,2344,2345,2346,2347,2348,0,0,0,459,40,1,0,0,20,255,255,0,1,2,1,2
2350,暗影A级精英杀手1,成功讨伐在诺弗兰特出现的100只A级恶名精英。,0,2680,781,100,0,0,0,0,0,0,0,0,127,5,0,0,10,255,255,0,1,1,1,0
2351,暗影A级精英杀手2,成功讨伐在诺弗兰特出现的500只A级恶名精英。,0,2680,781,500,0,0,0,0,0,0,0,0,128,5,0,0,10,255,255,0,1,1,1,0
2352,暗影A级精英杀手3,成功讨伐在诺弗兰特出现的2000只A级恶名精英。,0,2680,781,2000,0,0,0,0,0,0,0,460,129,5,43,71,10,255,255,0,1,1,1,0
2353,暗影S级精英杀手1,成功讨伐在诺弗兰特出现的30只S级或更高级恶名精英。,0,2731,782,30,0,0,0,0,0,0,0,0,148,5,0,0,10,255,255,0,1,1,1,0
2354,暗影S级精英杀手2,成功讨伐在诺弗兰特出现的300只S级或更高级恶名精英。,0,2731,782,300,0,0,0,0,0,0,0,0,149,5,0,0,10,255,255,0,1,1,1,0
2355,暗影S级精英杀手3,成功讨伐在诺弗兰特出现的1000只S级或更高级恶名精英。,0,2731,782,1000,0,0,0,0,0,0,0,461,150,5,43,71,10,255,255,0,1,1,1,0
2356,狂热怪物猎人,完成“暗影A级精英杀手3”、“暗影S级精英杀手3”两个成就。,26780,2685,2352,2355,0,0,0,0,0,0,0,0,151,5,43,71,10,255,151,1,2,2,1,0
2357,木匠传奇6,累计完成110种木工理符任务。,0,35001,181,110,0,0,0,0,0,0,0,0,86,36,0,0,10,255,255,0,1,1,1,0
2358,铁匠传奇6,累计完成110种锻冶理符任务。,0,35106,182,110,0,0,0,0,0,0,0,0,106,36,0,0,10,255,255,0,1,1,1,0
2359,甲匠传奇6,累计完成110种铸甲理符任务。,0,35203,183,110,0,0,0,0,0,0,0,0,126,36,0,0,10,255,255,0,1,1,1,0
2360,金匠传奇6,累计完成110种雕金理符任务。,0,35301,184,110,0,0,0,0,0,0,0,0,146,36,0,0,10,255,255,0,1,1,1,0
2361,革匠传奇6,累计完成110种制革理符任务。,0,35404,185,110,0,0,0,0,0,0,0,0,166,36,0,0,10,255,255,0,1,1,1,0
2362,衣匠传奇6,累计完成110种裁缝理符任务。,0,35501,186,110,0,0,0,0,0,0,0,0,186,36,0,0,10,255,255,0,1,1,1,0
2363,炼金传奇6,累计完成110种炼金理符任务。,0,35604,187,110,0,0,0,0,0,0,0,0,206,36,0,0,10,255,255,0,1,1,1,0
2364,厨师传奇6,累计完成110种烹调理符任务。,0,35704,188,110,0,0,0,0,0,0,0,0,226,36,0,0,10,255,255,0,1,1,1,0
2365,草木传奇6,累计完成90种园艺理符任务。,0,38103,190,90,0,0,0,0,0,0,0,0,266,36,0,0,10,255,255,0,1,1,1,0
2366,矿石传奇6,累计完成90种采矿理符任务。,0,38003,189,90,0,0,0,0,0,0,0,0,246,36,0,0,10,255,255,0,1,1,1,0
2367,渔民传奇6,累计完成90种钓鱼理符任务。,0,38203,191,90,0,0,0,0,0,0,0,0,286,36,0,0,10,255,255,0,1,1,1,0
2368,九宫卡手9,获得270种九宫幻卡。,26774,27661,352,270,0,0,0,0,0,0,0,0,48,18,47,15,10,255,152,4,1,1,1,0
2369,街头决斗者7,与92位非玩家角色进行九宫幻卡对局并取得胜利。,26777,3564,353,92,0,0,0,0,0,0,0,0,56,18,47,15,10,255,153,4,1,1,1,0
2370,深不可测的探索者,完成探索笔记中暗影之章的项目1-45。,0,1019,783,45,0,0,0,0,0,0,0,0,67,39,0,0,10,255,255,0,1,1,1,0
2371,踏遍雷克兰德,成功探索雷克兰德的所有地区。,0,1001,491,0,0,0,0,0,0,0,0,0,0,67,0,0,10,255,255,0,1,8,1,0
2372,踏遍珂露西亚岛,成功探索珂露西亚岛的所有地区。,0,1001,492,0,0,0,0,0,0,0,0,0,0,67,0,0,10,255,255,0,1,8,1,0
2373,踏遍安穆·艾兰,成功探索安穆·艾兰的所有地区。,0,1001,493,0,0,0,0,0,0,0,0,0,0,67,0,0,10,255,255,0,1,8,1,0
2374,踏遍伊尔美格,成功探索伊尔美格的所有地区。,0,1001,494,0,0,0,0,0,0,0,0,0,0,67,0,0,10,255,255,0,1,8,1,0
2375,踏遍拉凯提卡大森林,成功探索拉凯提卡大森林的所有地区。,0,1001,495,0,0,0,0,0,0,0,0,0,0,67,0,0,10,255,255,0,1,8,1,0
2376,踏遍黑风海,成功探索黑风海的所有地区。,0,1001,496,0,0,0,0,0,0,0,0,0,0,67,0,0,10,255,255,0,1,8,1,3
2377,踏遍水滩村,成功探索水滩村（遇袭集落）的所有地区。,0,1001,544,0,0,0,0,0,0,0,0,0,75,49,0,0,10,255,255,0,1,8,1,0
2378,踏遍多恩美格禁园,成功探索多恩美格禁园（水妖幻园）的所有地区。,0,1001,529,0,0,0,0,0,0,0,0,0,76,49,0,0,10,255,255,0,1,8,1,0
2379,踏遍奇坦那神影洞,成功探索奇坦那神影洞（文明古迹）的所有地区。,0,1001,511,0,0,0,0,0,0,0,0,0,77,49,0,0,10,255,255,0,1,8,1,0
2380,踏遍马利卡大井,成功探索马利卡大井（避暑离宫）的所有地区。,0,1001,542,0,0,0,0,0,0,0,0,0,78,49,0,0,10,255,255,0,1,8,1,0
2381,踏遍格鲁格火山,成功探索格鲁格火山（伪造天界）的所有地区。,0,1001,537,0,0,0,0,0,0,0,0,0,79,49,0,0,10,255,255,0,1,8,1,0
2382,踏遍亚马乌罗提,成功探索亚马乌罗提（末日暗影）的所有地区。,0,1001,533,0,0,0,0,0,0,0,0,0,80,49,0,0,10,255,255,0,1,8,1,1
2383,踏遍希尔科斯孪晶塔,成功探索希尔科斯孪晶塔（异界遗构）的所有地区。,0,1001,531,0,0,0,0,0,0,0,0,0,81,49,0,0,10,255,255,0,1,8,1,1
2384,踏遍阿尼德罗学院,成功探索阿尼德罗学院（创造机构）的所有地区。,0,1001,539,0,0,0,0,0,0,0,0,0,82,49,0,0,10,255,255,0,1,8,1,1
2385,绮梦的弑君者,在缇坦妮雅歼殛战中战胜缇坦妮雅。,0,317,20063,0,0,0,0,0,0,0,0,0,27,3,0,0,10,255,255,0,1,14,1,2
2386,无瑕的弑君者,在无瑕灵君歼殛战中战胜无瑕灵君。,0,317,20065,0,0,0,0,0,0,0,0,0,28,3,0,0,10,255,255,0,1,14,1,2
2387,为人民服务的骑士4,"使用骑士挑战“副本迷宫（61级或更高）”“歼殛战（61级或更高）”“幻巧战”“随机任务：练级迷宫”“随机任务：拾级迷宫”共计500次。
※随机任务一天只可以计算一个防护职业，且只能计算一次。",0,2505,633,500,0,0,0,0,0,0,0,462,104,1,20,50,20,255,255,0,1,1,1,0
2388,为人民服务的战士4,"使用战士挑战“副本迷宫（61级或更高）”“歼殛战（61级或更高）”“幻巧战”“随机任务：练级迷宫”“随机任务：拾级迷宫”共计500次。
※随机任务一天只可以计算一个防护职业，且只能计算一次。",0,2551,634,500,0,0,0,0,0,0,0,463,124,1,22,50,20,255,255,0,1,1,1,0
2389,为人民服务的暗黑骑士4,"使用暗黑骑士挑战“副本迷宫（61级或更高）”“歼殛战（61级或更高）”“幻巧战”“随机任务：练级迷宫”“随机任务：拾级迷宫”共计500次。
※随机任务一天只可以计算一个防护职业，且只能计算一次。",0,3071,635,500,0,0,0,0,0,0,0,464,144,1,32,50,20,255,255,0,1,1,1,0
2390,为人民服务的绝枪战士1,"使用绝枪战士挑战“副本迷宫（61级或更高）”“歼殛战（61级或更高）”“幻巧战”“随机任务：练级迷宫”“随机任务：拾级迷宫”共计100次。
※随机任务一天只可以计算一个防护职业，且只能计算一次。",0,3406,784,100,0,0,0,0,0,0,0,0,161,1,0,0,5,255,255,0,1,1,1,0
2391,为人民服务的绝枪战士2,"使用绝枪战士挑战“副本迷宫（61级或更高）”“歼殛战（61级或更高）”“幻巧战”“随机任务：练级迷宫”“随机任务：拾级迷宫”共计200次。
※随机任务一天只可以计算一个防护职业，且只能计算一次。",24629,3406,784,200,0,0,0,0,0,0,0,0,162,1,37,50,10,255,154,1,1,1,1,0
2392,为人民服务的绝枪战士3,"使用绝枪战士挑战“副本迷宫（61级或更高）”“歼殛战（61级或更高）”“幻巧战”“随机任务：练级迷宫”“随机任务：拾级迷宫”共计300次。
※随机任务一天只可以计算一个防护职业，且只能计算一次。",27971,3406,784,300,0,0,0,0,0,0,0,0,163,1,37,50,20,255,155,1,1,1,1,0
2393,为人民服务的绝枪战士4,"使用绝枪战士挑战“副本迷宫（61级或更高）”“歼殛战（61级或更高）”“幻巧战”“随机任务：练级迷宫”“随机任务：拾级迷宫”共计500次。
※随机任务一天只可以计算一个防护职业，且只能计算一次。",0,3406,784,500,0,0,0,0,0,0,0,465,164,1,37,50,20,255,255,0,1,1,1,0
2394,聚魔之光·枪刃,获得角尊枪刃。,0,36026,785,1,0,0,0,0,0,0,0,0,1600,65,0,0,10,255,255,0,1,1,1,0
2395,聚魔之光·战轮,获得角尊战轮。,0,36224,786,1,0,0,0,0,0,0,0,0,1700,65,0,0,10,255,255,0,1,1,1,0
2396,寻宝猎人10,累计20次成功解读陈旧的绿飘龙革地图并开启宝箱。,0,115,787,20,0,0,0,0,0,0,0,0,11,6,0,0,20,255,255,0,1,1,1,0
2397,寻宝猎人11,累计20次成功解读陈旧的缠尾蛟革地图并开启宝箱。,0,115,788,20,0,0,0,0,0,0,0,0,12,6,0,0,20,255,255,0,1,1,1,0
2398,新生代,完成任务“仰慕的前辈和红莲节”。,0,41751,69200,0,0,0,0,0,0,0,0,0,96,38,0,0,10,255,255,0,1,6,29,0
2399,祝福顺利的六周年,完成任务“新生庆典与充满谜团的信”。,0,26107,69196,0,0,0,0,0,0,0,0,0,97,38,0,0,10,255,255,0,1,6,30,0
2400,视线没什么可怕的,完成任务“守护天节与恐怖视线？”。,0,26038,69204,0,0,0,0,0,0,0,0,0,98,38,0,0,10,255,255,0,1,6,31,0
2401,踏入宝境1,初次入侵梦羽宝境。,0,116,789,1,0,0,0,0,0,0,0,466,64,6,43,80,5,255,255,0,1,1,1,0
2402,踏入宝境2,累计入侵梦羽宝境5次。,0,116,789,5,0,0,0,0,0,0,0,0,65,6,0,0,10,255,255,0,1,1,1,0
2403,踏入宝境3,累计入侵梦羽宝境10次。,0,116,789,10,0,0,0,0,0,0,0,0,66,6,0,0,10,255,255,0,1,1,1,0
2404,踏入宝境4,累计入侵梦羽宝境20次。,0,116,789,20,0,0,0,0,0,0,0,467,67,6,43,80,20,255,255,0,1,1,1,0
2405,称霸梦羽宝境1,初次称霸梦羽宝境。,0,116,790,1,0,0,0,0,0,0,0,0,68,6,0,0,5,255,255,0,1,1,1,0
2406,称霸梦羽宝境2,累计称霸梦羽宝境5次。,0,116,790,5,0,0,0,0,0,0,0,0,69,6,0,0,10,255,255,0,1,1,1,0
2407,称霸梦羽宝境3,累计称霸梦羽宝境10次。,0,116,790,10,0,0,0,0,0,0,0,0,70,6,0,0,10,255,255,0,1,1,1,0
2408,称霸梦羽宝境4,累计称霸梦羽宝境20次。,0,116,790,20,0,0,0,0,0,0,0,468,71,6,43,80,20,255,255,0,1,1,1,0
2409,称霸觉醒伊甸1,成功挑战伊甸希望乐园觉醒之章。,0,3120,791,1,0,0,0,0,0,0,0,0,0,4,0,0,5,255,255,0,1,1,38,0
2410,称霸觉醒伊甸2,累计成功挑战伊甸希望乐园觉醒之章5次。,0,3120,791,5,0,0,0,0,0,0,0,0,0,4,0,0,10,255,255,0,1,1,38,0
2411,称霸觉醒伊甸3,累计成功挑战伊甸希望乐园觉醒之章10次。,0,3120,791,10,0,0,0,0,0,0,0,0,0,4,0,0,20,255,255,0,1,1,38,0
2412,完全称霸觉醒伊甸1,成功挑战伊甸零式觉醒之章。,0,3120,792,1,0,0,0,0,0,0,0,0,0,4,0,0,5,255,255,0,1,1,38,0
2413,完全称霸觉醒伊甸2,累计成功挑战伊甸零式觉醒之章5次。,0,3120,792,5,0,0,0,0,0,0,0,0,0,4,0,0,10,255,255,0,1,1,38,0
2414,完全称霸觉醒伊甸3,累计成功挑战伊甸零式觉醒之章10次。,0,3120,792,10,0,0,0,0,0,0,0,0,0,4,0,0,20,255,255,0,1,1,38,0
2415,有钱能使鬼上台1,完成机遇任务“必中一闪快刀斩魔”。,0,613,793,1,0,0,0,0,0,0,0,0,143,18,0,0,5,255,255,0,1,1,1,0
2416,有钱能使鬼上台2,累计完成5次机遇任务“必中一闪快刀斩魔”。,0,613,793,5,0,0,0,0,0,0,0,0,144,18,0,0,5,255,255,0,1,1,1,0
2417,有钱能使鬼上台3,累计完成10次机遇任务“必中一闪快刀斩魔”。,0,613,793,10,0,0,0,0,0,0,0,469,145,18,47,15,10,255,255,0,1,1,1,0
2418,2019年度群狼盛宴区域锦标赛冠军,在2019年度群狼盛宴区域锦标赛中取得赛区冠军。,0,62968,795,1,0,0,0,0,0,0,0,470,3,9,0,0,0,255,255,0,0,1,1,1
2419,2019年度群狼盛宴区域锦标赛决胜者,在2019年度群狼盛宴区域锦标赛中进入总决赛。,0,62967,796,1,0,0,0,0,0,0,0,471,4,9,0,0,0,255,255,0,0,1,1,1
2420,2019年度群狼盛宴区域锦标赛突破者,在2019年度群狼盛宴区域锦标赛中进入总决赛预选前10名。,0,62966,797,1,0,0,0,0,0,0,0,472,5,9,0,0,0,255,255,0,0,1,1,1
2421,,,0,0,0,0,0,0,0,0,0,0,0,0,0,0,0,0,0,0,0,0,0,0,0,0
2422,,,0,0,0,0,0,0,0,0,0,0,0,0,0,0,0,0,0,0,0,0,0,0,0,0
2423,,,0,0,0,0,0,0,0,0,0,0,0,0,0,0,0,0,0,0,0,0,0,0,0,0
2424,纯白誓约、漆黑密约,完成任务“纯白誓约、漆黑密约”。,0,26002,69218,0,0,0,0,0,0,0,0,476,68,76,43,80,20,255,255,0,1,6,28,0
2425,凯·希尔的信任1,凯·希尔的信赖等级达到1级。,0,25507,801,1,0,0,0,0,0,0,0,0,201,12,0,0,5,255,255,0,1,1,1,0
2426,凯·希尔的信任2,凯·希尔的信赖等级达到2级。,0,25507,801,2,0,0,0,0,0,0,0,0,202,12,0,0,5,255,255,0,1,1,1,0
2427,凯·希尔的信任3,凯·希尔的信赖等级达到3级。,0,25507,801,3,0,0,0,0,0,0,0,0,203,12,0,0,5,255,255,0,1,1,1,0
2428,凯·希尔的信任4,凯·希尔的信赖等级达到4级。,0,25507,801,4,0,0,0,0,0,0,0,0,204,12,0,0,5,255,255,0,1,1,1,0
2429,凯·希尔的信任5,凯·希尔的信赖等级达到5级。,0,25507,801,5,0,0,0,0,0,0,0,477,205,12,46,70,10,255,255,0,1,1,1,0
2430,凯·希尔的老主顾1,在凯·希尔处累计交纳收藏品36次。,0,26551,802,36,0,0,0,0,0,0,0,0,55,22,0,0,5,255,255,0,1,1,1,0
2431,凯·希尔的老主顾2,在凯·希尔处累计交纳收藏品48次。,0,26551,802,48,0,0,0,0,0,0,0,0,56,22,0,0,5,255,255,0,1,1,1,0
2432,凯·希尔的老主顾3,在凯·希尔处累计交纳收藏品60次。,0,26551,802,60,0,0,0,0,0,0,0,0,57,22,0,0,5,255,255,0,1,1,1,0
2433,凯·希尔的老主顾4,在凯·希尔处累计交纳收藏品90次。,0,26551,802,90,0,0,0,0,0,0,0,0,58,22,0,0,5,255,255,0,1,1,1,0
2434,凯·希尔的老主顾5,在凯·希尔处累计交纳收藏品120次。,0,26551,802,120,0,0,0,0,0,0,0,0,59,22,0,0,5,255,255,0,1,1,1,0
2435,凯·希尔的老主顾6,在凯·希尔处累计交纳收藏品150次。,0,26551,802,150,0,0,0,0,0,0,0,478,60,22,46,70,10,255,255,0,1,1,1,0
2436,梦园仙子1,与仙子族的“梦园仙子”之间的关系程度到达3级“友好”。,0,62970,12,3,0,0,0,0,0,0,0,0,0,37,0,0,5,255,255,0,1,15,1,0
2437,梦园仙子2,与仙子族的“梦园仙子”之间的关系程度到达4级“信赖”。,0,62970,12,4,0,0,0,0,0,0,0,0,0,37,0,0,5,255,255,0,1,15,1,0
2438,梦园仙子3,与仙子族的“梦园仙子”之间的关系程度到达6级“名誉”。,0,62970,12,6,0,0,0,0,0,0,0,0,0,37,0,0,10,255,255,0,1,15,1,0
2439,梦园住民,与仙子族的“梦园仙子”之间的关系程度到达7级“誓约”。,0,62970,12,7,0,0,0,0,0,0,0,479,0,37,43,70,20,255,255,0,1,15,1,0
2440,踏遍宇宙宫,成功探索宇宙宫（魔法宫殿）的所有地区。,0,1001,567,0,0,0,0,0,0,0,0,0,83,49,0,0,10,255,255,0,1,8,1,0
2441,冥魂的送葬者,在哈迪斯孤念歼灭战中战胜哈迪斯。,0,317,20067,0,0,0,0,0,0,0,0,0,29,3,0,0,10,255,255,0,1,14,1,0
2442,踏遍复制工厂废墟,成功探索复制工厂废墟的所有地区。,0,1001,572,0,0,0,0,0,0,0,0,0,1504,49,0,0,10,255,255,0,1,8,41,0
2443,称霸复制工厂废墟,成功挑战复制工厂废墟。,0,3501,30087,0,0,0,0,0,0,0,0,0,0,4,0,0,5,255,255,0,1,14,41,0
2444,征服绝境·亚历山大,在亚历山大绝境战中战胜亚历山大。,0,317,30086,0,0,0,0,0,0,0,0,480,0,4,43,80,10,255,255,0,1,14,1,0
2445,,,0,0,0,0,0,0,0,0,0,0,0,0,0,0,0,0,0,0,0,0,0,0,0,0
2446,魔书中的领悟6,将青魔法师升到60级。,0,39903,36,60,0,0,0,0,0,0,0,0,1006,14,0,0,5,255,255,0,1,3,1,0
2447,学海无涯6,学习50种青魔法。,0,62969,6,50,0,0,0,0,0,0,0,0,1107,14,0,0,5,255,255,0,1,25,1,0
2448,学海无涯7,学习80种青魔法。,0,62969,6,80,0,0,0,0,0,0,0,481,1108,14,36,1,5,255,255,0,1,25,1,0
2449,假面狂欢7,完成30种假面狂欢关卡。,0,3253,733,30,0,0,0,0,0,0,0,0,1007,2,0,0,5,255,255,0,1,1,1,0
2450,青磷之青,在假面狂欢中达成青磷之青。,0,26058,803,1,0,0,0,0,0,0,0,487,1104,2,36,50,10,255,255,0,1,1,1,0
2451,魔书记录者1,完成5种青魔法师记录中的普通任务。,0,3253,804,5,0,0,0,0,0,0,0,0,1200,1,0,0,5,255,255,0,1,1,1,0
2452,魔书记录者2,完成20种青魔法师记录中的普通任务。,0,3253,804,20,0,0,0,0,0,0,0,0,1201,1,0,0,5,255,255,0,1,1,1,0
2453,魔书记录者3,完成50种青魔法师记录中的普通任务。,0,3253,804,50,0,0,0,0,0,0,0,482,1202,1,36,60,5,255,255,0,1,1,1,0
2454,天青的狱炎弑神者,仅限由青魔法师组成的小队，在不解除限制并开启超越之力无效化的状态下完成伊弗利特歼殛战。,0,62969,805,1,0,0,0,0,0,0,0,0,1300,1,0,0,5,255,255,0,1,1,1,0
2455,天青的厚土弑神者,仅限由青魔法师组成的小队，在不解除限制并开启超越之力无效化的状态下完成泰坦歼殛战。,0,62969,806,1,0,0,0,0,0,0,0,0,1301,1,0,0,5,255,255,0,1,1,1,0
2456,天青的狂风弑神者,仅限由青魔法师组成的小队，在不解除限制并开启超越之力无效化的状态下完成迦楼罗歼殛战。,0,62969,807,1,0,0,0,0,0,0,0,0,1302,1,0,0,5,255,255,0,1,1,1,0
2457,天青的动乱弑君者,仅限由青魔法师组成的小队，在不解除限制并开启超越之力无效化的状态下完成莫古力贤王歼殛战。,0,62969,808,1,0,0,0,0,0,0,0,0,1303,1,0,0,5,255,255,0,1,1,1,0
2458,天青的渊水弑神者,仅限由青魔法师组成的小队，在不解除限制并开启超越之力无效化的状态下完成利维亚桑歼殛战。,0,62969,809,1,0,0,0,0,0,0,0,0,1304,1,0,0,5,255,255,0,1,1,1,0
2459,天青的狞雷弑神者,仅限由青魔法师组成的小队，在不解除限制并开启超越之力无效化的状态下完成拉姆歼殛战。,0,62969,810,1,0,0,0,0,0,0,0,0,1305,1,0,0,5,255,255,0,1,1,1,0
2460,天青的严冰弑神者,仅限由青魔法师组成的小队，在不解除限制并开启超越之力无效化的状态下完成希瓦歼殛战。,0,62969,811,1,0,0,0,0,0,0,0,0,1306,1,0,0,5,255,255,0,1,1,1,0
2461,称霸大迷宫开端的青魔法师,仅限由青魔法师组成的小队，在不解除限制并开启超越之力无效化的状态下完成巴哈姆特大迷宫邂逅之章5。,0,62969,812,1,0,0,0,0,0,0,0,0,1307,1,0,0,5,255,255,0,1,1,1,0
2462,称霸第二大迷宫的青魔法师,仅限由青魔法师组成的小队，在不解除限制并开启超越之力无效化的状态下完成巴哈姆特大迷宫入侵之章4。,0,62969,813,1,0,0,0,0,0,0,0,0,1308,1,0,0,5,255,255,0,1,1,1,0
2463,称霸最终大迷宫的青魔法师,仅限由青魔法师组成的小队，在不解除限制并开启超越之力无效化的状态下完成巴哈姆特大迷宫真源之章4。,0,62969,814,1,0,0,0,0,0,0,0,0,1309,1,0,0,5,255,255,0,1,1,1,0
2464,天青的偃武弑神者,仅限由青魔法师组成的小队，在不解除限制并开启超越之力无效化的状态下完成罗波那歼殛战。,0,62969,815,1,0,0,0,0,0,0,0,0,1310,1,0,0,5,255,255,0,1,1,1,0
2465,天青的凌云弑神者,仅限由青魔法师组成的小队，在不解除限制并开启超越之力无效化的状态下完成俾斯麦歼殛战。,0,62969,816,1,0,0,0,0,0,0,0,0,1311,1,0,0,5,255,255,0,1,1,1,0
2466,天青的英杰弑神者,仅限由青魔法师组成的小队，在不解除限制并开启超越之力无效化的状态下完成圆桌骑士幻想歼灭战。,0,62969,817,1,0,0,0,0,0,0,0,483,1312,1,36,60,5,255,255,0,1,1,1,0
2467,天青的魔树弑神者,仅限由青魔法师组成的小队，在不解除限制并开启超越之力无效化的状态下完成萨菲洛特歼殛战。,0,62969,818,1,0,0,0,0,0,0,0,0,1313,1,0,0,5,255,255,0,1,1,1,0
2468,天青的邪影征龙者,仅限由青魔法师组成的小队，在不解除限制并开启超越之力无效化的状态下完成尼德霍格传奇征龙战。,0,62969,819,1,0,0,0,0,0,0,0,0,1314,1,0,0,5,255,255,0,1,1,1,0
2469,天青的睿智弑神者,仅限由青魔法师组成的小队，在不解除限制并开启超越之力无效化的状态下完成索菲娅歼殛战。,0,62969,820,1,0,0,0,0,0,0,0,0,1315,1,0,0,5,255,255,0,1,1,1,0
2470,天青的厉鬼弑神者,仅限由青魔法师组成的小队，在不解除限制并开启超越之力无效化的状态下完成祖尔宛歼殛战。,0,62969,821,1,0,0,0,0,0,0,0,0,1316,1,0,0,5,255,255,0,1,1,1,0
2471,称霸启动机神城的青魔法师,仅限由青魔法师组成的小队，在不解除限制并开启超越之力无效化的状态下完成亚历山大零式机神城启动之章4。,0,62969,822,1,0,0,0,0,0,0,0,0,1317,1,0,0,5,255,255,0,1,1,1,0
2472,称霸律动机神城的青魔法师,仅限由青魔法师组成的小队，在不解除限制并开启超越之力无效化的状态下完成亚历山大零式机神城律动之章4。,0,62969,823,1,0,0,0,0,0,0,0,0,1318,1,0,0,5,255,255,0,1,1,1,0
2473,称霸天动机神城的青魔法师,仅限由青魔法师组成的小队，在不解除限制并开启超越之力无效化的状态下完成亚历山大零式机神城天动之章4。,0,62969,824,1,0,0,0,0,0,0,0,0,1319,1,0,0,5,255,255,0,1,1,1,0
2474,通晓大迷宫的青魔法师,达成“称霸大迷宫开端的青魔法师”“称霸第二大迷宫的青魔法师”“称霸最终大迷宫的青魔法师”三个成就。,0,62969,2461,2462,2463,0,0,0,0,0,0,484,1320,1,36,50,10,255,255,0,2,2,1,0
2475,通晓机神城的青魔法师,达成“称霸启动机神城的青魔法师”“称霸律动机神城的青魔法师”“称霸天动机神城的青魔法师”三个成就。,0,62969,2471,2472,2473,0,0,0,0,0,0,485,1321,1,36,60,10,255,255,0,2,2,1,0
2476,杰出的青魔法师,达成“通晓大迷宫的青魔法师”“通晓机神城的青魔法师”两个成就。,28116,62969,2474,2475,0,0,0,0,0,0,0,0,1322,1,36,60,10,255,156,1,2,2,1,0
2477,那达慕勇士1,加入黑涡团、双蛇党、恒辉队中的任一军队并在昂萨哈凯尔取得胜利。,0,2601,825,1,0,0,0,0,0,0,0,0,150,10,0,0,5,255,255,0,1,1,1,0
2478,那达慕勇士2,加入黑涡团、双蛇党、恒辉队中的任一军队并在昂萨哈凯尔取得10次胜利。,0,2601,825,10,0,0,0,0,0,0,0,0,151,10,0,0,5,255,255,0,1,1,1,0
2479,那达慕勇士3,加入黑涡团、双蛇党、恒辉队中的任一军队并在昂萨哈凯尔取得30次胜利。,0,2601,825,30,0,0,0,0,0,0,0,0,152,10,0,0,5,255,255,0,1,1,1,0
2480,那达慕勇士4,加入黑涡团、双蛇党、恒辉队中的任一军队并在昂萨哈凯尔取得50次胜利。,0,2601,825,50,0,0,0,0,0,0,0,0,153,10,0,0,5,255,255,0,1,1,1,0
2481,那达慕勇士5,加入黑涡团、双蛇党、恒辉队中的任一军队并在昂萨哈凯尔取得100次胜利。,28120,2601,825,100,0,0,0,0,0,0,0,0,154,10,43,30,5,255,157,1,1,1,1,0
2482,那达慕勇士6,加入黑涡团、双蛇党、恒辉队中的任一军队并在昂萨哈凯尔取得300次胜利。,0,2601,825,300,0,0,0,0,0,0,0,486,155,10,43,30,10,255,255,0,1,1,1,0
2483,星芒的陆行鸟,完成任务“陆行鸟圣歌”。,0,58723,69259,0,0,0,0,0,0,0,0,0,99,38,0,0,10,255,255,0,1,6,32,0
2484,爱的战士们,完成任务“爱情传道士和烦恼的委托人”。,0,42671,69292,69293,69294,0,0,0,0,0,0,0,101,38,0,0,10,255,255,0,1,9,34,0
2485,牛转乾坤,完成任务“壮牛疯糕降神节”。,0,40356,69274,0,0,0,0,0,0,0,0,0,108,38,0,0,10,255,255,0,1,6,52,0
2486,净界太公1,在暗影区域钓上8种钓场之王。,0,1102,826,8,0,0,0,0,0,0,0,0,100,34,0,0,10,255,255,0,1,1,1,0
2487,天穹街的圣人（重建计划第二期）,在伊修加德重建工程（重建计划第二期）的工匠排名中取得1-12名的成绩。,0,1995,838,1,0,0,0,0,0,0,0,488,1000,69,0,0,10,255,255,0,1,1,44,1
2488,天穹街的圣徒（重建计划第二期）,在伊修加德重建工程（重建计划第二期）的工匠排名中取得1-100名的成绩。,0,1987,839,1,0,0,0,0,0,0,0,489,1000,69,0,0,10,255,255,0,1,1,44,1
2489,天穹街的刻木匠1,"在重建伊修加德工程中，使用刻木匠累计获得50,000点技巧点。",0,1503,827,50000,0,0,0,0,0,0,0,0,100,24,0,0,5,255,255,0,1,1,44,0
2490,天穹街的刻木匠2,"在重建伊修加德工程中，使用刻木匠累计获得150,000点技巧点。",0,1503,827,150000,0,0,0,0,0,0,0,0,101,24,0,0,5,255,255,0,1,1,44,0
2491,天穹街的刻木大师,"在重建伊修加德工程中，使用刻木匠累计获得500,000点技巧点。",0,1503,827,500000,0,0,0,0,0,0,0,490,102,24,9,20,10,255,255,0,1,1,44,0
2492,天穹街的锻铁匠1,"在重建伊修加德工程中，使用锻铁匠累计获得50,000点技巧点。",0,1553,828,50000,0,0,0,0,0,0,0,0,100,25,0,0,5,255,255,0,1,1,44,0
2493,天穹街的锻铁匠2,"在重建伊修加德工程中，使用锻铁匠累计获得150,000点技巧点。",0,1553,828,150000,0,0,0,0,0,0,0,0,101,25,0,0,5,255,255,0,1,1,44,0
2494,天穹街的锻铁大师,"在重建伊修加德工程中，使用锻铁匠累计获得500,000点技巧点。",0,1553,828,500000,0,0,0,0,0,0,0,491,102,25,10,20,10,255,255,0,1,1,44,0
2495,天穹街的铸甲匠1,"在重建伊修加德工程中，使用铸甲匠累计获得50,000点技巧点。",0,1603,829,50000,0,0,0,0,0,0,0,0,100,26,0,0,5,255,255,0,1,1,44,0
2496,天穹街的铸甲匠2,"在重建伊修加德工程中，使用铸甲匠累计获得150,000点技巧点。",0,1603,829,150000,0,0,0,0,0,0,0,0,101,26,0,0,5,255,255,0,1,1,44,0
2497,天穹街的铸甲大师,"在重建伊修加德工程中，使用铸甲匠累计获得500,000点技巧点。",0,1603,829,500000,0,0,0,0,0,0,0,492,102,26,11,20,10,255,255,0,1,1,44,0
2498,天穹街的雕金匠1,"在重建伊修加德工程中，使用雕金匠累计获得50,000点技巧点。",0,1653,830,50000,0,0,0,0,0,0,0,0,100,27,0,0,5,255,255,0,1,1,44,0
2499,天穹街的雕金匠2,"在重建伊修加德工程中，使用雕金匠累计获得150,000点技巧点。",0,1653,830,150000,0,0,0,0,0,0,0,0,101,27,0,0,5,255,255,0,1,1,44,0
2500,天穹街的雕金大师,"在重建伊修加德工程中，使用雕金匠累计获得500,000点技巧点。",0,1653,830,500000,0,0,0,0,0,0,0,493,102,27,12,20,10,255,255,0,1,1,44,0
2501,天穹街的制革匠1,"在重建伊修加德工程中，使用制革匠累计获得50,000点技巧点。",0,1703,831,50000,0,0,0,0,0,0,0,0,100,28,0,0,5,255,255,0,1,1,44,0
2502,天穹街的制革匠2,"在重建伊修加德工程中，使用制革匠累计获得150,000点技巧点。",0,1703,831,150000,0,0,0,0,0,0,0,0,101,28,0,0,5,255,255,0,1,1,44,0
2503,天穹街的制革大师,"在重建伊修加德工程中，使用制革匠累计获得500,000点技巧点。",0,1703,831,500000,0,0,0,0,0,0,0,494,102,28,13,20,10,255,255,0,1,1,44,0
2504,天穹街的裁衣匠1,"在重建伊修加德工程中，使用裁衣匠累计获得50,000点技巧点。",0,1753,832,50000,0,0,0,0,0,0,0,0,100,29,0,0,5,255,255,0,1,1,44,0
2505,天穹街的裁衣匠2,"在重建伊修加德工程中，使用裁衣匠累计获得150,000点技巧点。",0,1753,832,150000,0,0,0,0,0,0,0,0,101,29,0,0,5,255,255,0,1,1,44,0
2506,天穹街的裁衣大师,"在重建伊修加德工程中，使用裁衣匠累计获得500,000点技巧点。",0,1753,832,500000,0,0,0,0,0,0,0,495,102,29,14,20,10,255,255,0,1,1,44,0
2507,天穹街的炼金术士1,"在重建伊修加德工程中，使用炼金术士累计获得50,000点技巧点。",0,1803,833,50000,0,0,0,0,0,0,0,0,100,30,0,0,5,255,255,0,1,1,44,0
2508,天穹街的炼金术士2,"在重建伊修加德工程中，使用炼金术士累计获得150,000点技巧点。",0,1803,833,150000,0,0,0,0,0,0,0,0,101,30,0,0,5,255,255,0,1,1,44,0
2509,天穹街的炼金术大师,"在重建伊修加德工程中，使用炼金术士累计获得500,000点技巧点。",0,1803,833,500000,0,0,0,0,0,0,0,496,102,30,15,20,10,255,255,0,1,1,44,0
2510,天穹街的烹调师1,"在重建伊修加德工程中，使用烹调师累计获得50,000点技巧点。",0,1853,834,50000,0,0,0,0,0,0,0,0,100,31,0,0,5,255,255,0,1,1,44,0
2511,天穹街的烹调师2,"在重建伊修加德工程中，使用烹调师累计获得150,000点技巧点。",0,1853,834,150000,0,0,0,0,0,0,0,0,101,31,0,0,5,255,255,0,1,1,44,0
2512,天穹街的烹调大师,"在重建伊修加德工程中，使用烹调师累计获得500,000点技巧点。",0,1853,834,500000,0,0,0,0,0,0,0,497,102,31,16,20,10,255,255,0,1,1,44,0
2513,天穹街的采矿工1,"在重建伊修加德工程中，使用采矿工累计获得50,000点技巧点。",0,1021,835,50000,0,0,0,0,0,0,0,0,80,32,0,0,5,255,255,0,1,1,44,0
2514,天穹街的采矿工2,"在重建伊修加德工程中，使用采矿工累计获得150,000点技巧点。",0,1021,835,150000,0,0,0,0,0,0,0,0,81,32,0,0,5,255,255,0,1,1,44,0
2515,天穹街的采矿大师,"在重建伊修加德工程中，使用采矿工累计获得500,000点技巧点。",0,1021,835,500000,0,0,0,0,0,0,0,498,82,32,17,10,10,255,255,0,1,1,44,0
2516,天穹街的园艺工1,"在重建伊修加德工程中，使用园艺工累计获得50,000点技巧点。",0,1071,836,50000,0,0,0,0,0,0,0,0,80,33,0,0,5,255,255,0,1,1,44,0
2517,天穹街的园艺工2,"在重建伊修加德工程中，使用园艺工累计获得150,000点技巧点。",0,1071,836,150000,0,0,0,0,0,0,0,0,81,33,0,0,5,255,255,0,1,1,44,0
2518,天穹街的园艺大师,"在重建伊修加德工程中，使用园艺工累计获得500,000点技巧点。",0,1071,836,500000,0,0,0,0,0,0,0,499,82,33,18,10,10,255,255,0,1,1,44,0
2519,天穹街的捕鱼人1,"在重建伊修加德工程中，使用捕鱼人累计获得50,000点技巧点。",0,1126,837,50000,0,0,0,0,0,0,0,0,120,34,0,0,5,255,255,0,1,1,44,0
2520,天穹街的捕鱼人2,"在重建伊修加德工程中，使用捕鱼人累计获得150,000点技巧点。",0,1126,837,150000,0,0,0,0,0,0,0,0,121,34,0,0,5,255,255,0,1,1,44,0
2521,天穹街的捕鱼大师,"在重建伊修加德工程中，使用捕鱼人累计获得500,000点技巧点。",0,1126,837,500000,0,0,0,0,0,0,0,500,122,34,19,10,10,255,255,0,1,1,44,0
2522,天穹街的制作大师,"在重建伊修加德工程中，使用任意制作职业累计获得50,000点技巧点。",30100,1986,34,1,0,0,0,0,0,0,0,0,1,69,44,20,5,255,158,2,0,26,44,0
2523,天穹街的采集大师,"在重建伊修加德工程中，使用任意采集职业累计获得50,000点技巧点。",30089,1019,35,1,0,0,0,0,0,0,0,0,21,69,45,10,5,255,159,2,0,26,44,0
2524,天穹街的制作之王,"在重建伊修加德工程中，所有的制作职业均累计获得500,000点技巧点。",0,1982,23,8,0,0,0,0,0,0,0,501,2,69,44,20,10,255,255,0,0,26,44,0
2525,天穹街的采集之王,"在重建伊修加德工程中，所有的采集职业均累计获得500,000点技巧点。",0,1029,24,3,0,0,0,0,0,0,0,502,22,69,45,10,10,255,255,0,0,26,44,0
2526,天穹街的重建之王,"在重建伊修加德工程中，所有的制作职业和采集职业均累计获得500,000点技巧点。",30104,1955,25,11,0,0,0,0,0,0,0,0,30,69,46,20,20,255,160,1,0,26,44,0
2527,新巢居住区的刻木匠,交纳第二期重建用的高难度配方木工制品100次。,0,52675,840,100,0,0,0,0,0,0,0,503,130,24,9,80,10,255,255,0,1,1,44,0
2528,新巢居住区的锻铁匠,交纳第二期重建用的高难度配方锻冶制品100次。,0,51139,841,100,0,0,0,0,0,0,0,504,130,25,10,80,10,255,255,0,1,1,44,0
2529,新巢居住区的铸甲匠,交纳第二期重建用的高难度配方铸甲制品100次。,0,52676,842,100,0,0,0,0,0,0,0,505,130,26,11,80,10,255,255,0,1,1,44,0
2530,新巢居住区的雕金匠,交纳第二期重建用的高难度配方雕金制品100次。,0,52677,843,100,0,0,0,0,0,0,0,506,130,27,12,80,10,255,255,0,1,1,44,0
2531,新巢居住区的制革匠,交纳第二期重建用的高难度配方皮革制品100次。,0,43909,844,100,0,0,0,0,0,0,0,507,130,28,13,80,10,255,255,0,1,1,44,0
2532,新巢居住区的裁衣匠,交纳第二期重建用的高难度配方裁缝制品100次。,0,51248,845,100,0,0,0,0,0,0,0,508,130,29,14,80,10,255,255,0,1,1,44,0
2533,新巢居住区的炼金术士,交纳第二期重建用的高难度配方炼金制品100次。,0,53100,846,100,0,0,0,0,0,0,0,509,130,30,15,80,10,255,255,0,1,1,44,0
2534,新巢居住区的烹调师,交纳第二期重建用的高难度配方烹调制品100次。,0,24208,847,100,0,0,0,0,0,0,0,510,130,31,16,80,10,255,255,0,1,1,44,0
2535,新巢居住区的采矿工,"对50,000个第二期重建用的高难度配方中的矿石素材进行检验。",0,21237,848,50000,0,0,0,0,0,0,0,511,130,32,17,80,10,255,255,0,1,1,44,0
2536,新巢居住区的园艺工,"对50,000个第二期重建用的高难度配方中的草木素材进行检验。",0,22422,849,50000,0,0,0,0,0,0,0,512,130,33,18,80,10,255,255,0,1,1,44,0
2537,新巢居住区的捕鱼人,对300条第二期重建用的特供鱼进行检验。,0,29865,850,300,0,0,0,0,0,0,0,513,140,34,19,80,10,255,255,0,1,1,44,0
2538,踏上好运道1,在库啵好运道中抽中5次1等奖。,30047,3308,851,5,0,0,0,0,0,0,0,0,100,69,44,20,5,255,161,3,1,1,44,0
2539,踏上好运道2,在库啵好运道中抽中10次1等奖。,0,3308,851,10,0,0,0,0,0,0,0,0,101,69,0,0,5,255,255,0,1,1,44,0
2540,踏上好运道3,在库啵好运道中抽中30次1等奖。,0,3308,851,30,0,0,0,0,0,0,0,514,102,69,44,20,10,255,255,0,1,1,44,0
2541,梦幻的采矿工1,在梦幻的采集地点采掘或碎石50次。,0,1020,852,50,0,0,0,0,0,0,0,0,90,32,0,0,5,255,255,0,1,1,44,0
2542,梦幻的采矿工2,在梦幻的采集地点采掘或碎石500次。,0,1020,852,500,0,0,0,0,0,0,0,0,91,32,0,0,5,255,255,0,1,1,44,0
2543,梦幻的采矿工3,在梦幻的采集地点采掘或碎石1000次。,0,1020,852,1000,0,0,0,0,0,0,0,0,92,32,0,0,10,255,255,0,1,1,44,0
2544,梦幻的园艺工1,在梦幻的采集地点采伐或割草50次。,0,1070,853,50,0,0,0,0,0,0,0,0,90,33,0,0,5,255,255,0,1,1,44,0
2545,梦幻的园艺工2,在梦幻的采集地点采伐或割草500次。,0,1070,853,500,0,0,0,0,0,0,0,0,91,33,0,0,5,255,255,0,1,1,44,0
2546,梦幻的园艺工3,在梦幻的采集地点采伐或割草1000次。,0,1070,853,1000,0,0,0,0,0,0,0,0,92,33,0,0,10,255,255,0,1,1,44,0
2547,观天的捕鱼人1,累计钓上5条仅在灵烈火、灵飘尘、灵飞电、灵罡风时可以钓到的鱼。,0,1112,854,5,0,0,0,0,0,0,0,0,130,34,0,0,5,255,255,0,1,1,44,0
2548,观天的捕鱼人2,累计钓上50条仅在灵烈火、灵飘尘、灵飞电、灵罡风时可以钓到的鱼。,0,1112,854,50,0,0,0,0,0,0,0,0,131,34,0,0,5,255,255,0,1,1,44,0
2549,观天的捕鱼人3,累计钓上100条仅在灵烈火、灵飘尘、灵飞电、灵罡风时可以钓到的鱼。,0,1112,854,100,0,0,0,0,0,0,0,0,132,34,0,0,10,255,255,0,1,1,44,0
2550,以太发射者1,发射50回以太钻孔机。,0,61271,855,50,0,0,0,0,0,0,0,0,50,69,0,0,5,255,255,0,1,1,44,0
2551,以太发射者2,发射500回以太钻孔机。,0,61271,855,500,0,0,0,0,0,0,0,0,51,69,0,0,5,255,255,0,1,1,44,0
2552,以太发射者3,发射1000回以太钻孔机。,0,61271,855,1000,0,0,0,0,0,0,0,0,52,69,0,0,10,255,255,0,1,1,44,0
2553,加拉迪翁湾外海的鱼拓王,钓上加拉迪翁湾外海幻海流期间以外的所有鱼类。,0,1116,26,10,0,0,0,0,0,0,0,0,150,34,0,0,10,255,255,0,0,27,1,0
2554,梅尔托尔海峡南的鱼拓王,钓上梅尔托尔海峡南幻海流期间以外的所有鱼类。,0,1116,27,10,0,0,0,0,0,0,0,0,152,34,0,0,10,255,255,0,0,27,1,0
2555,罗塔诺海海面的鱼拓王,钓上罗塔诺海海面幻海流期间以外的所有鱼类。,0,1116,28,10,0,0,0,0,0,0,0,0,156,34,0,0,10,255,255,0,0,27,1,0
2556,梅尔托尔海峡北的鱼拓王,钓上梅尔托尔海峡北幻海流期间以外的所有鱼类。,0,1116,29,10,0,0,0,0,0,0,0,0,154,34,0,0,10,255,255,0,0,27,1,0
2557,海钓爱好者1,"在出海垂钓中累计获得10,000渔分。",0,1115,856,10000,0,0,0,0,0,0,0,0,172,34,0,0,5,255,255,0,1,1,1,0
2558,海钓爱好者2,"在出海垂钓中累计获得100,000渔分。",0,1115,856,100000,0,0,0,0,0,0,0,0,173,34,0,0,10,255,255,0,1,1,1,0
2559,海钓爱好者3,"在出海垂钓中累计获得500,000渔分。",0,1115,856,500000,0,0,0,0,0,0,0,0,174,34,0,0,20,255,255,0,1,1,1,0
2560,游钓大洋1,"在1次出海垂钓（近海）中获得5,000及以上渔分。",30097,1118,857,1,0,0,0,0,0,0,0,0,200,34,19,1,5,255,162,2,1,1,1,0
2561,游钓大洋2,"在1次出海垂钓（近海）中获得10,000及以上渔分。",30106,1118,858,1,0,0,0,0,0,0,0,0,201,34,19,1,10,255,163,1,1,1,1,0
2562,游钓大洋3,"在1次出海垂钓（近海）中获得16,000及以上渔分。",0,1118,859,1,0,0,0,0,0,0,0,515,202,34,19,1,20,255,255,0,1,1,1,0
2563,八爪旅人,在出海垂钓（近海）中达成八爪旅人。,0,29023,860,1,0,0,0,0,0,0,0,516,220,34,19,1,10,255,255,0,1,1,1,0
2564,捕鲨人,在出海垂钓（近海）中达成捕鲨人。,0,29011,861,1,0,0,0,0,0,0,0,517,221,34,19,1,10,255,255,0,1,1,1,0
2565,水母狂魔,在出海垂钓（近海）中达成水母狂魔。,0,29755,862,1,0,0,0,0,0,0,0,518,222,34,19,1,10,255,255,0,1,1,1,0
2566,龙马惊神,在出海垂钓（近海）中达成龙马惊神。,0,29040,863,1,0,0,0,0,0,0,0,519,223,34,19,1,10,255,255,0,1,1,1,0
2567,依然砥砺前行,完成任务“依然砥砺前行”。,0,26002,69264,0,0,0,0,0,0,0,0,0,670,35,0,0,5,255,255,0,1,6,44,0
2568,天钢工具的持有者,完成任务“改良天钢工具”。,0,26002,69385,0,0,0,0,0,0,0,0,0,680,35,0,0,5,255,255,0,1,6,44,0
2569,义军之骑士,获得身负荣耀和坚毅。,0,30620,69380,69381,19,0,0,0,0,0,0,0,100,68,0,0,10,255,255,0,1,24,1,3
2570,义军之战士,获得开天碎颅。,0,31593,69380,69381,21,0,0,0,0,0,0,0,300,68,0,0,10,255,255,0,1,24,1,3
2571,义军之暗黑骑士,获得生于哀伤。,0,34352,69380,69381,32,0,0,0,0,0,0,0,1100,68,0,0,10,255,255,0,1,24,1,3
2572,义军之绝枪战士,获得冠绝之刃。,0,36041,69380,69381,37,0,0,0,0,0,0,0,1600,68,0,0,10,255,255,0,1,24,1,3
2573,义军之龙骑士,获得三锋锐。,0,31995,69380,69381,22,0,0,0,0,0,0,0,400,68,0,0,10,255,255,0,1,24,1,3
2574,义军之武僧,获得轮回。,0,31186,69380,69381,20,0,0,0,0,0,0,0,200,68,0,0,10,255,255,0,1,24,1,3
2575,义军之忍者,获得骨不知。,0,33970,69380,69381,30,0,0,0,0,0,0,0,600,68,0,0,10,255,255,0,1,24,1,3
2576,义军之武士,获得星切。,0,36502,69380,69381,34,0,0,0,0,0,0,0,1400,68,0,0,10,255,255,0,1,24,1,3
2577,义军之吟游诗人,获得才气焕发。,0,32386,69380,69381,23,0,0,0,0,0,0,0,500,68,0,0,10,255,255,0,1,24,1,3
2578,义军之机工士,获得执法。,0,34468,69380,69381,31,0,0,0,0,0,0,0,1200,68,0,0,10,255,255,0,1,24,1,3
2579,义军之舞者,获得交转重环。,0,36244,69380,69381,38,0,0,0,0,0,0,0,1700,68,0,0,10,255,255,0,1,24,1,3
2580,义军之黑魔法师,获得魂罚。,0,33140,69380,69381,25,0,0,0,0,0,0,0,800,68,0,0,10,255,255,0,1,24,1,3
2581,义军之召唤师,获得一灵真性。,0,33322,69380,69381,27,0,0,0,0,0,0,0,900,68,0,0,10,255,255,0,1,24,1,3
2582,义军之赤魔法师,获得述说者。,0,36801,69380,69381,35,0,0,0,0,0,0,0,1500,68,0,0,10,255,255,0,1,24,1,3
2583,义军之白魔法师,获得怒心。,0,32769,69380,69381,24,0,0,0,0,0,0,0,700,68,0,0,10,255,255,0,1,24,1,3
2584,义军之学者,获得群贤毕至。,0,33321,69380,69381,28,0,0,0,0,0,0,0,1000,68,0,0,10,255,255,0,1,24,1,3
2585,义军之占星术士,获得天阳至宁。,0,34945,69380,69381,33,0,0,0,0,0,0,0,1300,68,0,0,10,255,255,0,1,24,1,3
2586,博兹雅堡垒的追忆者,在博兹雅堡垒追忆战中打倒瓦厉斯·耶·加尔乌斯。,0,317,20070,0,0,0,0,0,0,0,0,0,201,3,0,0,10,255,255,0,1,14,1,2
2587,追忆的凶星,完成任务“追忆的凶星”。,0,26002,69306,0,0,0,0,0,0,0,0,520,69,76,43,80,20,255,255,0,1,6,28,0
2588,净界太公2,在暗影区域钓上14种钓场之王。,0,1102,826,14,0,0,0,0,0,0,0,0,101,34,0,0,10,255,255,0,1,1,1,0
2589,踏遍阿尼德罗追忆馆,成功探索阿尼德罗追忆馆（黑风海底）的所有地区。,0,1001,586,0,0,0,0,0,0,0,0,0,84,49,0,0,10,255,255,0,1,8,1,0
2590,红宝石的降神者,在红宝石神兵狂想作战中成功破坏红宝石神兵。,0,317,20069,0,0,0,0,0,0,0,0,0,30,3,0,0,10,255,255,0,1,14,1,0
2591,称霸共鸣伊甸1,成功挑战伊甸希望乐园共鸣之章。,0,3122,864,1,0,0,0,0,0,0,0,0,0,4,0,0,5,255,255,0,1,1,38,0
2592,称霸共鸣伊甸2,累计成功挑战伊甸希望乐园共鸣之章5次。,0,3122,864,5,0,0,0,0,0,0,0,0,0,4,0,0,10,255,255,0,1,1,38,0
2593,称霸共鸣伊甸3,累计成功挑战伊甸希望乐园共鸣之章10次。,0,3122,864,10,0,0,0,0,0,0,0,0,0,4,0,0,20,255,255,0,1,1,38,0
2594,完全称霸共鸣伊甸1,成功挑战伊甸零式共鸣之章。,0,3122,865,1,0,0,0,0,0,0,0,0,0,4,0,0,5,255,255,0,1,1,38,0
2595,完全称霸共鸣伊甸2,累计成功挑战伊甸零式共鸣之章5次。,0,3122,865,5,0,0,0,0,0,0,0,0,0,4,0,0,10,255,255,0,1,1,38,0
2596,完全称霸共鸣伊甸3,累计成功挑战伊甸零式共鸣之章10次。,0,3122,865,10,0,0,0,0,0,0,0,0,0,4,0,0,20,255,255,0,1,1,38,0
2597,卢利采掘队1,与奇塔利族的“卢利采掘队”之间的关系程度到达3级“友好”。,0,62971,13,3,0,0,0,0,0,0,0,0,0,37,0,0,5,255,255,0,1,15,1,0
2598,卢利采掘队2,与奇塔利族的“卢利采掘队”之间的关系程度到达4级“信赖”。,0,62971,13,4,0,0,0,0,0,0,0,0,0,37,0,0,5,255,255,0,1,15,1,0
2599,卢利采掘队3,与奇塔利族的“卢利采掘队”之间的关系程度到达6级“名誉”。,0,62971,13,6,0,0,0,0,0,0,0,0,0,37,0,0,10,255,255,0,1,15,1,0
2600,隆卡书记官,与奇塔利族的“卢利采掘队”之间的关系程度到达7级“誓约”。,0,62971,13,7,0,0,0,0,0,0,0,521,0,37,45,70,20,255,255,0,1,15,1,0
2601,憧憬之人,完成任务“为了大家的女儿节”。,0,41792,69386,0,0,0,0,0,0,0,0,0,102,38,0,0,10,255,255,0,1,6,42,0
2602,彩蛋搬运者,完成任务“彩蛋狩猎见友人”。,0,41791,69383,0,0,0,0,0,0,0,0,0,103,38,0,0,10,255,255,0,1,6,43,0
2603,加拉迪翁湾外海的幻海王,钓上加拉迪翁湾外海幻海流期间的所有鱼类。,0,1116,30,10,0,0,0,0,0,0,0,0,151,34,0,0,10,255,255,0,0,27,1,0
2604,梅尔托尔海峡南的幻海王,钓上梅尔托尔海峡南幻海流期间的所有鱼类。,0,1116,31,10,0,0,0,0,0,0,0,0,153,34,0,0,10,255,255,0,0,27,1,0
2605,罗塔诺海海面的幻海王,钓上罗塔诺海海面幻海流期间的所有鱼类。,0,1116,32,10,0,0,0,0,0,0,0,0,157,34,0,0,10,255,255,0,0,27,1,0
2606,梅尔托尔海峡北的幻海王,钓上梅尔托尔海峡北幻海流期间的所有鱼类。,0,1116,33,10,0,0,0,0,0,0,0,0,155,34,0,0,10,255,255,0,0,27,1,0
2607,博兹雅堡垒蒸发事件,完成任务“博兹雅堡垒蒸发事件”。,0,26002,69372,0,0,0,0,0,0,0,0,0,690,35,0,0,10,255,255,0,1,6,1,0
2608,阎魔之友,获得宠物阎魔。,0,59790,866,1,0,0,0,0,0,0,0,0,515,38,0,0,10,255,255,0,1,1,45,0
2609,滑头鬼之友,获得宠物滑头鬼。,0,59792,867,1,0,0,0,0,0,0,0,0,516,38,0,0,10,255,255,0,1,1,45,0
2610,蛇王凯拉之友,获得宠物蛇王凯拉。,0,59791,868,1,0,0,0,0,0,0,0,0,517,38,0,0,10,255,255,0,1,1,45,0
2611,百鬼公主之友,获得宠物百鬼公主。,0,59793,869,1,0,0,0,0,0,0,0,0,518,38,0,0,10,255,255,0,1,1,45,0
2612,妖怪挚友,获得17种妖怪宠物。,0,26981,870,1,0,0,0,0,0,0,0,0,519,38,0,0,20,255,255,0,1,1,45,0
2613,阎魔枪刃,获得阎魔枪刃。,0,36048,871,1,0,0,0,0,0,0,0,0,545,38,0,0,10,255,255,0,1,1,45,0
2614,怪刀·浮世丸,获得怪刀·浮世丸。,0,36507,872,1,0,0,0,0,0,0,0,0,546,38,0,0,10,255,255,0,1,1,45,0
2615,蛇王刺剑,获得蛇王刺剑。,0,36806,873,1,0,0,0,0,0,0,0,0,547,38,0,0,10,255,255,0,1,1,45,0
2616,百鬼圆阵,获得百鬼圆阵。,0,36247,874,1,0,0,0,0,0,0,0,0,548,38,0,0,10,255,255,0,1,1,45,0
2617,妖怪武器爱好者,获得17种妖怪武器。,30864,26995,875,1,0,0,0,0,0,0,0,0,549,38,0,0,20,255,164,1,1,1,45,0
2618,踏遍诺弗兰特,成功探索诺弗兰特（暗影决战）的所有地区。,0,1001,594,0,0,0,0,0,0,0,0,0,85,49,0,0,10,255,255,0,1,8,1,0
2619,踏遍人偶军事基地,成功探索人偶军事基地的所有地区。,0,1001,611,0,0,0,0,0,0,0,0,0,1505,49,0,0,10,255,255,0,1,8,41,0
2620,踏遍南方博兹雅战线,成功探索南方博兹雅战线的所有地区。,0,1001,606,0,0,0,0,0,0,0,0,0,2201,49,0,0,10,255,255,0,1,8,50,0
2621,初光的终结者,在光之战士幻耀歼灭战中战胜光之战士。,0,317,20072,0,0,0,0,0,0,0,0,0,31,3,0,0,10,255,255,0,1,14,1,3
2622,称霸人偶军事基地,成功突破人偶军事基地。,0,3501,30096,0,0,0,0,0,0,0,0,0,0,4,0,0,5,255,255,0,1,14,41,0
2623,艾尔·图的信任1,艾尔·图的信赖等级达到1级。,0,25507,876,1,0,0,0,0,0,0,0,0,206,12,0,0,5,255,255,0,1,1,1,0
2624,艾尔·图的信任2,艾尔·图的信赖等级达到2级。,0,25507,876,2,0,0,0,0,0,0,0,0,207,12,0,0,5,255,255,0,1,1,1,0
2625,艾尔·图的信任3,艾尔·图的信赖等级达到3级。,0,25507,876,3,0,0,0,0,0,0,0,0,208,12,0,0,5,255,255,0,1,1,1,0
2626,艾尔·图的信任4,艾尔·图的信赖等级达到4级。,0,25507,876,4,0,0,0,0,0,0,0,0,209,12,0,0,5,255,255,0,1,1,1,0
2627,艾尔·图的信任5,艾尔·图的信赖等级达到5级。,0,25507,876,5,0,0,0,0,0,0,0,522,210,12,46,70,10,255,255,0,1,1,1,0
2628,艾尔·图的老主顾1,在艾尔·图处累计交纳收藏品36次。,0,26551,877,36,0,0,0,0,0,0,0,0,61,22,0,0,5,255,255,0,1,1,1,0
2629,艾尔·图的老主顾2,在艾尔·图处累计交纳收藏品48次。,0,26551,877,48,0,0,0,0,0,0,0,0,62,22,0,0,5,255,255,0,1,1,1,0
2630,艾尔·图的老主顾3,在艾尔·图处累计交纳收藏品60次。,0,26551,877,60,0,0,0,0,0,0,0,0,63,22,0,0,5,255,255,0,1,1,1,0
2631,艾尔·图的老主顾4,在艾尔·图处累计交纳收藏品90次。,0,26551,877,90,0,0,0,0,0,0,0,0,64,22,0,0,5,255,255,0,1,1,1,0
2632,艾尔·图的老主顾5,在艾尔·图处累计交纳收藏品120次。,0,26551,877,120,0,0,0,0,0,0,0,0,65,22,0,0,5,255,255,0,1,1,1,0
2633,艾尔·图的老主顾6,在艾尔·图处累计交纳收藏品150次。,0,26551,877,150,0,0,0,0,0,0,0,523,66,22,46,70,10,255,255,0,1,1,1,0
2634,宗长的茶友1,挑战1次幻巧拼图。,0,24414,878,1,0,0,0,0,0,0,0,0,168,12,0,0,5,255,255,0,1,1,1,0
2635,宗长的茶友2,挑战5次幻巧拼图。,0,24414,878,5,0,0,0,0,0,0,0,524,169,12,43,80,5,255,255,0,1,1,1,0
2636,宗长的茶友3,挑战20次幻巧拼图。,0,24414,878,20,0,0,0,0,0,0,0,0,170,12,0,0,5,255,255,0,1,1,1,0
2637,宗长的茶友4,挑战50次幻巧拼图。,0,24414,878,50,0,0,0,0,0,0,0,525,171,12,43,80,10,255,255,0,1,1,1,0
2638,沃茨之锤1,与矮人族的“沃茨之锤”之间的关系程度到达3级“友好”。,0,62972,14,3,0,0,0,0,0,0,0,0,0,37,0,0,5,255,255,0,1,15,1,0
2639,沃茨之锤2,与矮人族的“沃茨之锤”之间的关系程度到达4级“信赖”。,0,62972,14,4,0,0,0,0,0,0,0,0,0,37,0,0,5,255,255,0,1,15,1,0
2640,沃茨之锤3,与矮人族的“沃茨之锤”之间的关系程度到达6级“名誉”。,0,62972,14,6,0,0,0,0,0,0,0,0,0,37,0,0,10,255,255,0,1,15,1,0
2641,沃茨之锤的死党,与矮人族的“沃茨之锤”之间的关系程度到达7级“誓约”。,0,62972,14,7,0,0,0,0,0,0,0,526,0,37,44,70,20,255,255,0,1,15,1,0
2642,水晶的残光,完成任务“水晶的残光”。,0,26002,69318,0,0,0,0,0,0,0,0,527,70,76,43,80,20,255,255,0,1,6,28,0
2643,九宫卡手10,获得300种九宫幻卡。,31347,27661,352,300,0,0,0,0,0,0,0,0,48,18,47,15,10,255,165,4,1,1,1,0
2644,净界太公3,在暗影区域钓上22种钓场之王。,0,1102,826,22,0,0,0,0,0,0,0,0,102,34,0,0,10,255,255,0,1,1,1,0
2645,金碟游乐场的知名接待员,完成任务“金碟游乐场的欢呼声”。,0,26173,69499,0,0,0,0,0,0,0,0,0,104,38,0,0,10,255,255,0,1,6,47,0
2646,盛夏舞者,完成任务“盛夏之舞与红莲节”。,0,26435,69503,0,0,0,0,0,0,0,0,0,105,38,0,0,10,255,255,0,1,6,48,0
2647,历久弥新的七周年,完成任务“新生庆典与昔日时光”。,0,26107,69510,0,0,0,0,0,0,0,0,0,106,38,0,0,10,255,255,0,1,6,49,0
2648,落羽商业区的刻木匠,交纳第三期重建用的高难度配方木工制品100次。,0,52691,879,100,0,0,0,0,0,0,0,528,140,24,9,80,10,255,255,0,1,1,44,0
2649,落羽商业区的锻铁匠,交纳第三期重建用的高难度配方锻冶制品100次。,0,52692,880,100,0,0,0,0,0,0,0,529,140,25,10,80,10,255,255,0,1,1,44,0
2650,落羽商业区的铸甲匠,交纳第三期重建用的高难度配方铸甲制品100次。,0,50114,881,100,0,0,0,0,0,0,0,530,140,26,11,80,10,255,255,0,1,1,44,0
2651,落羽商业区的雕金匠,交纳第三期重建用的高难度配方雕金制品100次。,0,53371,882,100,0,0,0,0,0,0,0,531,140,27,12,80,10,255,255,0,1,1,44,0
2652,落羽商业区的制革匠,交纳第三期重建用的高难度配方皮革制品100次。,0,26117,883,100,0,0,0,0,0,0,0,532,140,28,13,80,10,255,255,0,1,1,44,0
2653,落羽商业区的裁衣匠,交纳第三期重建用的高难度配方裁缝制品100次。,0,42696,884,100,0,0,0,0,0,0,0,533,140,29,14,80,10,255,255,0,1,1,44,0
2654,落羽商业区的炼金术士,交纳第三期重建用的高难度配方炼金制品100次。,0,51043,885,100,0,0,0,0,0,0,0,534,140,30,15,80,10,255,255,0,1,1,44,0
2655,落羽商业区的烹调师,交纳第三期重建用的高难度配方烹调制品100次。,0,26119,886,100,0,0,0,0,0,0,0,535,140,31,16,80,10,255,255,0,1,1,44,0
2656,落羽商业区的采矿工,"对50,000个第三期重建用的高难度配方中的矿石素材进行检验。",0,21483,887,50000,0,0,0,0,0,0,0,536,140,32,17,80,10,255,255,0,1,1,44,0
2657,落羽商业区的园艺工,"对50,000个第三期重建用的高难度配方中的草木素材进行检验。",0,25410,888,50000,0,0,0,0,0,0,0,537,140,33,18,80,10,255,255,0,1,1,44,0
2658,落羽商业区的捕鱼人,对300条第三期重建用的特供鱼进行检验。,0,29737,889,300,0,0,0,0,0,0,0,538,141,34,19,80,10,255,255,0,1,1,44,0
2659,天钢工具：天诗手锯,获得天诗手锯。,0,35040,69430,8,0,0,0,0,0,0,0,0,100,70,0,0,10,255,255,0,1,24,44,0
2660,天钢工具：天诗横头锤,获得天诗横头锤。,0,35139,69430,9,0,0,0,0,0,0,0,0,200,70,0,0,10,255,255,0,1,24,44,0
2661,天钢工具：天诗圆头锤,获得天诗圆头锤。,0,35239,69430,10,0,0,0,0,0,0,0,0,300,70,0,0,10,255,255,0,1,24,44,0
2662,天钢工具：天诗工艺锤,获得天诗工艺锤。,0,35338,69430,11,0,0,0,0,0,0,0,0,400,70,0,0,10,255,255,0,1,24,44,0
2663,天钢工具：天诗圆革刀,获得天诗圆革刀。,0,35439,69430,12,0,0,0,0,0,0,0,0,500,70,0,0,10,255,255,0,1,24,44,0
2664,天钢工具：天诗缝针,获得天诗缝针。,0,35539,69430,13,0,0,0,0,0,0,0,0,600,70,0,0,10,255,255,0,1,24,44,0
2665,天钢工具：天诗蒸馏器,获得天诗蒸馏器。,0,35638,69430,14,0,0,0,0,0,0,0,0,700,70,0,0,10,255,255,0,1,24,44,0
2666,天钢工具：天诗煎锅,获得天诗煎锅。,0,35741,69430,15,0,0,0,0,0,0,0,0,800,70,0,0,10,255,255,0,1,24,44,0
2667,天钢工具：天诗鹤嘴锄,获得天诗鹤嘴锄。,0,38041,69430,16,0,0,0,0,0,0,0,0,900,70,0,0,10,255,255,0,1,24,44,0
2668,天钢工具：天诗手斧,获得天诗手斧。,0,38139,69430,17,0,0,0,0,0,0,0,0,1000,70,0,0,10,255,255,0,1,24,44,0
2669,天钢工具：天诗钓竿,获得天诗钓竿。,0,38242,69430,18,0,0,0,0,0,0,0,0,1100,70,0,0,10,255,255,0,1,24,44,0
2670,南方博兹雅战线的解放者,完成任务“圣剑天佑女王”。,0,26002,69487,0,0,0,0,0,0,0,0,0,691,35,0,0,10,255,255,0,1,6,50,0
2671,南方博兹雅战线的记录员,完成南方博兹雅战线战果记录中的所有项目。,0,26184,36,20,0,0,0,0,0,0,0,0,2210,49,0,0,10,255,255,0,0,28,50,0
2672,急中生智1,在博兹雅战线中完成10次紧急遭遇战。,0,64836,890,10,0,0,0,0,0,0,0,0,1511,71,0,0,10,255,255,0,1,1,50,0
2673,急中生智2,在博兹雅战线中完成50次紧急遭遇战。,0,64836,890,50,0,0,0,0,0,0,0,0,1512,71,0,0,10,255,255,0,1,1,50,0
2674,急中生智3,在博兹雅战线中完成100次紧急遭遇战。,0,64836,890,100,0,0,0,0,0,0,0,0,1513,71,0,0,10,255,255,0,1,1,50,0
2675,急中生智4,在博兹雅战线中完成500次紧急遭遇战。,0,64836,890,500,0,0,0,0,0,0,0,539,1514,71,43,80,20,255,255,0,1,1,50,0
2676,武装冲突1,在博兹雅战线中完成10次冲突战。,0,3004,891,10,0,0,0,0,0,0,0,0,1501,71,0,0,5,255,255,0,1,1,50,0
2677,武装冲突2,在博兹雅战线中完成50次冲突战。,0,3004,891,50,0,0,0,0,0,0,0,0,1502,71,0,0,5,255,255,0,1,1,50,0
2678,武装冲突3,在博兹雅战线中完成100次冲突战。,0,3004,891,100,0,0,0,0,0,0,0,0,1503,71,0,0,5,255,255,0,1,1,50,0
2679,武装冲突4,在博兹雅战线中完成500次冲突战。,0,3004,891,500,0,0,0,0,0,0,0,540,1504,71,43,80,10,255,255,0,1,1,50,0
2680,苍鹰归巢1,首次成功挑战帝国湖岸堡。,0,64824,892,1,0,0,0,0,0,0,0,0,1531,71,0,0,10,255,255,0,1,1,50,0
2681,苍鹰归巢2,累计成功挑战帝国湖岸堡10次。,0,64824,892,10,0,0,0,0,0,0,0,0,1532,71,0,0,10,255,255,0,1,1,50,0
2682,苍鹰归巢3,累计成功挑战帝国湖岸堡50次。,0,64824,892,50,0,0,0,0,0,0,0,541,1533,71,43,80,20,255,255,0,1,1,50,0
2683,加百列的末日,在南方博兹雅战线中，成功单挑加百列。,0,2629,893,1,0,0,0,0,0,0,0,542,1521,71,43,80,10,255,255,0,1,1,50,0
2684,威镇百兽,在南方博兹雅战线中，成功单挑兽王莱昂。,0,2629,894,1,0,0,0,0,0,0,0,543,1522,71,43,80,10,255,255,0,1,1,50,0
2685,烈火金刚,在南方博兹雅战线中，成功单挑铁胆狱火萨托瓦尔。,0,2629,895,1,0,0,0,0,0,0,0,544,1523,71,43,80,10,255,255,0,1,1,50,0
2686,南方博兹雅战线的英雄,达成“加百列的末日”“威镇百兽”“烈火金刚”三个成就。,0,64836,2683,2684,2685,0,0,0,0,0,0,545,1524,71,43,80,20,255,255,0,2,2,50,0
2687,失传碎晶的研究者1,鉴定10次失传碎晶。,0,121,896,10,0,0,0,0,0,0,0,0,1541,71,0,0,5,255,255,0,1,1,50,0
2688,失传碎晶的研究者2,鉴定100次失传碎晶。,0,121,896,100,0,0,0,0,0,0,0,0,1542,71,0,0,5,255,255,0,1,1,50,0
2689,失传碎晶的研究者3,鉴定500次失传碎晶。,0,121,896,500,0,0,0,0,0,0,0,0,1543,71,0,0,5,255,255,0,1,1,50,0
2690,失传碎晶的研究者4,鉴定1000次失传碎晶。,31393,121,896,1000,0,0,0,0,0,0,0,0,1544,71,43,80,10,255,166,3,1,1,50,0
2691,博兹雅的天使1,在天佑女王相关任务中，救助10位除自身外处于无法战斗状态的玩家。,0,64645,897,10,0,0,0,0,0,0,0,0,1551,71,0,0,5,255,255,0,1,1,50,0
2692,博兹雅的天使2,在天佑女王相关任务中，救助100位除自身外处于无法战斗状态的玩家。,0,64645,897,100,0,0,0,0,0,0,0,0,1552,71,0,0,5,255,255,0,1,1,50,0
2693,博兹雅的天使3,在天佑女王相关任务中，救助500位除自身外处于无法战斗状态的玩家。,0,64645,897,500,0,0,0,0,0,0,0,546,1553,71,43,80,10,255,255,0,1,1,50,0
2694,义军之骑士·回忆,获得身负荣耀·回忆和坚毅·回忆。,0,30620,69507,19,0,0,0,0,0,0,0,0,101,68,0,0,10,255,255,0,1,24,50,3
2695,义军之战士·回忆,获得开天碎颅·回忆。,0,31593,69507,21,0,0,0,0,0,0,0,0,301,68,0,0,10,255,255,0,1,24,50,3
2696,义军之暗黑骑士·回忆,获得生于哀伤·回忆。,0,34352,69507,32,0,0,0,0,0,0,0,0,1101,68,0,0,10,255,255,0,1,24,50,3
2697,义军之绝枪战士·回忆,获得冠绝之刃·回忆。,0,36041,69507,37,0,0,0,0,0,0,0,0,1601,68,0,0,10,255,255,0,1,24,50,3
2698,义军之龙骑士·回忆,获得三锋锐·回忆。,0,31995,69507,22,0,0,0,0,0,0,0,0,401,68,0,0,10,255,255,0,1,24,50,3
2699,义军之武僧·回忆,获得轮回·回忆。,0,31186,69507,20,0,0,0,0,0,0,0,0,201,68,0,0,10,255,255,0,1,24,50,3
2700,义军之忍者·回忆,获得骨不知·回忆。,0,33970,69507,30,0,0,0,0,0,0,0,0,601,68,0,0,10,255,255,0,1,24,50,3
2701,义军之武士·回忆,获得星切·回忆。,0,36502,69507,34,0,0,0,0,0,0,0,0,1401,68,0,0,10,255,255,0,1,24,50,3
2702,义军之吟游诗人·回忆,获得才气焕发·回忆。,0,32386,69507,23,0,0,0,0,0,0,0,0,501,68,0,0,10,255,255,0,1,24,50,3
2703,义军之机工士·回忆,获得执法·回忆。,0,34468,69507,31,0,0,0,0,0,0,0,0,1201,68,0,0,10,255,255,0,1,24,50,3
2704,义军之舞者·回忆,获得交转重环·回忆。,0,36244,69507,38,0,0,0,0,0,0,0,0,1701,68,0,0,10,255,255,0,1,24,50,3
2705,义军之黑魔法师·回忆,获得魂罚·回忆。,0,33140,69507,25,0,0,0,0,0,0,0,0,801,68,0,0,10,255,255,0,1,24,50,3
2706,义军之召唤师·回忆,获得一灵真性·回忆。,0,33322,69507,27,0,0,0,0,0,0,0,0,901,68,0,0,10,255,255,0,1,24,50,3
2707,义军之赤魔法师·回忆,获得述说者·回忆。,0,36801,69507,35,0,0,0,0,0,0,0,0,1501,68,0,0,10,255,255,0,1,24,50,3
2708,义军之白魔法师·回忆,获得怒心·回忆。,0,32769,69507,24,0,0,0,0,0,0,0,0,701,68,0,0,10,255,255,0,1,24,50,3
2709,义军之学者·回忆,获得群贤毕至·回忆。,0,33321,69507,28,0,0,0,0,0,0,0,0,1001,68,0,0,10,255,255,0,1,24,50,3
2710,义军之占星术士·回忆,获得天阳至宁·回忆。,0,34945,69507,33,0,0,0,0,0,0,0,0,1301,68,0,0,10,255,255,0,1,24,50,3
2711,为了皇都的繁荣,完成任务“为了皇都的繁荣”。,0,26002,69494,0,0,0,0,0,0,0,0,0,671,35,0,0,5,255,255,0,1,6,44,0
2712,天穹街的圣人（重建计划第三期）,在伊修加德重建工程（重建计划第三期）中做出了杰出贡献。,0,1995,898,1,0,0,0,0,0,0,0,547,1001,69,0,0,10,255,255,0,1,1,44,1
2713,天穹街的圣徒（重建计划第三期）,在伊修加德重建工程（重建计划第三期）中做出了贡献。,0,1987,899,1,0,0,0,0,0,0,0,548,1001,69,0,0,10,255,255,0,1,1,44,1
2714,另一个未来,完成任务“另一个未来”。,0,26002,69552,0,0,0,0,0,0,0,0,549,71,76,43,80,20,255,255,0,1,6,28,0
2715,英雄候补和同伴们,完成任务“英雄候补和同伴们”。,0,2698,69524,0,0,0,0,0,0,0,0,0,805,77,0,0,10,255,255,0,1,6,1,0
2716,净界太公4,在暗影区域钓上28种钓场之王。,0,1102,826,28,0,0,0,0,0,0,0,0,103,34,0,0,10,255,255,0,1,1,1,0
2717,踏遍玛托雅工作室,成功探索玛托雅工作室（魔术工房）的所有地区。,0,1001,630,0,0,0,0,0,0,0,0,0,86,49,0,0,10,255,255,0,1,8,1,0
2718,绿宝石的降神者,在绿宝石神兵狂想作战中成功破坏绿宝石神兵。,0,317,20074,0,0,0,0,0,0,0,0,0,32,3,0,0,10,255,255,0,1,14,1,0
2719,称霸再生伊甸1,成功挑战伊甸希望乐园再生之章。,0,3122,901,1,0,0,0,0,0,0,0,0,0,4,0,0,5,255,255,0,1,1,38,0
2720,称霸再生伊甸2,累计成功挑战伊甸希望乐园再生之章5次。,0,3122,901,5,0,0,0,0,0,0,0,0,0,4,0,0,10,255,255,0,1,1,38,0
2721,称霸再生伊甸3,累计成功挑战伊甸希望乐园再生之章10次。,0,3122,901,10,0,0,0,0,0,0,0,0,0,4,0,0,20,255,255,0,1,1,38,0
2722,完全称霸再生伊甸1,成功挑战伊甸零式再生之章。,0,3122,902,1,0,0,0,0,0,0,0,0,0,4,0,0,5,255,255,0,1,1,38,0
2723,完全称霸再生伊甸2,累计成功挑战伊甸零式再生之章5次。,0,3122,902,5,0,0,0,0,0,0,0,0,0,4,0,0,10,255,255,0,1,1,38,0
2724,完全称霸再生伊甸3,累计成功挑战伊甸零式再生之章10次。,0,3122,902,10,0,0,0,0,0,0,0,0,0,4,0,0,20,255,255,0,1,1,38,0
2725,魔书中的领悟7,将青魔法师升到70级。,0,39903,36,70,0,0,0,0,0,0,0,0,1007,14,0,0,5,255,255,0,1,3,1,0
2726,学海无涯8,学习100种青魔法。,0,62969,6,100,0,0,0,0,0,0,0,0,1109,14,0,0,5,255,255,0,1,25,1,0
2727,青之纯粹,在假面狂欢中达成青之纯粹。,0,26058,903,1,0,0,0,0,0,0,0,550,1105,2,36,50,10,255,255,0,1,1,1,0
2728,魔书记录者4,完成90种青魔法师记录中的普通任务。,0,3253,804,90,0,0,0,0,0,0,0,551,1203,1,36,60,5,255,255,0,1,1,1,0
2729,天青的悍勇弑神者,仅限由青魔法师组成的小队，在不解除限制并开启超越之力无效化的状态下完成须佐之男歼殛战。,0,62969,904,1,0,0,0,0,0,0,0,0,1323,1,0,0,5,255,255,0,1,1,1,0
2730,天青的魅惑弑神者,仅限由青魔法师组成的小队，在不解除限制并开启超越之力无效化的状态下完成吉祥天女歼殛战。,0,62969,905,1,0,0,0,0,0,0,0,0,1324,1,0,0,5,255,255,0,1,1,1,0
2731,天青的神勇征龙者,仅限由青魔法师组成的小队，在不解除限制并开启超越之力无效化的状态下完成神龙梦幻歼灭战。,0,62969,906,1,0,0,0,0,0,0,0,0,1325,1,0,0,5,255,255,0,1,1,1,0
2732,天青的夜月弑神者,仅限由青魔法师组成的小队，在不解除限制并开启超越之力无效化的状态下完成月读幽夜歼灭战。,0,62969,907,1,0,0,0,0,0,0,0,0,1326,1,0,0,5,255,255,0,1,1,1,0
2733,天青的白帝镇魂者,仅限由青魔法师组成的小队，在不解除限制并开启超越之力无效化的状态下完成白虎诗魂战。,0,62969,908,1,0,0,0,0,0,0,0,0,1327,1,0,0,5,255,255,0,1,1,1,0
2734,天青的朱华镇魂者,仅限由青魔法师组成的小队，在不解除限制并开启超越之力无效化的状态下完成朱雀诗魂战。,0,62969,909,1,0,0,0,0,0,0,0,0,1328,1,0,0,5,255,255,0,1,1,1,0
2735,天青的青君镇魂者,仅限由青魔法师组成的小队，在不解除限制并开启超越之力无效化的状态下完成青龙诗魂战。,0,62969,910,1,0,0,0,0,0,0,0,0,1329,1,0,0,5,255,255,0,1,1,1,0
2736,称霸德尔塔幻境的青魔法师,仅限由青魔法师组成的小队，在不解除限制并开启超越之力无效化的状态下完成欧米茄零式时空狭缝 德尔塔幻境4。,0,62969,911,1,0,0,0,0,0,0,0,0,1330,1,0,0,5,255,255,0,1,1,1,0
2737,称霸西格玛幻境的青魔法师,仅限由青魔法师组成的小队，在不解除限制并开启超越之力无效化的状态下完成欧米茄零式时空狭缝 西格玛幻境4。,0,62969,912,1,0,0,0,0,0,0,0,0,1331,1,0,0,5,255,255,0,1,1,1,0
2738,称霸阿尔法幻境的青魔法师,仅限由青魔法师组成的小队，在不解除限制并开启超越之力无效化的状态下完成欧米茄零式时空狭缝 阿尔法幻境4。,0,62969,913,1,0,0,0,0,0,0,0,0,1332,1,0,0,5,255,255,0,1,1,1,0
2739,通晓时空狭缝的青魔法师,达成“称霸德尔塔幻境的青魔法师”“称霸西格玛幻境的青魔法师”“称霸阿尔法幻境的青魔法师”三个成就。,0,62969,2736,2737,2738,0,0,0,0,0,0,552,1333,1,36,70,10,255,255,0,2,2,1,0
2740,踏入梦羽宝殿1,初次入侵梦羽宝殿。,0,116,914,1,0,0,0,0,0,0,0,560,72,6,43,80,5,255,255,0,1,1,1,0
2741,踏入梦羽宝殿2,累计入侵梦羽宝殿5次。,0,116,914,5,0,0,0,0,0,0,0,0,73,6,0,0,10,255,255,0,1,1,1,0
2742,踏入梦羽宝殿3,累计入侵梦羽宝殿10次。,0,116,914,10,0,0,0,0,0,0,0,0,74,6,0,0,10,255,255,0,1,1,1,0
2743,踏入梦羽宝殿4,累计入侵梦羽宝殿20次。,0,116,914,20,0,0,0,0,0,0,0,561,75,6,43,80,20,255,255,0,1,1,1,0
2744,称霸梦羽宝殿1,初次称霸梦羽宝殿。,0,116,915,1,0,0,0,0,0,0,0,0,76,6,0,0,5,255,255,0,1,1,1,0
2745,称霸梦羽宝殿2,累计称霸梦羽宝殿5次。,0,116,915,5,0,0,0,0,0,0,0,0,77,6,0,0,10,255,255,0,1,1,1,0
2746,称霸梦羽宝殿3,累计称霸梦羽宝殿10次。,0,116,915,10,0,0,0,0,0,0,0,0,78,6,0,0,10,255,255,0,1,1,1,0
2747,称霸梦羽宝殿4,累计称霸梦羽宝殿20次。,0,116,915,20,0,0,0,0,0,0,0,562,79,6,43,80,20,255,255,0,1,1,1,0
2748,谢尔达莱群岛近海的鱼拓王,钓上谢尔达莱群岛近海幻海流期间以外的所有鱼类。,0,1116,37,10,0,0,0,0,0,0,0,0,158,34,0,0,10,255,255,0,0,27,1,0
2749,绯汐海近海的鱼拓王,钓上绯汐海近海幻海流期间以外的所有鱼类。,0,1116,38,10,0,0,0,0,0,0,0,0,160,34,0,0,10,255,255,0,0,27,1,0
2750,罗斯利特湾近海的鱼拓王,钓上罗斯利特湾近海幻海流期间以外的所有鱼类。,0,1116,39,10,0,0,0,0,0,0,0,0,162,34,0,0,10,255,255,0,0,27,1,0
2751,谢尔达莱群岛近海的幻海王,钓上谢尔达莱群岛近海幻海流期间的所有鱼类。,0,1116,40,10,0,0,0,0,0,0,0,0,159,34,0,0,10,255,255,0,0,27,1,0
2752,绯汐海近海的幻海王,钓上绯汐海近海幻海流期间的所有鱼类。,0,1116,41,10,0,0,0,0,0,0,0,0,161,34,0,0,10,255,255,0,0,27,1,0
2753,罗斯利特湾近海的幻海王,钓上罗斯利特湾近海幻海流期间的所有鱼类。,0,1116,42,10,0,0,0,0,0,0,0,0,163,34,0,0,10,255,255,0,0,27,1,0
2754,气鲀四海,在出海垂钓（近海）中达成气鲀四海。,0,29118,918,1,0,0,0,0,0,0,0,553,224,34,19,1,10,255,255,0,1,1,1,0
2755,横路不通,在出海垂钓（近海）中达成横路不通。,0,29110,919,1,0,0,0,0,0,0,0,554,225,34,19,1,10,255,255,0,1,1,1,0
2756,只有我最鳐摆,在出海垂钓（近海）中达成只有我最鳐摆。,0,29130,920,1,0,0,0,0,0,0,0,555,250,34,19,1,10,255,255,0,1,1,1,0
2757,海钓爱好者4,"在出海垂钓中累计获得1,000,000渔分。",32847,1115,856,1000000,0,0,0,0,0,0,0,0,175,34,19,1,20,255,167,2,1,1,1,0
2758,海钓爱好者5,"在出海垂钓中累计获得3,000,000渔分。",0,1115,856,3000000,0,0,0,0,0,0,0,556,176,34,19,1,20,255,255,0,1,1,1,0
2759,游钓大洋4,"在1次出海垂钓（近海）中获得20,000及以上渔分。",0,1118,921,1,0,0,0,0,0,0,0,563,203,34,19,1,20,255,255,0,1,1,1,0
2760,神佑女王,完成任务“神佑女王”。,0,26002,69562,0,0,0,0,0,0,0,0,0,692,35,0,0,10,255,255,0,1,6,50,0
2761,女王古殿的记录员,完成女王古殿战果记录中的所有项目。,0,26184,43,10,0,0,0,0,0,0,0,0,2211,49,0,0,10,255,255,0,0,28,50,0
2762,称霸女王古殿1,成功挑战女王古殿。,0,64856,916,1,0,0,0,0,0,0,0,0,1561,71,0,0,5,255,255,0,1,1,50,0
2763,称霸女王古殿2,累计成功挑战女王古殿10次。,0,64856,916,10,0,0,0,0,0,0,0,0,1562,71,0,0,10,255,255,0,1,1,50,0
2764,称霸女王古殿3,累计成功挑战女王古殿50次。,0,64856,916,50,0,0,0,0,0,0,0,0,1563,71,0,0,20,255,255,0,1,1,50,0
2765,完全称霸女王古殿1,成功挑战零式女王古殿。,32840,64856,917,1,0,0,0,0,0,0,0,0,1564,71,43,80,5,255,170,1,1,1,50,0
2766,完全称霸女王古殿2,累计成功挑战零式女王古殿5次。,0,64856,917,5,0,0,0,0,0,0,0,564,1565,71,43,80,10,255,255,0,1,1,50,0
2767,完全称霸女王古殿3,累计成功挑战零式女王古殿10次。,0,64856,917,10,0,0,0,0,0,0,0,0,1566,71,0,0,20,255,255,0,1,1,50,0
2768,进化的义军之骑士·裁决,获得改良型裁决手半剑和改良型裁决鸢盾。,0,30629,69576,19,0,0,0,0,0,0,0,0,102,68,0,0,10,255,255,0,1,24,50,3
2769,进化的义军之战士·裁决,获得改良型裁决双刃斧。,0,31204,69576,21,0,0,0,0,0,0,0,0,302,68,0,0,10,255,255,0,1,24,50,3
2770,进化的义军之暗黑骑士·裁决,获得改良型裁决双手剑。,0,34358,69576,32,0,0,0,0,0,0,0,0,1102,68,0,0,10,255,255,0,1,24,50,3
2771,进化的义军之绝枪战士·裁决,获得改良型裁决魔机刃。,0,36050,69576,37,0,0,0,0,0,0,0,0,1602,68,0,0,10,255,255,0,1,24,50,3
2772,进化的义军之龙骑士·裁决,获得改良型裁决长枪。,0,31606,69576,22,0,0,0,0,0,0,0,0,402,68,0,0,10,255,255,0,1,24,50,3
2773,进化的义军之武僧·裁决,获得改良型裁决指虎。,0,31194,69576,20,0,0,0,0,0,0,0,0,202,68,0,0,10,255,255,0,1,24,50,3
2774,进化的义军之忍者·裁决,获得改良型裁决匕首。,0,33980,69576,30,0,0,0,0,0,0,0,0,602,68,0,0,10,255,255,0,1,24,50,3
2775,进化的义军之武士·裁决,获得改良型裁决武士刀。,0,36509,69576,34,0,0,0,0,0,0,0,0,1402,68,0,0,10,255,255,0,1,24,50,3
2776,进化的义军之吟游诗人·裁决,获得改良型裁决复合弓。,0,32393,69576,23,0,0,0,0,0,0,0,0,502,68,0,0,10,255,255,0,1,24,50,3
2777,进化的义军之机工士·裁决,获得改良型裁决左轮枪。,0,34404,69576,31,0,0,0,0,0,0,0,0,1202,68,0,0,10,255,255,0,1,24,50,3
2778,进化的义军之舞者·裁决,获得改良型裁决圆月轮。,0,36249,69576,38,0,0,0,0,0,0,0,0,1702,68,0,0,10,255,255,0,1,24,50,3
2779,进化的义军之黑魔法师·裁决,获得改良型裁决咒杖。,0,33148,69576,25,0,0,0,0,0,0,0,0,802,68,0,0,10,255,255,0,1,24,50,3
2780,进化的义军之召唤师·裁决,获得改良型裁决魔导书。,0,33213,69576,27,0,0,0,0,0,0,0,0,902,68,0,0,10,255,255,0,1,24,50,3
2781,进化的义军之赤魔法师·裁决,获得改良型裁决刺剑。,0,36808,69576,35,0,0,0,0,0,0,0,0,1502,68,0,0,10,255,255,0,1,24,50,3
2782,进化的义军之白魔法师·裁决,获得改良型裁决牧杖。,0,32777,69576,24,0,0,0,0,0,0,0,0,702,68,0,0,10,255,255,0,1,24,50,3
2783,进化的义军之学者·裁决,获得改良型裁决魔导典。,0,33214,69576,28,0,0,0,0,0,0,0,0,1002,68,0,0,10,255,255,0,1,24,50,3
2784,进化的义军之占星术士·裁决,获得改良型裁决量天仪。,0,34952,69576,33,0,0,0,0,0,0,0,0,1302,68,0,0,10,255,255,0,1,24,50,3
2785,天穹街的圣人（重建计划第四期）,在伊修加德重建工程（重建计划第四期）中做出了杰出贡献。,0,1995,922,1,0,0,0,0,0,0,0,557,1002,69,0,0,10,255,255,0,1,1,44,1
2786,天穹街的圣徒（重建计划第四期）,在伊修加德重建工程（重建计划第四期）中做出了贡献。,0,1987,923,1,0,0,0,0,0,0,0,558,1002,69,0,0,10,255,255,0,1,1,44,1
2787,天钢工具：天工手锯,获得天工手锯。,0,35040,69519,8,0,0,0,0,0,0,0,0,101,70,0,0,10,255,255,0,1,24,44,0
2788,天钢工具：天工横头锤,获得天工横头锤。,0,35139,69519,9,0,0,0,0,0,0,0,0,201,70,0,0,10,255,255,0,1,24,44,0
2789,天钢工具：天工圆头锤,获得天工圆头锤。,0,35239,69519,10,0,0,0,0,0,0,0,0,301,70,0,0,10,255,255,0,1,24,44,0
2790,天钢工具：天工工艺锤,获得天工工艺锤。,0,35338,69519,11,0,0,0,0,0,0,0,0,401,70,0,0,10,255,255,0,1,24,44,0
2791,天钢工具：天工圆革刀,获得天工圆革刀。,0,35439,69519,12,0,0,0,0,0,0,0,0,501,70,0,0,10,255,255,0,1,24,44,0
2792,天钢工具：天工缝针,获得天工缝针。,0,35539,69519,13,0,0,0,0,0,0,0,0,601,70,0,0,10,255,255,0,1,24,44,0
2793,天钢工具：天工蒸馏器,获得天工蒸馏器。,0,35638,69519,14,0,0,0,0,0,0,0,0,701,70,0,0,10,255,255,0,1,24,44,0
2794,天钢工具：天工煎锅,获得天工煎锅。,0,35741,69519,15,0,0,0,0,0,0,0,0,801,70,0,0,10,255,255,0,1,24,44,0
2795,天钢工具：天工鹤嘴锄,获得天工鹤嘴锄。,0,38041,69519,16,0,0,0,0,0,0,0,0,901,70,0,0,10,255,255,0,1,24,44,0
2796,天钢工具：天工手斧,获得天工手斧。,0,38139,69519,17,0,0,0,0,0,0,0,0,1001,70,0,0,10,255,255,0,1,24,44,0
2797,天钢工具：天工钓竿,获得天工钓竿。,0,38242,69519,18,0,0,0,0,0,0,0,0,1101,70,0,0,10,255,255,0,1,24,44,0
2798,梦想成真,完成任务“梦想成真之后”。,0,26002,69520,0,0,0,0,0,0,0,0,0,681,35,0,0,10,255,255,0,1,6,1,0
2799,突出重围1,在官方锦标赛中夺冠1次。,33025,3116,924,1,0,0,0,0,0,0,0,0,74,18,47,15,5,255,168,4,1,1,1,0
2800,突出重围2,在官方锦标赛中夺冠50次。,0,3116,924,50,0,0,0,0,0,0,0,559,75,18,47,15,10,255,255,0,1,1,1,0
2801,官方记录1,在官方锦标赛中胜利10次。,33139,27661,925,10,0,0,0,0,0,0,0,0,76,18,47,15,5,255,171,4,1,1,1,0
2802,官方记录2,在官方锦标赛中胜利50次。,0,27661,925,50,0,0,0,0,0,0,0,0,77,18,0,0,10,255,255,0,1,1,1,0
2803,官方记录3,在官方锦标赛中胜利150次。,33040,27661,925,150,0,0,0,0,0,0,0,0,78,18,47,15,20,255,169,4,1,1,1,0
2804,繁星般的笑容,完成任务“星芒节带给大家笑容！”。,0,4186,69558,0,0,0,0,0,0,0,0,0,107,38,0,0,10,255,255,0,1,6,51,0
2805,休息，休息一下,完成任务“猛虎神乐降神节”。,0,41807,69559,0,0,0,0,0,0,0,0,0,116,38,0,0,10,255,255,0,1,6,60,0
2806,小小的冒险，大大的一步,完成任务“女儿节与小小冒险者”。,0,41519,69533,0,0,0,0,0,0,0,0,0,109,38,0,0,10,255,255,0,1,6,53,0
2807,升歌文化区的刻木匠,交纳第四期重建用的高难度配方木工制品100次。,0,26120,927,100,0,0,0,0,0,0,0,565,150,24,9,80,10,255,255,0,1,1,44,0
2808,升歌文化区的锻铁匠,交纳第四期重建用的高难度配方锻冶制品100次。,0,26612,928,100,0,0,0,0,0,0,0,566,150,25,10,80,10,255,255,0,1,1,44,0
2809,升歌文化区的铸甲匠,交纳第四期重建用的高难度配方铸甲制品100次。,0,52715,929,100,0,0,0,0,0,0,0,567,150,26,11,80,10,255,255,0,1,1,44,0
2810,升歌文化区的雕金匠,交纳第四期重建用的高难度配方雕金制品100次。,0,52714,930,100,0,0,0,0,0,0,0,568,150,27,12,80,10,255,255,0,1,1,44,0
2811,升歌文化区的制革匠,交纳第四期重建用的高难度配方皮革制品100次。,0,54212,931,100,0,0,0,0,0,0,0,569,150,28,13,80,10,255,255,0,1,1,44,0
2812,升歌文化区的裁衣匠,交纳第四期重建用的高难度配方裁缝制品100次。,0,42706,932,100,0,0,0,0,0,0,0,570,150,29,14,80,10,255,255,0,1,1,44,0
2813,升歌文化区的炼金术士,交纳第四期重建用的高难度配方炼金制品100次。,0,20711,933,100,0,0,0,0,0,0,0,571,150,30,15,80,10,255,255,0,1,1,44,0
2814,升歌文化区的烹调师,交纳第四期重建用的高难度配方烹调制品100次。,0,24093,934,100,0,0,0,0,0,0,0,572,150,31,16,80,10,255,255,0,1,1,44,0
2815,升歌文化区的采矿工,"对50,000个第四期重建用的高难度配方中的矿石素材进行检验。",0,21484,935,50000,0,0,0,0,0,0,0,573,150,32,17,80,10,255,255,0,1,1,44,0
2816,升歌文化区的园艺工,"对50,000个第四期重建用的高难度配方中的草木素材进行检验。",0,22424,936,50000,0,0,0,0,0,0,0,574,150,33,18,80,10,255,255,0,1,1,44,0
2817,升歌文化区的捕鱼人,对300条第四期重建用的特供鱼进行检验。,0,29748,937,300,0,0,0,0,0,0,0,575,142,34,19,80,10,255,255,0,1,1,44,0
2818,天穹之下露出笑容,完成任务“天穹之下露出笑容”。,0,26002,69538,0,0,0,0,0,0,0,0,0,671,35,0,0,5,255,255,0,1,6,44,0
2819,狂热幻卡收藏家,获得编号第1至第312号的九宫幻卡。,0,27672,44,312,0,0,0,0,0,0,0,576,49,18,47,15,20,255,255,0,1,29,1,0
2820,机龙乘云,获得机龙魔笛。,0,104,69593,0,0,0,0,0,0,0,0,577,1250,19,43,80,20,255,255,0,1,6,1,0
2821,辉煌工具：辉煌异木手锯,获得辉煌异木手锯。,0,35042,938,1,0,0,0,0,0,0,0,0,170,24,0,0,10,255,255,0,1,1,1,0
2822,辉煌工具：辉煌怪铁鸟嘴锤,获得辉煌怪铁鸟嘴锤。,0,35141,939,1,0,0,0,0,0,0,0,0,170,25,0,0,10,255,255,0,1,1,1,0
2823,辉煌工具：辉煌凶甲圆头锤,获得辉煌凶甲圆头锤。,0,35241,940,1,0,0,0,0,0,0,0,0,170,26,0,0,10,255,255,0,1,1,1,0
2824,辉煌工具：辉煌恶金工艺锤,获得辉煌恶金工艺锤。,0,35340,941,1,0,0,0,0,0,0,0,0,170,27,0,0,10,255,255,0,1,1,1,0
2825,辉煌工具：辉煌邪衣缝针,获得辉煌邪衣缝针。,0,35541,942,1,0,0,0,0,0,0,0,0,170,29,0,0,10,255,255,0,1,1,1,0
2826,辉煌工具：辉煌妖革裁皮刀,获得辉煌妖革裁皮刀。,0,35441,943,1,0,0,0,0,0,0,0,0,170,28,0,0,10,255,255,0,1,1,1,0
2827,辉煌工具：辉煌炼魔蒸馏器,获得辉煌炼魔蒸馏器。,0,35640,944,1,0,0,0,0,0,0,0,0,170,30,0,0,10,255,255,0,1,1,1,0
2828,辉煌工具：辉煌烹宰厨锅,获得辉煌烹宰厨锅。,0,35743,945,1,0,0,0,0,0,0,0,0,170,31,0,0,10,255,255,0,1,1,1,0
2829,工欲善其事必先利其器,获得所有能工巧匠职业的辉煌工具。,0,1982,2821,2822,2823,2824,2825,2826,2827,2828,0,578,2000,69,44,80,20,255,255,0,1,2,1,0
2830,专研采掘笔记7,累计采掘成功并标记220种采集笔记中记载的采矿工专属素材。,33356,1015,200,220,0,0,0,0,0,0,0,0,47,32,17,80,10,255,172,3,1,1,1,0
2831,专研采伐笔记7,累计采伐成功并标记340种采集笔记中记载的园艺工专属素材。,33357,1065,201,340,0,0,0,0,0,0,0,0,47,33,18,80,10,255,173,3,1,1,1,0
2832,专研钓鱼笔记7,累计钓上并标记1140种钓鱼笔记中记载的物种。,33358,1104,202,1140,0,0,0,0,0,0,0,0,47,34,19,80,10,255,174,3,1,1,1,0
2833,净界太公5,在暗影区域钓上45种钓场之王。,0,1102,826,45,0,0,0,0,0,0,0,579,104,34,19,80,10,255,255,0,1,1,1,0
2834,太公仙路,达成“愿者上钩16”“净界太公5”成就。,0,1113,2245,2833,0,0,0,0,0,0,0,580,105,34,19,80,20,255,255,0,2,2,1,0
2835,狄兰达尔伯爵的信任1,狄兰达尔伯爵的信赖等级达到1级。,0,25507,946,1,0,0,0,0,0,0,0,0,211,12,0,0,5,255,255,0,1,1,1,0
2836,狄兰达尔伯爵的信任2,狄兰达尔伯爵的信赖等级达到2级。,0,25507,946,2,0,0,0,0,0,0,0,0,212,12,0,0,5,255,255,0,1,1,1,0
2837,狄兰达尔伯爵的信任3,狄兰达尔伯爵的信赖等级达到3级。,0,25507,946,3,0,0,0,0,0,0,0,0,213,12,0,0,5,255,255,0,1,1,1,0
2838,狄兰达尔伯爵的信任4,狄兰达尔伯爵的信赖等级达到4级。,0,25507,946,4,0,0,0,0,0,0,0,0,214,12,0,0,5,255,255,0,1,1,1,0
2839,狄兰达尔伯爵的信任5,狄兰达尔伯爵的信赖等级达到5级。,0,25507,946,5,0,0,0,0,0,0,0,581,215,12,46,70,10,255,255,0,1,1,1,0
2840,狄兰达尔伯爵的老主顾1,在狄兰达尔伯爵处累计交纳收藏品36次。,0,26551,947,36,0,0,0,0,0,0,0,0,67,22,0,0,5,255,255,0,1,1,1,0
2841,狄兰达尔伯爵的老主顾2,在狄兰达尔伯爵处累计交纳收藏品48次。,0,26551,947,48,0,0,0,0,0,0,0,0,68,22,0,0,5,255,255,0,1,1,1,0
2842,狄兰达尔伯爵的老主顾3,在狄兰达尔伯爵处累计交纳收藏品60次。,0,26551,947,60,0,0,0,0,0,0,0,0,69,22,0,0,5,255,255,0,1,1,1,0
2843,狄兰达尔伯爵的老主顾4,在狄兰达尔伯爵处累计交纳收藏品90次。,0,26551,947,90,0,0,0,0,0,0,0,0,70,22,0,0,5,255,255,0,1,1,1,0
2844,狄兰达尔伯爵的老主顾5,在狄兰达尔伯爵处累计交纳收藏品120次。,0,26551,947,120,0,0,0,0,0,0,0,0,71,22,0,0,5,255,255,0,1,1,1,0
2845,狄兰达尔伯爵的老主顾6,在狄兰达尔伯爵处累计交纳收藏品150次。,0,26551,947,150,0,0,0,0,0,0,0,582,72,22,46,70,10,255,255,0,1,1,1,0
2846,钻石的降神者,在钻石神兵狂想作战中成功捕获钻石神兵。,0,317,20076,0,0,0,0,0,0,0,0,0,33,3,0,0,10,255,255,0,1,14,1,0
2847,称霸希望之炮台：“塔”,成功挑战希望之炮台：“塔”。,0,3501,30105,0,0,0,0,0,0,0,0,0,0,4,0,0,5,255,255,0,1,14,41,0
2848,踏遍希望之炮台：“塔”,成功探索希望之炮台：“塔”的所有地区。,0,1001,659,0,0,0,0,0,0,0,0,0,1506,49,0,0,10,255,255,0,1,8,41,0
2849,踏遍帕戈尔赞草原,成功探索帕戈尔赞草原（黄金平原）的所有地区。,0,1001,667,0,0,0,0,0,0,0,0,0,87,49,0,0,10,255,255,0,1,8,1,0
2850,战争与牺牲,完成任务“战争与牺牲”。,0,26002,69599,0,0,0,0,0,0,0,0,0,72,76,0,0,20,255,255,0,1,6,28,0
2851,死斗至黎明,完成任务“死斗至黎明”。,0,26002,69602,0,0,0,0,0,0,0,0,583,73,76,43,80,20,255,255,0,1,6,28,0
2852,心之所在,完成任务“心之所在”。,0,4764,69589,0,0,0,0,0,0,0,0,584,902,35,43,80,10,255,255,0,1,6,41,0
2853,特制冰品,完成任务“红莲节与特制冰品”。,0,53406,69619,0,0,0,0,0,0,0,0,0,112,38,0,0,10,255,255,0,1,6,56,0
2854,小鸡与彩蛋狩猎,完成任务“彩蛋狩猎添彩”。,0,41827,69626,0,0,0,0,0,0,0,0,0,110,38,0,0,10,255,255,0,1,6,54,0
2855,不是他不是他就不是他,完成任务“金碟游乐场的谢礼”。,0,26435,69591,0,0,0,0,0,0,0,0,0,111,38,0,0,10,255,255,0,1,6,55,0
2856,展望未来的八周年,完成任务“新生庆典与镇魂花的香气”。,0,26107,69627,0,0,0,0,0,0,0,0,0,113,38,0,0,10,255,255,0,1,6,57,0
2857,女王麾下之骑士,获得女王之荣耀与女王之坚毅。,0,30633,69637,19,0,0,0,0,0,0,0,0,103,68,0,0,10,255,255,0,1,24,1,3
2858,女王麾下之战士,获得女王之英勇。,0,31208,69637,21,0,0,0,0,0,0,0,0,303,68,0,0,10,255,255,0,1,24,1,3
2859,女王麾下之暗黑骑士,获得女王之正义。,0,34362,69637,32,0,0,0,0,0,0,0,0,1103,68,0,0,10,255,255,0,1,24,1,3
2860,女王麾下之绝枪战士,获得女王之决意。,0,36054,69637,37,0,0,0,0,0,0,0,0,1603,68,0,0,10,255,255,0,1,24,1,3
2861,女王麾下之龙骑士,获得女王之荣光。,0,31610,69637,22,0,0,0,0,0,0,0,0,403,68,0,0,10,255,255,0,1,24,1,3
2862,女王麾下之武僧,获得女王之安宁。,0,31198,69637,20,0,0,0,0,0,0,0,0,203,68,0,0,10,255,255,0,1,24,1,3
2863,女王麾下之忍者,获得女王之精巧。,0,33984,69637,30,0,0,0,0,0,0,0,0,603,68,0,0,10,255,255,0,1,24,1,3
2864,女王麾下之武士,获得女王之忠诚。,0,36513,69637,34,0,0,0,0,0,0,0,0,1403,68,0,0,10,255,255,0,1,24,1,3
2865,女王麾下之吟游诗人,获得女王之沉思。,0,32397,69637,23,0,0,0,0,0,0,0,0,503,68,0,0,10,255,255,0,1,24,1,3
2866,女王麾下之机工士,获得女王之才智。,0,34408,69637,31,0,0,0,0,0,0,0,0,1203,68,0,0,10,255,255,0,1,24,1,3
2867,女王麾下之舞者,获得女王之愉悦。,0,36253,69637,38,0,0,0,0,0,0,0,0,1703,68,0,0,10,255,255,0,1,24,1,3
2868,女王麾下之黑魔法师,获得女王之盛怒。,0,33152,69637,25,0,0,0,0,0,0,0,0,803,68,0,0,10,255,255,0,1,24,1,3
2869,女王麾下之召唤师,获得女王之敏锐。,0,33222,69637,27,0,0,0,0,0,0,0,0,903,68,0,0,10,255,255,0,1,24,1,3
2870,女王麾下之赤魔法师,获得女王之克己。,0,36812,69637,35,0,0,0,0,0,0,0,0,1503,68,0,0,10,255,255,0,1,24,1,3
2871,女王麾下之白魔法师,获得女王之慈悲。,0,32781,69637,24,0,0,0,0,0,0,0,0,703,68,0,0,10,255,255,0,1,24,1,3
2872,女王麾下之学者,获得女王之睿智。,0,33221,69637,28,0,0,0,0,0,0,0,0,1003,68,0,0,10,255,255,0,1,24,1,3
2873,女王麾下之占星术士,获得女王之天命。,0,34956,69637,33,0,0,0,0,0,0,0,0,1303,68,0,0,10,255,255,0,1,24,1,3
2874,苍鹰翱翔1,首次成功挑战旗舰达尔里阿达号。,0,64858,948,1,0,0,0,0,0,0,0,0,1580,71,0,0,10,255,255,0,1,1,1,0
2875,苍鹰翱翔2,累计成功挑战旗舰达尔里阿达号10次。,0,64858,948,10,0,0,0,0,0,0,0,0,1581,71,0,0,10,255,255,0,1,1,1,0
2876,苍鹰翱翔3,累计成功挑战旗舰达尔里阿达号50次。,0,64858,948,50,0,0,0,0,0,0,0,585,1582,71,43,80,20,255,255,0,1,1,1,0
2877,超级调整兵,在扎杜诺尔高原中，成功单挑超级调整兵达波格。,0,2629,949,1,0,0,0,0,0,0,0,586,1570,71,43,80,10,255,255,0,1,1,1,0
2878,斩将,在扎杜诺尔高原中，成功单挑梅内纽斯·萨斯·拉那图斯。,0,2629,950,1,0,0,0,0,0,0,0,587,1571,71,43,80,10,255,255,0,1,1,1,0
2879,桀骜不驯,在扎杜诺尔高原中，成功单挑兽王莱昂。,0,2629,951,1,0,0,0,0,0,0,0,588,1572,71,43,80,10,255,255,0,1,1,1,0
2880,扎杜诺尔高原的英雄,达成“超级调整兵”“斩将”“桀骜不驯”三个成就。,0,64836,2877,2878,2879,0,0,0,0,0,0,589,1573,71,43,80,20,255,255,0,2,2,1,0
2881,女王之刃,达成“南方博兹雅战线的英雄”“扎杜诺尔高原的英雄”成就。,0,64805,2686,2880,0,0,0,0,0,0,0,590,1575,71,43,80,20,255,255,0,2,2,1,0
2882,博兹雅的彗星,获得坚守彗星勋章、勇猛彗星勋章、救命彗星勋章各10个。,0,64660,952,1,0,0,0,0,0,0,0,591,1585,71,43,80,10,255,255,0,1,1,1,0
2883,失传战技的继承者,获得全部99种失传技能。,0,64840,953,1,0,0,0,0,0,0,0,0,1590,71,0,0,10,255,255,0,1,1,1,0
2884,鲜血女王的进军,完成任务“鲜血女王的进军”。,0,26002,69624,0,0,0,0,0,0,0,0,592,693,35,43,80,10,255,255,0,1,6,1,0
2885,扎杜诺尔高原的记录员,完成扎杜诺尔高原记录中的所有项目。,0,26184,45,20,0,0,0,0,0,0,0,0,2212,49,0,0,10,255,255,0,0,28,1,0
2886,博兹雅的记录员,达成“南方博兹雅战线的记录员”“女王古殿的记录员”“扎杜诺尔高原的记录员”三个成就。,33676,26184,2671,2761,2885,0,0,0,0,0,0,0,2213,49,43,70,20,255,175,1,2,2,1,0
2887,相伴到永远,完成任务“相伴到永远”。,0,26002,69568,0,0,0,0,0,0,0,0,0,695,35,0,0,10,255,255,0,1,6,1,0
2888,海鸥相伴,在出海垂钓中遇见3次海鸥群。,33690,1133,954,3,0,0,0,0,0,0,0,0,260,34,19,1,10,255,176,2,1,1,1,0
2889,海中智者,在出海垂钓中遇见3次海豚群。,33692,1133,955,3,0,0,0,0,0,0,0,0,261,34,19,1,10,255,177,2,1,1,1,0
2890,天穹街的庆典爱好者,天穹同庆期间以最高评价完成10次庆典活动。,0,1902,956,10,0,0,0,0,0,0,0,0,110,69,0,0,5,255,255,0,1,1,44,0
2891,踏遍扎杜诺尔高原,成功探索扎杜诺尔高原的所有地区。,0,1001,665,0,0,0,0,0,0,0,0,0,2202,49,0,0,10,255,255,0,1,8,50,0
2892,利剑中的领悟9,将剑术师升到90级。,0,30408,1,90,0,0,0,0,0,0,0,0,9,13,0,0,5,255,255,0,1,3,1,0
2893,斗拳中的领悟9,将格斗家升到90级。,0,31004,2,90,0,0,0,0,0,0,0,0,29,13,0,0,5,255,255,0,1,3,1,0
2894,大斧中的领悟9,将斧术师升到90级。,0,31409,3,90,0,0,0,0,0,0,0,0,49,13,0,0,5,255,255,0,1,3,1,0
2895,尖枪中的领悟9,将枪术师升到90级。,0,31816,4,90,0,0,0,0,0,0,0,0,69,13,0,0,5,255,255,0,1,3,1,0
2896,箭矢中的领悟9,将弓箭手升到90级。,0,32204,5,90,0,0,0,0,0,0,0,0,89,13,0,0,5,255,255,0,1,3,1,0
2897,幻术中的领悟9,将幻术师升到90级。,0,32611,6,90,0,0,0,0,0,0,0,0,9,14,0,0,5,255,255,0,1,3,1,0
2898,咒术中的领悟9,将咒术师升到90级。,0,32806,7,90,0,0,0,0,0,0,0,0,29,14,0,0,5,255,255,0,1,3,1,0
2899,秘术中的领悟9,将秘术师升到90级。,0,33401,26,90,0,0,0,0,0,0,0,0,49,14,0,0,5,255,255,0,1,3,1,0
2900,双剑中的领悟9,将双剑师升到90级。,0,33801,29,90,0,0,0,0,0,0,0,0,109,13,0,0,5,255,255,0,1,3,1,0
2901,暗剑中的领悟7,将暗黑骑士升到90级。,0,34203,32,90,0,0,0,0,0,0,0,0,129,13,0,0,5,255,255,0,1,3,1,0
2902,机工中的领悟7,将机工士升到90级。,0,34607,31,90,0,0,0,0,0,0,0,0,149,13,0,0,5,255,255,0,1,3,1,0
2903,星图中的领悟7,将占星术士升到90级。,0,34808,33,90,0,0,0,0,0,0,0,0,69,14,0,0,5,255,255,0,1,3,1,0
2904,刺剑中的领悟5,将赤魔法师升到90级。,0,36747,35,90,0,0,0,0,0,0,0,0,89,14,0,0,5,255,255,0,1,3,1,0
2905,武道中的领悟5,将武士升到90级。,0,36427,34,90,0,0,0,0,0,0,0,0,169,13,0,0,5,255,255,0,1,3,1,0
2906,枪刃中的领悟3,将绝枪战士升到90级。,0,36005,37,90,0,0,0,0,0,0,0,0,189,13,0,0,5,255,255,0,1,3,1,0
2907,舞步中的领悟3,将舞者升到90级。,0,36205,38,90,0,0,0,0,0,0,0,0,209,13,0,0,5,255,255,0,1,3,1,0
2908,收割中的领悟1,将钐镰客升到80级。,0,37231,39,80,0,0,0,0,0,0,0,0,228,13,0,0,5,255,255,0,1,3,1,0
2909,收割中的领悟2,将钐镰客升到90级。,0,37231,39,90,0,0,0,0,0,0,0,0,229,13,0,0,5,255,255,0,1,3,1,0
2910,贤学中的领悟1,将贤者升到80级。,0,37030,40,80,0,0,0,0,0,0,0,0,108,14,0,0,5,255,255,0,1,3,1,0
2911,贤学中的领悟2,将贤者升到90级。,0,37030,40,90,0,0,0,0,0,0,0,0,109,14,0,0,5,255,255,0,1,3,1,0
2912,木工中的领悟9,将刻木匠升到90级。,0,35001,8,90,0,0,0,0,0,0,0,0,9,15,0,0,5,255,255,0,1,3,1,0
2913,锻冶中的领悟9,将锻铁匠升到90级。,0,35106,9,90,0,0,0,0,0,0,0,0,29,15,0,0,5,255,255,0,1,3,1,0
2914,甲胄中的领悟9,将铸甲匠升到90级。,0,35203,10,90,0,0,0,0,0,0,0,0,49,15,0,0,5,255,255,0,1,3,1,0
2915,雕金中的领悟9,将雕金匠升到90级。,0,35301,11,90,0,0,0,0,0,0,0,0,69,15,0,0,5,255,255,0,1,3,1,0
2916,皮革中的领悟9,将制革匠升到90级。,0,35404,12,90,0,0,0,0,0,0,0,0,89,15,0,0,5,255,255,0,1,3,1,0
2917,裁缝中的领悟9,将裁衣匠升到90级。,0,35501,13,90,0,0,0,0,0,0,0,0,109,15,0,0,5,255,255,0,1,3,1,0
2918,炼金中的领悟9,将炼金术士升到90级。,0,35604,14,90,0,0,0,0,0,0,0,0,129,15,0,0,5,255,255,0,1,3,1,0
2919,烹调中的领悟9,将烹调师升到90级。,0,35704,15,90,0,0,0,0,0,0,0,0,149,15,0,0,5,255,255,0,1,3,1,0
2920,草木中的领悟9,将园艺工升到90级。,0,38103,17,90,0,0,0,0,0,0,0,0,29,16,0,0,5,255,255,0,1,3,1,0
2921,矿石中的领悟9,将采矿工升到90级。,0,38003,16,90,0,0,0,0,0,0,0,0,9,16,0,0,5,255,255,0,1,3,1,0
2922,垂钓中的领悟9,将捕鱼人升到90级。,0,38203,18,90,0,0,0,0,0,0,0,0,49,16,0,0,5,255,255,0,1,3,1,0
2923,极武之勇者,将剑术师、格斗家、斧术师、枪术师、弓箭手、双剑师、暗黑骑士、机工士、武士、绝枪战士、舞者和钐镰客都升到90级。,0,2547,46,12,0,0,0,0,0,0,0,593,13,12,41,90,20,255,255,0,1,26,1,0
2924,究魔之智者,将幻术师、咒术师、秘术师、占星术士、赤魔法师和贤者都升到90级。,0,2661,47,6,0,0,0,0,0,0,0,594,14,12,42,90,20,255,255,0,1,26,1,0
2925,十八重之道的探究者,达成“极武之勇者”和“究魔之智者”两个成就。,35858,2517,2923,2924,0,0,0,0,0,0,0,0,15,12,43,90,30,255,178,3,2,2,1,0
2926,博心之巧者,将刻木匠、锻铁匠、铸甲匠、雕金匠、制革匠、裁衣匠、炼金术士和烹调师都升到90级。,0,61269,48,8,0,0,0,0,0,0,0,595,29,12,44,90,20,255,255,0,1,26,1,0
2927,遍识之贤者,将采矿工、园艺工和捕鱼人都升到90级。,0,1981,49,3,0,0,0,0,0,0,0,596,30,12,45,90,20,255,255,0,1,26,1,0
2928,木工绩学者,完成1000次81-90级的木工作业。,0,35001,957,1000,0,0,0,0,0,0,0,0,10,24,0,0,10,255,255,0,1,1,1,0
2929,锻冶绩学者,完成1000次81-90级的锻冶作业。,0,35106,958,1000,0,0,0,0,0,0,0,0,10,25,0,0,10,255,255,0,1,1,1,0
2930,铸甲绩学者,完成1000次81-90级的铸甲作业。,0,35203,959,1000,0,0,0,0,0,0,0,0,10,26,0,0,10,255,255,0,1,1,1,0
2931,雕金绩学者,完成1000次81-90级的雕金作业。,0,35301,960,1000,0,0,0,0,0,0,0,0,10,27,0,0,10,255,255,0,1,1,1,0
2932,制革绩学者,完成1000次81-90级的制革作业。,0,35404,961,1000,0,0,0,0,0,0,0,0,10,28,0,0,10,255,255,0,1,1,1,0
2933,裁缝绩学者,完成1000次81-90级的裁缝作业。,0,35501,962,1000,0,0,0,0,0,0,0,0,10,29,0,0,10,255,255,0,1,1,1,0
2934,炼金绩学者,完成1000次81-90级的炼金作业。,0,35604,963,1000,0,0,0,0,0,0,0,0,10,30,0,0,10,255,255,0,1,1,1,0
2935,烹调绩学者,完成1000次81-90级的烹调作业。,0,35704,964,1000,0,0,0,0,0,0,0,0,10,31,0,0,10,255,255,0,1,1,1,0
2936,晓月之采伐能手,在81-90级的良材采伐或割草5000次。,0,1056,965,5000,0,0,0,0,0,0,0,0,23,33,0,0,10,255,255,0,1,1,1,0
2937,晓月之采掘能手,在81-90级的矿脉采掘或碎石5000次。,0,1015,966,5000,0,0,0,0,0,0,0,0,23,32,0,0,10,255,255,0,1,1,1,0
2938,晓月之钓鱼能手,在81-90级的钓场捕鱼3000次。,0,1101,967,3000,0,0,0,0,0,0,0,0,23,34,0,0,10,255,255,0,1,1,1,0
2939,收藏品制作者6,累计制作收藏品7000次。,0,62973,372,7000,0,0,0,0,0,0,0,0,6,22,0,0,10,255,255,0,1,1,1,0
2940,收藏品采集者6,累计采集收藏品10000次。,0,60031,373,10000,0,0,0,0,0,0,0,0,16,22,0,0,10,255,255,0,1,1,1,0
2941,木匠传奇7,累计完成120种木工理符任务。,0,35001,181,120,0,0,0,0,0,0,0,0,87,36,0,0,10,255,255,0,1,1,1,0
2942,铁匠传奇7,累计完成120种锻冶理符任务。,0,35106,182,120,0,0,0,0,0,0,0,0,107,36,0,0,10,255,255,0,1,1,1,0
2943,甲匠传奇7,累计完成120种铸甲理符任务。,0,35203,183,120,0,0,0,0,0,0,0,0,127,36,0,0,10,255,255,0,1,1,1,0
2944,金匠传奇7,累计完成120种雕金理符任务。,0,35301,184,120,0,0,0,0,0,0,0,0,147,36,0,0,10,255,255,0,1,1,1,0
2945,革匠传奇7,累计完成120种制革理符任务。,0,35404,185,120,0,0,0,0,0,0,0,0,167,36,0,0,10,255,255,0,1,1,1,0
2946,衣匠传奇7,累计完成120种裁缝理符任务。,0,35501,186,120,0,0,0,0,0,0,0,0,187,36,0,0,10,255,255,0,1,1,1,0
2947,炼金传奇7,累计完成120种炼金理符任务。,0,35604,187,120,0,0,0,0,0,0,0,0,207,36,0,0,10,255,255,0,1,1,1,0
2948,厨师传奇7,累计完成120种烹调理符任务。,0,35704,188,120,0,0,0,0,0,0,0,0,227,36,0,0,10,255,255,0,1,1,1,0
2949,草木传奇7,累计完成100种园艺理符任务。,0,38103,190,100,0,0,0,0,0,0,0,0,267,36,0,0,10,255,255,0,1,1,1,0
2950,矿石传奇7,累计完成100种采矿理符任务。,0,38003,189,100,0,0,0,0,0,0,0,0,247,36,0,0,10,255,255,0,1,1,1,0
2951,渔民传奇7,累计完成100种钓鱼理符任务。,0,38203,191,100,0,0,0,0,0,0,0,0,287,36,0,0,10,255,255,0,1,1,1,0
2952,欢喜的颜色,完成任务“欢喜的颜色”。,0,26002,69915,0,0,0,0,0,0,0,0,597,74,76,43,81,20,255,255,0,1,6,63,0
2953,拯救星球的英雄,完成任务“拯救星球的英雄”。,0,26002,69934,0,0,0,0,0,0,0,0,598,75,76,43,86,20,255,255,0,1,6,63,0
2954,亚伊太利斯的明天,完成任务“亚伊太利斯的明天”。,0,26002,69944,0,0,0,0,0,0,0,0,599,76,76,43,86,20,255,255,0,1,6,63,0
2955,这个世界的末日,完成任务“这个世界的末日”。,0,26002,69954,0,0,0,0,0,0,0,0,600,77,76,43,87,20,255,255,0,1,6,63,0
2956,获得生与死的答案,完成任务“获得生与死的答案”。,0,26002,69974,0,0,0,0,0,0,0,0,601,78,76,43,89,20,255,255,0,1,6,63,0
2957,所有的孩子们,完成任务“所有的孩子们”。,0,26002,69985,0,0,0,0,0,0,0,0,602,79,76,43,90,20,255,255,0,1,6,63,0
2958,晓月之终途,完成任务“晓月之终途”。,0,26002,70000,0,0,0,0,0,0,0,0,603,80,76,43,90,20,255,255,0,1,6,63,0
2959,异乡之钐镰客,完成任务“暗杀道”。,0,26063,69614,0,0,0,0,0,0,0,0,604,608,77,39,70,5,255,255,0,2,6,1,0
2960,睿智之贤者,完成任务“生命瞬逝，术道恒久”。,0,26064,69608,0,0,0,0,0,0,0,0,605,609,77,40,70,5,255,255,0,2,6,1,0
2961,跨越病毒之绝望,完成任务“未来之路”。,0,61264,69643,0,0,0,0,0,0,0,0,0,806,77,0,0,5,255,255,0,2,6,1,0
2962,跨越罪恶之绝望,完成任务“目送生者前行”。,0,61251,69649,0,0,0,0,0,0,0,0,0,807,77,0,0,5,255,255,0,2,6,1,0
2963,跨越灭绝之绝望,完成任务“驶向融合的巨轮”。,0,61265,69655,0,0,0,0,0,0,0,0,0,808,77,0,0,5,255,255,0,2,6,1,0
2964,跨越别离之绝望,完成任务“英魂安息”。,0,61262,69661,0,0,0,0,0,0,0,0,0,809,77,0,0,5,255,255,0,2,6,1,0
2965,跨越废教之绝望,完成任务“仰望苍穹，不断迈进”。,0,61253,69667,0,0,0,0,0,0,0,0,0,810,77,0,0,5,255,255,0,2,6,1,0
2966,露露夏研究室的理解者,完成任务“与古代的对话”。,0,1988,69674,0,0,0,0,0,0,0,0,606,906,77,57,90,5,255,255,0,2,6,1,0
2967,古典天文学研究会的同伴,完成任务“约定的星星”。,0,1987,69681,0,0,0,0,0,0,0,0,607,907,77,58,90,5,255,255,0,2,6,1,0
2968,加尔韦罗什研究室的精髓,完成任务“萨雷安的饮食文化”。,0,1955,69688,0,0,0,0,0,0,0,0,608,908,77,59,90,5,255,255,0,2,6,1,0
2969,连接断金研究室的桥梁,完成任务“美妙的结局”。,0,1006,69695,0,0,0,0,0,0,0,0,609,909,77,60,90,5,255,255,0,2,6,1,0
2970,环境以太研究室的共同作者,完成任务“海港的未来”。,0,1116,69702,0,0,0,0,0,0,0,0,610,910,77,61,90,5,255,255,0,2,6,1,0
2971,萨雷安魔法大学的助力,完成任务“联系在一起的情感”。,0,1901,70010,0,0,0,0,0,0,0,0,611,911,77,46,90,10,255,255,0,2,6,1,0
2972,战友的希望,亲信战友阿尔菲诺、阿莉塞、桑克瑞德、于里昂热、雅·修特拉、古·拉哈·提亚和埃斯蒂尼安全都升到90级。,0,3139,968,1,0,0,0,0,0,0,0,612,1001,12,0,0,20,255,255,0,1,1,1,2
2973,持之以恒的探索者,完成探索笔记中晓月之章的项目1-46。,0,1019,969,46,0,0,0,0,0,0,0,0,68,39,0,0,10,255,255,0,1,1,1,0
2974,踏遍迷津,成功探索迷津的所有地区。,0,1001,695,0,0,0,0,0,0,0,0,0,0,72,0,0,10,255,255,0,1,8,1,0
2975,踏遍萨维奈岛,成功探索萨维奈岛的所有地区。,0,1001,696,0,0,0,0,0,0,0,0,0,0,73,0,0,10,255,255,0,1,8,1,0
2976,踏遍加雷马,成功探索加雷马的所有地区。,0,1001,697,0,0,0,0,0,0,0,0,0,0,73,0,0,10,255,255,0,1,8,1,0
2977,踏遍叹息海,成功探索叹息海的所有地区。,0,1001,698,0,0,0,0,0,0,0,0,0,0,74,0,0,10,255,255,0,1,8,1,3
2978,踏遍厄尔庇斯,成功探索厄尔庇斯的所有地区。,0,1001,700,0,0,0,0,0,0,0,0,0,0,74,0,0,10,255,255,0,1,8,1,3
2979,踏遍天外天垓,成功探索天外天垓的所有地区。,0,1001,699,0,0,0,0,0,0,0,0,0,0,74,0,0,10,255,255,0,1,8,1,3
2980,踏遍佐特塔,成功探索佐特塔（异形楼阁）的所有地区。,0,1001,701,0,0,0,0,0,0,0,0,0,88,49,0,0,10,255,255,0,1,8,1,0
2981,踏遍巴别塔,成功探索巴别塔（魔导神门）的所有地区。,0,1001,723,0,0,0,0,0,0,0,0,0,89,49,0,0,10,255,255,0,1,8,1,0
2982,踏遍万相森国,成功探索万相森国（末日树海）的所有地区。,0,1001,739,0,0,0,0,0,0,0,0,0,90,49,0,0,10,255,255,0,1,8,1,0
2983,踏遍极北造物院,成功探索极北造物院（创造环境）的所有地区。,0,1001,710,0,0,0,0,0,0,0,0,0,91,49,0,0,10,255,255,0,1,8,1,0
2984,踏遍寻因星晶镜,成功探索寻因星晶镜（星海深幽）的所有地区。,0,1001,719,0,0,0,0,0,0,0,0,0,92,49,0,0,10,255,255,0,1,8,1,0
2985,踏遍末世终迹,成功探索末世终迹（最终幻想）的所有地区。,0,1001,736,0,0,0,0,0,0,0,0,0,93,49,0,0,10,255,255,0,1,8,1,1
2986,踏遍斯提格玛四,成功探索斯提格玛四（电脑梦境）的所有地区。,0,1001,716,0,0,0,0,0,0,0,0,0,95,49,0,0,10,255,255,0,1,8,1,1
2987,踏遍笑笑镇,成功探索笑笑镇（乐园都市）的所有地区。,0,1001,706,0,0,0,0,0,0,0,0,0,94,49,0,0,10,255,255,0,1,8,1,1
2988,暝暗的弑神者,在佐迪亚克暝暗歼灭战中战胜佐迪亚克。,0,317,20081,0,0,0,0,0,0,0,0,0,34,3,0,0,10,255,255,0,1,14,1,2
2989,晖光的超神者,在海德林晖光歼灭战中战胜海德林。,0,317,20078,0,0,0,0,0,0,0,0,0,35,3,0,0,10,255,255,0,1,14,1,2
2990,为人民服务的骑士5,"使用骑士挑战“副本迷宫（61级或更高）”“歼殛战（61级或更高）”“幻巧战”“随机任务：练级迷宫”“随机任务：拾级迷宫”共计700次。
※随机任务一天只可以计算一个防护职业，且只能计算一次。",0,2505,633,700,0,0,0,0,0,0,0,613,105,1,20,50,20,255,255,0,1,1,1,0
2991,为人民服务的战士5,"使用战士挑战“副本迷宫（61级或更高）”“歼殛战（61级或更高）”“幻巧战”“随机任务：练级迷宫”“随机任务：拾级迷宫”共计700次。
※随机任务一天只可以计算一个防护职业，且只能计算一次。",0,2551,634,700,0,0,0,0,0,0,0,614,125,1,22,50,20,255,255,0,1,1,1,0
2992,为人民服务的暗黑骑士5,"使用暗黑骑士挑战“副本迷宫（61级或更高）”“歼殛战（61级或更高）”“幻巧战”“随机任务：练级迷宫”“随机任务：拾级迷宫”共计700次。
※随机任务一天只可以计算一个防护职业，且只能计算一次。",0,3071,635,700,0,0,0,0,0,0,0,615,145,1,32,50,20,255,255,0,1,1,1,0
2993,为人民服务的绝枪战士5,"使用绝枪战士挑战“副本迷宫（61级或更高）”“歼殛战（61级或更高）”“幻巧战”“随机任务：练级迷宫”“随机任务：拾级迷宫”共计700次。
※随机任务一天只可以计算一个防护职业，且只能计算一次。",0,3406,784,700,0,0,0,0,0,0,0,616,165,1,37,50,20,255,255,0,1,1,1,0
2994,晓月A级精英杀手1,成功讨伐在晓月之终途出现的100只A级恶名精英。,0,2680,970,100,0,0,0,0,0,0,0,0,130,5,0,0,10,255,255,0,1,1,1,0
2995,晓月A级精英杀手2,成功讨伐在晓月之终途出现的500只A级恶名精英。,0,2680,970,500,0,0,0,0,0,0,0,0,131,5,0,0,10,255,255,0,1,1,1,0
2996,晓月A级精英杀手3,成功讨伐在晓月之终途出现的2000只A级恶名精英。,0,2680,970,2000,0,0,0,0,0,0,0,617,132,5,43,81,10,255,255,0,1,1,1,0
2997,晓月S级精英杀手1,成功讨伐在晓月之终途出现的30只S级或更高级恶名精英。,0,2731,971,30,0,0,0,0,0,0,0,0,152,5,0,0,10,255,255,0,1,1,1,0
2998,晓月S级精英杀手2,成功讨伐在晓月之终途出现的300只S级或更高级恶名精英。,0,2731,971,300,0,0,0,0,0,0,0,0,153,5,0,0,10,255,255,0,1,1,1,0
2999,晓月S级精英杀手3,成功讨伐在晓月之终途出现的1000只S级或更高级恶名精英。,0,2731,971,1000,0,0,0,0,0,0,0,618,154,5,43,81,10,255,255,0,1,1,1,0
3000,传说怪物猎人,达成“晓月A级精英杀手3”和“晓月S级精英杀手3”两个成就。,36004,2685,2996,2999,0,0,0,0,0,0,0,0,155,5,43,81,10,255,179,1,2,2,1,0
3001,聚魔之光·战镰,获得角尊战镰。,0,37232,972,1,0,0,0,0,0,0,0,0,1800,65,0,0,10,255,255,0,1,1,1,0
3002,聚魔之光·蛇石针,获得角尊蛇石针。,0,37027,973,1,0,0,0,0,0,0,0,0,1900,65,0,0,10,255,255,0,1,1,1,0
3003,展翅迎风：迷津,在迷津开放飞行坐骑。,0,21901,20,0,0,0,0,0,0,0,0,0,122,12,0,0,5,255,255,0,1,20,1,0
3004,展翅迎风：萨维奈岛,在萨维奈岛开放飞行坐骑。,0,21901,21,0,0,0,0,0,0,0,0,0,123,12,0,0,5,255,255,0,1,20,1,0
3005,展翅迎风：加雷马,在加雷马开放飞行坐骑。,0,21901,22,0,0,0,0,0,0,0,0,0,124,12,0,0,5,255,255,0,1,20,1,0
3006,展翅迎风：叹息海,在叹息海开放飞行坐骑。,0,21901,23,0,0,0,0,0,0,0,0,0,125,12,0,0,5,255,255,0,1,20,1,3
3007,展翅迎风：厄尔庇斯,在厄尔庇斯开放飞行坐骑。,0,21901,24,0,0,0,0,0,0,0,0,0,126,12,0,0,5,255,255,0,1,20,1,3
3008,展翅迎风：天外天垓,在天外天垓开放飞行坐骑。,0,21901,25,0,0,0,0,0,0,0,0,0,127,12,0,0,5,255,255,0,1,20,1,3
3009,展翅迎风，漫步晓月,在迷津、萨维奈岛、加雷马、叹息海、厄尔庇斯和天外天垓均开放飞行坐骑。,0,21901,3003,3004,3005,3006,3007,3008,0,0,0,0,128,12,0,0,10,255,255,0,1,2,1,2
3010,寻宝猎人12,累计20次成功解读陈旧的赛加羚羊革地图并开启宝箱。,0,115,974,20,0,0,0,0,0,0,0,0,13,6,0,0,20,255,255,0,1,1,1,0
3011,寻宝猎人13,累计20次成功解读陈旧的金毗罗鳄革地图并开启宝箱。,0,115,975,20,0,0,0,0,0,0,0,0,14,6,0,0,20,255,255,0,1,1,1,0
3012,惊奇寻宝1,初次入侵惊奇百宝城。,0,116,976,1,0,0,0,0,0,0,0,619,80,6,43,90,5,255,255,0,1,1,1,0
3013,惊奇寻宝2,累计入侵惊奇百宝城5次。,0,116,976,5,0,0,0,0,0,0,0,0,81,6,0,0,10,255,255,0,1,1,1,0
3014,惊奇寻宝3,累计入侵惊奇百宝城10次。,0,116,976,10,0,0,0,0,0,0,0,0,82,6,0,0,10,255,255,0,1,1,1,0
3015,惊奇寻宝4,累计入侵惊奇百宝城20次。,0,116,976,20,0,0,0,0,0,0,0,620,83,6,43,90,20,255,255,0,1,1,1,0
3016,称霸百宝城1,初次称霸惊奇百宝城。,0,116,977,1,0,0,0,0,0,0,0,0,84,6,0,0,5,255,255,0,1,1,1,0
3017,称霸百宝城2,累计称霸惊奇百宝城5次。,0,116,977,5,0,0,0,0,0,0,0,0,85,6,0,0,10,255,255,0,1,1,1,0
3018,称霸百宝城3,累计称霸惊奇百宝城10次。,0,116,977,10,0,0,0,0,0,0,0,0,86,6,0,0,10,255,255,0,1,1,1,0
3019,称霸百宝城4,累计称霸惊奇百宝城20次。,0,116,977,20,0,0,0,0,0,0,0,621,87,6,43,90,20,255,255,0,1,1,1,0
3020,九宫卡手11,获得344种九宫幻卡。,36284,27661,352,344,0,0,0,0,0,0,0,0,48,18,47,15,10,255,180,4,1,1,1,0
3021,街头决斗者8,与107位非玩家角色进行九宫幻卡对局并取得胜利。,36281,3564,353,107,0,0,0,0,0,0,0,0,56,18,47,15,10,255,181,4,1,1,1,0
3022,广域交易商的伙伴：迷津,在迷津的危命任务完成度达到3级。,0,2645,978,66,0,0,0,0,0,0,0,0,40,1,0,0,10,255,255,0,0,1,1,0
3023,广域交易商的伙伴：萨维奈岛,在萨维奈岛的危命任务完成度达到3级。,0,2645,979,66,0,0,0,0,0,0,0,0,40,1,0,0,10,255,255,0,0,1,1,0
3024,广域交易商的伙伴：加雷马,在加雷马的危命任务完成度达到3级。,0,2645,980,66,0,0,0,0,0,0,0,0,40,1,0,0,10,255,255,0,0,1,1,0
3025,广域交易商的伙伴：叹息海,在叹息海的危命任务完成度达到3级。,0,2645,981,66,0,0,0,0,0,0,0,0,40,1,0,0,10,255,255,0,0,1,1,3
3026,广域交易商的伙伴：厄尔庇斯,在厄尔庇斯的危命任务完成度达到3级。,0,2645,982,66,0,0,0,0,0,0,0,0,40,1,0,0,10,255,255,0,0,1,1,3
3027,广域交易商的伙伴：天外天垓,在天外天垓的危命任务完成度达到3级。,0,2645,983,66,0,0,0,0,0,0,0,0,40,1,0,0,10,255,255,0,0,1,1,3
3028,广域交易商的强力资助者,完成“广域交易商的伙伴：迷津”、“广域交易商的伙伴：萨维奈岛”、“广域交易商的伙伴：加雷马”、“广域交易商的伙伴：叹息海”、“广域交易商的伙伴：厄尔庇斯”和“广域交易商的伙伴：天外天垓”6个成就。,0,2645,3022,3023,3024,3025,3026,3027,0,0,0,622,40,1,0,0,20,255,255,0,1,2,1,2
3029,灯火管制,以最高评价完成危命任务“兽道诸神信仰：伪神降临”。,0,2629,984,1,0,0,0,0,0,0,0,0,39,1,0,0,10,255,255,0,1,1,1,0
3030,太空战士,以最高评价完成危命任务“侵略兵器召回指令：破坏侵略兵器希”。,0,2629,985,1,0,0,0,0,0,0,0,0,39,1,0,0,10,255,255,0,1,1,1,0
3031,我们三个就是古灵精怪的一家,完成任务“守护天节与闹鬼盛宴”。,0,53408,70056,0,0,0,0,0,0,0,0,0,114,38,0,0,10,255,255,0,1,6,58,0
3032,鲁迪和栗斋,完成任务“星芒节和小雪球”。,0,59820,70005,0,0,0,0,0,0,0,0,0,115,38,0,0,10,255,255,0,1,6,59,0
3033,莫古力的绒球爱,完成任务“恋人节与爱的第一步”。,0,58753,70002,0,0,0,0,0,0,0,0,0,117,38,0,0,10,255,255,0,1,6,61,0
3034,模特出道,完成任务“女儿节与时尚品鉴大赛”。,0,40873,70007,0,0,0,0,0,0,0,0,0,118,38,0,0,10,255,255,0,1,6,62,0
3035,称霸万魔殿边境之狱1,成功挑战万魔殿边境之狱。,0,64848,986,1,0,0,0,0,0,0,0,0,0,4,0,0,5,255,255,0,1,1,64,0
3036,称霸万魔殿边境之狱2,累计成功挑战万魔殿边境之狱5次。,0,64848,986,5,0,0,0,0,0,0,0,0,0,4,0,0,10,255,255,0,1,1,64,0
3037,称霸万魔殿边境之狱3,累计成功挑战万魔殿边境之狱10次。,0,64848,986,10,0,0,0,0,0,0,0,0,0,4,0,0,20,255,255,0,1,1,64,0
3038,完全称霸万魔殿边境之狱1,成功挑战零式万魔殿边境之狱。,0,64848,987,1,0,0,0,0,0,0,0,0,0,4,0,0,5,255,255,0,1,1,64,0
3039,完全称霸万魔殿边境之狱2,累计成功挑战零式万魔殿边境之狱5次。,0,64848,987,5,0,0,0,0,0,0,0,0,0,4,0,0,10,255,255,0,1,1,64,0
3040,完全称霸万魔殿边境之狱3,累计成功挑战零式万魔殿边境之狱10次。,0,64848,987,10,0,0,0,0,0,0,0,0,0,4,0,0,20,255,255,0,1,1,64,0
3041,水晶冲突1,在水晶冲突中取得初次胜利。,0,2555,988,1,0,0,0,0,0,0,0,0,1301,9,43,30,5,255,255,0,1,1,1,0
3042,水晶冲突2,在水晶冲突中累计胜利50次。,0,2555,988,50,0,0,0,0,0,0,0,0,1302,9,43,30,5,255,255,0,1,1,1,0
3043,水晶冲突3,在水晶冲突中累计胜利100次。,0,2555,988,100,0,0,0,0,0,0,0,0,1303,9,43,30,10,255,255,0,1,1,1,0
3044,水晶冲突4,在水晶冲突中累计胜利500次。,0,2555,988,500,0,0,0,0,0,0,0,0,1304,9,43,30,10,255,255,0,1,1,1,0
3045,水晶冲突5,在水晶冲突中累计胜利1000次。,0,2555,988,1000,0,0,0,0,0,0,0,623,1305,9,43,30,20,255,255,0,1,1,1,0
3046,青铜之水晶守护者,在水晶冲突的任意赛季中最终取得青铜或更高段位。,0,821,989,1,0,0,0,0,0,0,0,624,1000,8,43,30,10,255,255,0,1,1,1,0
3047,白银之水晶守护者,在水晶冲突的任意赛季中最终取得白银或更高段位。,0,821,990,1,0,0,0,0,0,0,0,625,1000,8,43,30,10,255,255,0,1,1,1,0
3048,黄金之水晶守护者,在水晶冲突的任意赛季中最终取得黄金或更高段位。,0,821,991,1,0,0,0,0,0,0,0,626,1000,8,43,30,10,255,255,0,1,1,1,0
3049,白金之水晶守护者,在水晶冲突的任意赛季中最终取得白金或更高段位。,0,821,992,1,0,0,0,0,0,0,0,627,1000,8,43,30,10,255,255,0,1,1,1,0
3050,钻石之水晶守护者,在水晶冲突的任意赛季中最终取得钻石或更高段位。,0,821,993,1,0,0,0,0,0,0,0,628,1000,8,43,30,10,255,255,0,1,1,1,0
3051,水晶之水晶守护者,在水晶冲突的任意赛季中最终取得水晶或更高段位。,0,821,994,1,0,0,0,0,0,0,0,629,1000,8,43,30,20,255,255,0,1,1,1,0
3052,冲突的王者,在水晶冲突的第1赛季中取得排名第1名的成绩。,0,210,995,1,0,0,0,0,0,0,0,630,1001,8,43,30,20,255,255,0,1,1,1,0
3053,冲突的勇者,在水晶冲突的第1赛季中取得排名前30名的成绩。,0,210,996,1,0,0,0,0,0,0,0,631,1001,8,43,30,20,255,255,0,1,1,1,0
3054,冲突的获奖者,在水晶冲突的第1赛季中取得排名前100名的成绩。,0,210,997,1,0,0,0,0,0,0,0,632,1001,8,43,30,20,255,255,0,1,1,1,0
3055,河马骑手团1,与悌阳象族的“河马骑手团”之间的关系程度到达3级“友好”。,0,62975,15,3,0,0,0,0,0,0,0,0,0,37,0,0,5,255,255,0,1,15,1,0
3056,河马骑手团2,与悌阳象族的“河马骑手团”之间的关系程度到达4级“信赖”。,0,62975,15,4,0,0,0,0,0,0,0,0,0,37,0,0,5,255,255,0,1,15,1,0
3057,河马骑手团3,与悌阳象族的“河马骑手团”之间的关系程度到达6级“名誉”。,0,62975,15,6,0,0,0,0,0,0,0,0,0,37,0,0,10,255,255,0,1,15,1,0
3058,名誉顾问,与悌阳象族的“河马骑手团”之间的关系程度到达7级“誓约”。,0,62975,15,7,0,0,0,0,0,0,0,633,0,37,43,80,20,255,255,0,1,15,1,0
3059,阿梅莉安丝的信任1,阿梅莉安丝的信赖等级达到1级。,0,25507,998,1,0,0,0,0,0,0,0,0,216,12,0,0,5,255,255,0,1,1,1,0
3060,阿梅莉安丝的信任2,阿梅莉安丝的信赖等级达到2级。,0,25507,998,2,0,0,0,0,0,0,0,0,217,12,0,0,5,255,255,0,1,1,1,0
3061,阿梅莉安丝的信任3,阿梅莉安丝的信赖等级达到3级。,0,25507,998,3,0,0,0,0,0,0,0,0,218,12,0,0,5,255,255,0,1,1,1,0
3062,阿梅莉安丝的信任4,阿梅莉安丝的信赖等级达到4级。,0,25507,998,4,0,0,0,0,0,0,0,0,219,12,0,0,5,255,255,0,1,1,1,0
3063,阿梅莉安丝的信任5,阿梅莉安丝的信赖等级达到5级。,0,25507,998,5,0,0,0,0,0,0,0,634,220,12,46,80,10,255,255,0,1,1,1,0
3064,阿梅莉安丝的老主顾1,在阿梅莉安丝处累计交纳收藏品36次。,0,26551,999,36,0,0,0,0,0,0,0,0,73,22,0,0,5,255,255,0,1,1,1,0
3065,阿梅莉安丝的老主顾2,在阿梅莉安丝处累计交纳收藏品48次。,0,26551,999,48,0,0,0,0,0,0,0,0,74,22,0,0,5,255,255,0,1,1,1,0
3066,阿梅莉安丝的老主顾3,在阿梅莉安丝处累计交纳收藏品60次。,0,26551,999,60,0,0,0,0,0,0,0,0,75,22,0,0,5,255,255,0,1,1,1,0
3067,阿梅莉安丝的老主顾4,在阿梅莉安丝处累计交纳收藏品90次。,0,26551,999,90,0,0,0,0,0,0,0,0,76,22,0,0,5,255,255,0,1,1,1,0
3068,阿梅莉安丝的老主顾5,在阿梅莉安丝处累计交纳收藏品120次。,0,26551,999,120,0,0,0,0,0,0,0,0,77,22,0,0,5,255,255,0,1,1,1,0
3069,阿梅莉安丝的老主顾6,在阿梅莉安丝处累计交纳收藏品150次。,0,26551,999,150,0,0,0,0,0,0,0,635,78,22,46,80,10,255,255,0,1,1,1,0
3070,踏遍阿尔扎达尔海底遗迹群,成功探索阿尔扎达尔海底遗迹群（近东秘宝）的所有地区。,0,1001,752,0,0,0,0,0,0,0,0,0,96,49,0,0,10,255,255,0,1,8,1,0
3071,踏遍阿格莱亚,成功探索灿烂神域阿格莱亚的所有地区。,0,1001,755,0,0,0,0,0,0,0,0,0,1507,49,0,0,10,255,255,0,1,8,65,0
3072,终结的终结者,在终极之战中战胜讴歌终结之物。,0,317,20083,0,0,0,0,0,0,0,0,0,36,3,0,0,10,255,255,0,1,14,1,0
3073,称霸阿格莱亚,成功挑战灿烂神域阿格莱亚。,0,2669,30115,0,0,0,0,0,0,0,0,0,0,4,0,0,5,255,255,0,1,14,65,0
3074,征服绝境·龙诗战争,在幻想龙诗绝境战成功平定龙诗战争。,0,317,30106,0,0,0,0,0,0,0,0,636,0,4,43,90,10,255,255,0,1,14,1,0
3075,崭新的冒险,完成任务“弗栗多的决断”。,0,26002,70071,0,0,0,0,0,0,0,0,637,81,76,43,90,20,255,255,0,1,6,63,0
3076,跨越亡国之绝望,完成任务“涅尔瓦的帝国”。,0,2698,70118,0,0,0,0,0,0,0,0,638,811,77,43,90,10,255,255,0,1,6,63,0
3077,晓月太公1,在晓月区域钓上7种钓场之王。,0,1102,1000,7,0,0,0,0,0,0,0,0,106,34,0,0,10,255,255,0,1,1,1,0
3078,幸福猎人,完成任务“彩蛋狩猎与狩猎幸福”。,0,59850,70126,0,0,0,0,0,0,0,0,0,119,38,0,0,10,255,255,0,1,6,66,0
3079,箴言先生,完成任务“金碟游乐场的烦恼员工”。,0,246395,70120,0,0,0,0,0,0,0,0,0,120,38,0,0,10,255,255,0,1,6,67,0
3080,可靠的冒险者前辈,完成任务“红莲节与新的起点”。,0,42851,70077,0,0,0,0,0,0,0,0,0,121,38,0,0,10,255,255,0,1,6,68,0
3081,重新启程的九周年,完成任务“新生庆典与崭新的路途”。,0,26107,70080,0,0,0,0,0,0,0,0,0,122,38,0,0,10,255,255,0,1,6,1,0
3082,大吉！,完成任务“灵兔解签降神节”。,0,42818,70125,0,0,0,0,0,0,0,0,0,125,38,0,0,10,255,255,0,1,6,1,0
3083,魔戒斗师·斩,从黑衣法师那里获得魔戒斗师的全套5件装备，并切换为武士让黑衣法师看到全部装备上的形态。,0,40248,1001,1,0,0,0,0,0,0,0,639,274,19,0,0,10,255,255,0,1,1,1,0
3084,魔戒法师·红,从黑衣法师那里获得魔戒法师的全套5件装备，并切换为赤魔法师让黑衣法师看到全部装备上的形态。,0,40248,1002,1,0,0,0,0,0,0,0,640,275,19,0,0,10,255,255,0,1,1,1,0
3085,魔戒军师·守,从黑衣法师那里获得魔戒军师的全套5件装备，并切换为绝枪战士让黑衣法师看到全部装备上的形态。,0,40248,1003,1,0,0,0,0,0,0,0,641,276,19,0,0,10,255,255,0,1,1,1,0
3086,魔戒弓师·舞,从黑衣法师那里获得魔戒弓师的全套5件装备，并切换为舞者让黑衣法师看到全部装备上的形态。,0,40248,1004,1,0,0,0,0,0,0,0,642,277,19,0,0,10,255,255,0,1,1,1,0
3087,魔戒斗师·刃,从黑衣法师那里获得魔戒斗师·刃的全套5件装备，并切换为钐镰客让黑衣法师看到全部装备上的形态。,0,40248,1005,1,0,0,0,0,0,0,0,643,278,19,0,0,10,255,255,0,1,1,1,0
3088,魔戒导师·智,从黑衣法师那里获得魔戒导师的全套5件装备，并切换为贤者让黑衣法师看到全部装备上的形态。,0,40248,1006,1,0,0,0,0,0,0,0,644,279,19,0,0,10,255,255,0,1,1,1,0
3089,无人岛的资深开拓者,在开拓无人岛的开拓等级升到10级。,0,1052,1007,10,0,0,0,0,0,0,0,645,2000,12,47,90,10,255,255,0,1,1,1,0
3090,收集大师1,在开拓无人岛的采集环境中采集1000次。,0,1098,1008,1000,0,0,0,0,0,0,0,0,2010,12,0,0,5,255,255,0,1,1,1,0
3091,收集大师2,在开拓无人岛的采集环境中采集3000次。,0,1098,1008,3000,0,0,0,0,0,0,0,0,2011,12,0,0,10,255,255,0,1,1,1,0
3092,收集大师3,在开拓无人岛的采集环境中采集30000次。,0,1098,1008,30000,0,0,0,0,0,0,0,0,2012,12,0,0,20,255,255,0,1,1,1,0
3093,放牧大师1,在开拓无人岛的动物饲养中收获素材100次。,0,21817,1009,100,0,0,0,0,0,0,0,0,2020,12,0,0,5,255,255,0,1,1,1,0
3094,放牧大师2,在开拓无人岛的动物饲养中收获素材500次。,0,21817,1009,500,0,0,0,0,0,0,0,0,2021,12,0,0,10,255,255,0,1,1,1,0
3095,放牧大师3,在开拓无人岛的动物饲养中收获素材5000次。,0,21817,1009,5000,0,0,0,0,0,0,0,0,2022,12,0,0,20,255,255,0,1,1,1,0
3096,耕种大师1,在开拓无人岛的种植中收获作物50次。,0,27463,1010,50,0,0,0,0,0,0,0,0,2030,12,0,0,5,255,255,0,1,1,1,0
3097,耕种大师2,在开拓无人岛的种植中收获作物250次。,0,27463,1010,250,0,0,0,0,0,0,0,0,2031,12,0,0,10,255,255,0,1,1,1,0
3098,耕种大师3,在开拓无人岛的种植中收获作物2500次。,0,27463,1010,2500,0,0,0,0,0,0,0,0,2032,12,0,0,20,255,255,0,1,1,1,0
3099,屯货大师1,在开拓无人岛的屯货仓库中获得50个稀有素材。,0,1079,1011,50,0,0,0,0,0,0,0,0,2040,12,0,0,5,255,255,0,1,1,1,0
3100,屯货大师2,在开拓无人岛的屯货仓库中获得200个稀有素材。,0,1079,1011,200,0,0,0,0,0,0,0,0,2041,12,0,0,10,255,255,0,1,1,1,0
3101,屯货大师3,在开拓无人岛的屯货仓库中获得2000个稀有素材。,0,1079,1011,2000,0,0,0,0,0,0,0,0,2042,12,0,0,20,255,255,0,1,1,1,0
3102,贸易大师1,在开拓无人岛的群岛贸易中7个生产日的总计营业额达到10000点。,0,26001,1012,1,0,0,0,0,0,0,0,0,2050,12,0,0,10,255,255,0,1,1,1,0
3103,贸易大师2,在开拓无人岛的群岛贸易中7个生产日的总计营业额达到17000点。,0,26001,1013,1,0,0,0,0,0,0,0,646,2051,12,47,90,20,255,255,0,1,1,1,0
3104,谢尔达莱富豪,在开拓无人岛中累计获得500000枚谢尔达莱青船币。,0,26001,1014,500000,0,0,0,0,0,0,0,647,2060,12,47,90,20,255,255,0,1,1,1,0
3105,禁断的记忆,完成任务“禁断的记忆”。,0,26002,70136,0,0,0,0,0,0,0,0,648,82,76,43,90,20,255,255,0,1,6,63,0
3106,踏遍特罗亚宫廷,成功探索特罗亚宫廷（异界孤城）的所有地区。,0,1001,768,0,0,0,0,0,0,0,0,0,97,49,0,0,10,255,255,0,1,8,1,0
3107,煞风的降妖者,在巴尔巴莉希娅歼殛战中战胜巴尔巴莉希娅。,0,317,20085,0,0,0,0,0,0,0,0,0,37,3,0,0,10,255,255,0,1,14,1,0
3108,称霸万魔殿炼净之狱1,成功挑战万魔殿炼净之狱。,0,64848,1017,1,0,0,0,0,0,0,0,0,0,4,0,0,5,255,255,0,1,1,64,0
3109,称霸万魔殿炼净之狱2,累计成功挑战万魔殿炼净之狱5次。,0,64848,1017,5,0,0,0,0,0,0,0,0,0,4,0,0,10,255,255,0,1,1,64,0
3110,称霸万魔殿炼净之狱3,累计成功挑战万魔殿炼净之狱10次。,0,64848,1017,10,0,0,0,0,0,0,0,0,0,4,0,0,20,255,255,0,1,1,64,0
3111,完全称霸万魔殿炼净之狱1,成功挑战零式万魔殿炼净之狱。,0,64848,1018,1,0,0,0,0,0,0,0,0,0,4,0,0,5,255,255,0,1,1,64,0
3112,完全称霸万魔殿炼净之狱2,累计成功挑战零式万魔殿炼净之狱5次。,0,64848,1018,5,0,0,0,0,0,0,0,0,0,4,0,0,10,255,255,0,1,1,64,0
3113,完全称霸万魔殿炼净之狱3,累计成功挑战零式万魔殿炼净之狱10次。,0,64848,1018,10,0,0,0,0,0,0,0,0,0,4,0,0,20,255,255,0,1,1,64,0
3114,冲突的王者第2赛季,在水晶冲突的第2赛季中取得排名第1名的成绩。,0,210,1019,1,0,0,0,0,0,0,0,649,1001,8,43,30,20,255,255,0,1,1,1,0
3115,冲突的勇者第2赛季,在水晶冲突的第2赛季中取得排名前30名的成绩。,0,210,1020,1,0,0,0,0,0,0,0,650,1001,8,43,30,20,255,255,0,1,1,1,0
3116,冲突的获奖者第2赛季,在水晶冲突的第2赛季中取得排名前100名的成绩。,0,210,1021,1,0,0,0,0,0,0,0,651,1001,8,43,30,20,255,255,0,1,1,1,0
3117,冲突的王者第3赛季,在水晶冲突的第3赛季中取得排名第1名的成绩。,0,210,1022,1,0,0,0,0,0,0,0,652,1001,8,43,30,20,255,255,0,1,1,1,0
3118,冲突的勇者第3赛季,在水晶冲突的第3赛季中取得排名前30名的成绩。,0,210,1023,1,0,0,0,0,0,0,0,653,1001,8,43,30,20,255,255,0,1,1,1,0
3119,冲突的获奖者第3赛季,在水晶冲突的第3赛季中取得排名前100名的成绩。,0,210,1024,1,0,0,0,0,0,0,0,654,1001,8,43,30,20,255,255,0,1,1,1,0
3120,科学家与机密药物,完成任务“守护天节与危险的变装游行”。,0,41996,70191,0,0,0,0,0,0,0,0,0,123,38,0,0,10,255,255,0,1,6,1,0
3121,驯鹿的礼物,完成任务“星芒节与孩子们的幻影”。,0,59240,70195,0,0,0,0,0,0,0,0,0,124,38,0,0,10,255,255,0,1,6,1,0
3122,爱你所爱,完成任务“恋人节与各自的爱”。,0,41998,70190,0,0,0,0,0,0,0,0,0,126,38,0,0,10,255,255,0,1,6,1,0
3123,背世咖啡厅1,与奥密克戎族的“背世咖啡厅”之间的关系程度到达3级“友好”。,0,62976,16,3,0,0,0,0,0,0,0,0,0,37,0,0,5,255,255,0,1,15,1,0
3124,背世咖啡厅2,与奥密克戎族的“背世咖啡厅”之间的关系程度到达4级“信赖”。,0,62976,16,4,0,0,0,0,0,0,0,0,0,37,0,0,5,255,255,0,1,15,1,0
3125,背世咖啡厅3,与奥密克戎族的“背世咖啡厅”之间的关系程度到达6级“名誉”。,0,62976,16,6,0,0,0,0,0,0,0,0,0,37,0,0,10,255,255,0,1,15,1,0
3126,宇宙尽头的合伙人,与奥密克戎族的“背世咖啡厅”之间的关系程度到达7级“誓约”。,0,62976,16,7,0,0,0,0,0,0,0,655,0,37,45,80,20,255,255,0,1,15,1,0
3127,曼工出希货,完成任务“曼德维尔家的古老武器”。,0,26002,70188,0,0,0,0,0,0,0,0,0,654,35,0,0,5,255,255,0,1,6,1,0
3128,曼德维尔之骑士,获得曼德维尔长剑与曼德维尔鸢盾。,0,30654,70188,70189,19,0,0,0,0,0,0,0,100,75,0,0,10,255,255,0,1,24,1,3
3129,曼德维尔之战士,获得曼德维尔战斧。,0,31228,70188,70189,21,0,0,0,0,0,0,0,300,75,0,0,10,255,255,0,1,24,1,3
3130,曼德维尔之暗黑骑士,获得曼德维尔双手剑。,0,34382,70188,70189,32,0,0,0,0,0,0,0,1100,75,0,0,10,255,255,0,1,24,1,3
3131,曼德维尔之绝枪战士,获得曼德维尔枪刃。,0,36075,70188,70189,37,0,0,0,0,0,0,0,1600,75,0,0,10,255,255,0,1,24,1,3
3132,曼德维尔之龙骑士,获得曼德维尔长枪。,0,31630,70188,70189,22,0,0,0,0,0,0,0,400,75,0,0,10,255,255,0,1,24,1,3
3133,曼德维尔之武僧,获得曼德维尔指虎。,0,30819,70188,70189,20,0,0,0,0,0,0,0,200,75,0,0,10,255,255,0,1,24,1,3
3134,曼德维尔之忍者,获得曼德维尔匕首。,0,33605,70188,70189,30,0,0,0,0,0,0,0,600,75,0,0,10,255,255,0,1,24,1,3
3135,曼德维尔之武士,获得曼德维尔武士刀。,0,36533,70188,70189,34,0,0,0,0,0,0,0,1400,75,0,0,10,255,255,0,1,24,1,3
3136,曼德维尔之钐镰客,获得曼德维尔镰刀。,0,37242,70188,70189,39,0,0,0,0,0,0,0,1800,75,0,0,10,255,255,0,1,24,1,3
3137,曼德维尔之吟游诗人,获得曼德维尔琴弓。,0,32019,70188,70189,23,0,0,0,0,0,0,0,500,75,0,0,10,255,255,0,1,24,1,3
3138,曼德维尔之机工士,获得曼德维尔左轮枪。,0,34478,70188,70189,31,0,0,0,0,0,0,0,1200,75,0,0,10,255,255,0,1,24,1,3
3139,曼德维尔之舞者,获得曼德维尔圆月轮。,0,36274,70188,70189,38,0,0,0,0,0,0,0,1700,75,0,0,10,255,255,0,1,24,1,3
3140,曼德维尔之黑魔法师,获得曼德维尔法杖。,0,32863,70188,70189,25,0,0,0,0,0,0,0,800,75,0,0,10,255,255,0,1,24,1,3
3141,曼德维尔之召唤师,获得曼德维尔魔导书。,0,33362,70188,70189,27,0,0,0,0,0,0,0,900,75,0,0,10,255,255,0,1,24,1,3
3142,曼德维尔之赤魔法师,获得曼德维尔刺剑。,0,36832,70188,70189,35,0,0,0,0,0,0,0,1500,75,0,0,10,255,255,0,1,24,1,3
3143,曼德维尔之白魔法师,获得曼德维尔牧杖。,0,32448,70188,70189,24,0,0,0,0,0,0,0,700,75,0,0,10,255,255,0,1,24,1,3
3144,曼德维尔之学者,获得曼德维尔魔导典。,0,33361,70188,70189,28,0,0,0,0,0,0,0,1000,75,0,0,10,255,255,0,1,24,1,3
3145,曼德维尔之占星术士,获得曼德维尔黄道仪。,0,34976,70188,70189,33,0,0,0,0,0,0,0,1300,75,0,0,10,255,255,0,1,24,1,3
3146,曼德维尔之贤者,获得曼德维尔蛇石针。,0,37040,70188,70189,40,0,0,0,0,0,0,0,1900,75,0,0,10,255,255,0,1,24,1,3
3147,踏遍希拉狄哈水道,成功探索希拉狄哈水道（多变迷宫）的所有地区。,0,1001,803,0,0,0,0,0,0,0,0,0,2301,49,0,0,10,255,255,0,1,8,1,0
3148,扫除总动员,在希拉狄哈水道（多变迷宫）中战胜羽衣精。,0,2513,1025,1,0,0,0,0,0,0,0,0,1201,2,0,0,5,255,255,0,1,1,1,3
3149,勇士安眠,在希拉狄哈水道（多变迷宫）中战胜鬼阴火泽雷斯·夏。,0,2513,1026,1,0,0,0,0,0,0,0,0,1202,2,0,0,5,255,255,0,1,1,1,3
3150,斗场无情,在希拉狄哈水道（多变迷宫）中战胜希拉狄哈剑斗士。,0,2513,1027,1,0,0,0,0,0,0,0,0,1203,2,0,0,5,255,255,0,1,1,1,3
3151,希拉狄哈之谜,在希拉狄哈水道（多变迷宫）中战胜索恩自走人偶。,0,2513,1028,1,0,0,0,0,0,0,0,0,1204,2,0,0,5,255,255,0,1,1,1,3
3152,为了民众与近邻,完成任务“为了民众与近邻”。,0,26002,70185,0,0,0,0,0,0,0,0,656,696,35,0,0,20,255,255,0,1,6,1,3
3153,希拉狄哈水道探索记,成功发现希拉狄哈水道探索记中的所有故事。,38462,26182,1,70182,0,0,0,0,0,0,0,0,2310,49,43,90,10,255,182,1,1,31,1,0
3154,踏遍异闻希拉狄哈水道,成功探索希拉狄哈水道（异闻迷宫）的所有地区。,0,1001,804,0,0,0,0,0,0,0,0,0,2302,49,0,0,10,255,255,0,1,8,1,0
3155,称霸异闻希拉狄哈水道,成功挑战异闻希拉狄哈水道（异闻迷宫）。,0,317,37001,0,0,0,0,0,0,0,0,0,1205,2,0,0,10,255,255,0,1,14,1,0
3156,完全称霸异闻希拉狄哈水道,成功挑战零式异闻希拉狄哈水道（异闻迷宫）。,0,317,37002,0,0,0,0,0,0,0,0,657,1206,2,43,90,20,255,255,0,1,14,1,0
3157,天上欢庆，地下轰鸣,完成任务“天上欢庆，地下轰鸣”。,0,26002,70214,0,0,0,0,0,0,0,0,658,83,76,43,90,20,255,255,0,1,6,63,0
3158,踏遍冥魂石洞,成功探索冥魂石洞（雪山奥窟）的所有地区。,0,1001,815,0,0,0,0,0,0,0,0,0,98,49,0,0,10,255,255,0,1,8,1,0
3159,踏遍欧芙洛绪涅,成功探索喜悦神域欧芙洛绪涅的所有地区。,0,1001,811,0,0,0,0,0,0,0,0,0,1508,49,0,0,10,255,255,0,1,8,65,0
3160,炀火的降妖者,在卢比坎特歼殛战中战胜卢比坎特。,0,317,20087,0,0,0,0,0,0,0,0,0,38,3,0,0,10,255,255,0,1,14,1,0
3161,称霸欧芙洛绪涅,成功挑战喜悦神域欧芙洛绪涅。,0,2669,30125,0,0,0,0,0,0,0,0,0,0,4,0,0,5,255,255,0,1,14,65,0
3162,征服绝境·欧米茄,在欧米茄绝境验证战中完成欧米茄的检测。,0,317,30124,0,0,0,0,0,0,0,0,667,0,4,43,90,10,255,255,0,1,14,1,0
3163,安登的信任1,安登的信赖等级达到1级。,0,25507,1030,1,0,0,0,0,0,0,0,0,221,12,0,0,5,255,255,0,1,1,1,0
3164,安登的信任2,安登的信赖等级达到2级。,0,25507,1030,2,0,0,0,0,0,0,0,0,222,12,0,0,5,255,255,0,1,1,1,0
3165,安登的信任3,安登的信赖等级达到3级。,0,25507,1030,3,0,0,0,0,0,0,0,0,223,12,0,0,5,255,255,0,1,1,1,0
3166,安登的信任4,安登的信赖等级达到4级。,0,25507,1030,4,0,0,0,0,0,0,0,0,224,12,0,0,5,255,255,0,1,1,1,0
3167,安登的信任5,安登的信赖等级达到5级。,0,25507,1030,5,0,0,0,0,0,0,0,659,225,12,46,80,10,255,255,0,1,1,1,0
3168,安登的老主顾1,在安登处累计交纳收藏品36次。,0,26551,1031,36,0,0,0,0,0,0,0,0,79,22,0,0,5,255,255,0,1,1,1,0
3169,安登的老主顾2,在安登处累计交纳收藏品48次。,0,26551,1031,48,0,0,0,0,0,0,0,0,80,22,0,0,5,255,255,0,1,1,1,0
3170,安登的老主顾3,在安登处累计交纳收藏品60次。,0,26551,1031,60,0,0,0,0,0,0,0,0,81,22,0,0,5,255,255,0,1,1,1,0
3171,安登的老主顾4,在安登处累计交纳收藏品90次。,0,26551,1031,90,0,0,0,0,0,0,0,0,82,22,0,0,5,255,255,0,1,1,1,0
3172,安登的老主顾5,在安登处累计交纳收藏品120次。,0,26551,1031,120,0,0,0,0,0,0,0,0,83,22,0,0,5,255,255,0,1,1,1,0
3173,安登的老主顾6,在安登处累计交纳收藏品150次。,0,26551,1031,150,0,0,0,0,0,0,0,660,84,22,46,80,10,255,255,0,1,1,1,0
3174,正统优雷卡的探索者1,成功突破正统优雷卡地下10层。,0,64905,1032,1,0,0,0,0,0,0,0,0,201,2,0,0,5,255,255,0,1,1,1,0
3175,正统优雷卡的探索者2,成功突破正统优雷卡地下20层。,0,64905,1033,1,0,0,0,0,0,0,0,0,202,2,0,0,5,255,255,0,1,1,1,0
3176,正统优雷卡的探索者3,成功突破正统优雷卡地下30层。,0,64905,1034,1,0,0,0,0,0,0,0,661,203,2,43,81,5,255,255,0,1,1,1,0
3177,正统优雷卡的探索者4,成功突破正统优雷卡地下50层。,0,64905,1035,1,0,0,0,0,0,0,0,0,204,2,0,0,10,255,255,0,1,1,1,0
3178,正统优雷卡的探索者5,成功突破正统优雷卡地下100层。,0,64905,1036,1,0,0,0,0,0,0,0,662,205,2,43,81,10,255,255,0,1,1,1,0
3179,,,0,0,0,0,0,0,0,0,0,0,0,0,0,0,0,0,0,0,0,0,0,0,0,0
3180,正统之光,获得任意一把“正统武器”。,0,64902,1038,1,0,0,0,0,0,0,0,0,6000,65,0,0,10,255,255,0,1,1,1,0
3181,高尚之光,获得任意一把“高尚武器”。,0,64902,1039,1,0,0,0,0,0,0,0,0,6001,65,0,0,10,255,255,0,1,1,1,0
3182,崇高的挑战者1,单人从地下1层进入正统优雷卡，并到达地下51层。,0,3321,1040,1,0,0,0,0,0,0,0,0,211,2,0,0,10,255,255,0,1,1,1,0
3183,崇高的挑战者2,单人从地下1层进入正统优雷卡，并通过地下100层。,0,3321,1041,1,0,0,0,0,0,0,0,663,212,2,43,81,10,255,255,0,1,1,1,0
3184,埋藏的宝藏6,发现埋藏的宝藏20000个。,0,60035,539,20000,0,0,0,0,0,0,0,664,40,2,43,60,20,255,255,0,1,1,1,0
3185,崇高英雄的证明,完成任务“优雷卡的真相”并持有或装备“高尚耳坠”“高尚项链”“高尚手环”“高尚戒指”时，与珂尔·拉布恩塔对话。,0,59246,1042,1,0,0,0,0,0,0,0,665,220,19,43,81,10,255,255,0,1,1,1,0
3186,无人岛的天才开拓者,在开拓无人岛的开拓等级升到12级。,0,1052,1007,12,0,0,0,0,0,0,0,0,2001,12,0,0,10,255,255,0,1,1,1,0
3187,晓月太公2,在晓月区域钓上23种钓场之王。,0,1102,1000,23,0,0,0,0,0,0,0,0,107,34,0,0,10,255,255,0,1,1,1,0
3188,梦明工作室1,与兔兔族的“梦明工作室”之间的关系程度到达3级“友好”。,0,62977,17,3,0,0,0,0,0,0,0,0,0,37,0,0,5,255,255,0,1,15,1,0
3189,梦明工作室2,与兔兔族的“梦明工作室”之间的关系程度到达4级“信赖”。,0,62977,17,4,0,0,0,0,0,0,0,0,0,37,0,0,5,255,255,0,1,15,1,0
3190,梦明工作室3,与兔兔族的“梦明工作室”之间的关系程度到达6级“名誉”。,0,62977,17,6,0,0,0,0,0,0,0,0,0,37,0,0,10,255,255,0,1,15,1,0
3191,一起为梦想而努力,与兔兔族的“梦明工作室”之间的关系程度到达7级“誓约”。,0,62977,17,7,0,0,0,0,0,0,0,666,0,37,44,80,20,255,255,0,1,15,1,0
3192,商会认定的工匠,完成任务“回应思想的改良计划”。,0,26002,70268,0,0,0,0,0,0,0,0,0,699,35,0,0,5,255,255,0,1,6,1,0
3193,莫雯卓越工具：水晶手锯,获得水晶手锯。,0,39000,70268,8,0,0,0,0,0,0,0,0,102,78,0,0,10,255,255,0,1,24,1,0
3194,莫雯卓越工具：水晶横头锤,获得水晶横头锤。,0,35149,70268,9,0,0,0,0,0,0,0,0,202,78,0,0,10,255,255,0,1,24,1,0
3195,莫雯卓越工具：水晶圆头锤,获得水晶圆头锤。,0,35249,70268,10,0,0,0,0,0,0,0,0,302,78,0,0,10,255,255,0,1,24,1,0
3196,莫雯卓越工具：水晶工艺锤,获得水晶工艺锤。,0,35348,70268,11,0,0,0,0,0,0,0,0,402,78,0,0,10,255,255,0,1,24,1,0
3197,莫雯卓越工具：水晶圆革刀,获得水晶圆革刀。,0,35449,70268,12,0,0,0,0,0,0,0,0,502,78,0,0,10,255,255,0,1,24,1,0
3198,莫雯卓越工具：水晶缝针,获得水晶缝针。,0,35549,70268,13,0,0,0,0,0,0,0,0,602,78,0,0,10,255,255,0,1,24,1,0
3199,莫雯卓越工具：水晶蒸馏器,获得水晶蒸馏器。,0,35648,70268,14,0,0,0,0,0,0,0,0,702,78,0,0,10,255,255,0,1,24,1,0
3200,莫雯卓越工具：水晶煎锅,获得水晶煎锅。,0,39701,70268,15,0,0,0,0,0,0,0,0,802,78,0,0,10,255,255,0,1,24,1,0
3201,莫雯卓越工具：水晶鹤嘴锄,获得水晶鹤嘴锄。,0,38301,70268,16,0,0,0,0,0,0,0,0,902,78,0,0,10,255,255,0,1,24,1,0
3202,莫雯卓越工具：水晶手斧,获得水晶手斧。,0,38149,70268,17,0,0,0,0,0,0,0,0,1002,78,0,0,10,255,255,0,1,24,1,0
3203,莫雯卓越工具：水晶钓竿,获得水晶钓竿。,0,38502,70268,18,0,0,0,0,0,0,0,0,1102,78,0,0,10,255,255,0,1,24,1,0
3204,传承的扇子与舞蹈,完成任务“女儿节与扇之舞”。,0,246403,70256,0,0,0,0,0,0,0,0,0,127,38,0,0,10,255,255,0,1,6,1,0
3205,冬贝利守护的节日,完成任务“彩蛋狩猎与对冬贝利的爱”。,0,56554,70258,0,0,0,0,0,0,0,0,0,128,38,0,0,10,255,255,0,1,6,1,0
3206,金色的专访,完成任务“金碟游乐场与金色心意”。,0,59876,70264,0,0,0,0,0,0,0,0,0,129,38,0,0,10,255,255,0,1,6,1,0
3207,火热的不死鸟，火热的沙滩英雄,完成任务“红莲节与盛夏的沙滩英雄”。,0,56563,70260,0,0,0,0,0,0,0,0,0,130,38,0,0,10,255,255,0,1,6,1,0
3208,东方的可爱龙族,完成任务“辰龙祥意降神节”。,0,59861,70216,0,0,0,0,0,0,0,0,0,134,38,0,0,10,255,255,0,1,6,1,0
3209,九宫卡手12,获得376种九宫幻卡。,39376,27661,352,376,0,0,0,0,0,0,0,0,48,18,47,15,10,255,183,4,1,1,1,0
3210,踏入育体宝殿1,初次入侵厄尔庇斯育体宝殿。,0,116,1043,1,0,0,0,0,0,0,0,668,88,6,43,90,5,255,255,0,1,1,1,0
3211,踏入育体宝殿2,累计入侵厄尔庇斯育体宝殿5次。,0,116,1043,5,0,0,0,0,0,0,0,0,89,6,0,0,10,255,255,0,1,1,1,0
3212,踏入育体宝殿3,累计入侵厄尔庇斯育体宝殿10次。,0,116,1043,10,0,0,0,0,0,0,0,0,90,6,0,0,10,255,255,0,1,1,1,0
3213,踏入育体宝殿4,累计入侵厄尔庇斯育体宝殿20次。,0,116,1043,20,0,0,0,0,0,0,0,669,91,6,43,90,20,255,255,0,1,1,1,0
3214,称霸育体宝殿1,初次称霸厄尔庇斯育体宝殿。,0,116,1044,1,0,0,0,0,0,0,0,0,92,6,0,0,5,255,255,0,1,1,1,0
3215,称霸育体宝殿2,累计称霸厄尔庇斯育体宝殿5次。,0,116,1044,5,0,0,0,0,0,0,0,0,93,6,0,0,10,255,255,0,1,1,1,0
3216,称霸育体宝殿3,累计称霸厄尔庇斯育体宝殿10次。,0,116,1044,10,0,0,0,0,0,0,0,0,94,6,0,0,10,255,255,0,1,1,1,0
3217,称霸育体宝殿4,累计称霸厄尔庇斯育体宝殿20次。,0,116,1044,20,0,0,0,0,0,0,0,670,95,6,43,90,20,255,255,0,1,1,1,0
3218,冲突的王者第4赛季,在水晶冲突的第4赛季中取得排名第1名的成绩。,0,210,1045,1,0,0,0,0,0,0,0,671,1001,8,43,30,20,255,255,0,1,1,1,0
3219,冲突的勇者第4赛季,在水晶冲突的第4赛季中取得排名前30名的成绩。,0,210,1046,1,0,0,0,0,0,0,0,672,1001,8,43,30,20,255,255,0,1,1,1,0
3220,冲突的获奖者第4赛季,在水晶冲突的第4赛季中取得排名前100名的成绩。,0,210,1047,1,0,0,0,0,0,0,0,673,1001,8,43,30,20,255,255,0,1,1,1,0
3221,冲突的王者第5赛季,在水晶冲突的第5赛季中取得排名第1名的成绩。,0,210,1048,1,0,0,0,0,0,0,0,674,1001,8,43,30,20,255,255,0,1,1,1,0
3222,冲突的勇者第5赛季,在水晶冲突的第5赛季中取得排名前30名的成绩。,0,210,1049,1,0,0,0,0,0,0,0,675,1001,8,43,30,20,255,255,0,1,1,1,0
3223,冲突的获奖者第5赛季,在水晶冲突的第5赛季中取得排名前100名的成绩。,0,210,1050,1,0,0,0,0,0,0,0,676,1001,8,43,30,20,255,255,0,1,1,1,0
3224,曼德维尔之骑士·惊异,获得曼德维尔惊异长剑和曼德维尔惊异鸢盾。,0,30660,70261,70262,19,0,0,0,0,0,0,0,101,75,0,0,10,255,255,0,1,24,1,3
3225,曼德维尔之战士·惊异,获得曼德维尔惊异战斧。,0,31234,70261,70262,21,0,0,0,0,0,0,0,301,75,0,0,10,255,255,0,1,24,1,3
3226,曼德维尔之暗黑骑士·惊异,获得曼德维尔惊异双手剑。,0,34388,70261,70262,32,0,0,0,0,0,0,0,1101,75,0,0,10,255,255,0,1,24,1,3
3227,曼德维尔之绝枪战士·惊异,获得曼德维尔惊异枪刃。,0,36081,70261,70262,37,0,0,0,0,0,0,0,1601,75,0,0,10,255,255,0,1,24,1,3
3228,曼德维尔之龙骑士·惊异,获得曼德维尔惊异长枪。,0,31636,70261,70262,22,0,0,0,0,0,0,0,401,75,0,0,10,255,255,0,1,24,1,3
3229,曼德维尔之武僧·惊异,获得曼德维尔惊异指虎。,0,30825,70261,70262,20,0,0,0,0,0,0,0,201,75,0,0,10,255,255,0,1,24,1,3
3230,曼德维尔之忍者·惊异,获得曼德维尔惊异匕首。,0,33611,70261,70262,30,0,0,0,0,0,0,0,601,75,0,0,10,255,255,0,1,24,1,3
3231,曼德维尔之武士·惊异,获得曼德维尔惊异武士刀。,0,36539,70261,70262,34,0,0,0,0,0,0,0,1401,75,0,0,10,255,255,0,1,24,1,3
3232,曼德维尔之钐镰客·惊异,获得曼德维尔惊异镰刀。,0,37250,70261,70262,39,0,0,0,0,0,0,0,1801,75,0,0,10,255,255,0,1,24,1,3
3233,曼德维尔之吟游诗人·惊异,获得曼德维尔惊异琴弓。,0,32025,70261,70262,23,0,0,0,0,0,0,0,501,75,0,0,10,255,255,0,1,24,1,3
3234,曼德维尔之机工士·惊异,获得曼德维尔惊异左轮枪。,0,34484,70261,70262,31,0,0,0,0,0,0,0,1201,75,0,0,10,255,255,0,1,24,1,3
3235,曼德维尔之舞者·惊异,获得曼德维尔惊异圆月轮。,0,36280,70261,70262,38,0,0,0,0,0,0,0,1701,75,0,0,10,255,255,0,1,24,1,3
3236,曼德维尔之黑魔法师·惊异,获得曼德维尔惊异法杖。,0,32869,70261,70262,25,0,0,0,0,0,0,0,801,75,0,0,10,255,255,0,1,24,1,3
3237,曼德维尔之召唤师·惊异,获得曼德维尔惊异魔导书。,0,33373,70261,70262,27,0,0,0,0,0,0,0,901,75,0,0,10,255,255,0,1,24,1,3
3238,曼德维尔之赤魔法师·惊异,获得曼德维尔惊异刺剑。,0,36838,70261,70262,35,0,0,0,0,0,0,0,1501,75,0,0,10,255,255,0,1,24,1,3
3239,曼德维尔之白魔法师·惊异,获得曼德维尔惊异牧杖。,0,32454,70261,70262,24,0,0,0,0,0,0,0,701,75,0,0,10,255,255,0,1,24,1,3
3240,曼德维尔之学者·惊异,获得曼德维尔惊异魔导典。,0,33378,70261,70262,28,0,0,0,0,0,0,0,1001,75,0,0,10,255,255,0,1,24,1,3
3241,曼德维尔之占星术士·惊异,获得曼德维尔惊异黄道仪。,0,34984,70261,70262,33,0,0,0,0,0,0,0,1301,75,0,0,10,255,255,0,1,24,1,3
3242,曼德维尔之贤者·惊异,获得曼德维尔惊异蛇石针。,0,37048,70261,70262,40,0,0,0,0,0,0,0,1901,75,0,0,10,255,255,0,1,24,1,3
3243,寻宝猎人14,累计20次成功解读陈旧的蛇牛革地图并开启宝箱。,0,115,1051,20,0,0,0,0,0,0,0,0,15,6,0,0,20,255,255,0,1,1,1,0
3244,负罪的王座,完成任务“负罪的王座”。,0,26002,70279,0,0,0,0,0,0,0,0,677,84,76,43,90,20,255,255,0,1,6,1,0
3245,踏遍哈姆岛,成功探索哈姆岛（间歇灵泉）的所有地区。,0,1001,831,0,0,0,0,0,0,0,0,0,99,49,0,0,10,255,255,0,1,8,1,0
3246,众魔的降妖者,在高贝扎歼殛战中战胜高贝扎。,0,317,20090,0,0,0,0,0,0,0,0,0,39,3,0,0,10,255,255,0,1,14,1,0
3247,向星星许愿,完成任务“向星星许愿”。,0,26002,70296,0,0,0,0,0,0,0,0,0,903,35,0,0,10,255,255,0,1,6,64,0
3248,称霸万魔殿荒天之狱1,成功挑战万魔殿荒天之狱。,0,64848,1052,1,0,0,0,0,0,0,0,0,0,4,0,0,5,255,255,0,1,1,1,0
3249,称霸万魔殿荒天之狱2,累计成功挑战万魔殿荒天之狱5次。,0,64848,1052,5,0,0,0,0,0,0,0,0,0,4,0,0,10,255,255,0,1,1,1,0
3250,称霸万魔殿荒天之狱3,累计成功挑战万魔殿荒天之狱10次。,0,64848,1052,10,0,0,0,0,0,0,0,0,0,4,0,0,20,255,255,0,1,1,1,0
3251,完全称霸万魔殿荒天之狱1,成功挑战零式万魔殿荒天之狱。,0,64848,1053,1,0,0,0,0,0,0,0,0,0,4,0,0,5,255,255,0,1,1,1,0
3252,完全称霸万魔殿荒天之狱2,累计成功挑战零式万魔殿荒天之狱5次。,0,64848,1053,5,0,0,0,0,0,0,0,0,0,4,0,0,10,255,255,0,1,1,1,0
3253,完全称霸万魔殿荒天之狱3,累计成功挑战零式万魔殿荒天之狱10次。,0,64848,1053,10,0,0,0,0,0,0,0,0,0,4,0,0,20,255,255,0,1,1,1,0
3254,无人岛的伟大开拓者,在开拓无人岛的开拓等级升到16级。,0,1052,1007,16,0,0,0,0,0,0,0,0,2002,12,0,0,10,255,255,0,1,1,1,0
3255,贸易大师3,在开拓无人岛的群岛贸易中7个生产日的总计营业额达到33000点。,0,26001,1054,1,0,0,0,0,0,0,0,678,2052,12,47,90,20,255,255,0,1,1,1,0
3256,妖歌海海面的鱼拓王,钓上妖歌海海面幻海流期间以外的所有鱼类。,0,1116,50,10,0,0,0,0,0,0,0,0,164,34,0,0,10,255,255,0,0,27,1,0
3257,黄金港近海的鱼拓王,钓上黄金港近海幻海流期间以外的所有鱼类。,0,1116,51,10,0,0,0,0,0,0,0,0,166,34,0,0,10,255,255,0,0,27,1,0
3258,红玉海海面的鱼拓王,钓上红玉海海面幻海流期间以外的所有鱼类。,0,1116,52,10,0,0,0,0,0,0,0,0,168,34,0,0,10,255,255,0,0,27,1,0
3259,延夏下游的鱼拓王,钓上延夏下游幻海流期间以外的所有鱼类。,0,1116,53,10,0,0,0,0,0,0,0,0,170,34,0,0,10,255,255,0,0,27,1,0
3260,妖歌海海面的幻海王,钓上妖歌海海面幻海流期间的所有鱼类。,0,1116,54,10,0,0,0,0,0,0,0,0,165,34,0,0,10,255,255,0,0,27,1,0
3261,黄金港近海的幻海王,钓上黄金港近海幻海流期间的所有鱼类。,0,1116,55,10,0,0,0,0,0,0,0,0,167,34,0,0,10,255,255,0,0,27,1,0
3262,红玉海海面的幻海王,钓上红玉海海面幻海流期间的所有鱼类。,0,1116,56,10,0,0,0,0,0,0,0,0,169,34,0,0,10,255,255,0,0,27,1,0
3263,延夏下游的幻海王,钓上延夏下游幻海流期间的所有鱼类。,0,1116,57,10,0,0,0,0,0,0,0,0,171,34,0,0,10,255,255,0,0,27,1,0
3264,游钓远洋1,"在1次出海垂钓（远洋）中获得5,000或更高的渔分。",0,1138,1055,1,0,0,0,0,0,0,0,0,204,34,0,0,5,255,255,0,1,1,1,0
3265,游钓远洋2,"在1次出海垂钓（远洋）中获得10,000或更高的渔分。",40370,1138,1056,1,0,0,0,0,0,0,0,0,205,34,19,1,10,255,184,2,1,1,1,0
3266,游钓远洋3,"在1次出海垂钓（远洋）中获得16,000或更高的渔分。",0,1138,1057,1,0,0,0,0,0,0,0,679,206,34,19,1,20,255,255,0,1,1,1,0
3267,四海大宝贝,在出海垂钓（远洋）中达成四海大宝贝。,0,28090,1058,1,0,0,0,0,0,0,0,680,251,34,19,1,10,255,255,0,1,1,1,0
3268,鱿型中队精英,在出海垂钓（远洋）中达成鱿型中队精英。,0,29932,1059,1,0,0,0,0,0,0,0,681,252,34,19,1,10,255,255,0,1,1,1,0
3269,大虾可重新来过,在出海垂钓（远洋）中达成大虾可重新来过。,0,29145,1060,1,0,0,0,0,0,0,0,682,253,34,19,1,10,255,255,0,1,1,1,0
3270,冲突的王者第6赛季,在水晶冲突的第6赛季中取得排名第1名的成绩。,0,210,1061,1,0,0,0,0,0,0,0,683,1001,8,43,30,20,255,255,0,1,1,1,0
3271,冲突的勇者第6赛季,在水晶冲突的第6赛季中取得排名前30名的成绩。,0,210,1062,1,0,0,0,0,0,0,0,684,1001,8,43,30,20,255,255,0,1,1,1,0
3272,冲突的获奖者第6赛季,在水晶冲突的第6赛季中取得排名前100名的成绩。,0,210,1063,1,0,0,0,0,0,0,0,685,1001,8,43,30,20,255,255,0,1,1,1,0
3273,冲突的王者第7赛季,在水晶冲突的第7赛季中取得排名第1名的成绩。,0,210,1064,1,0,0,0,0,0,0,0,686,1001,8,43,30,20,255,255,0,1,1,1,0
3274,冲突的勇者第7赛季,在水晶冲突的第7赛季中取得排名前30名的成绩。,0,210,1065,1,0,0,0,0,0,0,0,687,1001,8,43,30,20,255,255,0,1,1,1,0
3275,冲突的获奖者第7赛季,在水晶冲突的第7赛季中取得排名前100名的成绩。,0,210,1066,1,0,0,0,0,0,0,0,688,1001,8,43,30,20,255,255,0,1,1,1,0
3276,2024年度水晶冲突区域锦标赛冠军,在2024年度水晶冲突区域锦标赛中取得赛区冠军。,0,62968,1067,1,0,0,0,0,0,0,0,689,6,9,0,0,0,255,255,0,0,1,1,1
3277,2024年度水晶冲突区域锦标赛冠军,在2024年度水晶冲突区域锦标赛中取得赛区冠军。,0,62968,1068,1,0,0,0,0,0,0,0,689,7,9,0,0,0,255,255,0,0,1,1,1
3278,2024年度水晶冲突区域锦标赛冠军,在2024年度水晶冲突区域锦标赛中取得赛区冠军。,0,62968,1069,1,0,0,0,0,0,0,0,689,8,9,0,0,0,255,255,0,0,1,1,1
3279,2024年度水晶冲突区域锦标赛决胜者,在2024年度水晶冲突区域锦标赛中进入总决赛。,0,62967,1070,1,0,0,0,0,0,0,0,690,9,9,0,0,0,255,255,0,0,1,1,1
3280,2024年度水晶冲突区域锦标赛突破者,在2024年度水晶冲突区域锦标赛预赛中进入八强。,0,62966,1071,1,0,0,0,0,0,0,0,691,10,9,0,0,0,255,255,0,0,1,1,1
3281,值得铭记的十周年,完成任务“新生庆典与旅途”。,0,26107,70302,0,0,0,0,0,0,0,0,0,131,38,0,0,10,255,255,0,1,6,1,0
3282,结束亦是启程,完成任务“将希望送往未来”。,0,26002,70316,0,0,0,0,0,0,0,0,0,991,35,0,0,5,255,255,0,1,6,1,3
3283,爸爸的欢乐变身生活,完成任务“守护天节与感谢的心情”。,0,246417,70322,0,0,0,0,0,0,0,0,0,132,38,0,0,10,255,255,0,1,6,1,0
3284,连接友谊的礼物,完成任务“星芒节与孩子们的友情”。,0,56588,70318,0,0,0,0,0,0,0,0,0,133,38,0,0,10,255,255,0,1,6,1,0
3285,曼德维尔之骑士·威严,获得曼德维尔威严之剑和曼德维尔威严盾。,0,30665,70307,70308,19,0,0,0,0,0,0,0,102,75,0,0,10,255,255,0,1,24,1,3
3286,曼德维尔之战士·威严,获得曼德维尔威严巨斧。,0,31239,70307,70308,21,0,0,0,0,0,0,0,302,75,0,0,10,255,255,0,1,24,1,3
3287,曼德维尔之暗黑骑士·威严,获得曼德维尔威严巨剑。,0,34393,70307,70308,32,0,0,0,0,0,0,0,1102,75,0,0,10,255,255,0,1,24,1,3
3288,曼德维尔之绝枪战士·威严,获得曼德维尔威严刺刀。,0,36085,70307,70308,37,0,0,0,0,0,0,0,1602,75,0,0,10,255,255,0,1,24,1,3
3289,曼德维尔之龙骑士·威严,获得曼德维尔威严长枪。,0,31641,70307,70308,22,0,0,0,0,0,0,0,402,75,0,0,10,255,255,0,1,24,1,3
3290,曼德维尔之武僧·威严,获得曼德维尔威严之拳。,0,30829,70307,70308,20,0,0,0,0,0,0,0,202,75,0,0,10,255,255,0,1,24,1,3
3291,曼德维尔之忍者·威严,获得曼德维尔威严匕首。,0,33615,70307,70308,30,0,0,0,0,0,0,0,602,75,0,0,10,255,255,0,1,24,1,3
3292,曼德维尔之武士·威严,获得曼德维尔威严武士刀。,0,36543,70307,70308,34,0,0,0,0,0,0,0,1402,75,0,0,10,255,255,0,1,24,1,3
3293,曼德维尔之钐镰客·威严,获得曼德维尔威严战镰。,0,37254,70307,70308,39,0,0,0,0,0,0,0,1802,75,0,0,10,255,255,0,1,24,1,3
3294,曼德维尔之吟游诗人·威严,获得曼德维尔威严琴弓。,0,32029,70307,70308,23,0,0,0,0,0,0,0,502,75,0,0,10,255,255,0,1,24,1,3
3295,曼德维尔之机工士·威严,获得曼德维尔威严手枪。,0,34488,70307,70308,31,0,0,0,0,0,0,0,1202,75,0,0,10,255,255,0,1,24,1,3
3296,曼德维尔之舞者·威严,获得曼德维尔威严圆月轮。,0,36284,70307,70308,38,0,0,0,0,0,0,0,1702,75,0,0,10,255,255,0,1,24,1,3
3297,曼德维尔之黑魔法师·威严,获得曼德维尔威严咒杖。,0,32874,70307,70308,25,0,0,0,0,0,0,0,802,75,0,0,10,255,255,0,1,24,1,3
3298,曼德维尔之召唤师·威严,获得曼德维尔威严魔导书。,0,33382,70307,70308,27,0,0,0,0,0,0,0,902,75,0,0,10,255,255,0,1,24,1,3
3299,曼德维尔之赤魔法师·威严,获得曼德维尔威严重刺剑。,0,36842,70307,70308,35,0,0,0,0,0,0,0,1502,75,0,0,10,255,255,0,1,24,1,3
3300,曼德维尔之白魔法师·威严,获得曼德维尔威严幻杖。,0,32459,70307,70308,24,0,0,0,0,0,0,0,702,75,0,0,10,255,255,0,1,24,1,3
3301,曼德维尔之学者·威严,获得曼德维尔威严魔导典。,0,33381,70307,70308,28,0,0,0,0,0,0,0,1002,75,0,0,10,255,255,0,1,24,1,3
3302,曼德维尔之占星术士·威严,获得曼德维尔威严太阳仪。,0,34986,70307,70308,33,0,0,0,0,0,0,0,1302,75,0,0,10,255,255,0,1,24,1,3
3303,曼德维尔之贤者·威严,获得曼德维尔威严飞翼。,0,37051,70307,70308,40,0,0,0,0,0,0,0,1902,75,0,0,10,255,255,0,1,24,1,3
3304,商会中意的工匠,完成任务“在彷徨阶梯亭干杯”。,0,26002,70306,0,0,0,0,0,0,0,0,0,700,35,0,0,5,255,255,0,1,6,1,0
3305,莫雯卓越工具：乔菈卓绝手锯,获得乔菈卓绝手锯。,0,39004,70305,8,0,0,0,0,0,0,0,0,103,78,0,0,10,255,255,0,1,24,1,0
3306,莫雯卓越工具：乔菈卓绝横头锤,获得乔菈卓绝横头锤。,0,39103,70305,9,0,0,0,0,0,0,0,0,203,78,0,0,10,255,255,0,1,24,1,0
3307,莫雯卓越工具：乔菈卓绝圆头锤,获得乔菈卓绝圆头锤。,0,39203,70305,10,0,0,0,0,0,0,0,0,303,78,0,0,10,255,255,0,1,24,1,0
3308,莫雯卓越工具：乔菈卓绝工艺锤,获得乔菈卓绝工艺锤。,0,39302,70305,11,0,0,0,0,0,0,0,0,403,78,0,0,10,255,255,0,1,24,1,0
3309,莫雯卓越工具：乔菈卓绝圆革刀,获得乔菈卓绝圆革刀。,0,39403,70305,12,0,0,0,0,0,0,0,0,503,78,0,0,10,255,255,0,1,24,1,0
3310,莫雯卓越工具：乔菈卓绝缝针,获得乔菈卓绝缝针。,0,39503,70305,13,0,0,0,0,0,0,0,0,603,78,0,0,10,255,255,0,1,24,1,0
3311,莫雯卓越工具：乔菈卓绝蒸馏器,获得乔菈卓绝蒸馏器。,0,39602,70305,14,0,0,0,0,0,0,0,0,703,78,0,0,10,255,255,0,1,24,1,0
3312,莫雯卓越工具：乔菈卓绝煎锅,获得乔菈卓绝煎锅。,0,39705,70305,15,0,0,0,0,0,0,0,0,803,78,0,0,10,255,255,0,1,24,1,0
3313,莫雯卓越工具：乔菈卓绝鹤嘴锄,获得乔菈卓绝鹤嘴锄。,0,38305,70305,16,0,0,0,0,0,0,0,0,903,78,0,0,10,255,255,0,1,24,1,0
3314,莫雯卓越工具：乔菈卓绝手斧,获得乔菈卓绝手斧。,0,38403,70305,17,0,0,0,0,0,0,0,0,1003,78,0,0,10,255,255,0,1,24,1,0
3315,莫雯卓越工具：乔菈卓绝钓竿,获得乔菈卓绝钓竿。,0,38506,70305,18,0,0,0,0,0,0,0,0,1103,78,0,0,10,255,255,0,1,24,1,0
3316,魔书中的领悟8,将青魔法师升到80级。,0,39903,36,80,0,0,0,0,0,0,0,0,1008,14,0,0,5,255,255,0,1,3,1,0
3317,学海无涯9,学习120种青魔法。,0,62969,6,120,0,0,0,0,0,0,0,0,1110,14,0,0,5,255,255,0,1,25,1,0
3318,黄金之青,在假面狂欢中达成黄金之青。,0,26058,1072,1,0,0,0,0,0,0,0,692,1106,2,36,50,10,255,255,0,1,1,1,0
3319,魔书记录者5,完成110种青魔法师记录中的普通任务。,0,3253,804,110,0,0,0,0,0,0,0,693,1204,1,36,70,5,255,255,0,1,1,1,0
3320,天青的绮梦弑君者,仅限由青魔法师组成的小队，在不解除限制并开启超越之力无效化的状态下完成缇坦妮雅歼殛战。,0,62969,1073,1,0,0,0,0,0,0,0,0,1334,1,0,0,5,255,255,0,1,1,1,2
3321,天青的无瑕弑君者,仅限由青魔法师组成的小队，在不解除限制并开启超越之力无效化的状态下完成无瑕灵君歼殛战。,0,62969,1074,1,0,0,0,0,0,0,0,0,1335,1,0,0,5,255,255,0,1,1,1,2
3322,天青的冥魂送葬者,仅限由青魔法师组成的小队，在不解除限制并开启超越之力无效化的状态下完成哈迪斯孤念歼灭战。,0,62969,1075,1,0,0,0,0,0,0,0,0,1336,1,0,0,5,255,255,0,1,1,1,0
3323,天青的红宝石降神者,仅限由青魔法师组成的小队，在不解除限制并开启超越之力无效化的状态下完成红宝石神兵狂想作战。,0,62969,1076,1,0,0,0,0,0,0,0,0,1337,1,0,0,5,255,255,0,1,1,1,0
3324,,,0,0,0,0,0,0,0,0,0,0,0,0,0,0,0,0,0,0,0,0,0,0,0,0
3325,天青的绿宝石降神者,仅限由青魔法师组成的小队，在不解除限制并开启超越之力无效化的状态下完成绿宝石神兵狂想作战。,0,62969,1078,1,0,0,0,0,0,0,0,0,1339,1,0,0,5,255,255,0,1,1,1,0
3326,天青的钻石降神者,仅限由青魔法师组成的小队，在不解除限制并开启超越之力无效化的状态下完成钻石神兵狂想作战。,0,62969,1079,1,0,0,0,0,0,0,0,0,1340,1,0,0,5,255,255,0,1,1,1,0
3327,称霸觉醒伊甸的青魔法师,仅限由青魔法师组成的小队，在不解除限制并开启超越之力无效化的状态下完成伊甸零式希望乐园 觉醒之章4。,0,62969,1080,1,0,0,0,0,0,0,0,0,1341,1,0,0,5,255,255,0,1,1,1,0
3328,称霸共鸣伊甸的青魔法师,仅限由青魔法师组成的小队，在不解除限制并开启超越之力无效化的状态下完成伊甸零式希望乐园 共鸣之章4。,0,62969,1081,1,0,0,0,0,0,0,0,0,1342,1,0,0,5,255,255,0,1,1,1,0
3329,称霸再生伊甸的青魔法师,仅限由青魔法师组成的小队，在不解除限制并开启超越之力无效化的状态下完成伊甸零式希望乐园 再生之章4。,0,62969,1082,1,0,0,0,0,0,0,0,0,1343,1,0,0,5,255,255,0,1,1,1,0
3330,通晓希望乐园的青魔法师,达成“称霸觉醒伊甸的青魔法师”“称霸共鸣伊甸的青魔法师”“称霸再生伊甸的青魔法师”三个成就。,0,62969,3327,3328,3329,0,0,0,0,0,0,694,1344,1,36,80,10,255,255,0,2,2,1,0
3331,踏遍六根山,成功探索六根山（多变迷宫）的所有地区。,0,1001,843,0,0,0,0,0,0,0,0,0,2303,49,0,0,10,255,255,0,1,8,1,0
3332,狩猎猛虎,在六根山（多变迷宫）中战胜猛虎。,0,2513,1083,1,0,0,0,0,0,0,0,0,1207,2,0,0,5,255,255,0,1,1,1,3
3333,狩猎豪雷,在六根山（多变迷宫）中战胜豪雷。,0,2513,1084,1,0,0,0,0,0,0,0,0,1208,2,0,0,5,255,255,0,1,1,1,3
3334,狩猎狮子王,在六根山（多变迷宫）中战胜狮子王。,0,2513,1085,1,0,0,0,0,0,0,0,0,1209,2,0,0,5,255,255,0,1,1,1,3
3335,狩猎烟烟罗,在六根山（多变迷宫）中战胜烟烟罗。,0,2513,1086,1,0,0,0,0,0,0,0,0,1210,2,0,0,5,255,255,0,1,1,1,3
3336,两个孤儿的故事,完成任务“两个孤儿的故事”。,0,26002,70270,0,0,0,0,0,0,0,0,695,697,35,0,0,20,255,255,0,1,6,1,3
3337,六根山探索记,成功发现六根山探索记中的所有故事。,40387,26182,2,70269,0,0,0,0,0,0,0,0,2311,49,43,90,10,255,185,1,1,31,1,0
3338,踏遍异闻六根山,成功探索六根山（异闻迷宫）的所有地区。,0,1001,851,0,0,0,0,0,0,0,0,0,2304,49,0,0,10,255,255,0,1,8,1,0
3339,称霸异闻六根山,成功挑战异闻六根山（异闻迷宫）。,0,317,37003,0,0,0,0,0,0,0,0,0,1211,2,0,0,10,255,255,0,1,14,1,0
3340,完全称霸异闻六根山,成功挑战零式异闻六根山（异闻迷宫）。,0,317,37004,0,0,0,0,0,0,0,0,696,1212,2,43,90,20,255,255,0,1,14,1,0
3341,踏遍阿罗阿罗岛,成功探索阿罗阿罗岛（多变迷宫）的所有地区。,0,1001,867,0,0,0,0,0,0,0,0,0,2305,49,0,0,10,255,255,0,1,8,1,0
3342,狩猎凯图嘟凯,在阿罗阿罗岛（多变迷宫）中战胜凯图嘟凯。,0,2513,1092,1,0,0,0,0,0,0,0,0,1213,2,0,0,5,255,255,0,1,1,1,3
3343,狩猎拉拉鲁,在阿罗阿罗岛（多变迷宫）中战胜拉拉鲁。,0,2513,1093,1,0,0,0,0,0,0,0,0,1214,2,0,0,5,255,255,0,1,1,1,3
3344,狩猎斯塔缇丝,在阿罗阿罗岛（多变迷宫）中战胜斯塔缇丝。,0,2513,1094,1,0,0,0,0,0,0,0,0,1215,2,0,0,5,255,255,0,1,1,1,3
3345,狩猎罗库罗库伊,在阿罗阿罗岛（多变迷宫）中战胜罗库罗库伊。,0,2513,1095,1,0,0,0,0,0,0,0,0,1216,2,0,0,5,255,255,0,1,1,1,3
3346,感谢艰险之路的陪伴,完成任务“感谢艰险之路的陪伴”。,0,26002,70326,0,0,0,0,0,0,0,0,697,698,35,0,0,20,255,255,0,1,6,1,3
3347,阿罗阿罗岛探索记,成功发现阿罗阿罗岛探索记中的所有故事。,41495,26182,3,70325,0,0,0,0,0,0,0,0,2311,49,43,90,10,255,186,1,1,31,1,0
3348,踏遍异闻阿罗阿罗岛,成功探索阿罗阿罗岛（异闻迷宫）的所有地区。,0,1001,875,0,0,0,0,0,0,0,0,0,2306,49,0,0,10,255,255,0,1,8,1,0
3349,称霸异闻阿罗阿罗岛,成功挑战异闻阿罗阿罗岛（异闻迷宫）。,0,317,37005,0,0,0,0,0,0,0,0,0,1217,2,0,0,10,255,255,0,1,14,1,0
3350,完全称霸异闻阿罗阿罗岛,成功挑战零式异闻阿罗阿罗岛（异闻迷宫）。,0,317,37006,0,0,0,0,0,0,0,0,698,1218,2,43,90,20,255,255,0,1,14,1,0
3351,玛格拉特的信任1,玛格拉特的信赖等级达到1级。,0,25507,1097,1,0,0,0,0,0,0,0,0,226,12,0,0,5,255,255,0,1,1,1,0
3352,玛格拉特的信任2,玛格拉特的信赖等级达到2级。,0,25507,1097,2,0,0,0,0,0,0,0,0,227,12,0,0,5,255,255,0,1,1,1,0
3353,玛格拉特的信任3,玛格拉特的信赖等级达到3级。,0,25507,1097,3,0,0,0,0,0,0,0,0,228,12,0,0,5,255,255,0,1,1,1,0
3354,玛格拉特的信任4,玛格拉特的信赖等级达到4级。,0,25507,1097,4,0,0,0,0,0,0,0,0,229,12,0,0,5,255,255,0,1,1,1,0
3355,玛格拉特的信任5,玛格拉特的信赖等级达到5级。,0,25507,1097,5,0,0,0,0,0,0,0,699,230,12,46,80,10,255,255,0,1,1,1,0
3356,玛格拉特的老主顾1,在玛格拉特处累计交纳收藏品36次。,0,26551,1098,36,0,0,0,0,0,0,0,0,85,22,0,0,5,255,255,0,1,1,1,0
3357,玛格拉特的老主顾2,在玛格拉特处累计交纳收藏品48次。,0,26551,1098,48,0,0,0,0,0,0,0,0,86,22,0,0,5,255,255,0,1,1,1,0
3358,玛格拉特的老主顾3,在玛格拉特处累计交纳收藏品60次。,0,26551,1098,60,0,0,0,0,0,0,0,0,87,22,0,0,5,255,255,0,1,1,1,0
3359,玛格拉特的老主顾4,在玛格拉特处累计交纳收藏品90次。,0,26551,1098,90,0,0,0,0,0,0,0,0,88,22,0,0,5,255,255,0,1,1,1,0
3360,玛格拉特的老主顾5,在玛格拉特处累计交纳收藏品120次。,0,26551,1098,120,0,0,0,0,0,0,0,0,89,22,0,0,5,255,255,0,1,1,1,0
3361,玛格拉特的老主顾6,在玛格拉特处累计交纳收藏品150次。,0,26551,1098,150,0,0,0,0,0,0,0,700,90,22,46,80,10,255,255,0,1,1,1,0
3362,莫雯卓越工具：领航星手锯,获得领航星手锯。,0,39005,70340,8,0,0,0,0,0,0,0,0,104,78,0,0,10,255,255,0,1,24,1,0
3363,莫雯卓越工具：领航星横头锤,获得领航星横头锤。,0,39104,70340,9,0,0,0,0,0,0,0,0,204,78,0,0,10,255,255,0,1,24,1,0
3364,莫雯卓越工具：领航星圆头锤,获得领航星圆头锤。,0,39204,70340,10,0,0,0,0,0,0,0,0,304,78,0,0,10,255,255,0,1,24,1,0
3365,莫雯卓越工具：领航星工艺锤,获得领航星工艺锤。,0,39303,70340,11,0,0,0,0,0,0,0,0,404,78,0,0,10,255,255,0,1,24,1,0
3366,莫雯卓越工具：领航星圆革刀,获得领航星圆革刀。,0,39404,70340,12,0,0,0,0,0,0,0,0,504,78,0,0,10,255,255,0,1,24,1,0
3367,莫雯卓越工具：领航星缝针,获得领航星缝针。,0,39504,70340,13,0,0,0,0,0,0,0,0,604,78,0,0,10,255,255,0,1,24,1,0
3368,莫雯卓越工具：领航星蒸馏器,获得领航星蒸馏器。,0,39603,70340,14,0,0,0,0,0,0,0,0,704,78,0,0,10,255,255,0,1,24,1,0
3369,莫雯卓越工具：领航星平底锅,获得领航星平底锅。,0,39706,70340,15,0,0,0,0,0,0,0,0,804,78,0,0,10,255,255,0,1,24,1,0
3370,莫雯卓越工具：领航星鹤嘴锄,获得领航星鹤嘴锄。,0,38306,70340,16,0,0,0,0,0,0,0,0,904,78,0,0,10,255,255,0,1,24,1,0
3371,莫雯卓越工具：领航星手斧,获得领航星手斧。,0,38404,70340,17,0,0,0,0,0,0,0,0,1004,78,0,0,10,255,255,0,1,24,1,0
3372,莫雯卓越工具：领航星钓竿,获得领航星钓竿。,0,38507,70340,18,0,0,0,0,0,0,0,0,1104,78,0,0,10,255,255,0,1,24,1,0
3373,商会御用的工匠,完成任务“两个人、两个水壶”。,0,26002,70341,0,0,0,0,0,0,0,0,724,701,35,0,0,5,255,255,0,1,6,1,0
3374,盈满套装,完成任务“起舞的工匠们”。,0,26002,70342,0,0,0,0,0,0,0,0,701,655,35,0,0,5,255,255,0,1,6,1,0
3375,专研采掘笔记8,累计采掘成功并标记260种采集笔记中记载的采矿工专属素材。,0,1015,200,260,0,0,0,0,0,0,0,702,48,32,17,90,10,255,255,0,1,1,1,0
3376,专研采伐笔记8,累计采伐成功并标记380种采集笔记中记载的园艺工专属素材。,0,1065,201,380,0,0,0,0,0,0,0,703,48,33,18,90,10,255,255,0,1,1,1,0
3377,专研钓鱼笔记8,累计钓上并标记1460种钓鱼笔记中记载的物种。,0,1104,202,1460,0,0,0,0,0,0,0,704,48,34,19,90,10,255,255,0,1,1,1,0
3378,晓月太公3,在晓月区域钓上40种钓场之王。,0,1102,1000,40,0,0,0,0,0,0,0,705,108,34,19,90,10,255,255,0,1,1,1,0
3379,太公封神,达成“太公仙路”“晓月太公3”成就。,0,1141,2834,3378,0,0,0,0,0,0,0,706,109,34,19,90,20,255,255,0,2,2,1,0
3380,曼德维尔之骑士·盈满,获得曼德维尔盈满弯刃刀和曼德维尔盈满鸢盾。,0,30670,70342,70343,19,0,0,0,0,0,0,0,103,75,0,0,10,255,255,0,1,24,1,3
3381,曼德维尔之战士·盈满,获得曼德维尔盈满战斧。,0,31244,70342,70343,21,0,0,0,0,0,0,0,303,75,0,0,10,255,255,0,1,24,1,3
3382,曼德维尔之暗黑骑士·盈满,获得曼德维尔盈满巨剑。,0,34398,70342,70343,32,0,0,0,0,0,0,0,1103,75,0,0,10,255,255,0,1,24,1,3
3383,曼德维尔之绝枪战士·盈满,获得曼德维尔盈满枪刃。,0,36090,70342,70343,37,0,0,0,0,0,0,0,1603,75,0,0,10,255,255,0,1,24,1,3
3384,曼德维尔之龙骑士·盈满,获得曼德维尔盈满三尖枪。,0,31646,70342,70343,22,0,0,0,0,0,0,0,403,75,0,0,10,255,255,0,1,24,1,3
3385,曼德维尔之武僧·盈满,获得曼德维尔盈满之拳。,0,30834,70342,70343,20,0,0,0,0,0,0,0,203,75,0,0,10,255,255,0,1,24,1,3
3386,曼德维尔之忍者·盈满,获得曼德维尔盈满匕首。,0,33620,70342,70343,30,0,0,0,0,0,0,0,603,75,0,0,10,255,255,0,1,24,1,3
3387,曼德维尔之武士·盈满,获得曼德维尔盈满武士刀。,0,36548,70342,70343,34,0,0,0,0,0,0,0,1403,75,0,0,10,255,255,0,1,24,1,3
3388,曼德维尔之钐镰客·盈满,获得曼德维尔盈满扎戈斧镰。,0,37259,70342,70343,39,0,0,0,0,0,0,0,1803,75,0,0,10,255,255,0,1,24,1,3
3389,曼德维尔之吟游诗人·盈满,获得曼德维尔盈满复合弓。,0,32034,70342,70343,23,0,0,0,0,0,0,0,503,75,0,0,10,255,255,0,1,24,1,3
3390,曼德维尔之机工士·盈满,获得曼德维尔盈满左轮枪。,0,34493,70342,70343,31,0,0,0,0,0,0,0,1203,75,0,0,10,255,255,0,1,24,1,3
3391,曼德维尔之舞者·盈满,获得曼德维尔盈满圆月轮。,0,36289,70342,70343,38,0,0,0,0,0,0,0,1703,75,0,0,10,255,255,0,1,24,1,3
3392,曼德维尔之黑魔法师·盈满,获得曼德维尔盈满法杖。,0,32879,70342,70343,25,0,0,0,0,0,0,0,803,75,0,0,10,255,255,0,1,24,1,3
3393,曼德维尔之召唤师·盈满,获得曼德维尔盈满魔导书。,0,33392,70342,70343,27,0,0,0,0,0,0,0,903,75,0,0,10,255,255,0,1,24,1,3
3394,曼德维尔之赤魔法师·盈满,获得曼德维尔盈满刺剑。,0,36847,70342,70343,35,0,0,0,0,0,0,0,1503,75,0,0,10,255,255,0,1,24,1,3
3395,曼德维尔之白魔法师·盈满,获得曼德维尔盈满牧杖。,0,32464,70342,70343,24,0,0,0,0,0,0,0,703,75,0,0,10,255,255,0,1,24,1,3
3396,曼德维尔之学者·盈满,获得曼德维尔盈满魔导典。,0,33391,70342,70343,28,0,0,0,0,0,0,0,1003,75,0,0,10,255,255,0,1,24,1,3
3397,曼德维尔之占星术士·盈满,获得曼德维尔盈满黄道仪。,0,34991,70342,70343,33,0,0,0,0,0,0,0,1303,75,0,0,10,255,255,0,1,24,1,3
3398,曼德维尔之贤者·盈满,获得曼德维尔盈满飞翼。,0,37056,70342,70343,40,0,0,0,0,0,0,0,1903,75,0,0,10,255,255,0,1,24,1,3
3399,无人岛的传奇开拓者,在开拓无人岛的开拓等级升到20级。,0,1052,1007,20,0,0,0,0,0,0,0,707,2003,12,0,0,10,255,255,0,1,1,1,0
3400,踏遍月面地下溪谷,成功探索月面地下溪谷（异界深渊）的所有地区。,0,1001,864,0,0,0,0,0,0,0,0,0,100,49,0,0,10,255,255,0,1,8,1,0
3401,踏遍塔利亚,成功探索荣华神域塔利亚的所有地区。,0,1001,884,0,0,0,0,0,0,0,0,0,1508,49,0,0,10,255,255,0,1,8,65,0
3402,暗黑的降妖者,在泽罗姆斯歼殛战中战胜泽罗姆斯。,0,317,20092,0,0,0,0,0,0,0,0,0,40,3,0,0,10,255,255,0,1,14,1,0
3403,称霸塔利亚,成功挑战荣华神域塔利亚。,0,2669,30134,0,0,0,0,0,0,0,0,0,0,4,0,0,5,255,255,0,1,14,65,0
3404,勇夺桂冠1,在金碟巨豆中心获得第1名1次。,0,56611,1110,1,0,0,0,0,0,0,0,0,1300,18,0,0,5,255,255,0,1,1,1,0
3405,勇夺桂冠2,在金碟巨豆中心获得第1名10次。,0,56611,1110,10,0,0,0,0,0,0,0,0,1301,18,0,0,5,255,255,0,1,1,1,0
3406,勇夺桂冠3,在金碟巨豆中心获得第1名50次。,0,56611,1110,50,0,0,0,0,0,0,0,0,1302,18,0,0,5,255,255,0,1,1,1,0
3407,勇夺桂冠4,在金碟巨豆中心获得第1名100次。,0,56611,1110,100,0,0,0,0,0,0,0,708,1303,18,0,0,10,255,255,0,1,1,1,0
3408,众神眷爱之人,完成任务“受众神眷顾之地——艾欧泽亚”。,0,26002,70328,0,0,0,0,0,0,0,0,709,904,35,43,90,10,255,255,0,1,6,65,0
3409,瓦利斯泽亚的征服者,完成任务“纵使前路狱火焰毒”。,0,42995,70334,0,0,0,0,0,0,0,0,710,550,38,0,0,10,255,255,0,1,6,1,0
3410,永世大繁荣,完成任务“联系你我至永远的大繁荣之轮”。,0,26002,70349,0,0,0,0,0,0,0,0,0,702,35,0,0,10,255,255,0,1,6,1,0
3411,第一届背世咖啡厅杯获胜者,完成任务“宇宙尽头的精彩比赛”。,0,60033,70324,0,0,0,0,0,0,0,0,0,0,37,43,90,20,255,255,0,1,6,1,0
3412,月下幽愿,获得幽愿巴哈姆特魔笛。,0,26038,70331,0,0,0,0,0,0,0,0,711,1275,19,43,90,20,255,255,0,1,6,1,0
3413,光明的零点,完成任务“光明的零点”。,0,26002,70286,0,0,0,0,0,0,0,0,712,85,76,0,0,20,255,255,0,1,6,63,0
3414,迈向明日的一步,完成任务“迈向明日的一步”。,0,26002,70289,0,0,0,0,0,0,0,0,713,86,76,43,90,20,255,255,0,1,6,63,0
3415,传承的绅士之心,完成任务“曼德维尔之谜”。,0,26002,70336,0,0,0,0,0,0,0,0,0,656,35,0,0,10,255,255,0,1,6,1,0
3416,爱与勇气的传道士,完成任务“在恋人节勇敢告白”。,0,52793,70345,0,0,0,0,0,0,0,0,0,135,38,0,0,10,255,255,0,1,6,1,0
3417,花一般的公主,完成任务“女儿节盛开的笑容之花”。,0,4276,70347,0,0,0,0,0,0,0,0,0,136,38,0,0,10,255,255,0,1,6,1,0
3418,咔啪啪啪！,完成任务“金碟游乐场与河童之谜”。,0,56635,70350,0,0,0,0,0,0,0,0,0,137,38,0,0,10,255,255,0,1,6,1,0
3419,冲突的王者第8赛季,在水晶冲突的第8赛季中取得排名第1名的成绩。,0,210,1111,1,0,0,0,0,0,0,0,714,1001,8,43,30,20,255,255,0,1,1,1,0
3420,冲突的勇者第8赛季,在水晶冲突的第8赛季中取得排名前30名的成绩。,0,210,1112,1,0,0,0,0,0,0,0,715,1001,8,43,30,20,255,255,0,1,1,1,0
3421,冲突的获奖者第8赛季,在水晶冲突的第8赛季中取得排名前100名的成绩。,0,210,1113,1,0,0,0,0,0,0,0,716,1001,8,43,30,20,255,255,0,1,1,1,0
3422,冲突的王者第9赛季,在水晶冲突的第9赛季中取得排名第1名的成绩。,0,210,1114,1,0,0,0,0,0,0,0,717,1001,8,43,30,20,255,255,0,1,1,1,0
3423,冲突的勇者第9赛季,在水晶冲突的第9赛季中取得排名前30名的成绩。,0,210,1115,1,0,0,0,0,0,0,0,718,1001,8,43,30,20,255,255,0,1,1,1,0
3424,冲突的获奖者第9赛季,在水晶冲突的第9赛季中取得排名前100名的成绩。,0,210,1116,1,0,0,0,0,0,0,0,719,1001,8,43,30,20,255,255,0,1,1,1,0
3425,冲突的王者第10赛季,在水晶冲突的第10赛季中取得排名第1名的成绩。,0,210,1117,1,0,0,0,0,0,0,0,720,1001,8,43,30,20,255,255,0,1,1,1,0
3426,冲突的勇者第10赛季,在水晶冲突的第10赛季中取得排名前30名的成绩。,0,210,1118,1,0,0,0,0,0,0,0,721,1001,8,43,30,20,255,255,0,1,1,1,0
3427,冲突的获奖者第10赛季,在水晶冲突的第10赛季中取得排名前100名的成绩。,0,210,1119,1,0,0,0,0,0,0,0,722,1001,8,43,30,20,255,255,0,1,1,1,0
3428,异闻奇谭的英杰,达成“完全称霸异闻希拉狄哈水道”“完全称霸异闻六根山”“完全称霸异闻阿罗阿罗岛”三个成就。,0,3054,3156,3340,3350,0,0,0,0,0,0,723,1219,2,43,90,20,255,255,0,2,2,1,0
3429,利剑中的领悟10,将剑术师升到100级。,0,30408,1,100,0,0,0,0,0,0,0,0,10,13,0,0,5,255,255,0,1,3,1,0
3430,斗拳中的领悟10,将格斗家升到100级。,0,31004,2,100,0,0,0,0,0,0,0,0,30,13,0,0,5,255,255,0,1,3,1,0
3431,大斧中的领悟10,将斧术师升到100级。,0,31409,3,100,0,0,0,0,0,0,0,0,50,13,0,0,5,255,255,0,1,3,1,0
3432,尖枪中的领悟10,将枪术师升到100级。,0,31816,4,100,0,0,0,0,0,0,0,0,70,13,0,0,5,255,255,0,1,3,1,0
3433,箭矢中的领悟10,将弓箭手升到100级。,0,32204,5,100,0,0,0,0,0,0,0,0,90,13,0,0,5,255,255,0,1,3,1,0
3434,幻术中的领悟10,将幻术师升到100级。,0,32611,6,100,0,0,0,0,0,0,0,0,10,14,0,0,5,255,255,0,1,3,1,0
3435,咒术中的领悟10,将咒术师升到100级。,0,32806,7,100,0,0,0,0,0,0,0,0,30,14,0,0,5,255,255,0,1,3,1,0
3436,秘术中的领悟10,将秘术师升到100级。,0,33401,26,100,0,0,0,0,0,0,0,0,50,14,0,0,5,255,255,0,1,3,1,0
3437,双剑中的领悟10,将双剑师升到100级。,0,33801,29,100,0,0,0,0,0,0,0,0,110,13,0,0,5,255,255,0,1,3,1,0
3438,暗剑中的领悟8,将暗黑骑士升到100级。,0,34203,32,100,0,0,0,0,0,0,0,0,130,13,0,0,5,255,255,0,1,3,1,0
3439,机工中的领悟8,将机工士升到100级。,0,34607,31,100,0,0,0,0,0,0,0,0,150,13,0,0,5,255,255,0,1,3,1,0
3440,星图中的领悟8,将占星术士升到100级。,0,34808,33,100,0,0,0,0,0,0,0,0,70,14,0,0,5,255,255,0,1,3,1,0
3441,刺剑中的领悟6,将赤魔法师升到100级。,0,36747,35,100,0,0,0,0,0,0,0,0,90,14,0,0,5,255,255,0,1,3,1,0
3442,武道中的领悟6,将武士升到100级。,0,36427,34,100,0,0,0,0,0,0,0,0,170,13,0,0,5,255,255,0,1,3,1,0
3443,枪刃中的领悟4,将绝枪战士升到100级。,0,36005,37,100,0,0,0,0,0,0,0,0,190,13,0,0,5,255,255,0,1,3,1,0
3444,舞步中的领悟4,将舞者升到100级。,0,36205,38,100,0,0,0,0,0,0,0,0,210,13,0,0,5,255,255,0,1,3,1,0
3445,收割中的领悟3,将钐镰客升到100级。,0,37231,39,100,0,0,0,0,0,0,0,0,230,13,0,0,5,255,255,0,1,3,1,0
3446,贤学中的领悟3,将贤者升到100级。,0,37030,40,100,0,0,0,0,0,0,0,0,110,14,0,0,5,255,255,0,1,3,1,0
3447,对剑中的领悟1,将蝰蛇剑士升到90级。,0,37435,41,90,0,0,0,0,0,0,0,0,249,13,0,0,5,255,255,0,1,3,1,0
3448,对剑中的领悟2,将蝰蛇剑士升到100级。,0,37435,41,100,0,0,0,0,0,0,0,0,250,13,0,0,5,255,255,0,1,3,1,0
3449,画笔中的领悟1,将绘灵法师升到90级。,0,37640,42,90,0,0,0,0,0,0,0,0,129,14,0,0,5,255,255,0,1,3,1,0
3450,画笔中的领悟2,将绘灵法师升到100级。,0,37640,42,100,0,0,0,0,0,0,0,0,130,14,0,0,5,255,255,0,1,3,1,0
3451,木工中的领悟10,将刻木匠升到100级。,0,35001,8,100,0,0,0,0,0,0,9,0,10,15,0,0,5,255,255,0,1,3,1,0
3452,锻冶中的领悟10,将锻铁匠升到100级。,0,35106,9,100,0,0,0,0,0,0,29,0,30,15,0,0,5,255,255,0,1,3,1,0
3453,甲胄中的领悟10,将铸甲匠升到100级。,0,35203,10,100,0,0,0,0,0,0,49,0,50,15,0,0,5,255,255,0,1,3,1,0
3454,雕金中的领悟10,将雕金匠升到100级。,0,35301,11,100,0,0,0,0,0,0,69,0,70,15,0,0,5,255,255,0,1,3,1,0
3455,皮革中的领悟10,将制革匠升到100级。,0,35404,12,100,0,0,0,0,0,0,89,0,90,15,0,0,5,255,255,0,1,3,1,0
3456,裁缝中的领悟10,将裁衣匠升到100级。,0,35501,13,100,0,0,0,0,0,0,109,0,110,15,0,0,5,255,255,0,1,3,1,0
3457,炼金中的领悟10,将炼金术士升到100级。,0,35604,14,100,0,0,0,0,0,0,129,0,130,15,0,0,5,255,255,0,1,3,1,0
3458,烹调中的领悟10,将烹调师升到100级。,0,35704,15,100,0,0,0,0,0,0,149,0,150,15,0,0,5,255,255,0,1,3,1,0
3459,草木中的领悟10,将园艺工升到100级。,0,38103,17,100,0,0,0,0,0,0,29,0,30,16,0,0,5,255,255,0,1,3,1,0
3460,矿石中的领悟10,将采矿工升到100级。,0,38003,16,100,0,0,0,0,0,0,9,0,10,16,0,0,5,255,255,0,1,3,1,0
3461,垂钓中的领悟10,将捕鱼人升到100级。,0,38203,18,100,0,0,0,0,0,0,49,0,50,16,0,0,5,255,255,0,1,3,1,0
3462,通武之勇者,将剑术师、格斗家、斧术师、枪术师、弓箭手、双剑师、暗黑骑士、机工士、武士、绝枪战士、舞者、钐镰客和蝰蛇剑士都升到100级。,0,2547,58,13,0,0,0,0,0,0,0,725,16,12,41,100,20,255,255,0,1,26,1,0
3463,超魔之智者,将幻术师、咒术师、秘术师、占星术士、赤魔法师、贤者和绘灵法师都升到100级。,0,2661,59,7,0,0,0,0,0,0,0,726,17,12,42,100,20,255,255,0,1,26,1,0
3464,二十重之道的探究者,达成“通武之勇者”和“超魔之智者”两个成就。,43595,2517,3462,3463,0,0,0,0,0,0,0,0,18,12,43,100,30,255,187,1,2,2,1,0
3465,博慧之巧者,将刻木匠、锻铁匠、铸甲匠、雕金匠、制革匠、裁衣匠、炼金术士和烹调师都升到100级。,0,61269,60,8,0,0,0,0,0,0,0,727,31,12,44,100,20,255,255,0,1,26,1,0
3466,全识之贤者,将采矿工、园艺工和捕鱼人都升到100级。,0,1981,61,3,0,0,0,0,0,0,0,728,32,12,45,100,20,255,255,0,1,26,1,0
3467,木工精通者,完成1000次91-100级的木工作业。,0,35001,1099,1000,0,0,0,0,0,0,0,0,11,24,0,0,10,255,255,0,1,1,1,0
3468,锻冶精通者,完成1000次91-100级的锻冶作业。,0,35106,1100,1000,0,0,0,0,0,0,0,0,11,25,0,0,10,255,255,0,1,1,1,0
3469,铸甲精通者,完成1000次91-100级的铸甲作业。,0,35203,1101,1000,0,0,0,0,0,0,0,0,11,26,0,0,10,255,255,0,1,1,1,0
3470,雕金精通者,完成1000次91-100级的雕金作业。,0,35301,1102,1000,0,0,0,0,0,0,0,0,11,27,0,0,10,255,255,0,1,1,1,0
3471,制革精通者,完成1000次91-100级的制革作业。,0,35404,1103,1000,0,0,0,0,0,0,0,0,11,28,0,0,10,255,255,0,1,1,1,0
3472,裁缝精通者,完成1000次91-100级的裁缝作业。,0,35501,1104,1000,0,0,0,0,0,0,0,0,11,29,0,0,10,255,255,0,1,1,1,0
3473,炼金精通者,完成1000次91-100级的炼金作业。,0,35604,1105,1000,0,0,0,0,0,0,0,0,11,30,0,0,10,255,255,0,1,1,1,0
3474,烹调精通者,完成1000次91-100级的烹调作业。,0,35704,1106,1000,0,0,0,0,0,0,0,0,11,31,0,0,10,255,255,0,1,1,1,0
3475,金曦之采伐能手,在91-100级的良材采伐或割草5000次。,0,1056,1107,5000,0,0,0,0,0,0,0,0,24,33,0,0,10,255,255,0,1,1,1,0
3476,金曦之采掘能手,在91-100级的矿脉采掘或碎石5000次。,0,1015,1108,5000,0,0,0,0,0,0,0,0,24,32,0,0,10,255,255,0,1,1,1,0
3477,金曦之钓鱼能手,在91-100级的钓场捕鱼3000次。,0,1101,1109,3000,0,0,0,0,0,0,0,0,24,34,0,0,10,255,255,0,1,1,1,0
3478,收藏品制作者7,累计制作收藏品9000次。,0,62973,372,9000,0,0,0,0,0,0,0,0,7,22,0,0,10,255,255,0,1,1,1,0
3479,收藏品采集者7,累计采集收藏品12000次。,0,60031,373,12000,0,0,0,0,0,0,0,0,17,22,0,0,10,255,255,0,1,1,1,0
3480,木匠传奇8,累计完成135种木工理符任务。,0,35001,181,135,0,0,0,0,0,0,0,0,88,36,0,0,10,255,255,0,1,1,1,0
3481,铁匠传奇8,累计完成135种锻冶理符任务。,0,35106,182,135,0,0,0,0,0,0,0,0,108,36,0,0,10,255,255,0,1,1,1,0
3482,甲匠传奇8,累计完成135种铸甲理符任务。,0,35203,183,135,0,0,0,0,0,0,0,0,128,36,0,0,10,255,255,0,1,1,1,0
3483,金匠传奇8,累计完成135种雕金理符任务。,0,35301,184,135,0,0,0,0,0,0,0,0,148,36,0,0,10,255,255,0,1,1,1,0
3484,革匠传奇8,累计完成135种制革理符任务。,0,35404,185,135,0,0,0,0,0,0,0,0,168,36,0,0,10,255,255,0,1,1,1,0
3485,衣匠传奇8,累计完成135种裁缝理符任务。,0,35501,186,135,0,0,0,0,0,0,0,0,188,36,0,0,10,255,255,0,1,1,1,0
3486,炼金传奇8,累计完成135种炼金理符任务。,0,35604,187,135,0,0,0,0,0,0,0,0,208,36,0,0,10,255,255,0,1,1,1,0
3487,厨师传奇8,累计完成135种烹调理符任务。,0,35704,188,135,0,0,0,0,0,0,0,0,228,36,0,0,10,255,255,0,1,1,1,0
3488,草木传奇8,累计完成125种园艺理符任务。,0,38103,190,125,0,0,0,0,0,0,0,0,268,36,0,0,10,255,255,0,1,1,1,0
3489,矿石传奇8,累计完成125种采矿理符任务。,0,38003,189,125,0,0,0,0,0,0,0,0,248,36,0,0,10,255,255,0,1,1,1,0
3490,渔民传奇8,累计完成115种钓鱼理符任务。,0,38203,191,115,0,0,0,0,0,0,0,0,288,36,0,0,10,255,255,0,1,1,1,0
3491,为了图拉尔的人民,完成任务“为了图拉尔的人民”。,0,26002,70415,0,0,0,0,0,0,0,0,729,87,76,43,91,20,255,255,0,1,6,1,0
3492,乌克·拉玛特眼中的和平,完成任务“乌克·拉玛特眼中的和平”。,0,26002,70432,0,0,0,0,0,0,0,0,730,88,76,43,93,20,255,255,0,1,6,1,0
3493,前路皆光明,完成任务“前路皆光明”。,0,26002,70447,0,0,0,0,0,0,0,0,731,89,76,43,95,20,255,255,0,1,6,1,0
3494,调节灵魂之人,完成任务“调节灵魂之人”。,0,26002,70467,0,0,0,0,0,0,0,0,732,90,76,43,97,20,255,255,0,1,6,1,0
3495,奇迹之子,完成任务“奇迹之子”。,0,26002,70481,0,0,0,0,0,0,0,0,733,91,76,43,99,20,255,255,0,1,6,1,0
3496,金曦之遗辉,完成任务“金曦之遗辉”。,0,26002,70495,0,0,0,0,0,0,0,0,734,92,76,43,100,20,255,255,0,1,6,1,0
3497,行猎之蝰蛇剑士,完成任务“图拉尔威爪猎手”。,0,26068,70389,0,0,0,0,0,0,0,0,735,610,77,62,80,5,255,255,0,2,6,1,0
3498,创想之绘灵法师,完成任务“旅行画家的幻想旅程”。,0,26069,70395,0,0,0,0,0,0,0,0,736,611,77,63,80,5,255,255,0,2,6,1,0
3499,夺回独角鲸祭器,完成任务“不论酣睡还是无眠”。,0,61264,70359,0,0,0,0,0,0,0,0,0,812,77,0,0,5,255,255,0,2,6,1,0
3500,夺回蝎子祭器,完成任务“剧毒与康复的巅峰对决”。,0,61251,70365,0,0,0,0,0,0,0,0,0,813,77,0,0,5,255,255,0,2,6,1,0
3501,夺回凤蝶祭器,完成任务“无可指摘的猎人”。,0,61265,70371,0,0,0,0,0,0,0,0,0,814,77,0,0,5,255,255,0,2,6,1,0
3502,夺回犰狳祭器,完成任务“打倒！沙尔托菲特盗贼团！”。,0,61262,70377,0,0,0,0,0,0,0,0,0,815,77,0,0,5,255,255,0,2,6,1,0
3503,夺回猫头鹰祭器,完成任务“祭器创造的假象”。,0,61253,70383,0,0,0,0,0,0,0,0,0,816,77,0,0,5,255,255,0,2,6,1,0
3504,五金店铸就的情谊,完成任务“王室御用的五金店”。,0,1988,70510,0,0,0,0,0,0,0,0,737,912,77,57,100,5,255,255,0,2,6,1,0
3505,帕梅卡与记录下的故事,完成任务“太阳照耀之地”。,0,1987,70517,0,0,0,0,0,0,0,0,738,913,77,58,100,5,255,255,0,2,6,1,0
3506,魔法果汁的调配员,完成任务“布涅瓦族的蓝色梦想”。,0,1955,70524,0,0,0,0,0,0,0,0,739,914,77,59,100,5,255,255,0,2,6,1,0
3507,拥有治愈之力的奇珍异宝,完成任务“生生不息”。,0,1006,70531,0,0,0,0,0,0,0,0,740,915,77,60,100,5,255,255,0,2,6,1,0
3508,多努哈努的同好,完成任务“打造极致幻鱼术的怪鱼”。,0,1116,70538,0,0,0,0,0,0,0,0,741,916,77,61,100,5,255,255,0,2,6,1,0
3509,战友的凝聚,亲信战友阿尔菲诺、阿莉塞、桑克瑞德、于里昂热、雅·修特拉、古·拉哈·提亚、埃斯蒂尼安和可露儿全都升到100级。,0,3139,1120,1,0,0,0,0,0,0,0,742,1001,12,0,0,20,255,255,0,1,1,1,2
3510,继续前行的探索者,完成探索笔记中金曦之章的项目1-45。,0,1019,1121,45,0,0,0,0,0,0,0,0,69,39,0,0,10,255,255,0,1,1,1,0
3511,踏遍奥阔帕恰山,成功探索奥阔帕恰山的所有地区。,0,1001,857,0,0,0,0,0,0,0,0,0,0,79,0,0,10,255,255,0,1,8,1,0
3512,踏遍克扎玛乌卡湿地,成功探索克扎玛乌卡湿地的所有地区。,0,1001,858,0,0,0,0,0,0,0,0,0,0,79,0,0,10,255,255,0,1,8,1,0
3513,踏遍亚克特尔树海,成功探索亚克特尔树海的所有地区。,0,1001,859,0,0,0,0,0,0,0,0,0,0,79,0,0,10,255,255,0,1,8,1,0
3514,踏遍夏劳尼荒野,成功探索夏劳尼荒野的所有地区。,0,1001,860,0,0,0,0,0,0,0,0,0,0,80,0,0,10,255,255,0,1,8,1,0
3515,踏遍遗产之地,成功探索遗产之地的所有地区。,0,1001,861,0,0,0,0,0,0,0,0,0,0,80,0,0,10,255,255,0,1,8,1,3
3516,踏遍活着的记忆,成功探索活着的记忆的所有地区。,0,1001,862,0,0,0,0,0,0,0,0,0,0,74,0,0,10,255,255,0,1,8,1,3
3517,踏遍生息河岸,成功探索生息河岸（丛林竞流）的所有地区。,0,1001,897,0,0,0,0,0,0,0,0,0,101,49,0,0,10,255,255,0,1,8,1,0
3518,踏遍沃刻佐莫山,成功探索沃刻佐莫山（通天绝壁）的所有地区。,0,1001,902,0,0,0,0,0,0,0,0,0,102,49,0,0,10,255,255,0,1,8,1,0
3519,踏遍深空天坑,成功探索深空天坑（神圣禁地）的所有地区。,0,1001,915,0,0,0,0,0,0,0,0,0,103,49,0,0,10,255,255,0,1,8,1,0
3520,踏遍先锋营,成功探索先锋营（前哨基地）的所有地区。,0,1001,899,0,0,0,0,0,0,0,0,0,104,49,0,0,10,255,255,0,1,8,1,0
3521,踏遍创生设施,成功探索创生设施（魂魄工厂）的所有地区。,0,1001,905,0,0,0,0,0,0,0,0,0,105,49,0,0,10,255,255,0,1,8,1,0
3522,踏遍亚历山德里亚,成功探索亚历山德里亚（忆中金曦）的所有地区。,0,1001,910,0,0,0,0,0,0,0,0,0,106,49,0,0,10,255,255,0,1,8,1,1
3523,踏遍仙人刺谷,成功探索仙人刺谷（荒野秘境）的所有地区。,0,1001,900,0,0,0,0,0,0,0,0,0,107,49,0,0,10,255,255,0,1,8,1,1
3524,踏遍迷途鬼区,成功探索迷途鬼区（噩梦乐园）的所有地区。,0,1001,917,0,0,0,0,0,0,0,0,0,108,49,0,0,10,255,255,0,1,8,1,1
3525,勇武的弑君者,在佐拉加歼殛战中战胜佐拉加。,0,317,20097,0,0,0,0,0,0,0,0,0,42,3,0,0,10,255,255,0,1,14,1,3
3526,天灾的狩猎者,在艳翼蛇鸟歼殛战中战胜艳翼蛇鸟。,0,317,20094,0,0,0,0,0,0,0,0,0,41,3,0,0,10,255,255,0,1,14,1,2
3527,为人民服务的骑士6,"使用骑士挑战“副本迷宫（61级或更高）”“歼殛战（61级或更高）”“幻巧战”“随机任务：练级迷宫”“随机任务：拾级迷宫”共计900次。
※随机任务一天只可以计算一个防护职业，且只能计算一次。",0,2505,633,900,0,0,0,0,0,0,0,743,106,1,20,50,20,255,255,0,1,1,1,0
3528,为人民服务的战士6,"使用战士挑战“副本迷宫（61级或更高）”“歼殛战（61级或更高）”“幻巧战”“随机任务：练级迷宫”“随机任务：拾级迷宫”共计900次。
※随机任务一天只可以计算一个防护职业，且只能计算一次。",0,2551,634,900,0,0,0,0,0,0,0,744,126,1,22,50,20,255,255,0,1,1,1,0
3529,为人民服务的暗黑骑士6,"使用暗黑骑士挑战“副本迷宫（61级或更高）”“歼殛战（61级或更高）”“幻巧战”“随机任务：练级迷宫”“随机任务：拾级迷宫”共计900次。
※随机任务一天只可以计算一个防护职业，且只能计算一次。",0,3071,635,900,0,0,0,0,0,0,0,745,146,1,32,50,20,255,255,0,1,1,1,0
3530,为人民服务的绝枪战士6,"使用绝枪战士挑战“副本迷宫（61级或更高）”“歼殛战（61级或更高）”“幻巧战”“随机任务：练级迷宫”“随机任务：拾级迷宫”共计900次。
※随机任务一天只可以计算一个防护职业，且只能计算一次。",0,3406,784,900,0,0,0,0,0,0,0,746,166,1,37,50,20,255,255,0,1,1,1,0
3531,金曦A级精英杀手1,成功讨伐在金曦之遗辉出现的100只A级恶名精英。,0,2680,1122,100,0,0,0,0,0,0,0,0,133,5,0,0,10,255,255,0,1,1,1,0
3532,金曦A级精英杀手2,成功讨伐在金曦之遗辉出现的500只A级恶名精英。,0,2680,1122,500,0,0,0,0,0,0,0,0,134,5,0,0,10,255,255,0,1,1,1,0
3533,金曦A级精英杀手3,成功讨伐在金曦之遗辉出现的2000只A级恶名精英。,0,2680,1122,2000,0,0,0,0,0,0,0,747,135,5,43,91,10,255,255,0,1,1,1,0
3534,金曦S级精英杀手1,成功讨伐在金曦之遗辉出现的30只S级或更高级恶名精英。,0,2731,1123,30,0,0,0,0,0,0,0,0,156,5,0,0,10,255,255,0,1,1,1,0
3535,金曦S级精英杀手2,成功讨伐在金曦之遗辉出现的300只S级或更高级恶名精英。,0,2731,1123,300,0,0,0,0,0,0,0,0,157,5,0,0,10,255,255,0,1,1,1,0
3536,金曦S级精英杀手3,成功讨伐在金曦之遗辉出现的1000只S级或更高级恶名精英。,0,2731,1123,1000,0,0,0,0,0,0,0,748,158,5,43,91,10,255,255,0,1,1,1,0
3537,黄金怪物猎人,达成“金曦A级精英杀手3”和“金曦S级精英杀手3”两个成就。,43599,2685,3533,3536,0,0,0,0,0,0,0,0,159,5,43,91,10,255,188,1,2,2,1,0
3538,聚魔之光·双牙,获得角尊双牙。,0,37430,1124,1,0,0,0,0,0,0,0,0,2000,65,0,0,10,255,255,0,1,1,1,0
3539,聚魔之光·扇形笔,获得角尊扇形笔。,0,37639,1125,1,0,0,0,0,0,0,0,0,2100,65,0,0,10,255,255,0,1,1,1,0
3540,展翅迎风：奥阔帕恰山,在奥阔帕恰山开放飞行坐骑。,0,21901,26,0,0,0,0,0,0,0,0,0,129,12,0,0,5,255,255,0,1,20,1,0
3541,展翅迎风：克扎玛乌卡湿地,在克扎玛乌卡湿地开放飞行坐骑。,0,21901,27,0,0,0,0,0,0,0,0,0,130,12,0,0,5,255,255,0,1,20,1,0
3542,展翅迎风：亚克特尔树海,在亚克特尔树海开放飞行坐骑。,0,21901,28,0,0,0,0,0,0,0,0,0,131,12,0,0,5,255,255,0,1,20,1,0
3543,展翅迎风：夏劳尼荒野,在夏劳尼荒野开放飞行坐骑。,0,21901,29,0,0,0,0,0,0,0,0,0,132,12,0,0,5,255,255,0,1,20,1,0
3544,展翅迎风：遗产之地,在遗产之地开放飞行坐骑。,0,21901,30,0,0,0,0,0,0,0,0,0,133,12,0,0,5,255,255,0,1,20,1,3
3545,展翅迎风：活着的记忆,在活着的记忆开放飞行坐骑。,0,21901,31,0,0,0,0,0,0,0,0,0,134,12,0,0,5,255,255,0,1,20,1,3
3546,展翅迎风，迎向金曦,在奥阔帕恰山、克扎玛乌卡湿地、亚克特尔树海、夏劳尼荒野、遗产之地和活着的记忆均开放飞行坐骑。,0,21901,3540,3541,3542,3543,3544,3545,0,0,0,0,135,12,0,0,10,255,255,0,1,2,1,2
3547,寻宝猎人15,累计20次成功解读陈旧的银狼革地图并开启宝箱。,0,115,1126,20,0,0,0,0,0,0,0,0,16,6,0,0,20,255,255,0,1,1,1,0
3548,寻宝猎人16,累计20次成功解读陈旧的狞豹革地图并开启宝箱。,0,115,1127,20,0,0,0,0,0,0,0,0,17,6,0,0,20,255,255,0,1,1,1,0
3549,深入天坑1,初次入侵加加财富天坑。,0,116,1128,1,0,0,0,0,0,0,0,749,96,6,43,100,5,255,255,0,1,1,1,0
3550,深入天坑2,累计入侵加加财富天坑5次。,0,116,1128,5,0,0,0,0,0,0,0,0,97,6,0,0,10,255,255,0,1,1,1,0
3551,深入天坑3,累计入侵加加财富天坑10次。,0,116,1128,10,0,0,0,0,0,0,0,0,98,6,0,0,10,255,255,0,1,1,1,0
3552,深入天坑4,累计入侵加加财富天坑20次。,0,116,1128,20,0,0,0,0,0,0,0,750,99,6,43,100,20,255,255,0,1,1,1,0
3553,称霸财富天坑1,初次称霸加加财富天坑。,0,116,1129,1,0,0,0,0,0,0,0,0,100,6,0,0,5,255,255,0,1,1,1,0
3554,称霸财富天坑2,累计称霸加加财富天坑5次。,0,116,1129,5,0,0,0,0,0,0,0,0,101,6,0,0,10,255,255,0,1,1,1,0
3555,称霸财富天坑3,累计称霸加加财富天坑10次。,0,116,1129,10,0,0,0,0,0,0,0,0,102,6,0,0,10,255,255,0,1,1,1,0
3556,称霸财富天坑4,累计称霸加加财富天坑20次。,0,116,1129,20,0,0,0,0,0,0,0,751,103,6,43,100,20,255,255,0,1,1,1,0
3557,九宫卡手13,获得423种九宫幻卡。,43876,27661,352,423,0,0,0,0,0,0,0,0,48,18,47,15,10,255,189,4,1,1,1,0
3558,街头决斗者9,与123位非玩家角色进行九宫幻卡对局并取得胜利。,43875,3564,353,123,0,0,0,0,0,0,0,0,56,18,47,15,10,255,190,4,1,1,1,0
3559,广域交易商的伙伴：奥阔帕恰山,在奥阔帕恰山的危命任务完成度达到4级。,0,2645,1130,66,0,0,0,0,0,0,0,0,40,1,0,0,10,255,255,0,0,1,1,0
3560,广域交易商的伙伴：克扎玛乌卡湿地,在克扎玛乌卡湿地的危命任务完成度达到4级。,0,2645,1131,66,0,0,0,0,0,0,0,0,40,1,0,0,10,255,255,0,0,1,1,0
3561,广域交易商的伙伴：亚克特尔树海,在亚克特尔树海的危命任务完成度达到4级。,0,2645,1132,66,0,0,0,0,0,0,0,0,40,1,0,0,10,255,255,0,0,1,1,0
3562,广域交易商的伙伴：夏劳尼荒野,在夏劳尼荒野的危命任务完成度达到4级。,0,2645,1133,66,0,0,0,0,0,0,0,0,40,1,0,0,10,255,255,0,0,1,1,0
3563,广域交易商的伙伴：遗产之地,在遗产之地的危命任务完成度达到4级。,0,2645,1134,66,0,0,0,0,0,0,0,0,40,1,0,0,10,255,255,0,0,1,1,3
3564,广域交易商的伙伴：活着的记忆,在活着的记忆的危命任务完成度达到4级。,0,2645,1135,66,0,0,0,0,0,0,0,0,40,1,0,0,10,255,255,0,0,1,1,3
3565,广域交易商的可靠担保人,完成“广域交易商的伙伴：奥阔帕恰山”、“广域交易商的伙伴：克扎玛乌卡湿地”、“广域交易商的伙伴：亚克特尔树海”、“广域交易商的伙伴：夏劳尼荒野”、“广域交易商的伙伴：遗产之地”和“广域交易商的伙伴：活着的记忆”6个成就。,0,2645,3559,3560,3561,3562,3563,3564,0,0,0,752,40,1,0,0,20,255,255,0,1,2,1,2
3566,蛇王驾崩,以最高评价完成危命任务“蛇王得酷热涅：荒野的死斗”。,0,2629,1136,1,0,0,0,0,0,0,0,0,39,1,0,0,10,255,255,0,1,1,1,0
3567,魔法在眼前绽放,以最高评价完成危命任务“亩鼠米卡：盛装巡游皆大欢喜”。,0,2629,1137,1,0,0,0,0,0,0,0,0,39,1,0,0,10,255,255,0,1,1,1,0
3568,驱散炎热的大团扇,完成任务“红莲节与驱魔大团扇”。,0,246427,70719,0,0,0,0,0,0,0,0,0,138,38,0,0,10,255,255,0,1,6,1,0
3569,扬帆起航的十一周年,完成任务“新生庆典与迈向明日的烟花”。,0,26107,70552,0,0,0,0,0,0,0,0,0,139,38,0,0,10,255,255,0,1,6,1,0
3570,充满谢意的守护天节,完成任务“守护天节与被感谢的魔物”。,0,56726,70721,0,0,0,0,0,0,0,0,0,140,38,0,0,10,255,255,0,1,6,1,0
3571,赞美白色土龙大人,完成任务“巳蛇百问降神节”。,0,59892,70722,0,0,0,0,0,0,0,0,0,142,38,0,0,10,255,255,0,1,6,1,0
3572,称霸登天斗技场轻量级1,成功挑战阿卡狄亚登天斗技场轻量级，完成任务“新时代魔女”。,0,2981,70501,0,0,0,0,0,0,0,0,0,0,4,0,0,5,255,255,0,1,6,1,0
3573,称霸登天斗技场轻量级2,累计成功挑战阿卡狄亚登天斗技场轻量级5次。,0,2981,1138,5,0,0,0,0,0,0,0,0,0,4,0,0,10,255,255,0,1,1,1,0
3574,称霸登天斗技场轻量级3,累计成功挑战阿卡狄亚登天斗技场轻量级10次。,0,2981,1138,10,0,0,0,0,0,0,0,0,0,4,0,0,20,255,255,0,1,1,1,0
3575,完全称霸登天斗技场轻量级1,成功挑战阿卡狄亚零式登天斗技场轻量级。,0,2981,1139,1,0,0,0,0,0,0,0,0,0,4,0,0,5,255,255,0,1,1,1,0
3576,完全称霸登天斗技场轻量级2,累计成功挑战阿卡狄亚零式登天斗技场轻量级5次。,0,2981,1139,5,0,0,0,0,0,0,0,0,0,4,0,0,10,255,255,0,1,1,1,0
3577,完全称霸登天斗技场轻量级3,累计成功挑战阿卡狄亚零式登天斗技场轻量级10次。,0,2981,1139,10,0,0,0,0,0,0,0,0,0,4,0,0,20,255,255,0,1,1,1,0
3578,冲突的王者第11赛季,在水晶冲突的第11赛季中取得排名第1名的成绩。,0,210,1140,1,0,0,0,0,0,0,0,753,1001,8,43,30,20,255,255,0,1,1,1,0
3579,冲突的勇者第11赛季,在水晶冲突的第11赛季中取得排名前30名的成绩。,0,210,1141,1,0,0,0,0,0,0,0,754,1001,8,43,30,20,255,255,0,1,1,1,0
3580,冲突的获奖者第11赛季,在水晶冲突的第11赛季中取得排名前100名的成绩。,0,210,1142,1,0,0,0,0,0,0,0,755,1001,8,43,30,20,255,255,0,1,1,1,0
3581,旋律的沉醉者7,在管弦乐琴乐谱集中加入累计500首乐曲。,0,25945,464,500,0,0,0,0,0,0,0,0,32,19,47,1,10,255,255,0,1,1,1,0
3582,冲突的王者第12赛季,在水晶冲突的第12赛季中取得排名第1名的成绩。,0,210,1146,1,0,0,0,0,0,0,0,756,1001,8,43,30,20,255,255,0,1,1,1,0
3583,冲突的勇者第12赛季,在水晶冲突的第12赛季中取得排名前30名的成绩。,0,210,1147,1,0,0,0,0,0,0,0,757,1001,8,43,30,20,255,255,0,1,1,1,0
3584,冲突的获奖者第12赛季,在水晶冲突的第12赛季中取得排名前100名的成绩。,0,210,1148,1,0,0,0,0,0,0,0,758,1001,8,43,30,20,255,255,0,1,1,1,0
3585,冲突的王者第13赛季,在水晶冲突的第13赛季中取得排名第1名的成绩。,0,210,1149,1,0,0,0,0,0,0,0,759,1001,8,43,30,20,255,255,0,1,1,1,0
3586,冲突的勇者第13赛季,在水晶冲突的第13赛季中取得排名前30名的成绩。,0,210,1150,1,0,0,0,0,0,0,0,760,1001,8,43,30,20,255,255,0,1,1,1,0
3587,冲突的获奖者第13赛季,在水晶冲突的第13赛季中取得排名前100名的成绩。,0,210,1151,1,0,0,0,0,0,0,0,761,1001,8,43,30,20,255,255,0,1,1,1,0
3588,图拉尔旅行公司1,与佩鲁佩鲁族的“图拉尔旅行公司”之间的关系程度到达3级“友好”。,0,62978,18,3,0,0,0,0,0,0,0,0,0,37,0,0,5,255,255,0,1,15,1,0
3589,图拉尔旅行公司2,与佩鲁佩鲁族的“图拉尔旅行公司”之间的关系程度到达4级“信赖”。,0,62978,18,4,0,0,0,0,0,0,0,0,0,37,0,0,5,255,255,0,1,15,1,0
3590,图拉尔旅行公司3,与佩鲁佩鲁族的“图拉尔旅行公司”之间的关系程度到达6级“名誉”。,0,62978,18,6,0,0,0,0,0,0,0,0,0,37,0,0,10,255,255,0,1,15,1,0
3591,图拉尔旅行公司特别顾问,与佩鲁佩鲁族的“图拉尔旅行公司”之间的关系程度到达7级“誓约”。,0,62978,18,7,0,0,0,0,0,0,0,762,0,37,43,90,20,255,255,0,1,15,1,0
3592,尼托维凯的信任1,尼托维凯的信赖等级达到1级。,0,25507,1143,1,0,0,0,0,0,0,0,0,231,12,0,0,5,255,255,0,1,1,1,0
3593,尼托维凯的信任2,尼托维凯的信赖等级达到2级。,0,25507,1143,2,0,0,0,0,0,0,0,0,232,12,0,0,5,255,255,0,1,1,1,0
3594,尼托维凯的信任3,尼托维凯的信赖等级达到3级。,0,25507,1143,3,0,0,0,0,0,0,0,0,233,12,0,0,5,255,255,0,1,1,1,0
3595,尼托维凯的信任4,尼托维凯的信赖等级达到4级。,0,25507,1143,4,0,0,0,0,0,0,0,0,234,12,0,0,5,255,255,0,1,1,1,0
3596,尼托维凯的信任5,尼托维凯的信赖等级达到5级。,0,25507,1143,5,0,0,0,0,0,0,0,763,235,12,46,90,10,255,255,0,1,1,1,0
3597,尼托维凯的老主顾1,在尼托维凯处累计交纳收藏品36次。,0,26551,1144,36,0,0,0,0,0,0,0,0,91,22,0,0,5,255,255,0,1,1,1,0
3598,尼托维凯的老主顾2,在尼托维凯处累计交纳收藏品48次。,0,26551,1144,48,0,0,0,0,0,0,0,0,92,22,0,0,5,255,255,0,1,1,1,0
3599,尼托维凯的老主顾3,在尼托维凯处累计交纳收藏品60次。,0,26551,1144,60,0,0,0,0,0,0,0,0,93,22,0,0,5,255,255,0,1,1,1,0
3600,尼托维凯的老主顾4,在尼托维凯处累计交纳收藏品90次。,0,26551,1144,90,0,0,0,0,0,0,0,0,94,22,0,0,5,255,255,0,1,1,1,0
3601,尼托维凯的老主顾5,在尼托维凯处累计交纳收藏品120次。,0,26551,1144,120,0,0,0,0,0,0,0,0,95,22,0,0,5,255,255,0,1,1,1,0
3602,尼托维凯的老主顾6,在尼托维凯处累计交纳收藏品150次。,0,26551,1144,150,0,0,0,0,0,0,0,764,96,22,46,90,10,255,255,0,1,1,1,0
3603,踏遍玉韦亚瓦塔实验站,成功探索玉韦亚瓦塔实验站（废弃据点）的所有地区。,0,1001,943,0,0,0,0,0,0,0,0,0,109,49,0,0,10,255,255,0,1,8,1,0
3604,踏遍朱诺：第一巡行,成功探索朱诺：第一巡行的所有地区。,0,1001,946,0,0,0,0,0,0,0,0,0,1510,49,0,0,10,255,255,0,1,8,1,0
3605,永恒的弑君者,在永恒女王忆想歼灭战中战胜永恒女王。,0,317,20099,0,0,0,0,0,0,0,0,0,42,3,0,0,10,255,255,0,1,14,1,0
3606,称霸朱诺：第一巡行,成功挑战朱诺：第一巡行。,0,64875,30144,0,0,0,0,0,0,0,0,0,0,4,0,0,5,255,255,0,1,14,1,0
3607,与未知邂逅,完成任务“与未知邂逅”。,0,26002,70786,0,0,0,0,0,0,0,0,765,93,76,43,100,20,255,255,0,1,6,1,0
3608,关上自由之门,完成任务“决战！佐戈永结桥”。,0,2698,70727,0,0,0,0,0,0,0,0,766,817,77,43,100,10,255,255,0,1,6,1,0
3609,把你的心我的心串一串,完成任务“珠串万货街感恩大酬宾”。,0,1901,70503,0,0,0,0,0,0,0,0,767,917,77,46,100,10,255,255,0,2,6,1,0
3610,金曦太公1,在金曦区域钓上8种钓场之王。,0,1102,1145,8,0,0,0,0,0,0,0,0,110,34,0,0,10,255,255,0,1,1,1,0
3611,温暖人心的市场,完成任务“星光闪耀的小圣人”。,0,58804,70764,0,0,0,0,0,0,0,0,0,141,38,0,0,10,255,255,0,1,6,1,0
3612,为你钟情,完成任务“恋人节与爱之蔷薇”。,0,246432,70787,0,0,0,0,0,0,0,0,0,143,38,0,0,10,255,255,0,1,6,1,0
3613,愿为你的笑容效劳,完成任务“女儿节与管家王子的招待”。,0,57182,70774,0,0,0,0,0,0,0,0,0,144,38,0,0,10,255,255,0,1,6,1,0
3614,点缀雨天的彩蛋之伞,完成任务“彩蛋狩猎与聚在一起的伞”。,0,58042,70779,0,0,0,0,0,0,0,0,0,145,38,0,0,10,255,255,0,1,6,1,0
3615,活力满满的骏马巡游,完成任务“骏马巡游降神节”。,0,59929,70766,0,0,0,0,0,0,0,0,0,151,38,0,0,10,255,255,0,1,6,1,0
3616,祓暗的诛云者,在暗黑之云诛灭战中战胜暗黑之云。,0,64893,20098,0,0,0,0,0,0,0,0,0,0,4,0,0,5,255,255,0,1,14,1,0
3617,征服绝境·另一个未来,在光暗未来绝境战中收束光之巫女与暗之巫女的命运。,0,317,30143,0,0,0,0,0,0,0,0,768,0,4,43,100,10,255,255,0,1,14,1,0
3618,冲突的王者第14赛季,在水晶冲突的第14赛季中取得排名第1名的成绩。,0,210,1152,1,0,0,0,0,0,0,0,769,1001,8,43,30,20,255,255,0,1,1,1,0
3619,冲突的勇者第14赛季,在水晶冲突的第14赛季中取得排名前30名的成绩。,0,210,1153,1,0,0,0,0,0,0,0,770,1001,8,43,30,20,255,255,0,1,1,1,0
3620,冲突的获奖者第14赛季,在水晶冲突的第14赛季中取得排名前100名的成绩。,0,210,1154,1,0,0,0,0,0,0,0,771,1001,8,43,30,20,255,255,0,1,1,1,0
3621,恒彩农园1,与辉鳞族的“恒彩农园”之间的关系程度到达3级“友好”。,0,62979,19,3,0,0,0,0,0,0,0,0,0,37,0,0,5,255,255,0,1,15,1,0
3622,恒彩农园2,与辉鳞族的“恒彩农园”之间的关系程度到达4级“信赖”。,0,62979,19,4,0,0,0,0,0,0,0,0,0,37,0,0,5,255,255,0,1,15,1,0
3623,恒彩农园3,与辉鳞族的“恒彩农园”之间的关系程度到达6级“名誉”。,0,62979,19,6,0,0,0,0,0,0,0,0,0,37,0,0,10,255,255,0,1,15,1,0
3624,树海的农业学者,与辉鳞族的“恒彩农园”之间的关系程度到达7级“誓约”。,0,62979,19,7,0,0,0,0,0,0,0,772,0,37,45,90,20,255,255,0,1,15,1,0
3625,踏遍永护塔底,成功探索永护塔底（王城古迹）的所有地区。,0,1001,995,0,0,0,0,0,0,0,0,0,110,49,0,0,10,255,255,0,1,8,1,0
3626,永恒的弑臣者,在泽莲尼娅歼殛战中战胜泽莲尼娅。,0,317,20101,0,0,0,0,0,0,0,0,0,43,3,0,0,10,255,255,0,1,14,1,0
3627,称霸登天斗技场中量级1,成功挑战阿卡狄亚登天斗技场中量级。,0,2981,1155,1,0,0,0,0,0,0,0,0,0,4,0,0,5,255,255,0,1,1,1,0
3628,称霸登天斗技场中量级2,累计成功挑战阿卡狄亚登天斗技场中量级5次。,0,2981,1155,5,0,0,0,0,0,0,0,0,0,4,0,0,10,255,255,0,1,1,1,0
3629,称霸登天斗技场中量级3,累计成功挑战阿卡狄亚登天斗技场中量级10次。,0,2981,1155,10,0,0,0,0,0,0,0,0,0,4,0,0,20,255,255,0,1,1,1,0
3630,完全称霸登天斗技场中量级1,成功挑战阿卡狄亚零式登天斗技场中量级。,0,2981,1156,1,0,0,0,0,0,0,0,0,0,4,0,0,5,255,255,0,1,1,1,0
3631,完全称霸登天斗技场中量级2,累计成功挑战阿卡狄亚零式登天斗技场中量级5次。,0,2981,1156,5,0,0,0,0,0,0,0,0,0,4,0,0,10,255,255,0,1,1,1,0
3632,完全称霸登天斗技场中量级3,累计成功挑战阿卡狄亚零式登天斗技场中量级10次。,0,2981,1156,10,0,0,0,0,0,0,0,0,0,4,0,0,20,255,255,0,1,1,1,0
3633,永久探求者,完成任务“永久探求者”。,0,26002,70842,0,0,0,0,0,0,0,0,773,94,76,43,100,20,255,255,0,1,6,1,0
3634,追忆梦幻岛,完成任务“迷影重重新月岛”。,0,26002,70854,0,0,0,0,0,0,0,0,0,710,35,0,0,10,255,255,0,1,6,1,0
3635,幻卡王的重要真相,完成任务“金碟游乐场与幻卡王的传闻”。,0,246437,70858,0,0,0,0,0,0,0,0,0,146,38,0,0,10,255,255,0,1,6,1,0
3636,女王的守护者,完成任务“红莲节与大海的守护者”。,0,57245,70857,0,0,0,0,0,0,0,0,0,147,38,0,0,10,255,255,0,1,6,1,0
3637,多彩绚烂的周年庆,完成任务“新生庆典与苍茫灯火”。,0,26107,70834,0,0,0,0,0,0,0,0,0,148,38,0,0,10,255,255,0,1,6,1,0
3638,幻境之骑士·半影,获得幻境利剑·半影与幻境鸢盾·半影。,0,30694,70856,19,0,0,0,0,0,0,0,0,100,81,0,0,10,255,255,0,1,24,1,3
3639,幻境之战士·半影,获得幻境巨斧·半影。,0,31268,70856,21,0,0,0,0,0,0,0,0,300,81,0,0,10,255,255,0,1,24,1,3
3640,幻境之暗黑骑士·半影,获得幻境断头剑·半影。,0,34023,70856,32,0,0,0,0,0,0,0,0,1100,81,0,0,10,255,255,0,1,24,1,3
3641,幻境之绝枪战士·半影,获得幻境刺刀·半影。,0,36114,70856,37,0,0,0,0,0,0,0,0,1600,81,0,0,10,255,255,0,1,24,1,3
3642,幻境之龙骑士·半影,获得幻境长枪·半影。,0,31670,70856,22,0,0,0,0,0,0,0,0,400,81,0,0,10,255,255,0,1,24,1,3
3643,幻境之武僧·半影,获得幻境指虎·半影。,0,30858,70856,20,0,0,0,0,0,0,0,0,200,81,0,0,10,255,255,0,1,24,1,3
3644,幻境之忍者·半影,获得幻境屠刀·半影。,0,33644,70856,30,0,0,0,0,0,0,0,0,600,81,0,0,10,255,255,0,1,24,1,3
3645,幻境之蝰蛇剑士·半影,获得幻境双牙·半影。,0,37447,70856,41,0,0,0,0,0,0,0,0,2000,81,0,0,10,255,255,0,1,24,1,3
3646,幻境之武士·半影,获得幻境武士刀·半影。,0,36572,70856,34,0,0,0,0,0,0,0,0,1400,81,0,0,10,255,255,0,1,24,1,3
3647,幻境之钐镰客·半影,获得幻境战镰·半影。,0,37284,70856,39,0,0,0,0,0,0,0,0,1800,81,0,0,10,255,255,0,1,24,1,3
3648,幻境之吟游诗人·半影,获得幻境琴弓·半影。,0,32058,70856,23,0,0,0,0,0,0,0,0,500,81,0,0,10,255,255,0,1,24,1,3
3649,幻境之机工士·半影,获得幻境明火枪·半影。,0,34517,70856,31,0,0,0,0,0,0,0,0,1200,81,0,0,10,255,255,0,1,24,1,3
3650,幻境之舞者·半影,获得幻境欢刺·半影。,0,36313,70856,38,0,0,0,0,0,0,0,0,1700,81,0,0,10,255,255,0,1,24,1,3
3651,幻境之黑魔法师·半影,获得幻境长杖·半影。,0,32904,70856,25,0,0,0,0,0,0,0,0,800,81,0,0,10,255,255,0,1,24,1,3
3652,幻境之召唤师·半影,获得幻境魔导书·半影。,0,37838,70856,27,0,0,0,0,0,0,0,0,900,81,0,0,10,255,255,0,1,24,1,3
3653,幻境之赤魔法师·半影,获得幻境刺剑·半影。,0,36871,70856,35,0,0,0,0,0,0,0,0,1500,81,0,0,10,255,255,0,1,24,1,3
3654,幻境之绘灵法师·半影,获得幻境平笔·半影。,0,37657,70856,42,0,0,0,0,0,0,0,0,2100,81,0,0,10,255,255,0,1,24,1,3
3655,幻境之白魔法师·半影,获得幻境手杖·半影。,0,32489,70856,24,0,0,0,0,0,0,0,0,700,81,0,0,10,255,255,0,1,24,1,3
3656,幻境之学者·半影,获得幻境魔导典·半影。,0,37839,70856,28,0,0,0,0,0,0,0,0,1000,81,0,0,10,255,255,0,1,24,1,3
3657,幻境之占星术士·半影,获得幻境天球仪·半影。,0,34716,70856,33,0,0,0,0,0,0,0,0,1300,81,0,0,10,255,255,0,1,24,1,3
3658,幻境之贤者·半影,获得幻境振空摆·半影。,0,37080,70856,40,0,0,0,0,0,0,0,0,1900,81,0,0,10,255,255,0,1,24,1,3
3659,新月岛的记录员,完成蜃景幻界新月岛南征之章调查笔记中的所有项目。,0,26184,62,30,0,0,0,0,0,0,0,0,2421,49,0,0,10,255,255,0,0,25,1,0
3660,君临孤岛1,在蜃景幻界新月岛中完成10次紧急遭遇战。,0,64836,1157,10,0,0,0,0,0,0,0,0,1611,71,0,0,10,255,255,0,1,1,1,0
3661,君临孤岛2,在蜃景幻界新月岛中完成50次紧急遭遇战。,0,64836,1157,50,0,0,0,0,0,0,0,0,1612,71,0,0,10,255,255,0,1,1,1,0
3662,君临孤岛3,在蜃景幻界新月岛中完成100次紧急遭遇战。,0,64836,1157,100,0,0,0,0,0,0,0,0,1613,71,0,0,10,255,255,0,1,1,1,0
3663,君临孤岛4,在蜃景幻界新月岛中完成500次紧急遭遇战。,0,64836,1157,500,0,0,0,0,0,0,0,774,1614,71,43,100,20,255,255,0,1,1,1,0
3664,智者高见1,在蜃景幻界新月岛中完成10次危命任务。,0,3126,1158,10,0,0,0,0,0,0,0,0,1601,71,0,0,5,255,255,0,1,1,1,0
3665,智者高见2,在蜃景幻界新月岛中完成50次危命任务。,0,3126,1158,50,0,0,0,0,0,0,0,0,1602,71,0,0,5,255,255,0,1,1,1,0
3666,智者高见3,在蜃景幻界新月岛中完成100次危命任务。,0,3126,1158,100,0,0,0,0,0,0,0,0,1603,71,0,0,5,255,255,0,1,1,1,0
3667,智者高见4,在蜃景幻界新月岛中完成500次危命任务。,0,3126,1158,500,0,0,0,0,0,0,0,775,1604,71,43,100,10,255,255,0,1,1,1,0
3668,力压两歧1,首次成功挑战两歧塔 力之塔。,47978,64563,1159,1,0,0,0,0,0,0,0,0,1631,71,43,100,10,255,191,1,1,1,1,0
3669,力压两歧2,累计成功挑战两歧塔 力之塔10次。,0,64563,1159,10,0,0,0,0,0,0,0,0,1632,71,0,0,10,255,255,0,1,1,1,0
3670,力压两歧3,累计成功挑战两歧塔 力之塔50次。,0,64563,1159,50,0,0,0,0,0,0,0,0,1633,71,0,0,10,255,255,0,1,1,1,0
3671,力压两歧4,累计成功挑战两歧塔 力之塔100次。,0,64563,1159,100,0,0,0,0,0,0,0,776,1634,71,43,100,20,255,255,0,1,1,1,0
3672,三角区的船医1,在蜃景幻界新月岛相关任务中，救助10位除自身外处于无法战斗状态的玩家。,0,64556,1160,10,0,0,0,0,0,0,0,0,1651,71,0,0,5,255,255,0,1,1,1,0
3673,三角区的船医2,在蜃景幻界新月岛相关任务中，救助100位除自身外处于无法战斗状态的玩家。,0,64556,1160,100,0,0,0,0,0,0,0,0,1652,71,0,0,5,255,255,0,1,1,1,0
3674,三角区的船医3,在蜃景幻界新月岛相关任务中，救助500位除自身外处于无法战斗状态的玩家。,0,64556,1160,500,0,0,0,0,0,0,0,777,1653,71,43,100,10,255,255,0,1,1,1,0
3675,辅助职业大师1,将1种辅助职业提升到满级。,0,64571,1161,1,0,0,0,0,0,0,0,0,1641,71,0,0,5,255,255,0,1,1,1,0
3676,辅助职业大师2,将5种辅助职业提升到满级。,0,64571,1162,1,0,0,0,0,0,0,0,0,1642,71,0,0,5,255,255,0,1,1,1,0
3677,辅助职业大师3,将10种辅助职业提升到满级。,0,64571,1163,1,0,0,0,0,0,0,0,796,1643,71,43,100,5,255,255,0,1,1,1,0
3678,远海寻宝王1,累计在蜃景幻界新月岛找到并开启场景内的宝箱10次。,0,115,1164,10,0,0,0,0,0,0,0,0,1661,71,0,0,5,255,255,0,1,1,1,0
3679,远海寻宝王2,累计在蜃景幻界新月岛找到并开启场景内的宝箱100次。,0,115,1164,100,0,0,0,0,0,0,0,0,1662,71,0,0,5,255,255,0,1,1,1,0
3680,远海寻宝王3,累计在蜃景幻界新月岛找到并开启场景内的宝箱1000次。,0,115,1164,1000,0,0,0,0,0,0,0,0,1663,71,0,0,5,255,255,0,1,1,1,0
3681,远海寻宝王4,累计在蜃景幻界新月岛找到并开启场景内的宝箱5000次。,0,115,1164,5000,0,0,0,0,0,0,0,778,1664,71,43,100,5,255,255,0,1,1,1,0
3682,魔法罐的指引1,累计在蜃景幻界新月岛找到并开启撒娇罐宝箱10次。,0,115,1165,10,0,0,0,0,0,0,0,0,1671,71,0,0,5,255,255,0,1,1,1,0
3683,魔法罐的指引2,累计在蜃景幻界新月岛找到并开启撒娇罐宝箱50次。,0,115,1165,50,0,0,0,0,0,0,0,0,1672,71,0,0,5,255,255,0,1,1,1,0
3684,魔法罐的指引3,累计在蜃景幻界新月岛找到并开启撒娇罐宝箱200次。,0,115,1165,200,0,0,0,0,0,0,0,0,1673,71,0,0,5,255,255,0,1,1,1,0
3685,魔法罐的指引4,累计在蜃景幻界新月岛找到并开启撒娇罐宝箱1000次。,0,115,1165,1000,0,0,0,0,0,0,0,779,1674,71,43,100,5,255,255,0,1,1,1,0
3686,好运胡萝卜的指引1,累计在蜃景幻界新月岛找到并开启幸福兔宝箱10次。,0,115,1166,10,0,0,0,0,0,0,0,0,1681,71,0,0,5,255,255,0,1,1,1,0
3687,好运胡萝卜的指引2,累计在蜃景幻界新月岛找到并开启幸福兔宝箱50次。,0,115,1166,50,0,0,0,0,0,0,0,0,1682,71,0,0,5,255,255,0,1,1,1,0
3688,好运胡萝卜的指引3,累计在蜃景幻界新月岛找到并开启幸福兔宝箱200次。,0,115,1166,200,0,0,0,0,0,0,0,0,1683,71,0,0,5,255,255,0,1,1,1,0
3689,好运胡萝卜的指引4,累计在蜃景幻界新月岛找到并开启幸福兔宝箱1000次。,0,115,1166,1000,0,0,0,0,0,0,0,780,1684,71,43,100,5,255,255,0,1,1,1,0
3690,月面探索大师,以最高评价完成憧憬湾的所有探索任务。,0,64875,1167,1,0,0,0,0,0,0,0,781,2500,69,46,100,20,255,255,0,1,1,1,0
3691,宇宙工具：宇宙手锯,获得宇宙手锯。,0,39013,1168,1,0,0,0,0,0,0,0,0,100,82,0,0,10,255,255,0,1,1,1,0
3692,宇宙工具：宇宙横头锤,获得宇宙横头锤。,0,39112,1169,1,0,0,0,0,0,0,0,0,200,82,0,0,10,255,255,0,1,1,1,0
3693,宇宙工具：宇宙圆头锤,获得宇宙圆头锤。,0,39212,1170,1,0,0,0,0,0,0,0,0,300,82,0,0,10,255,255,0,1,1,1,0
3694,宇宙工具：宇宙工艺锤,获得宇宙工艺锤。,0,39311,1171,1,0,0,0,0,0,0,0,0,400,82,0,0,10,255,255,0,1,1,1,0
3695,宇宙工具：宇宙圆革刀,获得宇宙圆革刀。,0,39412,1172,1,0,0,0,0,0,0,0,0,500,82,0,0,10,255,255,0,1,1,1,0
3696,宇宙工具：宇宙缝针,获得宇宙缝针。,0,39512,1173,1,0,0,0,0,0,0,0,0,600,82,0,0,10,255,255,0,1,1,1,0
3697,宇宙工具：宇宙蒸馏器,获得宇宙蒸馏器。,0,39611,1174,1,0,0,0,0,0,0,0,0,700,82,0,0,10,255,255,0,1,1,1,0
3698,宇宙工具：宇宙煎锅,获得宇宙煎锅。,0,39714,1175,1,0,0,0,0,0,0,0,0,800,82,0,0,10,255,255,0,1,1,1,0
3699,宇宙工具：宇宙鹤嘴锄,获得宇宙鹤嘴锄。,0,38314,1176,1,0,0,0,0,0,0,0,0,900,82,0,0,10,255,255,0,1,1,1,0
3700,宇宙工具：宇宙手斧,获得宇宙手斧。,0,38412,1177,1,0,0,0,0,0,0,0,0,1000,82,0,0,10,255,255,0,1,1,1,0
3701,宇宙工具：宇宙钓竿,获得宇宙钓竿。,0,38515,1178,1,0,0,0,0,0,0,0,0,1100,82,0,0,10,255,255,0,1,1,1,0
3702,星际刻木匠1,"在宇宙探索中，使用刻木匠累计获得50,000点技巧点。",0,1503,1179,1,0,0,0,0,0,0,0,0,180,24,0,0,5,255,255,0,1,1,1,0
3703,星际刻木匠2,"在宇宙探索中，使用刻木匠累计获得150,000点技巧点。",0,1503,1180,1,0,0,0,0,0,0,0,0,181,24,0,0,5,255,255,0,1,1,1,0
3704,星际刻木大师,"在宇宙探索中，使用刻木匠累计获得500,000点技巧点。",0,1503,1181,1,0,0,0,0,0,0,0,782,182,24,9,10,10,255,255,0,1,1,1,0
3705,星际锻铁匠1,"在宇宙探索中，使用锻铁匠累计获得50,000点技巧点。",0,1553,1182,1,0,0,0,0,0,0,0,0,180,25,0,0,5,255,255,0,1,1,1,0
3706,星际锻铁匠2,"在宇宙探索中，使用锻铁匠累计获得150,000点技巧点。",0,1553,1183,1,0,0,0,0,0,0,0,0,181,25,0,0,5,255,255,0,1,1,1,0
3707,星际锻铁大师,"在宇宙探索中，使用锻铁匠累计获得500,000点技巧点。",0,1553,1184,1,0,0,0,0,0,0,0,783,182,25,10,10,10,255,255,0,1,1,1,0
3708,星际铸甲匠1,"在宇宙探索中，使用铸甲匠累计获得50,000点技巧点。",0,1603,1185,1,0,0,0,0,0,0,0,0,180,26,0,0,5,255,255,0,1,1,1,0
3709,星际铸甲匠2,"在宇宙探索中，使用铸甲匠累计获得150,000点技巧点。",0,1603,1186,1,0,0,0,0,0,0,0,0,181,26,0,0,5,255,255,0,1,1,1,0
3710,星际铸甲大师,"在宇宙探索中，使用铸甲匠累计获得500,000点技巧点。",0,1603,1187,1,0,0,0,0,0,0,0,784,182,26,11,10,10,255,255,0,1,1,1,0
3711,星际雕金匠1,"在宇宙探索中，使用雕金匠累计获得50,000点技巧点。",0,1653,1188,1,0,0,0,0,0,0,0,0,180,27,0,0,5,255,255,0,1,1,1,0
3712,星际雕金匠2,"在宇宙探索中，使用雕金匠累计获得150,000点技巧点。",0,1653,1189,1,0,0,0,0,0,0,0,0,181,27,0,0,5,255,255,0,1,1,1,0
3713,星际雕金大师,"在宇宙探索中，使用雕金匠累计获得500,000点技巧点。",0,1653,1190,1,0,0,0,0,0,0,0,785,182,27,12,10,10,255,255,0,1,1,1,0
3714,星际制革匠1,"在宇宙探索中，使用制革匠累计获得50,000点技巧点。",0,1703,1191,1,0,0,0,0,0,0,0,0,180,28,0,0,5,255,255,0,1,1,1,0
3715,星际制革匠2,"在宇宙探索中，使用制革匠累计获得150,000点技巧点。",0,1703,1192,1,0,0,0,0,0,0,0,0,181,28,0,0,5,255,255,0,1,1,1,0
3716,星际制革大师,"在宇宙探索中，使用制革匠累计获得500,000点技巧点。",0,1703,1193,1,0,0,0,0,0,0,0,786,182,28,13,10,10,255,255,0,1,1,1,0
3717,星际裁衣匠1,"在宇宙探索中，使用裁衣匠累计获得50,000点技巧点。",0,1753,1194,1,0,0,0,0,0,0,0,0,180,29,0,0,5,255,255,0,1,1,1,0
3718,星际裁衣匠2,"在宇宙探索中，使用裁衣匠累计获得150,000点技巧点。",0,1753,1195,1,0,0,0,0,0,0,0,0,181,29,0,0,5,255,255,0,1,1,1,0
3719,星际裁衣大师,"在宇宙探索中，使用裁衣匠累计获得500,000点技巧点。",0,1753,1196,1,0,0,0,0,0,0,0,787,182,29,14,10,10,255,255,0,1,1,1,0
3720,星际炼金术士1,"在宇宙探索中，使用炼金术士累计获得50,000点技巧点。",0,1803,1197,1,0,0,0,0,0,0,0,0,180,30,0,0,5,255,255,0,1,1,1,0
3721,星际炼金术士2,"在宇宙探索中，使用炼金术士累计获得150,000点技巧点。",0,1803,1198,1,0,0,0,0,0,0,0,0,181,30,0,0,5,255,255,0,1,1,1,0
3722,星际炼金术大师,"在宇宙探索中，使用炼金术士累计获得500,000点技巧点。",0,1803,1199,1,0,0,0,0,0,0,0,788,182,30,15,10,10,255,255,0,1,1,1,0
3723,星际烹调师1,"在宇宙探索中，使用烹调师累计获得50,000点技巧点。",0,1853,1200,1,0,0,0,0,0,0,0,0,180,31,0,0,5,255,255,0,1,1,1,0
3724,星际烹调师2,"在宇宙探索中，使用烹调师累计获得150,000点技巧点。",0,1853,1201,1,0,0,0,0,0,0,0,0,181,31,0,0,5,255,255,0,1,1,1,0
3725,星际烹调大师,"在宇宙探索中，使用烹调师累计获得500,000点技巧点。",0,1853,1202,1,0,0,0,0,0,0,0,789,182,31,16,10,10,255,255,0,1,1,1,0
3726,星际采矿工1,"在宇宙探索中，使用采矿工累计获得50,000点技巧点。",0,1021,1203,1,0,0,0,0,0,0,0,0,161,32,0,0,5,255,255,0,1,1,1,0
3727,星际采矿工2,"在宇宙探索中，使用采矿工累计获得150,000点技巧点。",0,1021,1204,1,0,0,0,0,0,0,0,0,162,32,0,0,5,255,255,0,1,1,1,0
3728,星际采矿大师,"在宇宙探索中，使用采矿工累计获得500,000点技巧点。",0,1021,1205,1,0,0,0,0,0,0,0,790,163,32,17,10,10,255,255,0,1,1,1,0
3729,星际园艺工1,"在宇宙探索中，使用园艺工累计获得50,000点技巧点。",0,1071,1206,1,0,0,0,0,0,0,0,0,161,33,0,0,5,255,255,0,1,1,1,0
3730,星际园艺工2,"在宇宙探索中，使用园艺工累计获得150,000点技巧点。",0,1071,1207,1,0,0,0,0,0,0,0,0,162,33,0,0,5,255,255,0,1,1,1,0
3731,星际园艺大师,"在宇宙探索中，使用园艺工累计获得500,000点技巧点。",0,1071,1208,1,0,0,0,0,0,0,0,791,163,33,18,10,10,255,255,0,1,1,1,0
3732,星际捕鱼人1,"在宇宙探索中，使用捕鱼人累计获得50,000点技巧点。",0,1126,1209,1,0,0,0,0,0,0,0,0,501,34,0,0,5,255,255,0,1,1,1,0
3733,星际捕鱼人2,"在宇宙探索中，使用捕鱼人累计获得150,000点技巧点。",0,1126,1210,1,0,0,0,0,0,0,0,0,502,34,0,0,5,255,255,0,1,1,1,0
3734,星际捕鱼大师,"在宇宙探索中，使用捕鱼人累计获得500,000点技巧点。",0,1126,1211,1,0,0,0,0,0,0,0,792,503,34,19,10,10,255,255,0,1,1,1,0
3735,星际制作大师,"在宇宙探索中，使用任意制作职业累计获得50,000点技巧点。",0,1986,63,1,0,0,0,0,0,0,0,0,2301,69,0,0,5,255,255,0,0,26,1,0
3736,星际采集大师,"在宇宙探索中，使用任意采集职业累计获得50,000点技巧点。",0,1019,64,1,0,0,0,0,0,0,0,0,2321,69,0,0,5,255,255,0,0,26,1,0
3737,星际制作之王,"在宇宙探索中，所有的制作职业均累计获得500,000点技巧点。",0,1982,65,8,0,0,0,0,0,0,0,793,2302,69,44,10,10,255,255,0,0,26,1,0
3738,星际采集之王,"在宇宙探索中，所有的采集职业均累计获得500,000点技巧点。",0,1029,66,3,0,0,0,0,0,0,0,794,2322,69,45,10,10,255,255,0,0,26,1,0
3739,星际探索之王,"在宇宙探索中，所有的制作职业和采集职业均累计获得500,000点技巧点。",48232,1955,67,11,0,0,0,0,0,0,0,0,2330,69,46,10,20,255,192,1,0,26,1,0
3740,勇闯好运道1,挑战10次宇宙好运道。,0,1904,1212,10,0,0,0,0,0,0,0,0,2400,69,0,0,5,255,255,0,1,1,1,0
3741,勇闯好运道2,挑战100次宇宙好运道。,0,1904,1212,100,0,0,0,0,0,0,0,0,2401,69,0,0,5,255,255,0,1,1,1,0
3742,勇闯好运道3,"挑战1,000次宇宙好运道。",0,1904,1212,1000,0,0,0,0,0,0,0,795,2402,69,46,10,10,255,255,0,1,1,1,0
3743,踏遍新月岛南部,成功探索新月岛南部的所有地区。,0,1001,967,0,0,0,0,0,0,0,0,0,2401,49,0,0,10,255,255,0,1,8,1,0
3744,冲突的王者第15赛季,在水晶冲突的第15赛季中取得排名第1名的成绩。,0,210,1239,1,0,0,0,0,0,0,0,797,1001,8,43,30,20,255,255,0,1,1,1,0
3745,冲突的勇者第15赛季,在水晶冲突的第15赛季中取得排名前30名的成绩。,0,210,1240,1,0,0,0,0,0,0,0,798,1001,8,43,30,20,255,255,0,1,1,1,0
3746,冲突的获奖者第15赛季,在水晶冲突的第15赛季中取得排名前100名的成绩。,0,210,1241,1,0,0,0,0,0,0,0,799,1001,8,43,30,20,255,255,0,1,1,1,0
3747,冲突的王者第16赛季,在水晶冲突的第16赛季中取得排名第1名的成绩。,0,210,1242,1,0,0,0,0,0,0,0,800,1001,8,43,30,20,255,255,0,1,1,1,0
3748,冲突的勇者第16赛季,在水晶冲突的第16赛季中取得排名前30名的成绩。,0,210,1243,1,0,0,0,0,0,0,0,801,1001,8,43,30,20,255,255,0,1,1,1,0
3749,冲突的获奖者第16赛季,在水晶冲突的第16赛季中取得排名前100名的成绩。,0,210,1244,1,0,0,0,0,0,0,0,802,1001,8,43,30,20,255,255,0,1,1,1,0
3750,欧米茄之水晶守护者,在水晶冲突的任意赛季中最终取得欧米茄或更高段位。,0,821,1245,1,0,0,0,0,0,0,0,803,1000,8,43,30,10,255,255,0,1,1,1,0
3751,究极之水晶守护者,在水晶冲突的任意赛季中最终取得究极段位。,0,821,1246,1,0,0,0,0,0,0,0,804,1000,8,43,30,20,255,255,0,1,1,1,0
3752,幻境之骑士·本影,获得幻境利剑·本影和幻境鸢盾·本影。,0,30694,70918,19,0,0,0,0,0,0,0,0,101,81,0,0,10,255,255,0,1,24,1,3
3753,幻境之战士·本影,获得幻境巨斧·本影。,0,31268,70918,21,0,0,0,0,0,0,0,0,301,81,0,0,10,255,255,0,1,24,1,3
3754,幻境之暗黑骑士·本影,获得幻境断头剑·本影。,0,34023,70918,32,0,0,0,0,0,0,0,0,1101,81,0,0,10,255,255,0,1,24,1,3
3755,幻境之绝枪战士·本影,获得幻境刺刀·本影。,0,36114,70918,37,0,0,0,0,0,0,0,0,1601,81,0,0,10,255,255,0,1,24,1,3
3756,幻境之龙骑士·本影,获得幻境长枪·本影。,0,31670,70918,22,0,0,0,0,0,0,0,0,401,81,0,0,10,255,255,0,1,24,1,3
3757,幻境之武僧·本影,获得幻境指虎·本影。,0,30858,70918,20,0,0,0,0,0,0,0,0,201,81,0,0,10,255,255,0,1,24,1,3
3758,幻境之忍者·本影,获得幻境屠刀·本影。,0,33644,70918,30,0,0,0,0,0,0,0,0,601,81,0,0,10,255,255,0,1,24,1,3
3759,幻境之蝰蛇剑士·本影,获得幻境双牙·本影。,0,37447,70918,41,0,0,0,0,0,0,0,0,2001,81,0,0,10,255,255,0,1,24,1,3
3760,幻境之武士·本影,获得幻境武士刀·本影。,0,36572,70918,34,0,0,0,0,0,0,0,0,1401,81,0,0,10,255,255,0,1,24,1,3
3761,幻境之钐镰客·本影,获得幻境战镰·本影。,0,37284,70918,39,0,0,0,0,0,0,0,0,1801,81,0,0,10,255,255,0,1,24,1,3
3762,幻境之吟游诗人·本影,获得幻境琴弓·本影。,0,32058,70918,23,0,0,0,0,0,0,0,0,501,81,0,0,10,255,255,0,1,24,1,3
3763,幻境之机工士·本影,获得幻境明火枪·本影。,0,34517,70918,31,0,0,0,0,0,0,0,0,1201,81,0,0,10,255,255,0,1,24,1,3
3764,幻境之舞者·本影,获得幻境欢刺·本影。,0,36313,70918,38,0,0,0,0,0,0,0,0,1701,81,0,0,10,255,255,0,1,24,1,3
3765,幻境之黑魔法师·本影,获得幻境长杖·本影。,0,32904,70918,25,0,0,0,0,0,0,0,0,801,81,0,0,10,255,255,0,1,24,1,3
3766,幻境之召唤师·本影,获得幻境魔导书·本影。,0,37838,70918,27,0,0,0,0,0,0,0,0,901,81,0,0,10,255,255,0,1,24,1,3
3767,幻境之赤魔法师·本影,获得幻境刺剑·本影。,0,36871,70918,35,0,0,0,0,0,0,0,0,1501,81,0,0,10,255,255,0,1,24,1,3
3768,幻境之绘灵法师·本影,获得幻境平笔·本影。,0,37657,70918,42,0,0,0,0,0,0,0,0,2101,81,0,0,10,255,255,0,1,24,1,3
3769,幻境之白魔法师·本影,获得幻境手杖·本影。,0,32489,70918,24,0,0,0,0,0,0,0,0,701,81,0,0,10,255,255,0,1,24,1,3
3770,幻境之学者·本影,获得幻境魔导典·本影。,0,37839,70918,28,0,0,0,0,0,0,0,0,1001,81,0,0,10,255,255,0,1,24,1,3
3771,幻境之占星术士·本影,获得幻境天球仪·本影。,0,34716,70918,33,0,0,0,0,0,0,0,0,1301,81,0,0,10,255,255,0,1,24,1,3
3772,幻境之贤者·本影,获得幻境振空摆·本影。,0,37080,70918,40,0,0,0,0,0,0,0,0,1901,81,0,0,10,255,255,0,1,24,1,3
3773,明日的路标,完成任务“明日的路标”。,0,26002,70909,0,0,0,0,0,0,0,0,805,95,76,43,100,20,255,255,0,1,6,1,0
3774,雪棱拜坛修复团1,与尤卡巨人族的“雪棱拜坛修复团”之间的关系程度到达3级“友好”。,0,62980,20,3,0,0,0,0,0,0,0,0,0,37,0,0,5,255,255,0,1,15,1,0
3775,雪棱拜坛修复团2,与尤卡巨人族的“雪棱拜坛修复团”之间的关系程度到达4级“信赖”。,0,62980,20,4,0,0,0,0,0,0,0,0,0,37,0,0,5,255,255,0,1,15,1,0
3776,雪棱拜坛修复团3,与尤卡巨人族的“雪棱拜坛修复团”之间的关系程度到达6级“名誉”。,0,62980,20,6,0,0,0,0,0,0,0,0,0,37,0,0,10,255,255,0,1,15,1,0
3777,雪山的工程监理,与尤卡巨人族的“雪棱拜坛修复团”之间的关系程度到达7级“誓约”。,0,62980,20,7,0,0,0,0,0,0,0,806,0,37,44,90,20,255,255,0,1,15,1,0
3778,寻宝猎人17,累计20次成功解读陈旧的卡冈图亚革地图并开启宝箱。,0,115,1268,20,0,0,0,0,0,0,0,0,18,6,0,0,20,255,255,0,1,1,1,0
3779,踏入巡梦金库1,初次入侵巡梦金库。,0,116,1269,1,0,0,0,0,0,0,0,807,104,6,43,100,5,255,255,0,1,1,1,0
3780,踏入巡梦金库2,累计入侵巡梦金库5次。,0,116,1269,5,0,0,0,0,0,0,0,0,105,6,0,0,10,255,255,0,1,1,1,0
3781,踏入巡梦金库3,累计入侵巡梦金库10次。,0,116,1269,10,0,0,0,0,0,0,0,0,106,6,0,0,10,255,255,0,1,1,1,0
3782,踏入巡梦金库4,累计入侵巡梦金库20次。,0,116,1269,20,0,0,0,0,0,0,0,808,107,6,43,100,20,255,255,0,1,1,1,0
3783,称霸巡梦金库1,初次称霸巡梦金库。,0,116,1270,1,0,0,0,0,0,0,0,0,108,6,0,0,5,255,255,0,1,1,1,0
3784,称霸巡梦金库2,累计称霸巡梦金库5次。,0,116,1270,5,0,0,0,0,0,0,0,0,109,6,0,0,10,255,255,0,1,1,1,0
3785,称霸巡梦金库3,累计称霸巡梦金库10次。,0,116,1270,10,0,0,0,0,0,0,0,0,110,6,0,0,10,255,255,0,1,1,1,0
3786,称霸巡梦金库4,累计称霸巡梦金库20次。,0,116,1270,20,0,0,0,0,0,0,0,809,111,6,43,100,20,255,255,0,1,1,1,0
3787,众人愉悦的废弃宅邸,完成任务“守护天节与两种幻影”。,0,59548,70912,0,0,0,0,0,0,0,0,0,149,38,0,0,10,255,255,0,1,6,1,0
3788,用软饮干杯！,完成任务“星芒节与暖心的热饮”。,0,26435,70767,0,0,0,0,0,0,0,0,0,150,38,0,0,10,255,255,0,1,6,1,0
3789,香甜蛋糕传道士,完成任务“恋人节与超级大蛋糕”。,0,53544,70861,0,0,0,0,0,0,0,0,0,152,38,0,0,10,255,255,0,1,6,1,0
3790,,,0,0,0,0,0,0,0,0,0,0,0,0,0,0,0,0,0,0,0,0,0,0,0,0
3791,法恩娜探索大师,以最高评价完成法恩娜行星的所有探索任务。,0,64875,1271,1,0,0,0,0,0,0,0,810,2501,69,46,100,20,255,255,0,1,1,1,0
3792,宇宙工具：太空手锯,获得太空手锯。,0,39014,1272,1,0,0,0,0,0,0,0,0,101,82,0,0,10,255,255,0,1,1,1,0
3793,宇宙工具：太空横头锤,获得太空横头锤。,0,39113,1273,1,0,0,0,0,0,0,0,0,201,82,0,0,10,255,255,0,1,1,1,0
3794,宇宙工具：太空圆头锤,获得太空圆头锤。,0,39213,1274,1,0,0,0,0,0,0,0,0,301,82,0,0,10,255,255,0,1,1,1,0
3795,宇宙工具：太空工艺锤,获得太空工艺锤。,0,39312,1275,1,0,0,0,0,0,0,0,0,401,82,0,0,10,255,255,0,1,1,1,0
3796,宇宙工具：太空圆革刀,获得太空圆革刀。,0,39413,1276,1,0,0,0,0,0,0,0,0,501,82,0,0,10,255,255,0,1,1,1,0
3797,宇宙工具：太空缝针,获得太空缝针。,0,39513,1277,1,0,0,0,0,0,0,0,0,601,82,0,0,10,255,255,0,1,1,1,0
3798,宇宙工具：太空蒸馏器,获得太空蒸馏器。,0,39612,1278,1,0,0,0,0,0,0,0,0,701,82,0,0,10,255,255,0,1,1,1,0
3799,宇宙工具：太空煎锅,获得太空煎锅。,0,39715,1279,1,0,0,0,0,0,0,0,0,801,82,0,0,10,255,255,0,1,1,1,0
3800,宇宙工具：太空鹤嘴锄,获得太空鹤嘴锄。,0,38315,1280,1,0,0,0,0,0,0,0,0,901,82,0,0,10,255,255,0,1,1,1,0
3801,宇宙工具：太空手斧,获得太空手斧。,0,38413,1281,1,0,0,0,0,0,0,0,0,1001,82,0,0,10,255,255,0,1,1,1,0
3802,宇宙工具：太空钓竿,获得太空钓竿。,0,38516,1282,1,0,0,0,0,0,0,0,0,1101,82,0,0,10,255,255,0,1,1,1,0
3803,踏遍中央终端,成功探索中央终端（永久幽界）的所有地区。,0,1001,1055,0,0,0,0,0,0,0,0,0,111,49,0,0,10,255,255,0,1,8,1,0
3804,踏遍桑多利亚：第二巡行,成功探索桑多利亚：第二巡行的所有地区。,0,1001,1033,0,0,0,0,0,0,0,0,0,1511,49,0,0,10,255,255,0,1,8,1,0
3805,永暗的毁灭者,在永远之暗悲惶歼灭战中战胜永远之暗。,0,317,20105,0,0,0,0,0,0,0,0,0,44,3,0,0,10,255,255,0,1,14,1,3
3806,称霸桑多利亚：第二巡行,成功挑战桑多利亚：第二巡行。,0,64875,30153,0,0,0,0,0,0,0,0,0,0,4,0,0,5,255,255,0,1,14,1,0
3807,朝圣交错路的探索者1,成功突破朝圣交错路第10朝圣路。,0,64810,1283,1,0,0,0,0,0,0,0,0,221,2,0,0,5,255,255,0,1,1,1,0
3808,朝圣交错路的探索者2,成功突破朝圣交错路第20朝圣路。,0,64810,1284,1,0,0,0,0,0,0,0,0,222,2,0,0,5,255,255,0,1,1,1,0
3809,朝圣交错路的探索者3,成功突破朝圣交错路第30朝圣路。,0,64810,1285,1,0,0,0,0,0,0,0,811,223,2,43,91,5,255,255,0,1,1,1,0
3810,朝圣交错路的探索者4,成功突破朝圣交错路第50朝圣路。,0,64810,1286,1,0,0,0,0,0,0,0,0,224,2,0,0,10,255,255,0,1,1,1,0
3811,朝圣交错路的探索者6,成功突破朝圣交错路第100朝圣路。,0,64810,1287,1,0,0,0,0,0,0,0,812,226,2,43,91,10,255,255,0,1,1,1,0
3812,光耀之光,获得任意一把“光耀武器”。,0,61265,1288,1,0,0,0,0,0,0,0,0,7000,65,0,0,10,255,255,0,1,1,1,0
3813,圣礼之光,获得任意一把“圣礼武器”。,0,61265,1289,1,0,0,0,0,0,0,0,0,7001,65,0,0,10,255,255,0,1,1,1,0
3814,至高的挑战者1,单人从第1朝圣路进入朝圣交错路，并到达第51朝圣路。,0,3321,1290,1,0,0,0,0,0,0,0,0,231,2,0,0,10,255,255,0,1,1,1,0
3815,至高的挑战者2,单人从第1朝圣路进入朝圣交错路，并通过第100朝圣路。,0,3321,1291,1,0,0,0,0,0,0,0,813,232,2,43,91,10,255,255,0,1,1,1,0
3816,埋藏的宝藏7,发现埋藏的宝藏30000个。,0,60035,539,30000,0,0,0,0,0,0,0,814,41,2,43,60,20,255,255,0,1,1,1,0
3817,至高英雄的证明,完成任务“小树苗与小树枝”并持有或装备“光耀耳坠”“光耀项链”“光耀手镯”“光耀指环”时，与因克·代恩对话。,0,26081,1292,1,0,0,0,0,0,0,0,815,221,19,43,91,10,255,255,0,1,1,1,0
3818,朝觐路的悼亡者,成功挑战卓异的悲寂深想战。,0,3374,1293,1,0,0,0,0,0,0,0,816,233,2,43,91,10,255,255,0,1,1,1,0
3819,去往夺命朝圣路的终点,在供奉的供品数量达到上限的情况下成功挑战卓异的悲寂深想战。,0,3370,1294,1,0,0,0,0,0,0,0,817,234,2,43,91,20,255,255,0,1,1,1,0
3820,九宫卡手14,获得451种九宫幻卡。,46821,27661,352,451,0,0,0,0,0,0,0,0,48,18,47,15,10,255,193,4,1,1,1,0
3821,金曦太公2,在金曦区域钓上24种钓场之王。,0,1102,1145,24,0,0,0,0,0,0,0,0,111,34,0,0,10,255,255,0,1,1,1,0
3822,白色访客,完成任务“白色访客”。,0,53720,70910,0,0,0,0,0,0,0,0,818,1001,35,43,100,10,255,255,0,1,6,1,0
3823,狩猎护锁刃龙,在护锁刃龙上位狩猎战中狩猎护锁刃龙。,0,317,20103,0,0,0,0,0,0,0,0,0,102,3,0,0,10,255,255,0,1,14,1,0
3824,朝圣交错路的探索者5,成功突破朝圣交错路第70朝圣路。,0,64810,1295,1,0,0,0,0,0,0,0,0,225,2,0,0,10,255,255,0,1,1,1,0
3825,冲突的王者第17赛季,在水晶冲突的第17赛季中取得排名第1名的成绩。,0,210,1301,1,0,0,0,0,0,0,0,819,1001,8,43,30,20,255,255,0,1,1,1,0
3826,冲突的勇者第17赛季,在水晶冲突的第17赛季中取得排名前30名的成绩。,0,210,1302,1,0,0,0,0,0,0,0,820,1001,8,43,30,20,255,255,0,1,1,1,0
3827,冲突的获奖者第17赛季,在水晶冲突的第17赛季中取得排名前100名的成绩。,0,210,1303,1,0,0,0,0,0,0,0,821,1001,8,43,30,20,255,255,0,1,1,1,0
3828,冲突的王者第18赛季,在水晶冲突的第18赛季中取得排名第1名的成绩。,0,210,1304,1,0,0,0,0,0,0,0,822,1001,8,43,30,20,255,255,0,1,1,1,0
3829,冲突的勇者第18赛季,在水晶冲突的第18赛季中取得排名前30名的成绩。,0,210,1305,1,0,0,0,0,0,0,0,823,1001,8,43,30,20,255,255,0,1,1,1,0
3830,冲突的获奖者第18赛季,在水晶冲突的第18赛季中取得排名前100名的成绩。,0,210,1306,1,0,0,0,0,0,0,0,824,1001,8,43,30,20,255,255,0,1,1,1,0
3831,沃刻其特战役1,加入黑涡团、双蛇党、恒辉队中的任一军队并在沃刻其特取得胜利。,0,64933,1307,1,0,0,0,0,0,0,0,0,160,10,0,0,5,255,255,0,1,1,1,0
3832,沃刻其特战役2,加入黑涡团、双蛇党、恒辉队中的任一军队并在沃刻其特取得10次胜利。,0,64933,1307,10,0,0,0,0,0,0,0,0,161,10,0,0,5,255,255,0,1,1,1,0
3833,沃刻其特战役3,加入黑涡团、双蛇党、恒辉队中的任一军队并在沃刻其特取得30次胜利。,0,64933,1307,30,0,0,0,0,0,0,0,0,162,10,0,0,5,255,255,0,1,1,1,0
3834,沃刻其特战役4,加入黑涡团、双蛇党、恒辉队中的任一军队并在沃刻其特取得50次胜利。,0,64933,1307,50,0,0,0,0,0,0,0,0,163,10,0,0,5,255,255,0,1,1,1,0
3835,沃刻其特战役5,加入黑涡团、双蛇党、恒辉队中的任一军队并在沃刻其特取得100次胜利。,50448,64933,1307,100,0,0,0,0,0,0,0,0,164,10,43,30,5,255,194,1,1,1,1,0
3836,沃刻其特战役6,加入黑涡团、双蛇党、恒辉队中的任一军队并在沃刻其特取得300次胜利。,0,64933,1307,300,0,0,0,0,0,0,0,825,165,10,43,30,10,255,255,0,1,1,1,0
3837,,,0,0,0,0,0,0,0,0,0,0,0,0,0,0,0,0,0,0,0,0,0,0,0,0
3838,,,0,0,0,0,0,0,0,0,0,0,0,0,0,0,0,0,0,0,0,0,0,0,0,0
3839,,,0,0,0,0,0,0,0,0,0,0,0,0,0,0,0,0,0,0,0,0,0,0,0,0
3840,,,0,0,0,0,0,0,0,0,0,0,0,0,0,0,0,0,0,0,0,0,0,0,0,0
3841,,,0,0,0,0,0,0,0,0,0,0,0,0,0,0,0,0,0,0,0,0,0,0,0,0
3842,幻境之骑士·黯影,获得幻境利剑·黯影和幻境盾·黯影。,0,30699,70992,19,0,0,0,0,0,0,0,0,102,81,0,0,10,255,255,0,1,24,1,3
3843,幻境之战士·黯影,获得幻境巨斧·黯影。,0,31273,70992,21,0,0,0,0,0,0,0,0,302,81,0,0,10,255,255,0,1,24,1,3
3844,幻境之暗黑骑士·黯影,获得幻境断头剑·黯影。,0,34028,70992,32,0,0,0,0,0,0,0,0,1102,81,0,0,10,255,255,0,1,24,1,3
3845,幻境之绝枪战士·黯影,获得幻境枪刃·黯影。,0,36119,70992,37,0,0,0,0,0,0,0,0,1602,81,0,0,10,255,255,0,1,24,1,3
3846,幻境之龙骑士·黯影,获得幻境战叉·黯影。,0,31675,70992,22,0,0,0,0,0,0,0,0,402,81,0,0,10,255,255,0,1,24,1,3
3847,幻境之武僧·黯影,获得幻境拳锋·黯影。,0,30863,70992,20,0,0,0,0,0,0,0,0,202,81,0,0,10,255,255,0,1,24,1,3
3848,幻境之忍者·黯影,获得幻境反曲刀·黯影。,0,33649,70992,30,0,0,0,0,0,0,0,0,602,81,0,0,10,255,255,0,1,24,1,3
3849,幻境之蝰蛇剑士·黯影,获得幻境双牙·黯影。,0,37452,70992,41,0,0,0,0,0,0,0,0,2002,81,0,0,10,255,255,0,1,24,1,3
3850,幻境之武士·黯影,获得幻境武士刀·黯影。,0,36577,70992,34,0,0,0,0,0,0,0,0,1402,81,0,0,10,255,255,0,1,24,1,3
3851,幻境之钐镰客·黯影,获得幻境战镰·黯影。,0,37289,70992,39,0,0,0,0,0,0,0,0,1802,81,0,0,10,255,255,0,1,24,1,3
3852,幻境之吟游诗人·黯影,获得幻境长弓·黯影。,0,32063,70992,23,0,0,0,0,0,0,0,0,502,81,0,0,10,255,255,0,1,24,1,3
3853,幻境之机工士·黯影,获得幻境火枪·黯影。,0,34522,70992,31,0,0,0,0,0,0,0,0,1202,81,0,0,10,255,255,0,1,24,1,3
3854,幻境之舞者·黯影,获得幻境环刃·黯影。,0,36318,70992,38,0,0,0,0,0,0,0,0,1702,81,0,0,10,255,255,0,1,24,1,3
3855,幻境之黑魔法师·黯影,获得幻境长玉杖·黯影。,0,32909,70992,25,0,0,0,0,0,0,0,0,802,81,0,0,10,255,255,0,1,24,1,3
3856,幻境之召唤师·黯影,获得幻境魔导书·黯影。,0,37849,70992,27,0,0,0,0,0,0,0,0,902,81,0,0,10,255,255,0,1,24,1,3
3857,幻境之赤魔法师·黯影,获得幻境重刺剑·黯影。,0,36876,70992,35,0,0,0,0,0,0,0,0,1502,81,0,0,10,255,255,0,1,24,1,3
3858,幻境之绘灵法师·黯影,获得幻境圆笔·黯影。,0,37662,70992,42,0,0,0,0,0,0,0,0,2102,81,0,0,10,255,255,0,1,24,1,3
3859,幻境之白魔法师·黯影,获得幻境牧杖·黯影。,0,32494,70992,24,0,0,0,0,0,0,0,0,702,81,0,0,10,255,255,0,1,24,1,3
3860,幻境之学者·黯影,获得幻境魔导典·黯影。,0,37848,70992,28,0,0,0,0,0,0,0,0,1002,81,0,0,10,255,255,0,1,24,1,3
3861,幻境之占星术士·黯影,获得幻境垂星仪·黯影。,0,34721,70992,33,0,0,0,0,0,0,0,0,1302,81,0,0,10,255,255,0,1,24,1,3
3862,幻境之贤者·黯影,获得幻境飞翼·黯影。,0,37085,70992,40,0,0,0,0,0,0,0,0,1902,81,0,0,10,255,255,0,1,24,1,3
3863,雾中奇境,完成任务“雾中奇境”。,0,26002,70970,0,0,0,0,0,0,0,0,829,96,76,43,100,20,255,255,0,1,6,1,0
3864,阿卡狄亚的全量级冠军,完成任务“亡国的大蛇”。,0,26002,70976,0,0,0,0,0,0,0,0,0,903,35,0,0,10,255,255,0,1,6,1,0
3865,称霸登天斗技场重量级1,成功挑战阿卡狄亚登天斗技场重量级。,0,2981,1334,1,0,0,0,0,0,0,0,0,0,4,0,0,5,255,255,0,1,1,1,0
3866,称霸登天斗技场重量级2,累计成功挑战阿卡狄亚登天斗技场重量级5次。,0,2981,1334,5,0,0,0,0,0,0,0,0,0,4,0,0,10,255,255,0,1,1,1,0
3867,称霸登天斗技场重量级3,累计成功挑战阿卡狄亚登天斗技场重量级10次。,0,2981,1334,10,0,0,0,0,0,0,0,0,0,4,0,0,20,255,255,0,1,1,1,0
3868,完全称霸登天斗技场重量级1,成功挑战阿卡狄亚零式登天斗技场重量级。,0,2981,1335,1,0,0,0,0,0,0,0,0,0,4,0,0,5,255,255,0,1,1,1,0
3869,完全称霸登天斗技场重量级2,累计成功挑战阿卡狄亚零式登天斗技场重量级5次。,0,2981,1335,5,0,0,0,0,0,0,0,0,0,4,0,0,10,255,255,0,1,1,1,0
3870,完全称霸登天斗技场重量级3,累计成功挑战阿卡狄亚零式登天斗技场重量级10次。,0,2981,1335,10,0,0,0,0,0,0,0,0,0,4,0,0,20,255,255,0,1,1,1,0
3871,你的笑容有魔力,完成任务“女儿节与观众们的心声”。,0,26107,70980,0,0,0,0,0,0,0,0,0,153,38,0,0,10,255,255,0,1,6,1,0
3872,春意盎然,完成任务“彩蛋狩猎与神秘草”。,0,56914,70961,0,0,0,0,0,0,0,0,0,154,38,0,0,10,255,255,0,1,6,1,0
3873,,,0,0,0,0,0,0,0,0,0,0,0,0,0,0,0,0,0,0,0,0,0,0,0,0
3874,,,0,0,0,0,0,0,0,0,0,0,0,0,0,0,0,0,0,0,0,0,0,0,0,0
3875,,,0,0,0,0,0,0,0,0,0,0,0,0,0,0,0,0,0,0,0,0,0,0,0,0
3876,俄匊斯探索大师,以最高评价完成俄匊斯行星的所有探索任务。,0,64875,1336,1,0,0,0,0,0,0,0,832,2502,69,46,100,20,255,255,0,1,1,1,0
3877,宇宙工具：超空间手锯,获得超空间手锯。,0,39014,1337,1,0,0,0,0,0,0,0,0,102,82,0,0,10,255,255,0,1,1,1,0
3878,宇宙工具：超空间横头锤,获得超空间横头锤。,0,39113,1338,1,0,0,0,0,0,0,0,0,202,82,0,0,10,255,255,0,1,1,1,0
3879,宇宙工具：超空间圆头锤,获得超空间圆头锤。,0,39213,1339,1,0,0,0,0,0,0,0,0,302,82,0,0,10,255,255,0,1,1,1,0
3880,宇宙工具：超空间工艺锤,获得超空间工艺锤。,0,39312,1340,1,0,0,0,0,0,0,0,0,402,82,0,0,10,255,255,0,1,1,1,0
3881,宇宙工具：超空间圆革刀,获得超空间圆革刀。,0,39413,1341,1,0,0,0,0,0,0,0,0,502,82,0,0,10,255,255,0,1,1,1,0
3882,宇宙工具：超空间缝针,获得超空间缝针。,0,39513,1342,1,0,0,0,0,0,0,0,0,602,82,0,0,10,255,255,0,1,1,1,0
3883,宇宙工具：超空间蒸馏器,获得超空间蒸馏器。,0,39612,1343,1,0,0,0,0,0,0,0,0,702,82,0,0,10,255,255,0,1,1,1,0
3884,宇宙工具：超空间煎锅,获得超空间煎锅。,0,39715,1344,1,0,0,0,0,0,0,0,0,802,82,0,0,10,255,255,0,1,1,1,0
3885,宇宙工具：超空间鹤嘴锄,获得超空间鹤嘴锄。,0,38315,1345,1,0,0,0,0,0,0,0,0,902,82,0,0,10,255,255,0,1,1,1,0
3886,宇宙工具：超空间手斧,获得超空间手斧。,0,38413,1346,1,0,0,0,0,0,0,0,0,1002,82,0,0,10,255,255,0,1,1,1,0
3887,宇宙工具：超空间钓竿,获得超空间钓竿。,0,38516,1347,1,0,0,0,0,0,0,0,0,1102,82,0,0,10,255,255,0,1,1,1,0
3888,踏遍雾之迹,成功探索雾之迹（遗忘行路）的所有地区。,0,1001,1095,0,0,0,0,0,0,0,0,0,112,49,0,0,10,255,255,0,1,8,1,0
3889,狂奔列车的拦截者,在格莱杨拉波尔歼殛战中战胜格莱杨拉波尔。,0,317,20107,0,0,0,0,0,0,0,0,0,45,3,0,0,10,255,255,0,1,14,1,0
3890,踏遍商客奇谭,成功探索商客奇谭（多变迷宫）的所有地区。,0,1001,1114,0,0,0,0,0,0,0,0,0,2307,49,0,0,10,255,255,0,1,8,1,0
3891,,,0,0,0,0,0,0,0,0,0,0,0,0,0,0,0,0,0,0,0,0,0,0,0,0
3892,狩猎火仙女佩莉,在商客奇谭（多变迷宫）中战胜火仙女佩莉。,0,2513,1348,1,0,0,0,0,0,0,0,0,1220,2,0,0,5,255,255,0,1,1,1,3
3893,狩猎人鱼达莉娅,在商客奇谭（多变迷宫）中战胜人鱼达莉娅。,0,2513,1349,1,0,0,0,0,0,0,0,0,1221,2,0,0,5,255,255,0,1,1,1,3
3894,狩猎剑术大师,在商客奇谭（多变迷宫）中战胜剑术大师。,0,2513,1350,1,0,0,0,0,0,0,0,0,1222,2,0,0,5,255,255,0,1,1,1,3
3895,狩猎丹丹,在商客奇谭（多变迷宫）中战胜丹丹。,0,2513,1351,1,0,0,0,0,0,0,0,0,1223,2,0,0,5,255,255,0,1,1,1,3
3896,继承，努力超越,完成任务“继承，努力超越”。,0,26002,70978,0,0,0,0,0,0,0,0,830,698,35,0,0,20,255,255,0,1,6,1,3
3897,商客奇谭探索记,成功发现商客奇谭探索记中的所有故事。,50454,26182,4,70977,0,0,0,0,0,0,0,0,2311,49,43,90,10,255,195,3,1,31,1,0
3898,称霸商客奇谭,成功挑战深读商客奇谭（异变迷宫）。,0,317,38001,0,0,0,0,0,0,0,0,0,1224,2,0,0,10,255,255,0,1,14,1,0
3899,称霸异闻商客奇谭,成功挑战异闻商客奇谭（异闻迷宫）。,0,317,37007,0,0,0,0,0,0,0,0,831,1225,2,43,100,20,255,255,0,1,14,1,0
3900,家具设计师2025,在家具设计大赛2025中成功获奖。,0,1975,1355,1,0,0,0,0,0,0,0,833,900,19,0,0,0,255,255,0,0,1,1,1
