#,Name,NameShort,LevelingRoulette,HighLevelRoulette,MSQRoulette,GuildHestRoulette,ExpertRoulette,TrialRoulette,DailyFrontlineChallenge,LevelCapRoulette,MentorRoulette,Unknown0,Unknown1,Unknown2,Unknown3,Unknown4,AllianceRoulette,FeastTeamRoulette,NormalRaidRoulette,Unknown5,Unknown6,Unknown7,Unknown8,Unknown9,Unknown10,Unknown11,Unknown12,Unknown13,Unknown14,Unknown15,Unknown16,Unknown17,Unknown18,Unknown19,Unknown20,Unknown21,Unknown22,Unknown23,Unknown24,Unknown25,Unknown26,Unknown27,Unknown28,ShortCode,Unknown29,ContentCloseCycle,UnlockCriteria,UnlockCriteria2,JournalGenre,Transient,Image,Icon,Unknown32,Unknown58,TerritoryType,Content,ItemLevelRequired,ItemLevelSync,SortKey,ContentLinkType,RequiredExVersion,AcceptClassJobCategory,ContentMemberType,Unknown34,QueueMaxPlayers,UnlockType,UnlockType2,ClassJobLevelRequired,ClassJobLevelSync,LootModeType,RaidFinderParam,ContentType,ContentUICategory,PenaltyTimestampArrayIndex,Unknown41,PvP,Unknown_70_2,FixedItemLevelSync,AllowUndersized,NeedsMemberInEveryParty,Unknown57,AllowReplacement,AllowMinimumIL,AllowExplorerMode,RatedMatch,Rated,Unknown47,IsInDutyFinder,HighEndDuty,Unknown49,HasOnePlayerPerJobDetails,Unknown51,DutyRecorderAllowed,Unknown52,IsRegistrationHomeWorldLimited,Unknown54,Unknown55,Unknown56,IsRegistrationAllowedFromAnyDataCenter
0,,,False,False,False,False,False,False,False,False,False,False,False,False,False,False,False,False,False,False,False,False,False,False,False,False,False,False,False,False,False,False,False,False,False,False,False,False,False,False,False,False,False,,0,0,0,0,0,0,0,0,0,0,0,0,0,0,0,0,0,108,0,0,0,0,0,0,0,0,0,0,0,0,-1,False,False,False,False,False,False,True,True,False,False,False,False,False,False,False,False,False,False,True,False,False,False,True,True
1,监狱废墟托托·拉克千狱,,True,False,False,False,False,False,False,False,True,False,False,False,False,False,False,False,False,False,False,False,False,False,False,False,False,False,False,False,False,False,False,False,False,False,False,False,False,False,False,False,False,f1r1_re,0,0,0,0,284,1,112005,0,0,0,1039,1,0,0,5,1,0,108,2,0,0,0,0,24,27,1,0,2,6,0,-1,False,False,False,True,True,False,True,True,True,False,False,True,True,False,True,False,False,False,True,False,False,False,True,True
2,地下灵殿塔姆·塔拉墓园,,True,False,False,False,False,False,False,False,True,False,False,False,False,False,False,False,False,False,False,False,False,False,False,False,False,False,False,False,False,False,False,False,False,False,False,False,False,False,False,False,False,f1d1_re,0,0,0,0,284,2,112002,0,0,0,1037,2,0,0,2,1,0,108,2,0,0,0,0,16,19,1,0,2,6,0,-1,False,False,False,True,True,False,True,True,True,False,False,True,True,False,True,False,False,False,True,False,False,False,True,True
3,封锁坑道铜铃铜山,,True,False,False,False,False,False,False,False,True,False,False,False,False,False,False,False,False,False,False,False,False,False,False,False,False,False,False,False,False,False,False,False,False,False,False,False,False,False,False,False,False,w1d1_re,0,0,0,0,284,3,112003,0,0,0,1038,3,0,0,3,1,0,108,2,0,0,0,0,17,20,1,0,2,6,0,-1,False,False,False,True,True,False,True,True,True,False,False,True,True,False,True,False,False,False,True,False,False,False,True,True
4,天然要害沙斯塔夏溶洞,,True,False,False,False,False,False,False,False,True,False,False,False,False,False,False,False,False,False,False,False,False,False,False,False,False,False,False,False,False,False,False,False,False,False,False,False,False,False,False,False,False,s1d1_re,0,0,0,0,284,4,112001,0,0,0,1036,4,0,0,1,1,0,108,2,0,0,0,0,15,18,1,0,2,6,0,-1,False,False,False,True,True,False,True,True,True,False,False,True,True,False,True,False,False,False,True,False,False,False,True,True
5,毒雾洞窟黄金谷,,True,False,False,False,False,False,False,False,True,False,False,False,False,False,False,False,False,False,False,False,False,False,False,False,False,False,False,False,False,False,False,False,False,False,False,False,False,False,False,False,False,r1r2_re,0,0,0,0,284,5,112014,0,0,0,1331,5,0,0,12,1,0,108,2,0,0,0,0,47,49,1,0,2,6,0,-1,False,False,False,True,True,False,True,True,True,False,False,True,True,False,True,False,False,False,True,False,False,False,True,True
6,名门府邸静语庄园,,True,False,False,False,False,False,False,False,True,False,False,False,False,False,False,False,False,False,False,False,False,False,False,False,False,False,False,False,False,False,False,False,False,False,False,False,False,False,False,False,False,f1d2_re,0,0,0,0,284,6,112006,0,0,0,1040,6,0,0,6,1,0,108,2,0,0,0,0,28,31,1,0,2,6,0,-1,False,False,False,True,True,False,True,True,True,False,False,True,True,False,True,False,False,False,True,False,False,False,True,True
7,魔兽领域日影地修炼所,,True,False,False,False,False,False,False,False,True,False,False,False,False,False,False,False,False,False,False,False,False,False,False,False,False,False,False,False,False,False,False,False,False,False,False,False,False,False,False,False,False,w1d2_re,0,0,0,0,284,7,112004,0,0,0,1245,7,0,0,4,1,0,108,2,0,0,0,0,20,23,1,0,2,6,0,-1,False,False,False,True,True,False,True,True,True,False,False,True,True,False,True,False,False,False,True,False,False,False,True,True
8,休养胜地布雷福洛克斯野营地,,True,False,False,False,False,False,False,False,True,False,False,False,False,False,False,False,False,False,False,False,False,False,False,False,False,False,False,False,False,False,False,False,False,False,False,False,False,False,False,False,False,s1d2_re,0,0,0,0,284,8,112007,0,0,0,1041,8,0,0,7,1,0,108,2,0,0,0,0,32,34,1,0,2,6,0,-1,False,False,False,True,True,False,True,True,True,False,False,True,True,False,True,False,False,False,True,False,False,False,True,True
9,古代遗迹喀恩埋没圣堂,,True,False,False,False,False,False,False,False,True,False,False,False,False,False,False,False,False,False,False,False,False,False,False,False,False,False,False,False,False,False,False,False,False,False,False,False,False,False,False,False,False,w1d3_re,0,0,0,0,284,9,112009,0,0,0,1267,9,0,0,8,1,0,108,2,0,0,0,0,35,37,1,0,2,6,0,-1,False,False,False,True,True,False,True,True,True,False,False,True,True,False,True,False,False,False,True,False,False,False,True,True
10,神灵圣域放浪神古神殿,,False,True,False,False,False,False,False,False,True,False,False,False,False,False,False,False,False,False,False,False,False,False,False,False,False,False,False,False,False,False,False,False,False,False,False,False,False,False,False,False,False,s1d3,0,0,0,0,284,10,112010,0,0,0,159,10,45,110,13,1,0,108,2,0,0,0,0,50,50,1,0,2,6,0,-1,False,False,False,True,True,False,True,True,True,False,False,True,True,False,True,False,False,False,True,False,False,False,True,True
11,对龙城塞石卫塔,,True,False,False,False,False,False,False,False,True,False,False,False,False,False,False,False,False,False,False,False,False,False,False,False,False,False,False,False,False,False,False,False,False,False,False,False,False,False,False,False,False,r1d1_re,0,0,0,0,284,11,112012,0,0,0,1042,11,0,0,10,1,0,108,2,0,0,0,0,41,43,1,0,2,6,0,-1,False,False,False,True,True,False,True,True,True,False,False,True,True,False,True,False,False,False,True,False,False,False,True,True
12,流沙迷宫樵鸣洞,,True,False,False,False,False,False,False,False,True,False,False,False,False,False,False,False,False,False,False,False,False,False,False,False,False,False,False,False,False,False,False,False,False,False,False,False,False,False,False,False,False,w1r1_re,0,0,0,0,284,12,112011,0,0,0,1303,12,0,0,9,1,0,108,2,0,0,0,0,38,40,1,0,2,6,0,-1,False,False,False,True,True,False,True,True,True,False,False,True,True,False,True,False,False,False,True,False,False,False,True,True
13,山中战线泽梅尔要塞,,True,False,False,False,False,False,False,False,True,False,False,False,False,False,False,False,False,False,False,False,False,False,False,False,False,False,False,False,False,False,False,False,False,False,False,False,False,False,False,False,False,r1r1_re,0,0,0,0,284,13,112013,0,0,0,1330,13,0,0,11,1,0,108,2,0,0,0,0,44,46,1,0,2,6,0,-1,False,False,False,True,True,False,True,True,True,False,False,True,True,False,True,False,False,False,True,False,False,False,True,True
14,邪教驻地无限城古堡,,False,True,False,False,False,False,False,False,True,False,False,False,False,False,False,False,False,False,False,False,False,False,False,False,False,False,False,False,False,False,False,False,False,False,False,False,False,False,False,False,False,f1d3,0,0,0,0,284,14,112015,0,0,0,167,14,45,110,16,1,0,108,2,0,0,0,0,50,50,1,0,2,6,0,-1,False,False,False,True,True,False,True,True,True,False,False,True,True,False,True,False,False,False,True,False,False,False,True,True
15,神兵要塞帝国南方堡,,False,False,True,False,False,False,False,False,True,False,False,False,False,False,False,False,False,False,False,False,False,False,False,False,False,False,False,False,False,False,False,False,False,False,False,False,False,False,False,False,False,w1d4_re,0,0,0,0,284,15,112016,0,0,0,1043,15,42,60,14,1,0,108,2,0,0,0,0,50,50,0,0,2,6,0,-1,False,False,False,True,True,False,True,True,True,False,False,True,True,False,True,False,False,False,True,False,False,False,True,True
16,最终决战天幕魔导城,,False,False,True,False,False,False,False,False,True,False,False,False,False,False,False,False,False,False,False,False,False,False,False,False,False,False,False,False,False,False,False,False,False,False,False,False,False,False,False,False,False,w1d5_re,0,0,0,0,284,16,112017,0,0,0,1044,86,42,60,15,1,0,108,2,0,0,0,0,50,50,0,0,2,6,0,-1,False,False,False,True,True,False,True,True,True,False,False,True,True,False,True,False,False,False,True,False,False,False,True,True
17,领航明灯天狼星灯塔,,False,True,False,False,False,False,False,False,True,False,False,False,False,False,False,False,False,False,False,False,False,False,False,False,False,False,False,False,False,False,False,False,False,False,False,False,False,False,False,False,False,s1d4,0,0,0,0,284,17,112027,0,0,0,160,17,48,110,17,1,0,108,2,0,0,0,0,50,50,1,0,2,6,0,-1,False,False,False,True,True,False,True,True,True,False,False,True,True,False,True,False,False,False,True,False,False,False,True,True
18,骚乱坑道铜铃铜山,,False,True,False,False,False,False,False,False,True,False,False,False,False,False,False,False,False,False,False,False,False,False,False,False,False,False,False,False,False,False,False,False,False,False,False,False,False,False,False,False,False,w1d6,0,0,0,0,284,18,112025,0,0,0,349,18,48,110,18,1,0,108,2,0,0,0,0,50,50,1,0,2,6,0,-1,False,False,False,True,True,False,True,True,True,False,False,True,True,False,True,False,False,False,True,False,False,False,True,True
19,恶灵府邸静语庄园,,False,True,False,False,False,False,False,False,True,False,False,False,False,False,False,False,False,False,False,False,False,False,False,False,False,False,False,False,False,False,False,False,False,False,False,False,False,False,False,False,False,f1d4,0,0,0,0,284,19,112026,0,0,0,350,19,48,110,19,1,0,108,2,0,0,0,0,50,50,1,0,2,6,0,-1,False,False,False,True,True,False,True,True,True,False,False,True,True,False,True,False,False,False,True,False,False,False,True,True
20,纷争要地布雷福洛克斯野营地,,False,True,False,False,False,False,False,False,True,False,False,False,False,False,False,False,False,False,False,False,False,False,False,False,False,False,False,False,False,False,False,False,False,False,False,False,False,False,False,False,False,s1d6,0,0,0,0,284,20,112048,0,0,0,362,20,55,110,22,1,0,108,2,0,0,0,0,50,50,1,0,2,6,0,-1,False,False,False,True,True,False,True,True,True,False,False,True,True,False,True,False,False,False,True,False,False,False,True,True
21,剑斗领域日影地修炼所,,False,True,False,False,False,False,False,False,True,False,False,False,False,False,False,False,False,False,False,False,False,False,False,False,False,False,False,False,False,False,False,False,False,False,False,False,False,False,False,False,False,w1d7,0,0,0,0,284,21,112049,0,0,0,360,21,55,110,21,1,0,108,2,0,0,0,0,50,50,1,0,2,6,0,-1,False,False,False,True,True,False,True,True,True,False,False,True,True,False,True,False,False,False,True,False,False,False,True,True
22,腐坏遗迹无限城市街古迹,,False,True,False,False,False,False,False,False,True,False,False,False,False,False,False,False,False,False,False,False,False,False,False,False,False,False,False,False,False,False,False,False,False,False,False,False,False,False,False,False,False,f1d5,0,0,0,0,284,22,112042,0,0,0,363,22,55,110,20,1,0,108,2,0,0,0,0,50,50,1,0,2,6,0,-1,False,False,False,True,True,False,True,True,True,False,False,True,True,False,True,False,False,False,True,False,False,False,True,True
23,财宝传说破舰岛,,False,True,False,False,False,False,False,False,True,False,False,False,False,False,False,False,False,False,False,False,False,False,False,False,False,False,False,False,False,False,False,False,False,False,False,False,False,False,False,False,False,s1d5,0,0,0,0,284,23,112058,0,0,0,361,23,70,110,23,1,0,108,2,0,0,0,0,50,50,1,0,2,6,0,-1,False,False,False,True,True,False,True,True,True,False,False,True,True,False,True,False,False,False,True,False,False,False,True,True
24,惨剧灵殿塔姆·塔拉墓园,,False,True,False,False,False,False,False,False,True,False,False,False,False,False,False,False,False,False,False,False,False,False,False,False,False,False,False,False,False,False,False,False,False,False,False,False,False,False,False,False,False,f1d6,0,0,0,0,284,24,112059,0,0,0,373,24,70,110,24,1,0,108,2,0,0,0,0,50,50,1,0,2,6,0,-1,False,False,False,True,True,False,True,True,True,False,False,True,True,False,True,False,False,False,True,False,False,False,True,True
25,激战城塞石卫塔,,False,True,False,False,False,False,False,False,True,False,False,False,False,False,False,False,False,False,False,False,False,False,False,False,False,False,False,False,False,False,False,False,False,False,False,False,False,False,False,False,False,r1d2,0,0,0,0,284,25,112060,0,0,0,365,25,70,110,25,1,0,108,2,0,0,0,0,50,50,1,0,2,6,0,-1,False,False,False,True,True,False,True,True,True,False,False,True,True,False,True,False,False,False,True,False,False,False,True,True
26,苏醒遗迹喀恩埋没圣堂,,False,True,False,False,False,False,False,False,True,False,False,False,False,False,False,False,False,False,False,False,False,False,False,False,False,False,False,False,False,False,False,False,False,False,False,False,False,False,False,False,False,w1d8,0,0,0,0,284,26,112068,0,0,0,367,26,80,0,28,1,0,108,2,0,0,0,0,50,50,1,0,2,6,0,-1,False,False,False,True,True,False,True,True,True,False,False,True,True,False,True,False,False,False,True,False,False,False,True,True
27,凛冽洞天披雪大冰壁,,False,True,False,False,False,False,False,False,True,False,False,False,False,False,False,False,False,False,False,False,False,False,False,False,False,False,False,False,False,False,False,False,False,False,False,False,False,False,False,False,False,r1d3_re,0,0,0,0,284,27,112066,0,0,0,1062,27,80,0,26,1,0,108,2,0,0,0,0,50,50,1,0,2,6,0,-1,False,False,False,True,True,False,True,True,True,False,False,True,True,False,True,False,False,False,True,False,False,False,True,True
28,逆转要害沙斯塔夏溶洞,,False,True,False,False,False,False,False,False,True,False,False,False,False,False,False,False,False,False,False,False,False,False,False,False,False,False,False,False,False,False,False,False,False,False,False,False,False,False,False,False,False,s1d7,0,0,0,0,284,28,112067,0,0,0,387,28,80,0,27,1,0,108,2,0,0,0,0,50,50,1,0,2,6,0,-1,False,False,False,True,True,False,True,True,True,False,False,True,True,False,True,False,False,False,True,False,False,False,True,True
29,邪念妖地无限城古堡,,False,True,False,False,False,False,False,False,True,False,False,False,False,False,False,False,False,False,False,False,False,False,False,False,False,False,False,False,False,False,False,False,False,False,False,False,False,False,False,False,False,f1d7,0,0,0,0,284,29,112077,0,0,0,189,29,90,0,31,1,0,108,2,0,0,0,0,50,50,1,0,2,6,0,-1,False,False,False,True,True,False,True,True,True,False,False,True,True,False,True,False,False,False,True,False,False,False,True,True
30,武装圣域放浪神古神殿,,False,True,False,False,False,False,False,False,True,False,False,False,False,False,False,False,False,False,False,False,False,False,False,False,False,False,False,False,False,False,False,False,False,False,False,False,False,False,False,False,False,s1d8,0,0,0,0,284,30,112078,0,0,0,188,30,90,0,30,1,0,108,2,0,0,0,0,50,50,1,0,2,6,0,-1,False,False,False,True,True,False,True,True,True,False,False,True,True,False,True,False,False,False,True,False,False,False,True,True
31,学识宝库迦巴勒幻想图书馆,,True,False,False,False,False,False,False,False,True,False,False,False,False,False,False,False,False,False,False,False,False,False,False,False,False,False,False,False,False,False,False,False,False,False,False,False,False,False,False,False,False,d2d3_re,0,0,0,0,287,31,112091,0,0,0,1109,31,120,150,44,1,1,108,2,0,0,0,0,59,60,1,0,2,7,0,-1,False,False,False,True,True,False,True,True,True,False,False,True,True,False,True,False,False,False,True,False,False,False,True,True
32,幻龙残骸密约之塔,,False,True,False,False,False,False,False,False,True,False,False,False,False,False,False,False,False,False,False,False,False,False,False,False,False,False,False,False,False,False,False,False,False,False,False,False,False,False,False,False,False,l1d1_re,0,0,0,0,284,32,112076,0,0,0,1063,32,90,0,29,1,0,108,2,0,0,0,0,50,50,1,0,2,6,0,-1,False,False,False,True,True,False,True,True,True,False,False,True,True,False,True,False,False,False,True,False,False,False,True,True
33,空中神域不获岛,,False,True,False,False,False,False,False,False,True,False,False,False,False,False,False,False,False,False,False,False,False,False,False,False,False,False,False,False,False,False,False,False,False,False,False,False,False,False,False,False,False,a2d2,0,0,0,0,287,33,112093,0,0,0,420,33,145,210,46,1,1,108,2,0,0,0,0,60,60,1,0,2,7,0,-1,False,False,False,True,True,False,True,True,True,False,False,True,True,False,True,False,False,False,True,False,False,False,True,True
34,圣教中枢伊修加德教皇厅,,True,False,False,False,False,False,False,False,True,False,False,False,False,False,False,False,False,False,False,False,False,False,False,False,False,False,False,False,False,False,False,False,False,False,False,False,False,False,False,False,False,r2d2_re,0,0,0,0,287,34,112090,0,0,0,1066,34,115,0,43,1,1,108,2,0,0,0,0,57,58,1,0,2,7,0,-1,False,False,False,True,True,False,True,True,True,False,False,True,True,False,True,False,False,False,True,False,False,False,True,True
35,博物战舰无限回廊,,False,True,False,False,False,False,False,False,True,False,False,False,False,False,False,False,False,False,False,False,False,False,False,False,False,False,False,False,False,False,False,False,False,False,False,False,False,False,False,False,False,a2d3,0,0,0,0,287,35,112094,0,0,0,430,35,145,210,47,1,1,108,2,0,0,0,0,60,60,1,0,2,7,0,-1,False,False,False,True,True,False,True,True,True,False,False,True,True,False,True,False,False,False,True,False,False,False,True,True
36,冰雪废堡暮卫塔,,True,False,False,False,False,False,False,False,True,False,False,False,False,False,False,False,False,False,False,False,False,False,False,False,False,False,False,False,False,False,False,False,False,False,False,False,False,False,False,False,False,r2d1,0,0,0,0,287,36,112087,0,0,0,434,36,100,0,40,1,1,108,2,0,0,0,0,51,52,1,0,2,7,0,-1,False,False,False,True,True,False,True,True,True,False,False,True,True,False,True,False,False,False,True,False,False,False,True,True
37,天山绝顶索姆阿尔灵峰,,True,False,False,False,False,False,False,False,True,False,False,False,False,False,False,False,False,False,False,False,False,False,False,False,False,False,False,False,False,False,False,False,False,False,False,False,False,False,False,False,False,d2d1_re,0,0,0,0,287,37,112088,0,0,0,1064,37,105,0,41,1,1,108,2,0,0,0,0,53,54,1,0,2,7,0,-1,False,False,False,True,True,False,True,True,True,False,False,True,True,False,True,False,False,False,True,False,False,False,True,True
38,血战苍穹魔科学研究所,,False,True,False,False,False,False,False,False,True,False,False,False,False,False,False,False,False,False,False,False,False,False,False,False,False,False,False,False,False,False,False,False,False,False,False,False,False,False,False,False,False,a2d1_re,0,0,0,0,287,38,112092,0,0,0,1110,38,142,180,45,1,1,108,2,0,0,0,0,60,60,0,0,2,7,0,-1,False,False,False,True,True,False,True,True,True,False,False,True,True,False,True,False,False,False,True,False,False,False,True,True
39,邪龙王座龙巢神殿,,True,False,False,False,False,False,False,False,True,False,False,False,False,False,False,False,False,False,False,False,False,False,False,False,False,False,False,False,False,False,False,False,False,False,False,False,False,False,False,False,False,d2d2_re,0,0,0,0,287,39,112089,0,0,0,1065,39,110,0,42,1,1,108,2,0,0,0,0,55,56,1,0,2,7,0,-1,False,False,False,True,True,False,True,True,True,False,False,True,True,False,True,False,False,False,True,False,False,False,True,True
40,地脉灵灯天狼星灯塔,,False,True,False,False,False,False,False,False,True,False,False,False,False,False,False,False,False,False,False,False,False,False,False,False,False,False,False,False,False,False,False,False,False,False,False,False,False,False,False,False,False,s1d9,0,0,0,0,287,40,112117,0,0,0,510,40,170,240,49,1,1,108,2,0,0,0,0,60,60,1,0,2,7,0,-1,False,False,False,True,True,False,True,True,True,False,False,True,True,False,True,False,False,False,True,False,False,False,True,True
41,草木庭园圣茉夏娜植物园,,False,True,False,False,False,False,False,False,True,False,False,False,False,False,False,False,False,False,False,False,False,False,False,False,False,False,False,False,False,False,False,False,False,False,False,False,False,False,False,False,False,d2d4,0,0,0,0,287,41,112116,0,0,0,511,41,170,240,48,1,1,108,2,0,0,0,0,60,60,1,0,2,7,0,-1,False,False,False,True,True,False,True,True,True,False,False,True,True,False,True,False,False,False,True,False,False,False,True,True
42,完成集团战训练！,,False,False,False,True,False,False,False,False,True,False,False,False,False,False,False,False,False,False,False,False,False,False,False,False,False,False,False,False,False,False,False,False,False,False,False,False,False,False,False,False,False,go001,0,0,0,0,311,1001,111006,0,0,0,214,10001,0,0,1,1,0,108,2,0,0,0,0,10,11,0,0,3,0,0,-1,False,False,False,False,False,False,True,True,False,False,False,True,True,False,True,False,False,False,True,False,False,False,True,True
43,讨伐彷徨死灵！,,False,False,False,True,False,False,False,False,True,False,False,False,False,False,False,False,False,False,False,False,False,False,False,False,False,False,False,False,False,False,False,False,False,False,False,False,False,False,False,False,False,go002,0,0,0,0,311,1002,111001,0,0,0,190,10002,0,0,2,1,0,108,2,0,0,0,0,10,11,0,0,3,0,0,-1,False,False,False,False,False,False,True,True,False,False,False,True,True,False,True,False,False,False,True,False,False,False,True,True
44,突破所有关门，讨伐最深处的敌人！,,False,False,False,True,False,False,False,False,True,False,False,False,False,False,False,False,False,False,False,False,False,False,False,False,False,False,False,False,False,False,False,False,False,False,False,False,False,False,False,False,False,go003,0,0,0,0,311,1003,111007,0,0,0,215,10003,0,0,3,1,0,108,2,0,0,0,0,15,16,0,0,3,0,0,-1,False,False,False,False,False,False,True,True,False,False,False,True,True,False,True,False,False,False,True,False,False,False,True,True
45,捕获金币龟！,,False,False,False,True,False,False,False,False,True,False,False,False,False,False,False,False,False,False,False,False,False,False,False,False,False,False,False,False,False,False,False,False,False,False,False,False,False,False,False,False,False,go004,0,0,0,0,311,1004,111008,0,0,0,216,10004,0,0,4,1,0,108,2,0,0,0,0,15,16,0,0,3,0,0,-1,False,False,False,False,False,False,True,True,False,False,False,True,True,False,True,False,False,False,True,False,False,False,True,True
46,驱除剧毒妖花！,,False,False,False,True,False,False,False,False,True,False,False,False,False,False,False,False,False,False,False,False,False,False,False,False,False,False,False,False,False,False,False,False,False,False,False,False,False,False,False,False,False,go005,0,0,0,0,311,1005,111002,0,0,0,191,10005,0,0,5,1,0,108,2,0,0,0,0,20,21,0,0,3,0,0,-1,False,False,False,False,False,False,True,True,False,False,False,True,True,False,True,False,False,False,True,False,False,False,True,True
47,消灭恶徒团伙寄生蜂团！,,False,False,False,True,False,False,False,False,True,False,False,False,False,False,False,False,False,False,False,False,False,False,False,False,False,False,False,False,False,False,False,False,False,False,False,False,False,False,False,False,False,go006,0,0,0,0,311,1006,111003,0,0,0,192,10006,0,0,6,1,0,108,2,0,0,0,0,20,21,0,0,3,0,0,-1,False,False,False,False,False,False,True,True,False,False,False,True,True,False,True,False,False,False,True,False,False,False,True,True
48,讨伐梦幻之布拉奇希奥！,,False,False,False,True,False,False,False,False,True,False,False,False,False,False,False,False,False,False,False,False,False,False,False,False,False,False,False,False,False,False,False,False,False,False,False,False,False,False,False,False,False,go007,0,0,0,0,311,1007,111005,0,0,0,220,10007,0,0,7,1,0,108,2,0,0,0,0,25,26,0,0,3,0,0,-1,False,False,False,False,False,False,True,True,False,False,False,True,True,False,True,False,False,False,True,False,False,False,True,True
49,击溃哥布林炸弹军团！,,False,False,False,True,False,False,False,False,True,False,False,False,False,False,False,False,False,False,False,False,False,False,False,False,False,False,False,False,False,False,False,False,False,False,False,False,False,False,False,False,False,go008,0,0,0,0,311,1008,111004,0,0,0,219,10008,0,0,8,1,0,108,2,0,0,0,0,25,26,0,0,3,0,0,-1,False,False,False,False,False,False,True,True,False,False,False,True,True,False,True,False,False,False,True,False,False,False,True,True
50,讨伐污染源头魔界花！,,False,False,False,True,False,False,False,False,True,False,False,False,False,False,False,False,False,False,False,False,False,False,False,False,False,False,False,False,False,False,False,False,False,False,False,False,False,False,False,False,False,go009,0,0,0,0,311,1009,111009,0,0,0,221,10009,0,0,9,1,0,108,2,0,0,0,0,30,31,0,0,3,0,0,-1,False,False,False,False,False,False,True,True,False,False,False,True,True,False,True,False,False,False,True,False,False,False,True,True
51,讨伐坑道中出现的妖异！,,False,False,False,True,False,False,False,False,True,False,False,False,False,False,False,False,False,False,False,False,False,False,False,False,False,False,False,False,False,False,False,False,False,False,False,False,False,False,False,False,False,go010,0,0,0,0,311,1010,111010,0,0,0,222,10010,0,0,10,1,0,108,2,0,0,0,0,30,31,0,0,3,0,0,-1,False,False,False,False,False,False,True,True,False,False,False,True,True,False,True,False,False,False,True,False,False,False,True,True
52,注意无敌的眷属，讨伐大型妖异！,,False,False,False,True,False,False,False,False,True,False,False,False,False,False,False,False,False,False,False,False,False,False,False,False,False,False,False,False,False,False,False,False,False,False,False,False,False,False,False,False,False,go011,0,0,0,0,311,1011,111011,0,0,0,223,10011,0,0,11,1,0,108,2,0,0,0,0,35,36,0,0,3,0,0,-1,False,False,False,False,False,False,True,True,False,False,False,True,True,False,True,False,False,False,True,False,False,False,True,True
53,讨伐爆弹怪的女王！,,False,False,False,True,False,False,False,False,True,False,False,False,False,False,False,False,False,False,False,False,False,False,False,False,False,False,False,False,False,False,False,False,False,False,False,False,False,False,False,False,False,go012,0,0,0,0,311,1012,111012,0,0,0,298,10012,0,0,12,1,0,108,2,0,0,0,0,35,36,0,0,3,0,0,-1,False,False,False,False,False,False,True,True,False,False,False,True,True,False,True,False,False,False,True,False,False,False,True,True
54,歼灭特殊阵型的妖异！,,False,False,False,True,False,False,False,False,True,False,False,False,False,False,False,False,False,False,False,False,False,False,False,False,False,False,False,False,False,False,False,False,False,False,False,False,False,False,False,False,False,go013,0,0,0,0,311,1013,111013,0,0,0,299,10013,0,0,13,1,0,108,2,0,0,0,0,40,41,0,0,3,0,0,-1,False,False,False,False,False,False,True,True,False,False,False,True,True,False,True,False,False,False,True,False,False,False,True,True
55,制止三方混战的巨人族，守住遗物！,,False,False,False,True,False,False,False,False,True,False,False,False,False,False,False,False,False,False,False,False,False,False,False,False,False,False,False,False,False,False,False,False,False,False,False,False,False,False,False,False,False,go014,0,0,0,0,311,1014,111014,0,0,0,300,10014,0,0,14,1,0,108,3,0,0,0,0,40,41,0,0,3,0,0,-1,False,False,False,False,False,False,True,True,False,False,False,True,True,False,True,False,False,False,True,False,False,False,True,True
56,伊弗利特讨伐战,,True,False,False,False,False,False,False,False,True,False,False,False,False,False,False,False,False,False,False,False,False,False,False,False,False,False,False,False,False,False,False,False,False,False,False,False,False,False,False,False,False,w1fa_re,0,0,0,0,286,2001,112008,0,0,0,1045,20001,0,0,1,1,0,108,2,0,0,0,0,20,22,0,0,4,8,0,-1,False,False,False,True,True,False,True,True,False,False,False,True,True,False,True,False,False,False,True,False,False,False,True,True
57,泰坦讨伐战,,True,False,False,False,False,False,False,False,True,False,False,False,False,False,False,False,False,False,False,False,False,False,False,False,False,False,False,False,False,False,False,False,False,False,False,False,False,False,False,False,False,s1fa_re,0,0,0,0,286,2002,112018,0,0,0,1046,20002,0,0,2,1,0,108,2,0,0,0,0,34,36,0,0,4,8,0,-1,False,False,False,True,True,False,True,True,False,False,False,True,True,False,True,False,False,False,True,False,False,False,True,True
58,迦楼罗讨伐战,,True,False,False,False,False,False,False,False,True,False,False,False,False,False,False,False,False,False,False,False,False,False,False,False,False,False,False,False,False,False,False,False,False,False,False,False,False,False,False,False,False,r1fa_re,0,0,0,0,286,2003,112019,0,0,0,1047,20003,0,0,3,1,0,108,2,0,0,0,0,44,46,0,0,4,8,0,-1,False,False,False,True,True,False,True,True,False,False,False,True,True,False,True,False,False,False,True,False,False,False,True,True
59,伊弗利特歼灭战,,False,False,False,False,False,True,False,False,True,False,False,False,False,False,False,False,False,False,False,False,False,False,False,False,False,False,False,False,False,False,False,False,False,False,False,False,False,False,False,False,False,w1fa_2,0,0,0,0,286,2004,112021,0,0,0,292,20004,49,0,12,1,0,108,3,0,0,0,0,50,50,1,0,4,8,0,-1,False,False,False,True,True,False,True,True,False,False,False,True,True,False,True,False,False,False,True,False,False,False,True,True
60,泰坦歼灭战,,False,False,False,False,False,True,False,False,True,False,False,False,False,False,False,False,False,False,False,False,False,False,False,False,False,False,False,False,False,False,False,False,False,False,False,False,False,False,False,False,False,s1fa_2,0,0,0,0,286,2005,112022,0,0,0,293,20005,57,0,14,1,0,108,3,0,0,0,0,50,50,1,0,4,8,0,-1,False,False,False,True,True,False,True,True,False,False,False,True,True,False,True,False,False,False,True,False,False,False,True,True
61,迦楼罗歼灭战,,False,False,False,False,False,True,False,False,True,False,False,False,False,False,False,False,False,False,False,False,False,False,False,False,False,False,False,False,False,False,False,False,False,False,False,False,False,False,False,False,False,r1fa_2,0,0,0,0,286,2006,112023,0,0,0,294,20006,52,0,13,1,0,108,3,0,0,0,0,50,50,1,0,4,8,0,-1,False,False,False,True,True,False,True,True,False,False,False,True,True,False,True,False,False,False,True,False,False,False,True,True
62,,,False,False,False,False,False,False,False,False,False,False,False,False,False,False,False,False,False,False,False,False,False,False,False,False,False,False,False,False,False,False,False,False,False,False,False,False,False,False,False,False,False,,0,0,0,0,0,0,0,0,0,0,0,0,0,0,0,0,0,0,0,0,0,0,0,0,0,0,0,0,0,0,0,False,False,False,False,False,False,False,False,False,False,False,False,False,False,False,False,False,False,False,False,False,False,False,False
63,伊弗利特歼殛战,,False,False,False,False,False,False,False,False,True,False,False,False,False,False,False,False,False,False,False,False,False,False,False,False,False,False,False,False,False,False,False,False,False,False,False,False,False,False,False,False,False,w1fa_3,0,0,0,0,286,2008,112028,0,0,0,295,20008,70,0,103,1,0,108,3,0,0,0,0,50,50,1,0,4,19,0,-1,False,False,False,True,True,False,True,True,False,False,False,True,True,False,True,False,False,False,True,False,False,False,True,True
64,泰坦歼殛战,,False,False,False,False,False,False,False,False,True,False,False,False,False,False,False,False,False,False,False,False,False,False,False,False,False,False,False,False,False,False,False,False,False,False,False,False,False,False,False,False,False,s1fa_3,0,0,0,0,286,2009,112029,0,0,0,296,20009,67,0,102,1,0,108,3,0,0,0,0,50,50,1,0,4,19,0,-1,False,False,False,True,True,False,True,True,False,False,False,True,True,False,True,False,False,False,True,False,False,False,True,True
65,迦楼罗歼殛战,,False,False,False,False,False,False,False,False,True,False,False,False,False,False,False,False,False,False,False,False,False,False,False,False,False,False,False,False,False,False,False,False,False,False,False,False,False,False,False,False,False,r1fa_3,0,0,0,0,286,2010,112030,0,0,0,297,20010,65,0,101,1,0,108,3,0,0,0,0,50,50,1,0,4,19,0,-1,False,False,False,True,True,False,True,True,False,False,False,True,True,False,True,False,False,False,True,False,False,False,True,True
66,莫古力贤王歼灭战,,False,False,False,False,False,True,False,False,True,False,False,False,False,False,False,False,False,False,False,False,False,False,False,False,False,False,False,False,False,False,False,False,False,False,False,False,False,False,False,False,False,f1fa_re,0,0,0,0,286,2011,112031,0,0,0,1067,20011,54,0,15,1,0,108,3,0,0,0,0,50,50,1,0,4,8,0,-1,False,False,False,True,True,False,True,True,False,False,False,True,True,False,True,False,False,False,True,False,False,False,True,True
67,莫古力贤王歼殛战,,False,False,False,False,False,False,False,False,True,False,False,False,False,False,False,False,False,False,False,False,False,False,False,False,False,False,False,False,False,False,False,False,False,False,False,False,False,False,False,False,False,f1fa_2,0,0,0,0,286,2012,112050,0,0,0,364,20012,80,0,104,1,0,108,3,0,0,0,0,50,50,1,0,4,19,0,-1,False,False,False,True,True,False,True,True,False,False,False,True,True,False,True,False,False,False,True,False,False,False,True,True
68,究极神兵假想作战,,False,False,False,False,False,False,False,False,True,False,False,False,False,False,False,False,False,False,False,False,False,False,False,False,False,False,False,False,False,False,False,False,False,False,False,False,False,False,False,False,False,w1fb,0,0,0,0,286,2013,112032,0,0,0,348,20013,61,0,100,1,0,108,3,0,0,0,0,50,50,1,0,4,19,0,-1,False,False,False,True,True,False,True,True,False,False,False,True,True,False,True,False,False,False,True,False,False,False,True,True
69,阿修罗歼灭战,,False,False,False,False,False,False,False,False,False,False,False,False,False,False,False,False,False,False,False,False,False,False,False,False,False,False,False,False,False,False,False,False,False,False,False,False,False,False,False,False,False,z1z4,0,0,0,0,302,2091,112536,0,0,0,509,20014,0,0,9999,1,4,108,3,0,0,0,0,90,90,0,0,4,38,0,-1,False,False,False,False,False,False,True,True,False,False,False,True,True,False,True,False,False,False,True,False,False,False,True,True
70,活动挑战2,,False,False,False,False,False,False,False,False,False,False,False,False,False,False,False,False,False,False,False,False,False,False,False,False,False,False,False,False,False,False,False,False,False,False,False,False,False,False,False,False,False,z1z1,0,0,0,0,293,0,112320,0,0,0,353,20015,0,0,9997,1,2,108,3,0,0,0,0,70,70,0,0,4,0,0,-1,False,False,False,True,True,False,False,False,False,False,False,True,True,False,True,False,False,False,True,False,False,False,True,True
71,活动挑战3,,False,False,False,False,False,False,False,False,False,False,False,False,False,False,False,False,False,False,False,False,False,False,False,False,False,False,False,False,False,False,False,False,False,False,False,False,False,False,False,False,False,z1z2,0,0,0,0,289,0,112358,0,0,0,354,20016,0,0,9998,1,3,108,3,0,0,0,0,73,74,0,0,4,0,0,-1,False,False,False,True,True,False,True,False,False,False,False,True,True,False,True,False,False,False,True,False,False,False,True,True
72,利维亚桑歼灭战,,False,False,False,False,False,True,False,False,True,False,False,False,False,False,False,False,False,False,False,False,False,False,False,False,False,False,False,False,False,False,False,False,False,False,False,False,False,False,False,False,False,o1fa,0,0,0,0,286,2014,112051,0,0,0,281,20017,60,0,16,1,0,108,3,0,0,0,0,50,50,0,0,4,8,0,-1,False,False,False,True,True,False,True,True,False,False,False,True,True,False,True,False,False,False,True,False,False,False,True,True
73,利维亚桑歼殛战,,False,False,False,False,False,False,False,False,True,False,False,False,False,False,False,False,False,False,False,False,False,False,False,False,False,False,False,False,False,False,False,False,False,False,False,False,False,False,False,False,False,o1fa_2,0,0,0,0,286,2015,112052,0,0,0,359,20018,80,0,105,1,0,108,3,0,0,0,0,50,50,1,0,4,19,0,-1,False,False,False,True,True,False,True,True,False,False,False,True,True,False,True,False,False,False,True,False,False,False,True,True
74,死化奇美拉讨伐战,,False,False,False,False,False,True,False,False,True,False,False,False,False,False,False,False,False,False,False,False,False,False,False,False,False,False,False,False,False,False,False,False,False,False,False,False,False,False,False,False,False,r1f1_battle,0,0,0,0,286,2016,112053,0,0,0,368,20019,52,0,7,1,0,108,3,0,0,0,0,50,50,0,0,4,8,0,-1,False,False,False,True,True,False,True,True,False,False,False,True,True,False,True,False,False,False,True,False,False,False,True,True
75,海德拉讨伐战,,False,False,False,False,False,True,False,False,True,False,False,False,False,False,False,False,False,False,False,False,False,False,False,False,False,False,False,False,False,False,False,False,False,False,False,False,False,False,False,False,False,w1d2_battle,0,0,0,0,286,2017,112055,0,0,0,369,20020,52,0,8,1,0,108,3,0,0,0,0,50,50,0,0,4,8,0,-1,False,False,False,True,True,False,True,True,False,False,False,True,True,False,True,False,False,False,True,False,False,False,True,True
76,大桥上的决斗,,False,False,False,False,False,True,False,False,True,False,False,False,False,False,False,False,False,False,False,False,False,False,False,False,False,False,False,False,False,False,False,False,False,False,False,False,False,False,False,False,False,r1fb,0,0,0,0,286,2018,112054,0,0,0,366,20021,50,0,9,1,0,108,3,0,0,0,0,50,50,0,0,4,8,0,-1,False,False,False,True,True,False,True,True,False,False,False,True,True,False,True,False,False,False,True,False,False,False,True,True
77,拉姆歼灭战,,False,False,False,False,False,True,False,False,True,False,False,False,False,False,False,False,False,False,False,False,False,False,False,False,False,False,False,False,False,False,False,False,False,False,False,False,False,False,False,False,False,f1fb,0,0,0,0,286,2019,112062,0,0,0,374,20022,65,0,17,1,0,108,3,0,0,0,0,50,50,0,0,4,8,0,-1,False,False,False,True,True,False,True,True,False,False,False,True,True,False,True,False,False,False,True,False,False,False,True,True
78,拉姆歼殛战,,False,False,False,False,False,False,False,False,True,False,False,False,False,False,False,False,False,False,False,False,False,False,False,False,False,False,False,False,False,False,False,False,False,False,False,False,False,False,False,False,False,f1fb_2,0,0,0,0,286,2020,112063,0,0,0,375,20023,85,0,106,1,0,108,3,0,0,0,0,50,50,1,0,4,19,0,-1,False,False,False,True,True,False,True,True,False,False,False,True,True,False,True,False,False,False,True,False,False,False,True,True
79,希瓦歼灭战,,False,False,False,False,False,True,False,False,True,False,False,False,False,False,False,False,False,False,False,False,False,False,False,False,False,False,False,False,False,False,False,False,False,False,False,False,False,False,False,False,False,r1fc,0,0,0,0,286,2021,112073,0,0,0,377,20024,80,0,18,1,0,108,3,0,0,0,0,50,50,0,0,4,8,0,-1,False,False,False,True,True,False,True,True,False,False,False,True,True,False,True,False,False,False,True,False,False,False,True,True
80,希瓦歼殛战,,False,False,False,False,False,False,False,False,True,False,False,False,False,False,False,False,False,False,False,False,False,False,False,False,False,False,False,False,False,False,False,False,False,False,False,False,False,False,False,False,False,r1fc_2,0,0,0,0,286,2022,112074,0,0,0,378,20025,95,0,107,1,0,108,3,0,0,0,0,50,50,1,0,4,19,0,-1,False,False,False,True,True,False,True,True,False,False,False,True,True,False,True,False,False,False,True,False,False,False,True,True
81,艾玛吉娜杯斗技大会决赛,,False,False,False,False,False,True,False,False,True,False,False,False,False,False,False,False,False,False,False,False,False,False,False,False,False,False,False,False,False,False,False,False,False,False,False,False,False,False,False,False,False,w1d7_battle,0,0,0,0,286,2023,112075,0,0,0,142,20026,80,0,10,1,0,108,3,0,0,0,0,50,50,1,0,4,8,0,-1,False,False,False,True,True,False,True,True,False,False,False,True,True,False,True,False,False,False,True,False,False,False,True,True
82,奥丁歼灭战,,False,False,False,False,False,False,False,False,True,False,False,False,False,False,False,False,False,False,False,False,False,False,False,False,False,False,False,False,False,False,False,False,False,False,False,False,False,False,False,False,False,f1f3_battle,0,0,0,0,286,2024,112065,0,0,0,394,20027,95,0,19,1,0,108,3,0,0,0,0,50,50,1,0,4,8,0,-1,False,False,False,True,True,False,True,True,False,False,False,True,True,False,True,False,False,False,True,False,False,False,True,True
83,,,False,False,False,False,False,False,False,False,False,False,False,False,False,False,False,False,False,False,False,False,False,False,False,False,False,False,False,False,False,False,False,False,False,False,False,False,False,False,False,False,False,,0,0,0,0,0,0,0,0,0,0,0,0,0,0,0,0,0,0,0,0,0,0,0,0,0,0,0,0,0,0,0,False,False,False,False,False,False,False,False,False,False,False,False,False,False,False,False,False,False,False,False,False,False,False,False
84,那布里亚勒斯讨伐战,,False,False,False,False,False,True,False,False,True,False,False,False,False,False,False,False,False,False,False,False,False,False,False,False,False,False,False,False,False,False,False,False,False,False,False,False,False,False,False,False,False,z1e9,0,0,0,0,286,2026,112081,0,0,0,426,20029,90,0,5,1,0,108,3,0,0,0,0,50,50,0,0,4,8,0,-1,False,False,False,True,True,False,True,True,False,False,False,True,True,False,True,False,False,False,True,False,False,False,True,True
85,无限城的死斗,,False,False,False,False,False,True,False,False,True,False,False,False,False,False,False,False,False,False,False,False,False,False,False,False,False,False,False,False,False,False,False,False,False,False,False,False,False,False,False,False,False,f1d3_battle,0,0,0,0,286,2027,112080,0,0,0,396,20030,90,0,11,1,0,108,3,0,0,0,0,50,50,1,0,4,8,0,-1,False,False,False,True,True,False,True,True,False,False,False,True,True,False,True,False,False,False,True,False,False,False,True,True
86,罗波那歼灭战,,False,False,False,False,False,True,False,False,True,False,False,False,False,False,False,False,False,False,False,False,False,False,False,False,False,False,False,False,False,False,False,False,False,False,False,False,False,False,False,False,False,d2fa,0,0,0,0,289,2028,112103,0,0,0,432,20031,0,0,110,1,1,108,3,0,0,0,0,53,54,0,0,4,9,0,-1,False,False,False,True,True,False,True,True,False,False,False,True,True,False,True,False,False,False,True,False,False,False,True,True
87,罗波那歼殛战,,False,False,False,False,False,False,False,False,True,False,False,False,False,False,False,False,False,False,False,False,False,False,False,False,False,False,False,False,False,False,False,False,False,False,False,False,False,False,False,False,False,d2fa_2,0,0,0,0,289,2029,112107,0,0,0,446,20032,175,0,121,1,1,108,3,0,0,0,0,60,60,1,0,4,20,0,-1,False,False,False,True,True,False,True,True,False,False,False,True,True,False,True,False,False,False,True,False,False,False,True,True
88,俾斯麦歼灭战,,False,False,False,False,False,True,False,False,True,False,False,False,False,False,False,False,False,False,False,False,False,False,False,False,False,False,False,False,False,False,False,False,False,False,False,False,False,False,False,False,False,a2fa,0,0,0,0,289,2030,112104,0,0,0,436,20033,0,0,111,1,1,108,3,0,0,0,0,57,58,0,0,4,9,0,-1,False,False,False,True,True,False,True,True,False,False,False,True,True,False,True,False,False,False,True,False,False,False,True,True
89,俾斯麦歼殛战,,False,False,False,False,False,False,False,False,True,False,False,False,False,False,False,False,False,False,False,False,False,False,False,False,False,False,False,False,False,False,False,False,False,False,False,False,False,False,False,False,False,a2fa_2,0,0,0,0,289,2031,112105,0,0,0,447,20034,165,0,120,1,1,108,3,0,0,0,0,60,60,1,0,4,20,0,-1,False,False,False,True,True,False,True,True,False,False,False,True,True,False,True,False,False,False,True,False,False,False,True,True
90,圆桌骑士歼灭战,,False,False,False,False,False,True,False,False,True,False,False,False,False,False,False,False,False,False,False,False,False,False,False,False,False,False,False,False,False,False,False,False,False,False,False,False,False,False,False,False,False,a2fb,0,0,0,0,289,2032,112106,0,0,0,437,20035,142,0,112,1,1,108,3,0,0,0,0,60,60,0,0,4,9,0,-1,False,False,False,True,True,False,True,True,False,False,False,True,True,False,True,False,False,False,True,False,False,False,True,True
91,圆桌骑士幻想歼灭战,,False,False,False,False,False,False,False,False,True,False,False,False,False,False,False,False,False,False,False,False,False,False,False,False,False,False,False,False,False,False,False,False,False,False,False,False,False,False,False,False,False,a2fb_2,0,0,0,0,289,2033,112122,0,0,0,448,20036,190,0,122,1,1,108,3,0,0,0,0,60,60,1,0,4,20,0,-1,False,False,False,True,True,False,True,True,False,False,False,True,True,False,True,False,False,False,True,False,False,False,True,True
92,水晶塔 古代人迷宫,,False,False,False,False,False,False,False,False,True,False,False,False,False,False,True,False,False,False,False,False,False,False,False,False,False,False,False,False,False,False,False,False,False,False,False,False,False,False,False,False,False,l1r1,0,0,0,0,285,3001,112033,0,0,0,174,30001,50,0,1,1,0,108,4,0,0,0,0,50,50,2,0,5,14,0,-1,False,False,False,True,True,False,True,True,False,False,False,True,True,False,True,False,False,False,True,False,False,False,True,True
93,巴哈姆特大迷宫 邂逅之章1,,False,False,False,False,False,False,False,False,False,False,False,False,False,False,False,False,False,False,False,False,False,False,False,False,False,False,False,False,False,False,False,False,False,False,False,False,False,False,False,False,False,s1b1,0,0,0,0,285,3002,112043,0,0,0,241,30002,70,0,4,1,0,108,3,0,0,0,0,50,50,1,0,5,10,0,-1,False,False,False,True,True,False,True,True,False,False,False,True,True,False,True,False,False,False,True,False,False,False,True,True
94,巴哈姆特大迷宫 邂逅之章2,,False,False,False,False,False,False,False,False,False,False,False,False,False,False,False,False,False,False,False,False,False,False,False,False,False,False,False,False,False,False,False,False,False,False,False,False,False,False,False,False,False,s1b2,0,0,0,0,285,3003,112044,0,0,0,242,30003,73,0,5,1,0,108,3,0,0,0,0,50,50,1,0,5,10,0,-1,False,False,False,True,True,False,True,True,False,False,False,True,True,False,True,False,False,False,True,False,False,False,True,True
95,巴哈姆特大迷宫 邂逅之章3,,False,False,False,False,False,False,False,False,False,False,False,False,False,False,False,False,False,False,False,False,False,False,False,False,False,False,False,False,False,False,False,False,False,False,False,False,False,False,False,False,False,s1b3,0,0,0,0,285,3004,112045,0,0,0,243,30004,70,0,6,1,0,108,3,0,0,0,0,50,50,0,0,5,10,0,-1,False,False,False,True,True,False,True,True,False,False,False,True,True,False,True,False,False,False,True,False,False,False,True,True
96,巴哈姆特大迷宫 邂逅之章4,,False,False,False,False,False,False,False,False,False,False,False,False,False,False,False,False,False,False,False,False,False,False,False,False,False,False,False,False,False,False,False,False,False,False,False,False,False,False,False,False,False,s1b4,0,0,0,0,285,3005,112046,0,0,0,244,30005,77,0,7,1,0,108,3,0,0,0,0,50,50,1,0,5,10,0,-1,False,False,False,True,True,False,True,True,False,False,False,True,True,False,True,False,False,False,True,False,False,False,True,True
97,巴哈姆特大迷宫 邂逅之章5,,False,False,False,False,False,False,False,False,False,False,False,False,False,False,False,False,False,False,False,False,False,False,False,False,False,False,False,False,False,False,False,False,False,False,False,False,False,False,False,False,False,s1b5,0,0,0,0,285,3006,112047,0,0,0,245,30006,82,0,8,1,0,108,3,0,0,0,0,50,50,1,0,5,10,0,-1,False,False,False,True,True,False,True,True,False,False,False,True,True,False,True,False,False,False,True,False,False,False,True,True
98,巴哈姆特大迷宫 入侵之章1,,False,False,False,False,False,False,False,False,False,False,False,False,False,False,False,False,False,False,False,False,False,False,False,False,False,False,False,False,False,False,False,False,False,False,False,False,False,False,False,False,False,f1b1,0,0,0,0,285,3007,112038,0,0,0,355,30007,90,0,9,1,0,108,3,0,0,0,0,50,50,1,0,5,10,0,-1,False,False,False,True,True,False,True,True,False,False,False,True,True,False,True,False,False,False,True,False,False,False,True,True
99,巴哈姆特大迷宫 入侵之章2,,False,False,False,False,False,False,False,False,False,False,False,False,False,False,False,False,False,False,False,False,False,False,False,False,False,False,False,False,False,False,False,False,False,False,False,False,False,False,False,False,False,f1b2,0,0,0,0,285,3008,112039,0,0,0,356,30008,95,0,10,1,0,108,3,0,0,0,0,50,50,1,0,5,10,0,-1,False,False,False,True,True,False,True,True,False,False,False,True,True,False,True,False,False,False,True,False,False,False,True,True
100,巴哈姆特大迷宫 入侵之章3,,False,False,False,False,False,False,False,False,False,False,False,False,False,False,False,False,False,False,False,False,False,False,False,False,False,False,False,False,False,False,False,False,False,False,False,False,False,False,False,False,False,f1b3,0,0,0,0,285,3009,112040,0,0,0,357,30009,100,0,11,1,0,108,3,0,0,0,0,50,50,1,0,5,10,0,-1,False,False,False,True,True,False,True,True,False,False,False,True,True,False,True,False,False,False,True,False,False,False,True,True
101,巴哈姆特大迷宫 入侵之章4,,False,False,False,False,False,False,False,False,False,False,False,False,False,False,False,False,False,False,False,False,False,False,False,False,False,False,False,False,False,False,False,False,False,False,False,False,False,False,False,False,False,f1b4,0,0,0,0,285,3010,112041,0,0,0,358,30010,105,0,12,1,0,108,3,0,0,0,0,50,50,1,0,5,10,0,-1,False,False,False,True,True,False,True,True,False,False,False,True,True,False,True,False,False,False,True,False,False,False,True,True
102,水晶塔 希尔科斯塔,,False,False,False,False,False,False,False,False,True,False,False,False,False,False,True,False,False,False,False,False,False,False,False,False,False,False,False,False,False,False,False,False,False,False,False,False,False,False,False,False,False,l1r2,0,0,0,0,285,3011,112061,0,0,0,372,30011,70,0,2,1,0,108,4,0,0,0,0,50,50,2,0,5,14,0,-1,False,False,False,True,True,False,True,True,False,False,False,True,True,False,True,False,False,False,True,False,False,False,True,True
103,巴哈姆特零式大迷宫 入侵之章1,,False,False,False,False,False,False,False,False,False,False,False,False,False,False,False,False,False,False,False,False,False,False,False,False,False,False,False,False,False,False,False,False,False,False,False,False,False,False,False,False,False,f1b1_2,0,0,0,0,285,3012,112038,0,0,0,380,30012,105,0,17,1,0,108,3,0,0,0,0,50,50,1,0,5,12,0,-1,False,False,False,True,True,False,True,True,False,False,False,True,True,False,True,False,False,False,True,False,False,False,True,True
104,巴哈姆特零式大迷宫 入侵之章2,,False,False,False,False,False,False,False,False,False,False,False,False,False,False,False,False,False,False,False,False,False,False,False,False,False,False,False,False,False,False,False,False,False,False,False,False,False,False,False,False,False,f1b2_2,0,0,0,0,285,3013,112039,0,0,0,381,30013,105,0,18,1,0,108,3,0,0,0,0,50,50,1,0,5,12,0,-1,False,False,False,True,True,False,True,True,False,False,False,True,True,False,True,False,False,False,True,False,False,False,True,True
105,巴哈姆特零式大迷宫 入侵之章3,,False,False,False,False,False,False,False,False,False,False,False,False,False,False,False,False,False,False,False,False,False,False,False,False,False,False,False,False,False,False,False,False,False,False,False,False,False,False,False,False,False,f1b3_2,0,0,0,0,285,3014,112040,0,0,0,382,30014,105,0,19,1,0,108,3,0,0,0,0,50,50,1,0,5,12,0,-1,False,False,False,True,True,False,True,True,False,False,False,True,True,False,True,False,False,False,True,False,False,False,True,True
106,巴哈姆特零式大迷宫 入侵之章4,,False,False,False,False,False,False,False,False,False,False,False,False,False,False,False,False,False,False,False,False,False,False,False,False,False,False,False,False,False,False,False,False,False,False,False,False,False,False,False,False,False,f1b4_2,0,0,0,0,285,3015,112041,0,0,0,383,30015,105,0,20,1,0,108,3,0,0,0,0,50,50,1,0,5,12,0,-1,False,False,False,True,True,False,True,True,False,False,False,True,True,False,True,False,False,False,True,False,False,False,True,True
107,巴哈姆特大迷宫 真源之章1,,False,False,False,False,False,False,False,False,False,False,False,False,False,False,False,False,False,False,False,False,False,False,False,False,False,False,False,False,False,False,False,False,False,False,False,False,False,False,False,False,False,w1b1,0,0,0,0,285,3016,112069,0,0,0,193,30016,110,0,13,1,0,108,3,0,0,0,0,50,50,1,0,5,10,0,-1,False,False,False,True,True,False,True,True,False,False,False,True,True,False,True,False,False,False,True,False,False,False,True,True
108,巴哈姆特大迷宫 真源之章2,,False,False,False,False,False,False,False,False,False,False,False,False,False,False,False,False,False,False,False,False,False,False,False,False,False,False,False,False,False,False,False,False,False,False,False,False,False,False,False,False,False,w1b2,0,0,0,0,285,3017,112070,0,0,0,194,30017,115,0,14,1,0,108,3,0,0,0,0,50,50,1,0,5,10,0,-1,False,False,False,True,True,False,True,True,False,False,False,True,True,False,True,False,False,False,True,False,False,False,True,True
109,巴哈姆特大迷宫 真源之章3,,False,False,False,False,False,False,False,False,False,False,False,False,False,False,False,False,False,False,False,False,False,False,False,False,False,False,False,False,False,False,False,False,False,False,False,False,False,False,False,False,False,w1b3,0,0,0,0,285,3018,112071,0,0,0,195,30018,120,0,15,1,0,108,3,0,0,0,0,50,50,1,0,5,10,0,-1,False,False,False,True,True,False,True,True,False,False,False,True,True,False,True,False,False,False,True,False,False,False,True,True
110,巴哈姆特大迷宫 真源之章4,,False,False,False,False,False,False,False,False,False,False,False,False,False,False,False,False,False,False,False,False,False,False,False,False,False,False,False,False,False,False,False,False,False,False,False,False,False,False,False,False,False,w1b4,0,0,0,0,285,3019,112072,0,0,0,196,30019,123,0,16,1,0,108,3,0,0,0,0,50,50,1,0,5,10,0,-1,False,False,False,True,True,False,True,True,False,False,False,True,True,False,True,False,False,False,True,False,False,False,True,True
111,水晶塔 暗之世界,,False,False,False,False,False,False,False,False,True,False,False,False,False,False,True,False,False,False,False,False,False,False,False,False,False,False,False,False,False,False,False,False,False,False,False,False,False,False,False,False,False,l1r3,0,0,0,0,285,3020,112079,0,0,0,151,30020,90,0,3,1,0,108,4,0,0,0,0,50,50,2,0,5,14,0,-1,False,False,False,True,True,False,True,True,False,False,False,True,True,False,True,False,False,False,True,False,False,False,True,True
112,亚历山大机神城 启动之章1,,False,False,False,False,False,False,False,False,True,False,False,False,False,False,False,False,True,False,False,False,False,False,False,False,False,False,False,False,False,False,False,False,False,False,False,False,False,False,False,False,False,d2a1,0,0,0,0,288,3021,112095,0,0,0,442,30021,170,0,40,1,1,108,3,0,0,0,0,60,60,1,0,5,11,0,-1,False,False,False,True,True,False,True,True,False,False,False,True,True,False,True,False,False,False,True,False,False,False,True,True
113,亚历山大机神城 启动之章2,,False,False,False,False,False,False,False,False,True,False,False,False,False,False,False,False,True,False,False,False,False,False,False,False,False,False,False,False,False,False,False,False,False,False,False,False,False,False,False,False,False,d2a2,0,0,0,0,288,3022,112096,0,0,0,443,30022,170,0,41,1,1,108,3,0,0,0,0,60,60,1,0,5,11,0,-1,False,False,False,True,True,False,True,True,False,False,False,True,True,False,True,False,False,False,True,False,False,False,True,True
114,亚历山大机神城 启动之章3,,False,False,False,False,False,False,False,False,True,False,False,False,False,False,False,False,True,False,False,False,False,False,False,False,False,False,False,False,False,False,False,False,False,False,False,False,False,False,False,False,False,d2a3,0,0,0,0,288,3023,112097,0,0,0,444,30023,170,0,42,1,1,108,3,0,0,0,0,60,60,1,0,5,11,0,-1,False,False,False,True,True,False,True,True,False,False,False,True,True,False,True,False,False,False,True,False,False,False,True,True
115,亚历山大机神城 启动之章4,,False,False,False,False,False,False,False,False,True,False,False,False,False,False,False,False,True,False,False,False,False,False,False,False,False,False,False,False,False,False,False,False,False,False,False,False,False,False,False,False,False,d2a4,0,0,0,0,288,3024,112098,0,0,0,445,30024,170,0,43,1,1,108,3,0,0,0,0,60,60,1,0,5,11,0,-1,False,False,False,True,True,False,True,True,False,False,False,True,True,False,True,False,False,False,True,False,False,False,True,True
116,亚历山大零式机神城 启动之章1,,False,False,False,False,False,False,False,False,False,False,False,False,False,False,False,False,False,False,False,False,False,False,False,False,False,False,False,False,False,False,False,False,False,False,False,False,False,False,False,False,False,d2a1_2,0,0,0,0,288,3025,112099,0,0,0,449,30025,190,0,52,1,1,108,3,0,0,0,0,60,60,1,0,5,13,0,-1,False,False,False,True,True,False,True,True,False,False,False,True,True,False,True,False,False,False,True,False,False,False,True,True
117,亚历山大零式机神城 启动之章2,,False,False,False,False,False,False,False,False,False,False,False,False,False,False,False,False,False,False,False,False,False,False,False,False,False,False,False,False,False,False,False,False,False,False,False,False,False,False,False,False,False,d2a2_2,0,0,0,0,288,3026,112100,0,0,0,450,30026,195,0,53,1,1,108,3,0,0,0,0,60,60,1,0,5,13,0,-1,False,False,False,True,True,False,True,True,False,False,False,True,True,False,True,False,False,False,True,False,False,False,True,True
118,亚历山大零式机神城 启动之章3,,False,False,False,False,False,False,False,False,False,False,False,False,False,False,False,False,False,False,False,False,False,False,False,False,False,False,False,False,False,False,False,False,False,False,False,False,False,False,False,False,False,d2a3_2,0,0,0,0,288,3027,112101,0,0,0,451,30027,200,0,54,1,1,108,3,0,0,0,0,60,60,1,0,5,13,0,-1,False,False,False,True,True,False,True,True,False,False,False,True,True,False,True,False,False,False,True,False,False,False,True,True
119,亚历山大零式机神城 启动之章4,,False,False,False,False,False,False,False,False,False,False,False,False,False,False,False,False,False,False,False,False,False,False,False,False,False,False,False,False,False,False,False,False,False,False,False,False,False,False,False,False,False,d2a4_2,0,0,0,0,288,3028,112102,0,0,0,452,30028,205,0,55,1,1,108,3,0,0,0,0,60,60,1,0,5,13,0,-1,False,False,False,True,True,False,True,True,False,False,False,True,True,False,True,False,False,False,True,False,False,False,True,True
120,魔航船虚无方舟,,False,False,False,False,False,False,False,False,True,False,False,False,False,False,True,False,False,False,False,False,False,False,False,False,False,False,False,False,False,False,False,False,False,False,False,False,False,False,False,False,False,z2r1,0,0,0,0,288,3029,112118,0,0,0,508,30029,175,0,30,1,1,108,4,0,0,0,0,60,60,2,0,5,15,0,-1,False,False,False,True,True,False,True,True,False,False,False,True,True,False,True,False,False,False,True,False,False,False,True,True
121,,,False,False,False,False,False,False,False,False,False,False,False,False,False,False,False,False,False,False,False,False,False,False,False,False,False,False,False,False,False,False,False,False,False,False,False,False,False,False,False,False,False,,0,0,0,0,0,0,0,0,0,0,0,0,0,0,0,0,0,0,0,0,0,0,0,0,0,0,0,0,0,0,0,False,False,False,False,False,False,False,False,False,False,False,False,False,False,False,False,False,False,False,False,False,False,False,False
122,,,False,False,False,False,False,False,False,False,False,False,False,False,False,False,False,False,False,False,False,False,False,False,False,False,False,False,False,False,False,False,False,False,False,False,False,False,False,False,False,False,False,,0,0,0,0,0,0,0,0,0,0,0,0,0,0,0,0,0,0,0,0,0,0,0,0,0,0,0,0,0,0,0,False,False,False,False,False,False,False,False,False,False,False,False,False,False,False,False,False,False,False,False,False,False,False,False
123,,,False,False,False,False,False,False,False,False,False,False,False,False,False,False,False,False,False,False,False,False,False,False,False,False,False,False,False,False,False,False,False,False,False,False,False,False,False,False,False,False,False,,0,0,0,0,0,0,0,0,0,0,0,0,0,0,0,0,0,0,0,0,0,0,0,0,0,0,0,0,0,0,0,False,False,False,False,False,False,False,False,False,False,False,False,False,False,False,False,False,False,False,False,False,False,False,False
124,,,False,False,False,False,False,False,False,False,False,False,False,False,False,False,False,False,False,False,False,False,False,False,False,False,False,False,False,False,False,False,False,False,False,False,False,False,False,False,False,False,False,,0,0,0,0,0,0,0,0,0,0,0,0,0,0,0,0,0,0,0,0,0,0,0,0,0,0,0,0,0,0,0,False,False,False,False,False,False,False,False,False,False,False,False,False,False,False,False,False,False,False,False,False,False,False,False
125,,,False,False,False,False,False,False,False,False,False,False,False,False,False,False,False,False,False,False,False,False,False,False,False,False,False,False,False,False,False,False,False,False,False,False,False,False,False,False,False,False,False,,0,0,0,0,0,0,0,0,0,0,0,0,0,0,0,0,0,0,0,0,0,0,0,0,0,0,0,0,0,0,0,False,False,False,False,False,False,False,False,False,False,False,False,False,False,False,False,False,False,False,False,False,False,False,False
126,,,False,False,False,False,False,False,False,False,False,False,False,False,False,False,False,False,False,False,False,False,False,False,False,False,False,False,False,False,False,False,False,False,False,False,False,False,False,False,False,False,False,,0,0,0,0,0,0,0,0,0,0,0,0,0,0,0,0,0,0,0,0,0,0,0,0,0,0,0,0,0,0,0,False,False,False,False,False,False,False,False,False,False,False,False,False,False,False,False,False,False,False,False,False,False,False,False
127,周边遗迹群（阵地战）,,False,False,False,False,False,False,True,False,False,False,False,False,False,False,False,False,False,False,False,False,False,False,False,False,False,False,False,False,False,False,False,False,False,False,False,False,False,False,False,False,False,l1p3,0,1,0,0,0,4007,112064,0,0,0,1273,41001,0,0,300,1,0,146,7,3,4,0,0,30,0,0,0,6,3,0,-1,True,True,False,False,False,False,True,False,False,False,False,True,True,False,True,False,False,False,True,False,True,False,True,True
128,,,False,False,False,False,False,False,False,False,False,False,False,False,False,False,False,False,False,False,False,False,False,False,False,False,False,False,False,False,False,False,False,False,False,False,False,False,False,False,False,False,False,,0,0,0,0,0,0,0,0,0,0,0,0,0,0,0,0,0,0,0,0,0,0,0,0,0,0,0,0,0,0,0,False,False,False,False,False,False,False,False,False,False,False,False,False,False,False,False,False,False,False,False,False,False,False,False
129,,,False,False,False,False,False,False,False,False,False,False,False,False,False,False,False,False,False,False,False,False,False,False,False,False,False,False,False,False,False,False,False,False,False,False,False,False,False,False,False,False,False,,0,0,0,0,0,0,0,0,0,0,0,0,0,0,0,0,0,0,0,0,0,0,0,0,0,0,0,0,0,0,0,False,False,False,False,False,False,False,False,False,False,False,False,False,False,False,False,False,False,False,False,False,False,False,False
130,尘封秘岩（争夺战）,,False,False,False,False,False,False,True,False,False,False,False,False,False,False,False,False,False,False,False,False,False,False,False,False,False,False,False,False,False,False,False,False,False,False,False,False,False,False,False,False,False,s2p1,0,2,0,0,0,4010,112108,0,0,0,431,41004,0,0,301,1,0,146,7,3,4,0,0,30,0,0,0,6,3,0,-1,True,True,False,False,False,False,True,False,False,False,False,True,True,False,True,False,False,False,True,False,True,False,True,True
131,云冠群岛白昼探索,,False,False,False,False,False,False,False,False,False,False,False,False,False,False,False,False,False,False,False,False,False,False,False,False,False,False,False,False,False,False,False,False,False,False,False,False,False,False,False,False,False,a2fc,0,0,67205,0,0,6001,112119,0,0,0,512,1,179,0,1,2,1,142,16,0,0,1,0,60,0,4,0,23,0,0,-1,False,False,False,True,False,False,True,True,False,False,False,False,False,False,True,False,False,False,True,False,False,False,True,True
132,云冠群岛黄昏探索,,False,False,False,False,False,False,False,False,False,False,False,False,False,False,False,False,False,False,False,False,False,False,False,False,False,False,False,False,False,False,False,False,False,False,False,False,False,False,False,False,False,a2fc_2,0,0,67205,0,0,6002,112120,0,0,0,514,2,179,0,2,2,1,142,16,0,0,1,0,60,0,4,0,23,0,0,-1,False,False,False,True,False,False,True,True,False,False,False,False,False,False,True,False,False,False,True,False,False,False,True,True
133,云冠群岛夜晚探索,,False,False,False,False,False,False,False,False,False,False,False,False,False,False,False,False,False,False,False,False,False,False,False,False,False,False,False,False,False,False,False,False,False,False,False,False,False,False,False,False,False,a2fc_3,0,0,67205,0,0,6003,112121,0,0,0,515,3,179,0,3,2,1,142,16,0,0,1,0,60,0,4,0,23,0,0,-1,False,False,False,True,False,False,True,True,False,False,False,False,False,False,True,False,False,False,True,False,False,False,True,True
134,萨菲洛特歼灭战,,False,False,False,False,False,True,False,False,True,False,False,False,False,False,False,False,False,False,False,False,False,False,False,False,False,False,False,False,False,False,False,False,False,False,False,False,False,False,False,False,False,a2fd,0,0,0,0,289,2034,112126,0,0,0,517,20037,190,0,114,1,1,108,3,0,0,0,0,60,60,0,0,4,9,0,-1,False,False,False,True,True,False,True,True,False,False,False,True,True,False,True,False,False,False,True,False,False,False,True,True
135,萨菲洛特歼殛战,,False,False,False,False,False,False,False,False,True,False,False,False,False,False,False,False,False,False,False,False,False,False,False,False,False,False,False,False,False,False,False,False,False,False,False,False,False,False,False,False,False,a2fd_2,0,0,0,0,289,2035,112127,0,0,0,524,20038,205,0,124,1,1,108,3,0,0,0,0,60,60,1,0,4,20,0,-1,False,False,False,True,True,False,True,True,False,False,False,True,True,False,True,False,False,False,True,False,False,False,True,True
136,亚历山大机神城 律动之章1,,False,False,False,False,False,False,False,False,True,False,False,False,False,False,False,False,True,False,False,False,False,False,False,False,False,False,False,False,False,False,False,False,False,False,False,False,False,False,False,False,False,d2a5,0,0,0,0,288,3030,112128,0,0,0,520,30030,200,0,44,1,1,108,3,0,0,0,0,60,60,1,0,5,11,0,-1,False,False,False,True,True,False,True,True,False,False,False,True,True,False,True,False,False,False,True,False,False,False,True,True
137,亚历山大机神城 律动之章2,,False,False,False,False,False,False,False,False,True,False,False,False,False,False,False,False,True,False,False,False,False,False,False,False,False,False,False,False,False,False,False,False,False,False,False,False,False,False,False,False,False,d2a6,0,0,0,0,288,3031,112129,0,0,0,521,30031,200,0,45,1,1,108,3,0,0,0,0,60,60,1,0,5,11,0,-1,False,False,False,True,True,False,True,True,False,False,False,True,True,False,True,False,False,False,True,False,False,False,True,True
138,亚历山大机神城 律动之章3,,False,False,False,False,False,False,False,False,True,False,False,False,False,False,False,False,True,False,False,False,False,False,False,False,False,False,False,False,False,False,False,False,False,False,False,False,False,False,False,False,False,d2a7,0,0,0,0,288,3032,112130,0,0,0,522,30032,200,0,46,1,1,108,3,0,0,0,0,60,60,1,0,5,11,0,-1,False,False,False,True,True,False,True,True,False,False,False,True,True,False,True,False,False,False,True,False,False,False,True,True
139,亚历山大机神城 律动之章4,,False,False,False,False,False,False,False,False,True,False,False,False,False,False,False,False,True,False,False,False,False,False,False,False,False,False,False,False,False,False,False,False,False,False,False,False,False,False,False,False,False,d2a8,0,0,0,0,288,3033,112131,0,0,0,523,30033,200,0,47,1,1,108,3,0,0,0,0,60,60,1,0,5,11,0,-1,False,False,False,True,True,False,True,True,False,False,False,True,True,False,True,False,False,False,True,False,False,False,True,True
140,神圣遗迹无限城市街古迹,,False,True,False,False,False,False,False,False,True,False,False,False,False,False,False,False,False,False,False,False,False,False,False,False,False,False,False,False,False,False,False,False,False,False,False,False,False,False,False,False,False,f1d8,0,0,0,0,287,42,112124,0,0,0,519,42,180,0,51,1,1,108,2,0,0,0,0,60,60,1,0,2,7,0,-1,False,False,False,True,True,False,True,True,True,False,False,True,True,False,True,False,False,False,True,False,False,False,True,True
141,星海空间颠倒塔,,False,True,False,False,False,False,False,False,True,False,False,False,False,False,False,False,False,False,False,False,False,False,False,False,False,False,False,False,False,False,False,False,False,False,False,False,False,False,False,False,False,d2d5_re,0,0,0,0,287,43,112125,0,0,0,1111,43,180,0,50,1,1,108,2,0,0,0,0,60,60,1,0,2,7,0,-1,False,False,False,True,True,False,True,True,True,False,False,True,True,False,True,False,False,False,True,False,False,False,True,True
142,,,False,False,False,False,False,False,False,False,False,False,False,False,False,False,False,False,False,False,False,False,False,False,False,False,False,False,False,False,False,False,False,False,False,False,False,False,False,False,False,False,False,,0,0,0,0,0,0,0,0,0,0,0,0,0,0,0,0,0,0,0,0,0,0,0,0,0,0,0,0,0,0,0,False,False,False,False,False,False,False,False,False,False,False,False,False,False,False,False,False,False,False,False,False,False,False,False
143,,,False,False,False,False,False,False,False,False,False,False,False,False,False,False,False,False,False,False,False,False,False,False,False,False,False,False,False,False,False,False,False,False,False,False,False,False,False,False,False,False,False,,0,0,0,0,0,0,0,0,0,0,0,0,0,0,0,0,0,0,0,0,0,0,0,0,0,0,0,0,0,0,0,False,False,False,False,False,False,False,False,False,False,False,False,False,False,False,False,False,False,False,False,False,False,False,False
144,,,False,False,False,False,False,False,False,False,False,False,False,False,False,False,False,False,False,False,False,False,False,False,False,False,False,False,False,False,False,False,False,False,False,False,False,False,False,False,False,False,False,,0,0,0,0,0,0,0,0,0,0,0,0,0,0,0,0,0,0,0,0,0,0,0,0,0,0,0,0,0,0,0,False,False,False,False,False,False,False,False,False,False,False,False,False,False,False,False,False,False,False,False,False,False,False,False
145,,,False,False,False,False,False,False,False,False,False,False,False,False,False,False,False,False,False,False,False,False,False,False,False,False,False,False,False,False,False,False,False,False,False,False,False,False,False,False,False,False,False,,0,0,0,0,0,0,0,0,0,0,0,0,0,0,0,0,0,0,0,0,0,0,0,0,0,0,0,0,0,0,0,False,False,False,False,False,False,False,False,False,False,False,False,False,False,False,False,False,False,False,False,False,False,False,False
146,,,False,False,False,False,False,False,False,False,False,False,False,False,False,False,False,False,False,False,False,False,False,False,False,False,False,False,False,False,False,False,False,False,False,False,False,False,False,False,False,False,False,,0,0,0,0,0,0,0,0,0,0,0,0,0,0,0,0,0,0,0,0,0,0,0,0,0,0,0,0,0,0,0,False,False,False,False,False,False,False,False,False,False,False,False,False,False,False,False,False,False,False,False,False,False,False,False
147,亚历山大零式机神城 律动之章1,,False,False,False,False,False,False,False,False,False,False,False,False,False,False,False,False,False,False,False,False,False,False,False,False,False,False,False,False,False,False,False,False,False,False,False,False,False,False,False,False,False,d2a5_2,0,0,0,0,288,3034,112132,0,0,0,529,30034,215,0,56,1,1,108,3,0,0,0,0,60,60,1,0,5,13,0,-1,False,False,False,True,True,False,True,True,False,False,False,True,True,False,True,False,False,False,True,False,False,False,True,True
148,亚历山大零式机神城 律动之章2,,False,False,False,False,False,False,False,False,False,False,False,False,False,False,False,False,False,False,False,False,False,False,False,False,False,False,False,False,False,False,False,False,False,False,False,False,False,False,False,False,False,d2a6_2,0,0,0,0,288,3035,112133,0,0,0,530,30035,220,0,57,1,1,108,3,0,0,0,0,60,60,1,0,5,13,0,-1,False,False,False,True,True,False,True,True,False,False,False,True,True,False,True,False,False,False,True,False,False,False,True,True
149,亚历山大零式机神城 律动之章3,,False,False,False,False,False,False,False,False,False,False,False,False,False,False,False,False,False,False,False,False,False,False,False,False,False,False,False,False,False,False,False,False,False,False,False,False,False,False,False,False,False,d2a7_2,0,0,0,0,288,3036,112134,0,0,0,531,30036,225,0,58,1,1,108,3,0,0,0,0,60,60,1,0,5,13,0,-1,False,False,False,True,True,False,True,True,False,False,False,True,True,False,True,False,False,False,True,False,False,False,True,True
150,亚历山大零式机神城 律动之章4,,False,False,False,False,False,False,False,False,False,False,False,False,False,False,False,False,False,False,False,False,False,False,False,False,False,False,False,False,False,False,False,False,False,False,False,False,False,False,False,False,False,d2a8_2,0,0,0,0,288,3037,112135,0,0,0,532,30037,225,0,59,1,1,108,3,0,0,0,0,60,60,1,0,5,13,0,-1,False,False,False,True,True,False,True,True,False,False,False,True,True,False,True,False,False,False,True,False,False,False,True,True
151,躲避范围攻击,,False,False,False,False,False,False,False,False,False,False,False,False,False,False,False,False,False,False,False,False,False,False,False,False,False,False,False,False,False,False,False,False,False,False,False,False,False,False,False,False,False,s1p2_begin01,0,0,0,0,0,0,112141,0,0,0,537,15001,0,5,0,1,0,142,1,0,0,0,0,15,15,0,0,20,0,0,-1,False,False,False,False,False,False,False,True,False,False,False,False,False,False,True,False,False,False,True,False,False,False,True,True
152,掌握仇恨连击,,False,False,False,False,False,False,False,False,False,False,False,False,False,False,False,False,False,False,False,False,False,False,False,False,False,False,False,False,False,False,False,False,False,False,False,False,False,False,False,False,False,s1p2_begin02,0,0,0,0,0,0,112141,0,0,0,538,15002,0,5,0,1,0,142,1,0,0,0,0,15,15,0,0,20,0,0,-1,False,False,False,False,False,False,False,True,False,False,False,False,False,False,True,False,False,False,True,False,False,False,True,True
153,控制敌人的仇恨,,False,False,False,False,False,False,False,False,False,False,False,False,False,False,False,False,False,False,False,False,False,False,False,False,False,False,False,False,False,False,False,False,False,False,False,False,False,False,False,False,False,s1p2_begin03,0,0,0,0,0,0,112141,0,0,0,539,15003,0,5,0,1,0,142,1,0,0,0,0,15,15,0,0,20,0,0,-1,False,False,False,False,False,False,False,True,False,False,False,False,False,False,True,False,False,False,True,False,False,False,True,True
154,控制多个敌人的仇恨,,False,False,False,False,False,False,False,False,False,False,False,False,False,False,False,False,False,False,False,False,False,False,False,False,False,False,False,False,False,False,False,False,False,False,False,False,False,False,False,False,False,s1p2_begin04,0,0,0,0,0,0,112141,0,0,0,540,15004,0,5,0,1,0,142,1,0,0,0,0,15,15,0,0,20,0,0,-1,False,False,False,False,False,False,False,True,False,False,False,False,False,False,True,False,False,False,True,False,False,False,True,True
155,实战控制多个敌人的仇恨,,False,False,False,False,False,False,False,False,False,False,False,False,False,False,False,False,False,False,False,False,False,False,False,False,False,False,False,False,False,False,False,False,False,False,False,False,False,False,False,False,False,s1p2_begin05,0,0,0,0,0,0,112141,0,0,0,541,15005,0,5,0,1,0,142,1,0,0,0,0,15,15,0,0,20,0,0,-1,False,False,False,False,False,False,False,True,False,False,False,False,False,False,True,False,False,False,True,False,False,False,True,True
156,控制远处敌人的仇恨,,False,False,False,False,False,False,False,False,False,False,False,False,False,False,False,False,False,False,False,False,False,False,False,False,False,False,False,False,False,False,False,False,False,False,False,False,False,False,False,False,False,s1p2_begin06,0,0,0,0,0,0,112141,0,0,0,542,15006,0,5,0,1,0,142,1,0,0,0,0,15,15,0,0,20,0,0,-1,False,False,False,False,False,False,False,True,False,False,False,False,False,False,True,False,False,False,True,False,False,False,True,True
157,留心增援的敌人,,False,False,False,False,False,False,False,False,False,False,False,False,False,False,False,False,False,False,False,False,False,False,False,False,False,False,False,False,False,False,False,False,False,False,False,False,False,False,False,False,False,s1p2_begin07,0,0,0,0,0,0,112141,0,0,0,543,15007,0,5,0,1,0,142,1,0,0,0,0,15,15,0,0,20,0,0,-1,False,False,False,False,False,False,False,True,False,False,False,False,False,False,True,False,False,False,True,False,False,False,True,True
158,配合防护职业打倒单个敌人,,False,False,False,False,False,False,False,False,False,False,False,False,False,False,False,False,False,False,False,False,False,False,False,False,False,False,False,False,False,False,False,False,False,False,False,False,False,False,False,False,False,s1p2_begin08,0,0,0,0,0,0,112141,0,0,0,544,15008,0,5,0,1,0,142,1,0,0,0,0,15,15,0,0,20,0,0,-1,False,False,False,False,False,False,False,True,False,False,False,False,False,False,True,False,False,False,True,False,False,False,True,True
159,配合防护职业打倒多个敌人,,False,False,False,False,False,False,False,False,False,False,False,False,False,False,False,False,False,False,False,False,False,False,False,False,False,False,False,False,False,False,False,False,False,False,False,False,False,False,False,False,False,s1p2_begin09,0,0,0,0,0,0,112141,0,0,0,545,15009,0,5,0,1,0,142,1,0,0,0,0,15,15,0,0,20,0,0,-1,False,False,False,False,False,False,False,True,False,False,False,False,False,False,True,False,False,False,True,False,False,False,True,True
160,躲避范围攻击的同时进行战斗,,False,False,False,False,False,False,False,False,False,False,False,False,False,False,False,False,False,False,False,False,False,False,False,False,False,False,False,False,False,False,False,False,False,False,False,False,False,False,False,False,False,s1p2_begin10,0,0,0,0,0,0,112141,0,0,0,546,15010,0,5,0,1,0,142,1,0,0,0,0,15,15,0,0,20,0,0,-1,False,False,False,False,False,False,False,True,False,False,False,False,False,False,True,False,False,False,True,False,False,False,True,True
161,打倒增援的敌人,,False,False,False,False,False,False,False,False,False,False,False,False,False,False,False,False,False,False,False,False,False,False,False,False,False,False,False,False,False,False,False,False,False,False,False,False,False,False,False,False,False,s1p2_begin11,0,0,0,0,0,0,112141,0,0,0,547,15011,0,5,0,1,0,142,1,0,0,0,0,15,15,0,0,20,0,0,-1,False,False,False,False,False,False,False,True,False,False,False,False,False,False,True,False,False,False,True,False,False,False,True,True
162,灵活运用场地机关,,False,False,False,False,False,False,False,False,False,False,False,False,False,False,False,False,False,False,False,False,False,False,False,False,False,False,False,False,False,False,False,False,False,False,False,False,False,False,False,False,False,s1p2_begin12,0,0,0,0,0,0,112141,0,0,0,548,15012,0,5,0,1,0,142,1,0,0,0,0,15,15,0,0,20,0,0,-1,False,False,False,False,False,False,False,True,False,False,False,False,False,False,True,False,False,False,True,False,False,False,True,True
163,治疗防护职业,,False,False,False,False,False,False,False,False,False,False,False,False,False,False,False,False,False,False,False,False,False,False,False,False,False,False,False,False,False,False,False,False,False,False,False,False,False,False,False,False,False,s1p2_begin13,0,0,0,0,0,0,112141,0,0,0,549,15013,0,5,0,1,0,142,1,0,0,0,0,15,15,0,0,20,0,0,-1,False,False,False,False,False,False,False,True,False,False,False,False,False,False,True,False,False,False,True,False,False,False,True,True
164,治疗小队队员,,False,False,False,False,False,False,False,False,False,False,False,False,False,False,False,False,False,False,False,False,False,False,False,False,False,False,False,False,False,False,False,False,False,False,False,False,False,False,False,False,False,s1p2_begin14,0,0,0,0,0,0,112141,0,0,0,550,15014,0,5,0,1,0,142,1,0,0,0,0,15,15,0,0,20,0,0,-1,False,False,False,False,False,False,False,True,False,False,False,False,False,False,True,False,False,False,True,False,False,False,True,True
165,躲避范围攻击的同时进行战斗,,False,False,False,False,False,False,False,False,False,False,False,False,False,False,False,False,False,False,False,False,False,False,False,False,False,False,False,False,False,False,False,False,False,False,False,False,False,False,False,False,False,s1p2_begin15,0,0,0,0,0,0,112141,0,0,0,551,15015,0,5,0,1,0,142,1,0,0,0,0,15,15,0,0,20,0,0,-1,False,False,False,False,False,False,False,True,False,False,False,False,False,False,True,False,False,False,True,False,False,False,True,True
166,最终训练,,False,False,False,False,False,False,False,False,False,False,False,False,False,False,False,False,False,False,False,False,False,False,False,False,False,False,False,False,False,False,False,False,False,False,False,False,False,False,False,False,False,s1f4_begin16,0,0,0,0,0,0,112141,0,0,0,552,15016,0,5,0,1,0,142,1,0,0,0,0,15,15,0,0,20,0,0,-1,False,False,False,False,False,False,False,True,False,False,False,False,False,False,True,False,False,False,True,False,False,False,True,True
167,四国联合军演,,False,False,False,False,False,False,False,False,False,False,False,False,False,False,False,False,False,False,False,False,False,False,False,False,False,False,False,False,False,False,False,False,False,False,False,False,False,False,False,False,False,ec001,0,0,0,0,0,0,112145,0,0,0,533,5001,0,0,0,1,1,142,1,0,0,0,0,1,60,0,0,7,0,0,-1,False,False,False,False,False,False,False,True,False,False,False,False,False,False,False,False,False,False,True,False,False,False,True,True
168,禁忌城邦玛哈,,False,False,False,False,False,False,False,False,True,False,False,False,False,False,True,False,False,False,False,False,False,False,False,False,False,False,False,False,False,False,False,False,False,False,False,False,False,False,False,False,False,z2r2,0,0,0,0,288,3038,112162,0,0,0,556,30038,205,0,31,1,1,108,4,0,0,0,0,60,60,2,0,5,15,0,-1,False,False,False,True,True,False,True,True,False,False,False,True,True,False,True,False,False,False,True,False,False,False,True,True
169,尼德霍格征龙战,,False,False,False,False,False,True,False,False,True,False,False,False,False,False,False,False,False,False,False,False,False,False,False,False,False,False,False,False,False,False,False,False,False,False,False,False,False,False,False,False,False,r1fe,0,0,0,0,289,2036,112160,0,0,0,559,20039,205,0,113,1,1,108,3,0,0,0,0,60,60,0,0,4,9,0,-1,False,False,False,True,True,False,True,True,False,False,False,True,True,False,True,False,False,False,True,False,False,False,True,True
170,尼德霍格传奇征龙战,,False,False,False,False,False,False,False,False,True,False,False,False,False,False,False,False,False,False,False,False,False,False,False,False,False,False,False,False,False,False,False,False,False,False,False,False,False,False,False,False,False,r1fe_2,0,0,0,0,289,2037,112161,0,0,0,566,20040,220,0,123,1,1,108,3,0,0,0,0,60,60,1,0,4,20,0,-1,False,False,False,True,True,False,True,True,False,False,False,True,True,False,True,False,False,False,True,False,False,False,True,True
171,天龙宫殿忆罪宫,,False,True,False,False,False,False,False,False,True,False,False,False,False,False,False,False,False,False,False,False,False,False,False,False,False,False,False,False,False,False,False,False,False,False,False,False,False,False,False,False,False,d2d6_re,0,0,0,0,287,44,112163,0,0,0,1112,44,200,0,52,1,1,108,2,0,0,0,0,60,60,1,0,2,7,0,-1,False,False,False,True,True,False,True,True,True,False,False,True,True,False,True,False,False,False,True,False,False,False,True,True
172,黑涡传说破舰岛,,False,True,False,False,False,False,False,False,True,False,False,False,False,False,False,False,False,False,False,False,False,False,False,False,False,False,False,False,False,False,False,False,False,False,False,False,False,False,False,False,False,s1da,0,0,0,0,287,45,112164,0,0,0,557,45,200,0,53,1,1,108,2,0,0,0,0,60,60,1,0,2,7,0,-1,False,False,False,True,True,False,True,True,True,False,False,True,True,False,True,False,False,False,True,False,False,False,True,True
173,雷古拉·范·休著斯追击战,,False,False,False,False,False,False,False,False,False,False,False,False,False,False,False,False,False,False,False,False,False,False,False,False,False,False,False,False,False,False,False,False,False,False,False,False,False,False,False,False,False,ec002,0,0,0,0,0,0,0,0,0,0,560,5002,0,0,0,1,1,142,1,0,0,0,0,1,60,0,0,7,0,0,-1,False,False,False,False,False,False,False,True,False,False,False,False,False,False,False,False,False,False,True,False,False,False,True,True
174,死者宫殿 地下1～10层,,False,False,False,False,False,False,False,False,False,False,False,False,False,False,False,False,False,False,False,False,False,False,False,False,False,False,False,False,False,False,False,False,False,False,False,False,False,False,False,False,False,f1c1_dd001,0,0,67092,0,290,5001,112166,0,0,0,561,60001,0,0,0,1,0,142,11,0,0,1,0,1,0,0,0,21,0,0,-1,False,False,False,True,False,False,True,True,False,False,False,False,False,False,True,False,False,False,True,False,False,False,True,True
175,死者宫殿 地下11～20层,,False,False,False,False,False,False,False,False,False,False,False,False,False,False,False,False,False,False,False,False,False,False,False,False,False,False,False,False,False,False,False,False,False,False,False,False,False,False,False,False,False,f1c2_dd002,0,0,67092,0,290,5002,112167,0,0,0,562,60002,0,0,0,1,0,142,11,0,0,1,0,1,0,0,0,21,0,0,-1,False,False,False,True,False,False,True,True,False,False,False,False,False,False,True,False,False,False,True,False,False,False,True,True
176,死者宫殿 地下21～30层,,False,False,False,False,False,False,False,False,False,False,False,False,False,False,False,False,False,False,False,False,False,False,False,False,False,False,False,False,False,False,False,False,False,False,False,False,False,False,False,False,False,f1c3_dd003,0,0,67092,0,290,5003,112168,0,0,0,563,60003,0,0,0,1,0,142,11,0,0,1,0,1,0,0,0,21,0,0,-1,False,False,False,True,False,False,True,True,False,False,False,False,False,False,True,False,False,False,True,False,False,False,True,True
177,死者宫殿 地下31～40层,,False,False,False,False,False,False,False,False,False,False,False,False,False,False,False,False,False,False,False,False,False,False,False,False,False,False,False,False,False,False,False,False,False,False,False,False,False,False,False,False,False,f1c4_dd004,0,0,67092,0,290,5004,112169,0,0,0,564,60004,0,0,0,1,0,142,11,0,0,1,0,1,0,0,0,21,0,0,-1,False,False,False,True,False,False,True,True,False,False,False,False,False,False,True,False,False,False,True,False,False,False,True,True
178,死者宫殿 地下41～50层,,False,False,False,False,False,False,False,False,False,False,False,False,False,False,False,False,False,False,False,False,False,False,False,False,False,False,False,False,False,False,False,False,False,False,False,False,False,False,False,False,False,f1c4_dd005,0,0,67092,0,290,5005,112170,0,0,0,565,60005,0,0,0,1,0,142,11,0,0,1,0,1,0,0,0,21,0,0,-1,False,False,False,True,False,False,True,True,False,False,False,False,False,False,True,False,False,False,True,False,False,False,True,True
179,水城宝物库,,False,False,False,False,False,False,False,False,False,False,False,False,False,False,False,False,False,False,False,False,False,False,False,False,False,False,False,False,False,False,False,False,False,False,False,False,False,False,False,False,False,w1c1,0,0,0,0,0,9001,0,0,0,0,558,55001,0,180,0,1,0,108,3,0,0,0,0,1,60,0,0,9,0,0,-1,False,False,False,True,False,False,False,True,False,False,False,False,False,False,False,False,True,False,True,False,False,False,True,True
180,荣誉野（碎冰战）,,False,False,False,False,False,False,True,False,False,False,False,False,False,False,False,False,False,False,False,False,False,False,False,False,False,False,False,False,False,False,False,False,False,False,False,False,False,False,False,False,False,r2p1,0,3,0,0,0,4016,112165,0,0,0,554,41005,0,0,302,1,0,146,7,3,4,0,0,30,0,0,0,6,3,0,-1,True,True,False,False,False,False,True,False,False,False,False,True,True,False,True,False,False,False,True,False,True,False,True,True
181,亡灵府邸闹鬼庄园,,False,False,False,False,False,False,False,False,False,False,False,False,False,False,False,False,False,False,False,False,False,False,False,False,False,False,False,False,False,False,False,False,False,False,False,False,False,False,False,False,False,f1d9,0,0,69206,0,0,0,112196,80103,0,0,571,25001,0,0,0,1,0,108,11,0,0,1,0,1,1,1,0,22,0,0,-1,False,False,False,False,False,False,True,True,False,False,False,False,False,False,True,False,False,False,True,False,False,False,True,True
182,险峻峡谷塞尔法特尔溪谷,,False,True,False,False,False,False,False,False,True,False,False,False,False,False,False,False,False,False,False,False,False,False,False,False,False,False,False,False,False,False,False,False,False,False,False,False,False,False,False,False,False,r2d3_re,0,0,0,0,287,46,112186,0,0,0,1113,46,210,0,54,1,1,108,2,0,0,0,0,60,60,1,0,2,7,0,-1,False,False,False,True,True,False,True,True,True,False,False,True,True,False,True,False,False,False,True,False,False,False,True,True
183,索菲娅歼灭战,,False,False,False,False,False,True,False,False,True,False,False,False,False,False,False,False,False,False,False,False,False,False,False,False,False,False,False,False,False,False,False,False,False,False,False,False,False,False,False,False,False,a2fe,0,0,0,0,289,2038,112201,0,0,0,576,20041,220,0,115,1,1,108,3,0,0,0,0,60,60,0,0,4,9,0,-1,False,False,False,True,True,False,True,True,False,False,False,True,True,False,True,False,False,False,True,False,False,False,True,True
184,索菲娅歼殛战,,False,False,False,False,False,False,False,False,True,False,False,False,False,False,False,False,False,False,False,False,False,False,False,False,False,False,False,False,False,False,False,False,False,False,False,False,False,False,False,False,False,a2fe_2,0,0,0,0,289,2039,112202,0,0,0,577,20042,235,0,125,1,1,108,3,0,0,0,0,60,60,1,0,4,20,0,-1,False,False,False,True,True,False,True,True,False,False,False,True,True,False,True,False,False,False,True,False,False,False,True,True
185,,,False,False,False,False,False,False,False,False,False,False,False,False,False,False,False,False,False,False,False,False,False,False,False,False,False,False,False,False,False,False,False,False,False,False,False,False,False,False,False,False,False,,0,0,0,0,0,0,0,0,0,0,0,0,0,0,0,0,0,0,0,0,0,0,0,0,0,0,0,0,0,0,0,False,False,False,False,False,False,False,False,False,False,False,False,False,False,False,False,False,False,False,False,False,False,False,False
186,亚历山大机神城 天动之章1,,False,False,False,False,False,False,False,False,True,False,False,False,False,False,False,False,True,False,False,False,False,False,False,False,False,False,False,False,False,False,False,False,False,False,False,False,False,False,False,False,False,d2a9,0,0,0,0,288,3039,112188,0,0,0,580,30039,230,0,48,1,1,108,3,0,0,0,0,60,60,1,0,5,11,0,-1,False,False,False,True,True,False,True,True,False,False,False,True,True,False,True,False,False,False,True,False,False,False,True,True
187,亚历山大机神城 天动之章2,,False,False,False,False,False,False,False,False,True,False,False,False,False,False,False,False,True,False,False,False,False,False,False,False,False,False,False,False,False,False,False,False,False,False,False,False,False,False,False,False,False,d2aa,0,0,0,0,288,3040,112189,0,0,0,581,30040,230,0,49,1,1,108,3,0,0,0,0,60,60,1,0,5,11,0,-1,False,False,False,True,True,False,True,True,False,False,False,True,True,False,True,False,False,False,True,False,False,False,True,True
188,亚历山大机神城 天动之章3,,False,False,False,False,False,False,False,False,True,False,False,False,False,False,False,False,True,False,False,False,False,False,False,False,False,False,False,False,False,False,False,False,False,False,False,False,False,False,False,False,False,d2ab,0,0,0,0,288,3041,112190,0,0,0,582,30041,230,0,50,1,1,108,3,0,0,0,0,60,60,1,0,5,11,0,-1,False,False,False,True,True,False,True,True,False,False,False,True,True,False,True,False,False,False,True,False,False,False,True,True
189,亚历山大机神城 天动之章4,,False,False,False,False,False,False,False,False,True,False,False,False,False,False,False,False,True,False,False,False,False,False,False,False,False,False,False,False,False,False,False,False,False,False,False,False,False,False,False,False,False,d2ac,0,0,0,0,288,3042,112191,0,0,0,583,30042,230,0,51,1,1,108,3,0,0,0,0,60,60,1,0,5,11,0,-1,False,False,False,True,True,False,True,True,False,False,False,True,True,False,True,False,False,False,True,False,False,False,True,True
190,亚历山大零式机神城 天动之章1,,False,False,False,False,False,False,False,False,False,False,False,False,False,False,False,False,False,False,False,False,False,False,False,False,False,False,False,False,False,False,False,False,False,False,False,False,False,False,False,False,False,d2a9_2,0,0,0,0,288,3043,112192,0,0,0,584,30043,245,0,60,1,1,108,3,0,0,0,0,60,60,1,0,5,13,0,-1,False,False,False,True,True,False,True,True,False,False,False,True,True,False,True,False,False,False,True,False,False,False,True,True
191,亚历山大零式机神城 天动之章2,,False,False,False,False,False,False,False,False,False,False,False,False,False,False,False,False,False,False,False,False,False,False,False,False,False,False,False,False,False,False,False,False,False,False,False,False,False,False,False,False,False,d2aa_2,0,0,0,0,288,3044,112193,0,0,0,585,30044,250,0,61,1,1,108,3,0,0,0,0,60,60,1,0,5,13,0,-1,False,False,False,True,True,False,True,True,False,False,False,True,True,False,True,False,False,False,True,False,False,False,True,True
192,亚历山大零式机神城 天动之章3,,False,False,False,False,False,False,False,False,False,False,False,False,False,False,False,False,False,False,False,False,False,False,False,False,False,False,False,False,False,False,False,False,False,False,False,False,False,False,False,False,False,d2ab_2,0,0,0,0,288,3045,112194,0,0,0,586,30045,255,0,62,1,1,108,3,0,0,0,0,60,60,1,0,5,13,0,-1,False,False,False,True,True,False,True,True,False,False,False,True,True,False,True,False,False,False,True,False,False,False,True,True
193,亚历山大零式机神城 天动之章4,,False,False,False,False,False,False,False,False,False,False,False,False,False,False,False,False,False,False,False,False,False,False,False,False,False,False,False,False,False,False,False,False,False,False,False,False,False,False,False,False,False,d2ac_2,0,0,0,0,288,3046,112195,0,0,0,587,30046,255,0,63,1,1,108,3,0,0,0,0,60,60,1,0,5,13,0,-1,False,False,False,True,True,False,True,True,False,False,False,True,True,False,True,False,False,False,True,False,False,False,True,True
194,纠缠不清的宿命,,False,False,False,False,False,False,False,False,False,False,False,False,False,False,False,False,False,False,False,False,False,False,False,False,False,False,False,False,False,False,False,False,False,False,False,False,False,False,False,False,False,ec003,0,0,0,0,0,0,0,0,0,0,592,5003,0,0,0,1,1,142,1,0,0,0,0,1,60,0,0,7,0,0,-1,False,False,False,False,False,False,False,True,False,False,False,False,False,False,False,False,False,False,True,False,False,False,True,True
195,九宫幻卡：幻卡对局室,幻卡对局室,False,False,False,False,False,False,False,False,False,False,False,False,False,False,False,False,False,False,False,False,False,False,False,False,False,False,False,False,False,False,False,False,False,False,False,False,False,False,False,False,False,w1ee,0,0,0,0,0,7002,112197,0,0,0,579,2,0,0,1,3,0,109,12,0,0,0,0,1,0,0,0,19,4,0,-1,True,False,False,True,True,False,True,False,False,False,False,True,True,False,True,False,False,False,False,False,True,False,True,True
196,秘本宝库迦巴勒幻想图书馆,,False,True,False,False,False,False,False,False,True,False,False,False,False,False,False,False,False,False,False,False,False,False,False,False,False,False,False,False,False,False,False,False,False,False,False,False,False,False,False,False,False,d2d7,0,0,0,0,287,47,112187,0,0,0,578,47,210,0,55,1,1,108,2,0,0,0,0,60,60,1,0,2,7,0,-1,False,False,False,True,True,False,True,True,True,False,False,True,True,False,True,False,False,False,True,False,False,False,True,True
197,萌宠之王：玩家对战（绩点赛）,玩家对战（绩点赛）,False,False,False,False,False,False,False,False,False,False,False,False,False,False,False,False,False,False,False,False,False,False,False,False,False,False,False,False,False,False,False,False,False,False,False,False,False,False,False,False,False,s1p3_2,0,0,0,0,0,8001,112199,0,0,0,589,1,0,0,12,4,0,109,10,3,1,0,0,1,0,0,0,19,5,0,-1,True,True,False,False,False,False,False,False,False,False,False,True,True,False,True,False,False,False,False,False,True,False,True,True
198,萌宠之王：大赛对战（玩家对战）,大赛对战（玩家对战）,False,False,False,False,False,False,False,False,False,False,False,False,False,False,False,False,False,False,False,False,False,False,False,False,False,False,False,False,False,False,False,False,False,False,False,False,False,False,False,False,False,s1p3_3,0,0,0,0,0,8002,112200,0,0,0,590,2,0,0,16,4,0,109,10,3,1,0,0,1,0,0,0,19,5,0,-1,True,True,False,False,False,False,False,False,False,False,False,True,True,False,True,False,False,False,False,True,True,False,True,True
199,萌宠之王：玩家对战（无绩点赛）,玩家对战（无绩点赛）,False,False,False,False,False,False,False,False,False,False,False,False,False,False,False,False,False,False,False,False,False,False,False,False,False,False,False,False,False,False,False,False,False,False,False,False,False,False,False,False,False,s1p3_4,0,0,0,0,0,8003,112198,0,0,0,591,3,0,0,11,4,0,109,10,3,2,0,0,1,0,0,0,19,5,0,-1,True,True,False,False,False,False,False,False,False,False,False,True,True,False,True,False,False,False,False,False,True,False,True,True
200,,,False,False,False,False,False,False,False,False,False,False,False,False,False,False,False,False,False,False,False,False,False,False,False,False,False,False,False,False,False,False,False,False,False,False,False,False,False,False,False,False,False,,0,0,0,0,0,0,0,0,0,0,0,0,0,0,0,0,0,0,0,0,0,0,0,0,0,0,0,0,0,0,0,False,False,False,False,False,False,False,False,False,False,False,False,False,False,False,False,False,False,False,False,False,False,False,False
201,,,False,False,False,False,False,False,False,False,False,False,False,False,False,False,False,False,False,False,False,False,False,False,False,False,False,False,False,False,False,False,False,False,False,False,False,False,False,False,False,False,False,,0,0,0,0,0,0,0,0,0,0,0,0,0,0,0,0,0,0,0,0,0,0,0,0,0,0,0,0,0,0,0,False,False,False,False,False,False,False,False,False,False,False,False,False,False,False,False,False,False,False,False,False,False,False,False
202,云冠群岛白昼探索（狩猎专用）,,False,False,False,False,False,False,False,False,False,False,False,False,False,False,False,False,False,False,False,False,False,False,False,False,False,False,False,False,False,False,False,False,False,False,False,False,False,False,False,False,False,a2fc_4,0,0,67205,0,0,6004,112119,0,0,0,624,4,179,0,4,2,1,142,8,0,0,1,0,60,0,4,0,23,0,0,-1,False,False,False,True,False,False,True,True,False,False,False,False,False,False,True,False,False,False,True,False,False,False,True,True
203,云冠群岛黄昏探索（狩猎专用）,,False,False,False,False,False,False,False,False,False,False,False,False,False,False,False,False,False,False,False,False,False,False,False,False,False,False,False,False,False,False,False,False,False,False,False,False,False,False,False,False,False,a2fc_5,0,0,67205,0,0,6005,112120,0,0,0,625,5,179,0,5,2,1,142,8,0,0,1,0,60,0,4,0,23,0,0,-1,False,False,False,True,False,False,True,True,False,False,False,False,False,False,True,False,False,False,True,False,False,False,True,True
204,死者宫殿 地下51～60层,,False,False,False,False,False,False,False,False,False,False,False,False,False,False,False,False,False,False,False,False,False,False,False,False,False,False,False,False,False,False,False,False,False,False,False,False,False,False,False,False,False,f1c5_dd006,0,0,67923,0,290,5006,112171,0,0,0,593,60006,0,0,0,1,1,142,11,0,0,1,0,1,0,0,0,21,0,0,-1,False,False,False,True,False,False,True,True,False,False,False,False,False,False,True,False,False,False,True,False,False,False,True,True
205,死者宫殿 地下61～70层,,False,False,False,False,False,False,False,False,False,False,False,False,False,False,False,False,False,False,False,False,False,False,False,False,False,False,False,False,False,False,False,False,False,False,False,False,False,False,False,False,False,f1c5_dd007,0,0,67923,0,290,5007,112172,0,0,0,594,60007,0,0,0,1,1,142,11,0,0,1,0,1,0,0,0,21,0,0,-1,False,False,False,True,False,False,True,True,False,False,False,False,False,False,True,False,False,False,True,False,False,False,True,True
206,死者宫殿 地下71～80层,,False,False,False,False,False,False,False,False,False,False,False,False,False,False,False,False,False,False,False,False,False,False,False,False,False,False,False,False,False,False,False,False,False,False,False,False,False,False,False,False,False,f1c5_dd008,0,0,67923,0,290,5008,112173,0,0,0,595,60008,0,0,0,1,1,142,11,0,0,1,0,1,0,0,0,21,0,0,-1,False,False,False,True,False,False,True,True,False,False,False,False,False,False,True,False,False,False,True,False,False,False,True,True
207,死者宫殿 地下81～90层,,False,False,False,False,False,False,False,False,False,False,False,False,False,False,False,False,False,False,False,False,False,False,False,False,False,False,False,False,False,False,False,False,False,False,False,False,False,False,False,False,False,f1c6_dd009,0,0,67923,0,290,5009,112174,0,0,0,596,60009,0,0,0,1,1,142,11,0,0,1,0,1,0,0,0,21,0,0,-1,False,False,False,True,False,False,True,True,False,False,False,False,False,False,True,False,False,False,True,False,False,False,True,True
208,死者宫殿 地下91～100层,,False,False,False,False,False,False,False,False,False,False,False,False,False,False,False,False,False,False,False,False,False,False,False,False,False,False,False,False,False,False,False,False,False,False,False,False,False,False,False,False,False,f1c6_dd010,0,0,67923,0,290,5010,112175,0,0,0,597,60010,0,0,0,1,1,142,11,0,0,1,0,1,0,0,0,21,0,0,-1,False,False,False,True,False,False,True,True,False,False,False,False,False,False,True,False,False,False,True,False,False,False,True,True
209,死者宫殿 地下101～110层,,False,False,False,False,False,False,False,False,False,False,False,False,False,False,False,False,False,False,False,False,False,False,False,False,False,False,False,False,False,False,False,False,False,False,False,False,False,False,False,False,False,f1c6_dd011,0,0,67923,0,290,5011,112176,0,0,0,598,60011,0,0,0,1,1,142,11,0,0,1,0,1,0,0,0,21,0,0,-1,False,False,False,True,False,False,True,True,False,False,False,False,False,False,True,False,False,False,True,False,False,False,True,True
210,死者宫殿 地下111～120层,,False,False,False,False,False,False,False,False,False,False,False,False,False,False,False,False,False,False,False,False,False,False,False,False,False,False,False,False,False,False,False,False,False,False,False,False,False,False,False,False,False,f1c8_dd012,0,0,67923,0,290,5012,112177,0,0,0,599,60012,0,0,0,1,1,142,11,0,0,1,0,1,0,0,0,21,0,0,-1,False,False,False,True,False,False,True,True,False,False,False,False,False,False,True,False,False,False,True,False,False,False,True,True
211,死者宫殿 地下121～130层,,False,False,False,False,False,False,False,False,False,False,False,False,False,False,False,False,False,False,False,False,False,False,False,False,False,False,False,False,False,False,False,False,False,False,False,False,False,False,False,False,False,f1c8_dd013,0,0,67923,0,290,5013,112178,0,0,0,600,60013,0,0,0,1,1,142,11,0,0,1,0,1,0,0,0,21,0,0,-1,False,False,False,True,False,False,True,True,False,False,False,False,False,False,True,False,False,False,True,False,False,False,True,True
212,死者宫殿 地下131～140层,,False,False,False,False,False,False,False,False,False,False,False,False,False,False,False,False,False,False,False,False,False,False,False,False,False,False,False,False,False,False,False,False,False,False,False,False,False,False,False,False,False,f1c9_dd014,0,0,67923,0,290,5014,112179,0,0,0,601,60014,0,0,0,1,1,142,11,0,0,1,0,1,0,0,0,21,0,0,-1,False,False,False,True,False,False,True,True,False,False,False,False,False,False,True,False,False,False,True,False,False,False,True,True
213,死者宫殿 地下141～150层,,False,False,False,False,False,False,False,False,False,False,False,False,False,False,False,False,False,False,False,False,False,False,False,False,False,False,False,False,False,False,False,False,False,False,False,False,False,False,False,False,False,f1c9_dd015,0,0,67923,0,290,5015,112180,0,0,0,602,60015,0,0,0,1,1,142,11,0,0,1,0,1,0,0,0,21,0,0,-1,False,False,False,True,False,False,True,True,False,False,False,False,False,False,True,False,False,False,True,False,False,False,True,True
214,死者宫殿 地下151～160层,,False,False,False,False,False,False,False,False,False,False,False,False,False,False,False,False,False,False,False,False,False,False,False,False,False,False,False,False,False,False,False,False,False,False,False,False,False,False,False,False,False,f1c7_dd016,0,0,67923,0,290,5016,112181,0,0,0,603,60016,0,0,0,1,1,142,11,0,0,1,0,1,0,0,0,21,0,0,-1,False,False,False,True,False,False,True,True,False,False,False,False,False,False,True,False,False,False,True,False,False,False,True,True
215,死者宫殿 地下161～170层,,False,False,False,False,False,False,False,False,False,False,False,False,False,False,False,False,False,False,False,False,False,False,False,False,False,False,False,False,False,False,False,False,False,False,False,False,False,False,False,False,False,f1c7_dd017,0,0,67923,0,290,5017,112182,0,0,0,604,60017,0,0,0,1,1,142,11,0,0,1,0,1,0,0,0,21,0,0,-1,False,False,False,True,False,False,True,True,False,False,False,False,False,False,True,False,False,False,True,False,False,False,True,True
216,死者宫殿 地下171～180层,,False,False,False,False,False,False,False,False,False,False,False,False,False,False,False,False,False,False,False,False,False,False,False,False,False,False,False,False,False,False,False,False,False,False,False,False,False,False,False,False,False,f1c7_dd018,0,0,67923,0,290,5018,112183,0,0,0,605,60018,0,0,0,1,1,142,11,0,0,1,0,1,0,0,0,21,0,0,-1,False,False,False,True,False,False,True,True,False,False,False,False,False,False,True,False,False,False,True,False,False,False,True,True
217,死者宫殿 地下181～190层,,False,False,False,False,False,False,False,False,False,False,False,False,False,False,False,False,False,False,False,False,False,False,False,False,False,False,False,False,False,False,False,False,False,False,False,False,False,False,False,False,False,f1c7_dd019,0,0,67923,0,290,5019,112184,0,0,0,606,60019,0,0,0,1,1,142,11,0,0,1,0,1,0,0,0,21,0,0,-1,False,False,False,True,False,False,True,True,False,False,False,False,False,False,True,False,False,False,True,False,False,False,True,True
218,死者宫殿 地下191～200层,,False,False,False,False,False,False,False,False,False,False,False,False,False,False,False,False,False,False,False,False,False,False,False,False,False,False,False,False,False,False,False,False,False,False,False,False,False,False,False,False,False,f1c7_dd020,0,0,67923,0,290,5020,112185,0,0,0,607,60020,0,0,0,1,1,142,11,0,0,1,0,1,0,0,0,21,0,0,-1,False,False,False,True,False,False,True,True,False,False,False,False,False,False,True,False,False,False,True,False,False,False,True,True
219,坚牢铁壁巴埃萨长城,,False,True,False,False,False,False,False,False,True,False,False,False,False,False,False,False,False,False,False,False,False,False,False,False,False,False,False,False,False,False,False,False,False,False,False,False,False,False,False,False,False,f1da_re,0,0,0,0,287,48,112214,0,0,0,1114,48,230,0,56,1,1,108,2,0,0,0,0,60,60,1,0,2,7,0,-1,False,False,False,True,True,False,True,True,True,False,False,True,True,False,True,False,False,False,True,False,False,False,True,True
220,影之国,,False,False,False,False,False,False,False,False,True,False,False,False,False,False,True,False,False,False,False,False,False,False,False,False,False,False,False,False,False,False,False,False,False,False,False,False,False,False,False,False,False,z2r3,0,0,0,0,288,3047,112203,0,0,0,627,30047,235,0,32,1,1,108,4,0,0,0,0,60,60,2,0,5,15,0,-1,False,False,False,True,True,False,True,True,False,False,False,True,True,False,True,False,False,False,True,False,False,False,True,True
221,天山深境索姆阿尔灵峰,,False,True,False,False,False,False,False,False,True,False,False,False,False,False,False,False,False,False,False,False,False,False,False,False,False,False,False,False,False,False,False,False,False,False,False,False,False,False,False,False,False,d2d8,0,0,0,0,287,49,112215,0,0,0,617,49,230,0,57,1,1,108,2,0,0,0,0,60,60,1,0,2,7,0,-1,False,False,False,True,True,False,True,True,True,False,False,True,True,False,True,False,False,False,True,False,False,False,True,True
222,加尔提诺平原遭遇战,,False,False,False,False,False,False,False,False,False,False,False,False,False,False,False,False,False,False,False,False,False,False,False,False,False,False,False,False,False,False,False,False,False,False,False,False,False,False,False,False,False,ec004,0,0,0,0,0,0,0,0,0,0,633,5004,0,0,0,1,1,142,1,0,0,0,0,1,60,0,0,7,0,0,-1,False,False,False,False,False,False,False,True,False,False,False,False,False,False,False,False,False,False,True,False,False,False,True,True
223,祖尔宛歼灭战,,False,False,False,False,False,True,False,False,True,False,False,False,False,False,False,False,False,False,False,False,False,False,False,False,False,False,False,False,False,False,False,False,False,False,False,False,False,False,False,False,False,a2fg,0,0,0,0,289,2040,112212,0,0,0,637,20043,235,0,116,1,1,108,3,0,0,0,0,60,60,0,0,4,9,0,-1,False,False,False,True,True,False,True,True,False,False,False,True,True,False,True,False,False,False,True,False,False,False,True,True
224,祖尔宛歼殛战,,False,False,False,False,False,False,False,False,True,False,False,False,False,False,False,False,False,False,False,False,False,False,False,False,False,False,False,False,False,False,False,False,False,False,False,False,False,False,False,False,False,a2fg_2,0,0,0,0,289,2041,112213,0,0,0,638,20044,250,0,126,1,1,108,3,0,0,0,0,60,60,1,0,4,20,0,-1,False,False,False,True,True,False,True,True,False,False,False,True,True,False,True,False,False,False,True,False,False,False,True,True
225,云冠群岛战争神猎场,,False,False,False,False,False,False,False,False,False,False,False,False,False,False,False,False,False,False,False,False,False,False,False,False,False,False,False,False,False,False,False,False,False,False,False,False,False,False,False,False,False,a2fh,0,0,67205,0,0,6006,112221,0,0,0,630,6,220,0,6,2,1,142,8,0,0,1,0,60,60,4,0,23,0,0,-1,False,False,False,True,False,False,True,True,False,False,False,False,False,False,True,False,False,False,True,False,False,False,True,True
226,,,False,False,False,False,False,False,False,False,False,False,False,False,False,False,False,False,False,False,False,False,False,False,False,False,False,False,False,False,False,False,False,False,False,False,False,False,False,False,False,False,False,,0,0,0,0,0,0,0,0,0,0,0,0,0,0,0,0,0,0,0,0,0,0,0,0,0,0,0,0,0,0,0,False,False,False,False,False,False,False,False,False,False,False,False,False,False,False,False,False,False,False,False,False,False,False,False
227,,,False,False,False,False,False,False,False,False,False,False,False,False,False,False,False,False,False,False,False,False,False,False,False,False,False,False,False,False,False,False,False,False,False,False,False,False,False,False,False,False,False,,0,0,0,0,0,0,0,0,0,0,0,0,0,0,0,0,0,0,0,0,0,0,0,0,0,0,0,0,0,0,0,False,False,False,False,False,False,False,False,False,False,False,False,False,False,False,False,False,False,False,False,False,False,False,False
228,,,False,False,False,False,False,False,False,False,False,False,False,False,False,False,False,False,False,False,False,False,False,False,False,False,False,False,False,False,False,False,False,False,False,False,False,False,False,False,False,False,False,,0,0,0,0,0,0,0,0,0,0,0,0,0,0,0,0,0,0,0,0,0,0,0,0,0,0,0,0,0,0,0,False,False,False,False,False,False,False,False,False,False,False,False,False,False,False,False,False,False,False,False,False,False,False,False
229,,,False,False,False,False,False,False,False,False,False,False,False,False,False,False,False,False,False,False,False,False,False,False,False,False,False,False,False,False,False,False,False,False,False,False,False,False,False,False,False,False,False,,0,0,0,0,0,0,0,0,0,0,0,0,0,0,0,0,0,0,0,0,0,0,0,0,0,0,0,0,0,0,0,False,False,False,False,False,False,False,False,False,False,False,False,False,False,False,False,False,False,False,False,False,False,False,False
230,,,False,False,False,False,False,False,False,False,False,False,False,False,False,False,False,False,False,False,False,False,False,False,False,False,False,False,False,False,False,False,False,False,False,False,False,False,False,False,False,False,False,,0,0,0,0,0,0,0,0,0,0,0,0,0,0,0,0,0,0,0,0,0,0,0,0,0,0,0,0,0,0,0,False,False,False,False,False,False,False,False,False,False,False,False,False,False,False,False,False,False,False,False,False,False,False,False
231,,,False,False,False,False,False,False,False,False,False,False,False,False,False,False,False,False,False,False,False,False,False,False,False,False,False,False,False,False,False,False,False,False,False,False,False,False,False,False,False,False,False,,0,0,0,0,0,0,0,0,0,0,0,0,0,0,0,0,0,0,0,0,0,0,0,0,0,0,0,0,0,0,0,False,False,False,False,False,False,False,False,False,False,False,False,False,False,False,False,False,False,False,False,False,False,False,False
232,,,False,False,False,False,False,False,False,False,False,False,False,False,False,False,False,False,False,False,False,False,False,False,False,False,False,False,False,False,False,False,False,False,False,False,False,False,False,False,False,False,False,,0,0,0,0,0,0,0,0,0,0,0,0,0,0,0,0,0,0,0,0,0,0,0,0,0,0,0,0,0,0,0,False,False,False,False,False,False,False,False,False,False,False,False,False,False,False,False,False,False,False,False,False,False,False,False
233,,,False,False,False,False,False,False,False,False,False,False,False,False,False,False,False,False,False,False,False,False,False,False,False,False,False,False,False,False,False,False,False,False,False,False,False,False,False,False,False,False,False,,0,0,0,0,0,0,0,0,0,0,0,0,0,0,0,0,0,0,0,0,0,0,0,0,0,0,0,0,0,0,0,False,False,False,False,False,False,False,False,False,False,False,False,False,False,False,False,False,False,False,False,False,False,False,False
234,云冠群岛丰饶神福地,,False,False,False,False,False,False,False,False,False,False,False,False,False,False,False,False,False,False,False,False,False,False,False,False,False,False,False,False,False,False,False,False,False,False,False,False,False,False,False,False,False,a2fh_2,0,0,67205,0,0,6007,112222,0,0,0,656,7,179,0,7,2,1,142,16,0,0,1,0,60,60,4,0,23,0,0,-1,False,False,False,True,False,False,True,True,False,False,False,False,False,False,True,False,False,False,True,False,False,False,True,True
235,海底宫殿紫水宫,,True,False,False,False,False,False,False,False,True,False,False,False,False,False,False,False,False,False,False,False,False,False,False,False,False,False,False,False,False,False,False,False,False,False,False,False,False,False,False,False,False,e3d1,0,0,0,0,291,50,112227,0,0,0,616,50,245,0,59,1,2,108,2,0,0,0,0,63,64,1,0,2,30,0,-1,False,False,False,True,True,False,True,True,True,False,False,True,True,False,True,False,False,False,True,False,False,False,True,True
236,修行古刹星导寺,,False,True,False,False,False,False,False,False,True,False,False,False,False,False,False,False,False,False,False,False,False,False,False,False,False,False,False,False,False,False,False,False,False,False,False,False,False,False,False,False,False,g3d3,0,0,0,0,291,51,112233,0,0,0,663,51,280,340,65,1,2,108,2,0,0,0,0,70,70,1,0,2,30,0,-1,False,False,False,True,True,False,True,True,True,False,False,True,True,False,True,False,False,False,True,False,False,False,True,True
237,鱼道现身！,,False,False,False,False,False,False,False,False,False,False,False,False,False,False,False,False,False,False,False,False,False,False,False,False,False,False,False,False,False,False,False,False,False,False,False,False,False,False,False,False,False,ec005,0,0,0,0,0,0,0,0,0,0,665,5005,0,0,0,1,2,142,1,0,0,0,0,1,63,0,0,7,0,0,-1,False,False,False,True,False,False,False,True,False,False,False,False,False,False,False,False,False,False,True,False,False,False,True,True
238,漂流海域妖歌海,,True,False,False,False,False,False,False,False,True,False,False,False,False,False,False,False,False,False,False,False,False,False,False,False,False,False,False,False,False,False,False,False,False,False,False,False,False,False,False,False,False,o3d1_re,0,0,0,0,291,52,112226,0,0,0,1142,52,240,0,58,1,2,108,2,0,0,0,0,61,62,1,0,2,30,0,-1,False,False,False,True,True,False,True,True,True,False,False,True,True,False,True,False,False,False,True,False,False,False,True,True
239,神龙歼灭战,,False,False,False,False,False,True,False,False,True,False,False,False,False,False,False,False,False,False,False,False,False,False,False,False,False,False,False,False,False,False,False,False,False,False,False,False,False,False,False,False,False,g3fb,0,0,0,0,293,2042,112244,0,0,0,679,20045,280,0,132,1,2,108,3,0,0,0,0,70,70,0,0,4,21,0,-1,False,False,False,True,True,False,True,True,False,False,False,True,True,False,True,False,False,False,True,False,False,False,True,True
240,试炼行路巴儿达木霸道,,True,False,False,False,False,False,False,False,True,False,False,False,False,False,False,False,False,False,False,False,False,False,False,False,False,False,False,False,False,False,False,False,False,False,False,False,False,False,False,False,False,e3d2_re,0,0,0,0,291,53,112228,0,0,0,1143,53,250,0,60,1,2,108,2,0,0,0,0,65,66,1,0,2,30,0,-1,False,False,False,True,True,False,True,True,True,False,False,True,True,False,True,False,False,False,True,False,False,False,True,True
241,解放决战多玛王城,,True,False,False,False,False,False,False,False,True,False,False,False,False,False,False,False,False,False,False,False,False,False,False,False,False,False,False,False,False,False,False,False,False,False,False,False,False,False,False,False,False,e3d3_re,0,0,0,0,291,54,112229,0,0,0,1144,54,255,0,61,1,2,108,2,0,0,0,0,67,68,1,0,2,30,0,-1,False,False,False,True,True,False,True,True,True,False,False,True,True,False,True,False,False,False,True,False,False,False,True,True
242,巨炮要塞帝国白山堡,,True,False,False,False,False,False,False,False,True,False,False,False,False,False,False,False,False,False,False,False,False,False,False,False,False,False,False,False,False,False,False,False,False,False,False,False,False,False,False,False,False,g3d1_re,0,0,0,0,291,55,112230,0,0,0,1145,55,260,290,62,1,2,108,2,0,0,0,0,69,70,1,0,2,30,0,-1,False,False,False,True,True,False,True,True,True,False,False,True,True,False,True,False,False,False,True,False,False,False,True,True
243,须佐之男歼灭战,,False,False,False,False,False,True,False,False,True,False,False,False,False,False,False,False,False,False,False,False,False,False,False,False,False,False,False,False,False,False,False,False,False,False,False,False,False,False,False,False,False,e3fa,0,0,0,0,293,2043,112242,0,0,0,674,20046,0,0,130,1,2,108,3,0,0,0,0,63,64,0,0,4,21,0,-1,False,False,False,True,True,False,True,True,False,False,False,True,True,False,True,False,False,False,True,False,False,False,True,True
244,须佐之男歼殛战,,False,False,False,False,False,False,False,False,True,False,False,False,False,False,False,False,False,False,False,False,False,False,False,False,False,False,False,False,False,False,False,False,False,False,False,False,False,False,False,False,False,e3fa_2,0,0,0,0,293,2044,112245,0,0,0,677,20047,300,0,150,1,2,108,3,0,0,0,0,70,70,1,0,4,22,0,-1,False,False,False,True,True,False,True,True,False,False,False,True,True,False,True,False,False,False,True,False,False,False,True,True
245,抗争之力,,False,False,False,False,False,False,False,False,False,False,False,False,False,False,False,False,False,False,False,False,False,False,False,False,False,False,False,False,False,False,False,False,False,False,False,False,False,False,False,False,False,e0182,0,0,0,0,0,0,0,0,0,0,707,5007,0,0,0,1,2,142,1,0,0,0,0,70,70,0,0,7,0,0,-1,False,False,False,False,False,False,False,True,False,False,False,False,False,False,False,False,False,False,True,False,False,False,True,True
246,那达慕,,False,False,False,False,False,False,False,False,False,False,False,False,False,False,False,False,False,False,False,False,False,False,False,False,False,False,False,False,False,False,False,False,False,False,False,False,False,False,False,False,False,ec006,0,0,0,0,0,0,0,0,0,0,688,5008,0,0,0,1,2,142,1,0,0,0,0,1,68,0,0,7,0,0,-1,False,False,False,False,False,False,False,True,False,False,False,False,False,False,False,False,False,False,True,False,False,False,True,True
247,鏖战红莲阿拉米格,,False,True,False,False,False,False,False,False,True,False,False,False,False,False,False,False,False,False,False,False,False,False,False,False,False,False,False,False,False,False,False,False,False,False,False,False,False,False,False,False,False,g3d2_re,0,0,0,0,291,56,112231,0,0,0,1146,56,280,310,63,1,2,108,2,0,0,0,0,70,70,1,0,2,30,0,-1,False,False,False,True,True,False,True,True,True,False,False,True,True,False,True,False,False,False,True,False,False,False,True,True
248,海都路人身首异,,False,False,False,False,False,False,False,False,False,False,False,False,False,False,False,False,False,False,False,False,False,False,False,False,False,False,False,False,False,False,False,False,False,False,False,False,False,False,False,False,False,e0184,0,0,0,0,0,0,0,0,0,0,708,5009,0,0,0,1,2,142,1,0,0,0,0,54,56,0,0,7,0,0,-1,False,False,False,False,False,False,False,True,False,False,False,False,False,False,False,False,False,False,True,False,False,False,True,True
249,极恶之人木枯,,False,False,False,False,False,False,False,False,False,False,False,False,False,False,False,False,False,False,False,False,False,False,False,False,False,False,False,False,False,False,False,False,False,False,False,False,False,False,False,False,False,e0185,0,0,0,0,0,0,0,0,0,0,709,5010,0,0,0,1,2,142,1,0,0,0,0,60,62,0,0,7,0,0,-1,False,False,False,False,False,False,False,True,False,False,False,False,False,False,False,False,False,False,True,False,False,False,True,True
250,松叶门外之变,,False,False,False,False,False,False,False,False,False,False,False,False,False,False,False,False,False,False,False,False,False,False,False,False,False,False,False,False,False,False,False,False,False,False,False,False,False,False,False,False,False,e0186,0,0,0,0,0,0,0,0,0,0,710,5011,0,0,0,1,2,142,1,0,0,0,0,65,67,0,0,7,0,0,-1,False,False,False,False,False,False,False,True,False,False,False,False,False,False,False,False,False,False,True,False,False,False,True,True
251,决战龟甲岛,,False,False,False,False,False,False,False,False,False,False,False,False,False,False,False,False,False,False,False,False,False,False,False,False,False,False,False,False,False,False,False,False,False,False,False,False,False,False,False,False,False,e0187,0,0,0,0,0,0,0,0,0,0,711,5012,0,0,0,1,2,142,1,0,0,0,0,70,70,0,0,7,0,0,-1,False,False,False,False,False,False,False,True,False,False,False,False,False,False,False,False,False,False,True,False,False,False,True,True
252,欧米茄时空狭缝 德尔塔幻境1,,False,False,False,False,False,False,False,False,True,False,False,False,False,False,False,False,True,False,False,False,False,False,False,False,False,False,False,False,False,False,False,False,False,False,False,False,False,False,False,False,False,z3o2,0,0,0,0,292,3048,112234,0,0,0,691,30049,295,0,67,1,2,108,3,0,0,0,0,70,70,1,0,5,16,0,-1,False,False,False,True,True,False,True,True,False,False,False,True,True,False,True,False,False,False,True,False,False,False,True,True
253,欧米茄时空狭缝 德尔塔幻境2,,False,False,False,False,False,False,False,False,True,False,False,False,False,False,False,False,True,False,False,False,False,False,False,False,False,False,False,False,False,False,False,False,False,False,False,False,False,False,False,False,False,z3o3,0,0,0,0,292,3049,112235,0,0,0,692,30050,295,0,68,1,2,108,3,0,0,0,0,70,70,1,0,5,16,0,-1,False,False,False,True,True,False,True,True,False,False,False,True,True,False,True,False,False,False,True,False,False,False,True,True
254,欧米茄时空狭缝 德尔塔幻境3,,False,False,False,False,False,False,False,False,True,False,False,False,False,False,False,False,True,False,False,False,False,False,False,False,False,False,False,False,False,False,False,False,False,False,False,False,False,False,False,False,False,z3o4,0,0,0,0,292,3050,112236,0,0,0,693,30051,295,0,69,1,2,108,3,0,0,0,0,70,70,1,0,5,16,0,-1,False,False,False,True,True,False,True,True,False,False,False,True,True,False,True,False,False,False,True,False,False,False,True,True
255,欧米茄时空狭缝 德尔塔幻境4,,False,False,False,False,False,False,False,False,True,False,False,False,False,False,False,False,True,False,False,False,False,False,False,False,False,False,False,False,False,False,False,False,False,False,False,False,False,False,False,False,False,z3o5,0,0,0,0,292,3051,112237,0,0,0,694,30052,295,0,70,1,2,108,3,0,0,0,0,70,70,1,0,5,16,0,-1,False,False,False,True,True,False,True,True,False,False,False,True,True,False,True,False,False,False,True,False,False,False,True,True
256,欧米茄零式时空狭缝 德尔塔幻境1,,False,False,False,False,False,False,False,False,False,False,False,False,False,False,False,False,False,False,False,False,False,False,False,False,False,False,False,False,False,False,False,False,False,False,False,False,False,False,False,False,False,z3o2_2,0,0,0,0,292,3052,112238,0,0,0,695,30053,310,0,79,1,2,108,3,0,0,0,0,70,70,1,0,5,17,0,-1,False,False,False,True,True,False,True,True,False,False,False,True,True,False,True,False,False,False,True,False,False,False,True,True
257,欧米茄零式时空狭缝 德尔塔幻境2,,False,False,False,False,False,False,False,False,False,False,False,False,False,False,False,False,False,False,False,False,False,False,False,False,False,False,False,False,False,False,False,False,False,False,False,False,False,False,False,False,False,z3o3_2,0,0,0,0,292,3053,112239,0,0,0,696,30054,315,0,80,1,2,108,3,0,0,0,0,70,70,1,0,5,17,0,-1,False,False,False,True,True,False,True,True,False,False,False,True,True,False,True,False,False,False,True,False,False,False,True,True
258,欧米茄零式时空狭缝 德尔塔幻境3,,False,False,False,False,False,False,False,False,False,False,False,False,False,False,False,False,False,False,False,False,False,False,False,False,False,False,False,False,False,False,False,False,False,False,False,False,False,False,False,False,False,z3o4_2,0,0,0,0,292,3054,112240,0,0,0,697,30055,320,0,81,1,2,108,3,0,0,0,0,70,70,1,0,5,17,0,-1,False,False,False,True,True,False,True,True,False,False,False,True,True,False,True,False,False,False,True,False,False,False,True,True
259,欧米茄零式时空狭缝 德尔塔幻境4,,False,False,False,False,False,False,False,False,False,False,False,False,False,False,False,False,False,False,False,False,False,False,False,False,False,False,False,False,False,False,False,False,False,False,False,False,False,False,False,False,False,z3o5_2,0,0,0,0,292,3055,112241,0,0,0,698,30056,320,0,82,1,2,108,3,0,0,0,0,70,70,1,0,5,17,0,-1,False,False,False,True,True,False,True,True,False,False,False,True,True,False,True,False,False,False,True,False,False,False,True,True
260,原初的战士,,False,False,False,False,False,False,False,False,False,False,False,False,False,False,False,False,False,False,False,False,False,False,False,False,False,False,False,False,False,False,False,False,False,False,False,False,False,False,False,False,False,e0174,0,0,0,0,0,0,0,0,0,0,717,5013,0,0,0,1,2,142,1,0,0,0,0,60,62,0,0,7,0,0,-1,False,False,False,False,False,False,False,True,False,False,False,False,False,False,False,False,False,False,True,False,False,False,True,True
261,大会开始,,False,False,False,False,False,False,False,False,False,False,False,False,False,False,False,False,False,False,False,False,False,False,False,False,False,False,False,False,False,False,False,False,False,False,False,False,False,False,False,False,False,e0168,0,0,0,0,0,0,0,0,0,0,705,5006,0,0,0,1,2,142,1,0,0,0,0,63,65,0,0,7,0,0,-1,False,False,False,False,False,False,False,True,False,False,False,False,False,False,False,False,False,False,True,False,False,False,True,True
262,恶党孤城黄金阁,,False,True,False,False,False,False,False,False,True,False,False,False,False,False,False,False,False,False,False,False,False,False,False,False,False,False,False,False,False,False,False,False,False,False,False,False,False,False,False,False,False,e3d4,0,0,0,0,291,57,112232,0,0,0,662,57,280,340,64,1,2,108,2,0,0,0,0,70,70,1,0,2,30,0,-1,False,False,False,True,True,False,True,True,True,False,False,True,True,False,True,False,False,False,True,False,False,False,True,True
263,吉祥天女歼灭战,,False,False,False,False,False,True,False,False,True,False,False,False,False,False,False,False,False,False,False,False,False,False,False,False,False,False,False,False,False,False,False,False,False,False,False,False,False,False,False,False,False,g3fa,0,0,0,0,293,2045,112243,0,0,0,719,20048,0,0,131,1,2,108,3,0,0,0,0,67,68,0,0,4,21,0,-1,False,False,False,True,True,False,True,True,False,False,False,True,True,False,True,False,False,False,True,False,False,False,True,True
264,吉祥天女歼殛战,,False,False,False,False,False,False,False,False,True,False,False,False,False,False,False,False,False,False,False,False,False,False,False,False,False,False,False,False,False,False,False,False,False,False,False,False,False,False,False,False,False,g3fa_2,0,0,0,0,293,2046,112246,0,0,0,720,20049,300,0,151,1,2,108,3,0,0,0,0,70,70,1,0,4,22,0,-1,False,False,False,True,True,False,True,True,False,False,False,True,True,False,True,False,False,False,True,False,False,False,True,True
265,穿越时空的夙愿,,False,False,False,False,False,False,False,False,False,False,False,False,False,False,False,False,False,False,False,False,False,False,False,False,False,False,False,False,False,False,False,False,False,False,False,False,False,False,False,False,False,e0171,0,0,0,0,0,0,0,0,0,0,722,5014,0,0,0,1,2,142,1,0,0,0,0,70,70,0,0,7,0,0,-1,False,False,False,False,False,False,False,True,False,False,False,False,False,False,False,False,False,False,True,False,False,False,True,True
266,燃烧吧高吉,,False,False,False,False,False,False,False,False,False,False,False,False,False,False,False,False,False,False,False,False,False,False,False,False,False,False,False,False,False,False,False,False,False,False,False,False,False,False,False,False,False,e0175,0,0,0,0,0,0,0,0,0,0,718,5015,0,0,0,1,2,142,1,0,0,0,0,70,70,0,0,7,0,0,-1,False,False,False,False,False,False,False,True,False,False,False,False,False,False,False,False,False,False,True,False,False,False,True,True
267,漆黑的巨龙,,False,False,False,False,False,False,False,False,False,False,False,False,False,False,False,False,False,False,False,False,False,False,False,False,False,False,False,False,False,False,False,False,False,False,False,False,False,False,False,False,False,e0158,0,0,0,0,0,0,0,0,0,0,713,5016,0,0,0,1,2,142,1,0,0,0,0,68,70,0,0,7,0,0,-1,False,False,False,False,False,False,False,True,False,False,False,False,False,False,False,False,False,False,True,False,False,False,True,True
268,运河宝物库,,False,False,False,False,False,False,False,False,False,False,False,False,False,False,False,False,False,False,False,False,False,False,False,False,False,False,False,False,False,False,False,False,False,False,False,False,False,False,False,False,False,o3c1,0,0,0,0,0,9002,0,0,0,0,712,55002,0,370,0,1,2,108,3,0,0,0,0,1,70,0,0,9,0,0,-1,False,False,False,True,False,False,False,True,False,False,False,False,False,False,False,False,True,False,True,False,False,False,True,True
269,于里昂热的秘策,,False,False,False,False,False,False,False,False,False,False,False,False,False,False,False,False,False,False,False,False,False,False,False,False,False,False,False,False,False,False,False,False,False,False,False,False,False,False,False,False,False,ec007,0,0,0,0,0,0,0,0,0,0,684,5017,0,0,0,1,2,142,1,0,0,0,0,1,70,0,0,7,0,0,-1,False,False,False,False,False,False,False,True,False,False,False,False,False,False,False,False,False,False,True,False,False,False,True,True
270,为了更强,,False,False,False,False,False,False,False,False,False,False,False,False,False,False,False,False,False,False,False,False,False,False,False,False,False,False,False,False,False,False,False,False,False,False,False,False,False,False,False,False,False,e0169,0,0,0,0,0,0,0,0,0,0,706,5018,0,0,0,1,2,142,1,0,0,0,0,70,70,0,0,7,0,0,-1,False,False,False,False,False,False,False,True,False,False,False,False,False,False,False,False,False,False,True,False,False,False,True,True
271,遥远的憧憬,,False,False,False,False,False,False,False,False,False,False,False,False,False,False,False,False,False,False,False,False,False,False,False,False,False,False,False,False,False,False,False,False,False,False,False,False,False,False,False,False,False,e0160,0,0,0,0,0,0,0,0,0,0,715,5019,0,0,0,1,2,142,1,0,0,0,0,65,67,0,0,7,0,0,-1,False,False,False,False,False,False,False,True,False,False,False,False,False,False,False,False,False,False,True,False,False,False,True,True
272,再次相见,,False,False,False,False,False,False,False,False,False,False,False,False,False,False,False,False,False,False,False,False,False,False,False,False,False,False,False,False,False,False,False,False,False,False,False,False,False,False,False,False,False,e0161,0,0,0,0,0,0,0,0,0,0,716,5020,0,0,0,1,2,142,1,0,0,0,0,70,70,0,0,7,0,0,-1,False,False,False,False,False,False,False,True,False,False,False,False,False,False,False,False,False,False,True,False,False,False,True,True
273,红血之龙骑士,,False,False,False,False,False,False,False,False,False,False,False,False,False,False,False,False,False,False,False,False,False,False,False,False,False,False,False,False,False,False,False,False,False,False,False,False,False,False,False,False,False,e0159,0,0,0,0,0,0,0,0,0,0,714,5021,0,0,0,1,2,142,1,0,0,0,0,70,70,0,0,7,0,0,-1,False,False,False,False,False,False,False,True,False,False,False,False,False,False,False,False,False,False,True,False,False,False,True,True
274,影隐忍法贴,,False,False,False,False,False,False,False,False,False,False,False,False,False,False,False,False,False,False,False,False,False,False,False,False,False,False,False,False,False,False,False,False,False,False,False,False,False,False,False,False,False,e0167,0,0,0,0,0,0,0,0,0,0,723,5022,0,0,0,1,2,142,1,0,0,0,0,70,70,0,0,7,0,0,-1,False,False,False,False,False,False,False,True,False,False,False,False,False,False,False,False,False,False,True,False,False,False,True,True
275,时空狭缝外缘,,False,False,False,False,False,False,False,False,False,False,False,False,False,False,False,False,False,False,False,False,False,False,False,False,False,False,False,False,False,False,False,False,False,False,False,False,False,False,False,False,False,z3o1,0,0,0,0,0,0,0,0,0,0,690,5023,0,0,0,1,2,142,1,0,0,0,0,1,70,0,0,7,0,0,-1,False,False,False,False,False,False,False,True,False,False,False,False,False,False,False,False,False,False,True,False,False,False,True,True
276,运河宝物库深层,,False,False,False,False,False,False,False,False,False,False,False,False,False,False,False,False,False,False,False,False,False,False,False,False,False,False,False,False,False,False,False,False,False,False,False,False,False,False,False,False,False,o3c1_2,0,0,0,0,0,9003,0,0,0,0,725,55003,0,370,0,1,2,108,3,0,0,0,0,1,70,0,0,9,0,0,-1,False,False,False,True,False,False,False,True,False,False,False,False,False,False,False,False,True,False,True,False,False,False,True,True
277,距骨研究所（机动战）,,False,False,False,False,False,False,False,False,False,False,False,False,False,False,False,False,False,False,False,False,False,False,False,False,False,False,False,False,False,False,False,False,False,False,False,False,False,False,False,False,False,d2p1,0,4,0,0,0,4026,112257,0,0,0,729,42001,0,0,400,1,0,146,18,0,0,0,0,30,0,0,0,6,23,0,-1,True,True,False,False,False,False,True,False,False,False,False,True,True,False,True,False,False,False,True,False,True,False,True,True
278,神龙梦幻歼灭战,,False,False,False,False,False,False,False,False,True,False,False,False,False,False,False,False,False,False,False,False,False,False,False,False,False,False,False,False,False,False,False,False,False,False,False,False,False,False,False,False,False,g3fc,0,0,0,0,293,2047,112258,0,0,0,730,20050,320,0,152,1,2,108,3,0,0,0,0,70,70,1,0,4,22,0,-1,False,False,False,True,True,False,True,True,False,False,False,True,True,False,True,False,False,False,True,False,False,False,True,True
279,沉没神殿斯卡拉遗迹,,False,True,False,False,False,False,False,False,True,False,False,False,False,False,False,False,False,False,False,False,False,False,False,False,False,False,False,False,False,False,False,False,False,False,False,False,False,False,False,False,False,g3d4_re,0,0,0,0,291,58,112255,0,0,0,1172,58,300,370,66,1,2,108,2,0,0,0,0,70,70,1,0,2,30,0,-1,False,False,False,True,True,False,True,True,True,False,False,True,True,False,True,False,False,False,True,False,False,False,True,True
280,巴哈姆特绝境战,,False,False,False,False,False,False,False,False,False,False,False,False,False,False,False,False,False,False,False,False,False,False,False,False,False,False,False,False,False,False,False,False,False,False,False,False,False,False,False,False,False,f1bz,0,0,0,0,292,3056,112261,0,0,0,733,30057,0,345,1001,1,2,142,3,1,0,0,0,70,70,0,3,28,0,0,-1,False,False,False,False,False,False,False,False,False,False,False,True,False,True,True,False,False,False,True,False,False,False,True,True
281,失落之都拉巴纳斯塔,,False,False,False,False,False,False,False,False,True,False,False,False,False,False,True,False,False,False,False,False,False,False,False,False,False,False,False,False,False,False,False,False,False,False,False,False,False,False,False,False,False,z3r1,0,0,0,0,292,3057,112256,0,0,0,734,30058,305,0,64,1,2,108,4,0,0,0,0,70,70,2,0,5,18,0,-1,False,False,False,True,True,False,True,True,False,False,False,True,True,False,True,False,False,False,True,False,False,False,True,True
282,英雄归来,,False,False,False,False,False,False,False,False,False,False,False,False,False,False,False,False,False,False,False,False,False,False,False,False,False,False,False,False,False,False,False,False,False,False,False,False,False,False,False,False,False,ec008,0,0,0,0,0,0,0,0,0,0,403,5024,0,0,0,1,2,142,1,0,0,0,0,1,70,0,0,7,0,0,-1,False,False,False,False,False,False,False,True,False,False,False,False,False,False,False,False,False,False,True,False,False,False,True,True
283,禁地优雷卡 常风之地,,False,False,False,False,False,False,False,False,False,False,False,False,False,False,False,False,False,False,False,False,False,False,False,False,False,False,False,False,False,False,False,False,False,False,False,False,False,False,False,False,False,z3fa,0,0,68614,0,295,7003,112275,0,0,0,732,3,0,300,0,3,2,142,19,0,0,1,0,70,70,0,0,26,0,0,-1,False,False,False,True,False,False,True,False,False,False,False,False,False,False,True,False,False,False,False,False,False,False,True,True
284,红玉火山狱之盖,,False,True,False,False,False,False,False,False,True,False,False,False,False,False,False,False,False,False,False,False,False,False,False,False,False,False,False,False,False,False,False,False,False,False,False,False,False,False,False,False,False,e3d5,0,0,0,0,291,59,112264,0,0,0,742,59,310,0,67,1,2,108,2,0,0,0,0,70,70,1,0,2,30,0,-1,False,False,False,True,True,False,True,True,True,False,False,True,True,False,True,False,False,False,True,False,False,False,True,True
285,疯狂战舰无限回廊,,False,True,False,False,False,False,False,False,True,False,False,False,False,False,False,False,False,False,False,False,False,False,False,False,False,False,False,False,False,False,False,False,False,False,False,False,False,False,False,False,False,a2d4,0,0,0,0,291,60,112263,0,0,0,743,60,310,0,68,1,2,108,2,0,0,0,0,70,70,1,0,2,30,0,-1,False,False,False,True,True,False,True,True,True,False,False,True,True,False,True,False,False,False,True,False,False,False,True,True
286,欧米茄时空狭缝 西格玛幻境1,,False,False,False,False,False,False,False,False,True,False,False,False,False,False,False,False,True,False,False,False,False,False,False,False,False,False,False,False,False,False,False,False,False,False,False,False,False,False,False,False,False,z3o7,0,0,0,0,292,3058,112265,0,0,0,748,30059,325,0,71,1,2,108,3,0,0,0,0,70,70,1,0,5,16,0,-1,False,False,False,True,True,False,True,True,False,False,False,True,True,False,True,False,False,False,True,False,False,False,True,True
287,欧米茄时空狭缝 西格玛幻境2,,False,False,False,False,False,False,False,False,True,False,False,False,False,False,False,False,True,False,False,False,False,False,False,False,False,False,False,False,False,False,False,False,False,False,False,False,False,False,False,False,False,z3o8,0,0,0,0,292,3059,112267,0,0,0,749,30060,325,0,72,1,2,108,3,0,0,0,0,70,70,1,0,5,16,0,-1,False,False,False,True,True,False,True,True,False,False,False,True,True,False,True,False,False,False,True,False,False,False,True,True
288,欧米茄时空狭缝 西格玛幻境3,,False,False,False,False,False,False,False,False,True,False,False,False,False,False,False,False,True,False,False,False,False,False,False,False,False,False,False,False,False,False,False,False,False,False,False,False,False,False,False,False,False,z3o9,0,0,0,0,292,3060,112269,0,0,0,750,30061,325,0,73,1,2,108,3,0,0,0,0,70,70,1,0,5,16,0,-1,False,False,False,True,True,False,True,True,False,False,False,True,True,False,True,False,False,False,True,False,False,False,True,True
289,欧米茄时空狭缝 西格玛幻境4,,False,False,False,False,False,False,False,False,True,False,False,False,False,False,False,False,True,False,False,False,False,False,False,False,False,False,False,False,False,False,False,False,False,False,False,False,False,False,False,False,False,z3oa,0,0,0,0,292,3061,112271,0,0,0,751,30062,325,0,74,1,2,108,3,0,0,0,0,70,70,1,0,5,16,0,-1,False,False,False,True,True,False,True,True,False,False,False,True,True,False,True,False,False,False,True,False,False,False,True,True
290,白虎镇魂战,,False,False,False,False,False,True,False,False,True,False,False,False,False,False,False,False,False,False,False,False,False,False,False,False,False,False,False,False,False,False,False,False,False,False,False,False,False,False,False,False,False,e3fb,0,0,0,0,293,2048,112273,0,0,0,746,20051,325,0,136,1,2,108,3,0,0,0,0,70,70,0,0,4,21,0,-1,False,False,False,True,True,False,True,True,False,False,False,True,True,False,True,False,False,False,True,False,False,False,True,True
291,白虎诗魂战,,False,False,False,False,False,False,False,False,True,False,False,False,False,False,False,False,False,False,False,False,False,False,False,False,False,False,False,False,False,False,False,False,False,False,False,False,False,False,False,False,False,e3fb_2,0,0,0,0,293,2049,112274,0,0,0,758,20052,340,0,155,1,2,108,3,0,0,0,0,70,70,1,0,4,22,0,-1,False,False,False,True,True,False,True,True,False,False,False,True,True,False,True,False,False,False,True,False,False,False,True,True
292,欧米茄零式时空狭缝 西格玛幻境1,,False,False,False,False,False,False,False,False,False,False,False,False,False,False,False,False,False,False,False,False,False,False,False,False,False,False,False,False,False,False,False,False,False,False,False,False,False,False,False,False,False,z3o7_2,0,0,0,0,292,3062,112266,0,0,0,752,30063,340,0,87,1,2,108,3,0,0,0,0,70,70,1,0,5,17,0,-1,False,False,False,True,True,False,True,True,False,False,False,True,True,False,True,False,False,False,True,False,False,False,True,True
293,欧米茄零式时空狭缝 西格玛幻境2,,False,False,False,False,False,False,False,False,False,False,False,False,False,False,False,False,False,False,False,False,False,False,False,False,False,False,False,False,False,False,False,False,False,False,False,False,False,False,False,False,False,z3o8_2,0,0,0,0,292,3063,112268,0,0,0,753,30064,345,0,88,1,2,108,3,0,0,0,0,70,70,1,0,5,17,0,-1,False,False,False,True,True,False,True,True,False,False,False,True,True,False,True,False,False,False,True,False,False,False,True,True
294,欧米茄零式时空狭缝 西格玛幻境3,,False,False,False,False,False,False,False,False,False,False,False,False,False,False,False,False,False,False,False,False,False,False,False,False,False,False,False,False,False,False,False,False,False,False,False,False,False,False,False,False,False,z3o9_2,0,0,0,0,292,3064,112270,0,0,0,754,30065,350,0,89,1,2,108,3,0,0,0,0,70,70,1,0,5,17,0,-1,False,False,False,True,True,False,True,True,False,False,False,True,True,False,True,False,False,False,True,False,False,False,True,True
295,欧米茄零式时空狭缝 西格玛幻境4,,False,False,False,False,False,False,False,False,False,False,False,False,False,False,False,False,False,False,False,False,False,False,False,False,False,False,False,False,False,False,False,False,False,False,False,False,False,False,False,False,False,z3oa_2,0,0,0,0,292,3065,112272,0,0,0,755,30066,350,0,90,1,2,108,3,0,0,0,0,70,70,1,0,5,17,0,-1,False,False,False,True,True,False,True,True,False,False,False,True,True,False,True,False,False,False,True,False,False,False,True,True
296,,,False,False,False,False,False,False,False,False,False,False,False,False,False,False,False,False,False,False,False,False,False,False,False,False,False,False,False,False,False,False,False,False,False,False,False,False,False,False,False,False,False,e0001,0,0,0,0,0,0,0,0,0,0,233,11,0,0,0,5,0,142,1,0,0,0,0,0,9,0,0,0,0,0,-1,False,False,False,False,False,False,True,True,False,False,False,False,False,False,False,False,False,False,True,False,False,False,True,True
297,,,False,False,False,False,False,False,False,False,False,False,False,False,False,False,False,False,False,False,False,False,False,False,False,False,False,False,False,False,False,False,False,False,False,False,False,False,False,False,False,False,False,e0002,0,0,0,0,0,0,0,0,0,0,225,15,0,0,0,5,0,142,1,0,0,0,0,0,13,0,0,0,0,0,-1,False,False,False,False,False,False,True,True,False,False,False,False,False,False,False,False,False,False,True,False,False,False,True,True
298,,,False,False,False,False,False,False,False,False,False,False,False,False,False,False,False,False,False,False,False,False,False,False,False,False,False,False,False,False,False,False,False,False,False,False,False,False,False,False,False,False,False,e0003,0,0,0,0,0,0,0,0,0,0,226,12,0,0,0,5,0,142,1,0,0,0,0,0,18,0,0,0,0,0,-1,False,False,False,False,False,False,True,True,False,False,False,False,False,False,False,False,False,False,True,False,False,False,True,True
299,,,False,False,False,False,False,False,False,False,False,False,False,False,False,False,False,False,False,False,False,False,False,False,False,False,False,False,False,False,False,False,False,False,False,False,False,False,False,False,False,False,False,e0004,0,0,0,0,0,0,0,0,0,0,227,14,0,0,0,5,0,142,1,0,0,0,0,0,18,0,0,0,0,0,-1,False,False,False,False,False,False,True,True,False,False,False,False,False,False,False,False,False,False,True,False,False,False,True,True
300,,,False,False,False,False,False,False,False,False,False,False,False,False,False,False,False,False,False,False,False,False,False,False,False,False,False,False,False,False,False,False,False,False,False,False,False,False,False,False,False,False,False,e0005,0,0,0,0,0,0,0,0,0,0,234,16,0,0,0,5,0,142,1,0,0,0,0,0,19,0,0,0,0,0,-1,False,False,False,False,False,False,True,True,False,False,False,False,False,False,False,False,False,False,True,False,False,False,True,True
301,,,False,False,False,False,False,False,False,False,False,False,False,False,False,False,False,False,False,False,False,False,False,False,False,False,False,False,False,False,False,False,False,False,False,False,False,False,False,False,False,False,False,e0006,0,0,0,0,0,0,0,0,0,0,235,17,0,0,0,5,0,142,1,0,0,0,0,0,34,0,0,0,0,0,-1,False,False,False,False,False,False,True,True,False,False,False,False,False,False,False,False,False,False,True,False,False,False,True,True
302,,,False,False,False,False,False,False,False,False,False,False,False,False,False,False,False,False,False,False,False,False,False,False,False,False,False,False,False,False,False,False,False,False,False,False,False,False,False,False,False,False,False,e0007,0,0,0,0,0,0,0,0,0,0,228,6,0,0,0,5,0,142,1,0,0,0,0,0,19,0,0,0,0,0,-1,False,False,False,False,False,False,True,True,False,False,False,False,False,False,False,False,False,False,True,False,False,False,True,True
303,,,False,False,False,False,False,False,False,False,False,False,False,False,False,False,False,False,False,False,False,False,False,False,False,False,False,False,False,False,False,False,False,False,False,False,False,False,False,False,False,False,False,e0008,0,0,0,0,0,0,0,0,0,0,229,5,0,0,0,5,0,142,1,0,0,0,0,0,24,0,0,0,0,0,-1,False,False,False,False,False,False,True,True,False,False,False,False,False,False,False,False,False,False,True,False,False,False,True,True
304,,,False,False,False,False,False,False,False,False,False,False,False,False,False,False,False,False,False,False,False,False,False,False,False,False,False,False,False,False,False,False,False,False,False,False,False,False,False,False,False,False,False,e0009,0,0,0,0,0,0,0,0,0,0,230,4,0,0,0,5,0,142,1,0,0,0,0,0,29,0,0,0,0,0,-1,False,False,False,False,False,False,True,True,False,False,False,False,False,False,False,False,False,False,True,False,False,False,True,True
305,,,False,False,False,False,False,False,False,False,False,False,False,False,False,False,False,False,False,False,False,False,False,False,False,False,False,False,False,False,False,False,False,False,False,False,False,False,False,False,False,False,False,e0010,0,0,0,0,0,0,0,0,0,0,231,2,0,0,0,5,0,142,1,0,0,0,0,0,34,0,0,0,0,0,-1,False,False,False,False,False,False,True,True,False,False,False,False,False,False,False,False,False,False,True,False,False,False,True,True
306,,,False,False,False,False,False,False,False,False,False,False,False,False,False,False,False,False,False,False,False,False,False,False,False,False,False,False,False,False,False,False,False,False,False,False,False,False,False,False,False,False,False,e0011,0,0,0,0,0,0,0,0,0,0,236,3,0,0,0,5,0,142,1,0,0,0,0,0,34,0,0,0,0,0,-1,False,False,False,False,False,False,True,True,False,False,False,False,False,False,False,False,False,False,True,False,False,False,True,True
307,,,False,False,False,False,False,False,False,False,False,False,False,False,False,False,False,False,False,False,False,False,False,False,False,False,False,False,False,False,False,False,False,False,False,False,False,False,False,False,False,False,False,e0012,0,0,0,0,0,0,0,0,0,0,237,7,0,0,0,5,0,142,1,0,0,0,0,0,19,0,0,0,0,0,-1,False,False,False,False,False,False,True,True,False,False,False,False,False,False,False,False,False,False,True,False,False,False,True,True
308,,,False,False,False,False,False,False,False,False,False,False,False,False,False,False,False,False,False,False,False,False,False,False,False,False,False,False,False,False,False,False,False,False,False,False,False,False,False,False,False,False,False,e0013,0,0,0,0,0,0,0,0,0,0,238,8,0,0,0,5,0,142,1,0,0,0,0,0,24,0,0,0,0,0,-1,False,False,False,False,False,False,True,True,False,False,False,False,False,False,False,False,False,False,True,False,False,False,True,True
309,,,False,False,False,False,False,False,False,False,False,False,False,False,False,False,False,False,False,False,False,False,False,False,False,False,False,False,False,False,False,False,False,False,False,False,False,False,False,False,False,False,False,e0014,0,0,0,0,0,0,0,0,0,0,239,9,0,0,0,5,0,142,1,0,0,0,0,0,34,0,0,0,0,0,-1,False,False,False,False,False,False,True,True,False,False,False,False,False,False,False,False,False,False,True,False,False,False,True,True
310,,,False,False,False,False,False,False,False,False,False,False,False,False,False,False,False,False,False,False,False,False,False,False,False,False,False,False,False,False,False,False,False,False,False,False,False,False,False,False,False,False,False,e0015,0,0,0,0,0,0,0,0,0,0,240,10,0,0,0,5,0,142,1,0,0,0,0,0,34,0,0,0,0,0,-1,False,False,False,False,False,False,True,True,False,False,False,False,False,False,False,False,False,False,True,False,False,False,True,True
311,,,False,False,False,False,False,False,False,False,False,False,False,False,False,False,False,False,False,False,False,False,False,False,False,False,False,False,False,False,False,False,False,False,False,False,False,False,False,False,False,False,False,e0016,0,0,0,0,0,0,0,0,0,0,232,13,0,0,0,5,0,142,1,0,0,0,0,0,27,0,0,0,0,0,-1,False,False,False,False,False,False,True,True,False,False,False,False,False,False,False,False,False,False,True,False,False,False,True,True
312,,,False,False,False,False,False,False,False,False,False,False,False,False,False,False,False,False,False,False,False,False,False,False,False,False,False,False,False,False,False,False,False,False,False,False,False,False,False,False,False,False,False,e0017,0,0,0,0,0,0,0,0,0,0,248,18,0,0,0,5,0,142,1,0,0,0,0,0,13,0,0,0,0,0,-1,False,False,False,False,False,False,True,True,False,False,False,False,False,False,False,False,False,False,True,False,False,False,True,True
313,,,False,False,False,False,False,False,False,False,False,False,False,False,False,False,False,False,False,False,False,False,False,False,False,False,False,False,False,False,False,False,False,False,False,False,False,False,False,False,False,False,False,e0018,0,0,0,0,0,0,0,0,0,0,249,24,0,0,0,5,0,142,1,0,0,0,0,0,18,0,0,0,0,0,-1,False,False,False,False,False,False,True,True,False,False,False,False,False,False,False,False,False,False,True,False,False,False,True,True
314,,,False,False,False,False,False,False,False,False,False,False,False,False,False,False,False,False,False,False,False,False,False,False,False,False,False,False,False,False,False,False,False,False,False,False,False,False,False,False,False,False,False,e0019,0,0,0,0,0,0,0,0,0,0,253,19,0,0,0,5,0,142,1,0,0,0,0,0,14,0,0,0,0,0,-1,False,False,False,False,False,False,True,True,False,False,False,False,False,False,False,False,False,False,True,False,False,False,True,True
315,,,False,False,False,False,False,False,False,False,False,False,False,False,False,False,False,False,False,False,False,False,False,False,False,False,False,False,False,False,False,False,False,False,False,False,False,False,False,False,False,False,False,e0020,0,0,0,0,0,0,0,0,0,0,254,20,0,0,0,5,0,142,1,0,0,0,0,0,19,0,0,0,0,0,-1,False,False,False,False,False,False,True,True,False,False,False,False,False,False,False,False,False,False,True,False,False,False,True,True
316,,,False,False,False,False,False,False,False,False,False,False,False,False,False,False,False,False,False,False,False,False,False,False,False,False,False,False,False,False,False,False,False,False,False,False,False,False,False,False,False,False,False,e0021,0,0,0,0,0,0,0,0,0,0,255,21,0,0,0,5,0,142,1,0,0,0,0,0,24,0,0,0,0,0,-1,False,False,False,False,False,False,True,True,False,False,False,False,False,False,False,False,False,False,True,False,False,False,True,True
317,,,False,False,False,False,False,False,False,False,False,False,False,False,False,False,False,False,False,False,False,False,False,False,False,False,False,False,False,False,False,False,False,False,False,False,False,False,False,False,False,False,False,e0022,0,0,0,0,0,0,0,0,0,0,256,22,0,0,0,5,0,142,1,0,0,0,0,0,29,0,0,0,0,0,-1,False,False,False,False,False,False,True,True,False,False,False,False,False,False,False,False,False,False,True,False,False,False,True,True
318,,,False,False,False,False,False,False,False,False,False,False,False,False,False,False,False,False,False,False,False,False,False,False,False,False,False,False,False,False,False,False,False,False,False,False,False,False,False,False,False,False,False,e0023,0,0,0,0,0,0,0,0,0,0,257,23,0,0,0,5,0,142,1,0,0,0,0,0,34,0,0,0,0,0,-1,False,False,False,False,False,False,True,True,False,False,False,False,False,False,False,False,False,False,True,False,False,False,True,True
319,,,False,False,False,False,False,False,False,False,False,False,False,False,False,False,False,False,False,False,False,False,False,False,False,False,False,False,False,False,False,False,False,False,False,False,False,False,False,False,False,False,False,e0024,0,0,0,0,0,0,0,0,0,0,258,30,0,0,0,5,0,142,1,0,0,0,0,0,19,0,0,0,0,0,-1,False,False,False,False,False,False,True,True,False,False,False,False,False,False,False,False,False,False,True,False,False,False,True,True
320,,,False,False,False,False,False,False,False,False,False,False,False,False,False,False,False,False,False,False,False,False,False,False,False,False,False,False,False,False,False,False,False,False,False,False,False,False,False,False,False,False,False,e0025,0,0,0,0,0,0,0,0,0,0,259,31,0,0,0,5,0,142,1,0,0,0,0,0,24,0,0,0,0,0,-1,False,False,False,False,False,False,True,True,False,False,False,False,False,False,False,False,False,False,True,False,False,False,True,True
321,,,False,False,False,False,False,False,False,False,False,False,False,False,False,False,False,False,False,False,False,False,False,False,False,False,False,False,False,False,False,False,False,False,False,False,False,False,False,False,False,False,False,e0026,0,0,0,0,0,0,0,0,0,0,260,32,0,0,0,5,0,142,1,0,0,0,0,0,29,0,0,0,0,0,-1,False,False,False,False,False,False,True,True,False,False,False,False,False,False,False,False,False,False,True,False,False,False,True,True
322,,,False,False,False,False,False,False,False,False,False,False,False,False,False,False,False,False,False,False,False,False,False,False,False,False,False,False,False,False,False,False,False,False,False,False,False,False,False,False,False,False,False,e0027,0,0,0,0,0,0,0,0,0,0,261,33,0,0,0,5,0,142,1,0,0,0,0,0,34,0,0,0,0,0,-1,False,False,False,False,False,False,True,True,False,False,False,False,False,False,False,False,False,False,True,False,False,False,True,True
323,,,False,False,False,False,False,False,False,False,False,False,False,False,False,False,False,False,False,False,False,False,False,False,False,False,False,False,False,False,False,False,False,False,False,False,False,False,False,False,False,False,False,e0028,0,0,0,0,0,0,0,0,0,0,251,34,0,0,0,5,0,142,1,0,0,0,0,0,34,0,0,0,0,0,-1,False,False,False,False,False,False,True,True,False,False,False,False,False,False,False,False,False,False,True,False,False,False,True,True
324,,,False,False,False,False,False,False,False,False,False,False,False,False,False,False,False,False,False,False,False,False,False,False,False,False,False,False,False,False,False,False,False,False,False,False,False,False,False,False,False,False,False,e0029,0,0,0,0,0,0,0,0,0,0,266,40,0,0,0,5,0,142,1,0,0,0,0,0,19,0,0,0,0,0,-1,False,False,False,False,False,False,True,True,False,False,False,False,False,False,False,False,False,False,True,False,False,False,True,True
325,,,False,False,False,False,False,False,False,False,False,False,False,False,False,False,False,False,False,False,False,False,False,False,False,False,False,False,False,False,False,False,False,False,False,False,False,False,False,False,False,False,False,e0030,0,0,0,0,0,0,0,0,0,0,267,41,0,0,0,5,0,142,1,0,0,0,0,0,24,0,0,0,0,0,-1,False,False,False,False,False,False,True,True,False,False,False,False,False,False,False,False,False,False,True,False,False,False,True,True
326,,,False,False,False,False,False,False,False,False,False,False,False,False,False,False,False,False,False,False,False,False,False,False,False,False,False,False,False,False,False,False,False,False,False,False,False,False,False,False,False,False,False,e0031,0,0,0,0,0,0,0,0,0,0,268,42,0,0,0,5,0,142,1,0,0,0,0,0,29,0,0,0,0,0,-1,False,False,False,False,False,False,True,True,False,False,False,False,False,False,False,False,False,False,True,False,False,False,True,True
327,,,False,False,False,False,False,False,False,False,False,False,False,False,False,False,False,False,False,False,False,False,False,False,False,False,False,False,False,False,False,False,False,False,False,False,False,False,False,False,False,False,False,e0032,0,0,0,0,0,0,0,0,0,0,269,43,0,0,0,5,0,142,1,0,0,0,0,0,34,0,0,0,0,0,-1,False,False,False,False,False,False,True,True,False,False,False,False,False,False,False,False,False,False,True,False,False,False,True,True
328,,,False,False,False,False,False,False,False,False,False,False,False,False,False,False,False,False,False,False,False,False,False,False,False,False,False,False,False,False,False,False,False,False,False,False,False,False,False,False,False,False,False,e0034,0,0,0,0,0,0,0,0,0,0,262,25,0,0,0,5,0,142,1,0,0,0,0,0,9,0,0,0,0,0,-1,False,False,False,False,False,False,True,True,False,False,False,False,False,False,False,False,False,False,True,False,False,False,True,True
329,,,False,False,False,False,False,False,False,False,False,False,False,False,False,False,False,False,False,False,False,False,False,False,False,False,False,False,False,False,False,False,False,False,False,False,False,False,False,False,False,False,False,e0035,0,0,0,0,0,0,0,0,0,0,263,26,0,0,0,5,0,142,1,0,0,0,0,0,24,0,0,0,0,0,-1,False,False,False,False,False,False,True,True,False,False,False,False,False,False,False,False,False,False,True,False,False,False,True,True
330,,,False,False,False,False,False,False,False,False,False,False,False,False,False,False,False,False,False,False,False,False,False,False,False,False,False,False,False,False,False,False,False,False,False,False,False,False,False,False,False,False,False,e0036,0,0,0,0,0,0,0,0,0,0,264,27,0,0,0,5,0,142,1,0,0,0,0,0,29,0,0,0,0,0,-1,False,False,False,False,False,False,True,True,False,False,False,False,False,False,False,False,False,False,True,False,False,False,True,True
331,,,False,False,False,False,False,False,False,False,False,False,False,False,False,False,False,False,False,False,False,False,False,False,False,False,False,False,False,False,False,False,False,False,False,False,False,False,False,False,False,False,False,e0037,0,0,0,0,0,0,0,0,0,0,265,28,0,0,0,5,0,142,1,0,0,0,0,0,34,0,0,0,0,0,-1,False,False,False,False,False,False,True,True,False,False,False,False,False,False,False,False,False,False,True,False,False,False,True,True
332,,,False,False,False,False,False,False,False,False,False,False,False,False,False,False,False,False,False,False,False,False,False,False,False,False,False,False,False,False,False,False,False,False,False,False,False,False,False,False,False,False,False,e0038,0,0,0,0,0,0,0,0,0,0,252,35,0,0,0,5,0,142,1,0,0,0,0,0,9,0,0,0,0,0,-1,False,False,False,False,False,False,True,True,False,False,False,False,False,False,False,False,False,False,True,False,False,False,True,True
333,,,False,False,False,False,False,False,False,False,False,False,False,False,False,False,False,False,False,False,False,False,False,False,False,False,False,False,False,False,False,False,False,False,False,False,False,False,False,False,False,False,False,e0039,0,0,0,0,0,0,0,0,0,0,272,29,0,0,0,5,0,142,1,0,0,0,0,0,13,0,0,0,0,0,-1,False,False,False,False,False,False,True,True,False,False,False,False,False,False,False,False,False,False,True,False,False,False,True,True
334,,,False,False,False,False,False,False,False,False,False,False,False,False,False,False,False,False,False,False,False,False,False,False,False,False,False,False,False,False,False,False,False,False,False,False,False,False,False,False,False,False,False,e0040,0,0,0,0,0,0,0,0,0,0,280,36,0,0,0,5,0,142,1,0,0,0,0,0,18,0,0,0,0,0,-1,False,False,False,False,False,False,True,True,False,False,False,False,False,False,False,False,False,False,True,False,False,False,True,True
335,,,False,False,False,False,False,False,False,False,False,False,False,False,False,False,False,False,False,False,False,False,False,False,False,False,False,False,False,False,False,False,False,False,False,False,False,False,False,False,False,False,False,e0041,0,0,0,0,0,0,0,0,0,0,270,37,0,0,0,5,0,142,1,0,0,0,0,0,8,0,0,0,0,0,-1,False,False,False,False,False,False,True,True,False,False,False,False,False,False,False,False,False,False,True,False,False,False,True,True
336,,,False,False,False,False,False,False,False,False,False,False,False,False,False,False,False,False,False,False,False,False,False,False,False,False,False,False,False,False,False,False,False,False,False,False,False,False,False,False,False,False,False,e0042,0,0,0,0,0,0,0,0,0,0,271,38,0,0,0,5,0,142,1,0,0,0,0,0,18,0,0,0,0,0,-1,False,False,False,False,False,False,True,True,False,False,False,False,False,False,False,False,False,False,True,False,False,False,True,True
337,,,False,False,False,False,False,False,False,False,False,False,False,False,False,False,False,False,False,False,False,False,False,False,False,False,False,False,False,False,False,False,False,False,False,False,False,False,False,False,False,False,False,e0043,0,0,0,0,0,0,0,0,0,0,273,39,0,0,0,5,0,142,1,0,0,0,0,0,18,0,0,0,0,0,-1,False,False,False,False,False,False,True,True,False,False,False,False,False,False,False,False,False,False,True,False,False,False,True,True
338,,,False,False,False,False,False,False,False,False,False,False,False,False,False,False,False,False,False,False,False,False,False,False,False,False,False,False,False,False,False,False,False,False,False,False,False,False,False,False,False,False,False,e0046,0,0,0,0,0,0,0,0,0,0,274,44,0,0,0,5,0,142,1,0,0,0,0,0,21,0,0,0,0,0,-1,False,False,False,False,False,False,True,True,False,False,False,False,False,False,False,False,False,False,True,False,False,False,True,True
339,,,False,False,False,False,False,False,False,False,False,False,False,False,False,False,False,False,False,False,False,False,False,False,False,False,False,False,False,False,False,False,False,False,False,False,False,False,False,False,False,False,False,e0047,0,0,0,0,0,0,0,0,0,0,275,45,0,0,0,5,0,142,1,0,0,0,0,0,24,0,0,0,0,0,-1,False,False,False,False,False,False,True,True,False,False,False,False,False,False,False,False,False,False,True,False,False,False,True,True
340,,,False,False,False,False,False,False,False,False,False,False,False,False,False,False,False,False,False,False,False,False,False,False,False,False,False,False,False,False,False,False,False,False,False,False,False,False,False,False,False,False,False,e0048,0,0,0,0,0,0,0,0,0,0,277,46,0,0,0,5,0,142,1,0,0,0,0,0,24,0,0,0,0,0,-1,False,False,False,False,False,False,True,True,False,False,False,False,False,False,False,False,False,False,True,False,False,False,True,True
341,,,False,False,False,False,False,False,False,False,False,False,False,False,False,False,False,False,False,False,False,False,False,False,False,False,False,False,False,False,False,False,False,False,False,False,False,False,False,False,False,False,False,e0049,0,0,0,0,0,0,0,0,0,0,278,47,0,0,0,5,0,142,1,0,0,0,0,0,24,0,0,0,0,0,-1,False,False,False,False,False,False,True,True,False,False,False,False,False,False,False,False,False,False,True,False,False,False,True,True
342,,,False,False,False,False,False,False,False,False,False,False,False,False,False,False,False,False,False,False,False,False,False,False,False,False,False,False,False,False,False,False,False,False,False,False,False,False,False,False,False,False,False,e0050,0,0,0,0,0,0,0,0,0,0,279,48,0,0,0,5,0,142,1,0,0,0,0,0,24,0,0,0,0,0,-1,False,False,False,False,False,False,True,True,False,False,False,False,False,False,False,False,False,False,True,False,False,False,True,True
343,,,False,False,False,False,False,False,False,False,False,False,False,False,False,False,False,False,False,False,False,False,False,False,False,False,False,False,False,False,False,False,False,False,False,False,False,False,False,False,False,False,False,e0051,0,0,0,0,0,0,0,0,0,0,301,60,0,0,0,5,0,142,1,0,0,0,0,0,42,0,0,0,0,0,-1,False,False,False,False,False,False,True,True,False,False,False,False,False,False,False,False,False,False,True,False,False,False,True,True
344,,,False,False,False,False,False,False,False,False,False,False,False,False,False,False,False,False,False,False,False,False,False,False,False,False,False,False,False,False,False,False,False,False,False,False,False,False,False,False,False,False,False,e0052,0,0,0,0,0,0,0,0,0,0,302,61,0,0,0,5,0,142,1,0,0,0,0,0,44,0,0,0,0,0,-1,False,False,False,False,False,False,True,True,False,False,False,False,False,False,False,False,False,False,True,False,False,False,True,True
345,,,False,False,False,False,False,False,False,False,False,False,False,False,False,False,False,False,False,False,False,False,False,False,False,False,False,False,False,False,False,False,False,False,False,False,False,False,False,False,False,False,False,e0053,0,0,0,0,0,0,0,0,0,0,285,50,0,0,0,5,0,142,1,0,0,0,0,0,14,0,0,0,0,0,-1,False,False,False,False,False,False,True,True,False,False,False,False,False,False,False,False,False,False,True,False,False,False,True,True
346,,,False,False,False,False,False,False,False,False,False,False,False,False,False,False,False,False,False,False,False,False,False,False,False,False,False,False,False,False,False,False,False,False,False,False,False,False,False,False,False,False,False,e0054,0,0,0,0,0,0,0,0,0,0,286,51,0,0,0,5,0,142,1,0,0,0,0,0,19,0,0,0,0,0,-1,False,False,False,False,False,False,True,True,False,False,False,False,False,False,False,False,False,False,True,False,False,False,True,True
347,,,False,False,False,False,False,False,False,False,False,False,False,False,False,False,False,False,False,False,False,False,False,False,False,False,False,False,False,False,False,False,False,False,False,False,False,False,False,False,False,False,False,e0055,0,0,0,0,0,0,0,0,0,0,287,52,0,0,0,5,0,142,1,0,0,0,0,0,24,0,0,0,0,0,-1,False,False,False,False,False,False,True,True,False,False,False,False,False,False,False,False,False,False,True,False,False,False,True,True
348,,,False,False,False,False,False,False,False,False,False,False,False,False,False,False,False,False,False,False,False,False,False,False,False,False,False,False,False,False,False,False,False,False,False,False,False,False,False,False,False,False,False,e0056,0,0,0,0,0,0,0,0,0,0,288,53,0,0,0,5,0,142,1,0,0,0,0,0,34,0,0,0,0,0,-1,False,False,False,False,False,False,True,True,False,False,False,False,False,False,False,False,False,False,True,False,False,False,True,True
349,,,False,False,False,False,False,False,False,False,False,False,False,False,False,False,False,False,False,False,False,False,False,False,False,False,False,False,False,False,False,False,False,False,False,False,False,False,False,False,False,False,False,e0057,0,0,0,0,0,0,0,0,0,0,289,54,0,0,0,5,0,142,1,0,0,0,0,0,14,0,0,0,0,0,-1,False,False,False,False,False,False,True,True,False,False,False,False,False,False,False,False,False,False,True,False,False,False,True,True
350,,,False,False,False,False,False,False,False,False,False,False,False,False,False,False,False,False,False,False,False,False,False,False,False,False,False,False,False,False,False,False,False,False,False,False,False,False,False,False,False,False,False,e0058,0,0,0,0,0,0,0,0,0,0,303,57,0,0,0,5,0,142,1,0,0,0,0,0,26,0,0,0,0,0,-1,False,False,False,False,False,False,True,True,False,False,False,False,False,False,False,False,False,False,True,False,False,False,True,True
351,,,False,False,False,False,False,False,False,False,False,False,False,False,False,False,False,False,False,False,False,False,False,False,False,False,False,False,False,False,False,False,False,False,False,False,False,False,False,False,False,False,False,e0059,0,0,0,0,0,0,0,0,0,0,304,62,0,0,0,5,0,142,1,0,0,0,0,0,48,0,0,0,0,0,-1,False,False,False,False,False,False,True,True,False,False,False,False,False,False,False,False,False,False,True,False,False,False,True,True
352,,,False,False,False,False,False,False,False,False,False,False,False,False,False,False,False,False,False,False,False,False,False,False,False,False,False,False,False,False,False,False,False,False,False,False,False,False,False,False,False,False,False,e0060,0,0,0,0,0,0,0,0,0,0,305,65,0,0,0,5,0,142,1,0,0,0,0,0,50,0,0,0,0,0,-1,False,False,False,False,False,False,True,True,False,False,False,False,False,False,False,False,False,False,True,False,False,False,True,True
353,,,False,False,False,False,False,False,False,False,False,False,False,False,False,False,False,False,False,False,False,False,False,False,False,False,False,False,False,False,False,False,False,False,False,False,False,False,False,False,False,False,False,e0061,0,0,0,0,0,0,0,0,0,0,306,58,0,0,0,5,0,142,1,0,0,0,0,0,31,0,0,0,0,0,-1,False,False,False,False,False,False,True,True,False,False,False,False,False,False,False,False,False,False,True,False,False,False,True,True
354,,,False,False,False,False,False,False,False,False,False,False,False,False,False,False,False,False,False,False,False,False,False,False,False,False,False,False,False,False,False,False,False,False,False,False,False,False,False,False,False,False,False,e0062,0,0,0,0,0,0,0,0,0,0,307,59,0,0,0,5,0,142,1,0,0,0,0,0,34,0,0,0,0,0,-1,False,False,False,False,False,False,True,True,False,False,False,False,False,False,False,False,False,False,True,False,False,False,True,True
355,,,False,False,False,False,False,False,False,False,False,False,False,False,False,False,False,False,False,False,False,False,False,False,False,False,False,False,False,False,False,False,False,False,False,False,False,False,False,False,False,False,False,e0063,0,0,0,0,0,0,0,0,0,0,290,55,0,0,0,5,0,142,1,0,0,0,0,0,24,0,0,0,0,0,-1,False,False,False,False,False,False,True,True,False,False,False,False,False,False,False,False,False,False,True,False,False,False,True,True
356,,,False,False,False,False,False,False,False,False,False,False,False,False,False,False,False,False,False,False,False,False,False,False,False,False,False,False,False,False,False,False,False,False,False,False,False,False,False,False,False,False,False,e0064,0,0,0,0,0,0,0,0,0,0,291,56,0,0,0,5,0,142,1,0,0,0,0,0,29,0,0,0,0,0,-1,False,False,False,False,False,False,True,True,False,False,False,False,False,False,False,False,False,False,True,False,False,False,True,True
357,,,False,False,False,False,False,False,False,False,False,False,False,False,False,False,False,False,False,False,False,False,False,False,False,False,False,False,False,False,False,False,False,False,False,False,False,False,False,False,False,False,False,e0065,0,0,0,0,0,0,0,0,0,0,308,63,0,0,0,5,0,142,1,0,0,0,0,0,50,0,0,0,0,0,-1,False,False,False,False,False,False,True,True,False,False,False,False,False,False,False,False,False,False,True,False,False,False,True,True
358,,,False,False,False,False,False,False,False,False,False,False,False,False,False,False,False,False,False,False,False,False,False,False,False,False,False,False,False,False,False,False,False,False,False,False,False,False,False,False,False,False,False,e0066,0,0,0,0,0,0,0,0,0,0,309,64,0,0,0,5,0,142,1,0,0,0,0,0,50,0,0,0,0,0,-1,False,False,False,False,False,False,True,True,False,False,False,False,False,False,False,False,False,False,True,False,False,False,True,True
359,,,False,False,False,False,False,False,False,False,False,False,False,False,False,False,False,False,False,False,False,False,False,False,False,False,False,False,False,False,False,False,False,False,False,False,False,False,False,False,False,False,False,e0067,0,0,0,0,0,0,0,0,0,0,310,66,0,0,0,5,0,142,1,0,0,0,0,0,34,0,0,0,0,0,-1,False,False,False,False,False,False,True,True,False,False,False,False,False,False,False,False,False,False,True,False,False,False,True,True
360,,,False,False,False,False,False,False,False,False,False,False,False,False,False,False,False,False,False,False,False,False,False,False,False,False,False,False,False,False,False,False,False,False,False,False,False,False,False,False,False,False,False,e0068,0,0,0,0,0,0,0,0,0,0,311,67,0,0,0,5,0,142,1,0,0,0,0,0,50,0,0,0,0,0,-1,False,False,False,False,False,False,True,True,False,False,False,False,False,False,False,False,False,False,True,False,False,False,True,True
361,,,False,False,False,False,False,False,False,False,False,False,False,False,False,False,False,False,False,False,False,False,False,False,False,False,False,False,False,False,False,False,False,False,False,False,False,False,False,False,False,False,False,e0069,0,0,0,0,0,0,0,0,0,0,312,68,0,0,0,5,0,142,1,0,0,0,0,0,49,0,0,0,0,0,-1,False,False,False,False,False,False,True,True,False,False,False,False,False,False,False,False,False,False,True,False,False,False,True,True
362,,,False,False,False,False,False,False,False,False,False,False,False,False,False,False,False,False,False,False,False,False,False,False,False,False,False,False,False,False,False,False,False,False,False,False,False,False,False,False,False,False,False,e0070,0,0,0,0,0,0,0,0,0,0,313,69,0,0,0,5,0,142,1,0,0,0,0,0,50,0,0,0,0,0,-1,False,False,False,False,False,False,True,True,False,False,False,False,False,False,False,False,False,False,True,False,False,False,True,True
363,,,False,False,False,False,False,False,False,False,False,False,False,False,False,False,False,False,False,False,False,False,False,False,False,False,False,False,False,False,False,False,False,False,False,False,False,False,False,False,False,False,False,e0071,0,0,0,0,0,0,0,0,0,0,314,70,0,0,0,5,0,142,1,0,0,0,0,0,34,0,0,0,0,0,-1,False,False,False,False,False,False,True,True,False,False,False,False,False,False,False,False,False,False,True,False,False,False,True,True
364,,,False,False,False,False,False,False,False,False,False,False,False,False,False,False,False,False,False,False,False,False,False,False,False,False,False,False,False,False,False,False,False,False,False,False,False,False,False,False,False,False,False,e0072,0,0,0,0,0,0,0,0,0,0,315,71,0,0,0,5,0,142,1,0,0,0,0,0,50,0,0,0,0,0,-1,False,False,False,False,False,False,True,True,False,False,False,False,False,False,False,False,False,False,True,False,False,False,True,True
365,,,False,False,False,False,False,False,False,False,False,False,False,False,False,False,False,False,False,False,False,False,False,False,False,False,False,False,False,False,False,False,False,False,False,False,False,False,False,False,False,False,False,e0073,0,0,0,0,0,0,0,0,0,0,316,72,0,0,0,5,0,142,1,0,0,0,0,0,50,0,0,0,0,0,-1,False,False,False,False,False,False,True,True,False,False,False,False,False,False,False,False,False,False,True,False,False,False,True,True
366,,,False,False,False,False,False,False,False,False,False,False,False,False,False,False,False,False,False,False,False,False,False,False,False,False,False,False,False,False,False,False,False,False,False,False,False,False,False,False,False,False,False,e0074,0,0,0,0,0,0,0,0,0,0,317,73,0,0,0,5,0,142,1,0,0,0,0,0,49,0,0,0,0,0,-1,False,False,False,False,False,False,True,True,False,False,False,False,False,False,False,False,False,False,True,False,False,False,True,True
367,,,False,False,False,False,False,False,False,False,False,False,False,False,False,False,False,False,False,False,False,False,False,False,False,False,False,False,False,False,False,False,False,False,False,False,False,False,False,False,False,False,False,e0075,0,0,0,0,0,0,0,0,0,0,318,74,0,0,0,5,0,142,1,0,0,0,0,0,50,0,0,0,0,0,-1,False,False,False,False,False,False,True,True,False,False,False,False,False,False,False,False,False,False,True,False,False,False,True,True
368,,,False,False,False,False,False,False,False,False,False,False,False,False,False,False,False,False,False,False,False,False,False,False,False,False,False,False,False,False,False,False,False,False,False,False,False,False,False,False,False,False,False,e0076,0,0,0,0,0,0,0,0,0,0,319,75,0,0,0,5,0,142,1,0,0,0,0,0,34,0,0,0,0,0,-1,False,False,False,False,False,False,True,True,False,False,False,False,False,False,False,False,False,False,True,False,False,False,True,True
369,,,False,False,False,False,False,False,False,False,False,False,False,False,False,False,False,False,False,False,False,False,False,False,False,False,False,False,False,False,False,False,False,False,False,False,False,False,False,False,False,False,False,e0077,0,0,0,0,0,0,0,0,0,0,320,76,0,0,0,5,0,142,1,0,0,0,0,0,50,0,0,0,0,0,-1,False,False,False,False,False,False,True,True,False,False,False,False,False,False,False,False,False,False,True,False,False,False,True,True
370,,,False,False,False,False,False,False,False,False,False,False,False,False,False,False,False,False,False,False,False,False,False,False,False,False,False,False,False,False,False,False,False,False,False,False,False,False,False,False,False,False,False,e0078,0,0,0,0,0,0,0,0,0,0,321,77,0,0,0,5,0,142,1,0,0,0,0,0,49,0,0,0,0,0,-1,False,False,False,False,False,False,True,True,False,False,False,False,False,False,False,False,False,False,True,False,False,False,True,True
371,,,False,False,False,False,False,False,False,False,False,False,False,False,False,False,False,False,False,False,False,False,False,False,False,False,False,False,False,False,False,False,False,False,False,False,False,False,False,False,False,False,False,e0079,0,0,0,0,0,0,0,0,0,0,322,78,0,0,0,5,0,142,1,0,0,0,0,0,50,0,0,0,0,0,-1,False,False,False,False,False,False,True,True,False,False,False,False,False,False,False,False,False,False,True,False,False,False,True,True
372,,,False,False,False,False,False,False,False,False,False,False,False,False,False,False,False,False,False,False,False,False,False,False,False,False,False,False,False,False,False,False,False,False,False,False,False,False,False,False,False,False,False,e0080,0,0,0,0,0,0,0,0,0,0,323,79,0,0,0,5,0,142,1,0,0,0,0,0,34,0,0,0,0,0,-1,False,False,False,False,False,False,True,True,False,False,False,False,False,False,False,False,False,False,True,False,False,False,True,True
373,,,False,False,False,False,False,False,False,False,False,False,False,False,False,False,False,False,False,False,False,False,False,False,False,False,False,False,False,False,False,False,False,False,False,False,False,False,False,False,False,False,False,e0081,0,0,0,0,0,0,0,0,0,0,324,80,0,0,0,5,0,142,1,0,0,0,0,0,39,0,0,0,0,0,-1,False,False,False,False,False,False,True,True,False,False,False,False,False,False,False,False,False,False,True,False,False,False,True,True
374,,,False,False,False,False,False,False,False,False,False,False,False,False,False,False,False,False,False,False,False,False,False,False,False,False,False,False,False,False,False,False,False,False,False,False,False,False,False,False,False,False,False,e0082,0,0,0,0,0,0,0,0,0,0,325,81,0,0,0,5,0,142,1,0,0,0,0,0,49,0,0,0,0,0,-1,False,False,False,False,False,False,True,True,False,False,False,False,False,False,False,False,False,False,True,False,False,False,True,True
375,,,False,False,False,False,False,False,False,False,False,False,False,False,False,False,False,False,False,False,False,False,False,False,False,False,False,False,False,False,False,False,False,False,False,False,False,False,False,False,False,False,False,e0083,0,0,0,0,0,0,0,0,0,0,326,82,0,0,0,5,0,142,1,0,0,0,0,0,50,0,0,0,0,0,-1,False,False,False,False,False,False,True,True,False,False,False,False,False,False,False,False,False,False,True,False,False,False,True,True
376,,,False,False,False,False,False,False,False,False,False,False,False,False,False,False,False,False,False,False,False,False,False,False,False,False,False,False,False,False,False,False,False,False,False,False,False,False,False,False,False,False,False,e0084,0,0,0,0,0,0,0,0,0,0,327,83,0,0,0,5,0,142,1,0,0,0,0,0,34,0,0,0,0,0,-1,False,False,False,False,False,False,True,True,False,False,False,False,False,False,False,False,False,False,True,False,False,False,True,True
377,,,False,False,False,False,False,False,False,False,False,False,False,False,False,False,False,False,False,False,False,False,False,False,False,False,False,False,False,False,False,False,False,False,False,False,False,False,False,False,False,False,False,e0085,0,0,0,0,0,0,0,0,0,0,328,84,0,0,0,5,0,142,1,0,0,0,0,0,44,0,0,0,0,0,-1,False,False,False,False,False,False,True,True,False,False,False,False,False,False,False,False,False,False,True,False,False,False,True,True
378,,,False,False,False,False,False,False,False,False,False,False,False,False,False,False,False,False,False,False,False,False,False,False,False,False,False,False,False,False,False,False,False,False,False,False,False,False,False,False,False,False,False,e0086,0,0,0,0,0,0,0,0,0,0,329,85,0,0,0,5,0,142,1,0,0,0,0,0,50,0,0,0,0,0,-1,False,False,False,False,False,False,True,True,False,False,False,False,False,False,False,False,False,False,True,False,False,False,True,True
379,,,False,False,False,False,False,False,False,False,False,False,False,False,False,False,False,False,False,False,False,False,False,False,False,False,False,False,False,False,False,False,False,False,False,False,False,False,False,False,False,False,False,e0087,0,0,0,0,0,0,0,0,0,0,330,86,0,0,0,5,0,142,1,0,0,0,0,0,46,0,0,0,0,0,-1,False,False,False,False,False,False,True,True,False,False,False,False,False,False,False,False,False,False,True,False,False,False,True,True
380,,,False,False,False,False,False,False,False,False,False,False,False,False,False,False,False,False,False,False,False,False,False,False,False,False,False,False,False,False,False,False,False,False,False,False,False,False,False,False,False,False,False,e0090,0,0,0,0,0,0,0,0,0,0,379,89,0,0,0,5,0,142,1,0,0,0,0,0,50,0,0,0,0,0,-1,False,False,False,False,False,False,True,True,False,False,False,False,False,False,False,False,False,False,True,False,False,False,True,True
381,,,False,False,False,False,False,False,False,False,False,False,False,False,False,False,False,False,False,False,False,False,False,False,False,False,False,False,False,False,False,False,False,False,False,False,False,False,False,False,False,False,False,e0091,0,0,0,0,0,0,0,0,0,0,404,90,0,0,0,5,0,142,1,0,0,0,0,0,14,0,0,0,0,0,-1,False,False,False,False,False,False,True,True,False,False,False,False,False,False,False,False,False,False,True,False,False,False,True,True
382,,,False,False,False,False,False,False,False,False,False,False,False,False,False,False,False,False,False,False,False,False,False,False,False,False,False,False,False,False,False,False,False,False,False,False,False,False,False,False,False,False,False,e0092,0,0,0,0,0,0,0,0,0,0,405,91,0,0,0,5,0,142,1,0,0,0,0,0,19,0,0,0,0,0,-1,False,False,False,False,False,False,True,True,False,False,False,False,False,False,False,False,False,False,True,False,False,False,True,True
383,,,False,False,False,False,False,False,False,False,False,False,False,False,False,False,False,False,False,False,False,False,False,False,False,False,False,False,False,False,False,False,False,False,False,False,False,False,False,False,False,False,False,e0093,0,0,0,0,0,0,0,0,0,0,406,92,0,0,0,5,0,142,1,0,0,0,0,0,19,0,0,0,0,0,-1,False,False,False,False,False,False,True,True,False,False,False,False,False,False,False,False,False,False,True,False,False,False,True,True
384,,,False,False,False,False,False,False,False,False,False,False,False,False,False,False,False,False,False,False,False,False,False,False,False,False,False,False,False,False,False,False,False,False,False,False,False,False,False,False,False,False,False,e0094,0,0,0,0,0,0,0,0,0,0,407,93,0,0,0,5,0,142,1,0,0,0,0,0,24,0,0,0,0,0,-1,False,False,False,False,False,False,True,True,False,False,False,False,False,False,False,False,False,False,True,False,False,False,True,True
385,,,False,False,False,False,False,False,False,False,False,False,False,False,False,False,False,False,False,False,False,False,False,False,False,False,False,False,False,False,False,False,False,False,False,False,False,False,False,False,False,False,False,e0095,0,0,0,0,0,0,0,0,0,0,408,94,0,0,0,5,0,142,1,0,0,0,0,0,29,0,0,0,0,0,-1,False,False,False,False,False,False,True,True,False,False,False,False,False,False,False,False,False,False,True,False,False,False,True,True
386,,,False,False,False,False,False,False,False,False,False,False,False,False,False,False,False,False,False,False,False,False,False,False,False,False,False,False,False,False,False,False,False,False,False,False,False,False,False,False,False,False,False,e0096,0,0,0,0,0,0,0,0,0,0,409,95,0,0,0,5,0,142,1,0,0,0,0,0,34,0,0,0,0,0,-1,False,False,False,False,False,False,True,True,False,False,False,False,False,False,False,False,False,False,True,False,False,False,True,True
387,,,False,False,False,False,False,False,False,False,False,False,False,False,False,False,False,False,False,False,False,False,False,False,False,False,False,False,False,False,False,False,False,False,False,False,False,False,False,False,False,False,False,e0097,0,0,0,0,0,0,0,0,0,0,410,101,0,0,0,5,0,142,1,0,0,0,0,0,50,0,0,0,0,0,-1,False,False,False,False,False,False,True,True,False,False,False,False,False,False,False,False,False,False,True,False,False,False,True,True
388,,,False,False,False,False,False,False,False,False,False,False,False,False,False,False,False,False,False,False,False,False,False,False,False,False,False,False,False,False,False,False,False,False,False,False,False,False,False,False,False,False,False,e0098,0,0,0,0,0,0,0,0,0,0,411,96,0,0,0,5,0,142,1,0,0,0,0,0,34,0,0,0,0,0,-1,False,False,False,False,False,False,True,True,False,False,False,False,False,False,False,False,False,False,True,False,False,False,True,True
389,,,False,False,False,False,False,False,False,False,False,False,False,False,False,False,False,False,False,False,False,False,False,False,False,False,False,False,False,False,False,False,False,False,False,False,False,False,False,False,False,False,False,e0099,0,0,0,0,0,0,0,0,0,0,412,97,0,0,0,5,0,142,1,0,0,0,0,0,39,0,0,0,0,0,-1,False,False,False,False,False,False,True,True,False,False,False,False,False,False,False,False,False,False,True,False,False,False,True,True
390,,,False,False,False,False,False,False,False,False,False,False,False,False,False,False,False,False,False,False,False,False,False,False,False,False,False,False,False,False,False,False,False,False,False,False,False,False,False,False,False,False,False,e0100,0,0,0,0,0,0,0,0,0,0,413,98,0,0,0,5,0,142,1,0,0,0,0,0,44,0,0,0,0,0,-1,False,False,False,False,False,False,True,True,False,False,False,False,False,False,False,False,False,False,True,False,False,False,True,True
391,,,False,False,False,False,False,False,False,False,False,False,False,False,False,False,False,False,False,False,False,False,False,False,False,False,False,False,False,False,False,False,False,False,False,False,False,False,False,False,False,False,False,e0101,0,0,0,0,0,0,0,0,0,0,414,99,0,0,0,5,0,142,1,0,0,0,0,0,49,0,0,0,0,0,-1,False,False,False,False,False,False,True,True,False,False,False,False,False,False,False,False,False,False,True,False,False,False,True,True
392,,,False,False,False,False,False,False,False,False,False,False,False,False,False,False,False,False,False,False,False,False,False,False,False,False,False,False,False,False,False,False,False,False,False,False,False,False,False,False,False,False,False,e0102,0,0,0,0,0,0,0,0,0,0,415,100,0,0,0,5,0,142,1,0,0,0,0,0,50,0,0,0,0,0,-1,False,False,False,False,False,False,True,True,False,False,False,False,False,False,False,False,False,False,True,False,False,False,True,True
393,,,False,False,False,False,False,False,False,False,False,False,False,False,False,False,False,False,False,False,False,False,False,False,False,False,False,False,False,False,False,False,False,False,False,False,False,False,False,False,False,False,False,e0103,0,0,0,0,0,0,0,0,0,0,453,103,0,0,0,5,1,142,1,0,0,0,0,0,60,0,0,0,0,0,-1,False,False,False,False,False,False,True,True,False,False,False,False,False,False,False,False,False,False,True,False,False,False,True,True
394,,,False,False,False,False,False,False,False,False,False,False,False,False,False,False,False,False,False,False,False,False,False,False,False,False,False,False,False,False,False,False,False,False,False,False,False,False,False,False,False,False,False,e0104,0,0,0,0,0,0,0,0,0,0,454,135,0,0,0,5,1,142,1,0,0,0,0,0,60,0,0,0,0,0,-1,False,False,False,False,False,False,True,True,False,False,False,False,False,False,False,False,False,False,True,False,False,False,True,True
395,,,False,False,False,False,False,False,False,False,False,False,False,False,False,False,False,False,False,False,False,False,False,False,False,False,False,False,False,False,False,False,False,False,False,False,False,False,False,False,False,False,False,e0105,0,0,0,0,0,0,0,0,0,0,455,104,0,0,0,5,1,142,1,0,0,0,0,0,52,0,0,0,0,0,-1,False,False,False,False,False,False,True,True,False,False,False,False,False,False,False,False,False,False,True,False,False,False,True,True
396,,,False,False,False,False,False,False,False,False,False,False,False,False,False,False,False,False,False,False,False,False,False,False,False,False,False,False,False,False,False,False,False,False,False,False,False,False,False,False,False,False,False,e0106,0,0,0,0,0,0,0,0,0,0,456,105,0,0,0,5,1,142,1,0,0,0,0,0,52,0,0,0,0,0,-1,False,False,False,False,False,False,True,True,False,False,False,False,False,False,False,False,False,False,True,False,False,False,True,True
397,,,False,False,False,False,False,False,False,False,False,False,False,False,False,False,False,False,False,False,False,False,False,False,False,False,False,False,False,False,False,False,False,False,False,False,False,False,False,False,False,False,False,e0107,0,0,0,0,0,0,0,0,0,0,457,108,0,0,0,5,1,142,1,0,0,0,0,0,53,0,0,0,0,0,-1,False,False,False,False,False,False,True,True,False,False,False,False,False,False,False,False,False,False,True,False,False,False,True,True
398,,,False,False,False,False,False,False,False,False,False,False,False,False,False,False,False,False,False,False,False,False,False,False,False,False,False,False,False,False,False,False,False,False,False,False,False,False,False,False,False,False,False,e0108,0,0,0,0,0,0,0,0,0,0,458,109,0,0,0,5,1,142,1,0,0,0,0,0,59,0,0,0,0,0,-1,False,False,False,False,False,False,True,True,False,False,False,False,False,False,False,False,False,False,True,False,False,False,True,True
399,,,False,False,False,False,False,False,False,False,False,False,False,False,False,False,False,False,False,False,False,False,False,False,False,False,False,False,False,False,False,False,False,False,False,False,False,False,False,False,False,False,False,e0109,0,0,0,0,0,0,0,0,0,0,459,110,0,0,0,5,1,142,1,0,0,0,0,0,60,0,0,0,0,0,-1,False,False,False,False,False,False,True,True,False,False,False,False,False,False,False,False,False,False,True,False,False,False,True,True
400,,,False,False,False,False,False,False,False,False,False,False,False,False,False,False,False,False,False,False,False,False,False,False,False,False,False,False,False,False,False,False,False,False,False,False,False,False,False,False,False,False,False,e0110,0,0,0,0,0,0,0,0,0,0,460,106,0,0,0,5,1,142,1,0,0,0,0,0,53,0,0,0,0,0,-1,False,False,False,False,False,False,True,True,False,False,False,False,False,False,False,False,False,False,True,False,False,False,True,True
401,,,False,False,False,False,False,False,False,False,False,False,False,False,False,False,False,False,False,False,False,False,False,False,False,False,False,False,False,False,False,False,False,False,False,False,False,False,False,False,False,False,False,e0111,0,0,0,0,0,0,0,0,0,0,461,107,0,0,0,5,1,142,1,0,0,0,0,0,59,0,0,0,0,0,-1,False,False,False,False,False,False,True,True,False,False,False,False,False,False,False,False,False,False,True,False,False,False,True,True
402,,,False,False,False,False,False,False,False,False,False,False,False,False,False,False,False,False,False,False,False,False,False,False,False,False,False,False,False,False,False,False,False,False,False,False,False,False,False,False,False,False,False,e0112,0,0,0,0,0,0,0,0,0,0,464,134,0,0,0,5,1,142,1,0,0,0,0,0,60,0,0,0,0,0,-1,False,False,False,False,False,False,True,True,False,False,False,False,False,False,False,False,False,False,True,False,False,False,True,True
403,,,False,False,False,False,False,False,False,False,False,False,False,False,False,False,False,False,False,False,False,False,False,False,False,False,False,False,False,False,False,False,False,False,False,False,False,False,False,False,False,False,False,e0113,0,0,0,0,0,0,0,0,0,0,465,126,0,0,0,5,1,142,1,0,0,0,0,0,60,0,0,0,0,0,-1,False,False,False,False,False,False,True,True,False,False,False,False,False,False,False,False,False,False,True,False,False,False,True,True
404,,,False,False,False,False,False,False,False,False,False,False,False,False,False,False,False,False,False,False,False,False,False,False,False,False,False,False,False,False,False,False,False,False,False,False,False,False,False,False,False,False,False,e0114,0,0,0,0,0,0,0,0,0,0,466,113,0,0,0,5,1,142,1,0,0,0,0,0,54,0,0,0,0,0,-1,False,False,False,False,False,False,True,True,False,False,False,False,False,False,False,False,False,False,True,False,False,False,True,True
405,,,False,False,False,False,False,False,False,False,False,False,False,False,False,False,False,False,False,False,False,False,False,False,False,False,False,False,False,False,False,False,False,False,False,False,False,False,False,False,False,False,False,e0115,0,0,0,0,0,0,0,0,0,0,467,114,0,0,0,5,1,142,1,0,0,0,0,0,60,0,0,0,0,0,-1,False,False,False,False,False,False,True,True,False,False,False,False,False,False,False,False,False,False,True,False,False,False,True,True
406,,,False,False,False,False,False,False,False,False,False,False,False,False,False,False,False,False,False,False,False,False,False,False,False,False,False,False,False,False,False,False,False,False,False,False,False,False,False,False,False,False,False,e0116,0,0,0,0,0,0,0,0,0,0,468,102,0,0,0,5,1,142,1,0,0,0,0,0,54,0,0,0,0,0,-1,False,False,False,False,False,False,True,True,False,False,False,False,False,False,False,False,False,False,True,False,False,False,True,True
407,,,False,False,False,False,False,False,False,False,False,False,False,False,False,False,False,False,False,False,False,False,False,False,False,False,False,False,False,False,False,False,False,False,False,False,False,False,False,False,False,False,False,e0117,0,0,0,0,0,0,0,0,0,0,469,115,0,0,0,5,1,142,1,0,0,0,0,0,54,0,0,0,0,0,-1,False,False,False,False,False,False,True,True,False,False,False,False,False,False,False,False,False,False,True,False,False,False,True,True
408,,,False,False,False,False,False,False,False,False,False,False,False,False,False,False,False,False,False,False,False,False,False,False,False,False,False,False,False,False,False,False,False,False,False,False,False,False,False,False,False,False,False,e0118,0,0,0,0,0,0,0,0,0,0,470,116,0,0,0,5,1,142,1,0,0,0,0,0,56,0,0,0,0,0,-1,False,False,False,False,False,False,True,True,False,False,False,False,False,False,False,False,False,False,True,False,False,False,True,True
409,,,False,False,False,False,False,False,False,False,False,False,False,False,False,False,False,False,False,False,False,False,False,False,False,False,False,False,False,False,False,False,False,False,False,False,False,False,False,False,False,False,False,e0119,0,0,0,0,0,0,0,0,0,0,471,117,0,0,0,5,1,142,1,0,0,0,0,0,49,0,0,0,0,0,-1,False,False,False,False,False,False,True,True,False,False,False,False,False,False,False,False,False,False,True,False,False,False,True,True
410,,,False,False,False,False,False,False,False,False,False,False,False,False,False,False,False,False,False,False,False,False,False,False,False,False,False,False,False,False,False,False,False,False,False,False,False,False,False,False,False,False,False,e0120,0,0,0,0,0,0,0,0,0,0,472,118,0,0,0,5,1,142,1,0,0,0,0,0,56,0,0,0,0,0,-1,False,False,False,False,False,False,True,True,False,False,False,False,False,False,False,False,False,False,True,False,False,False,True,True
411,,,False,False,False,False,False,False,False,False,False,False,False,False,False,False,False,False,False,False,False,False,False,False,False,False,False,False,False,False,False,False,False,False,False,False,False,False,False,False,False,False,False,e0121,0,0,0,0,0,0,0,0,0,0,473,143,0,0,0,5,1,142,1,0,0,0,0,0,34,0,0,0,0,0,-1,False,False,False,False,False,False,True,True,False,False,False,False,False,False,False,False,False,False,True,False,False,False,True,True
412,,,False,False,False,False,False,False,False,False,False,False,False,False,False,False,False,False,False,False,False,False,False,False,False,False,False,False,False,False,False,False,False,False,False,False,False,False,False,False,False,False,False,e0122,0,0,0,0,0,0,0,0,0,0,474,144,0,0,0,5,1,142,1,0,0,0,0,0,44,0,0,0,0,0,-1,False,False,False,False,False,False,True,True,False,False,False,False,False,False,False,False,False,False,True,False,False,False,True,True
413,,,False,False,False,False,False,False,False,False,False,False,False,False,False,False,False,False,False,False,False,False,False,False,False,False,False,False,False,False,False,False,False,False,False,False,False,False,False,False,False,False,False,e0123,0,0,0,0,0,0,0,0,0,0,475,119,0,0,0,5,1,142,1,0,0,0,0,0,52,0,0,0,0,0,-1,False,False,False,False,False,False,True,True,False,False,False,False,False,False,False,False,False,False,True,False,False,False,True,True
414,,,False,False,False,False,False,False,False,False,False,False,False,False,False,False,False,False,False,False,False,False,False,False,False,False,False,False,False,False,False,False,False,False,False,False,False,False,False,False,False,False,False,e0124,0,0,0,0,0,0,0,0,0,0,476,141,0,0,0,5,1,142,1,0,0,0,0,0,60,0,0,0,0,0,-1,False,False,False,False,False,False,True,True,False,False,False,False,False,False,False,False,False,False,True,False,False,False,True,True
415,,,False,False,False,False,False,False,False,False,False,False,False,False,False,False,False,False,False,False,False,False,False,False,False,False,False,False,False,False,False,False,False,False,False,False,False,False,False,False,False,False,False,e0125,0,0,0,0,0,0,0,0,0,0,477,142,0,0,0,5,1,142,1,0,0,0,0,0,60,0,0,0,0,0,-1,False,False,False,False,False,False,True,True,False,False,False,False,False,False,False,False,False,False,True,False,False,False,True,True
416,,,False,False,False,False,False,False,False,False,False,False,False,False,False,False,False,False,False,False,False,False,False,False,False,False,False,False,False,False,False,False,False,False,False,False,False,False,False,False,False,False,False,e0126,0,0,0,0,0,0,0,0,0,0,479,111,0,0,0,5,1,142,1,0,0,0,0,0,52,0,0,0,0,0,-1,False,False,False,False,False,False,True,True,False,False,False,False,False,False,False,False,False,False,True,False,False,False,True,True
417,,,False,False,False,False,False,False,False,False,False,False,False,False,False,False,False,False,False,False,False,False,False,False,False,False,False,False,False,False,False,False,False,False,False,False,False,False,False,False,False,False,False,e0127,0,0,0,0,0,0,0,0,0,0,480,120,0,0,0,5,1,142,1,0,0,0,0,0,49,0,0,0,0,0,-1,False,False,False,False,False,False,True,True,False,False,False,False,False,False,False,False,False,False,True,False,False,False,True,True
418,,,False,False,False,False,False,False,False,False,False,False,False,False,False,False,False,False,False,False,False,False,False,False,False,False,False,False,False,False,False,False,False,False,False,False,False,False,False,False,False,False,False,e0128,0,0,0,0,0,0,0,0,0,0,481,121,0,0,0,5,1,142,1,0,0,0,0,0,58,0,0,0,0,0,-1,False,False,False,False,False,False,True,True,False,False,False,False,False,False,False,False,False,False,True,False,False,False,True,True
419,,,False,False,False,False,False,False,False,False,False,False,False,False,False,False,False,False,False,False,False,False,False,False,False,False,False,False,False,False,False,False,False,False,False,False,False,False,False,False,False,False,False,e0129,0,0,0,0,0,0,0,0,0,0,482,122,0,0,0,5,1,142,1,0,0,0,0,0,58,0,0,0,0,0,-1,False,False,False,False,False,False,True,True,False,False,False,False,False,False,False,False,False,False,True,False,False,False,True,True
420,,,False,False,False,False,False,False,False,False,False,False,False,False,False,False,False,False,False,False,False,False,False,False,False,False,False,False,False,False,False,False,False,False,False,False,False,False,False,False,False,False,False,e0130,0,0,0,0,0,0,0,0,0,0,483,123,0,0,0,5,1,142,1,0,0,0,0,0,56,0,0,0,0,0,-1,False,False,False,False,False,False,True,True,False,False,False,False,False,False,False,False,False,False,True,False,False,False,True,True
421,,,False,False,False,False,False,False,False,False,False,False,False,False,False,False,False,False,False,False,False,False,False,False,False,False,False,False,False,False,False,False,False,False,False,False,False,False,False,False,False,False,False,e0131,0,0,0,0,0,0,0,0,0,0,484,124,0,0,0,5,1,142,1,0,0,0,0,0,56,0,0,0,0,0,-1,False,False,False,False,False,False,True,True,False,False,False,False,False,False,False,False,False,False,True,False,False,False,True,True
422,,,False,False,False,False,False,False,False,False,False,False,False,False,False,False,False,False,False,False,False,False,False,False,False,False,False,False,False,False,False,False,False,False,False,False,False,False,False,False,False,False,False,e0132,0,0,0,0,0,0,0,0,0,0,485,112,0,0,0,5,1,142,1,0,0,0,0,0,60,0,0,0,0,0,-1,False,False,False,False,False,False,True,True,False,False,False,False,False,False,False,False,False,False,True,False,False,False,True,True
423,,,False,False,False,False,False,False,False,False,False,False,False,False,False,False,False,False,False,False,False,False,False,False,False,False,False,False,False,False,False,False,False,False,False,False,False,False,False,False,False,False,False,e0133,0,0,0,0,0,0,0,0,0,0,486,127,0,0,0,5,1,142,1,0,0,0,0,0,34,0,0,0,0,0,-1,False,False,False,False,False,False,True,True,False,False,False,False,False,False,False,False,False,False,True,False,False,False,True,True
424,,,False,False,False,False,False,False,False,False,False,False,False,False,False,False,False,False,False,False,False,False,False,False,False,False,False,False,False,False,False,False,False,False,False,False,False,False,False,False,False,False,False,e0134,0,0,0,0,0,0,0,0,0,0,487,128,0,0,0,5,1,142,1,0,0,0,0,0,44,0,0,0,0,0,-1,False,False,False,False,False,False,True,True,False,False,False,False,False,False,False,False,False,False,True,False,False,False,True,True
425,,,False,False,False,False,False,False,False,False,False,False,False,False,False,False,False,False,False,False,False,False,False,False,False,False,False,False,False,False,False,False,False,False,False,False,False,False,False,False,False,False,False,e0135,0,0,0,0,0,0,0,0,0,0,488,129,0,0,0,5,1,142,1,0,0,0,0,0,52,0,0,0,0,0,-1,False,False,False,False,False,False,True,True,False,False,False,False,False,False,False,False,False,False,True,False,False,False,True,True
426,,,False,False,False,False,False,False,False,False,False,False,False,False,False,False,False,False,False,False,False,False,False,False,False,False,False,False,False,False,False,False,False,False,False,False,False,False,False,False,False,False,False,e0136,0,0,0,0,0,0,0,0,0,0,489,130,0,0,0,5,1,142,1,0,0,0,0,0,60,0,0,0,0,0,-1,False,False,False,False,False,False,True,True,False,False,False,False,False,False,False,False,False,False,True,False,False,False,True,True
427,,,False,False,False,False,False,False,False,False,False,False,False,False,False,False,False,False,False,False,False,False,False,False,False,False,False,False,False,False,False,False,False,False,False,False,False,False,False,False,False,False,False,e0137,0,0,0,0,0,0,0,0,0,0,490,131,0,0,0,5,1,142,1,0,0,0,0,0,60,0,0,0,0,0,-1,False,False,False,False,False,False,True,True,False,False,False,False,False,False,False,False,False,False,True,False,False,False,True,True
428,,,False,False,False,False,False,False,False,False,False,False,False,False,False,False,False,False,False,False,False,False,False,False,False,False,False,False,False,False,False,False,False,False,False,False,False,False,False,False,False,False,False,e0138,0,0,0,0,0,0,0,0,0,0,491,132,0,0,0,5,1,142,1,0,0,0,0,0,60,0,0,0,0,0,-1,False,False,False,False,False,False,True,True,False,False,False,False,False,False,False,False,False,False,True,False,False,False,True,True
429,,,False,False,False,False,False,False,False,False,False,False,False,False,False,False,False,False,False,False,False,False,False,False,False,False,False,False,False,False,False,False,False,False,False,False,False,False,False,False,False,False,False,e0139,0,0,0,0,0,0,0,0,0,0,492,133,0,0,0,5,1,142,1,0,0,0,0,0,60,0,0,0,0,0,-1,False,False,False,False,False,False,True,True,False,False,False,False,False,False,False,False,False,False,True,False,False,False,True,True
430,,,False,False,False,False,False,False,False,False,False,False,False,False,False,False,False,False,False,False,False,False,False,False,False,False,False,False,False,False,False,False,False,False,False,False,False,False,False,False,False,False,False,e0140,0,0,0,0,0,0,0,0,0,0,493,125,0,0,0,5,1,142,1,0,0,0,0,0,60,0,0,0,0,0,-1,False,False,False,False,False,False,True,True,False,False,False,False,False,False,False,False,False,False,True,False,False,False,True,True
431,,,False,False,False,False,False,False,False,False,False,False,False,False,False,False,False,False,False,False,False,False,False,False,False,False,False,False,False,False,False,False,False,False,False,False,False,False,False,False,False,False,False,e0141,0,0,0,0,0,0,0,0,0,0,494,136,0,0,0,5,1,142,1,0,0,0,0,0,44,0,0,0,0,0,-1,False,False,False,False,False,False,True,True,False,False,False,False,False,False,False,False,False,False,True,False,False,False,True,True
432,,,False,False,False,False,False,False,False,False,False,False,False,False,False,False,False,False,False,False,False,False,False,False,False,False,False,False,False,False,False,False,False,False,False,False,False,False,False,False,False,False,False,e0142,0,0,0,0,0,0,0,0,0,0,495,137,0,0,0,5,1,142,1,0,0,0,0,0,49,0,0,0,0,0,-1,False,False,False,False,False,False,True,True,False,False,False,False,False,False,False,False,False,False,True,False,False,False,True,True
433,,,False,False,False,False,False,False,False,False,False,False,False,False,False,False,False,False,False,False,False,False,False,False,False,False,False,False,False,False,False,False,False,False,False,False,False,False,False,False,False,False,False,e0143,0,0,0,0,0,0,0,0,0,0,496,138,0,0,0,5,1,142,1,0,0,0,0,0,56,0,0,0,0,0,-1,False,False,False,False,False,False,True,True,False,False,False,False,False,False,False,False,False,False,True,False,False,False,True,True
434,,,False,False,False,False,False,False,False,False,False,False,False,False,False,False,False,False,False,False,False,False,False,False,False,False,False,False,False,False,False,False,False,False,False,False,False,False,False,False,False,False,False,e0144,0,0,0,0,0,0,0,0,0,0,497,139,0,0,0,5,1,142,1,0,0,0,0,0,60,0,0,0,0,0,-1,False,False,False,False,False,False,True,True,False,False,False,False,False,False,False,False,False,False,True,False,False,False,True,True
435,,,False,False,False,False,False,False,False,False,False,False,False,False,False,False,False,False,False,False,False,False,False,False,False,False,False,False,False,False,False,False,False,False,False,False,False,False,False,False,False,False,False,e0145,0,0,0,0,0,0,0,0,0,0,498,140,0,0,0,5,1,142,1,0,0,0,0,0,56,0,0,0,0,0,-1,False,False,False,False,False,False,True,True,False,False,False,False,False,False,False,False,False,False,True,False,False,False,True,True
436,,,False,False,False,False,False,False,False,False,False,False,False,False,False,False,False,False,False,False,False,False,False,False,False,False,False,False,False,False,False,False,False,False,False,False,False,False,False,False,False,False,False,e0146,0,0,0,0,0,0,0,0,0,0,499,145,0,0,0,5,1,142,1,0,0,0,0,0,34,0,0,0,0,0,-1,False,False,False,False,False,False,True,True,False,False,False,False,False,False,False,False,False,False,True,False,False,False,True,True
437,,,False,False,False,False,False,False,False,False,False,False,False,False,False,False,False,False,False,False,False,False,False,False,False,False,False,False,False,False,False,False,False,False,False,False,False,False,False,False,False,False,False,e0147,0,0,0,0,0,0,0,0,0,0,500,146,0,0,0,5,1,142,1,0,0,0,0,0,52,0,0,0,0,0,-1,False,False,False,False,False,False,True,True,False,False,False,False,False,False,False,False,False,False,True,False,False,False,True,True
438,,,False,False,False,False,False,False,False,False,False,False,False,False,False,False,False,False,False,False,False,False,False,False,False,False,False,False,False,False,False,False,False,False,False,False,False,False,False,False,False,False,False,e0148,0,0,0,0,0,0,0,0,0,0,501,147,0,0,0,5,1,142,1,0,0,0,0,0,60,0,0,0,0,0,-1,False,False,False,False,False,False,True,True,False,False,False,False,False,False,False,False,False,False,True,False,False,False,True,True
439,,,False,False,False,False,False,False,False,False,False,False,False,False,False,False,False,False,False,False,False,False,False,False,False,False,False,False,False,False,False,False,False,False,False,False,False,False,False,False,False,False,False,e0149,0,0,0,0,0,0,0,0,0,0,502,149,0,0,0,5,1,142,1,0,0,0,0,0,60,0,0,0,0,0,-1,False,False,False,False,False,False,True,True,False,False,False,False,False,False,False,False,False,False,True,False,False,False,True,True
440,,,False,False,False,False,False,False,False,False,False,False,False,False,False,False,False,False,False,False,False,False,False,False,False,False,False,False,False,False,False,False,False,False,False,False,False,False,False,False,False,False,False,e0150,0,0,0,0,0,0,0,0,0,0,503,148,0,0,0,5,1,142,1,0,0,0,0,0,60,0,0,0,0,0,-1,False,False,False,False,False,False,True,True,False,False,False,False,False,False,False,False,False,False,True,False,False,False,True,True
441,,,False,False,False,False,False,False,False,False,False,False,False,False,False,False,False,False,False,False,False,False,False,False,False,False,False,False,False,False,False,False,False,False,False,False,False,False,False,False,False,False,False,e0151,0,0,0,0,0,0,0,0,0,0,513,150,0,0,0,5,1,142,1,0,0,0,0,0,60,0,0,0,0,0,-1,False,False,False,False,False,False,True,True,False,False,False,False,False,False,False,False,False,False,True,False,False,False,True,True
442,,,False,False,False,False,False,False,False,False,False,False,False,False,False,False,False,False,False,False,False,False,False,False,False,False,False,False,False,False,False,False,False,False,False,False,False,False,False,False,False,False,False,e0152,0,0,0,0,0,0,0,0,0,0,664,154,0,0,0,5,2,142,1,0,0,0,0,0,67,0,0,0,0,0,-1,False,False,False,False,False,False,True,True,False,False,False,False,False,False,False,False,False,False,True,False,False,False,True,True
443,,,False,False,False,False,False,False,False,False,False,False,False,False,False,False,False,False,False,False,False,False,False,False,False,False,False,False,False,False,False,False,False,False,False,False,False,False,False,False,False,False,False,e0153,0,0,0,0,0,0,0,0,0,0,667,156,0,0,0,5,2,142,1,0,0,0,0,0,70,0,0,0,0,0,-1,False,False,False,False,False,False,True,True,False,False,False,False,False,False,False,False,False,False,True,False,False,False,True,True
444,,,False,False,False,False,False,False,False,False,False,False,False,False,False,False,False,False,False,False,False,False,False,False,False,False,False,False,False,False,False,False,False,False,False,False,False,False,False,False,False,False,False,e0154,0,0,0,0,0,0,0,0,0,0,669,162,0,0,0,5,2,142,1,0,0,0,0,0,62,0,0,0,0,0,-1,False,False,False,False,False,False,True,True,False,False,False,False,False,False,False,False,False,False,True,False,False,False,True,True
445,,,False,False,False,False,False,False,False,False,False,False,False,False,False,False,False,False,False,False,False,False,False,False,False,False,False,False,False,False,False,False,False,False,False,False,False,False,False,False,False,False,False,e0155,0,0,0,0,0,0,0,0,0,0,673,168,0,0,0,5,2,142,1,0,0,0,0,0,70,0,0,0,0,0,-1,False,False,False,False,False,False,True,True,False,False,False,False,False,False,False,False,False,False,True,False,False,False,True,True
446,,,False,False,False,False,False,False,False,False,False,False,False,False,False,False,False,False,False,False,False,False,False,False,False,False,False,False,False,False,False,False,False,False,False,False,False,False,False,False,False,False,False,e0156,0,0,0,0,0,0,0,0,0,0,703,174,0,0,0,5,2,142,1,0,0,0,0,0,67,0,0,0,0,0,-1,False,False,False,False,False,False,True,True,False,False,False,False,False,False,False,False,False,False,True,False,False,False,True,True
447,,,False,False,False,False,False,False,False,False,False,False,False,False,False,False,False,False,False,False,False,False,False,False,False,False,False,False,False,False,False,False,False,False,False,False,False,False,False,False,False,False,False,e0157,0,0,0,0,0,0,0,0,0,0,704,175,0,0,0,5,2,142,1,0,0,0,0,0,70,0,0,0,0,0,-1,False,False,False,False,False,False,True,True,False,False,False,False,False,False,False,False,False,False,True,False,False,False,True,True
448,,,False,False,False,False,False,False,False,False,False,False,False,False,False,False,False,False,False,False,False,False,False,False,False,False,False,False,False,False,False,False,False,False,False,False,False,False,False,False,False,False,False,e0162,0,0,0,0,0,0,0,0,0,0,699,172,0,0,0,5,2,142,1,0,0,0,0,0,67,0,0,0,0,0,-1,False,False,False,False,False,False,True,True,False,False,False,False,False,False,False,False,False,False,True,False,False,False,True,True
449,,,False,False,False,False,False,False,False,False,False,False,False,False,False,False,False,False,False,False,False,False,False,False,False,False,False,False,False,False,False,False,False,False,False,False,False,False,False,False,False,False,False,e0163,0,0,0,0,0,0,0,0,0,0,700,173,0,0,0,5,2,142,1,0,0,0,0,0,70,0,0,0,0,0,-1,False,False,False,False,False,False,True,True,False,False,False,False,False,False,False,False,False,False,True,False,False,False,True,True
450,,,False,False,False,False,False,False,False,False,False,False,False,False,False,False,False,False,False,False,False,False,False,False,False,False,False,False,False,False,False,False,False,False,False,False,False,False,False,False,False,False,False,e0164,0,0,0,0,0,0,0,0,0,0,647,152,0,0,0,5,2,142,1,0,0,0,0,0,70,0,0,0,0,0,-1,False,False,False,False,False,False,True,True,False,False,False,False,False,False,False,False,False,False,True,False,False,False,True,True
451,,,False,False,False,False,False,False,False,False,False,False,False,False,False,False,False,False,False,False,False,False,False,False,False,False,False,False,False,False,False,False,False,False,False,False,False,False,False,False,False,False,False,e0165,0,0,0,0,0,0,0,0,0,0,648,153,0,0,0,5,2,142,1,0,0,0,0,0,70,0,0,0,0,0,-1,False,False,False,False,False,False,True,True,False,False,False,False,False,False,False,False,False,False,True,False,False,False,True,True
452,,,False,False,False,False,False,False,False,False,False,False,False,False,False,False,False,False,False,False,False,False,False,False,False,False,False,False,False,False,False,False,False,False,False,False,False,False,False,False,False,False,False,e0166,0,0,0,0,0,0,0,0,0,0,726,177,0,0,0,5,2,142,1,0,0,0,0,0,67,0,0,0,0,0,-1,False,False,False,False,False,False,True,True,False,False,False,False,False,False,False,False,False,False,True,False,False,False,True,True
453,,,False,False,False,False,False,False,False,False,False,False,False,False,False,False,False,False,False,False,False,False,False,False,False,False,False,False,False,False,False,False,False,False,False,False,False,False,False,False,False,False,False,e0170,0,0,0,0,0,0,0,0,0,0,721,176,0,0,0,5,2,142,1,0,0,0,0,0,67,0,0,0,0,0,-1,False,False,False,False,False,False,True,True,False,False,False,False,False,False,False,False,False,False,True,False,False,False,True,True
454,,,False,False,False,False,False,False,False,False,False,False,False,False,False,False,False,False,False,False,False,False,False,False,False,False,False,False,False,False,False,False,False,False,False,False,False,False,False,False,False,False,False,e0172,0,0,0,0,0,0,0,0,0,0,701,170,0,0,0,5,2,142,1,0,0,0,0,0,67,0,0,0,0,0,-1,False,False,False,False,False,False,True,True,False,False,False,False,False,False,False,False,False,False,True,False,False,False,True,True
455,,,False,False,False,False,False,False,False,False,False,False,False,False,False,False,False,False,False,False,False,False,False,False,False,False,False,False,False,False,False,False,False,False,False,False,False,False,False,False,False,False,False,e0173,0,0,0,0,0,0,0,0,0,0,702,171,0,0,0,5,2,142,1,0,0,0,0,0,70,0,0,0,0,0,-1,False,False,False,False,False,False,True,True,False,False,False,False,False,False,False,False,False,False,True,False,False,False,True,True
456,,,False,False,False,False,False,False,False,False,False,False,False,False,False,False,False,False,False,False,False,False,False,False,False,False,False,False,False,False,False,False,False,False,False,False,False,False,False,False,False,False,False,e0176,0,0,0,0,0,0,0,0,0,0,640,151,0,0,0,5,2,142,1,0,0,0,0,0,67,0,0,0,0,0,-1,False,False,False,False,False,False,True,True,False,False,False,False,False,False,False,False,False,False,True,False,False,False,True,True
457,,,False,False,False,False,False,False,False,False,False,False,False,False,False,False,False,False,False,False,False,False,False,False,False,False,False,False,False,False,False,False,False,False,False,False,False,False,False,False,False,False,False,e0177,0,0,0,0,0,0,0,0,0,0,678,169,0,0,0,5,2,142,1,0,0,0,0,0,70,0,0,0,0,0,-1,False,False,False,False,False,False,True,True,False,False,False,False,False,False,False,False,False,False,True,False,False,False,True,True
458,,,False,False,False,False,False,False,False,False,False,False,False,False,False,False,False,False,False,False,False,False,False,False,False,False,False,False,False,False,False,False,False,False,False,False,False,False,False,False,False,False,False,e0178,0,0,0,0,0,0,0,0,0,0,668,161,0,0,0,5,2,142,1,0,0,0,0,0,52,0,0,0,0,0,-1,False,False,False,False,False,False,True,True,False,False,False,False,False,False,False,False,False,False,True,False,False,False,True,True
459,,,False,False,False,False,False,False,False,False,False,False,False,False,False,False,False,False,False,False,False,False,False,False,False,False,False,False,False,False,False,False,False,False,False,False,False,False,False,False,False,False,False,e0179,0,0,0,0,0,0,0,0,0,0,675,164,0,0,0,5,2,142,1,0,0,0,0,0,58,0,0,0,0,0,-1,False,False,False,False,False,False,True,True,False,False,False,False,False,False,False,False,False,False,True,False,False,False,True,True
460,,,False,False,False,False,False,False,False,False,False,False,False,False,False,False,False,False,False,False,False,False,False,False,False,False,False,False,False,False,False,False,False,False,False,False,False,False,False,False,False,False,False,e0180,0,0,0,0,0,0,0,0,0,0,672,165,0,0,0,5,2,142,1,0,0,0,0,0,62,0,0,0,0,0,-1,False,False,False,False,False,False,True,True,False,False,False,False,False,False,False,False,False,False,True,False,False,False,True,True
461,,,False,False,False,False,False,False,False,False,False,False,False,False,False,False,False,False,False,False,False,False,False,False,False,False,False,False,False,False,False,False,False,False,False,False,False,False,False,False,False,False,False,e0181,0,0,0,0,0,0,0,0,0,0,676,166,0,0,0,5,2,142,1,0,0,0,0,0,67,0,0,0,0,0,-1,False,False,False,False,False,False,True,True,False,False,False,False,False,False,False,False,False,False,True,False,False,False,True,True
462,,,False,False,False,False,False,False,False,False,False,False,False,False,False,False,False,False,False,False,False,False,False,False,False,False,False,False,False,False,False,False,False,False,False,False,False,False,False,False,False,False,False,e0183,0,0,0,0,0,0,0,0,0,0,666,157,0,0,0,5,2,142,1,0,0,0,0,0,52,0,0,0,0,0,-1,False,False,False,False,False,False,True,True,False,False,False,False,False,False,False,False,False,False,True,False,False,False,True,True
463,,,False,False,False,False,False,False,False,False,False,False,False,False,False,False,False,False,False,False,False,False,False,False,False,False,False,False,False,False,False,False,False,False,False,False,False,False,False,False,False,False,False,e0188,0,0,0,0,0,0,0,0,0,0,670,159,0,0,0,5,2,142,1,0,0,0,0,0,62,0,0,0,0,0,-1,False,False,False,False,False,False,True,True,False,False,False,False,False,False,False,False,False,False,True,False,False,False,True,True
464,,,False,False,False,False,False,False,False,False,False,False,False,False,False,False,False,False,False,False,False,False,False,False,False,False,False,False,False,False,False,False,False,False,False,False,False,False,False,False,False,False,False,e0189,0,0,0,0,0,0,0,0,0,0,659,155,0,0,0,5,2,142,1,0,0,0,0,0,63,0,0,0,0,0,-1,False,False,False,False,False,False,True,True,False,False,False,False,False,False,False,False,False,False,True,False,False,False,True,True
465,,,False,False,False,False,False,False,False,False,False,False,False,False,False,False,False,False,False,False,False,False,False,False,False,False,False,False,False,False,False,False,False,False,False,False,False,False,False,False,False,False,False,e0190,0,0,0,0,0,0,0,0,0,0,685,163,0,0,0,5,2,142,1,0,0,0,0,0,66,0,0,0,0,0,-1,False,False,False,False,False,False,True,True,False,False,False,False,False,False,False,False,False,False,True,False,False,False,True,True
466,,,False,False,False,False,False,False,False,False,False,False,False,False,False,False,False,False,False,False,False,False,False,False,False,False,False,False,False,False,False,False,False,False,False,False,False,False,False,False,False,False,False,e0191,0,0,0,0,0,0,0,0,0,0,671,160,0,0,0,5,2,142,1,0,0,0,0,0,69,0,0,0,0,0,-1,False,False,False,False,False,False,True,True,False,False,False,False,False,False,False,False,False,False,True,False,False,False,True,True
467,,,False,False,False,False,False,False,False,False,False,False,False,False,False,False,False,False,False,False,False,False,False,False,False,False,False,False,False,False,False,False,False,False,False,False,False,False,False,False,False,False,False,e0192,0,0,0,0,0,0,0,0,0,0,686,158,0,0,0,5,2,142,1,0,0,0,0,0,70,0,0,0,0,0,-1,False,False,False,False,False,False,True,True,False,False,False,False,False,False,False,False,False,False,True,False,False,False,True,True
468,,,False,False,False,False,False,False,False,False,False,False,False,False,False,False,False,False,False,False,False,False,False,False,False,False,False,False,False,False,False,False,False,False,False,False,False,False,False,False,False,False,False,e0193,0,0,0,0,0,0,0,0,0,0,687,167,0,0,0,5,2,142,1,0,0,0,0,0,70,0,0,0,0,0,-1,False,False,False,False,False,False,True,True,False,False,False,False,False,False,False,False,False,False,True,False,False,False,True,True
469,,,False,False,False,False,False,False,False,False,False,False,False,False,False,False,False,False,False,False,False,False,False,False,False,False,False,False,False,False,False,False,False,False,False,False,False,False,False,False,False,False,False,e0194,0,0,0,0,0,0,0,0,0,0,634,178,0,0,0,5,2,142,1,0,0,0,0,0,70,0,0,0,0,0,-1,False,False,False,False,False,False,True,True,False,False,False,False,False,False,False,False,False,False,True,False,False,False,True,True
470,,,False,False,False,False,False,False,False,False,False,False,False,False,False,False,False,False,False,False,False,False,False,False,False,False,False,False,False,False,False,False,False,False,False,False,False,False,False,False,False,False,False,e0195,0,0,0,0,0,0,0,0,0,0,657,179,0,0,0,5,2,142,1,0,0,0,0,0,70,0,0,0,0,0,-1,False,False,False,False,False,False,True,True,False,False,False,False,False,False,False,False,False,False,True,False,False,False,True,True
471,,,False,False,False,False,False,False,False,False,False,False,False,False,False,False,False,False,False,False,False,False,False,False,False,False,False,False,False,False,False,False,False,False,False,False,False,False,False,False,False,False,False,e0196,0,0,0,0,0,0,0,0,0,0,658,180,0,0,0,5,2,142,1,0,0,0,0,0,70,0,0,0,0,0,-1,False,False,False,False,False,False,True,True,False,False,False,False,False,False,False,False,False,False,True,False,False,False,True,True
472,,,False,False,False,False,False,False,False,False,False,False,False,False,False,False,False,False,False,False,False,False,False,False,False,False,False,False,False,False,False,False,False,False,False,False,False,False,False,False,False,False,False,e0197,0,0,0,0,0,0,0,0,0,0,757,181,0,0,0,5,2,142,1,0,0,0,0,0,70,0,0,0,0,0,-1,False,False,False,False,False,False,True,True,False,False,False,False,False,False,False,False,False,False,True,False,False,False,True,True
473,良缘仪式,,False,False,False,False,False,False,False,False,False,False,False,False,False,False,False,False,False,False,False,False,False,False,False,False,False,False,False,False,False,False,False,False,False,False,False,False,False,False,False,False,False,f1e9,0,0,70190,0,0,61,112262,80108,0,0,741,25002,0,0,0,1,0,108,20,0,0,1,0,1,1,0,0,22,0,0,-1,False,False,False,False,False,False,False,True,False,False,False,False,False,False,True,False,False,False,True,False,False,False,True,True
474,火龙狩猎战,,False,False,False,False,False,True,False,False,True,False,False,False,False,False,False,False,False,False,False,False,False,False,False,False,False,False,False,False,False,False,False,False,False,False,False,False,False,False,False,False,False,e3fc,0,0,0,0,293,2050,112289,80121,0,0,761,20053,320,0,135,1,2,108,3,0,0,0,0,70,70,0,0,4,21,0,-1,False,False,False,True,True,False,True,True,False,False,False,True,True,False,True,False,False,False,True,False,False,False,True,True
475,火龙上位狩猎战,,False,False,False,False,False,False,False,False,True,False,False,False,False,False,False,False,False,False,False,False,False,False,False,False,False,False,False,False,False,False,False,False,False,False,False,False,False,False,False,False,False,e3fc_2,0,0,0,0,293,2051,112290,80121,0,0,762,20054,350,0,154,1,2,108,2,0,0,0,0,70,70,1,0,4,22,0,-1,False,False,False,True,True,False,True,True,False,False,False,True,True,False,True,False,False,False,True,False,False,False,True,True
476,,,False,False,False,False,False,False,False,False,False,False,False,False,False,False,False,False,False,False,False,False,False,False,False,False,False,False,False,False,False,False,False,False,False,False,False,False,False,False,False,False,False,,0,0,0,0,0,0,0,0,0,0,0,0,0,0,0,0,0,0,0,0,0,0,0,0,0,0,0,0,0,0,0,False,False,False,False,False,False,False,False,False,False,False,False,False,False,False,False,False,False,False,False,False,False,False,False
477,,,False,False,False,False,False,False,False,False,False,False,False,False,False,False,False,False,False,False,False,False,False,False,False,False,False,False,False,False,False,False,False,False,False,False,False,False,False,False,False,False,False,e0198,0,0,0,0,0,0,0,0,0,0,760,182,0,0,0,5,2,142,1,0,0,0,0,0,70,0,0,0,0,0,-1,False,False,False,False,False,False,True,True,False,False,False,False,False,False,False,False,False,False,True,False,False,False,True,True
478,,,False,False,False,False,False,False,False,False,False,False,False,False,False,False,False,False,False,False,False,False,False,False,False,False,False,False,False,False,False,False,False,False,False,False,False,False,False,False,False,False,False,,0,0,0,0,0,0,0,0,0,0,0,0,0,0,0,0,0,0,0,0,0,0,0,0,0,0,0,0,0,0,0,False,False,False,False,False,False,False,False,False,False,False,False,False,False,False,False,False,False,False,False,False,False,False,False
479,,,False,False,False,False,False,False,False,False,False,False,False,False,False,False,False,False,False,False,False,False,False,False,False,False,False,False,False,False,False,False,False,False,False,False,False,False,False,False,False,False,False,,0,0,0,0,0,0,0,0,0,0,0,0,0,0,0,0,0,0,0,0,0,0,0,0,0,0,0,0,0,0,0,False,False,False,False,False,False,False,False,False,False,False,False,False,False,False,False,False,False,False,False,False,False,False,False
480,,,False,False,False,False,False,False,False,False,False,False,False,False,False,False,False,False,False,False,False,False,False,False,False,False,False,False,False,False,False,False,False,False,False,False,False,False,False,False,False,False,False,,0,0,0,0,0,0,0,0,0,0,0,0,0,0,0,0,0,0,0,0,0,0,0,0,0,0,0,0,0,0,0,False,False,False,False,False,False,False,False,False,False,False,False,False,False,False,False,False,False,False,False,False,False,False,False
481,陆行鸟竞赛：竞赛教学,,False,False,False,False,False,False,False,False,False,False,False,False,False,False,False,False,False,False,False,False,False,False,False,False,False,False,False,False,False,False,False,False,False,False,False,False,False,False,False,False,False,cr_tutorial,0,0,0,0,0,0,112086,0,0,0,417,4,0,0,0,4,0,109,1,0,0,0,0,1,0,0,0,19,0,0,-1,False,False,False,False,False,False,False,False,False,False,False,False,False,False,True,False,False,False,True,False,False,True,True,True
482,第1关：抢占内圈赛道,,False,False,False,False,False,False,False,False,False,False,False,False,False,False,False,False,False,False,False,False,False,False,False,False,False,False,False,False,False,False,False,False,False,False,False,False,False,False,False,False,False,cr_chal01,0,0,0,0,0,0,112085,0,0,0,391,5,0,0,0,4,0,109,1,0,0,0,0,1,0,0,0,19,0,0,-1,False,False,False,False,False,False,False,False,False,False,False,False,False,False,True,False,False,False,True,False,False,True,True,True
483,第2关：躲避范围攻击,,False,False,False,False,False,False,False,False,False,False,False,False,False,False,False,False,False,False,False,False,False,False,False,False,False,False,False,False,False,False,False,False,False,False,False,False,False,False,False,False,False,cr_chal02,0,0,0,0,0,0,112084,0,0,0,389,6,0,0,0,4,0,109,1,0,0,0,0,1,0,0,0,19,0,0,-1,False,False,False,False,False,False,False,False,False,False,False,False,False,False,True,False,False,False,True,False,False,True,True,True
484,第3关：能力不是万能的,,False,False,False,False,False,False,False,False,False,False,False,False,False,False,False,False,False,False,False,False,False,False,False,False,False,False,False,False,False,False,False,False,False,False,False,False,False,False,False,False,False,cr_chal03,0,0,0,0,0,0,112086,0,0,0,390,7,0,0,0,4,0,109,1,0,0,0,0,1,0,0,0,19,0,0,-1,False,False,False,False,False,False,False,False,False,False,False,False,False,False,True,False,False,False,True,False,False,True,True,True
485,第4关：沉重的竞赛（上）,,False,False,False,False,False,False,False,False,False,False,False,False,False,False,False,False,False,False,False,False,False,False,False,False,False,False,False,False,False,False,False,False,False,False,False,False,False,False,False,False,False,cr_chal04,0,0,0,0,0,0,112085,0,0,0,391,8,0,0,0,4,0,109,1,0,0,0,0,1,0,0,0,19,0,0,-1,False,False,False,False,False,False,False,False,False,False,False,False,False,False,True,False,False,False,True,False,False,True,True,True
486,第5关：站住别跑,,False,False,False,False,False,False,False,False,False,False,False,False,False,False,False,False,False,False,False,False,False,False,False,False,False,False,False,False,False,False,False,False,False,False,False,False,False,False,False,False,False,cr_chal05,0,0,0,0,0,0,112084,0,0,0,389,9,0,0,0,4,0,109,1,0,0,0,0,1,0,0,0,19,0,0,-1,False,False,False,False,False,False,False,False,False,False,False,False,False,False,True,False,False,False,True,False,False,True,True,True
487,第6关：打击竞争对手,,False,False,False,False,False,False,False,False,False,False,False,False,False,False,False,False,False,False,False,False,False,False,False,False,False,False,False,False,False,False,False,False,False,False,False,False,False,False,False,False,False,cr_chal06,0,0,0,0,0,0,112086,0,0,0,390,10,0,0,0,4,0,109,1,0,0,0,0,1,0,0,0,19,0,0,-1,False,False,False,False,False,False,False,False,False,False,False,False,False,False,True,False,False,False,True,False,False,True,True,True
488,第7关：梦幻的结界,,False,False,False,False,False,False,False,False,False,False,False,False,False,False,False,False,False,False,False,False,False,False,False,False,False,False,False,False,False,False,False,False,False,False,False,False,False,False,False,False,False,cr_chal07,0,0,0,0,0,0,112084,0,0,0,389,11,0,0,0,4,0,109,1,0,0,0,0,1,0,0,0,19,0,0,-1,False,False,False,False,False,False,False,False,False,False,False,False,False,False,True,False,False,False,True,False,False,True,True,True
489,第8关：鹬蚌相争渔翁得利,,False,False,False,False,False,False,False,False,False,False,False,False,False,False,False,False,False,False,False,False,False,False,False,False,False,False,False,False,False,False,False,False,False,False,False,False,False,False,False,False,False,cr_chal08,0,0,0,0,0,0,112085,0,0,0,391,12,0,0,0,4,0,109,1,0,0,0,0,1,0,0,0,19,0,0,-1,False,False,False,False,False,False,False,False,False,False,False,False,False,False,True,False,False,False,True,False,False,True,True,True
490,第9关：体力之战,,False,False,False,False,False,False,False,False,False,False,False,False,False,False,False,False,False,False,False,False,False,False,False,False,False,False,False,False,False,False,False,False,False,False,False,False,False,False,False,False,False,cr_chal09,0,0,0,0,0,0,112086,0,0,0,390,13,0,0,0,4,0,109,1,0,0,0,0,1,0,0,0,19,0,0,-1,False,False,False,False,False,False,False,False,False,False,False,False,False,False,True,False,False,False,True,False,False,True,True,True
491,第10关：逃亡者和追赶者,,False,False,False,False,False,False,False,False,False,False,False,False,False,False,False,False,False,False,False,False,False,False,False,False,False,False,False,False,False,False,False,False,False,False,False,False,False,False,False,False,False,cr_chal10,0,0,0,0,0,0,112084,0,0,0,389,14,0,0,0,4,0,109,1,0,0,0,0,1,0,0,0,19,0,0,-1,False,False,False,False,False,False,False,False,False,False,False,False,False,False,True,False,False,False,True,False,False,True,True,True
492,第11关：全速冲刺,,False,False,False,False,False,False,False,False,False,False,False,False,False,False,False,False,False,False,False,False,False,False,False,False,False,False,False,False,False,False,False,False,False,False,False,False,False,False,False,False,False,cr_chal11,0,0,0,0,0,0,112086,0,0,0,390,15,0,0,0,4,0,109,1,0,0,0,0,1,0,0,0,19,0,0,-1,False,False,False,False,False,False,False,False,False,False,False,False,False,False,True,False,False,False,True,False,False,True,True,True
493,第12关：活用竞赛能力,,False,False,False,False,False,False,False,False,False,False,False,False,False,False,False,False,False,False,False,False,False,False,False,False,False,False,False,False,False,False,False,False,False,False,False,False,False,False,False,False,False,cr_chal12,0,0,0,0,0,0,112085,0,0,0,391,16,0,0,0,4,0,109,1,0,0,0,0,1,0,0,0,19,0,0,-1,False,False,False,False,False,False,False,False,False,False,False,False,False,False,True,False,False,False,True,False,False,True,True,True
494,第13关：突破对手的协作,,False,False,False,False,False,False,False,False,False,False,False,False,False,False,False,False,False,False,False,False,False,False,False,False,False,False,False,False,False,False,False,False,False,False,False,False,False,False,False,False,False,cr_chal13,0,0,0,0,0,0,112086,0,0,0,390,17,0,0,0,4,0,109,1,0,0,0,0,1,0,0,0,19,0,0,-1,False,False,False,False,False,False,False,False,False,False,False,False,False,False,True,False,False,False,True,False,False,True,True,True
495,第14关：沉重的竞赛（下）,,False,False,False,False,False,False,False,False,False,False,False,False,False,False,False,False,False,False,False,False,False,False,False,False,False,False,False,False,False,False,False,False,False,False,False,False,False,False,False,False,False,cr_chal14,0,0,0,0,0,0,112084,0,0,0,389,18,0,0,0,4,0,109,1,0,0,0,0,1,0,0,0,19,0,0,-1,False,False,False,False,False,False,False,False,False,False,False,False,False,False,True,False,False,False,True,False,False,True,True,True
496,第15关：究极陆行鸟竞赛,,False,False,False,False,False,False,False,False,False,False,False,False,False,False,False,False,False,False,False,False,False,False,False,False,False,False,False,False,False,False,False,False,False,False,False,False,False,False,False,False,False,cr_chal15,0,0,0,0,0,0,112085,0,0,0,391,19,0,0,0,4,0,109,1,0,0,0,0,1,0,0,0,19,0,0,-1,False,False,False,False,False,False,False,False,False,False,False,False,False,False,True,False,False,False,True,False,False,True,True,True
497,陆行鸟竞赛：荒野大道,,False,False,False,False,False,False,False,False,False,False,False,False,False,False,False,False,False,False,False,False,False,False,False,False,False,True,False,False,False,False,False,False,False,False,False,False,False,False,False,False,False,cr_begin_wil01,0,0,0,0,0,8004,112086,0,0,0,390,20,0,0,0,4,0,109,23,0,0,0,0,1,0,0,0,19,0,0,-1,False,True,False,True,False,False,False,False,False,False,False,False,False,False,True,False,False,False,False,False,False,True,True,True
498,陆行鸟竞赛：太阳海岸,,False,False,False,False,False,False,False,False,False,False,False,False,False,False,False,False,False,False,False,False,False,False,False,False,False,True,False,False,False,False,False,False,False,False,False,False,False,False,False,False,False,cr_begin_sea01,0,0,0,0,0,8005,112084,0,0,0,389,21,0,0,0,4,0,109,23,0,0,0,0,1,0,0,0,19,0,0,-1,False,True,False,True,False,False,False,False,False,False,False,False,False,False,True,False,False,False,False,False,False,True,True,True
499,陆行鸟竞赛：恬静小路,,False,False,False,False,False,False,False,False,False,False,False,False,False,False,False,False,False,False,False,False,False,False,False,False,False,True,False,False,False,False,False,False,False,False,False,False,False,False,False,False,False,cr_begin_fst01,0,0,0,0,0,8006,112085,0,0,0,391,22,0,0,0,4,0,109,23,0,0,0,0,1,0,0,0,19,0,0,-1,False,True,False,True,False,False,False,False,False,False,False,False,False,False,True,False,False,False,False,False,False,True,True,True
500,陆行鸟竞赛：荒野大道,,False,False,False,False,False,False,False,False,False,False,False,False,False,False,False,False,False,False,False,False,False,False,False,False,False,False,True,False,False,False,False,False,False,False,False,False,False,False,False,False,False,cr_r01_wil01,0,0,0,0,0,8004,112086,0,0,0,390,23,0,0,0,4,0,109,23,0,0,0,0,1,0,0,0,19,0,0,-1,False,True,False,True,False,False,False,False,False,False,False,False,False,False,True,False,False,False,False,False,False,True,True,True
501,陆行鸟竞赛：太阳海岸,,False,False,False,False,False,False,False,False,False,False,False,False,False,False,False,False,False,False,False,False,False,False,False,False,False,False,True,False,False,False,False,False,False,False,False,False,False,False,False,False,False,cr_r01_sea01,0,0,0,0,0,8005,112084,0,0,0,389,24,0,0,0,4,0,109,23,0,0,0,0,1,0,0,0,19,0,0,-1,False,True,False,True,False,False,False,False,False,False,False,False,False,False,True,False,False,False,False,False,False,True,True,True
502,陆行鸟竞赛：恬静小路,,False,False,False,False,False,False,False,False,False,False,False,False,False,False,False,False,False,False,False,False,False,False,False,False,False,False,True,False,False,False,False,False,False,False,False,False,False,False,False,False,False,cr_r01_fst01,0,0,0,0,0,8006,112085,0,0,0,391,25,0,0,0,4,0,109,23,0,0,0,0,1,0,0,0,19,0,0,-1,False,True,False,True,False,False,False,False,False,False,False,False,False,False,True,False,False,False,False,False,False,True,True,True
503,陆行鸟竞赛：荒野大道,,False,False,False,False,False,False,False,False,False,False,False,False,False,False,False,False,False,False,False,False,False,False,False,False,False,False,False,True,False,False,False,False,False,False,False,False,False,False,False,False,False,cr_r02_wil01,0,0,0,0,0,8004,112086,0,0,0,390,26,0,0,0,4,0,109,23,0,0,0,0,1,0,0,0,19,0,0,-1,False,True,False,True,False,False,False,False,False,False,False,False,False,False,True,False,False,False,False,False,False,True,True,True
504,陆行鸟竞赛：太阳海岸,,False,False,False,False,False,False,False,False,False,False,False,False,False,False,False,False,False,False,False,False,False,False,False,False,False,False,False,True,False,False,False,False,False,False,False,False,False,False,False,False,False,cr_r02_sea01,0,0,0,0,0,8005,112084,0,0,0,389,27,0,0,0,4,0,109,23,0,0,0,0,1,0,0,0,19,0,0,-1,False,True,False,True,False,False,False,False,False,False,False,False,False,False,True,False,False,False,False,False,False,True,True,True
505,陆行鸟竞赛：恬静小路,,False,False,False,False,False,False,False,False,False,False,False,False,False,False,False,False,False,False,False,False,False,False,False,False,False,False,False,True,False,False,False,False,False,False,False,False,False,False,False,False,False,cr_r02_fst01,0,0,0,0,0,8006,112085,0,0,0,391,28,0,0,0,4,0,109,23,0,0,0,0,1,0,0,0,19,0,0,-1,False,True,False,True,False,False,False,False,False,False,False,False,False,False,True,False,False,False,False,False,False,True,True,True
506,陆行鸟竞赛：荒野大道,,False,False,False,False,False,False,False,False,False,False,False,False,False,False,False,False,False,False,False,False,False,False,False,False,False,False,False,False,True,False,False,False,False,False,False,False,False,False,False,False,False,cr_r03_wil01,0,0,0,0,0,8004,112086,0,0,0,390,29,0,0,0,4,0,109,23,0,0,0,0,1,0,0,0,19,0,0,-1,False,True,False,True,False,False,False,False,False,False,False,False,False,False,True,False,False,False,False,False,False,True,True,True
507,陆行鸟竞赛：太阳海岸,,False,False,False,False,False,False,False,False,False,False,False,False,False,False,False,False,False,False,False,False,False,False,False,False,False,False,False,False,True,False,False,False,False,False,False,False,False,False,False,False,False,cr_r03_sea01,0,0,0,0,0,8005,112084,0,0,0,389,30,0,0,0,4,0,109,23,0,0,0,0,1,0,0,0,19,0,0,-1,False,True,False,True,False,False,False,False,False,False,False,False,False,False,True,False,False,False,False,False,False,True,True,True
508,陆行鸟竞赛：恬静小路,,False,False,False,False,False,False,False,False,False,False,False,False,False,False,False,False,False,False,False,False,False,False,False,False,False,False,False,False,True,False,False,False,False,False,False,False,False,False,False,False,False,cr_r03_fst01,0,0,0,0,0,8006,112085,0,0,0,391,31,0,0,0,4,0,109,23,0,0,0,0,1,0,0,0,19,0,0,-1,False,True,False,True,False,False,False,False,False,False,False,False,False,False,True,False,False,False,False,False,False,True,True,True
509,陆行鸟竞赛：荒野大道,,False,False,False,False,False,False,False,False,False,False,False,False,False,False,False,False,False,False,False,False,False,False,False,False,False,False,False,False,False,True,False,False,False,False,False,False,False,False,False,False,False,cr_r04_wil01,0,0,0,0,0,8004,112086,0,0,0,390,32,0,0,0,4,0,109,23,0,0,0,0,1,0,0,0,19,0,0,-1,False,True,False,True,False,False,False,False,False,False,False,False,False,False,True,False,False,False,False,False,False,True,True,True
510,陆行鸟竞赛：太阳海岸,,False,False,False,False,False,False,False,False,False,False,False,False,False,False,False,False,False,False,False,False,False,False,False,False,False,False,False,False,False,True,False,False,False,False,False,False,False,False,False,False,False,cr_r04_sea01,0,0,0,0,0,8005,112084,0,0,0,389,33,0,0,0,4,0,109,23,0,0,0,0,1,0,0,0,19,0,0,-1,False,True,False,True,False,False,False,False,False,False,False,False,False,False,True,False,False,False,False,False,False,True,True,True
511,陆行鸟竞赛：恬静小路,,False,False,False,False,False,False,False,False,False,False,False,False,False,False,False,False,False,False,False,False,False,False,False,False,False,False,False,False,False,True,False,False,False,False,False,False,False,False,False,False,False,cr_r04_fst01,0,0,0,0,0,8006,112085,0,0,0,391,34,0,0,0,4,0,109,23,0,0,0,0,1,0,0,0,19,0,0,-1,False,True,False,True,False,False,False,False,False,False,False,False,False,False,True,False,False,False,False,False,False,True,True,True
512,陆行鸟竞赛：荒野大道,,False,False,False,False,False,False,False,False,False,False,False,False,False,False,False,False,False,False,False,False,False,False,False,False,False,False,False,False,False,False,True,False,False,False,False,False,False,False,False,False,False,cr_r05_wil01,0,0,0,0,0,8004,112086,0,0,0,390,35,0,0,0,4,0,109,23,0,0,0,0,1,0,0,0,19,0,0,-1,False,True,False,True,False,False,False,False,False,False,False,False,False,False,True,False,False,False,False,False,False,True,True,True
513,陆行鸟竞赛：太阳海岸,,False,False,False,False,False,False,False,False,False,False,False,False,False,False,False,False,False,False,False,False,False,False,False,False,False,False,False,False,False,False,True,False,False,False,False,False,False,False,False,False,False,cr_r05_sea01,0,0,0,0,0,8005,112084,0,0,0,389,36,0,0,0,4,0,109,23,0,0,0,0,1,0,0,0,19,0,0,-1,False,True,False,True,False,False,False,False,False,False,False,False,False,False,True,False,False,False,False,False,False,True,True,True
514,陆行鸟竞赛：恬静小路,,False,False,False,False,False,False,False,False,False,False,False,False,False,False,False,False,False,False,False,False,False,False,False,False,False,False,False,False,False,False,True,False,False,False,False,False,False,False,False,False,False,cr_r05_fst01,0,0,0,0,0,8006,112085,0,0,0,391,37,0,0,0,4,0,109,23,0,0,0,0,1,0,0,0,19,0,0,-1,False,True,False,True,False,False,False,False,False,False,False,False,False,False,True,False,False,False,False,False,False,True,True,True
515,陆行鸟竞赛：荒野大道,,False,False,False,False,False,False,False,False,False,False,False,False,False,False,False,False,False,False,False,False,False,False,False,False,False,False,False,False,False,False,False,True,False,False,False,False,False,False,False,False,False,cr_r06_wil01,0,0,0,0,0,8004,112086,0,0,0,390,38,0,0,0,4,0,109,23,0,0,0,0,1,0,0,0,19,0,0,-1,False,True,False,True,False,False,False,False,False,False,False,False,False,False,True,False,False,False,False,False,False,True,True,True
516,陆行鸟竞赛：太阳海岸,,False,False,False,False,False,False,False,False,False,False,False,False,False,False,False,False,False,False,False,False,False,False,False,False,False,False,False,False,False,False,False,True,False,False,False,False,False,False,False,False,False,cr_r06_sea01,0,0,0,0,0,8005,112084,0,0,0,389,39,0,0,0,4,0,109,23,0,0,0,0,1,0,0,0,19,0,0,-1,False,True,False,True,False,False,False,False,False,False,False,False,False,False,True,False,False,False,False,False,False,True,True,True
517,陆行鸟竞赛：恬静小路,,False,False,False,False,False,False,False,False,False,False,False,False,False,False,False,False,False,False,False,False,False,False,False,False,False,False,False,False,False,False,False,True,False,False,False,False,False,False,False,False,False,cr_r06_fst01,0,0,0,0,0,8006,112085,0,0,0,391,40,0,0,0,4,0,109,23,0,0,0,0,1,0,0,0,19,0,0,-1,False,True,False,True,False,False,False,False,False,False,False,False,False,False,True,False,False,False,False,False,False,True,True,True
518,陆行鸟竞赛：荒野大道,,False,False,False,False,False,False,False,False,False,False,False,False,False,False,False,False,False,False,False,False,False,False,False,False,False,False,False,False,False,False,False,False,True,False,False,False,False,False,False,False,False,cr_r07_wil01,0,0,0,0,0,8004,112086,0,0,0,390,41,0,0,0,4,0,109,23,0,0,0,0,1,0,0,0,19,0,0,-1,False,True,False,True,False,False,False,False,False,False,False,False,False,False,True,False,False,False,False,False,False,True,True,True
519,陆行鸟竞赛：太阳海岸,,False,False,False,False,False,False,False,False,False,False,False,False,False,False,False,False,False,False,False,False,False,False,False,False,False,False,False,False,False,False,False,False,True,False,False,False,False,False,False,False,False,cr_r07_sea01,0,0,0,0,0,8005,112084,0,0,0,389,42,0,0,0,4,0,109,23,0,0,0,0,1,0,0,0,19,0,0,-1,False,True,False,True,False,False,False,False,False,False,False,False,False,False,True,False,False,False,False,False,False,True,True,True
520,陆行鸟竞赛：恬静小路,,False,False,False,False,False,False,False,False,False,False,False,False,False,False,False,False,False,False,False,False,False,False,False,False,False,False,False,False,False,False,False,False,True,False,False,False,False,False,False,False,False,cr_r07_fst01,0,0,0,0,0,8006,112085,0,0,0,391,43,0,0,0,4,0,109,23,0,0,0,0,1,0,0,0,19,0,0,-1,False,True,False,True,False,False,False,False,False,False,False,False,False,False,True,False,False,False,False,False,False,True,True,True
521,陆行鸟竞赛：荒野大道,,False,False,False,False,False,False,False,False,False,False,False,False,False,False,False,False,False,False,False,False,False,False,False,False,False,False,False,False,False,False,False,False,False,True,False,False,False,False,False,False,False,cr_r08_wil01,0,0,0,0,0,8004,112086,0,0,0,390,44,0,0,0,4,0,109,23,0,0,0,0,1,0,0,0,19,0,0,-1,False,True,False,True,False,False,False,False,False,False,False,False,False,False,True,False,False,False,False,False,False,True,True,True
522,陆行鸟竞赛：太阳海岸,,False,False,False,False,False,False,False,False,False,False,False,False,False,False,False,False,False,False,False,False,False,False,False,False,False,False,False,False,False,False,False,False,False,True,False,False,False,False,False,False,False,cr_r08_sea01,0,0,0,0,0,8005,112084,0,0,0,389,45,0,0,0,4,0,109,23,0,0,0,0,1,0,0,0,19,0,0,-1,False,True,False,True,False,False,False,False,False,False,False,False,False,False,True,False,False,False,False,False,False,True,True,True
523,陆行鸟竞赛：恬静小路,,False,False,False,False,False,False,False,False,False,False,False,False,False,False,False,False,False,False,False,False,False,False,False,False,False,False,False,False,False,False,False,False,False,True,False,False,False,False,False,False,False,cr_r08_fst01,0,0,0,0,0,8006,112085,0,0,0,391,46,0,0,0,4,0,109,23,0,0,0,0,1,0,0,0,19,0,0,-1,False,True,False,True,False,False,False,False,False,False,False,False,False,False,True,False,False,False,False,False,False,True,True,True
524,陆行鸟竞赛：荒野大道,,False,False,False,False,False,False,False,False,False,False,False,False,False,False,False,False,False,False,False,False,False,False,False,False,False,False,False,False,False,False,False,False,False,False,True,False,False,False,False,False,False,cr_r09_wil01,0,0,0,0,0,8004,112086,0,0,0,390,47,0,0,0,4,0,109,23,0,0,0,0,1,0,0,0,19,0,0,-1,False,True,False,True,False,False,False,False,False,False,False,False,False,False,True,False,False,False,False,False,False,True,True,True
525,陆行鸟竞赛：太阳海岸,,False,False,False,False,False,False,False,False,False,False,False,False,False,False,False,False,False,False,False,False,False,False,False,False,False,False,False,False,False,False,False,False,False,False,True,False,False,False,False,False,False,cr_r09_sea01,0,0,0,0,0,8005,112084,0,0,0,389,48,0,0,0,4,0,109,23,0,0,0,0,1,0,0,0,19,0,0,-1,False,True,False,True,False,False,False,False,False,False,False,False,False,False,True,False,False,False,False,False,False,True,True,True
526,陆行鸟竞赛：恬静小路,,False,False,False,False,False,False,False,False,False,False,False,False,False,False,False,False,False,False,False,False,False,False,False,False,False,False,False,False,False,False,False,False,False,False,True,False,False,False,False,False,False,cr_r09_fst01,0,0,0,0,0,8006,112085,0,0,0,391,49,0,0,0,4,0,109,23,0,0,0,0,1,0,0,0,19,0,0,-1,False,True,False,True,False,False,False,False,False,False,False,False,False,False,True,False,False,False,False,False,False,True,True,True
527,陆行鸟竞赛：荒野大道,,False,False,False,False,False,False,False,False,False,False,False,False,False,False,False,False,False,False,False,False,False,False,False,False,False,False,False,False,False,False,False,False,False,False,False,True,False,False,False,False,False,cr_r10_wil01,0,0,0,0,0,8004,112086,0,0,0,390,50,0,0,0,4,0,109,23,0,0,0,0,1,0,0,0,19,0,0,-1,False,True,False,True,False,False,False,False,False,False,False,False,False,False,True,False,False,False,False,False,False,True,True,True
528,陆行鸟竞赛：太阳海岸,,False,False,False,False,False,False,False,False,False,False,False,False,False,False,False,False,False,False,False,False,False,False,False,False,False,False,False,False,False,False,False,False,False,False,False,True,False,False,False,False,False,cr_r10_sea01,0,0,0,0,0,8005,112084,0,0,0,389,51,0,0,0,4,0,109,23,0,0,0,0,1,0,0,0,19,0,0,-1,False,True,False,True,False,False,False,False,False,False,False,False,False,False,True,False,False,False,False,False,False,True,True,True
529,陆行鸟竞赛：恬静小路,,False,False,False,False,False,False,False,False,False,False,False,False,False,False,False,False,False,False,False,False,False,False,False,False,False,False,False,False,False,False,False,False,False,False,False,True,False,False,False,False,False,cr_r10_fst01,0,0,0,0,0,8006,112085,0,0,0,391,52,0,0,0,4,0,109,23,0,0,0,0,1,0,0,0,19,0,0,-1,False,True,False,True,False,False,False,False,False,False,False,False,False,False,True,False,False,False,False,False,False,True,True,True
530,陆行鸟竞赛：荒野大道,,False,False,False,False,False,False,False,False,False,False,False,False,False,False,False,False,False,False,False,False,False,False,False,False,False,False,False,False,False,False,False,False,False,False,False,False,True,False,False,False,False,cr_r11_wil01,0,0,0,0,0,8004,112086,0,0,0,390,53,0,0,0,4,0,109,23,0,0,0,0,1,0,0,0,19,0,0,-1,False,True,False,True,False,False,False,False,False,False,False,False,False,False,True,False,False,False,False,False,False,True,True,True
531,陆行鸟竞赛：太阳海岸,,False,False,False,False,False,False,False,False,False,False,False,False,False,False,False,False,False,False,False,False,False,False,False,False,False,False,False,False,False,False,False,False,False,False,False,False,True,False,False,False,False,cr_r11_sea01,0,0,0,0,0,8005,112084,0,0,0,389,54,0,0,0,4,0,109,23,0,0,0,0,1,0,0,0,19,0,0,-1,False,True,False,True,False,False,False,False,False,False,False,False,False,False,True,False,False,False,False,False,False,True,True,True
532,陆行鸟竞赛：恬静小路,,False,False,False,False,False,False,False,False,False,False,False,False,False,False,False,False,False,False,False,False,False,False,False,False,False,False,False,False,False,False,False,False,False,False,False,False,True,False,False,False,False,cr_r11_fst01,0,0,0,0,0,8006,112085,0,0,0,391,55,0,0,0,4,0,109,23,0,0,0,0,1,0,0,0,19,0,0,-1,False,True,False,True,False,False,False,False,False,False,False,False,False,False,True,False,False,False,False,False,False,True,True,True
533,陆行鸟竞赛：荒野大道,,False,False,False,False,False,False,False,False,False,False,False,False,False,False,False,False,False,False,False,False,False,False,False,False,False,False,False,False,False,False,False,False,False,False,False,False,False,True,False,False,False,cr_r12_wil01,0,0,0,0,0,8004,112086,0,0,0,390,56,0,0,0,4,0,109,23,0,0,0,0,1,0,0,0,19,0,0,-1,False,True,False,True,False,False,False,False,False,False,False,False,False,False,True,False,False,False,False,False,False,True,True,True
534,陆行鸟竞赛：太阳海岸,,False,False,False,False,False,False,False,False,False,False,False,False,False,False,False,False,False,False,False,False,False,False,False,False,False,False,False,False,False,False,False,False,False,False,False,False,False,True,False,False,False,cr_r12_sea01,0,0,0,0,0,8005,112084,0,0,0,389,57,0,0,0,4,0,109,23,0,0,0,0,1,0,0,0,19,0,0,-1,False,True,False,True,False,False,False,False,False,False,False,False,False,False,True,False,False,False,False,False,False,True,True,True
535,陆行鸟竞赛：恬静小路,,False,False,False,False,False,False,False,False,False,False,False,False,False,False,False,False,False,False,False,False,False,False,False,False,False,False,False,False,False,False,False,False,False,False,False,False,False,True,False,False,False,cr_r12_fst01,0,0,0,0,0,8006,112085,0,0,0,391,58,0,0,0,4,0,109,23,0,0,0,0,1,0,0,0,19,0,0,-1,False,True,False,True,False,False,False,False,False,False,False,False,False,False,True,False,False,False,False,False,False,True,True,True
536,风水灵庙岩燕庙,,False,True,False,False,False,False,False,False,True,False,False,False,False,False,False,False,False,False,False,False,False,False,False,False,False,False,False,False,False,False,False,False,False,False,False,False,False,False,False,False,False,e3d6,0,0,0,0,291,63,112283,0,0,0,768,61,330,0,69,1,2,108,2,0,0,0,0,70,70,1,0,2,30,0,-1,False,False,False,True,True,False,True,True,True,False,False,True,True,False,True,False,False,False,True,False,False,False,True,True
537,月读歼灭战,,False,False,False,False,False,True,False,False,True,False,False,False,False,False,False,False,False,False,False,False,False,False,False,False,False,False,False,False,False,False,False,False,False,False,False,False,False,False,False,False,False,e3fd,0,0,0,0,293,2052,112291,0,0,0,778,20055,335,0,133,1,2,108,3,0,0,0,0,70,70,0,0,4,21,0,-1,False,False,False,True,True,False,True,True,False,False,False,True,True,False,True,False,False,False,True,False,False,False,True,True
538,月读幽夜歼灭战,,False,False,False,False,False,False,False,False,True,False,False,False,False,False,False,False,False,False,False,False,False,False,False,False,False,False,False,False,False,False,False,False,False,False,False,False,False,False,False,False,False,e3fd_2,0,0,0,0,293,2053,112292,0,0,0,779,20056,350,0,153,1,2,108,3,0,0,0,0,70,70,1,0,4,22,0,-1,False,False,False,True,True,False,True,True,False,False,False,True,True,False,True,False,False,False,True,False,False,False,True,True
539,究极神兵绝境战,,False,False,False,False,False,False,False,False,False,False,False,False,False,False,False,False,False,False,False,False,False,False,False,False,False,False,False,False,False,False,False,False,False,False,False,False,False,False,False,False,False,w1fz,0,0,0,0,292,3066,112296,0,0,0,777,30067,0,375,1002,1,2,142,3,1,0,0,0,70,70,0,3,28,0,0,-1,False,False,False,False,False,False,False,False,False,False,False,True,False,True,True,False,False,False,True,False,False,False,True,True
540,天之御柱 1～10层,,False,False,False,False,False,False,False,False,False,False,False,False,False,False,False,False,False,False,False,False,False,False,False,False,False,False,False,False,False,False,False,False,False,False,False,False,False,False,False,False,False,dd002_001,0,0,68667,0,294,5021,112298,0,0,0,770,60021,0,0,0,1,2,142,11,0,0,1,0,61,0,0,0,21,0,0,-1,False,False,False,True,False,False,True,True,False,False,False,False,False,False,True,False,False,False,True,False,False,False,True,True
541,天之御柱 11～20层,,False,False,False,False,False,False,False,False,False,False,False,False,False,False,False,False,False,False,False,False,False,False,False,False,False,False,False,False,False,False,False,False,False,False,False,False,False,False,False,False,False,dd002_002,0,0,68667,0,294,5022,112299,0,0,0,771,60022,0,0,0,1,2,142,11,0,0,1,0,61,0,0,0,21,0,0,-1,False,False,False,True,False,False,True,True,False,False,False,False,False,False,True,False,False,False,True,False,False,False,True,True
542,天之御柱 21～30层,,False,False,False,False,False,False,False,False,False,False,False,False,False,False,False,False,False,False,False,False,False,False,False,False,False,False,False,False,False,False,False,False,False,False,False,False,False,False,False,False,False,dd002_003,0,0,68667,0,294,5023,112300,0,0,0,772,60023,0,0,0,1,2,142,11,0,0,1,0,61,0,0,0,21,0,0,-1,False,False,False,True,False,False,True,True,False,False,False,False,False,False,True,False,False,False,True,False,False,False,True,True
543,天之御柱 31～40层,,False,False,False,False,False,False,False,False,False,False,False,False,False,False,False,False,False,False,False,False,False,False,False,False,False,False,False,False,False,False,False,False,False,False,False,False,False,False,False,False,False,dd002_004,0,0,68668,0,294,5024,112301,0,0,0,782,60024,0,0,0,1,2,142,11,0,0,1,0,61,0,0,0,21,0,0,-1,False,False,False,True,False,False,True,True,False,False,False,False,False,False,True,False,False,False,True,False,False,False,True,True
544,天之御柱 41～50层,,False,False,False,False,False,False,False,False,False,False,False,False,False,False,False,False,False,False,False,False,False,False,False,False,False,False,False,False,False,False,False,False,False,False,False,False,False,False,False,False,False,dd002_005,0,0,68668,0,294,5025,112302,0,0,0,773,60025,0,0,0,1,2,142,11,0,0,1,0,61,0,0,0,21,0,0,-1,False,False,False,True,False,False,True,True,False,False,False,False,False,False,True,False,False,False,True,False,False,False,True,True
545,天之御柱 51～60层,,False,False,False,False,False,False,False,False,False,False,False,False,False,False,False,False,False,False,False,False,False,False,False,False,False,False,False,False,False,False,False,False,False,False,False,False,False,False,False,False,False,dd002_006,0,0,68668,0,294,5026,112303,0,0,0,783,60026,0,0,0,1,2,142,11,0,0,1,0,61,0,0,0,21,0,0,-1,False,False,False,True,False,False,True,True,False,False,False,False,False,False,True,False,False,False,True,False,False,False,True,True
546,天之御柱 61～70层,,False,False,False,False,False,False,False,False,False,False,False,False,False,False,False,False,False,False,False,False,False,False,False,False,False,False,False,False,False,False,False,False,False,False,False,False,False,False,False,False,False,dd002_007,0,0,68668,0,294,5027,112304,0,0,0,774,60027,0,0,0,1,2,142,11,0,0,1,0,61,0,0,0,21,0,0,-1,False,False,False,True,False,False,True,True,False,False,False,False,False,False,True,False,False,False,True,False,False,False,True,True
547,天之御柱 71～80层,,False,False,False,False,False,False,False,False,False,False,False,False,False,False,False,False,False,False,False,False,False,False,False,False,False,False,False,False,False,False,False,False,False,False,False,False,False,False,False,False,False,dd002_008,0,0,68668,0,294,5028,112305,0,0,0,784,60028,0,0,0,1,2,142,11,0,0,1,0,61,0,0,0,21,0,0,-1,False,False,False,True,False,False,True,True,False,False,False,False,False,False,True,False,False,False,True,False,False,False,True,True
548,天之御柱 81～90层,,False,False,False,False,False,False,False,False,False,False,False,False,False,False,False,False,False,False,False,False,False,False,False,False,False,False,False,False,False,False,False,False,False,False,False,False,False,False,False,False,False,dd002_009,0,0,68668,0,294,5029,112306,0,0,0,775,60029,0,0,0,1,2,142,11,0,0,1,0,61,0,0,0,21,0,0,-1,False,False,False,True,False,False,True,True,False,False,False,False,False,False,True,False,False,False,True,False,False,False,True,True
549,天之御柱 91～100层,,False,False,False,False,False,False,False,False,False,False,False,False,False,False,False,False,False,False,False,False,False,False,False,False,False,False,False,False,False,False,False,False,False,False,False,False,False,False,False,False,False,dd002_010,0,0,68668,0,294,5030,112307,0,0,0,785,60030,0,0,0,1,2,142,11,0,0,1,0,61,0,0,0,21,0,0,-1,False,False,False,True,False,False,True,True,False,False,False,False,False,False,True,False,False,False,True,False,False,False,True,True
550,封闭圣塔黎铎拉纳大灯塔,,False,False,False,False,False,False,False,False,True,False,False,False,False,False,True,False,False,False,False,False,False,False,False,False,False,False,False,False,False,False,False,False,False,False,False,False,False,False,False,False,False,z3r2,0,0,0,0,292,3067,112286,0,0,0,776,30068,335,0,65,1,2,108,4,0,0,0,0,70,70,2,0,5,18,0,-1,False,False,False,True,True,False,True,True,False,False,False,True,True,False,True,False,False,False,True,False,False,False,True,True
551,,,False,False,False,False,False,False,False,False,False,False,False,False,False,False,False,False,False,False,False,False,False,False,False,False,False,False,False,False,False,False,False,False,False,False,False,False,False,False,False,False,False,e0199,0,0,0,0,0,0,0,0,0,0,781,183,0,0,0,5,2,142,1,0,0,0,0,0,70,0,0,0,0,0,-1,False,False,False,False,False,False,True,True,False,False,False,False,False,False,False,False,False,False,True,False,False,False,True,True
552,第1关：新手教学,,False,False,False,False,False,False,False,False,False,False,False,False,False,False,False,False,False,False,False,False,False,False,False,False,False,False,False,False,False,False,False,False,False,False,False,False,False,False,False,False,False,lovm_chal001,0,0,0,0,0,0,112114,0,0,0,506,59,0,0,0,4,0,109,1,0,0,0,0,1,0,0,0,19,5,0,-1,False,False,False,False,False,False,False,False,False,False,False,False,False,False,True,False,False,False,False,False,False,False,True,True
553,第2关：到处都是巧儿鸟,,False,False,False,False,False,False,False,False,False,False,False,False,False,False,False,False,False,False,False,False,False,False,False,False,False,False,False,False,False,False,False,False,False,False,False,False,False,False,False,False,False,lovm_chal002,0,0,0,0,0,0,112114,0,0,0,506,60,0,0,0,4,0,109,1,0,0,0,0,1,0,0,0,19,5,0,-1,False,False,False,False,False,False,False,False,False,False,False,False,False,False,True,False,False,False,False,False,False,False,True,True
554,第3关：万事开头难,,False,False,False,False,False,False,False,False,False,False,False,False,False,False,False,False,False,False,False,False,False,False,False,False,False,False,False,False,False,False,False,False,False,False,False,False,False,False,False,False,False,lovm_chal003,0,0,0,0,0,0,112115,0,0,0,506,61,0,0,0,4,0,109,1,0,0,0,0,1,0,0,0,19,5,0,-1,False,False,False,False,False,False,False,False,False,False,False,False,False,False,True,False,False,False,False,False,False,False,True,True
555,第4关：小小巨兽,,False,False,False,False,False,False,False,False,False,False,False,False,False,False,False,False,False,False,False,False,False,False,False,False,False,False,False,False,False,False,False,False,False,False,False,False,False,False,False,False,False,lovm_chal004,0,0,0,0,0,0,112115,0,0,0,506,62,0,0,0,4,0,109,1,0,0,0,0,1,0,0,0,19,5,0,-1,False,False,False,False,False,False,False,False,False,False,False,False,False,False,True,False,False,False,False,False,False,False,True,True
556,第5关：蛮族叛乱,,False,False,False,False,False,False,False,False,False,False,False,False,False,False,False,False,False,False,False,False,False,False,False,False,False,False,False,False,False,False,False,False,False,False,False,False,False,False,False,False,False,lovm_chal005,0,0,0,0,0,0,112115,0,0,0,506,63,0,0,0,4,0,109,1,0,0,0,0,1,0,0,0,19,5,0,-1,False,False,False,False,False,False,False,False,False,False,False,False,False,False,True,False,False,False,False,False,False,False,True,True
557,第6关：恐怖的墓园,,False,False,False,False,False,False,False,False,False,False,False,False,False,False,False,False,False,False,False,False,False,False,False,False,False,False,False,False,False,False,False,False,False,False,False,False,False,False,False,False,False,lovm_chal006,0,0,0,0,0,0,112115,0,0,0,506,64,0,0,0,4,0,109,1,0,0,0,0,1,0,0,0,19,5,0,-1,False,False,False,False,False,False,False,False,False,False,False,False,False,False,True,False,False,False,False,False,False,False,True,True
558,第7关：劲敌共斗,,False,False,False,False,False,False,False,False,False,False,False,False,False,False,False,False,False,False,False,False,False,False,False,False,False,False,False,False,False,False,False,False,False,False,False,False,False,False,False,False,False,lovm_chal007,0,0,0,0,0,0,112115,0,0,0,506,65,0,0,0,4,0,109,1,0,0,0,0,1,0,0,0,19,5,0,-1,False,False,False,False,False,False,False,False,False,False,False,False,False,False,True,False,False,False,False,False,False,False,True,True
559,第8关：光暗之界乃拂晓,,False,False,False,False,False,False,False,False,False,False,False,False,False,False,False,False,False,False,False,False,False,False,False,False,False,False,False,False,False,False,False,False,False,False,False,False,False,False,False,False,False,lovm_chal008,0,0,0,0,0,0,112115,0,0,0,506,66,0,0,0,4,0,109,1,0,0,0,0,1,0,0,0,19,5,0,-1,False,False,False,False,False,False,False,False,False,False,False,False,False,False,True,False,False,False,False,False,False,False,True,True
560,第9关：铜山爆破,,False,False,False,False,False,False,False,False,False,False,False,False,False,False,False,False,False,False,False,False,False,False,False,False,False,False,False,False,False,False,False,False,False,False,False,False,False,False,False,False,False,lovm_chal009,0,0,0,0,0,0,112115,0,0,0,506,67,0,0,0,4,0,109,1,0,0,0,0,1,0,0,0,19,5,0,-1,False,False,False,False,False,False,False,False,False,False,False,False,False,False,True,False,False,False,False,False,False,False,True,True
561,第10关：蔓德拉之子,,False,False,False,False,False,False,False,False,False,False,False,False,False,False,False,False,False,False,False,False,False,False,False,False,False,False,False,False,False,False,False,False,False,False,False,False,False,False,False,False,False,lovm_chal010,0,0,0,0,0,0,112115,0,0,0,506,68,0,0,0,4,0,109,1,0,0,0,0,1,0,0,0,19,5,0,-1,False,False,False,False,False,False,False,False,False,False,False,False,False,False,True,False,False,False,False,False,False,False,True,True
562,第11关：女王陛下万岁！,,False,False,False,False,False,False,False,False,False,False,False,False,False,False,False,False,False,False,False,False,False,False,False,False,False,False,False,False,False,False,False,False,False,False,False,False,False,False,False,False,False,lovm_chal011,0,0,0,0,0,0,112115,0,0,0,506,69,0,0,0,4,0,109,1,0,0,0,0,1,0,0,0,19,5,0,-1,False,False,False,False,False,False,False,False,False,False,False,False,False,False,True,False,False,False,False,False,False,False,True,True
563,第12关：打砖块,,False,False,False,False,False,False,False,False,False,False,False,False,False,False,False,False,False,False,False,False,False,False,False,False,False,False,False,False,False,False,False,False,False,False,False,False,False,False,False,False,False,lovm_chal012,0,0,0,0,0,0,112115,0,0,0,506,70,0,0,0,4,0,109,1,0,0,0,0,1,0,0,0,19,5,0,-1,False,False,False,False,False,False,False,False,False,False,False,False,False,False,True,False,False,False,False,False,False,False,True,True
564,第13关：首席机械师,,False,False,False,False,False,False,False,False,False,False,False,False,False,False,False,False,False,False,False,False,False,False,False,False,False,False,False,False,False,False,False,False,False,False,False,False,False,False,False,False,False,lovm_chal013,0,0,0,0,0,0,112115,0,0,0,506,71,0,0,0,4,0,109,1,0,0,0,0,1,0,0,0,19,5,0,-1,False,False,False,False,False,False,False,False,False,False,False,False,False,False,True,False,False,False,False,False,False,False,True,True
565,第14关：硬如坚果,,False,False,False,False,False,False,False,False,False,False,False,False,False,False,False,False,False,False,False,False,False,False,False,False,False,False,False,False,False,False,False,False,False,False,False,False,False,False,False,False,False,lovm_chal014,0,0,0,0,0,0,112115,0,0,0,506,72,0,0,0,4,0,109,1,0,0,0,0,1,0,0,0,19,5,0,-1,False,False,False,False,False,False,False,False,False,False,False,False,False,False,True,False,False,False,False,False,False,False,True,True
566,第15关：小小斗神讨伐战,,False,False,False,False,False,False,False,False,False,False,False,False,False,False,False,False,False,False,False,False,False,False,False,False,False,False,False,False,False,False,False,False,False,False,False,False,False,False,False,False,False,lovm_chal015,0,0,0,0,0,0,112115,0,0,0,506,73,0,0,0,4,0,109,1,0,0,0,0,1,0,0,0,19,5,0,-1,False,False,False,False,False,False,False,False,False,False,False,False,False,False,True,False,False,False,False,False,False,False,True,True
567,第16关：陆行鸟大进军,,False,False,False,False,False,False,False,False,False,False,False,False,False,False,False,False,False,False,False,False,False,False,False,False,False,False,False,False,False,False,False,False,False,False,False,False,False,False,False,False,False,lovm_chal016,0,0,0,0,0,0,112115,0,0,0,506,74,0,0,0,4,0,109,1,0,0,0,0,1,0,0,0,19,5,0,-1,False,False,False,False,False,False,False,False,False,False,False,False,False,False,True,False,False,False,False,False,False,False,True,True
568,第17关：披雪小冰壁,,False,False,False,False,False,False,False,False,False,False,False,False,False,False,False,False,False,False,False,False,False,False,False,False,False,False,False,False,False,False,False,False,False,False,False,False,False,False,False,False,False,lovm_chal017,0,0,0,0,0,0,112115,0,0,0,506,75,0,0,0,4,0,109,1,0,0,0,0,1,0,0,0,19,5,0,-1,False,False,False,False,False,False,False,False,False,False,False,False,False,False,True,False,False,False,False,False,False,False,True,True
569,第18关：小怪物狩猎,,False,False,False,False,False,False,False,False,False,False,False,False,False,False,False,False,False,False,False,False,False,False,False,False,False,False,False,False,False,False,False,False,False,False,False,False,False,False,False,False,False,lovm_chal018,0,0,0,0,0,0,112115,0,0,0,506,76,0,0,0,4,0,109,1,0,0,0,0,1,0,0,0,19,5,0,-1,False,False,False,False,False,False,False,False,False,False,False,False,False,False,True,False,False,False,False,False,False,False,True,True
570,第19关：小桥上的决斗,,False,False,False,False,False,False,False,False,False,False,False,False,False,False,False,False,False,False,False,False,False,False,False,False,False,False,False,False,False,False,False,False,False,False,False,False,False,False,False,False,False,lovm_chal019,0,0,0,0,0,0,112115,0,0,0,506,77,0,0,0,4,0,109,1,0,0,0,0,1,0,0,0,19,5,0,-1,False,False,False,False,False,False,False,False,False,False,False,False,False,False,True,False,False,False,False,False,False,False,True,True
571,第20关：愿水晶给予你指引,,False,False,False,False,False,False,False,False,False,False,False,False,False,False,False,False,False,False,False,False,False,False,False,False,False,False,False,False,False,False,False,False,False,False,False,False,False,False,False,False,False,lovm_chal020,0,0,0,0,0,0,112115,0,0,0,506,78,0,0,0,4,0,109,1,0,0,0,0,1,0,0,0,19,5,0,-1,False,False,False,False,False,False,False,False,False,False,False,False,False,False,True,False,False,False,False,False,False,False,True,True
572,第21关：贤人的试炼,,False,False,False,False,False,False,False,False,False,False,False,False,False,False,False,False,False,False,False,False,False,False,False,False,False,False,False,False,False,False,False,False,False,False,False,False,False,False,False,False,False,lovm_chal021,0,0,0,0,0,0,112115,0,0,0,506,79,0,0,0,4,0,109,1,0,0,0,0,1,0,0,0,19,5,0,-1,False,False,False,False,False,False,False,False,False,False,False,False,False,False,True,False,False,False,False,False,False,False,True,True
573,第22关：暗淡的世界,,False,False,False,False,False,False,False,False,False,False,False,False,False,False,False,False,False,False,False,False,False,False,False,False,False,False,False,False,False,False,False,False,False,False,False,False,False,False,False,False,False,lovm_chal022,0,0,0,0,0,0,112115,0,0,0,506,80,0,0,0,4,0,109,1,0,0,0,0,1,0,0,0,19,5,0,-1,False,False,False,False,False,False,False,False,False,False,False,False,False,False,True,False,False,False,False,False,False,False,True,True
574,第23关：巴哈姆特小迷宫邂逅之章,,False,False,False,False,False,False,False,False,False,False,False,False,False,False,False,False,False,False,False,False,False,False,False,False,False,False,False,False,False,False,False,False,False,False,False,False,False,False,False,False,False,lovm_chal023,0,0,0,0,0,0,112115,0,0,0,506,81,0,0,0,4,0,109,1,0,0,0,0,1,0,0,0,19,5,0,-1,False,False,False,False,False,False,False,False,False,False,False,False,False,False,True,False,False,False,False,False,False,False,True,True
575,第24关：巴哈姆特小迷宫真源之章,,False,False,False,False,False,False,False,False,False,False,False,False,False,False,False,False,False,False,False,False,False,False,False,False,False,False,False,False,False,False,False,False,False,False,False,False,False,False,False,False,False,lovm_chal024,0,0,0,0,0,0,112115,0,0,0,506,82,0,0,0,4,0,109,1,0,0,0,0,1,0,0,0,19,5,0,-1,False,False,False,False,False,False,False,False,False,False,False,False,False,False,True,False,False,False,False,False,False,False,True,True
576,萌宠之王：讨伐级单人战,讨伐级单人战,False,False,False,False,False,False,False,False,False,False,False,False,False,False,False,False,False,False,False,False,False,False,False,False,False,False,False,False,False,False,False,False,False,False,False,False,False,False,False,False,False,lovm_vs3_001,0,0,0,0,0,0,112109,0,0,0,506,83,0,0,13,4,0,109,1,3,1,0,0,1,0,0,0,19,5,0,-1,True,True,False,False,False,False,False,False,False,False,False,True,True,False,True,False,False,False,False,False,True,False,True,True
577,萌宠之王：歼灭级单人战,歼灭级单人战,False,False,False,False,False,False,False,False,False,False,False,False,False,False,False,False,False,False,False,False,False,False,False,False,False,False,False,False,False,False,False,False,False,False,False,False,False,False,False,False,False,lovm_vs3_002,0,0,0,0,0,0,112110,0,0,0,506,84,0,0,14,4,0,109,1,3,1,0,0,1,0,0,0,19,5,0,-1,True,True,False,False,False,False,False,False,False,False,False,True,True,False,True,False,False,False,False,False,True,False,True,True
578,萌宠之王：歼殛级单人战,歼殛级单人战,False,False,False,False,False,False,False,False,False,False,False,False,False,False,False,False,False,False,False,False,False,False,False,False,False,False,False,False,False,False,False,False,False,False,False,False,False,False,False,False,False,lovm_vs3_003,0,0,0,0,0,0,112111,0,0,0,506,85,0,0,15,4,0,109,1,3,1,0,0,1,0,0,0,19,5,0,-1,True,True,False,False,False,False,False,False,False,False,False,True,True,False,True,False,False,False,False,False,True,False,True,True
579,萌宠之王：大赛对战（人机对战）,大赛对战（人机对战）,False,False,False,False,False,False,False,False,False,False,False,False,False,False,False,False,False,False,False,False,False,False,False,False,False,False,False,False,False,False,False,False,False,False,False,False,False,False,False,False,False,lovm_cnv_cpu,0,0,0,0,0,0,112200,0,0,0,506,86,0,0,17,4,0,109,1,0,1,0,0,1,0,0,0,19,5,0,-1,False,False,False,False,False,False,False,False,False,False,False,True,True,False,True,False,False,False,False,True,True,False,True,True
580,,,False,False,False,False,False,False,False,False,False,False,False,False,False,False,False,False,False,False,False,False,False,False,False,False,False,False,False,False,False,False,False,False,False,False,False,False,False,False,False,False,False,,0,0,0,0,0,0,0,0,0,0,0,0,0,0,0,0,0,0,0,0,0,0,0,0,0,0,0,0,0,0,0,False,False,False,False,False,False,False,False,False,False,False,False,False,False,False,False,False,False,False,False,False,False,False,False
581,禁地优雷卡 恒冰之地,,False,False,False,False,False,False,False,False,False,False,False,False,False,False,False,False,False,False,False,False,False,False,False,False,False,False,False,False,False,False,False,False,False,False,False,False,False,False,False,False,False,z3fb,0,0,68478,0,295,7004,112308,0,0,0,763,4,0,300,0,3,2,142,19,0,0,1,0,70,70,0,0,26,0,0,-1,False,False,False,True,False,False,True,False,False,False,False,False,False,False,True,False,False,False,False,False,False,False,True,True
582,拂晓的少年,,False,False,False,False,False,False,False,False,False,False,False,False,False,False,False,False,False,False,False,False,False,False,False,False,False,False,False,False,False,False,False,False,False,False,False,False,False,False,False,False,False,ec009,0,0,0,0,0,0,0,0,0,0,769,5025,0,0,0,1,2,142,1,0,0,0,0,70,70,0,0,7,0,0,-1,False,False,False,False,False,False,False,True,False,False,False,False,False,False,False,False,False,False,True,False,False,False,True,True
583,灾厄重现军事演习,,False,False,False,False,False,False,False,False,False,False,False,False,False,False,False,False,False,False,False,False,False,False,False,False,False,False,False,False,False,False,False,False,False,False,False,False,False,False,False,False,False,w1t1_5th,0,0,0,0,0,62,112297,80113,0,0,790,5,0,110,0,3,0,142,19,0,0,3,0,30,50,0,0,22,0,0,-1,False,False,False,True,False,False,True,False,False,False,False,False,False,False,True,False,False,False,True,False,False,False,True,True
584,污染庭园圣茉夏娜植物园,,False,True,False,False,False,False,False,False,True,False,False,False,False,False,False,False,False,False,False,False,False,False,False,False,False,False,False,False,False,False,False,False,False,False,False,False,False,False,False,False,False,d2d9,0,0,0,0,291,64,112310,0,0,0,788,62,340,0,71,1,2,108,2,0,0,0,0,70,70,1,0,2,30,0,-1,False,False,False,True,True,False,True,True,True,False,False,True,True,False,True,False,False,False,True,False,False,False,True,True
585,死亡大地终末焦土,,False,True,False,False,False,False,False,False,True,False,False,False,False,False,False,False,False,False,False,False,False,False,False,False,False,False,False,False,False,False,False,False,False,False,False,False,False,False,False,False,False,e3d7_re,0,0,0,0,291,65,112311,0,0,0,1173,63,340,0,70,1,2,108,2,0,0,0,0,70,70,1,0,2,30,0,-1,False,False,False,True,True,False,True,True,True,False,False,True,True,False,True,False,False,False,True,False,False,False,True,True
586,运河宝物库神殿,,False,False,False,False,False,False,False,False,False,False,False,False,False,False,False,False,False,False,False,False,False,False,False,False,False,False,False,False,False,False,False,False,False,False,False,False,False,False,False,False,False,o3c2,0,0,0,0,0,9004,0,0,0,0,794,55004,0,370,0,1,2,108,3,0,0,0,0,1,70,0,0,9,0,0,-1,False,False,False,True,False,False,False,True,False,False,False,False,False,False,False,False,True,False,True,False,False,False,True,True
587,欧米茄时空狭缝 阿尔法幻境1,,False,False,False,False,False,False,False,False,True,False,False,False,False,False,False,False,True,False,False,False,False,False,False,False,False,False,False,False,False,False,False,False,False,False,False,False,False,False,False,False,False,z3oc,0,0,0,0,292,3068,112312,0,0,0,798,30069,355,0,75,1,2,108,3,0,0,0,0,70,70,1,0,5,16,0,-1,False,False,False,True,True,False,True,True,False,False,False,True,True,False,True,False,False,False,True,False,False,False,True,True
588,欧米茄时空狭缝 阿尔法幻境2,,False,False,False,False,False,False,False,False,True,False,False,False,False,False,False,False,True,False,False,False,False,False,False,False,False,False,False,False,False,False,False,False,False,False,False,False,False,False,False,False,False,z3od,0,0,0,0,292,3069,112313,0,0,0,799,30070,355,0,76,1,2,108,3,0,0,0,0,70,70,1,0,5,16,0,-1,False,False,False,True,True,False,True,True,False,False,False,True,True,False,True,False,False,False,True,False,False,False,True,True
589,欧米茄时空狭缝 阿尔法幻境3,,False,False,False,False,False,False,False,False,True,False,False,False,False,False,False,False,True,False,False,False,False,False,False,False,False,False,False,False,False,False,False,False,False,False,False,False,False,False,False,False,False,z3oe,0,0,0,0,292,3070,112314,0,0,0,800,30071,355,0,77,1,2,108,3,0,0,0,0,70,70,1,0,5,16,0,-1,False,False,False,True,True,False,True,True,False,False,False,True,True,False,True,False,False,False,True,False,False,False,True,True
590,欧米茄时空狭缝 阿尔法幻境4,,False,False,False,False,False,False,False,False,True,False,False,False,False,False,False,False,True,False,False,False,False,False,False,False,False,False,False,False,False,False,False,False,False,False,False,False,False,False,False,False,False,z3of,0,0,0,0,292,3071,112315,0,0,0,801,30072,355,0,78,1,2,108,3,0,0,0,0,70,70,1,0,5,16,0,-1,False,False,False,True,True,False,True,True,False,False,False,True,True,False,True,False,False,False,True,False,False,False,True,True
591,欧米茄零式时空狭缝 阿尔法幻境1,,False,False,False,False,False,False,False,False,False,False,False,False,False,False,False,False,False,False,False,False,False,False,False,False,False,False,False,False,False,False,False,False,False,False,False,False,False,False,False,False,False,z3oc_2,0,0,0,0,292,3072,112316,0,0,0,802,30073,370,0,91,1,2,108,3,0,0,0,0,70,70,1,0,5,17,0,-1,False,False,False,True,True,False,True,True,False,False,False,True,True,False,True,False,False,False,True,False,False,False,True,True
592,欧米茄零式时空狭缝 阿尔法幻境2,,False,False,False,False,False,False,False,False,False,False,False,False,False,False,False,False,False,False,False,False,False,False,False,False,False,False,False,False,False,False,False,False,False,False,False,False,False,False,False,False,False,z3od_2,0,0,0,0,292,3073,112317,0,0,0,803,30074,375,0,92,1,2,108,3,0,0,0,0,70,70,1,0,5,17,0,-1,False,False,False,True,True,False,True,True,False,False,False,True,True,False,True,False,False,False,True,False,False,False,True,True
593,欧米茄零式时空狭缝 阿尔法幻境3,,False,False,False,False,False,False,False,False,False,False,False,False,False,False,False,False,False,False,False,False,False,False,False,False,False,False,False,False,False,False,False,False,False,False,False,False,False,False,False,False,False,z3oe_2,0,0,0,0,292,3074,112318,0,0,0,804,30075,380,0,93,1,2,108,3,0,0,0,0,70,70,1,0,5,17,0,-1,False,False,False,True,True,False,True,True,False,False,False,True,True,False,True,False,False,False,True,False,False,False,True,True
594,欧米茄零式时空狭缝 阿尔法幻境4,,False,False,False,False,False,False,False,False,False,False,False,False,False,False,False,False,False,False,False,False,False,False,False,False,False,False,False,False,False,False,False,False,False,False,False,False,False,False,False,False,False,z3of_2,0,0,0,0,292,3075,112319,0,0,0,805,30076,380,0,94,1,2,108,3,0,0,0,0,70,70,1,0,5,17,0,-1,False,False,False,True,True,False,True,True,False,False,False,True,True,False,True,False,False,False,True,False,False,False,True,True
595,保镖歼灭战,,False,False,False,False,False,True,False,False,True,False,False,False,False,False,False,False,False,False,False,False,False,False,False,False,False,False,False,False,False,False,False,False,False,False,False,False,False,False,False,False,False,e3ff,0,0,0,0,293,2054,112320,0,0,0,806,20059,365,0,134,1,2,108,3,0,0,0,0,70,70,0,0,4,21,0,-1,False,False,False,True,True,False,True,True,False,False,False,True,True,False,True,False,False,False,True,False,False,False,True,True
596,朱雀镇魂战,,False,False,False,False,False,True,False,False,True,False,False,False,False,False,False,False,False,False,False,False,False,False,False,False,False,False,False,False,False,False,False,False,False,False,False,False,False,False,False,False,False,e3fe,0,0,0,0,293,2055,112321,0,0,0,810,20057,355,0,137,1,2,108,3,0,0,0,0,70,70,0,0,4,21,0,-1,False,False,False,True,True,False,True,True,False,False,False,True,True,False,True,False,False,False,True,False,False,False,True,True
597,朱雀诗魂战,,False,False,False,False,False,False,False,False,True,False,False,False,False,False,False,False,False,False,False,False,False,False,False,False,False,False,False,False,False,False,False,False,False,False,False,False,False,False,False,False,False,e3fe_2,0,0,0,0,293,2056,112322,0,0,0,811,20058,370,0,156,1,2,108,3,0,0,0,0,70,70,1,0,4,22,0,-1,False,False,False,True,True,False,True,True,False,False,False,True,True,False,True,False,False,False,True,False,False,False,True,True
598,禁地优雷卡 涌火之地,,False,False,False,False,False,False,False,False,False,False,False,False,False,False,False,False,False,False,False,False,False,False,False,False,False,False,False,False,False,False,False,False,False,False,False,False,False,False,False,False,False,z3fc,0,0,68148,0,295,7005,112323,0,0,0,795,6,0,300,0,3,2,142,19,0,0,1,0,70,70,0,0,26,0,0,-1,False,False,False,True,False,False,True,False,False,False,False,False,False,False,True,False,False,False,False,False,False,False,True,True
599,隐塞（机动战）,,False,False,False,False,False,False,False,False,False,False,False,False,False,False,False,False,False,False,False,False,False,False,False,False,False,False,False,False,False,False,False,False,False,False,False,False,False,False,False,False,False,w1p1,0,0,0,0,0,4032,112335,0,0,0,791,42002,0,0,401,1,0,146,18,0,0,0,0,30,0,0,0,6,23,0,-1,True,True,False,False,False,False,True,False,False,False,False,True,True,False,True,False,False,False,True,False,True,False,True,True
600,虚景跳跳乐大挑战,,False,False,False,False,False,False,False,False,False,False,False,False,False,False,False,False,False,False,False,False,False,False,False,False,False,False,False,False,False,False,False,False,False,False,False,False,False,False,False,False,False,w1eg,0,0,0,0,0,8007,112324,0,0,0,792,7,0,0,0,3,0,109,19,0,0,0,0,1,0,0,0,19,0,0,-1,False,False,False,True,False,False,True,False,False,False,False,False,False,False,True,False,False,False,False,False,False,False,True,True
601,虚景跳跳乐大挑战,,False,False,False,False,False,False,False,False,False,False,False,False,False,False,False,False,False,False,False,False,False,False,False,False,False,False,False,False,False,False,False,False,False,False,False,False,False,False,False,False,False,w1eg_2,0,0,0,0,0,8007,112324,0,0,0,792,8,0,0,0,3,0,109,19,0,0,0,0,1,0,0,0,19,0,0,-1,False,False,False,True,False,False,True,False,False,False,False,False,False,False,True,False,False,False,False,False,False,False,True,True
602,虚景跳跳乐大挑战,,False,False,False,False,False,False,False,False,False,False,False,False,False,False,False,False,False,False,False,False,False,False,False,False,False,False,False,False,False,False,False,False,False,False,False,False,False,False,False,False,False,w1eg_3,0,0,0,0,0,8007,112324,0,0,0,792,9,0,0,0,3,0,109,19,0,0,0,0,1,0,0,0,19,0,0,-1,False,False,False,True,False,False,True,False,False,False,False,False,False,False,True,False,False,False,False,False,False,False,True,True
603,虚景跳跳乐大挑战,,False,False,False,False,False,False,False,False,False,False,False,False,False,False,False,False,False,False,False,False,False,False,False,False,False,False,False,False,False,False,False,False,False,False,False,False,False,False,False,False,False,w1eg_4,0,0,0,0,0,8007,112324,0,0,0,792,10,0,0,0,3,0,109,19,0,0,0,0,1,0,0,0,19,0,0,-1,False,False,False,True,False,False,True,False,False,False,False,False,False,False,True,False,False,False,False,False,False,False,True,True
604,虚景跳跳乐大挑战,,False,False,False,False,False,False,False,False,False,False,False,False,False,False,False,False,False,False,False,False,False,False,False,False,False,False,False,False,False,False,False,False,False,False,False,False,False,False,False,False,False,w1eg_5,0,0,0,0,0,8007,112324,0,0,0,792,11,0,0,0,3,0,109,19,0,0,0,0,1,0,0,0,19,0,0,-1,False,False,False,True,False,False,True,False,False,False,False,False,False,False,True,False,False,False,False,False,False,False,True,True
605,虚景跳跳乐大挑战,,False,False,False,False,False,False,False,False,False,False,False,False,False,False,False,False,False,False,False,False,False,False,False,False,False,False,False,False,False,False,False,False,False,False,False,False,False,False,False,False,False,w1eg_6,0,0,0,0,0,8007,112324,0,0,0,792,12,0,0,0,3,0,109,19,0,0,0,0,1,0,0,0,19,0,0,-1,False,False,False,True,False,False,True,False,False,False,False,False,False,False,True,False,False,False,False,False,False,False,True,True
606,虚景跳跳乐大挑战,,False,False,False,False,False,False,False,False,False,False,False,False,False,False,False,False,False,False,False,False,False,False,False,False,False,False,False,False,False,False,False,False,False,False,False,False,False,False,False,False,False,w1eg_7,0,0,0,0,0,8007,112324,0,0,0,792,13,0,0,0,3,0,109,19,0,0,0,0,1,0,0,0,19,0,0,-1,False,False,False,True,False,False,True,False,False,False,False,False,False,False,True,False,False,False,False,False,False,False,True,True
607,虚景跳跳乐大挑战,,False,False,False,False,False,False,False,False,False,False,False,False,False,False,False,False,False,False,False,False,False,False,False,False,False,False,False,False,False,False,False,False,False,False,False,False,False,False,False,False,False,w1eg_8,0,0,0,0,0,8007,112324,0,0,0,792,14,0,0,0,3,0,109,19,0,0,0,0,1,0,0,0,19,0,0,-1,False,False,False,True,False,False,True,False,False,False,False,False,False,False,True,False,False,False,False,False,False,False,True,True
608,虚景跳跳乐大挑战,,False,False,False,False,False,False,False,False,False,False,False,False,False,False,False,False,False,False,False,False,False,False,False,False,False,False,False,False,False,False,False,False,False,False,False,False,False,False,False,False,False,w1eg_9,0,0,0,0,0,8007,112324,0,0,0,792,15,0,0,0,3,0,109,19,0,0,0,0,1,0,0,0,19,0,0,-1,False,False,False,True,False,False,True,False,False,False,False,False,False,False,True,False,False,False,False,False,False,False,True,True
609,楔石洞,,False,False,False,False,False,False,False,False,False,False,False,False,False,False,False,False,False,False,False,False,False,False,False,False,False,False,False,False,False,False,False,False,False,False,False,False,False,False,False,False,False,ec010,0,0,0,0,0,0,0,0,0,0,797,5026,0,0,0,1,2,142,1,0,0,0,0,70,70,0,0,7,0,0,-1,False,False,False,False,False,False,False,True,False,False,False,False,False,False,False,False,False,False,True,False,False,False,True,True
610,出道战,,False,False,False,False,False,False,False,False,False,False,False,False,False,False,False,False,False,False,False,False,False,False,False,False,False,False,False,False,False,False,False,False,False,False,False,False,False,False,False,False,False,aoz001,0,0,0,0,0,0,112332,0,0,0,796,35001,0,0,0,1,0,129,1,0,0,0,0,50,50,0,0,27,0,0,-1,False,False,False,False,False,False,False,True,False,False,False,False,False,False,True,False,False,False,True,False,False,False,True,True
611,国境防线基姆利特暗区,,False,True,False,False,False,False,False,False,True,False,False,False,False,False,False,False,False,False,False,False,False,False,False,False,False,False,False,False,False,False,False,False,False,False,False,False,False,False,False,False,False,g3d5_re,0,0,0,0,291,66,112333,0,0,0,1174,64,360,0,72,1,2,108,2,0,0,0,0,70,70,1,0,2,30,0,-1,False,False,False,True,True,False,True,True,True,False,False,True,True,False,True,False,False,False,True,False,False,False,True,True
612,布丁拼盘,,False,False,False,False,False,False,False,False,False,False,False,False,False,False,False,False,False,False,False,False,False,False,False,False,False,False,False,False,False,False,False,False,False,False,False,False,False,False,False,False,False,aoz002,0,0,0,0,0,0,112332,0,0,0,796,35002,0,0,0,1,0,129,1,0,0,0,0,50,50,0,0,27,0,0,-1,False,False,False,False,False,False,False,True,False,False,False,False,False,False,True,False,False,False,True,False,False,False,True,True
613,最初的岩壁——希帕克纳,,False,False,False,False,False,False,False,False,False,False,False,False,False,False,False,False,False,False,False,False,False,False,False,False,False,False,False,False,False,False,False,False,False,False,False,False,False,False,False,False,False,aoz003,0,0,0,0,0,0,112332,0,0,0,796,35003,0,0,0,1,0,129,1,0,0,0,0,50,50,0,0,27,0,0,-1,False,False,False,False,False,False,False,True,False,False,False,False,False,False,True,False,False,False,True,False,False,False,True,True
614,怪力铁巨人——克利俄斯,,False,False,False,False,False,False,False,False,False,False,False,False,False,False,False,False,False,False,False,False,False,False,False,False,False,False,False,False,False,False,False,False,False,False,False,False,False,False,False,False,False,aoz004,0,0,0,0,0,0,112332,0,0,0,796,35004,0,0,0,1,0,129,1,0,0,0,0,50,50,0,0,27,0,0,-1,False,False,False,False,False,False,False,True,False,False,False,False,False,False,True,False,False,False,True,False,False,False,True,True
615,金币龟兄弟,,False,False,False,False,False,False,False,False,False,False,False,False,False,False,False,False,False,False,False,False,False,False,False,False,False,False,False,False,False,False,False,False,False,False,False,False,False,False,False,False,False,aoz005,0,0,0,0,0,0,112332,0,0,0,796,35005,0,0,0,1,0,129,1,0,0,0,0,50,50,0,0,27,0,0,-1,False,False,False,False,False,False,False,True,False,False,False,False,False,False,True,False,False,False,True,False,False,False,True,True
616,铁鹰战士,,False,False,False,False,False,False,False,False,False,False,False,False,False,False,False,False,False,False,False,False,False,False,False,False,False,False,False,False,False,False,False,False,False,False,False,False,False,False,False,False,False,aoz006,0,0,0,0,0,0,112332,0,0,0,796,35006,0,0,0,1,0,129,1,0,0,0,0,50,50,0,0,27,0,0,-1,False,False,False,False,False,False,False,True,False,False,False,False,False,False,True,False,False,False,True,False,False,False,True,True
617,粘液怪合唱团,,False,False,False,False,False,False,False,False,False,False,False,False,False,False,False,False,False,False,False,False,False,False,False,False,False,False,False,False,False,False,False,False,False,False,False,False,False,False,False,False,False,aoz007,0,0,0,0,0,0,112332,0,0,0,796,35007,0,0,0,1,0,129,1,0,0,0,0,50,50,0,0,27,0,0,-1,False,False,False,False,False,False,False,True,False,False,False,False,False,False,True,False,False,False,True,False,False,False,True,True
618,青之牙、红之牙,,False,False,False,False,False,False,False,False,False,False,False,False,False,False,False,False,False,False,False,False,False,False,False,False,False,False,False,False,False,False,False,False,False,False,False,False,False,False,False,False,False,aoz008,0,0,0,0,0,0,112332,0,0,0,796,35008,0,0,0,1,0,129,1,0,0,0,0,50,50,0,0,27,0,0,-1,False,False,False,False,False,False,False,True,False,False,False,False,False,False,True,False,False,False,True,False,False,False,True,True
619,七彩甜点——棉花软糖,,False,False,False,False,False,False,False,False,False,False,False,False,False,False,False,False,False,False,False,False,False,False,False,False,False,False,False,False,False,False,False,False,False,False,False,False,False,False,False,False,False,aoz009,0,0,0,0,0,0,112332,0,0,0,796,35009,0,0,0,1,0,129,1,0,0,0,0,50,50,0,0,27,0,0,-1,False,False,False,False,False,False,False,True,False,False,False,False,False,False,True,False,False,False,True,False,False,False,True,True
620,王者骑士——幽黑曲偶,,False,False,False,False,False,False,False,False,False,False,False,False,False,False,False,False,False,False,False,False,False,False,False,False,False,False,False,False,False,False,False,False,False,False,False,False,False,False,False,False,False,aoz010,0,0,0,0,0,0,112332,0,0,0,796,35010,0,0,0,1,0,129,1,0,0,0,0,50,50,0,0,27,0,0,-1,False,False,False,False,False,False,False,True,False,False,False,False,False,False,True,False,False,False,True,False,False,False,True,True
621,爆前速攻,,False,False,False,False,False,False,False,False,False,False,False,False,False,False,False,False,False,False,False,False,False,False,False,False,False,False,False,False,False,False,False,False,False,False,False,False,False,False,False,False,False,aoz011,0,0,0,0,0,0,112332,0,0,0,796,35011,0,0,0,1,0,129,1,0,0,0,0,50,50,0,0,27,0,0,-1,False,False,False,False,False,False,False,True,False,False,False,False,False,False,True,False,False,False,True,False,False,False,True,True
622,寄生植物——火花草,,False,False,False,False,False,False,False,False,False,False,False,False,False,False,False,False,False,False,False,False,False,False,False,False,False,False,False,False,False,False,False,False,False,False,False,False,False,False,False,False,False,aoz012,0,0,0,0,0,0,112332,0,0,0,796,35012,0,0,0,1,0,129,1,0,0,0,0,50,50,0,0,27,0,0,-1,False,False,False,False,False,False,False,True,False,False,False,False,False,False,True,False,False,False,True,False,False,False,True,True
623,猩红死妖姬——卡蜜拉,,False,False,False,False,False,False,False,False,False,False,False,False,False,False,False,False,False,False,False,False,False,False,False,False,False,False,False,False,False,False,False,False,False,False,False,False,False,False,False,False,False,aoz013,0,0,0,0,0,0,112332,0,0,0,796,35013,0,0,0,1,0,129,1,0,0,0,0,50,50,0,0,27,0,0,-1,False,False,False,False,False,False,False,True,False,False,False,False,False,False,True,False,False,False,True,False,False,False,True,True
624,陪葬,,False,False,False,False,False,False,False,False,False,False,False,False,False,False,False,False,False,False,False,False,False,False,False,False,False,False,False,False,False,False,False,False,False,False,False,False,False,False,False,False,False,aoz014,0,0,0,0,0,0,112332,0,0,0,796,35014,0,0,0,1,0,129,1,0,0,0,0,50,50,0,0,27,0,0,-1,False,False,False,False,False,False,False,True,False,False,False,False,False,False,True,False,False,False,True,False,False,False,True,True
625,来自亚拉戈的威胁——斗兽系统,,False,False,False,False,False,False,False,False,False,False,False,False,False,False,False,False,False,False,False,False,False,False,False,False,False,False,False,False,False,False,False,False,False,False,False,False,False,False,False,False,False,aoz015,0,0,0,0,0,0,112332,0,0,0,796,35015,0,0,0,1,0,129,1,0,0,0,0,50,50,0,0,27,0,0,-1,False,False,False,False,False,False,False,True,False,False,False,False,False,False,True,False,False,False,True,False,False,False,True,True
626,怪力兽王——迪克巴朗,,False,False,False,False,False,False,False,False,False,False,False,False,False,False,False,False,False,False,False,False,False,False,False,False,False,False,False,False,False,False,False,False,False,False,False,False,False,False,False,False,False,aoz016,0,0,0,0,0,0,112332,0,0,0,796,35016,0,0,0,1,0,129,1,0,0,0,0,50,50,0,0,27,0,0,-1,False,False,False,False,False,False,False,True,False,False,False,False,False,False,True,False,False,False,True,False,False,False,True,True
627,刚柔铁巨人——克利俄斯改,,False,False,False,False,False,False,False,False,False,False,False,False,False,False,False,False,False,False,False,False,False,False,False,False,False,False,False,False,False,False,False,False,False,False,False,False,False,False,False,False,False,aoz017,0,0,0,0,0,0,112332,0,0,0,796,35017,0,0,0,1,0,129,1,0,0,0,0,50,50,0,0,27,0,0,-1,False,False,False,False,False,False,False,True,False,False,False,False,False,False,True,False,False,False,True,False,False,False,True,True
628,爆破死斗,,False,False,False,False,False,False,False,False,False,False,False,False,False,False,False,False,False,False,False,False,False,False,False,False,False,False,False,False,False,False,False,False,False,False,False,False,False,False,False,False,False,aoz018,0,0,0,0,0,0,112332,0,0,0,796,35018,0,0,0,1,0,129,1,0,0,0,0,50,50,0,0,27,0,0,-1,False,False,False,False,False,False,False,True,False,False,False,False,False,False,True,False,False,False,True,False,False,False,True,True
629,魅惑芳香——反射魔花瑞贝卡,,False,False,False,False,False,False,False,False,False,False,False,False,False,False,False,False,False,False,False,False,False,False,False,False,False,False,False,False,False,False,False,False,False,False,False,False,False,False,False,False,False,aoz019,0,0,0,0,0,0,112332,0,0,0,796,35019,0,0,0,1,0,129,1,0,0,0,0,50,50,0,0,27,0,0,-1,False,False,False,False,False,False,False,True,False,False,False,False,False,False,True,False,False,False,True,False,False,False,True,True
630,著名组合——奥尔特罗斯&提丰,,False,False,False,False,False,False,False,False,False,False,False,False,False,False,False,False,False,False,False,False,False,False,False,False,False,False,False,False,False,False,False,False,False,False,False,False,False,False,False,False,False,aoz020,0,0,0,0,0,0,112332,0,0,0,796,35020,0,0,0,1,0,129,1,0,0,0,0,50,50,0,0,27,0,0,-1,False,False,False,False,False,False,False,True,False,False,False,False,False,False,True,False,False,False,True,False,False,False,True,True
631,愤怒合成兽——阿帕德马克,,False,False,False,False,False,False,False,False,False,False,False,False,False,False,False,False,False,False,False,False,False,False,False,False,False,False,False,False,False,False,False,False,False,False,False,False,False,False,False,False,False,aoz021,0,0,0,0,0,0,112332,0,0,0,796,35021,0,0,0,1,0,129,1,0,0,0,0,50,50,0,0,27,0,0,-1,False,False,False,False,False,False,False,True,False,False,False,False,False,False,True,False,False,False,True,False,False,False,True,True
632,爆炸湮灭——爆弹之祖,,False,False,False,False,False,False,False,False,False,False,False,False,False,False,False,False,False,False,False,False,False,False,False,False,False,False,False,False,False,False,False,False,False,False,False,False,False,False,False,False,False,aoz022,0,0,0,0,0,0,112332,0,0,0,796,35022,0,0,0,1,0,129,1,0,0,0,0,50,50,0,0,27,0,0,-1,False,False,False,False,False,False,False,True,False,False,False,False,False,False,True,False,False,False,True,False,False,False,True,True
633,魔兽皇太子——贝希摩斯太子,,False,False,False,False,False,False,False,False,False,False,False,False,False,False,False,False,False,False,False,False,False,False,False,False,False,False,False,False,False,False,False,False,False,False,False,False,False,False,False,False,False,aoz023,0,0,0,0,0,0,112332,0,0,0,796,35023,0,0,0,1,0,129,1,0,0,0,0,50,50,0,0,27,0,0,-1,False,False,False,False,False,False,False,True,False,False,False,False,False,False,True,False,False,False,True,False,False,False,True,True
634,异形人偶师——艾匹罗基,,False,False,False,False,False,False,False,False,False,False,False,False,False,False,False,False,False,False,False,False,False,False,False,False,False,False,False,False,False,False,False,False,False,False,False,False,False,False,False,False,False,aoz024,0,0,0,0,0,0,112332,0,0,0,796,35024,0,0,0,1,0,129,1,0,0,0,0,50,50,0,0,27,0,0,-1,False,False,False,False,False,False,False,True,False,False,False,False,False,False,True,False,False,False,True,False,False,False,True,True
635,邪恶青魔法师——启示者,,False,False,False,False,False,False,False,False,False,False,False,False,False,False,False,False,False,False,False,False,False,False,False,False,False,False,False,False,False,False,False,False,False,False,False,False,False,False,False,False,False,aoz025,0,0,0,0,0,0,112332,0,0,0,796,35025,0,0,0,1,0,129,1,0,0,0,0,50,50,0,0,27,0,0,-1,False,False,False,False,False,False,False,True,False,False,False,False,False,False,True,False,False,False,True,False,False,False,True,True
636,乐欲之所瓯博讷修道院,,False,False,False,False,False,False,False,False,True,False,False,False,False,False,True,False,False,False,False,False,False,False,False,False,False,False,False,False,False,False,False,False,False,False,False,False,False,False,False,False,False,z3r3,0,0,0,0,292,3076,112334,0,0,0,826,30077,365,0,66,1,2,108,4,0,0,0,0,70,70,2,0,5,18,0,-1,False,False,False,True,True,False,True,True,False,False,False,True,True,False,True,False,False,False,True,False,False,False,True,True
637,青龙镇魂战,,False,False,False,False,False,True,False,False,True,False,False,False,False,False,False,False,False,False,False,False,False,False,False,False,False,False,False,False,False,False,False,False,False,False,False,False,False,False,False,False,False,e3fg,0,0,0,0,293,2057,112339,0,0,0,824,20060,365,0,138,1,2,108,3,0,0,0,0,70,70,0,0,4,21,0,-1,False,False,False,True,True,False,True,True,False,False,False,True,True,False,True,False,False,False,True,False,False,False,True,True
638,青龙诗魂战,,False,False,False,False,False,False,False,False,True,False,False,False,False,False,False,False,False,False,False,False,False,False,False,False,False,False,False,False,False,False,False,False,False,False,False,False,False,False,False,False,False,e3fg_2,0,0,0,0,293,2058,112340,0,0,0,825,20061,380,0,157,1,2,108,3,0,0,0,0,70,70,1,0,4,22,0,-1,False,False,False,True,True,False,True,True,False,False,False,True,True,False,True,False,False,False,True,False,False,False,True,True
639,禁地优雷卡 丰水之地,,False,False,False,False,False,False,False,False,False,False,False,False,False,False,False,False,False,False,False,False,False,False,False,False,False,False,False,False,False,False,False,False,False,False,False,False,False,False,False,False,False,z3fd,0,0,68149,0,295,7006,112338,0,0,0,827,16,0,300,0,3,2,142,19,0,0,1,0,70,70,0,0,26,0,0,-1,False,False,False,True,False,False,True,False,False,False,False,False,False,False,True,False,False,False,False,False,False,False,True,True
640,空军装甲驾驶员,,False,False,False,False,False,False,False,False,False,False,False,False,False,False,False,False,False,False,False,False,False,False,False,False,False,False,False,False,False,False,False,False,False,False,False,False,False,False,False,False,False,ride001,0,0,0,0,0,0,112337,0,0,0,832,62000,0,0,0,1,0,109,1,0,0,0,0,1,0,0,0,19,0,0,-1,False,False,False,False,False,False,True,False,False,False,False,False,False,False,True,False,False,False,False,False,False,False,True,True
641,空军装甲驾驶员,,False,False,False,False,False,False,False,False,False,False,False,False,False,False,False,False,False,False,False,False,False,False,False,False,False,False,False,False,False,False,False,False,False,False,False,False,False,False,False,False,False,ride002,0,0,0,0,0,0,112337,0,0,0,832,62001,0,0,0,1,0,109,1,0,0,0,0,1,0,0,0,19,0,0,-1,False,False,False,False,False,False,True,False,False,False,False,False,False,False,True,False,False,False,False,False,False,False,True,True
642,空军装甲驾驶员,,False,False,False,False,False,False,False,False,False,False,False,False,False,False,False,False,False,False,False,False,False,False,False,False,False,False,False,False,False,False,False,False,False,False,False,False,False,False,False,False,False,ride003,0,0,0,0,0,0,112337,0,0,0,832,62002,0,0,0,1,0,109,1,0,0,0,0,1,0,0,0,19,0,0,-1,False,False,False,False,False,False,True,False,False,False,False,False,False,False,True,False,False,False,False,False,False,False,True,True
643,多玛方城战：半庄战一般桌（段位战）,半庄战一般桌（段位战）,False,False,False,False,False,False,False,False,False,False,False,False,False,False,False,False,False,False,False,False,False,False,False,False,False,False,False,False,False,False,False,False,False,False,False,False,False,False,False,False,False,emj001,0,0,0,0,0,8008,112336,0,0,0,831,61001,0,0,48,1,0,109,11,3,1,0,0,1,0,0,0,19,29,0,-1,False,False,False,False,False,False,False,False,False,False,False,True,True,False,True,False,False,False,True,False,False,False,True,True
644,多玛方城战：半庄战有段桌（段位战）,半庄战有段桌（段位战）,False,False,False,False,False,False,False,False,False,False,False,False,False,False,False,False,False,False,False,False,False,False,False,False,False,False,False,False,False,False,False,False,False,False,False,False,False,False,False,False,False,emj002,0,0,0,0,0,8009,112336,0,0,0,831,61002,0,0,49,1,0,109,11,3,1,0,0,1,0,0,0,19,29,0,-1,False,False,False,False,False,False,False,False,False,False,False,True,True,False,True,False,False,False,True,False,False,False,True,True
645,多玛方城战：半庄战4人亲友桌（带食断）,半庄战4人亲友桌（带食断）,False,False,False,False,False,False,False,False,False,False,False,False,False,False,False,False,False,False,False,False,False,False,False,False,False,False,False,False,False,False,False,False,False,False,False,False,False,False,False,False,False,emj003,0,0,0,0,0,8010,112336,0,0,0,831,61003,0,0,50,1,0,109,11,1,0,0,0,1,0,0,0,19,29,0,-1,False,False,False,False,False,False,False,False,False,False,False,True,True,False,True,False,False,False,True,False,True,False,True,True
646,风之使者,,False,False,False,False,False,False,False,False,False,False,False,False,False,False,False,False,False,False,False,False,False,False,False,False,False,False,False,False,False,False,False,False,False,False,False,False,False,False,False,False,False,r1fa_4,0,0,0,0,0,0,0,0,0,0,834,5027,0,0,0,1,0,108,1,0,0,0,0,50,50,0,0,7,0,0,-1,False,False,False,False,False,False,False,True,False,False,False,False,False,False,False,False,False,False,True,False,False,False,True,True
647,,,False,False,False,False,False,False,False,False,False,False,False,False,False,False,False,False,False,False,False,False,False,False,False,False,False,False,False,False,False,False,False,False,False,False,False,False,False,False,False,False,False,e0200,0,0,0,0,0,0,0,0,0,0,839,184,0,0,0,5,0,108,1,0,0,0,0,0,50,0,0,0,0,0,-1,False,False,False,False,False,False,True,True,False,False,False,False,False,False,False,False,False,False,True,False,False,False,True,True
648,英雄挽歌,,False,False,False,False,False,False,False,False,False,False,False,False,False,False,False,False,False,False,False,False,False,False,False,False,False,False,False,False,False,False,False,False,False,False,False,False,False,False,False,False,False,ec011,0,0,0,0,0,0,0,0,0,0,830,5028,0,0,0,1,2,142,1,0,0,0,0,70,70,0,0,7,0,0,-1,False,False,False,False,False,False,False,True,False,False,False,False,False,False,False,False,False,False,True,False,False,False,True,True
649,水妖幻园多恩美格禁园,,True,False,False,False,False,False,False,False,True,False,False,False,False,False,False,False,False,False,False,False,False,False,False,False,False,False,False,False,False,False,False,False,False,False,False,False,False,False,False,False,False,n4d2,0,0,0,0,296,68,112343,0,0,0,821,65,375,0,74,1,3,108,2,0,0,0,0,73,74,1,0,2,31,0,-1,False,False,False,True,True,False,True,True,True,False,False,True,True,False,True,False,False,False,True,False,False,False,True,True
650,多玛方城战：半庄战4人亲友桌（不带食断）,半庄战4人亲友桌（不带食断）,False,False,False,False,False,False,False,False,False,False,False,False,False,False,False,False,False,False,False,False,False,False,False,False,False,False,False,False,False,False,False,False,False,False,False,False,False,False,False,False,False,emj004,0,0,0,0,0,8011,112336,0,0,0,831,61004,0,0,51,1,0,109,11,1,0,0,0,1,0,0,0,19,29,0,-1,False,False,False,False,False,False,False,False,False,False,False,True,True,False,True,False,False,False,True,False,True,False,True,True
651,文明古迹奇坦那神影洞,,True,False,False,False,False,False,False,False,True,False,False,False,False,False,False,False,False,False,False,False,False,False,False,False,False,False,False,False,False,False,False,False,False,False,False,False,False,False,False,False,False,n4d3,0,0,0,0,296,69,112344,0,0,0,823,66,380,0,75,1,3,108,2,0,0,0,0,75,76,1,0,2,31,0,-1,False,False,False,True,True,False,True,True,True,False,False,True,True,False,True,False,False,False,True,False,False,False,True,True
652,末日暗影亚马乌罗提,,False,True,False,False,False,False,False,False,True,False,False,False,False,False,False,False,False,False,False,False,False,False,False,False,False,False,False,False,False,False,False,False,False,False,False,False,False,False,False,False,False,n4d6,0,0,0,0,296,72,112347,0,0,0,838,67,410,440,78,1,3,108,2,0,0,0,0,80,80,1,0,2,31,0,-1,False,False,False,True,True,False,True,True,True,False,False,True,True,False,True,False,False,False,True,False,False,False,True,True
653,伊甸希望乐园 觉醒之章1,,False,False,False,False,False,False,False,False,True,False,False,False,False,False,False,False,True,False,False,False,False,False,False,False,False,False,False,False,False,False,False,False,False,False,False,False,False,False,False,False,False,n4g1,0,0,0,0,297,3077,112350,0,0,0,849,30078,425,0,100,1,3,108,3,0,0,0,0,80,80,1,0,5,34,0,-1,False,False,False,True,True,False,True,True,False,False,False,True,True,False,True,False,False,False,True,False,False,False,True,True
654,伊甸零式希望乐园 觉醒之章1,,False,False,False,False,False,False,False,False,False,False,False,False,False,False,False,False,False,False,False,False,False,False,False,False,False,False,False,False,False,False,False,False,False,False,False,False,False,False,False,False,False,n4g1_2,0,0,0,0,297,3081,112351,0,0,0,853,30079,440,0,112,1,3,108,3,0,0,0,0,80,80,1,0,5,35,0,-1,False,False,False,True,True,False,True,True,False,False,False,True,True,False,True,False,False,False,True,False,False,False,True,True
655,异界遗构希尔科斯孪晶塔,,False,True,False,False,False,False,False,False,True,False,False,False,False,False,False,False,False,False,False,False,False,False,False,False,False,False,False,False,False,False,False,False,False,False,False,False,False,False,False,False,False,n4d7,0,0,0,0,296,73,112348,0,0,0,840,68,410,470,79,1,3,108,2,0,0,0,0,80,80,1,0,2,31,0,-1,False,False,False,True,True,False,True,True,True,False,False,True,True,False,True,False,False,False,True,False,False,False,True,True
656,避暑离宫马利卡大井,,True,False,False,False,False,False,False,False,True,False,False,False,False,False,False,False,False,False,False,False,False,False,False,False,False,False,False,False,False,False,False,False,False,False,False,False,False,False,False,False,False,n4d4,0,0,0,0,296,70,112345,0,0,0,836,69,385,0,76,1,3,108,2,0,0,0,0,77,78,1,0,2,31,0,-1,False,False,False,True,True,False,True,True,True,False,False,True,True,False,True,False,False,False,True,False,False,False,True,True
657,缇坦妮雅歼灭战,,False,False,False,False,False,True,False,False,True,False,False,False,False,False,False,False,False,False,False,False,False,False,False,False,False,False,False,False,False,False,False,False,False,False,False,False,False,False,False,False,False,n4fa,0,0,0,0,298,2059,112358,0,0,0,845,20062,0,0,160,1,3,108,3,0,0,0,0,73,74,0,0,4,32,0,-1,False,False,False,True,True,False,True,True,False,False,False,True,True,False,True,False,False,False,True,False,False,False,True,True
658,缇坦妮雅歼殛战,,False,False,False,False,False,False,False,False,True,False,False,False,False,False,False,False,False,False,False,False,False,False,False,False,False,False,False,False,False,False,False,False,False,False,False,False,False,False,False,False,False,n4fa_2,0,0,0,0,298,2060,112359,0,0,0,858,20063,430,0,180,1,3,108,3,0,0,0,0,80,80,1,0,4,33,0,-1,False,False,False,True,True,False,True,True,False,False,False,True,True,False,True,False,False,False,True,False,False,False,True,True
659,伪造天界格鲁格火山,,True,False,False,False,False,False,False,False,True,False,False,False,False,False,False,False,False,False,False,False,False,False,False,False,False,False,False,False,False,False,False,False,False,False,False,False,False,False,False,False,False,n4d5,0,0,0,0,296,71,112346,0,0,0,822,70,390,420,77,1,3,108,2,0,0,0,0,79,80,1,0,2,31,0,-1,False,False,False,True,True,False,True,True,True,False,False,True,True,False,True,False,False,False,True,False,False,False,True,True
660,,,False,False,False,False,False,False,False,False,False,False,False,False,False,False,False,False,False,False,False,False,False,False,False,False,False,False,False,False,False,False,False,False,False,False,False,False,False,False,False,False,False,,0,0,0,0,0,0,0,0,0,0,0,0,0,0,0,0,0,0,0,0,0,0,0,0,0,0,0,0,0,0,0,False,False,False,False,False,False,False,False,False,False,False,False,False,False,False,False,False,False,False,False,False,False,False,False
661,创造机构阿尼德罗学院,,False,True,False,False,False,False,False,False,True,False,False,False,False,False,False,False,False,False,False,False,False,False,False,False,False,False,False,False,False,False,False,False,False,False,False,False,False,False,False,False,False,n4d8,0,0,0,0,296,74,112349,0,0,0,841,71,410,470,80,1,3,108,2,0,0,0,0,80,80,1,0,2,31,0,-1,False,False,False,True,True,False,True,True,True,False,False,True,True,False,True,False,False,False,True,False,False,False,True,True
662,,,False,False,False,False,False,False,False,False,False,False,False,False,False,False,False,False,False,False,False,False,False,False,False,False,False,False,False,False,False,False,False,False,False,False,False,False,False,False,False,False,False,e0201,0,0,0,0,0,0,0,0,0,0,861,185,0,395,0,5,3,142,1,0,0,0,0,0,0,0,0,0,0,0,-1,False,False,False,False,False,False,True,True,False,False,False,False,False,False,False,False,False,False,True,False,False,False,True,True
663,,,False,False,False,False,False,False,False,False,False,False,False,False,False,False,False,False,False,False,False,False,False,False,False,False,False,False,False,False,False,False,False,False,False,False,False,False,False,False,False,False,False,e0202,0,0,0,0,0,0,0,0,0,0,862,186,0,409,0,5,3,142,1,0,0,0,0,0,0,0,0,0,0,0,-1,False,False,False,False,False,False,True,True,False,False,False,False,False,False,False,False,False,False,True,False,False,False,True,True
664,,,False,False,False,False,False,False,False,False,False,False,False,False,False,False,False,False,False,False,False,False,False,False,False,False,False,False,False,False,False,False,False,False,False,False,False,False,False,False,False,False,False,e0203,0,0,0,0,0,0,0,0,0,0,863,191,0,412,0,5,3,142,1,0,0,0,0,0,0,0,0,0,0,0,-1,False,False,False,False,False,False,True,True,False,False,False,False,False,False,False,False,False,False,True,False,False,False,True,True
665,,,False,False,False,False,False,False,False,False,False,False,False,False,False,False,False,False,False,False,False,False,False,False,False,False,False,False,False,False,False,False,False,False,False,False,False,False,False,False,False,False,False,e0204,0,0,0,0,0,0,0,0,0,0,864,192,0,415,0,5,3,142,1,0,0,0,0,0,0,0,0,0,0,0,-1,False,False,False,False,False,False,True,True,False,False,False,False,False,False,False,False,False,False,True,False,False,False,True,True
666,无瑕灵君歼灭战,,False,False,False,False,False,True,False,False,True,False,False,False,False,False,False,False,False,False,False,False,False,False,False,False,False,False,False,False,False,False,False,False,False,False,False,False,False,False,False,False,False,n4fb,0,0,0,0,298,2061,112360,0,0,0,846,20064,0,420,161,1,3,108,3,0,0,0,0,79,80,0,0,4,32,0,-1,False,False,False,True,True,False,True,True,False,False,False,True,True,False,True,False,False,False,True,False,False,False,True,True
667,无瑕灵君歼殛战,,False,False,False,False,False,False,False,False,True,False,False,False,False,False,False,False,False,False,False,False,False,False,False,False,False,False,False,False,False,False,False,False,False,False,False,False,False,False,False,False,False,n4fb_2,0,0,0,0,298,2062,112361,0,0,0,848,20065,430,0,181,1,3,108,3,0,0,0,0,80,80,1,0,4,33,0,-1,False,False,False,True,True,False,True,True,False,False,False,True,True,False,True,False,False,False,True,False,False,False,True,True
668,,,False,False,False,False,False,False,False,False,False,False,False,False,False,False,False,False,False,False,False,False,False,False,False,False,False,False,False,False,False,False,False,False,False,False,False,False,False,False,False,False,False,e0205,0,0,0,0,0,0,0,0,0,0,865,193,0,265,0,5,3,142,1,0,0,0,0,0,0,0,0,0,0,0,-1,False,False,False,False,False,False,True,True,False,False,False,False,False,False,False,False,False,False,True,False,False,False,True,True
669,,,False,False,False,False,False,False,False,False,False,False,False,False,False,False,False,False,False,False,False,False,False,False,False,False,False,False,False,False,False,False,False,False,False,False,False,False,False,False,False,False,False,e0206,0,0,0,0,0,0,0,0,0,0,866,194,0,395,0,5,3,142,1,0,0,0,0,0,0,0,0,0,0,0,-1,False,False,False,False,False,False,True,True,False,False,False,False,False,False,False,False,False,False,True,False,False,False,True,True
670,,,False,False,False,False,False,False,False,False,False,False,False,False,False,False,False,False,False,False,False,False,False,False,False,False,False,False,False,False,False,False,False,False,False,False,False,False,False,False,False,False,False,e0207,0,0,0,0,0,0,0,0,0,0,867,188,0,265,0,5,3,142,1,0,0,0,0,0,0,0,0,0,0,0,-1,False,False,False,False,False,False,True,True,False,False,False,False,False,False,False,False,False,False,True,False,False,False,True,True
671,,,False,False,False,False,False,False,False,False,False,False,False,False,False,False,False,False,False,False,False,False,False,False,False,False,False,False,False,False,False,False,False,False,False,False,False,False,False,False,False,False,False,e0208,0,0,0,0,0,0,0,0,0,0,868,189,0,395,0,5,3,142,1,0,0,0,0,0,0,0,0,0,0,0,-1,False,False,False,False,False,False,True,True,False,False,False,False,False,False,False,False,False,False,True,False,False,False,True,True
672,,,False,False,False,False,False,False,False,False,False,False,False,False,False,False,False,False,False,False,False,False,False,False,False,False,False,False,False,False,False,False,False,False,False,False,False,False,False,False,False,False,False,e0209,0,0,0,0,0,0,0,0,0,0,869,187,0,420,0,5,3,142,1,0,0,0,0,0,0,0,0,0,0,0,-1,False,False,False,False,False,False,True,True,False,False,False,False,False,False,False,False,False,False,True,False,False,False,True,True
673,,,False,False,False,False,False,False,False,False,False,False,False,False,False,False,False,False,False,False,False,False,False,False,False,False,False,False,False,False,False,False,False,False,False,False,False,False,False,False,False,False,False,e0210,0,0,0,0,0,0,0,0,0,0,870,195,0,420,0,5,3,142,1,0,0,0,0,0,0,0,0,0,0,0,-1,False,False,False,False,False,False,True,True,False,False,False,False,False,False,False,False,False,False,True,False,False,False,True,True
674,,,False,False,False,False,False,False,False,False,False,False,False,False,False,False,False,False,False,False,False,False,False,False,False,False,False,False,False,False,False,False,False,False,False,False,False,False,False,False,False,False,False,e0211,0,0,0,0,0,0,0,0,0,0,871,196,0,420,0,5,3,142,1,0,0,0,0,0,0,0,0,0,0,0,-1,False,False,False,False,False,False,True,True,False,False,False,False,False,False,False,False,False,False,True,False,False,False,True,True
675,,,False,False,False,False,False,False,False,False,False,False,False,False,False,False,False,False,False,False,False,False,False,False,False,False,False,False,False,False,False,False,False,False,False,False,False,False,False,False,False,False,False,e0212,0,0,0,0,0,0,0,0,0,0,872,190,0,420,0,5,3,142,1,0,0,0,0,0,0,0,0,0,0,0,-1,False,False,False,False,False,False,True,True,False,False,False,False,False,False,False,False,False,False,True,False,False,False,True,True
676,遇袭集落水滩村,,True,False,False,False,False,False,False,False,True,False,False,False,False,False,False,False,False,False,False,False,False,False,False,False,False,False,False,False,False,False,False,False,False,False,False,False,False,False,False,False,False,n4d1,0,0,0,0,296,67,112342,0,0,0,837,72,370,0,73,1,3,108,2,0,0,0,0,71,72,1,0,2,31,0,-1,False,False,False,True,True,False,True,True,True,False,False,True,True,False,True,False,False,False,True,False,False,False,True,True
677,,,False,False,False,False,False,False,False,False,False,False,False,False,False,False,False,False,False,False,False,False,False,False,False,False,False,False,False,False,False,False,False,False,False,False,False,False,False,False,False,False,False,,0,0,0,0,0,0,0,0,0,0,0,0,0,0,0,0,0,0,0,0,0,0,0,0,0,0,0,0,0,0,0,False,False,False,False,False,False,False,False,False,False,False,False,False,False,False,False,False,False,False,False,False,False,False,False
678,摇摆的天平,,False,False,False,False,False,False,False,False,False,False,False,False,False,False,False,False,False,False,False,False,False,False,False,False,False,False,False,False,False,False,False,False,False,False,False,False,False,False,False,False,False,ec014,0,0,0,0,0,0,0,0,0,0,873,5029,0,0,0,1,3,108,1,0,0,0,0,0,78,0,0,7,0,0,-1,False,False,False,False,False,False,True,True,False,False,False,False,False,False,False,False,False,False,True,False,False,False,True,True
679,古代大再生魔法,,False,False,False,False,False,False,False,False,False,False,False,False,False,False,False,False,False,False,False,False,False,False,False,False,False,False,False,False,False,False,False,False,False,False,False,False,False,False,False,False,False,ec015,0,0,0,0,0,0,0,0,0,0,874,5030,0,0,0,1,3,108,1,0,0,0,0,0,76,0,0,7,0,0,-1,False,False,False,False,False,False,True,True,False,False,False,False,False,False,False,False,False,False,True,False,False,False,True,True
680,废都拿巴示艾兰,,False,False,False,False,False,False,False,False,False,False,False,False,False,False,False,False,False,False,False,False,False,False,False,False,False,False,False,False,False,False,False,False,False,False,False,False,False,False,False,False,False,ec013,0,0,0,0,0,0,0,0,0,0,860,5031,0,0,0,1,3,108,1,0,0,0,0,0,77,0,0,7,0,0,-1,False,False,False,False,False,False,False,True,False,False,False,False,False,False,False,False,False,False,True,False,False,False,True,True
681,机关、诅咒、剧毒与……,,False,False,False,False,False,False,False,False,False,False,False,False,False,False,False,False,False,False,False,False,False,False,False,False,False,False,False,False,False,False,False,False,False,False,False,False,False,False,False,False,False,ec012,0,0,0,0,0,0,0,0,0,0,859,5032,0,406,0,1,3,142,1,0,0,0,0,0,75,0,0,7,0,0,-1,False,False,False,False,False,False,False,True,False,False,False,False,False,False,False,False,False,False,True,False,False,False,True,True
682,伊甸希望乐园 觉醒之章3,,False,False,False,False,False,False,False,False,True,False,False,False,False,False,False,False,True,False,False,False,False,False,False,False,False,False,False,False,False,False,False,False,False,False,False,False,False,False,False,False,False,n4g3,0,0,0,0,297,3078,112354,0,0,0,851,30080,425,0,102,1,3,108,3,0,0,0,0,80,80,1,0,5,34,0,-1,False,False,False,True,True,False,True,True,False,False,False,True,True,False,True,False,False,False,True,False,False,False,True,True
683,伊甸零式希望乐园 觉醒之章3,,False,False,False,False,False,False,False,False,False,False,False,False,False,False,False,False,False,False,False,False,False,False,False,False,False,False,False,False,False,False,False,False,False,False,False,False,False,False,False,False,False,n4g3_2,0,0,0,0,297,3082,112355,0,0,0,855,30081,450,0,114,1,3,108,3,0,0,0,0,80,80,1,0,5,35,0,-1,False,False,False,True,True,False,True,True,False,False,False,True,True,False,True,False,False,False,True,False,False,False,True,True
684,伊甸希望乐园 觉醒之章2,,False,False,False,False,False,False,False,False,True,False,False,False,False,False,False,False,True,False,False,False,False,False,False,False,False,False,False,False,False,False,False,False,False,False,False,False,False,False,False,False,False,n4g2,0,0,0,0,297,3079,112352,0,0,0,850,30082,425,0,101,1,3,108,3,0,0,0,0,80,80,1,0,5,34,0,-1,False,False,False,True,True,False,True,True,False,False,False,True,True,False,True,False,False,False,True,False,False,False,True,True
685,伊甸零式希望乐园 觉醒之章2,,False,False,False,False,False,False,False,False,False,False,False,False,False,False,False,False,False,False,False,False,False,False,False,False,False,False,False,False,False,False,False,False,False,False,False,False,False,False,False,False,False,n4g2_2,0,0,0,0,297,3083,112353,0,0,0,854,30083,445,0,113,1,3,108,3,0,0,0,0,80,80,1,0,5,35,0,-1,False,False,False,True,True,False,True,True,False,False,False,True,True,False,True,False,False,False,True,False,False,False,True,True
686,奈贝尔特的后悔,,False,False,False,False,False,False,False,False,False,False,False,False,False,False,False,False,False,False,False,False,False,False,False,False,False,False,False,False,False,False,False,False,False,False,False,False,False,False,False,False,False,ec017,0,0,0,0,0,0,0,0,0,0,876,5033,0,0,0,1,3,108,1,0,0,0,0,0,76,0,0,7,0,0,-1,False,False,False,False,False,False,True,True,False,False,False,False,False,False,False,False,False,False,True,False,False,False,True,True
687,哈迪斯歼灭战,,False,False,False,False,False,True,False,False,True,False,False,False,False,False,False,False,False,False,False,False,False,False,False,False,False,False,False,False,False,False,False,False,False,False,False,False,False,False,False,False,False,n4fc,0,0,0,0,298,2063,112362,0,0,0,847,20066,410,0,162,1,3,108,3,0,0,0,0,80,80,0,0,4,32,0,-1,False,False,False,True,True,False,True,True,False,False,False,True,True,False,True,False,False,False,True,False,False,False,True,True
688,梦羽宝境,,False,False,False,False,False,False,False,False,False,False,False,False,False,False,False,False,False,False,False,False,False,False,False,False,False,False,False,False,False,False,False,False,False,False,False,False,False,False,False,False,False,n4c1,0,0,0,0,0,9006,0,0,0,0,879,55006,0,505,0,1,3,108,3,0,0,0,0,1,80,0,0,9,0,0,-1,False,False,False,True,False,False,False,True,False,False,False,False,False,False,False,False,True,False,True,False,False,False,True,True
689,伊甸希望乐园 觉醒之章4,,False,False,False,False,False,False,False,False,True,False,False,False,False,False,False,False,True,False,False,False,False,False,False,False,False,False,False,False,False,False,False,False,False,False,False,False,False,False,False,False,False,n4g4,0,0,0,0,297,3080,112356,0,0,0,852,30084,425,0,103,1,3,108,3,0,0,0,0,80,80,1,0,5,34,0,-1,False,False,False,True,True,False,True,True,False,False,False,True,True,False,True,False,False,False,True,False,False,False,True,True
690,伊甸零式希望乐园 觉醒之章4,,False,False,False,False,False,False,False,False,False,False,False,False,False,False,False,False,False,False,False,False,False,False,False,False,False,False,False,False,False,False,False,False,False,False,False,False,False,False,False,False,False,n4g4_2,0,0,0,0,297,3084,112357,0,0,0,856,30085,450,0,115,1,3,108,3,0,0,0,0,80,80,1,0,5,35,0,-1,False,False,False,True,True,False,True,True,False,False,False,True,True,False,True,False,False,False,True,False,False,False,True,True
691,勇敢的猎人,,False,False,False,False,False,False,False,False,False,False,False,False,False,False,False,False,False,False,False,False,False,False,False,False,False,False,False,False,False,False,False,False,False,False,False,False,False,False,False,False,False,ec016,0,0,0,0,0,0,0,0,0,0,875,5034,0,0,0,1,3,142,1,0,0,0,0,0,76,0,0,7,0,0,-1,False,False,False,False,False,False,False,True,False,False,False,False,False,False,False,False,False,False,True,False,False,False,True,True
692,魔法宫殿宇宙宫,,False,True,False,False,False,False,False,False,True,False,False,False,False,False,False,False,False,False,False,False,False,False,False,False,False,False,False,False,False,False,False,False,False,False,False,False,False,False,False,False,False,n4d9,0,0,0,0,296,78,112373,0,0,0,884,73,430,470,81,1,3,108,2,0,0,0,0,80,80,1,0,2,31,0,-1,False,False,False,True,True,False,True,True,True,False,False,True,True,False,True,False,False,False,True,False,False,False,True,True
693,哈迪斯孤念歼灭战,,False,False,False,False,False,False,False,False,True,False,False,False,False,False,False,False,False,False,False,False,False,False,False,False,False,False,False,False,False,False,False,False,False,False,False,False,False,False,False,False,False,n4fd,0,0,0,0,298,2064,112372,0,0,0,885,20067,450,0,183,1,3,108,3,0,0,0,0,80,80,1,0,4,33,0,-1,False,False,False,True,True,False,True,True,False,False,False,True,True,False,True,False,False,False,True,False,False,False,True,True
694,亚历山大绝境战,,False,False,False,False,False,False,False,False,False,False,False,False,False,False,False,False,False,False,False,False,False,False,False,False,False,False,False,False,False,False,False,False,False,False,False,False,False,False,False,False,False,d2az,0,0,0,0,297,3086,112374,0,0,0,887,30086,0,475,1003,1,3,142,3,1,0,0,0,80,80,0,3,28,0,0,-1,False,False,False,False,False,False,False,False,False,False,False,True,False,True,True,False,False,False,True,False,False,False,True,True
695,强大的老爹——洪巴巴之父,,False,False,False,False,False,False,False,False,False,False,False,False,False,False,False,False,False,False,False,False,False,False,False,False,False,False,False,False,False,False,False,False,False,False,False,False,False,False,False,False,False,aoz026,0,0,69272,0,0,0,112332,0,0,0,796,35026,0,0,0,1,1,129,1,0,0,1,0,60,60,0,0,27,0,0,-1,False,False,False,False,False,False,False,True,False,False,False,False,False,False,True,False,False,False,True,False,False,False,True,True
696,鼻息爆破死斗,,False,False,False,False,False,False,False,False,False,False,False,False,False,False,False,False,False,False,False,False,False,False,False,False,False,False,False,False,False,False,False,False,False,False,False,False,False,False,False,False,False,aoz027,0,0,69272,0,0,0,112332,0,0,0,796,35027,0,0,0,1,1,129,1,0,0,1,0,60,60,0,0,27,0,0,-1,False,False,False,False,False,False,False,True,False,False,False,False,False,False,True,False,False,False,True,False,False,False,True,True
697,绝妙傀儡师——都灵,,False,False,False,False,False,False,False,False,False,False,False,False,False,False,False,False,False,False,False,False,False,False,False,False,False,False,False,False,False,False,False,False,False,False,False,False,False,False,False,False,False,aoz028,0,0,69272,0,0,0,112332,0,0,0,796,35028,0,0,0,1,1,129,1,0,0,1,0,60,60,0,0,27,0,0,-1,False,False,False,False,False,False,False,True,False,False,False,False,False,False,True,False,False,False,True,False,False,False,True,True
698,水与火之歌,,False,False,False,False,False,False,False,False,False,False,False,False,False,False,False,False,False,False,False,False,False,False,False,False,False,False,False,False,False,False,False,False,False,False,False,False,False,False,False,False,False,aoz029,0,0,69272,0,0,0,112332,0,0,0,796,35029,0,0,0,1,1,129,1,0,0,1,0,60,60,0,0,27,0,0,-1,False,False,False,False,False,False,False,True,False,False,False,False,False,False,True,False,False,False,True,False,False,False,True,True
699,世界第一剑士——齐格弗里德,,False,False,False,False,False,False,False,False,False,False,False,False,False,False,False,False,False,False,False,False,False,False,False,False,False,False,False,False,False,False,False,False,False,False,False,False,False,False,False,False,False,aoz030,0,0,69272,0,0,0,112332,0,0,0,796,35030,0,0,0,1,1,129,1,0,0,1,0,60,60,0,0,27,0,0,-1,False,False,False,False,False,False,False,True,False,False,False,False,False,False,True,False,False,False,True,False,False,False,True,True
700,复制工厂废墟,,False,False,False,False,False,False,False,False,True,False,False,False,False,False,True,False,False,False,False,False,False,False,False,False,False,False,False,False,False,False,False,False,False,False,False,False,False,False,False,False,False,n4r1,0,0,0,0,297,3085,112375,0,0,0,882,30087,435,0,95,1,3,108,4,0,0,0,0,80,80,2,0,5,36,0,-1,False,False,False,True,True,False,True,True,False,False,False,True,True,False,True,False,False,False,True,False,False,False,True,True
701,昂萨哈凯尔（竞争战）,,False,False,False,False,False,False,True,False,False,False,False,False,False,False,False,False,False,False,False,False,False,False,False,False,False,False,False,False,False,False,False,False,False,False,False,False,False,False,False,False,False,e3p1,0,6,0,0,0,4033,112376,0,0,0,888,41006,0,0,303,1,0,146,7,3,4,0,0,30,0,0,0,6,3,0,-1,True,True,False,False,False,False,True,False,False,False,False,True,True,False,True,False,False,False,True,False,True,False,True,True
702,纯白誓约、漆黑密约,,False,False,False,False,False,False,False,False,False,False,False,False,False,False,False,False,False,False,False,False,False,False,False,False,False,False,False,False,False,False,False,False,False,False,False,False,False,False,False,False,False,ec018,0,0,0,0,0,0,0,0,0,0,893,5035,0,0,0,1,3,142,1,0,0,0,0,80,80,0,0,7,0,0,-1,False,False,False,False,False,False,False,True,False,False,False,False,False,False,False,False,False,False,True,False,False,False,True,True
703,我心依旧,,False,False,False,False,False,False,False,False,False,False,False,False,False,False,False,False,False,False,False,False,False,False,False,False,False,False,False,False,False,False,False,False,False,False,False,False,False,False,False,False,False,ec019,0,0,0,0,0,0,0,0,0,0,894,5036,0,395,0,1,3,142,1,0,0,0,0,70,70,0,0,7,0,0,-1,False,False,False,False,False,False,False,True,False,False,False,False,False,False,False,False,False,False,True,False,False,False,True,True
704,,,False,False,False,False,False,False,False,False,False,False,False,False,False,False,False,False,False,False,False,False,False,False,False,False,False,False,False,False,False,False,False,False,False,False,False,False,False,False,False,False,False,,0,0,0,0,0,0,0,0,0,0,0,0,0,0,0,0,0,0,0,0,0,0,0,0,0,0,0,0,0,0,0,False,False,False,False,False,False,False,False,False,False,False,False,False,False,False,False,False,False,False,False,False,False,False,False
705,虚景跳跳乐大挑战,,False,False,False,False,False,False,False,False,False,False,False,False,False,False,False,False,False,False,False,False,False,False,False,False,False,False,False,False,False,False,False,False,False,False,False,False,False,False,False,False,False,climb2_010,0,0,0,0,0,8012,112382,0,0,0,899,17,0,0,0,3,0,109,19,0,0,0,0,1,0,0,0,19,0,0,-1,False,False,False,True,False,False,True,False,False,False,False,False,False,False,True,False,False,False,False,False,False,False,True,True
706,虚景跳跳乐大挑战,,False,False,False,False,False,False,False,False,False,False,False,False,False,False,False,False,False,False,False,False,False,False,False,False,False,False,False,False,False,False,False,False,False,False,False,False,False,False,False,False,False,climb2_011,0,0,0,0,0,8012,112382,0,0,0,899,18,0,0,0,3,0,109,19,0,0,0,0,1,0,0,0,19,0,0,-1,False,False,False,True,False,False,True,False,False,False,False,False,False,False,True,False,False,False,False,False,False,False,True,True
707,虚景跳跳乐大挑战,,False,False,False,False,False,False,False,False,False,False,False,False,False,False,False,False,False,False,False,False,False,False,False,False,False,False,False,False,False,False,False,False,False,False,False,False,False,False,False,False,False,climb2_012,0,0,0,0,0,8012,112382,0,0,0,899,19,0,0,0,3,0,109,19,0,0,0,0,1,0,0,0,19,0,0,-1,False,False,False,True,False,False,True,False,False,False,False,False,False,False,True,False,False,False,False,False,False,False,True,True
708,虚景跳跳乐大挑战,,False,False,False,False,False,False,False,False,False,False,False,False,False,False,False,False,False,False,False,False,False,False,False,False,False,False,False,False,False,False,False,False,False,False,False,False,False,False,False,False,False,climb2_013,0,0,0,0,0,8012,112382,0,0,0,899,20,0,0,0,3,0,109,19,0,0,0,0,1,0,0,0,19,0,0,-1,False,False,False,True,False,False,True,False,False,False,False,False,False,False,True,False,False,False,False,False,False,False,True,True
709,虚景跳跳乐大挑战,,False,False,False,False,False,False,False,False,False,False,False,False,False,False,False,False,False,False,False,False,False,False,False,False,False,False,False,False,False,False,False,False,False,False,False,False,False,False,False,False,False,climb2_014,0,0,0,0,0,8012,112382,0,0,0,899,21,0,0,0,3,0,109,19,0,0,0,0,1,0,0,0,19,0,0,-1,False,False,False,True,False,False,True,False,False,False,False,False,False,False,True,False,False,False,False,False,False,False,True,True
710,虚景跳跳乐大挑战,,False,False,False,False,False,False,False,False,False,False,False,False,False,False,False,False,False,False,False,False,False,False,False,False,False,False,False,False,False,False,False,False,False,False,False,False,False,False,False,False,False,climb2_015,0,0,0,0,0,8012,112382,0,0,0,899,22,0,0,0,3,0,109,19,0,0,0,0,1,0,0,0,19,0,0,-1,False,False,False,True,False,False,True,False,False,False,False,False,False,False,True,False,False,False,False,False,False,False,True,True
711,虚景跳跳乐大挑战,,False,False,False,False,False,False,False,False,False,False,False,False,False,False,False,False,False,False,False,False,False,False,False,False,False,False,False,False,False,False,False,False,False,False,False,False,False,False,False,False,False,climb2_016,0,0,0,0,0,8012,112382,0,0,0,899,23,0,0,0,3,0,109,19,0,0,0,0,1,0,0,0,19,0,0,-1,False,False,False,True,False,False,True,False,False,False,False,False,False,False,True,False,False,False,False,False,False,False,True,True
712,虚景跳跳乐大挑战,,False,False,False,False,False,False,False,False,False,False,False,False,False,False,False,False,False,False,False,False,False,False,False,False,False,False,False,False,False,False,False,False,False,False,False,False,False,False,False,False,False,climb2_017,0,0,0,0,0,8012,112382,0,0,0,899,24,0,0,0,3,0,109,19,0,0,0,0,1,0,0,0,19,0,0,-1,False,False,False,True,False,False,True,False,False,False,False,False,False,False,True,False,False,False,False,False,False,False,True,True
713,虚景跳跳乐大挑战,,False,False,False,False,False,False,False,False,False,False,False,False,False,False,False,False,False,False,False,False,False,False,False,False,False,False,False,False,False,False,False,False,False,False,False,False,False,False,False,False,False,climb2_018,0,0,0,0,0,8012,112382,0,0,0,899,25,0,0,0,3,0,109,19,0,0,0,0,1,0,0,0,19,0,0,-1,False,False,False,True,False,False,True,False,False,False,False,False,False,False,True,False,False,False,False,False,False,False,True,True
714,黑风海底阿尼德罗追忆馆,,False,True,False,False,False,False,False,False,True,False,False,False,False,False,False,False,False,False,False,False,False,False,False,False,False,False,False,False,False,False,False,False,False,False,False,False,False,False,False,False,False,n4da,0,0,0,0,296,79,112378,0,0,0,898,74,440,500,83,1,3,108,2,0,0,0,0,80,80,1,0,2,31,0,-1,False,False,False,True,True,False,True,True,True,False,False,True,True,False,True,False,False,False,True,False,False,False,True,True
715,伊甸希望乐园 共鸣之章1,,False,False,False,False,False,False,False,False,True,False,False,False,False,False,False,False,True,False,False,False,False,False,False,False,False,False,False,False,False,False,False,False,False,False,False,False,False,False,False,False,False,n4g5,0,0,0,0,297,3087,112385,0,0,0,902,30088,455,0,104,1,3,108,3,0,0,0,0,80,80,1,0,5,34,0,-1,False,False,False,True,True,False,True,True,False,False,False,True,True,False,True,False,False,False,True,False,False,False,True,True
716,伊甸零式希望乐园 共鸣之章1,,False,False,False,False,False,False,False,False,False,False,False,False,False,False,False,False,False,False,False,False,False,False,False,False,False,False,False,False,False,False,False,False,False,False,False,False,False,False,False,False,False,n4g5_2,0,0,0,0,297,3091,112386,0,0,0,906,30089,470,0,116,1,3,108,3,0,0,0,0,80,80,1,0,5,35,0,-1,False,False,False,True,True,False,True,True,False,False,False,True,True,False,True,False,False,False,True,False,False,False,True,True
717,红宝石神兵破坏作战,,False,False,False,False,False,True,False,False,True,False,False,False,False,False,False,False,False,False,False,False,False,False,False,False,False,False,False,False,False,False,False,False,False,False,False,False,False,False,False,False,False,n4fe,0,0,0,0,298,2065,112379,0,0,0,897,20068,455,0,163,1,3,108,3,0,0,0,0,80,80,0,0,4,32,0,-1,False,False,False,True,True,False,True,True,False,False,False,True,True,False,True,False,False,False,True,False,False,False,True,True
718,红宝石神兵狂想作战,,False,False,False,False,False,False,False,False,True,False,False,False,False,False,False,False,False,False,False,False,False,False,False,False,False,False,False,False,False,False,False,False,False,False,False,False,False,False,False,False,False,n4fe_2,0,0,0,0,298,2066,112380,0,0,0,912,20069,470,0,184,1,3,108,3,0,0,0,0,80,80,1,0,4,33,0,-1,False,False,False,True,True,False,True,True,False,False,False,True,True,False,True,False,False,False,True,False,False,False,True,True
719,伊甸希望乐园 共鸣之章2,,False,False,False,False,False,False,False,False,True,False,False,False,False,False,False,False,True,False,False,False,False,False,False,False,False,False,False,False,False,False,False,False,False,False,False,False,False,False,False,False,False,n4g6,0,0,0,0,297,3088,112387,0,0,0,903,30090,455,0,105,1,3,108,3,0,0,0,0,80,80,1,0,5,34,0,-1,False,False,False,True,True,False,True,True,False,False,False,True,True,False,True,False,False,False,True,False,False,False,True,True
720,伊甸零式希望乐园 共鸣之章2,,False,False,False,False,False,False,False,False,False,False,False,False,False,False,False,False,False,False,False,False,False,False,False,False,False,False,False,False,False,False,False,False,False,False,False,False,False,False,False,False,False,n4g6_2,0,0,0,0,297,3092,112388,0,0,0,907,30091,475,0,117,1,3,108,3,0,0,0,0,80,80,1,0,5,35,0,-1,False,False,False,True,True,False,True,True,False,False,False,True,True,False,True,False,False,False,True,False,False,False,True,True
721,出海垂钓,,False,False,False,False,False,False,False,False,False,False,False,False,False,False,False,False,False,False,False,False,False,False,False,False,False,False,False,False,False,False,False,False,False,False,False,False,False,False,False,False,False,ikd001,0,5,69379,0,0,6009,112383,0,0,0,900,63000,0,0,0,1,0,19,25,0,0,1,0,1,0,0,0,16,0,0,-1,False,False,False,True,False,False,False,False,False,False,False,False,False,False,True,False,False,False,True,False,False,True,True,True
722,天上福地云冠群岛,,False,False,False,False,False,False,False,False,False,False,False,False,False,False,False,False,False,False,False,False,False,False,False,False,False,False,False,False,False,False,False,False,False,False,False,False,False,False,False,False,False,a2fx,0,0,69208,0,0,6008,112384,0,0,0,901,26,0,0,0,3,1,32,19,0,0,1,0,10,0,0,0,16,0,0,-1,False,False,False,True,False,False,True,False,False,False,False,False,False,False,True,False,False,False,False,False,False,False,True,True
723,博兹雅堡垒蒸发事件,,False,False,False,False,False,False,False,False,False,False,False,False,False,False,False,False,False,False,False,False,False,False,False,False,False,False,False,False,False,False,False,False,False,False,False,False,False,False,False,False,False,ec020,0,0,0,0,0,0,0,0,0,0,911,5037,0,0,0,1,3,142,1,0,0,0,0,80,80,0,0,7,0,0,-1,False,False,False,False,False,False,False,True,False,False,False,False,False,False,False,False,False,False,True,False,False,False,True,True
724,英雄无法安息,,False,False,False,False,False,False,False,False,False,False,False,False,False,False,False,False,False,False,False,False,False,False,False,False,False,False,False,False,False,False,False,False,False,False,False,False,False,False,False,False,False,ec021,0,0,0,0,0,0,0,0,0,0,914,5038,0,0,0,1,3,142,1,0,0,0,0,80,80,0,0,7,0,0,-1,False,False,False,False,False,False,False,True,False,False,False,False,False,False,False,False,False,False,True,False,False,False,True,True
725,博兹雅堡垒追忆战,,False,False,False,False,False,False,False,False,True,False,False,False,False,False,False,False,False,False,False,False,False,False,False,False,False,False,False,False,False,False,False,False,False,False,False,False,False,False,False,False,False,n4b2,0,0,0,0,298,2067,112381,0,0,0,913,20070,470,0,185,1,3,142,3,0,0,0,0,80,80,1,0,4,33,0,-1,False,False,False,True,True,False,True,True,False,False,False,True,True,False,True,False,False,False,True,False,False,False,True,True
726,伊甸希望乐园 共鸣之章3,,False,False,False,False,False,False,False,False,True,False,False,False,False,False,False,False,True,False,False,False,False,False,False,False,False,False,False,False,False,False,False,False,False,False,False,False,False,False,False,False,False,n4g7,0,0,0,0,297,3089,112389,0,0,0,904,30092,455,0,106,1,3,108,3,0,0,0,0,80,80,1,0,5,34,0,-1,False,False,False,True,True,False,True,True,False,False,False,True,True,False,True,False,False,False,True,False,False,False,True,True
727,伊甸零式希望乐园 共鸣之章3,,False,False,False,False,False,False,False,False,False,False,False,False,False,False,False,False,False,False,False,False,False,False,False,False,False,False,False,False,False,False,False,False,False,False,False,False,False,False,False,False,False,n4g7_2,0,0,0,0,297,3093,112390,0,0,0,908,30093,480,0,118,1,3,108,3,0,0,0,0,80,80,1,0,5,35,0,-1,False,False,False,True,True,False,True,True,False,False,False,True,True,False,True,False,False,False,True,False,False,False,True,True
728,伊甸希望乐园 共鸣之章4,,False,False,False,False,False,False,False,False,True,False,False,False,False,False,False,False,True,False,False,False,False,False,False,False,False,False,False,False,False,False,False,False,False,False,False,False,False,False,False,False,False,n4g8,0,0,0,0,297,3090,112391,0,0,0,905,30094,455,0,107,1,3,108,3,0,0,0,0,80,80,1,0,5,34,0,-1,False,False,False,True,True,False,True,True,False,False,False,True,True,False,True,False,False,False,True,False,False,False,True,True
729,伊甸零式希望乐园 共鸣之章4,,False,False,False,False,False,False,False,False,False,False,False,False,False,False,False,False,False,False,False,False,False,False,False,False,False,False,False,False,False,False,False,False,False,False,False,False,False,False,False,False,False,n4g8_2,0,0,0,0,297,3094,112392,0,0,0,909,30095,480,0,119,1,3,108,3,0,0,0,0,80,80,1,0,5,35,0,-1,False,False,False,True,True,False,True,True,False,False,False,True,True,False,True,False,False,False,True,False,False,False,True,True
730,出海垂钓,,False,False,False,False,False,False,False,False,False,False,False,False,False,False,False,False,False,False,False,False,False,False,False,False,False,False,False,False,False,False,False,False,False,False,False,False,False,False,False,False,False,ikd002,0,5,69379,0,0,6009,112383,0,0,0,900,63001,0,0,0,1,0,19,25,0,0,1,0,1,0,0,0,16,0,0,-1,False,False,False,True,False,False,False,False,False,False,False,False,False,False,True,False,False,False,True,False,False,True,True,True
731,出海垂钓,,False,False,False,False,False,False,False,False,False,False,False,False,False,False,False,False,False,False,False,False,False,False,False,False,False,False,False,False,False,False,False,False,False,False,False,False,False,False,False,False,False,ikd003,0,5,69379,0,0,6009,112383,0,0,0,900,63002,0,0,0,1,0,19,25,0,0,1,0,1,0,0,0,16,0,0,-1,False,False,False,True,False,False,False,False,False,False,False,False,False,False,True,False,False,False,True,False,False,True,True,True
732,出海垂钓,,False,False,False,False,False,False,False,False,False,False,False,False,False,False,False,False,False,False,False,False,False,False,False,False,False,False,False,False,False,False,False,False,False,False,False,False,False,False,False,False,False,ikd004,0,5,69379,0,0,6009,112383,0,0,0,900,63003,0,0,0,1,0,19,25,0,0,1,0,1,0,0,0,16,0,0,-1,False,False,False,True,False,False,False,False,False,False,False,False,False,False,True,False,False,False,True,False,False,True,True,True
733,出海垂钓,,False,False,False,False,False,False,False,False,False,False,False,False,False,False,False,False,False,False,False,False,False,False,False,False,False,False,False,False,False,False,False,False,False,False,False,False,False,False,False,False,False,ikd005,0,5,69379,0,0,6009,112383,0,0,0,900,63004,0,0,0,1,0,19,25,0,0,1,0,1,0,0,0,16,0,0,-1,False,False,False,True,False,False,False,False,False,False,False,False,False,False,True,False,False,False,True,False,False,True,True,True
734,出海垂钓,,False,False,False,False,False,False,False,False,False,False,False,False,False,False,False,False,False,False,False,False,False,False,False,False,False,False,False,False,False,False,False,False,False,False,False,False,False,False,False,False,False,ikd006,0,5,69379,0,0,6009,112383,0,0,0,900,63005,0,0,0,1,0,19,25,0,0,1,0,1,0,0,0,16,0,0,-1,False,False,False,True,False,False,False,False,False,False,False,False,False,False,True,False,False,False,True,False,False,True,True,True
735,南方博兹雅战线,,False,False,False,False,False,False,False,False,False,False,False,False,False,False,False,False,False,False,False,False,False,False,False,False,False,False,False,False,False,False,False,False,False,False,False,False,False,False,False,False,False,n4b4,0,0,0,0,299,7007,112401,0,0,0,920,27,0,430,0,3,3,142,12,0,0,0,0,71,80,0,0,29,0,0,-1,False,False,True,True,False,False,True,False,False,False,False,False,False,False,True,False,False,False,False,False,False,False,True,True
736,人偶军事基地,,False,False,False,False,False,False,False,False,True,False,False,False,False,False,True,False,False,False,False,False,False,False,False,False,False,False,False,False,False,False,False,False,False,False,False,False,False,False,False,False,False,n4r2,0,0,0,0,297,3095,112400,0,0,0,917,30096,465,0,96,1,3,108,4,0,0,0,0,80,80,2,0,5,36,0,-1,False,False,False,True,True,False,True,True,False,False,False,True,True,False,True,False,False,False,True,False,False,False,True,True
737,暗影决战诺弗兰特,,False,True,False,False,False,False,False,False,True,False,False,False,False,False,False,False,False,False,False,False,False,False,False,False,False,False,False,False,False,False,False,False,False,False,False,False,False,False,False,False,False,n4db,0,0,0,0,296,80,112399,0,0,0,916,75,460,500,84,1,3,108,2,0,0,0,0,80,80,1,0,2,31,0,-1,False,False,False,True,True,False,True,True,True,False,False,True,True,False,True,False,False,False,True,False,False,False,True,True
738,光之战士歼灭战,,False,False,False,False,False,True,False,False,True,False,False,False,False,False,False,False,False,False,False,False,False,False,False,False,False,False,False,False,False,False,False,False,False,False,False,False,False,False,False,False,False,n4ff,0,0,0,0,298,2068,112402,0,0,0,922,20071,465,0,164,1,3,108,3,0,0,0,0,80,80,0,0,4,32,0,-1,False,False,False,True,True,False,True,True,False,False,False,True,True,False,True,False,False,False,True,False,False,False,True,True
739,光之战士幻耀歼灭战,,False,False,False,False,False,False,False,False,True,False,False,False,False,False,False,False,False,False,False,False,False,False,False,False,False,False,False,False,False,False,False,False,False,False,False,False,False,False,False,False,False,n4ff_2,0,0,0,0,298,2069,112403,0,0,0,923,20072,480,0,186,1,3,108,3,0,0,0,0,80,80,1,0,4,33,0,-1,False,False,False,True,True,False,True,True,False,False,False,True,True,False,True,False,False,False,True,False,False,False,True,True
740,飞翔吧，前往维尔利特！,,False,False,False,False,False,False,False,False,False,False,False,False,False,False,False,False,False,False,False,False,False,False,False,False,False,False,False,False,False,False,False,False,False,False,False,False,False,False,False,False,False,ec022,0,0,0,0,0,0,0,0,0,0,925,5039,0,0,0,1,3,142,1,0,0,0,0,80,80,0,0,7,0,0,-1,False,False,False,False,False,False,False,True,False,False,False,False,False,False,False,False,False,False,True,False,False,False,True,True
741,飞翔吧，前往维尔利特！,,False,False,False,False,False,False,False,False,False,False,False,False,False,False,False,False,False,False,False,False,False,False,False,False,False,False,False,False,False,False,False,False,False,False,False,False,False,False,False,False,False,ec023,0,0,0,0,0,0,0,0,0,0,926,5040,0,0,0,1,3,142,1,0,0,0,0,80,80,0,0,7,0,0,-1,False,False,False,False,False,False,False,True,False,False,False,False,False,False,False,False,False,False,True,False,False,False,True,True
742,天上福地云冠群岛,,False,False,False,False,False,False,False,False,False,False,False,False,False,False,False,False,False,False,False,False,False,False,False,False,False,False,False,False,False,False,False,False,False,False,False,False,False,False,False,False,False,a2fx_2,0,0,0,0,0,6008,112384,0,0,0,929,28,0,0,0,3,1,32,19,0,0,0,0,10,0,0,0,16,0,0,-1,False,False,False,True,False,False,True,False,False,False,False,False,False,False,True,False,False,False,False,False,False,False,True,True
743,褪色的记忆,,False,False,False,False,False,False,False,False,False,False,False,False,False,False,False,False,False,False,False,False,False,False,False,False,False,False,False,False,False,False,False,False,False,False,False,False,False,False,False,False,False,ec024,0,0,0,0,0,0,0,0,0,0,932,5041,0,490,0,1,3,142,1,0,0,0,0,80,80,0,0,7,0,0,-1,False,False,False,False,False,False,False,True,False,False,False,False,False,False,False,False,False,False,True,False,False,False,True,True
744,,,False,False,False,False,False,False,False,False,False,False,False,False,False,False,False,False,False,False,False,False,False,False,False,False,False,False,False,False,False,False,False,False,False,False,False,False,False,False,False,False,False,,0,0,0,0,0,0,0,0,0,0,0,0,0,0,0,0,0,0,0,0,0,0,0,0,0,0,0,0,0,0,0,False,False,False,False,False,False,False,False,False,False,False,False,False,False,False,False,False,False,False,False,False,False,False,False
745,梦羽宝殿,,False,False,False,False,False,False,False,False,False,False,False,False,False,False,False,False,False,False,False,False,False,False,False,False,False,False,False,False,False,False,False,False,False,False,False,False,False,False,False,False,False,n4c2,0,0,0,0,0,9008,0,0,0,0,924,55008,0,505,0,1,3,108,3,0,0,0,0,1,80,0,0,9,0,0,-1,False,False,False,True,False,False,False,True,False,False,False,False,False,False,False,False,True,False,True,False,False,False,True,True
746,魔术工房玛托雅工作室,,False,True,False,False,False,False,False,False,True,False,False,False,False,False,False,False,False,False,False,False,False,False,False,False,False,False,False,False,False,False,False,False,False,False,False,False,False,False,False,False,False,d4d1,0,0,0,0,296,81,112406,0,0,0,933,76,470,0,85,1,3,108,2,0,0,0,0,80,80,1,0,2,31,0,-1,False,False,False,True,True,False,True,True,True,False,False,True,True,False,True,False,False,False,True,False,False,False,True,True
747,伊甸希望乐园 再生之章2,,False,False,False,False,False,False,False,False,True,False,False,False,False,False,False,False,True,False,False,False,False,False,False,False,False,False,False,False,False,False,False,False,False,False,False,False,False,False,False,False,False,n4ga,0,0,0,0,297,3098,112409,0,0,0,943,30099,485,0,109,1,3,108,3,0,0,0,0,80,80,1,0,5,34,0,-1,False,False,False,True,True,False,True,True,False,False,False,True,True,False,True,False,False,False,True,False,False,False,True,True
748,伊甸零式希望乐园 再生之章2,,False,False,False,False,False,False,False,False,False,False,False,False,False,False,False,False,False,False,False,False,False,False,False,False,False,False,False,False,False,False,False,False,False,False,False,False,False,False,False,False,False,n4ga_2,0,0,0,0,297,3101,112410,0,0,0,947,30100,505,0,121,1,3,108,3,0,0,0,0,80,80,1,0,5,35,0,-1,False,False,False,True,True,False,True,True,False,False,False,True,True,False,True,False,False,False,True,False,False,False,True,True
749,伊甸希望乐园 再生之章1,,False,False,False,False,False,False,False,False,True,False,False,False,False,False,False,False,True,False,False,False,False,False,False,False,False,False,False,False,False,False,False,False,False,False,False,False,False,False,False,False,False,n4g9,0,0,0,0,297,3096,112407,0,0,0,942,30097,485,0,108,1,3,108,3,0,0,0,0,80,80,1,0,5,34,0,-1,False,False,False,True,True,False,True,True,False,False,False,True,True,False,True,False,False,False,True,False,False,False,True,True
750,伊甸零式希望乐园 再生之章1,,False,False,False,False,False,False,False,False,False,False,False,False,False,False,False,False,False,False,False,False,False,False,False,False,False,False,False,False,False,False,False,False,False,False,False,False,False,False,False,False,False,n4g9_2,0,0,0,0,297,3100,112408,0,0,0,946,30098,500,0,120,1,3,108,3,0,0,0,0,80,80,1,0,5,35,0,-1,False,False,False,True,True,False,True,True,False,False,False,True,True,False,True,False,False,False,True,False,False,False,True,True
751,伊甸希望乐园 再生之章3,,False,False,False,False,False,False,False,False,True,False,False,False,False,False,False,False,True,False,False,False,False,False,False,False,False,False,False,False,False,False,False,False,False,False,False,False,False,False,False,False,False,n4gb,0,0,0,0,297,3097,112411,0,0,0,944,30101,485,0,110,1,3,108,3,0,0,0,0,80,80,1,0,5,34,0,-1,False,False,False,True,True,False,True,True,False,False,False,True,True,False,True,False,False,False,True,False,False,False,True,True
752,伊甸零式希望乐园 再生之章3,,False,False,False,False,False,False,False,False,False,False,False,False,False,False,False,False,False,False,False,False,False,False,False,False,False,False,False,False,False,False,False,False,False,False,False,False,False,False,False,False,False,n4gb_2,0,0,0,0,297,3102,112412,0,0,0,948,30102,510,0,122,1,3,108,3,0,0,0,0,80,80,1,0,5,35,0,-1,False,False,False,True,True,False,True,True,False,False,False,True,True,False,True,False,False,False,True,False,False,False,True,True
753,天上福地云冠群岛,,False,False,False,False,False,False,False,False,False,False,False,False,False,False,False,False,False,False,False,False,False,False,False,False,False,False,False,False,False,False,False,False,False,False,False,False,False,False,False,False,False,a2fx_3,0,0,0,0,0,6008,112384,0,0,0,939,29,0,0,0,3,1,32,19,0,0,0,0,10,0,0,0,16,0,0,-1,False,False,False,True,False,False,True,False,False,False,False,False,False,False,True,False,False,False,False,False,False,False,True,True
754,黄金头巾——模仿师格格,,False,False,False,False,False,False,False,False,False,False,False,False,False,False,False,False,False,False,False,False,False,False,False,False,False,False,False,False,False,False,False,False,False,False,False,False,False,False,False,False,False,aoz031,0,0,69529,0,0,0,112332,0,0,0,796,35031,0,0,0,1,2,129,1,0,0,1,0,70,70,0,0,27,0,0,-1,False,False,False,False,False,False,False,True,False,False,False,False,False,False,True,False,False,False,True,False,False,False,True,True
755,九宫幻卡：官方锦标赛,,False,False,False,False,False,False,False,False,False,False,False,False,False,False,False,False,False,False,False,False,False,False,False,False,False,False,False,False,False,False,False,False,False,False,False,False,False,False,False,False,False,w1ee_2,0,7,0,0,0,8013,112415,0,0,0,940,26001,0,0,0,1,0,109,13,3,1,0,0,1,0,0,0,19,4,0,-1,False,False,False,False,False,False,False,False,False,False,False,False,False,False,True,False,False,False,True,False,False,True,True,True
756,九宫幻卡：锦标赛对局室,锦标赛对局室,False,False,False,False,False,False,False,False,False,False,False,False,False,False,False,False,False,False,False,False,False,False,False,False,False,False,False,False,False,False,False,False,False,False,False,False,False,False,False,False,False,w1ee_3,0,0,69566,0,0,8014,112416,0,0,0,941,26002,0,0,2,1,0,109,13,0,0,1,0,1,0,0,0,19,4,0,-1,False,False,False,False,False,False,False,False,False,False,False,True,True,False,True,False,False,False,True,False,False,True,True,True
757,,,False,False,False,False,False,False,False,False,False,False,False,False,False,False,False,False,False,False,False,False,False,False,False,False,False,False,False,False,False,False,False,False,False,False,False,False,False,False,False,False,False,,0,0,0,0,0,0,0,0,0,0,0,0,0,0,0,0,0,0,0,0,0,0,0,0,0,0,0,0,0,0,0,False,False,False,False,False,False,False,False,False,False,False,False,False,False,False,False,False,False,False,False,False,False,False,False
758,伊甸希望乐园 再生之章4,,False,False,False,False,False,False,False,False,True,False,False,False,False,False,False,False,True,False,False,False,False,False,False,False,False,False,False,False,False,False,False,False,False,False,False,False,False,False,False,False,False,n4gc,0,0,0,0,297,3099,112413,0,0,0,945,30103,485,0,111,1,3,108,3,0,0,0,0,80,80,1,0,5,34,0,-1,False,False,False,True,True,False,True,True,False,False,False,True,True,False,True,False,False,False,True,False,False,False,True,True
759,伊甸零式希望乐园 再生之章4,,False,False,False,False,False,False,False,False,False,False,False,False,False,False,False,False,False,False,False,False,False,False,False,False,False,False,False,False,False,False,False,False,False,False,False,False,False,False,False,False,False,n4gc_2,0,0,0,0,297,3103,112414,0,0,0,949,30104,510,0,123,1,3,108,3,0,0,0,0,80,80,1,0,5,35,0,-1,False,False,False,True,True,False,True,True,False,False,False,True,True,False,True,False,False,False,True,False,False,False,True,True
760,女王古殿,,False,False,False,False,False,False,False,False,False,False,False,False,False,False,False,False,False,False,False,False,False,False,False,False,False,False,False,False,False,False,False,False,False,False,False,False,False,False,False,False,False,n4b5,0,0,0,0,299,7008,112417,0,0,0,936,30,0,430,0,3,3,142,26,0,0,0,0,80,80,0,0,29,0,0,-1,False,True,True,False,False,False,True,False,False,False,False,False,False,False,True,False,False,False,True,False,False,True,True,True
761,零式女王古殿,,False,False,False,False,False,False,False,False,False,False,False,False,False,False,False,False,False,False,False,False,False,False,False,False,False,False,False,False,False,False,False,False,False,False,False,False,False,False,False,False,False,n4b5_2,0,0,0,0,299,7009,112418,0,0,0,937,31,0,430,0,3,3,142,28,0,0,0,0,80,80,0,0,29,0,0,-1,False,True,True,False,False,False,True,False,False,False,False,False,False,False,True,False,False,False,True,False,False,False,True,True
762,绿宝石神兵破坏作战,,False,False,False,False,False,True,False,False,True,False,False,False,False,False,False,False,False,False,False,False,False,False,False,False,False,False,False,False,False,False,False,False,False,False,False,False,False,False,False,False,False,n4fg,0,0,0,0,298,2072,112419,0,0,0,934,20073,485,0,165,1,3,108,3,0,0,0,0,80,80,0,0,4,32,0,-1,False,False,False,True,True,False,True,True,False,False,False,True,True,False,True,False,False,False,True,False,False,False,True,True
763,绿宝石神兵狂想作战,,False,False,False,False,False,False,False,False,True,False,False,False,False,False,False,False,False,False,False,False,False,False,False,False,False,False,False,False,False,False,False,False,False,False,False,False,False,False,False,False,False,n4fg_2,0,0,0,0,298,2073,112420,0,0,0,935,20074,500,0,188,1,3,108,3,0,0,0,0,80,80,1,0,4,33,0,-1,False,False,False,True,True,False,True,True,False,False,False,True,True,False,True,False,False,False,True,False,False,False,True,True
764,威尔布兰德扬帆起航,,False,False,False,False,False,False,False,False,False,False,False,False,False,False,False,False,False,False,False,False,False,False,False,False,False,False,False,False,False,False,False,False,False,False,False,False,False,False,False,False,False,ec025,0,0,0,0,0,0,0,0,0,0,954,5042,0,0,0,1,3,142,1,0,0,0,0,80,80,0,0,7,0,0,-1,False,False,False,False,False,False,False,True,False,False,False,False,False,False,False,False,False,False,True,False,False,False,True,True
765,神佑女王,,False,False,False,False,False,False,False,False,False,False,False,False,False,False,False,False,False,False,False,False,False,False,False,False,False,False,False,False,False,False,False,False,False,False,False,False,False,False,False,False,False,ec026,0,0,0,0,0,0,0,0,0,0,955,5043,0,430,0,1,3,142,1,0,0,0,0,80,80,0,0,7,0,0,-1,False,False,False,False,False,False,False,True,False,False,False,False,False,False,False,False,False,False,True,False,False,False,True,True
766,多玛方城战：东风战一般桌（段位战）,东风战一般桌（段位战）,False,False,False,False,False,False,False,False,False,False,False,False,False,False,False,False,False,False,False,False,False,False,False,False,False,False,False,False,False,False,False,False,False,False,False,False,False,False,False,False,False,emj001_h,0,0,0,0,0,8015,112336,0,0,0,831,61005,0,0,52,1,0,109,11,3,1,0,0,1,0,0,0,19,29,0,-1,False,False,False,False,False,False,False,False,False,False,False,True,True,False,True,False,False,False,True,False,False,False,True,True
767,多玛方城战：东风战有段桌（段位战）,东风战有段桌（段位战）,False,False,False,False,False,False,False,False,False,False,False,False,False,False,False,False,False,False,False,False,False,False,False,False,False,False,False,False,False,False,False,False,False,False,False,False,False,False,False,False,False,emj002_h,0,0,0,0,0,8016,112336,0,0,0,831,61006,0,0,53,1,0,109,11,3,1,0,0,1,0,0,0,19,29,0,-1,False,False,False,False,False,False,False,False,False,False,False,True,True,False,True,False,False,False,True,False,False,False,True,True
768,多玛方城战：东风战4人亲友桌（带食断）,东风战4人亲友桌（带食断）,False,False,False,False,False,False,False,False,False,False,False,False,False,False,False,False,False,False,False,False,False,False,False,False,False,False,False,False,False,False,False,False,False,False,False,False,False,False,False,False,False,emj003_h,0,0,0,0,0,8017,112336,0,0,0,831,61007,0,0,54,1,0,109,11,1,0,0,0,1,0,0,0,19,29,0,-1,False,False,False,False,False,False,False,False,False,False,False,True,True,False,True,False,False,False,True,False,True,False,True,True
769,多玛方城战：东风战4人亲友桌（不带食断）,东风战4人亲友桌（不带食断）,False,False,False,False,False,False,False,False,False,False,False,False,False,False,False,False,False,False,False,False,False,False,False,False,False,False,False,False,False,False,False,False,False,False,False,False,False,False,False,False,False,emj004_h,0,0,0,0,0,8018,112336,0,0,0,831,61008,0,0,55,1,0,109,11,1,0,0,0,1,0,0,0,19,29,0,-1,False,False,False,False,False,False,False,False,False,False,False,True,True,False,True,False,False,False,True,False,True,False,True,True
770,出海垂钓,,False,False,False,False,False,False,False,False,False,False,False,False,False,False,False,False,False,False,False,False,False,False,False,False,False,False,False,False,False,False,False,False,False,False,False,False,False,False,False,False,False,ikd007,0,5,69379,0,0,6009,112383,0,0,0,900,63006,0,0,0,1,0,19,25,0,0,1,0,1,0,0,0,16,0,0,-1,False,False,False,True,False,False,False,False,False,False,False,False,False,False,True,False,False,False,True,False,False,True,True,True
771,出海垂钓,,False,False,False,False,False,False,False,False,False,False,False,False,False,False,False,False,False,False,False,False,False,False,False,False,False,False,False,False,False,False,False,False,False,False,False,False,False,False,False,False,False,ikd008,0,5,69379,0,0,6009,112383,0,0,0,900,63007,0,0,0,1,0,19,25,0,0,1,0,1,0,0,0,16,0,0,-1,False,False,False,True,False,False,False,False,False,False,False,False,False,False,True,False,False,False,True,False,False,True,True,True
772,出海垂钓,,False,False,False,False,False,False,False,False,False,False,False,False,False,False,False,False,False,False,False,False,False,False,False,False,False,False,False,False,False,False,False,False,False,False,False,False,False,False,False,False,False,ikd009,0,5,69379,0,0,6009,112383,0,0,0,900,63008,0,0,0,1,0,19,25,0,0,1,0,1,0,0,0,16,0,0,-1,False,False,False,True,False,False,False,False,False,False,False,False,False,False,True,False,False,False,True,False,False,True,True,True
773,出海垂钓,,False,False,False,False,False,False,False,False,False,False,False,False,False,False,False,False,False,False,False,False,False,False,False,False,False,False,False,False,False,False,False,False,False,False,False,False,False,False,False,False,False,ikd010,0,5,69379,0,0,6009,112383,0,0,0,900,63009,0,0,0,1,0,19,25,0,0,1,0,1,0,0,0,16,0,0,-1,False,False,False,True,False,False,False,False,False,False,False,False,False,False,True,False,False,False,True,False,False,True,True,True
774,出海垂钓,,False,False,False,False,False,False,False,False,False,False,False,False,False,False,False,False,False,False,False,False,False,False,False,False,False,False,False,False,False,False,False,False,False,False,False,False,False,False,False,False,False,ikd011,0,5,69379,0,0,6009,112383,0,0,0,900,63010,0,0,0,1,0,19,25,0,0,1,0,1,0,0,0,16,0,0,-1,False,False,False,True,False,False,False,False,False,False,False,False,False,False,True,False,False,False,True,False,False,True,True,True
775,出海垂钓,,False,False,False,False,False,False,False,False,False,False,False,False,False,False,False,False,False,False,False,False,False,False,False,False,False,False,False,False,False,False,False,False,False,False,False,False,False,False,False,False,False,ikd012,0,5,69379,0,0,6009,112383,0,0,0,900,63011,0,0,0,1,0,19,25,0,0,1,0,1,0,0,0,16,0,0,-1,False,False,False,True,False,False,False,False,False,False,False,False,False,False,True,False,False,False,True,False,False,True,True,True
776,,,False,False,False,False,False,False,False,False,False,False,False,False,False,False,False,False,False,False,False,False,False,False,False,False,False,False,False,False,False,False,False,False,False,False,False,False,False,False,False,False,False,,0,0,0,0,0,0,0,0,0,0,0,0,0,0,0,0,0,0,0,0,0,0,0,0,0,0,0,0,0,0,0,False,False,False,False,False,False,False,False,False,False,False,False,False,False,False,False,False,False,False,False,False,False,False,False
777,黄金平原帕戈尔赞草原,,False,True,False,False,False,False,False,False,True,False,False,False,False,False,False,False,False,False,False,False,False,False,False,False,False,False,False,False,False,False,False,False,False,False,False,False,False,False,False,False,False,w4d1,0,0,0,0,296,82,112428,0,0,0,938,77,490,0,86,1,3,108,2,0,0,0,0,80,80,1,0,2,31,0,-1,False,False,False,True,True,False,True,True,True,False,False,True,True,False,True,False,False,False,True,False,False,False,True,True
778,扎杜诺尔高原,,False,False,False,False,False,False,False,False,False,False,False,False,False,False,False,False,False,False,False,False,False,False,False,False,False,False,False,False,False,False,False,False,False,False,False,False,False,False,False,False,False,n4b6,0,0,0,0,299,7010,112432,0,0,0,975,33,0,430,0,3,3,142,12,0,0,0,0,71,80,0,0,29,0,0,-1,False,False,True,True,False,False,True,False,False,False,False,False,False,False,True,False,False,False,False,False,False,False,True,True
779,希望之炮台：“塔”,,False,False,False,False,False,False,False,False,True,False,False,False,False,False,True,False,False,False,False,False,False,False,False,False,False,False,False,False,False,False,False,False,False,False,False,False,False,False,False,False,False,n4r3,0,0,0,0,297,3104,112431,0,0,0,966,30105,495,0,97,1,3,108,4,0,0,0,0,80,80,2,0,5,36,0,-1,False,False,False,True,True,False,True,True,False,False,False,True,True,False,True,False,False,False,True,False,False,False,True,True
780,死斗至黎明,,False,False,False,False,False,False,False,False,False,False,False,False,False,False,False,False,False,False,False,False,False,False,False,False,False,False,False,False,False,False,False,False,False,False,False,False,False,False,False,False,False,ec027,0,0,0,0,0,0,0,0,0,0,977,5044,0,0,0,1,3,142,1,0,0,0,0,80,80,0,0,7,0,0,-1,False,False,False,False,False,False,False,True,False,False,False,False,False,False,False,False,False,False,True,False,False,False,True,True
781,钻石神兵捕获作战,,False,False,False,False,False,True,False,False,True,False,False,False,False,False,False,False,False,False,False,False,False,False,False,False,False,False,False,False,False,False,False,False,False,False,False,False,False,False,False,False,False,n4fh,0,0,0,0,298,2075,112429,0,0,0,950,20075,495,0,166,1,3,108,3,0,0,0,0,80,80,0,0,4,32,0,-1,False,False,False,True,True,False,True,True,False,False,False,True,True,False,True,False,False,False,True,False,False,False,True,True
782,钻石神兵狂想作战,,False,False,False,False,False,False,False,False,True,False,False,False,False,False,False,False,False,False,False,False,False,False,False,False,False,False,False,False,False,False,False,False,False,False,False,False,False,False,False,False,False,n4fh_2,0,0,0,0,298,2076,112430,0,0,0,951,20076,510,0,190,1,3,108,3,0,0,0,0,80,80,1,0,4,33,0,-1,False,False,False,True,True,False,True,True,False,False,False,True,True,False,True,False,False,False,True,False,False,False,True,True
783,异形楼阁佐特塔,,True,False,False,False,False,False,False,False,True,False,False,False,False,False,False,False,False,False,False,False,False,False,False,False,False,False,False,False,False,False,False,False,False,False,False,False,False,False,False,False,False,m5d1,0,0,0,0,300,83,112435,0,0,0,952,78,500,0,87,1,4,108,2,0,0,0,0,81,82,1,0,2,37,0,-1,False,False,False,True,True,False,True,True,True,False,False,True,True,False,True,False,False,False,True,False,False,False,True,True
784,电脑梦境斯提格玛四,,False,True,False,False,False,False,False,False,True,False,False,False,False,False,False,False,False,False,False,False,False,False,False,False,False,False,False,False,False,False,False,False,False,False,False,False,False,False,False,False,False,u5d3,0,0,0,0,300,84,112442,0,0,0,986,79,540,600,94,1,4,108,2,0,0,0,0,90,90,1,0,2,37,0,-1,False,False,False,True,True,False,True,True,True,False,False,True,True,False,True,False,False,False,True,False,False,False,True,True
785,魔导神门巴别塔,,True,False,False,False,False,False,False,False,True,False,False,False,False,False,False,False,False,False,False,False,False,False,False,False,False,False,False,False,False,False,False,False,False,False,False,False,False,False,False,False,False,m5d2,0,0,0,0,300,85,112436,0,0,0,969,80,505,0,88,1,4,108,2,0,0,0,0,83,84,1,0,2,37,0,-1,False,False,False,True,True,False,True,True,True,False,False,True,True,False,True,False,False,False,True,False,False,False,True,True
786,星海深幽寻因星晶镜,,True,False,False,False,False,False,False,False,True,False,False,False,False,False,False,False,False,False,False,False,False,False,False,False,False,False,False,False,False,False,False,False,False,False,False,False,False,False,False,False,False,k5d1,0,0,0,0,300,86,112439,0,0,0,978,81,520,550,91,1,4,108,2,0,0,0,0,89,90,1,0,2,37,0,-1,False,False,False,True,True,False,True,True,True,False,False,True,True,False,True,False,False,False,True,False,False,False,True,True
787,创造环境极北造物院,,True,False,False,False,False,False,False,False,True,False,False,False,False,False,False,False,False,False,False,False,False,False,False,False,False,False,False,False,False,False,False,False,False,False,False,False,False,False,False,False,False,n5d1,0,0,0,0,300,87,112438,0,0,0,974,82,515,0,90,1,4,108,2,0,0,0,0,87,88,1,0,2,37,0,-1,False,False,False,True,True,False,True,True,True,False,False,True,True,False,True,False,False,False,True,False,False,False,True,True
788,幻想龙诗绝境战,,False,False,False,False,False,False,False,False,False,False,False,False,False,False,False,False,False,False,False,False,False,False,False,False,False,False,False,False,False,False,False,False,False,False,False,False,False,False,False,False,False,r1fz,0,0,0,0,301,3105,112469,0,0,0,968,30106,0,605,1004,1,4,142,3,1,0,0,0,90,90,0,3,28,0,0,-1,False,False,False,False,False,False,False,False,False,False,False,True,False,True,True,False,False,False,True,False,False,False,True,True
789,末日树海万相森国,,True,False,False,False,False,False,False,False,True,False,False,False,False,False,False,False,False,False,False,False,False,False,False,False,False,False,False,False,False,False,False,False,False,False,False,False,False,False,False,False,False,m5d3,0,0,0,0,300,88,112437,0,0,0,970,83,510,0,89,1,4,108,2,0,0,0,0,85,86,1,0,2,37,0,-1,False,False,False,True,True,False,True,True,True,False,False,True,True,False,True,False,False,False,True,False,False,False,True,True
790,海德林歼灭战,,False,False,False,False,False,True,False,False,True,False,False,False,False,False,False,False,False,False,False,False,False,False,False,False,False,False,False,False,False,False,False,False,False,False,False,False,False,False,False,False,False,k5fa,0,0,0,0,302,2077,112445,0,0,0,995,20077,0,550,201,1,4,108,3,0,0,0,0,89,90,0,0,4,38,0,-1,False,False,False,True,True,False,True,True,False,False,False,True,True,False,True,False,False,False,True,False,False,False,True,True
791,海德林晖光歼灭战,,False,False,False,False,False,False,False,False,True,False,False,False,False,False,False,False,False,False,False,False,False,False,False,False,False,False,False,False,False,False,False,False,False,False,False,False,False,False,False,False,False,k5fa_2,0,0,0,0,302,2078,112446,0,0,0,996,20078,560,0,211,1,4,108,3,0,0,0,0,90,90,1,0,4,39,0,-1,False,False,False,True,True,False,True,True,False,False,False,True,True,False,True,False,False,False,True,False,False,False,True,True
792,最终幻想末世终迹,,False,True,False,False,False,False,False,False,True,False,False,False,False,False,False,False,False,False,False,False,False,False,False,False,False,False,False,False,False,False,False,False,False,False,False,False,False,False,False,False,False,u5d1,0,0,0,0,300,89,112440,0,0,0,973,84,540,570,92,1,4,108,2,0,0,0,0,90,90,1,0,2,37,0,-1,False,False,False,True,True,False,True,True,True,False,False,True,True,False,True,False,False,False,True,False,False,False,True,True
793,无尽寒夜,,False,False,False,False,False,False,False,False,False,False,False,False,False,False,False,False,False,False,False,False,False,False,False,False,False,False,False,False,False,False,False,False,False,False,False,False,False,False,False,False,False,ec029,0,0,0,0,0,0,0,0,0,0,1011,5045,0,0,0,1,4,142,1,0,0,0,0,83,83,0,0,7,0,0,-1,False,False,False,False,False,False,False,True,False,False,False,False,False,False,False,False,False,False,True,False,False,False,True,True
794,乐园都市笑笑镇,,False,True,False,False,False,False,False,False,True,False,False,False,False,False,False,False,False,False,False,False,False,False,False,False,False,False,False,False,False,False,False,False,False,False,False,False,False,False,False,False,False,u5d2,0,0,0,0,300,90,112441,0,0,0,976,85,540,600,93,1,4,108,2,0,0,0,0,90,90,1,0,2,37,0,-1,False,False,False,True,True,False,True,True,True,False,False,True,True,False,True,False,False,False,True,False,False,False,True,True
795,上一任阿谢姆的教导,,False,False,False,False,False,False,False,False,False,False,False,False,False,False,False,False,False,False,False,False,False,False,False,False,False,False,False,False,False,False,False,False,False,False,False,False,False,False,False,False,False,ec032,0,0,0,0,0,0,0,0,0,0,1014,5046,0,0,0,1,4,142,1,0,0,0,0,87,88,0,0,7,0,0,-1,False,False,False,False,False,False,True,True,False,False,False,False,False,False,False,False,False,False,True,False,False,False,True,True
796,终结之战,,False,False,False,False,False,True,False,False,True,False,False,False,False,False,False,False,False,False,False,False,False,False,False,False,False,False,False,False,False,False,False,False,False,False,False,False,False,False,False,False,False,u5fb,0,0,0,0,302,2079,112447,0,0,0,997,20079,540,570,202,1,4,108,3,0,0,0,0,90,90,0,0,4,38,0,-1,False,False,False,True,True,False,True,True,False,False,False,True,True,False,True,False,False,False,True,False,False,False,True,True
797,滑稽灵殿闹鬼盛宴,,False,False,False,False,False,False,False,False,False,False,False,False,False,False,False,False,False,False,False,False,False,False,False,False,False,False,False,False,False,False,False,False,False,False,False,False,False,False,False,False,False,f1db,0,0,69531,0,0,91,112456,80103,0,0,994,25003,0,0,0,1,0,108,11,0,0,1,0,1,1,1,0,22,0,0,-1,False,False,False,False,False,False,False,True,False,False,False,False,False,False,True,False,False,False,True,False,False,False,True,True
798,晓月之终途,,False,False,False,False,False,False,False,False,False,False,False,False,False,False,False,False,False,False,False,False,False,False,False,False,False,False,False,False,False,False,False,False,False,False,False,False,False,False,False,False,False,ec031,0,0,0,0,0,0,0,0,0,0,1013,5047,0,550,0,1,4,142,1,0,0,0,0,90,90,0,0,7,0,0,-1,False,False,False,False,False,False,True,True,False,False,False,False,False,False,False,False,False,False,True,False,False,False,True,True
799,驶向融合的巨轮,,False,False,False,False,False,False,False,False,False,False,False,False,False,False,False,False,False,False,False,False,False,False,False,False,False,False,False,False,False,False,False,False,False,False,False,False,False,False,False,False,False,ec034,0,0,0,0,0,0,0,0,0,0,1016,5048,0,550,0,1,4,108,1,0,0,0,0,90,90,0,0,7,0,0,-1,False,False,False,False,False,False,True,True,False,False,False,False,False,False,False,False,False,False,True,False,False,False,True,True
800,万魔殿 边境之狱4,,False,False,False,False,False,False,False,False,True,False,False,False,False,False,False,False,True,False,False,False,False,False,False,False,False,False,False,False,False,False,False,False,False,False,False,False,False,False,False,False,False,n5r4,0,0,0,0,301,3109,112454,0,0,0,1008,30107,565,0,137,1,4,108,3,0,0,0,0,90,90,1,0,5,40,0,-1,False,False,False,True,True,False,True,True,False,False,False,True,True,False,True,False,False,False,True,False,False,False,True,True
801,零式万魔殿 边境之狱4,,False,False,False,False,False,False,False,False,False,False,False,False,False,False,False,False,False,False,False,False,False,False,False,False,False,False,False,False,False,False,False,False,False,False,False,False,False,False,False,False,False,n5r4_2,0,0,0,0,301,3113,112455,0,0,0,1009,30108,580,0,149,1,4,108,3,0,0,0,0,90,90,1,0,5,41,0,-1,False,False,False,True,True,False,True,True,False,False,False,True,True,False,True,False,False,False,True,False,False,False,True,True
802,佐迪亚克歼灭战,,False,False,False,False,False,True,False,False,True,False,False,False,False,False,False,False,False,False,False,False,False,False,False,False,False,False,False,False,False,False,False,False,False,False,False,False,False,False,False,False,False,u5fa,0,0,0,0,302,2080,112443,0,0,0,992,20080,0,0,200,1,4,108,3,0,0,0,0,83,84,0,0,4,38,0,-1,False,False,False,True,True,False,True,True,False,False,False,True,True,False,True,False,False,False,True,False,False,False,True,True
803,佐迪亚克暝暗歼灭战,,False,False,False,False,False,False,False,False,True,False,False,False,False,False,False,False,False,False,False,False,False,False,False,False,False,False,False,False,False,False,False,False,False,False,False,False,False,False,False,False,False,u5fa_2,0,0,0,0,302,2081,112444,0,0,0,993,20081,560,0,210,1,4,108,3,0,0,0,0,90,90,1,0,4,39,0,-1,False,False,False,True,True,False,True,True,False,False,False,True,True,False,True,False,False,False,True,False,False,False,True,True
804,扩散的末日,,False,False,False,False,False,False,False,False,False,False,False,False,False,False,False,False,False,False,False,False,False,False,False,False,False,False,False,False,False,False,False,False,False,False,False,False,False,False,False,False,False,ec030,0,0,0,0,0,0,0,0,0,0,1012,5049,0,0,0,1,4,108,1,0,0,0,0,88,88,0,0,7,0,0,-1,False,False,False,False,False,False,True,True,False,False,False,False,False,False,False,False,False,False,True,False,False,False,True,True
805,未来之路,,False,False,False,False,False,False,False,False,False,False,False,False,False,False,False,False,False,False,False,False,False,False,False,False,False,False,False,False,False,False,False,False,False,False,False,False,False,False,False,False,False,ec033,0,0,0,0,0,0,0,0,0,0,1015,5050,0,550,0,1,4,108,1,0,0,0,0,90,90,0,0,7,0,0,-1,False,False,False,False,False,False,True,True,False,False,False,False,False,False,False,False,False,False,True,False,False,False,True,True
806,万魔殿 边境之狱3,,False,False,False,False,False,False,False,False,True,False,False,False,False,False,False,False,True,False,False,False,False,False,False,False,False,False,False,False,False,False,False,False,False,False,False,False,False,False,False,False,False,n5r3,0,0,0,0,301,3108,112452,0,0,0,1006,30109,565,0,136,1,4,108,3,0,0,0,0,90,90,1,0,5,40,0,-1,False,False,False,True,True,False,True,True,False,False,False,True,True,False,True,False,False,False,True,False,False,False,True,True
807,零式万魔殿 边境之狱3,,False,False,False,False,False,False,False,False,False,False,False,False,False,False,False,False,False,False,False,False,False,False,False,False,False,False,False,False,False,False,False,False,False,False,False,False,False,False,False,False,False,n5r3_2,0,0,0,0,301,3112,112453,0,0,0,1007,30110,580,0,148,1,4,108,3,0,0,0,0,90,90,1,0,5,41,0,-1,False,False,False,True,True,False,True,True,False,False,False,True,True,False,True,False,False,False,True,False,False,False,True,True
808,万魔殿 边境之狱1,,False,False,False,False,False,False,False,False,True,False,False,False,False,False,False,False,True,False,False,False,False,False,False,False,False,False,False,False,False,False,False,False,False,False,False,False,False,False,False,False,False,n5r1,0,0,0,0,301,3106,112448,0,0,0,1002,30111,565,0,134,1,4,108,3,0,0,0,0,90,90,1,0,5,40,0,-1,False,False,False,True,True,False,True,True,False,False,False,True,True,False,True,False,False,False,True,False,False,False,True,True
809,零式万魔殿 边境之狱1,,False,False,False,False,False,False,False,False,False,False,False,False,False,False,False,False,False,False,False,False,False,False,False,False,False,False,False,False,False,False,False,False,False,False,False,False,False,False,False,False,False,n5r1_2,0,0,0,0,301,3110,112449,0,0,0,1003,30112,570,0,146,1,4,108,3,0,0,0,0,90,90,1,0,5,41,0,-1,False,False,False,True,True,False,True,True,False,False,False,True,True,False,True,False,False,False,True,False,False,False,True,True
810,万魔殿 边境之狱2,,False,False,False,False,False,False,False,False,True,False,False,False,False,False,False,False,True,False,False,False,False,False,False,False,False,False,False,False,False,False,False,False,False,False,False,False,False,False,False,False,False,n5r2,0,0,0,0,301,3107,112450,0,0,0,1004,30113,565,0,135,1,4,108,3,0,0,0,0,90,90,1,0,5,40,0,-1,False,False,False,True,True,False,True,True,False,False,False,True,True,False,True,False,False,False,True,False,False,False,True,True
811,零式万魔殿 边境之狱2,,False,False,False,False,False,False,False,False,False,False,False,False,False,False,False,False,False,False,False,False,False,False,False,False,False,False,False,False,False,False,False,False,False,False,False,False,False,False,False,False,False,n5r2_2,0,0,0,0,301,3111,112451,0,0,0,1005,30114,575,0,147,1,4,108,3,0,0,0,0,90,90,1,0,5,41,0,-1,False,False,False,True,True,False,True,True,False,False,False,True,True,False,True,False,False,False,True,False,False,False,True,True
812,踏破风雪,,False,False,False,False,False,False,False,False,False,False,False,False,False,False,False,False,False,False,False,False,False,False,False,False,False,False,False,False,False,False,False,False,False,False,False,False,False,False,False,False,False,ec028,0,0,0,0,0,0,0,0,0,0,1010,5051,0,0,0,1,4,108,1,0,0,0,0,82,82,0,0,7,0,0,-1,False,False,False,False,False,False,False,True,False,False,False,False,False,False,False,False,False,False,True,False,False,False,True,True
813,贤者的短杖,,False,False,False,False,False,False,False,False,False,False,False,False,False,False,False,False,False,False,False,False,False,False,False,False,False,False,False,False,False,False,False,False,False,False,False,False,False,False,False,False,False,ec040,0,0,0,0,0,0,0,0,0,0,1022,5052,0,395,0,1,4,108,1,0,0,0,0,70,70,0,0,7,0,0,-1,False,False,False,False,False,False,False,True,False,False,False,False,False,False,False,False,False,False,True,False,False,False,True,True
814,大镰的意义,,False,False,False,False,False,False,False,False,False,False,False,False,False,False,False,False,False,False,False,False,False,False,False,False,False,False,False,False,False,False,False,False,False,False,False,False,False,False,False,False,False,ec038,0,0,0,0,0,0,0,0,0,0,1020,5053,0,395,0,1,4,108,1,0,0,0,0,70,70,0,0,7,0,0,-1,False,False,False,False,False,False,False,True,False,False,False,False,False,False,False,False,False,False,True,False,False,False,True,True
815,仰望苍穹，不断迈进,,False,False,False,False,False,False,False,False,False,False,False,False,False,False,False,False,False,False,False,False,False,False,False,False,False,False,False,False,False,False,False,False,False,False,False,False,False,False,False,False,False,ec036,0,0,0,0,0,0,0,0,0,0,1018,5054,0,550,0,1,4,108,1,0,0,0,0,90,90,0,0,7,0,0,-1,False,False,False,False,False,False,True,True,False,False,False,False,False,False,False,False,False,False,True,False,False,False,True,True
816,暗杀道,,False,False,False,False,False,False,False,False,False,False,False,False,False,False,False,False,False,False,False,False,False,False,False,False,False,False,False,False,False,False,False,False,False,False,False,False,False,False,False,False,False,ec039,0,0,0,0,0,0,0,0,0,0,1021,5055,0,525,0,1,4,108,1,0,0,0,0,80,80,0,0,7,0,0,-1,False,False,False,False,False,False,False,True,False,False,False,False,False,False,False,False,False,False,True,False,False,False,True,True
817,生命瞬逝，术道恒久,,False,False,False,False,False,False,False,False,False,False,False,False,False,False,False,False,False,False,False,False,False,False,False,False,False,False,False,False,False,False,False,False,False,False,False,False,False,False,False,False,False,ec041,0,0,0,0,0,0,0,0,0,0,1023,5056,0,525,0,1,4,108,1,0,0,0,0,80,80,0,0,7,0,0,-1,False,False,False,False,False,False,False,True,False,False,False,False,False,False,False,False,False,False,True,False,False,False,True,True
818,英魂安息,,False,False,False,False,False,False,False,False,False,False,False,False,False,False,False,False,False,False,False,False,False,False,False,False,False,False,False,False,False,False,False,False,False,False,False,False,False,False,False,False,False,ec035,0,0,0,0,0,0,0,0,0,0,1017,5057,0,550,0,1,4,108,1,0,0,0,0,90,90,0,0,7,0,0,-1,False,False,False,False,False,False,True,True,False,False,False,False,False,False,False,False,False,False,True,False,False,False,True,True
819,惊奇百宝城,,False,False,False,False,False,False,False,False,False,False,False,False,False,False,False,False,False,False,False,False,False,False,False,False,False,False,False,False,False,False,False,False,False,False,False,False,False,False,False,False,False,u5c1,0,0,0,0,0,9009,0,0,0,0,1000,55009,0,635,0,1,4,108,3,0,0,0,0,1,90,0,0,9,0,0,-1,False,False,False,True,False,False,False,True,False,False,False,False,False,False,False,False,True,False,True,False,False,False,True,True
820,目送生者前行,,False,False,False,False,False,False,False,False,False,False,False,False,False,False,False,False,False,False,False,False,False,False,False,False,False,False,False,False,False,False,False,False,False,False,False,False,False,False,False,False,False,ec037,0,0,0,0,0,0,0,0,0,0,1019,5058,0,550,0,1,4,108,1,0,0,0,0,90,90,0,0,7,0,0,-1,False,False,False,False,False,False,True,True,False,False,False,False,False,False,False,False,False,False,True,False,False,False,True,True
821,,,False,False,False,False,False,False,False,False,False,False,False,False,False,False,False,False,False,False,False,False,False,False,False,False,False,False,False,False,False,False,False,False,False,False,False,False,False,False,False,False,False,,0,0,0,0,0,0,0,0,0,0,0,0,0,0,0,0,0,0,0,0,0,0,0,0,0,0,0,0,0,0,0,False,False,False,False,False,False,False,False,False,False,False,False,False,False,False,False,False,False,False,False,False,False,False,False
822,间歇灵泉哈姆岛,,False,True,False,False,False,False,False,False,True,False,False,False,False,False,False,False,False,False,False,False,False,False,False,False,False,False,False,False,False,False,False,False,False,False,False,False,False,False,False,False,False,k5d2,0,0,0,0,300,95,112521,0,0,0,1126,90,605,0,98,1,4,108,2,0,0,0,0,90,90,1,0,2,37,0,-1,False,False,False,True,True,False,True,True,True,False,False,True,True,False,True,False,False,False,True,False,False,False,True,True
823,异界深渊月面地下溪谷,,False,True,False,False,False,False,False,False,True,False,False,False,False,False,False,False,False,False,False,False,False,False,False,False,False,False,False,False,False,False,False,False,False,False,False,False,False,False,False,False,False,z5d2,0,0,0,0,300,96,112543,0,0,0,1164,91,620,0,99,1,4,108,2,0,0,0,0,90,90,1,0,2,37,0,-1,False,False,False,True,True,False,True,True,True,False,False,True,True,False,True,False,False,False,True,False,False,False,True,True
824,通天绝壁沃刻佐莫山,,True,False,False,False,False,False,False,False,True,False,False,False,False,False,False,False,False,False,False,False,False,False,False,False,False,False,False,False,False,False,False,False,False,False,False,False,False,False,False,False,False,y6d2,0,0,0,0,305,97,112555,0,0,0,1193,92,635,0,101,1,5,108,2,0,0,0,0,93,94,1,0,2,45,0,-1,False,False,False,False,False,False,True,True,True,False,False,True,True,False,True,False,False,False,True,False,False,False,True,True
825,魂魄工厂创生设施,,True,False,False,False,False,False,False,False,True,False,False,False,False,False,False,False,False,False,False,False,False,False,False,False,False,False,False,False,False,False,False,False,False,False,False,False,False,False,False,False,False,x6d2,0,0,0,0,305,98,112558,0,0,0,1208,93,650,680,104,1,5,108,2,0,0,0,0,99,100,1,0,2,45,0,-1,False,False,False,False,False,False,True,True,True,False,False,True,True,False,True,False,False,False,True,False,False,False,True,True
826,丛林竞流生息河岸,,True,False,False,False,False,False,False,False,True,False,False,False,False,False,False,False,False,False,False,False,False,False,False,False,False,False,False,False,False,False,False,False,False,False,False,False,False,False,False,False,False,y6d1,0,0,0,0,305,99,112554,0,0,0,1167,94,630,0,100,1,5,108,2,0,0,0,0,91,92,1,0,2,45,0,-1,False,False,False,False,False,False,True,True,True,False,False,True,True,False,True,False,False,False,True,False,False,False,True,True
827,忆中金曦亚历山德里亚,,False,False,False,False,False,False,False,True,True,False,False,False,False,False,False,False,False,False,False,False,False,False,False,False,False,False,False,False,False,False,False,False,False,False,False,False,False,False,False,False,False,x6d3,0,0,0,0,305,100,112559,0,0,0,1199,95,670,700,105,1,5,108,2,0,0,0,0,100,100,1,0,2,45,0,-1,False,False,False,False,False,False,True,True,True,False,False,True,True,False,True,False,False,False,True,False,False,False,True,True
828,一位国王，一位父亲,,False,False,False,False,False,False,False,False,False,False,False,False,False,False,False,False,False,False,False,False,False,False,False,False,False,False,False,False,False,False,False,False,False,False,False,False,False,False,False,False,False,ec050,0,0,0,0,0,0,0,0,0,0,1210,5068,0,655,0,1,5,142,1,0,0,0,0,92,92,0,0,7,0,0,-1,False,False,False,False,False,False,False,True,False,False,False,False,False,False,False,False,False,False,True,False,False,False,True,True
829,神圣禁地深空天坑,,True,False,False,False,False,False,False,False,True,False,False,False,False,False,False,False,False,False,False,False,False,False,False,False,False,False,False,False,False,False,False,False,False,False,False,False,False,False,False,False,False,y6d3,0,0,0,0,305,101,112556,0,0,0,1194,96,640,0,102,1,5,108,2,0,0,0,0,95,96,1,0,2,45,0,-1,False,False,False,False,False,False,True,True,True,False,False,True,True,False,True,False,False,False,True,False,False,False,True,True
830,究极神兵破坏作战,,False,False,True,False,False,False,False,False,True,False,False,False,False,False,False,False,False,False,False,False,False,False,False,False,False,False,False,False,False,False,False,False,False,False,False,False,False,False,False,False,False,w1d5_battle,0,0,0,0,286,2083,112468,0,0,0,1048,20082,42,60,4,1,0,108,2,0,0,0,0,50,50,0,0,4,8,0,-1,False,False,False,True,True,False,True,True,False,False,False,True,True,False,True,False,False,False,True,False,False,False,True,True
831,前哨基地先锋营,,True,False,False,False,False,False,False,False,True,False,False,False,False,False,False,False,False,False,False,False,False,False,False,False,False,False,False,False,False,False,False,False,False,False,False,False,False,False,False,False,False,x6d1,0,0,0,0,305,102,112557,0,0,0,1198,97,645,0,103,1,5,108,2,0,0,0,0,97,98,1,0,2,45,0,-1,False,False,False,False,False,False,True,True,True,False,False,True,True,False,True,False,False,False,True,False,False,False,True,True
832,艳翼蛇鸟歼灭战,,False,False,False,False,False,True,False,False,True,False,False,False,False,False,False,False,False,False,False,False,False,False,False,False,False,False,False,False,False,False,False,False,False,False,False,False,False,False,False,False,False,y6fa,0,0,0,0,307,2099,112562,0,0,0,1195,20093,0,0,220,1,5,108,3,0,0,0,0,93,94,0,0,4,46,0,-1,False,False,False,False,False,False,True,True,False,False,False,True,True,False,True,False,False,False,True,False,False,False,True,True
833,艳翼蛇鸟歼殛战,,False,False,False,False,False,False,False,False,False,False,False,False,False,False,False,False,False,False,False,False,False,False,False,False,False,False,False,False,False,False,False,False,False,False,False,False,False,False,False,False,False,y6fa_2,0,0,0,0,307,2100,112563,0,0,0,1196,20094,690,0,240,1,5,108,3,0,0,0,0,100,100,1,0,4,47,0,-1,False,False,False,False,False,False,True,True,False,False,False,True,True,False,True,False,False,False,True,False,False,False,True,True
834,荒野秘境仙人刺谷,,False,False,False,False,False,False,False,True,True,False,False,False,False,False,False,False,False,False,False,False,False,False,False,False,False,False,False,False,False,False,False,False,False,False,False,False,False,False,False,False,False,x6d4,0,0,0,0,305,103,112560,0,0,0,1203,98,670,730,106,1,5,108,2,0,0,0,0,100,100,1,0,2,45,0,-1,False,False,False,False,False,False,True,True,True,False,False,True,True,False,True,False,False,False,True,False,False,False,True,True
835,角力学校,,False,False,False,False,False,False,False,False,False,False,False,False,False,False,False,False,False,False,False,False,False,False,False,False,False,False,False,False,False,False,False,False,False,False,False,False,False,False,False,True,False,mks_c01_s5p1,0,8,0,0,0,4034,112471,0,2,0,1032,40027,0,0,0,1,0,146,29,3,2,0,0,30,0,0,0,6,43,0,-1,True,True,False,False,False,False,False,False,False,False,False,False,False,False,True,False,False,False,True,False,True,False,True,True
836,火山之心,,False,False,False,False,False,False,False,False,False,False,False,False,False,False,False,False,False,False,False,False,False,False,False,False,False,False,False,False,False,False,False,False,False,False,False,False,False,False,False,True,False,mks_c01_s5p2,0,9,0,0,0,4035,112471,0,2,0,1033,40028,0,0,1,1,0,146,29,3,2,0,0,30,0,0,0,6,43,0,-1,True,True,False,False,False,False,False,False,False,False,False,False,False,False,True,False,False,False,True,False,True,False,True,True
837,九霄云上,,False,False,False,False,False,False,False,False,False,False,False,False,False,False,False,False,False,False,False,False,False,False,False,False,False,False,False,False,False,False,False,False,False,False,False,False,False,False,False,True,False,mks_c01_s5p3,0,10,0,0,0,4036,112471,0,2,0,1034,40029,0,0,2,1,0,146,29,3,2,0,0,30,0,0,0,6,43,0,-1,True,True,False,False,False,False,False,False,False,False,False,False,False,False,True,False,False,False,True,False,True,False,True,True
838,角力学校,,False,False,False,False,False,False,False,False,False,False,False,False,False,False,False,False,False,False,False,False,False,False,False,False,False,False,False,False,False,False,False,False,False,False,False,False,False,False,False,True,False,mks_c02_s5p1,0,8,0,0,0,4037,112471,0,2,0,1032,40027,0,0,3,1,0,146,29,3,2,0,0,30,0,0,0,6,43,0,-1,True,True,False,False,False,False,False,False,False,False,False,False,False,False,True,False,False,False,True,False,True,False,True,True
839,火山之心,,False,False,False,False,False,False,False,False,False,False,False,False,False,False,False,False,False,False,False,False,False,False,False,False,False,False,False,False,False,False,False,False,False,False,False,False,False,False,False,True,False,mks_c02_s5p2,0,9,0,0,0,4038,112471,0,2,0,1033,40028,0,0,4,1,0,146,29,3,2,0,0,30,0,0,0,6,43,0,-1,True,True,False,False,False,False,False,False,False,False,False,False,False,False,True,False,False,False,True,False,True,False,True,True
840,九霄云上,,False,False,False,False,False,False,False,False,False,False,False,False,False,False,False,False,False,False,False,False,False,False,False,False,False,False,False,False,False,False,False,False,False,False,False,False,False,False,False,True,False,mks_c02_s5p3,0,10,0,0,0,4039,112471,0,2,0,1034,40029,0,0,5,1,0,146,29,3,2,0,0,30,0,0,0,6,43,0,-1,True,True,False,False,False,False,False,False,False,False,False,False,False,False,True,False,False,False,True,False,True,False,True,True
841,角力学校,,False,False,False,False,False,False,False,False,False,False,False,False,False,False,False,False,False,False,False,False,False,False,False,False,False,False,False,False,False,False,False,False,False,False,False,False,False,False,False,True,False,mks_c03_s5p1,0,8,0,0,0,4040,112471,0,2,0,1032,40027,0,0,6,1,0,146,29,3,2,0,0,30,0,0,0,6,43,0,-1,True,True,False,False,False,False,False,False,False,False,False,False,False,False,True,False,False,False,True,False,True,False,True,True
842,火山之心,,False,False,False,False,False,False,False,False,False,False,False,False,False,False,False,False,False,False,False,False,False,False,False,False,False,False,False,False,False,False,False,False,False,False,False,False,False,False,False,True,False,mks_c03_s5p2,0,9,0,0,0,4041,112471,0,2,0,1033,40028,0,0,7,1,0,146,29,3,2,0,0,30,0,0,0,6,43,0,-1,True,True,False,False,False,False,False,False,False,False,False,False,False,False,True,False,False,False,True,False,True,False,True,True
843,九霄云上,,False,False,False,False,False,False,False,False,False,False,False,False,False,False,False,False,False,False,False,False,False,False,False,False,False,False,False,False,False,False,False,False,False,False,False,False,False,False,False,True,False,mks_c03_s5p3,0,10,0,0,0,4042,112471,0,2,0,1034,40029,0,0,8,1,0,146,29,3,2,0,0,30,0,0,0,6,43,0,-1,True,True,False,False,False,False,False,False,False,False,False,False,False,False,True,False,False,False,True,False,True,False,True,True
844,近东秘宝阿尔扎达尔海底遗迹群,,False,True,False,False,False,False,False,False,True,False,False,False,False,False,False,False,False,False,False,False,False,False,False,False,False,False,False,False,False,False,False,False,False,False,False,False,False,False,False,False,False,m5d4,0,0,0,0,300,92,112465,0,0,0,1050,87,560,600,95,1,4,108,2,0,0,0,0,90,90,1,0,2,37,0,-1,False,False,False,True,True,False,True,True,True,False,False,True,True,False,True,False,False,False,True,False,False,False,True,True
845,涅尔瓦的帝国,,False,False,False,False,False,False,False,False,False,False,False,False,False,False,False,False,False,False,False,False,False,False,False,False,False,False,False,False,False,False,False,False,False,False,False,False,False,False,False,False,False,ec042,0,0,0,0,0,0,0,0,0,0,1051,5059,0,0,0,1,4,142,1,0,0,0,0,90,90,0,0,7,0,0,-1,False,False,False,False,False,False,False,True,False,False,False,False,False,False,False,False,False,False,True,False,False,False,True,True
846,终极之战,,False,False,False,False,False,False,False,False,True,False,False,False,False,False,False,False,False,False,False,False,False,False,False,False,False,False,False,False,False,False,False,False,False,False,False,False,False,False,False,False,False,u5fb_2,0,0,0,0,302,2084,112467,0,0,0,998,20083,580,0,212,1,4,108,3,0,0,0,0,90,90,1,0,4,39,0,-1,False,False,False,True,True,False,True,True,False,False,False,True,True,False,True,False,False,False,True,False,False,False,True,True
847,角力学校,,False,False,False,False,False,False,False,False,False,False,False,False,False,False,False,False,False,False,False,False,False,False,False,False,False,False,False,False,False,False,False,False,False,False,False,False,False,False,False,False,True,mks_r01_s5p1,0,11,0,0,0,4043,112472,0,1,1,1032,40030,0,0,100,1,0,146,29,3,1,0,0,30,0,0,0,6,43,1,-1,True,True,False,False,False,False,False,False,False,False,False,False,False,False,True,False,False,False,True,False,True,False,True,False
848,火山之心,,False,False,False,False,False,False,False,False,False,False,False,False,False,False,False,False,False,False,False,False,False,False,False,False,False,False,False,False,False,False,False,False,False,False,False,False,False,False,False,False,True,mks_r01_s5p2,0,12,0,0,0,4044,112472,0,1,1,1033,40031,0,0,101,1,0,146,29,3,1,0,0,30,0,0,0,6,43,1,-1,True,True,False,False,False,False,False,False,False,False,False,False,False,False,True,False,False,False,True,False,True,False,True,False
849,九霄云上,,False,False,False,False,False,False,False,False,False,False,False,False,False,False,False,False,False,False,False,False,False,False,False,False,False,False,False,False,False,False,False,False,False,False,False,False,False,False,False,False,True,mks_r01_s5p3,0,13,0,0,0,4045,112472,0,1,1,1034,40032,0,0,102,1,0,146,29,3,1,0,0,30,0,0,0,6,43,1,-1,True,True,False,False,False,False,False,False,False,False,False,False,False,False,True,False,False,False,True,False,True,False,True,False
850,角力学校,,False,False,False,False,False,False,False,False,False,False,False,False,False,False,False,False,False,False,False,False,False,False,False,False,False,False,False,False,False,False,False,False,False,False,False,False,False,False,False,False,True,mks_r02_s5p1,0,11,0,0,0,4046,112472,0,1,1,1032,40030,0,0,103,1,0,146,29,3,1,0,0,30,0,0,0,6,43,1,-1,True,True,False,False,False,False,False,False,False,False,False,False,False,False,True,False,False,False,True,False,True,False,True,False
851,火山之心,,False,False,False,False,False,False,False,False,False,False,False,False,False,False,False,False,False,False,False,False,False,False,False,False,False,False,False,False,False,False,False,False,False,False,False,False,False,False,False,False,True,mks_r02_s5p2,0,12,0,0,0,4047,112472,0,1,1,1033,40031,0,0,104,1,0,146,29,3,1,0,0,30,0,0,0,6,43,1,-1,True,True,False,False,False,False,False,False,False,False,False,False,False,False,True,False,False,False,True,False,True,False,True,False
852,九霄云上,,False,False,False,False,False,False,False,False,False,False,False,False,False,False,False,False,False,False,False,False,False,False,False,False,False,False,False,False,False,False,False,False,False,False,False,False,False,False,False,False,True,mks_r02_s5p3,0,13,0,0,0,4048,112472,0,1,1,1034,40032,0,0,105,1,0,146,29,3,1,0,0,30,0,0,0,6,43,1,-1,True,True,False,False,False,False,False,False,False,False,False,False,False,False,True,False,False,False,True,False,True,False,True,False
853,角力学校,,False,False,False,False,False,False,False,False,False,False,False,False,False,False,False,False,False,False,False,False,False,False,False,False,False,False,False,False,False,False,False,False,False,False,False,False,False,False,False,False,True,mks_r03_s5p1,0,11,0,0,0,4049,112472,0,1,1,1032,40030,0,0,106,1,0,146,29,3,1,0,0,30,0,0,0,6,43,1,-1,True,True,False,False,False,False,False,False,False,False,False,False,False,False,True,False,False,False,True,False,True,False,True,False
854,火山之心,,False,False,False,False,False,False,False,False,False,False,False,False,False,False,False,False,False,False,False,False,False,False,False,False,False,False,False,False,False,False,False,False,False,False,False,False,False,False,False,False,True,mks_r03_s5p2,0,12,0,0,0,4050,112472,0,1,1,1033,40031,0,0,107,1,0,146,29,3,1,0,0,30,0,0,0,6,43,1,-1,True,True,False,False,False,False,False,False,False,False,False,False,False,False,True,False,False,False,True,False,True,False,True,False
855,九霄云上,,False,False,False,False,False,False,False,False,False,False,False,False,False,False,False,False,False,False,False,False,False,False,False,False,False,False,False,False,False,False,False,False,False,False,False,False,False,False,False,False,True,mks_r03_s5p3,0,13,0,0,0,4051,112472,0,1,1,1034,40032,0,0,108,1,0,146,29,3,1,0,0,30,0,0,0,6,43,1,-1,True,True,False,False,False,False,False,False,False,False,False,False,False,False,True,False,False,False,True,False,True,False,True,False
856,角力学校,,False,False,False,False,False,False,False,False,False,False,False,False,False,False,False,False,False,False,False,False,False,False,False,False,False,False,False,False,False,False,False,False,False,False,False,False,False,False,False,False,True,mks_r04_s5p1,0,11,0,0,0,4052,112472,0,1,1,1032,40030,0,0,109,1,0,146,29,3,1,0,0,30,0,0,0,6,43,1,-1,True,True,False,False,False,False,False,False,False,False,False,False,False,False,True,False,False,False,True,False,True,False,True,False
857,火山之心,,False,False,False,False,False,False,False,False,False,False,False,False,False,False,False,False,False,False,False,False,False,False,False,False,False,False,False,False,False,False,False,False,False,False,False,False,False,False,False,False,True,mks_r04_s5p2,0,12,0,0,0,4053,112472,0,1,1,1033,40031,0,0,110,1,0,146,29,3,1,0,0,30,0,0,0,6,43,1,-1,True,True,False,False,False,False,False,False,False,False,False,False,False,False,True,False,False,False,True,False,True,False,True,False
858,九霄云上,,False,False,False,False,False,False,False,False,False,False,False,False,False,False,False,False,False,False,False,False,False,False,False,False,False,False,False,False,False,False,False,False,False,False,False,False,False,False,False,False,True,mks_r04_s5p3,0,13,0,0,0,4054,112472,0,1,1,1034,40032,0,0,111,1,0,146,29,3,1,0,0,30,0,0,0,6,43,1,-1,True,True,False,False,False,False,False,False,False,False,False,False,False,False,True,False,False,False,True,False,True,False,True,False
859,角力学校,,False,False,False,False,False,False,False,False,False,False,False,False,False,False,False,False,False,False,False,False,False,False,False,False,False,False,False,False,False,False,False,False,False,False,False,False,False,False,False,False,True,mks_r05_s5p1,0,11,0,0,0,4055,112472,0,1,1,1032,40030,0,0,112,1,0,146,29,3,1,0,0,30,0,0,0,6,43,1,-1,True,True,False,False,False,False,False,False,False,False,False,False,False,False,True,False,False,False,True,False,True,False,True,False
860,火山之心,,False,False,False,False,False,False,False,False,False,False,False,False,False,False,False,False,False,False,False,False,False,False,False,False,False,False,False,False,False,False,False,False,False,False,False,False,False,False,False,False,True,mks_r05_s5p2,0,12,0,0,0,4056,112472,0,1,1,1033,40031,0,0,113,1,0,146,29,3,1,0,0,30,0,0,0,6,43,1,-1,True,True,False,False,False,False,False,False,False,False,False,False,False,False,True,False,False,False,True,False,True,False,True,False
861,九霄云上,,False,False,False,False,False,False,False,False,False,False,False,False,False,False,False,False,False,False,False,False,False,False,False,False,False,False,False,False,False,False,False,False,False,False,False,False,False,False,False,False,True,mks_r05_s5p3,0,13,0,0,0,4057,112472,0,1,1,1034,40032,0,0,114,1,0,146,29,3,1,0,0,30,0,0,0,6,43,1,-1,True,True,False,False,False,False,False,False,False,False,False,False,False,False,True,False,False,False,True,False,True,False,True,False
862,水晶冲突（角力学校：自定赛）,角力学校,False,False,False,False,False,False,False,False,False,False,False,False,False,False,False,False,False,False,False,False,False,False,False,False,False,False,False,False,False,False,False,False,False,False,False,False,False,False,False,False,False,mks_ctm_s5p1,0,0,0,0,0,4058,112473,0,0,0,1058,40033,0,0,200,1,0,146,30,0,0,0,0,30,0,0,0,6,44,0,-1,True,True,False,False,False,False,False,False,False,False,False,True,True,False,True,False,False,False,True,False,True,False,True,True
863,水晶冲突（火山之心：自定赛）,火山之心,False,False,False,False,False,False,False,False,False,False,False,False,False,False,False,False,False,False,False,False,False,False,False,False,False,False,False,False,False,False,False,False,False,False,False,False,False,False,False,False,False,mks_ctm_s5p2,0,0,0,0,0,4059,112474,0,0,0,1059,40034,0,0,201,1,0,146,30,0,0,0,0,30,0,0,0,6,44,0,-1,True,True,False,False,False,False,False,False,False,False,False,True,True,False,True,False,False,False,True,False,True,False,True,True
864,水晶冲突（九霄云上：自定赛）,九霄云上,False,False,False,False,False,False,False,False,False,False,False,False,False,False,False,False,False,False,False,False,False,False,False,False,False,False,False,False,False,False,False,False,False,False,False,False,False,False,False,False,False,mks_ctm_s5p3,0,0,0,0,0,4060,112475,0,0,0,1060,40035,0,0,202,1,0,146,30,0,0,0,0,30,0,0,0,6,44,0,-1,True,True,False,False,False,False,False,False,False,False,False,True,True,False,True,False,False,False,True,False,True,False,True,True
865,里塔提恩强攻战,,False,False,False,False,False,False,False,False,False,False,False,False,False,False,False,False,False,False,False,False,False,False,False,False,False,False,False,False,False,False,False,False,False,False,False,False,False,False,False,False,False,ec043,0,0,0,0,0,0,0,0,0,0,1049,5060,0,50,0,1,0,142,1,0,0,0,0,49,50,0,0,7,0,0,-1,False,False,False,False,False,False,False,True,False,False,False,False,False,False,False,False,False,False,True,False,False,False,True,True
866,灿烂神域阿格莱亚,,False,False,False,False,False,False,False,False,True,False,False,False,False,False,True,False,False,False,False,False,False,False,False,False,False,False,False,False,False,False,False,False,False,False,False,False,False,False,False,False,False,z5r1,0,0,0,0,301,3114,112466,0,0,0,1054,30115,565,0,124,1,4,108,4,0,0,0,0,90,90,2,0,5,42,0,-1,False,False,False,True,True,False,True,True,False,False,False,True,True,False,True,False,False,False,True,False,False,False,True,True
867,拉哈布雷亚讨伐战,,False,False,False,False,False,False,False,False,False,False,False,False,False,False,False,False,False,False,False,False,False,False,False,False,False,False,False,False,False,False,False,False,False,False,False,False,False,False,False,False,False,ec044,0,0,0,0,0,0,0,0,0,0,1052,5061,0,60,0,1,0,142,1,0,0,0,0,50,50,0,0,7,0,0,-1,False,False,False,False,False,False,False,True,False,False,False,False,False,False,False,False,False,False,True,False,False,False,True,True
868,多变迷宫 希拉狄哈水道,,False,False,False,False,False,False,False,False,False,False,False,False,False,False,False,False,False,False,False,False,False,False,False,False,False,False,False,False,False,False,False,False,False,False,False,False,False,False,False,False,False,w5d1,0,0,0,0,304,5100,112493,0,0,0,1069,36001,575,635,100,1,4,142,11,0,0,0,0,90,90,0,0,30,0,0,-1,False,False,False,True,False,False,False,False,False,False,False,True,False,False,True,False,False,False,True,False,False,False,True,True
869,异界孤城特罗亚宫廷,,False,True,False,False,False,False,False,False,True,False,False,False,False,False,False,False,False,False,False,False,False,False,False,False,False,False,False,False,False,False,False,False,False,False,False,False,False,False,False,False,False,z5d1,0,0,0,0,300,93,112481,0,0,0,1070,88,575,630,96,1,4,108,2,0,0,0,0,90,90,1,0,2,37,0,-1,False,False,False,True,True,False,True,True,True,False,False,True,True,False,True,False,False,False,True,False,False,False,True,True
870,巴尔巴莉希娅歼灭战,,False,False,False,False,False,True,False,False,True,False,False,False,False,False,False,False,False,False,False,False,False,False,False,False,False,False,False,False,False,False,False,False,False,False,False,False,False,False,False,False,False,z5fa,0,0,0,0,302,2085,112482,0,0,0,1071,20084,585,0,203,1,4,108,3,0,0,0,0,90,90,0,0,4,38,0,-1,False,False,False,True,True,False,True,True,False,False,False,True,True,False,True,False,False,False,True,False,False,False,True,True
871,巴尔巴莉希娅歼殛战,,False,False,False,False,False,False,False,False,True,False,False,False,False,False,False,False,False,False,False,False,False,False,False,False,False,False,False,False,False,False,False,False,False,False,False,False,False,False,False,False,False,z5fa_2,0,0,0,0,302,2086,112483,0,0,0,1072,20085,600,0,213,1,4,108,3,0,0,0,0,90,90,1,0,4,39,0,-1,False,False,False,True,True,False,True,True,False,False,False,True,True,False,True,False,False,False,True,False,False,False,True,True
872,万魔殿 炼净之狱1,,False,False,False,False,False,False,False,False,True,False,False,False,False,False,False,False,True,False,False,False,False,False,False,False,False,False,False,False,False,False,False,False,False,False,False,False,False,False,False,False,False,n5r5,0,0,0,0,301,3115,112484,0,0,0,1081,30116,585,0,138,1,4,108,3,0,0,0,0,90,90,1,0,5,40,0,-1,False,False,False,True,True,False,True,True,False,False,False,True,True,False,True,False,False,False,True,False,False,False,True,True
873,零式万魔殿 炼净之狱1,,False,False,False,False,False,False,False,False,False,False,False,False,False,False,False,False,False,False,False,False,False,False,False,False,False,False,False,False,False,False,False,False,False,False,False,False,False,False,False,False,False,n5r5_2,0,0,0,0,301,3119,112485,0,0,0,1082,30117,600,0,150,1,4,108,3,0,0,0,0,90,90,1,0,5,41,0,-1,False,False,False,True,True,False,True,True,False,False,False,True,True,False,True,False,False,False,True,False,False,False,True,True
874,失传的力量,,False,False,False,False,False,False,False,False,False,False,False,False,False,False,False,False,False,False,False,False,False,False,False,False,False,False,False,False,False,False,False,False,False,False,False,False,False,False,False,False,False,ec046,0,0,0,0,0,0,0,0,0,0,1091,5062,0,620,0,1,4,142,1,0,0,0,0,90,90,0,0,7,0,0,-1,False,False,False,False,False,False,False,True,False,False,False,False,False,False,False,False,False,False,True,False,False,False,True,True
875,,,False,False,False,False,False,False,False,False,False,False,False,False,False,False,False,False,False,False,False,False,False,False,False,False,False,False,False,False,False,False,False,False,False,False,False,False,False,False,False,False,False,,0,0,0,0,0,0,0,0,0,0,0,0,0,0,0,0,0,0,0,0,0,0,0,0,0,0,0,0,0,0,0,False,False,False,False,False,False,False,False,False,False,False,False,False,False,False,False,False,False,False,False,False,False,False,False
876,万魔殿 炼净之狱3,,False,False,False,False,False,False,False,False,True,False,False,False,False,False,False,False,True,False,False,False,False,False,False,False,False,False,False,False,False,False,False,False,False,False,False,False,False,False,False,False,False,n5r7,0,0,0,0,301,3117,112488,0,0,0,1085,30118,585,0,140,1,4,108,3,0,0,0,0,90,90,1,0,5,40,0,-1,False,False,False,True,True,False,True,True,False,False,False,True,True,False,True,False,False,False,True,False,False,False,True,True
877,零式万魔殿 炼净之狱3,,False,False,False,False,False,False,False,False,False,False,False,False,False,False,False,False,False,False,False,False,False,False,False,False,False,False,False,False,False,False,False,False,False,False,False,False,False,False,False,False,False,n5r7_2,0,0,0,0,301,3121,112489,0,0,0,1086,30119,610,0,152,1,4,108,3,0,0,0,0,90,90,1,0,5,41,0,-1,False,False,False,True,True,False,True,True,False,False,False,True,True,False,True,False,False,False,True,False,False,False,True,True
878,异闻希拉狄哈水道,,False,False,False,False,False,False,False,False,False,False,False,False,False,False,False,False,False,False,False,False,False,False,False,False,False,False,False,False,False,False,False,False,False,False,False,False,False,False,False,False,False,w5d2,0,0,0,0,304,5101,112494,0,0,0,1075,37001,610,635,101,1,4,146,31,0,0,0,0,90,90,0,5,30,0,0,-1,False,False,False,False,False,False,False,False,False,False,False,True,False,False,True,False,False,False,True,False,False,False,True,True
879,零式异闻希拉狄哈水道,,False,False,False,False,False,False,False,False,False,False,False,False,False,False,False,False,False,False,False,False,False,False,False,False,False,False,False,False,False,False,False,False,False,False,False,False,False,False,False,False,False,w5d2_2,0,0,0,0,304,5102,112495,0,0,0,1076,37002,0,635,102,1,4,146,2,1,0,0,0,90,90,0,0,30,0,0,-1,False,False,False,False,False,False,False,False,False,False,False,True,False,False,True,False,False,False,True,False,False,False,True,True
880,万魔殿 炼净之狱2,,False,False,False,False,False,False,False,False,True,False,False,False,False,False,False,False,True,False,False,False,False,False,False,False,False,False,False,False,False,False,False,False,False,False,False,False,False,False,False,False,False,n5r6,0,0,0,0,301,3116,112486,0,0,0,1083,30120,585,0,139,1,4,108,3,0,0,0,0,90,90,1,0,5,40,0,-1,False,False,False,True,True,False,True,True,False,False,False,True,True,False,True,False,False,False,True,False,False,False,True,True
881,零式万魔殿 炼净之狱2,,False,False,False,False,False,False,False,False,False,False,False,False,False,False,False,False,False,False,False,False,False,False,False,False,False,False,False,False,False,False,False,False,False,False,False,False,False,False,False,False,False,n5r6_2,0,0,0,0,301,3120,112487,0,0,0,1084,30121,605,0,151,1,4,108,3,0,0,0,0,90,90,1,0,5,41,0,-1,False,False,False,True,True,False,True,True,False,False,False,True,True,False,True,False,False,False,True,False,False,False,True,True
882,,,False,False,False,False,False,False,False,False,False,False,False,False,False,False,False,False,False,False,False,False,False,False,False,False,False,False,False,False,False,False,False,False,False,False,False,False,False,False,False,False,False,,0,0,0,0,0,0,0,0,0,0,0,0,0,0,0,0,0,0,0,0,0,0,0,0,0,0,0,0,0,0,0,False,False,False,False,False,False,False,False,False,False,False,False,False,False,False,False,False,False,False,False,False,False,False,False
883,万魔殿 炼净之狱4,,False,False,False,False,False,False,False,False,True,False,False,False,False,False,False,False,True,False,False,False,False,False,False,False,False,False,False,False,False,False,False,False,False,False,False,False,False,False,False,False,False,n5r8,0,0,0,0,301,3118,112490,0,0,0,1087,30122,585,0,141,1,4,108,3,0,0,0,0,90,90,1,0,5,40,0,-1,False,False,False,True,True,False,True,True,False,False,False,True,True,False,True,False,False,False,True,False,False,False,True,True
884,零式万魔殿 炼净之狱4,,False,False,False,False,False,False,False,False,False,False,False,False,False,False,False,False,False,False,False,False,False,False,False,False,False,False,False,False,False,False,False,False,False,False,False,False,False,False,False,False,False,n5r8_2,0,0,0,0,301,3122,112491,0,0,0,1088,30123,610,0,153,1,4,108,3,0,0,0,0,90,90,1,0,5,41,0,-1,False,False,False,True,True,False,True,True,False,False,False,True,True,False,True,False,False,False,True,False,False,False,True,True
885,皇都伊修加德保卫战,,False,False,False,False,False,False,False,False,False,False,False,False,False,False,False,False,False,False,False,False,False,False,False,False,False,False,False,False,False,False,False,False,False,False,False,False,False,False,False,False,False,ec045,0,0,0,0,0,0,0,0,0,0,1068,5063,0,110,0,1,0,142,1,0,0,0,0,50,50,0,0,7,0,0,-1,False,False,False,False,False,False,False,True,False,False,False,False,False,False,False,False,False,False,True,False,False,False,True,True
886,卢比坎特歼灭战,,False,False,False,False,False,True,False,False,True,False,False,False,False,False,False,False,False,False,False,False,False,False,False,False,False,False,False,False,False,False,False,False,False,False,False,False,False,False,False,False,False,m5fa,0,0,0,0,302,2088,112503,0,0,0,1095,20086,595,0,204,1,4,108,3,0,0,0,0,90,90,0,0,4,38,0,-1,False,False,False,True,True,False,True,True,False,False,False,True,True,False,True,False,False,False,True,False,False,False,True,True
887,,,False,False,False,False,False,False,False,False,False,False,False,False,False,False,False,False,False,False,False,False,False,False,False,False,False,False,False,False,False,False,False,False,False,False,False,False,False,False,False,False,True,mks_r06_s5p1,0,11,0,0,0,4061,112472,0,1,1,1032,40030,0,0,115,1,0,146,29,3,1,0,0,30,0,0,0,6,43,1,-1,True,True,False,False,False,False,False,False,False,False,False,False,False,False,True,False,False,False,True,False,True,False,True,False
888,,,False,False,False,False,False,False,False,False,False,False,False,False,False,False,False,False,False,False,False,False,False,False,False,False,False,False,False,False,False,False,False,False,False,False,False,False,False,False,False,False,True,mks_r06_s5p2,0,12,0,0,0,4062,112472,0,1,1,1033,40031,0,0,116,1,0,146,29,3,1,0,0,30,0,0,0,6,43,1,-1,True,True,False,False,False,False,False,False,False,False,False,False,False,False,True,False,False,False,True,False,True,False,True,False
889,,,False,False,False,False,False,False,False,False,False,False,False,False,False,False,False,False,False,False,False,False,False,False,False,False,False,False,False,False,False,False,False,False,False,False,False,False,False,False,False,False,True,mks_r06_s5p3,0,13,0,0,0,4063,112472,0,1,1,1034,40032,0,0,117,1,0,146,29,3,1,0,0,30,0,0,0,6,43,1,-1,True,True,False,False,False,False,False,False,False,False,False,False,False,False,True,False,False,False,True,False,True,False,True,False
890,,,False,False,False,False,False,False,False,False,False,False,False,False,False,False,False,False,False,False,False,False,False,False,False,False,False,False,False,False,False,False,False,False,False,False,False,False,False,False,False,False,True,mks_r07_s5p1,0,11,0,0,0,4064,112472,0,1,1,1032,40030,0,0,118,1,0,146,29,3,1,0,0,30,0,0,0,6,43,1,-1,True,True,False,False,False,False,False,False,False,False,False,False,False,False,True,False,False,False,True,False,True,False,True,False
891,,,False,False,False,False,False,False,False,False,False,False,False,False,False,False,False,False,False,False,False,False,False,False,False,False,False,False,False,False,False,False,False,False,False,False,False,False,False,False,False,False,True,mks_r07_s5p2,0,12,0,0,0,4065,112472,0,1,1,1033,40031,0,0,119,1,0,146,29,3,1,0,0,30,0,0,0,6,43,1,-1,True,True,False,False,False,False,False,False,False,False,False,False,False,False,True,False,False,False,True,False,True,False,True,False
892,,,False,False,False,False,False,False,False,False,False,False,False,False,False,False,False,False,False,False,False,False,False,False,False,False,False,False,False,False,False,False,False,False,False,False,False,False,False,False,False,False,True,mks_r07_s5p3,0,13,0,0,0,4066,112472,0,1,1,1034,40032,0,0,120,1,0,146,29,3,1,0,0,30,0,0,0,6,43,1,-1,True,True,False,False,False,False,False,False,False,False,False,False,False,False,True,False,False,False,True,False,True,False,True,False
893,,,False,False,False,False,False,False,False,False,False,False,False,False,False,False,False,False,False,False,False,False,False,False,False,False,False,False,False,False,False,False,False,False,False,False,False,False,False,False,False,False,True,mks_r08_s5p1,0,11,0,0,0,4067,112472,0,1,1,1032,40030,0,0,121,1,0,146,29,3,1,0,0,30,0,0,0,6,43,1,-1,True,True,False,False,False,False,False,False,False,False,False,False,False,False,True,False,False,False,True,False,True,False,True,False
894,,,False,False,False,False,False,False,False,False,False,False,False,False,False,False,False,False,False,False,False,False,False,False,False,False,False,False,False,False,False,False,False,False,False,False,False,False,False,False,False,False,True,mks_r08_s5p2,0,12,0,0,0,4068,112472,0,1,1,1033,40031,0,0,122,1,0,146,29,3,1,0,0,30,0,0,0,6,43,1,-1,True,True,False,False,False,False,False,False,False,False,False,False,False,False,True,False,False,False,True,False,True,False,True,False
895,,,False,False,False,False,False,False,False,False,False,False,False,False,False,False,False,False,False,False,False,False,False,False,False,False,False,False,False,False,False,False,False,False,False,False,False,False,False,False,False,False,True,mks_r08_s5p3,0,13,0,0,0,4069,112472,0,1,1,1034,40032,0,0,123,1,0,146,29,3,1,0,0,30,0,0,0,6,43,1,-1,True,True,False,False,False,False,False,False,False,False,False,False,False,False,True,False,False,False,True,False,True,False,True,False
896,雪山奥窟冥魂石洞,,False,True,False,False,False,False,False,False,True,False,False,False,False,False,False,False,False,False,False,False,False,False,False,False,False,False,False,False,False,False,False,False,False,False,False,False,False,False,False,False,False,m5d5,0,0,0,0,300,94,112502,0,0,0,1097,89,590,630,97,1,4,108,2,0,0,0,0,90,90,1,0,2,37,0,-1,False,False,False,True,True,False,True,True,True,False,False,True,True,False,True,False,False,False,True,False,False,False,True,True
897,正统优雷卡 地下1～10层,,False,False,False,False,False,False,False,False,False,False,False,False,False,False,False,False,False,False,False,False,False,False,False,False,False,False,False,False,False,False,False,False,False,False,False,False,False,False,False,False,False,dd003_001,0,0,70199,0,303,5103,112507,0,0,0,1099,60031,0,0,0,1,4,142,11,0,0,1,0,81,0,0,0,21,0,0,-1,False,False,False,True,False,False,True,True,False,False,False,False,False,False,True,False,False,False,True,False,False,False,True,True
898,正统优雷卡 地下11～20层,,False,False,False,False,False,False,False,False,False,False,False,False,False,False,False,False,False,False,False,False,False,False,False,False,False,False,False,False,False,False,False,False,False,False,False,False,False,False,False,False,False,dd003_002,0,0,70199,0,303,5104,112508,0,0,0,1100,60032,0,0,0,1,4,142,11,0,0,1,0,81,0,0,0,21,0,0,-1,False,False,False,True,False,False,True,True,False,False,False,False,False,False,True,False,False,False,True,False,False,False,True,True
899,正统优雷卡 地下21～30层,,False,False,False,False,False,False,False,False,False,False,False,False,False,False,False,False,False,False,False,False,False,False,False,False,False,False,False,False,False,False,False,False,False,False,False,False,False,False,False,False,False,dd003_003,0,0,70199,0,303,5105,112509,0,0,0,1101,60033,0,0,0,1,4,142,11,0,0,1,0,81,0,0,0,21,0,0,-1,False,False,False,True,False,False,True,True,False,False,False,False,False,False,True,False,False,False,True,False,False,False,True,True
900,正统优雷卡 地下31～40层,,False,False,False,False,False,False,False,False,False,False,False,False,False,False,False,False,False,False,False,False,False,False,False,False,False,False,False,False,False,False,False,False,False,False,False,False,False,False,False,False,False,dd003_004,0,0,70200,0,303,5106,112510,0,0,0,1102,60034,0,0,0,1,4,142,11,0,0,1,0,81,0,0,0,21,0,0,-1,False,False,False,True,False,False,True,True,False,False,False,False,False,False,True,False,False,False,True,False,False,False,True,True
901,正统优雷卡 地下41～50层,,False,False,False,False,False,False,False,False,False,False,False,False,False,False,False,False,False,False,False,False,False,False,False,False,False,False,False,False,False,False,False,False,False,False,False,False,False,False,False,False,False,dd003_005,0,0,70200,0,303,5107,112511,0,0,0,1103,60035,0,0,0,1,4,142,11,0,0,1,0,81,0,0,0,21,0,0,-1,False,False,False,True,False,False,True,True,False,False,False,False,False,False,True,False,False,False,True,False,False,False,True,True
902,正统优雷卡 地下51～60层,,False,False,False,False,False,False,False,False,False,False,False,False,False,False,False,False,False,False,False,False,False,False,False,False,False,False,False,False,False,False,False,False,False,False,False,False,False,False,False,False,False,dd003_006,0,0,70200,0,303,5108,112512,0,0,0,1104,60036,0,0,0,1,4,142,11,0,0,1,0,81,0,0,0,21,0,0,-1,False,False,False,True,False,False,True,True,False,False,False,False,False,False,True,False,False,False,True,False,False,False,True,True
903,正统优雷卡 地下61～70层,,False,False,False,False,False,False,False,False,False,False,False,False,False,False,False,False,False,False,False,False,False,False,False,False,False,False,False,False,False,False,False,False,False,False,False,False,False,False,False,False,False,dd003_007,0,0,70200,0,303,5109,112513,0,0,0,1105,60037,0,0,0,1,4,142,11,0,0,1,0,81,0,0,0,21,0,0,-1,False,False,False,True,False,False,True,True,False,False,False,False,False,False,True,False,False,False,True,False,False,False,True,True
904,正统优雷卡 地下71～80层,,False,False,False,False,False,False,False,False,False,False,False,False,False,False,False,False,False,False,False,False,False,False,False,False,False,False,False,False,False,False,False,False,False,False,False,False,False,False,False,False,False,dd003_008,0,0,70200,0,303,5110,112514,0,0,0,1106,60038,0,0,0,1,4,142,11,0,0,1,0,81,0,0,0,21,0,0,-1,False,False,False,True,False,False,True,True,False,False,False,False,False,False,True,False,False,False,True,False,False,False,True,True
905,正统优雷卡 地下81～90层,,False,False,False,False,False,False,False,False,False,False,False,False,False,False,False,False,False,False,False,False,False,False,False,False,False,False,False,False,False,False,False,False,False,False,False,False,False,False,False,False,False,dd003_009,0,0,70200,0,303,5111,112515,0,0,0,1107,60039,0,0,0,1,4,142,11,0,0,1,0,81,0,0,0,21,0,0,-1,False,False,False,True,False,False,True,True,False,False,False,False,False,False,True,False,False,False,True,False,False,False,True,True
906,正统优雷卡 地下91～100层,,False,False,False,False,False,False,False,False,False,False,False,False,False,False,False,False,False,False,False,False,False,False,False,False,False,False,False,False,False,False,False,False,False,False,False,False,False,False,False,False,False,dd003_010,0,0,70200,0,303,5112,112516,0,0,0,1108,60040,0,0,0,1,4,142,11,0,0,1,0,81,0,0,0,21,0,0,-1,False,False,False,True,False,False,True,True,False,False,False,False,False,False,True,False,False,False,True,False,False,False,True,True
907,充满活力的父子,,False,False,False,False,False,False,False,False,False,False,False,False,False,False,False,False,False,False,False,False,False,False,False,False,False,False,False,False,False,False,False,False,False,False,False,False,False,False,False,False,False,ec047,0,0,0,0,0,0,0,0,0,0,1115,5064,0,0,0,1,4,142,1,0,0,0,0,90,90,0,0,7,0,0,-1,False,False,False,False,False,False,False,True,False,False,False,False,False,False,False,False,False,False,True,False,False,False,True,True
908,欧米茄绝境验证战,,False,False,False,False,False,False,False,False,False,False,False,False,False,False,False,False,False,False,False,False,False,False,False,False,False,False,False,False,False,False,False,False,False,False,False,False,False,False,False,False,False,z3oz,0,0,0,0,301,3124,112518,0,0,0,1122,30124,0,635,1005,1,4,142,3,1,0,0,0,90,90,0,3,28,0,0,-1,False,False,False,False,False,False,False,False,False,False,False,True,False,True,True,False,False,False,True,False,False,False,True,True
909,厄尔庇斯育体宝殿,,False,False,False,False,False,False,False,False,False,False,False,False,False,False,False,False,False,False,False,False,False,False,False,False,False,False,False,False,False,False,False,False,False,False,False,False,False,False,False,False,False,n5c1,0,0,0,0,0,9011,0,0,0,0,1123,55011,0,635,0,1,4,108,3,0,0,0,0,1,90,0,0,9,0,0,-1,False,False,False,True,False,False,False,True,False,False,False,False,False,False,False,False,True,False,True,False,False,False,True,True
910,一块面包的交易,,False,False,False,False,False,False,False,False,False,False,False,False,False,False,False,False,False,False,False,False,False,False,False,False,False,False,False,False,False,False,False,False,False,False,False,False,False,False,False,False,False,ec048,0,0,0,0,0,0,0,0,0,0,1120,5065,0,630,0,1,4,142,1,0,0,0,0,90,90,0,0,7,0,0,-1,False,False,False,False,False,False,False,True,False,False,False,False,False,False,False,False,False,False,True,False,False,False,True,True
911,喜悦神域欧芙洛绪涅,,False,False,False,False,False,False,False,False,True,False,False,False,False,False,True,False,False,False,False,False,False,False,False,False,False,False,False,False,False,False,False,False,False,False,False,False,False,False,False,False,False,z5r2,0,0,0,0,301,3123,112505,0,0,0,1118,30125,595,0,125,1,4,108,4,0,0,0,0,90,90,2,0,5,42,0,-1,False,False,False,True,True,False,True,True,False,False,False,True,True,False,True,False,False,False,True,False,False,False,True,True
912,机关大殿,,False,False,False,False,False,False,False,False,False,False,False,False,False,False,False,False,False,False,False,False,False,False,False,False,False,False,False,False,False,False,False,False,False,False,False,False,False,False,False,True,False,mks_c01_s5p4,0,14,0,0,0,4070,112471,0,2,0,1116,40036,0,0,9,1,0,146,29,3,2,0,0,30,0,0,0,6,43,0,-1,True,True,False,False,False,False,False,False,False,False,False,False,False,False,True,False,False,False,True,False,True,False,True,True
913,机关大殿,,False,False,False,False,False,False,False,False,False,False,False,False,False,False,False,False,False,False,False,False,False,False,False,False,False,False,False,False,False,False,False,False,False,False,False,False,False,False,False,True,False,mks_c02_s5p4,0,14,0,0,0,4070,112471,0,2,0,1116,40036,0,0,10,1,0,146,29,3,2,0,0,30,0,0,0,6,43,0,-1,True,True,False,False,False,False,False,False,False,False,False,False,False,False,True,False,False,False,True,False,True,False,True,True
914,机关大殿,,False,False,False,False,False,False,False,False,False,False,False,False,False,False,False,False,False,False,False,False,False,False,False,False,False,False,False,False,False,False,False,False,False,False,False,False,False,False,False,True,False,mks_c03_s5p4,0,14,0,0,0,4070,112471,0,2,0,1116,40036,0,0,11,1,0,146,29,3,2,0,0,30,0,0,0,6,43,0,-1,True,True,False,False,False,False,False,False,False,False,False,False,False,False,True,False,False,False,True,False,True,False,True,True
915,机关大殿,,False,False,False,False,False,False,False,False,False,False,False,False,False,False,False,False,False,False,False,False,False,False,False,False,False,False,False,False,False,False,False,False,False,False,False,False,False,False,False,False,True,mks_r01_s5p4,0,15,0,0,0,4070,112472,0,1,1,1116,40037,0,0,124,1,0,146,29,3,1,0,0,30,0,0,0,6,43,1,-1,True,True,False,False,False,False,False,False,False,False,False,False,False,False,True,False,False,False,True,False,True,False,True,False
916,机关大殿,,False,False,False,False,False,False,False,False,False,False,False,False,False,False,False,False,False,False,False,False,False,False,False,False,False,False,False,False,False,False,False,False,False,False,False,False,False,False,False,False,True,mks_r02_s5p4,0,15,0,0,0,4070,112472,0,1,1,1116,40037,0,0,125,1,0,146,29,3,1,0,0,30,0,0,0,6,43,1,-1,True,True,False,False,False,False,False,False,False,False,False,False,False,False,True,False,False,False,True,False,True,False,True,False
917,机关大殿,,False,False,False,False,False,False,False,False,False,False,False,False,False,False,False,False,False,False,False,False,False,False,False,False,False,False,False,False,False,False,False,False,False,False,False,False,False,False,False,False,True,mks_r03_s5p4,0,15,0,0,0,4070,112472,0,1,1,1116,40037,0,0,126,1,0,146,29,3,1,0,0,30,0,0,0,6,43,1,-1,True,True,False,False,False,False,False,False,False,False,False,False,False,False,True,False,False,False,True,False,True,False,True,False
918,机关大殿,,False,False,False,False,False,False,False,False,False,False,False,False,False,False,False,False,False,False,False,False,False,False,False,False,False,False,False,False,False,False,False,False,False,False,False,False,False,False,False,False,True,mks_r04_s5p4,0,15,0,0,0,4070,112472,0,1,1,1116,40037,0,0,127,1,0,146,29,3,1,0,0,30,0,0,0,6,43,1,-1,True,True,False,False,False,False,False,False,False,False,False,False,False,False,True,False,False,False,True,False,True,False,True,False
919,机关大殿,,False,False,False,False,False,False,False,False,False,False,False,False,False,False,False,False,False,False,False,False,False,False,False,False,False,False,False,False,False,False,False,False,False,False,False,False,False,False,False,False,True,mks_r05_s5p4,0,15,0,0,0,4070,112472,0,1,1,1116,40037,0,0,128,1,0,146,29,3,1,0,0,30,0,0,0,6,43,1,-1,True,True,False,False,False,False,False,False,False,False,False,False,False,False,True,False,False,False,True,False,True,False,True,False
920,机关大殿,,False,False,False,False,False,False,False,False,False,False,False,False,False,False,False,False,False,False,False,False,False,False,False,False,False,False,False,False,False,False,False,False,False,False,False,False,False,False,False,False,True,mks_r06_s5p4,0,15,0,0,0,4070,112472,0,1,1,1116,40037,0,0,129,1,0,146,29,3,1,0,0,30,0,0,0,6,43,1,-1,True,True,False,False,False,False,False,False,False,False,False,False,False,False,True,False,False,False,True,False,True,False,True,False
921,机关大殿,,False,False,False,False,False,False,False,False,False,False,False,False,False,False,False,False,False,False,False,False,False,False,False,False,False,False,False,False,False,False,False,False,False,False,False,False,False,False,False,False,True,mks_r07_s5p4,0,15,0,0,0,4070,112472,0,1,1,1116,40037,0,0,130,1,0,146,29,3,1,0,0,30,0,0,0,6,43,1,-1,True,True,False,False,False,False,False,False,False,False,False,False,False,False,True,False,False,False,True,False,True,False,True,False
922,机关大殿,,False,False,False,False,False,False,False,False,False,False,False,False,False,False,False,False,False,False,False,False,False,False,False,False,False,False,False,False,False,False,False,False,False,False,False,False,False,False,False,False,True,mks_r08_s5p4,0,15,0,0,0,4070,112472,0,1,1,1116,40037,0,0,131,1,0,146,29,3,1,0,0,30,0,0,0,6,43,1,-1,True,True,False,False,False,False,False,False,False,False,False,False,False,False,True,False,False,False,True,False,True,False,True,False
923,水晶冲突（机关大殿：自定赛）,机关大殿,False,False,False,False,False,False,False,False,False,False,False,False,False,False,False,False,False,False,False,False,False,False,False,False,False,False,False,False,False,False,False,False,False,False,False,False,False,False,False,False,False,mks_ctm_s5p4,0,0,0,0,0,4071,112517,0,0,0,1117,40038,0,0,203,1,0,146,30,0,0,0,0,30,0,0,0,6,44,0,-1,True,True,False,False,False,False,False,False,False,False,False,True,True,False,True,False,False,False,True,False,True,False,True,True
924,卢比坎特歼殛战,,False,False,False,False,False,False,False,False,True,False,False,False,False,False,False,False,False,False,False,False,False,False,False,False,False,False,False,False,False,False,False,False,False,False,False,False,False,False,False,False,False,m5fa_2,0,0,0,0,302,2089,112504,0,0,0,1096,20087,610,0,214,1,4,108,3,0,0,0,0,90,90,1,0,4,39,0,-1,False,False,False,True,True,False,True,True,False,False,False,True,True,False,True,False,False,False,True,False,False,False,True,True
925,蝰蛇剑士的使命,,False,False,False,False,False,False,False,False,False,False,False,False,False,False,False,False,False,False,False,False,False,False,False,False,False,False,False,False,False,False,False,False,False,False,False,False,False,False,False,False,False,ec061,0,0,0,0,0,0,0,0,0,0,1235,5072,0,525,0,1,5,108,1,0,0,0,0,80,80,0,0,7,0,0,-1,False,False,False,False,False,False,False,True,False,False,False,False,False,False,False,False,False,False,True,False,False,False,True,True
926,,,False,False,False,False,False,False,False,False,False,False,False,False,False,False,False,False,False,False,False,False,False,False,False,False,False,False,False,False,False,False,False,False,False,False,False,False,False,False,False,False,False,,0,0,0,0,0,0,0,0,0,0,0,0,0,0,0,0,0,0,0,0,0,0,0,0,0,0,0,0,0,0,0,False,False,False,False,False,False,False,False,False,False,False,False,False,False,False,False,False,False,False,False,False,False,False,False
927,虚景跳跳乐大挑战,,False,False,False,False,False,False,False,False,False,False,False,False,False,False,False,False,False,False,False,False,False,False,False,False,False,False,False,False,False,False,False,False,False,False,False,False,False,False,False,False,False,climb2_019,0,0,0,0,0,8019,112520,0,0,0,1098,34,0,0,0,3,0,109,19,0,0,0,0,1,0,0,0,19,0,0,-1,False,False,False,True,False,False,True,False,False,False,False,False,False,False,True,False,False,False,False,False,False,False,True,True
928,虚景跳跳乐大挑战,,False,False,False,False,False,False,False,False,False,False,False,False,False,False,False,False,False,False,False,False,False,False,False,False,False,False,False,False,False,False,False,False,False,False,False,False,False,False,False,False,False,climb2_020,0,0,0,0,0,8019,112520,0,0,0,1098,35,0,0,0,3,0,109,19,0,0,0,0,1,0,0,0,19,0,0,-1,False,False,False,True,False,False,True,False,False,False,False,False,False,False,True,False,False,False,False,False,False,False,True,True
929,虚景跳跳乐大挑战,,False,False,False,False,False,False,False,False,False,False,False,False,False,False,False,False,False,False,False,False,False,False,False,False,False,False,False,False,False,False,False,False,False,False,False,False,False,False,False,False,False,climb2_021,0,0,0,0,0,8019,112520,0,0,0,1098,36,0,0,0,3,0,109,19,0,0,0,0,1,0,0,0,19,0,0,-1,False,False,False,True,False,False,True,False,False,False,False,False,False,False,True,False,False,False,False,False,False,False,True,True
930,虚景跳跳乐大挑战,,False,False,False,False,False,False,False,False,False,False,False,False,False,False,False,False,False,False,False,False,False,False,False,False,False,False,False,False,False,False,False,False,False,False,False,False,False,False,False,False,False,climb2_022,0,0,0,0,0,8019,112520,0,0,0,1098,37,0,0,0,3,0,109,19,0,0,0,0,1,0,0,0,19,0,0,-1,False,False,False,True,False,False,True,False,False,False,False,False,False,False,True,False,False,False,False,False,False,False,True,True
931,虚景跳跳乐大挑战,,False,False,False,False,False,False,False,False,False,False,False,False,False,False,False,False,False,False,False,False,False,False,False,False,False,False,False,False,False,False,False,False,False,False,False,False,False,False,False,False,False,climb2_023,0,0,0,0,0,8019,112520,0,0,0,1098,38,0,0,0,3,0,109,19,0,0,0,0,1,0,0,0,19,0,0,-1,False,False,False,True,False,False,True,False,False,False,False,False,False,False,True,False,False,False,False,False,False,False,True,True
932,虚景跳跳乐大挑战,,False,False,False,False,False,False,False,False,False,False,False,False,False,False,False,False,False,False,False,False,False,False,False,False,False,False,False,False,False,False,False,False,False,False,False,False,False,False,False,False,False,climb2_024,0,0,0,0,0,8019,112520,0,0,0,1098,39,0,0,0,3,0,109,19,0,0,0,0,1,0,0,0,19,0,0,-1,False,False,False,True,False,False,True,False,False,False,False,False,False,False,True,False,False,False,False,False,False,False,True,True
933,虚景跳跳乐大挑战,,False,False,False,False,False,False,False,False,False,False,False,False,False,False,False,False,False,False,False,False,False,False,False,False,False,False,False,False,False,False,False,False,False,False,False,False,False,False,False,False,False,climb2_025,0,0,0,0,0,8019,112520,0,0,0,1098,40,0,0,0,3,0,109,19,0,0,0,0,1,0,0,0,19,0,0,-1,False,False,False,True,False,False,True,False,False,False,False,False,False,False,True,False,False,False,False,False,False,False,True,True
934,虚景跳跳乐大挑战,,False,False,False,False,False,False,False,False,False,False,False,False,False,False,False,False,False,False,False,False,False,False,False,False,False,False,False,False,False,False,False,False,False,False,False,False,False,False,False,False,False,climb2_026,0,0,0,0,0,8019,112520,0,0,0,1098,41,0,0,0,3,0,109,19,0,0,0,0,1,0,0,0,19,0,0,-1,False,False,False,True,False,False,True,False,False,False,False,False,False,False,True,False,False,False,False,False,False,False,True,True
935,虚景跳跳乐大挑战,,False,False,False,False,False,False,False,False,False,False,False,False,False,False,False,False,False,False,False,False,False,False,False,False,False,False,False,False,False,False,False,False,False,False,False,False,False,False,False,False,False,climb2_027,0,0,0,0,0,8019,112520,0,0,0,1098,42,0,0,0,3,0,109,19,0,0,0,0,1,0,0,0,19,0,0,-1,False,False,False,True,False,False,True,False,False,False,False,False,False,False,True,False,False,False,False,False,False,False,True,True
936,万魔殿 荒天之狱1,,False,False,False,False,False,False,False,False,True,False,False,False,False,False,False,False,True,False,False,False,False,False,False,False,False,False,False,False,False,False,False,False,False,False,False,False,False,False,False,False,False,n5r9,0,0,0,0,301,3125,112524,0,0,0,1147,30126,615,0,142,1,4,108,3,0,0,0,0,90,90,1,0,5,40,0,-1,False,False,False,True,True,False,True,True,False,False,False,True,True,False,True,False,False,False,True,False,False,False,True,True
937,零式万魔殿 荒天之狱1,,False,False,False,False,False,False,False,False,False,False,False,False,False,False,False,False,False,False,False,False,False,False,False,False,False,False,False,False,False,False,False,False,False,False,False,False,False,False,False,False,False,n5r9_2,0,0,0,0,301,3129,112525,0,0,0,1148,30127,630,0,154,1,4,108,3,0,0,0,0,90,90,1,0,5,41,0,-1,False,False,False,True,True,False,True,True,False,False,False,True,True,False,True,False,False,False,True,False,False,False,True,True
938,万魔殿 荒天之狱2,,False,False,False,False,False,False,False,False,True,False,False,False,False,False,False,False,True,False,False,False,False,False,False,False,False,False,False,False,False,False,False,False,False,False,False,False,False,False,False,False,False,n5ra,0,0,0,0,301,3126,112526,0,0,0,1149,30128,615,0,143,1,4,108,3,0,0,0,0,90,90,1,0,5,40,0,-1,False,False,False,True,True,False,True,True,False,False,False,True,True,False,True,False,False,False,True,False,False,False,True,True
939,零式万魔殿 荒天之狱2,,False,False,False,False,False,False,False,False,False,False,False,False,False,False,False,False,False,False,False,False,False,False,False,False,False,False,False,False,False,False,False,False,False,False,False,False,False,False,False,False,False,n5ra_2,0,0,0,0,301,3130,112527,0,0,0,1150,30129,635,0,155,1,4,108,3,0,0,0,0,90,90,1,0,5,41,0,-1,False,False,False,True,True,False,True,True,False,False,False,True,True,False,True,False,False,False,True,False,False,False,True,True
940,万魔殿 荒天之狱3,,False,False,False,False,False,False,False,False,True,False,False,False,False,False,False,False,True,False,False,False,False,False,False,False,False,False,False,False,False,False,False,False,False,False,False,False,False,False,False,False,False,n5rb,0,0,0,0,301,3127,112528,0,0,0,1151,30130,615,0,144,1,4,108,3,0,0,0,0,90,90,1,0,5,40,0,-1,False,False,False,True,True,False,True,True,False,False,False,True,True,False,True,False,False,False,True,False,False,False,True,True
941,零式万魔殿 荒天之狱3,,False,False,False,False,False,False,False,False,False,False,False,False,False,False,False,False,False,False,False,False,False,False,False,False,False,False,False,False,False,False,False,False,False,False,False,False,False,False,False,False,False,n5rb_2,0,0,0,0,301,3131,112529,0,0,0,1152,30131,640,0,156,1,4,108,3,0,0,0,0,90,90,1,0,5,41,0,-1,False,False,False,True,True,False,True,True,False,False,False,True,True,False,True,False,False,False,True,False,False,False,True,True
942,万魔殿 荒天之狱4,,False,False,False,False,False,False,False,False,True,False,False,False,False,False,False,False,True,False,False,False,False,False,False,False,False,False,False,False,False,False,False,False,False,False,False,False,False,False,False,False,False,n5rc,0,0,0,0,301,3128,112530,0,0,0,1153,30132,615,0,145,1,4,108,3,0,0,0,0,90,90,1,0,5,40,0,-1,False,False,False,True,True,False,True,True,False,False,False,True,True,False,True,False,False,False,True,False,False,False,True,True
943,零式万魔殿 荒天之狱4,,False,False,False,False,False,False,False,False,False,False,False,False,False,False,False,False,False,False,False,False,False,False,False,False,False,False,False,False,False,False,False,False,False,False,False,False,False,False,False,False,False,n5rc_2,0,0,0,0,301,3132,112531,0,0,0,1154,30133,640,0,157,1,4,108,3,0,0,0,0,90,90,1,0,5,41,0,-1,False,False,False,True,True,False,True,True,False,False,False,True,True,False,True,False,False,False,True,False,False,False,True,True
944,阿修罗歼灭战,,False,False,False,False,False,True,False,False,True,False,False,False,False,False,False,False,False,False,False,False,False,False,False,False,False,False,False,False,False,False,False,False,False,False,False,False,False,False,False,False,False,m5fb,0,0,0,0,302,2095,112536,0,0,0,1136,20088,625,0,207,1,4,108,3,0,0,0,0,90,90,0,0,4,38,0,-1,False,False,False,True,True,False,True,True,False,False,False,True,True,False,True,False,False,False,True,False,False,False,True,True
945,多变迷宫 六根山,,False,False,False,False,False,False,False,False,False,False,False,False,False,False,False,False,False,False,False,False,False,False,False,False,False,False,False,False,False,False,False,False,False,False,False,False,False,False,False,False,False,e5d1,0,0,0,0,304,5113,112533,0,0,0,1137,36002,605,665,110,1,4,142,11,0,0,0,0,90,90,0,0,30,0,0,-1,False,False,False,True,False,False,False,False,False,False,False,True,False,False,True,False,False,False,True,False,False,False,True,True
946,异闻六根山,,False,False,False,False,False,False,False,False,False,False,False,False,False,False,False,False,False,False,False,False,False,False,False,False,False,False,False,False,False,False,False,False,False,False,False,False,False,False,False,False,False,e5d2,0,0,0,0,304,5114,112534,0,0,0,1155,37003,640,665,111,1,4,146,31,0,0,0,0,90,90,0,5,30,0,0,-1,False,False,False,False,False,False,False,False,False,False,False,True,False,False,True,False,False,False,True,False,False,False,True,True
947,零式异闻六根山,,False,False,False,False,False,False,False,False,False,False,False,False,False,False,False,False,False,False,False,False,False,False,False,False,False,False,False,False,False,False,False,False,False,False,False,False,False,False,False,False,False,e5d2_2,0,0,0,0,304,5115,112535,0,0,0,1156,37004,0,665,112,1,4,146,2,1,0,0,0,90,90,0,0,30,0,0,-1,False,False,False,False,False,False,False,False,False,False,False,True,False,False,True,False,False,False,True,False,False,False,True,True
948,黄金斗士——金德尔,,False,False,False,False,False,False,False,False,False,False,False,False,False,False,False,False,False,False,False,False,False,False,False,False,False,False,False,False,False,False,False,False,False,False,False,False,False,False,False,False,False,aoz032,0,0,70313,0,0,0,112332,0,0,0,796,35032,0,0,0,1,3,129,1,0,0,1,0,80,80,0,0,27,0,0,-1,False,False,False,False,False,False,False,True,False,False,False,False,False,False,True,False,False,False,True,False,False,False,True,True
949,高贝扎歼灭战,,False,False,False,False,False,True,False,False,True,False,False,False,False,False,False,False,False,False,False,False,False,False,False,False,False,False,False,False,False,False,False,False,False,False,False,False,False,False,False,False,False,z5fb,0,0,0,0,302,2092,112522,0,0,0,1140,20089,615,0,205,1,4,108,3,0,0,0,0,90,90,0,0,4,38,0,-1,False,False,False,True,True,False,True,True,False,False,False,True,True,False,True,False,False,False,True,False,False,False,True,True
950,高贝扎歼殛战,,False,False,False,False,False,False,False,False,True,False,False,False,False,False,False,False,False,False,False,False,False,False,False,False,False,False,False,False,False,False,False,False,False,False,False,False,False,False,False,False,False,z5fb_2,0,0,0,0,302,2093,112523,0,0,0,1141,20090,630,0,215,1,4,108,3,0,0,0,0,90,90,1,0,4,39,0,-1,False,False,False,True,True,False,True,True,False,False,False,True,True,False,True,False,False,False,True,False,False,False,True,True
951,,,False,False,False,False,False,False,False,False,False,False,False,False,False,False,False,False,False,False,False,False,False,False,False,False,False,False,False,False,False,False,False,False,False,False,False,False,False,False,False,False,False,,0,0,0,0,0,0,0,0,0,0,0,0,0,0,0,0,0,0,0,0,0,0,0,0,0,0,0,0,0,0,0,False,False,False,False,False,False,False,False,False,False,False,False,False,False,False,False,False,False,False,False,False,False,False,False
952,出海垂钓,,False,False,False,False,False,False,False,False,False,False,False,False,False,False,False,False,False,False,False,False,False,False,False,False,False,False,False,False,False,False,False,False,False,False,False,False,False,False,False,False,False,ikd013,0,5,69379,0,0,6009,112383,0,0,0,1163,63012,0,0,0,1,2,19,25,0,0,1,0,1,0,0,0,16,0,0,-1,False,False,False,True,False,False,False,False,False,False,False,False,False,False,True,False,False,False,True,False,False,True,True,True
953,出海垂钓,,False,False,False,False,False,False,False,False,False,False,False,False,False,False,False,False,False,False,False,False,False,False,False,False,False,False,False,False,False,False,False,False,False,False,False,False,False,False,False,False,False,ikd014,0,5,69379,0,0,6009,112383,0,0,0,1163,63013,0,0,0,1,2,19,25,0,0,1,0,1,0,0,0,16,0,0,-1,False,False,False,True,False,False,False,False,False,False,False,False,False,False,True,False,False,False,True,False,False,True,True,True
954,出海垂钓,,False,False,False,False,False,False,False,False,False,False,False,False,False,False,False,False,False,False,False,False,False,False,False,False,False,False,False,False,False,False,False,False,False,False,False,False,False,False,False,False,False,ikd015,0,5,69379,0,0,6009,112383,0,0,0,1163,63014,0,0,0,1,2,19,25,0,0,1,0,1,0,0,0,16,0,0,-1,False,False,False,True,False,False,False,False,False,False,False,False,False,False,True,False,False,False,True,False,False,True,True,True
955,出海垂钓,,False,False,False,False,False,False,False,False,False,False,False,False,False,False,False,False,False,False,False,False,False,False,False,False,False,False,False,False,False,False,False,False,False,False,False,False,False,False,False,False,False,ikd016,0,5,69379,0,0,6009,112383,0,0,0,1163,63015,0,0,0,1,2,19,25,0,0,1,0,1,0,0,0,16,0,0,-1,False,False,False,True,False,False,False,False,False,False,False,False,False,False,True,False,False,False,True,False,False,True,True,True
956,出海垂钓,,False,False,False,False,False,False,False,False,False,False,False,False,False,False,False,False,False,False,False,False,False,False,False,False,False,False,False,False,False,False,False,False,False,False,False,False,False,False,False,False,False,ikd017,0,5,69379,0,0,6009,112383,0,0,0,1163,63016,0,0,0,1,2,19,25,0,0,1,0,1,0,0,0,16,0,0,-1,False,False,False,True,False,False,False,False,False,False,False,False,False,False,True,False,False,False,True,False,False,True,True,True
957,出海垂钓,,False,False,False,False,False,False,False,False,False,False,False,False,False,False,False,False,False,False,False,False,False,False,False,False,False,False,False,False,False,False,False,False,False,False,False,False,False,False,False,False,False,ikd018,0,5,69379,0,0,6009,112383,0,0,0,1163,63017,0,0,0,1,2,19,25,0,0,1,0,1,0,0,0,16,0,0,-1,False,False,False,True,False,False,False,False,False,False,False,False,False,False,True,False,False,False,True,False,False,True,True,True
958,金碟巨豆中心,,False,False,False,False,False,False,False,False,False,False,False,False,False,False,False,False,False,False,False,False,False,False,False,False,False,False,False,False,False,False,False,False,False,False,False,False,False,False,False,False,False,w1ek,0,0,70337,0,0,8020,112552,80132,0,0,1165,43,0,0,0,3,0,109,32,0,0,1,0,1,0,0,0,19,0,0,-1,False,True,False,True,False,False,True,False,False,False,False,False,False,False,True,False,False,False,False,False,False,False,True,True
959,纵使前路狱火焰毒,,False,False,False,False,False,False,False,False,False,False,False,False,False,False,False,False,False,False,False,False,False,False,False,False,False,False,False,False,False,False,False,False,False,False,False,False,False,False,False,False,False,w1fd,0,0,0,0,0,0,0,0,0,0,1166,5066,0,110,0,1,0,142,1,0,0,0,0,50,50,0,0,7,0,0,-1,False,False,False,False,False,False,False,True,False,False,False,False,False,False,False,False,False,False,True,False,False,False,True,True
960,那双眼中映出的是,,False,False,False,False,False,False,False,False,False,False,False,False,False,False,False,False,False,False,False,False,False,False,False,False,False,False,False,False,False,False,False,False,False,False,False,False,False,False,False,False,False,ec049,0,0,0,0,0,0,0,0,0,0,1177,5067,0,660,0,1,4,142,1,0,0,0,0,90,90,0,0,7,0,0,-1,False,False,False,False,False,False,False,True,False,False,False,False,False,False,False,False,False,False,True,False,False,False,True,True
961,多变迷宫 阿罗阿罗岛,,False,False,False,False,False,False,False,False,False,False,False,False,False,False,False,False,False,False,False,False,False,False,False,False,False,False,False,False,False,False,False,False,False,False,False,False,False,False,False,False,False,o5d1,0,0,0,0,304,5116,112549,0,0,0,1176,36003,605,665,120,1,4,142,11,0,0,0,0,90,90,0,0,30,0,0,-1,False,False,False,True,False,False,False,False,False,False,False,True,False,False,True,False,False,False,True,False,False,False,True,True
962,荣华神域塔利亚,,False,False,False,False,False,False,False,False,True,False,False,False,False,False,True,False,False,False,False,False,False,False,False,False,False,False,False,False,False,False,False,False,False,False,False,False,False,False,False,False,False,z5r3,0,0,0,0,301,3133,112546,0,0,0,1178,30134,625,0,126,1,4,108,4,0,0,0,0,90,90,2,0,5,42,0,-1,False,False,False,True,True,False,True,True,False,False,False,True,True,False,True,False,False,False,True,False,False,False,True,True
963,,,False,False,False,False,False,False,False,False,False,False,False,False,False,False,False,False,False,False,False,False,False,False,False,False,False,False,False,False,False,False,False,False,False,False,False,False,False,False,False,False,False,,0,0,0,0,0,0,0,0,0,0,0,0,0,0,0,0,0,0,0,0,0,0,0,0,0,0,0,0,0,0,0,False,False,False,False,False,False,False,False,False,False,False,False,False,False,False,False,False,False,False,False,False,False,False,False
964,泽罗姆斯歼灭战,,False,False,False,False,False,True,False,False,True,False,False,False,False,False,False,False,False,False,False,False,False,False,False,False,False,False,False,False,False,False,False,False,False,False,False,False,False,False,False,False,False,z5fc,0,0,0,0,302,2096,112544,0,0,0,1168,20091,625,0,206,1,4,108,3,0,0,0,0,90,90,0,0,4,38,0,-1,False,False,False,True,True,False,True,True,False,False,False,True,True,False,True,False,False,False,True,False,False,False,True,True
965,泽罗姆斯歼殛战,,False,False,False,False,False,False,False,False,True,False,False,False,False,False,False,False,False,False,False,False,False,False,False,False,False,False,False,False,False,False,False,False,False,False,False,False,False,False,False,False,False,z5fc_2,0,0,0,0,302,2097,112545,0,0,0,1169,20092,640,0,216,1,4,108,3,0,0,0,0,90,90,1,0,4,39,0,-1,False,False,False,True,True,False,True,True,False,False,False,True,True,False,True,False,False,False,True,False,False,False,True,True
966,旅行画家的幻想旅程,,False,False,False,False,False,False,False,False,False,False,False,False,False,False,False,False,False,False,False,False,False,False,False,False,False,False,False,False,False,False,False,False,False,False,False,False,False,False,False,False,False,ec060,0,0,0,0,0,0,0,0,0,0,1234,5074,0,655,0,1,5,108,1,0,0,0,0,90,90,0,0,7,0,0,-1,False,False,False,False,False,False,False,True,False,False,False,False,False,False,False,False,False,False,True,False,False,False,True,True
967,赤土红沙,,False,False,False,False,False,False,False,False,False,False,False,False,False,False,False,False,False,False,False,False,False,False,False,False,False,False,False,False,False,False,False,False,False,False,False,False,False,False,False,True,False,mks_c01_s5p5,0,16,0,0,0,4072,112471,0,2,0,1138,40039,0,0,12,1,0,146,29,3,2,0,0,30,0,0,0,6,43,0,-1,True,True,False,False,False,False,False,False,False,False,False,False,False,False,True,False,False,False,True,False,True,False,True,True
968,赤土红沙,,False,False,False,False,False,False,False,False,False,False,False,False,False,False,False,False,False,False,False,False,False,False,False,False,False,False,False,False,False,False,False,False,False,False,False,False,False,False,False,True,False,mks_c02_s5p5,0,16,0,0,0,4072,112471,0,2,0,1138,40039,0,0,13,1,0,146,29,3,2,0,0,30,0,0,0,6,43,0,-1,True,True,False,False,False,False,False,False,False,False,False,False,False,False,True,False,False,False,True,False,True,False,True,True
969,赤土红沙,,False,False,False,False,False,False,False,False,False,False,False,False,False,False,False,False,False,False,False,False,False,False,False,False,False,False,False,False,False,False,False,False,False,False,False,False,False,False,False,True,False,mks_c03_s5p5,0,16,0,0,0,4072,112471,0,2,0,1138,40039,0,0,14,1,0,146,29,3,2,0,0,30,0,0,0,6,43,0,-1,True,True,False,False,False,False,False,False,False,False,False,False,False,False,True,False,False,False,True,False,True,False,True,True
970,赤土红沙,,False,False,False,False,False,False,False,False,False,False,False,False,False,False,False,False,False,False,False,False,False,False,False,False,False,False,False,False,False,False,False,False,False,False,False,False,False,False,False,False,True,mks_r01_s5p5,0,17,0,0,0,4072,112472,0,1,1,1138,40040,0,0,132,1,0,146,29,3,1,0,0,30,0,0,0,6,43,1,-1,True,True,False,False,False,False,False,False,False,False,False,False,False,False,True,False,False,False,True,False,True,False,True,False
971,赤土红沙,,False,False,False,False,False,False,False,False,False,False,False,False,False,False,False,False,False,False,False,False,False,False,False,False,False,False,False,False,False,False,False,False,False,False,False,False,False,False,False,False,True,mks_r02_s5p5,0,17,0,0,0,4072,112472,0,1,1,1138,40040,0,0,133,1,0,146,29,3,1,0,0,30,0,0,0,6,43,1,-1,True,True,False,False,False,False,False,False,False,False,False,False,False,False,True,False,False,False,True,False,True,False,True,False
972,赤土红沙,,False,False,False,False,False,False,False,False,False,False,False,False,False,False,False,False,False,False,False,False,False,False,False,False,False,False,False,False,False,False,False,False,False,False,False,False,False,False,False,False,True,mks_r03_s5p5,0,17,0,0,0,4072,112472,0,1,1,1138,40040,0,0,134,1,0,146,29,3,1,0,0,30,0,0,0,6,43,1,-1,True,True,False,False,False,False,False,False,False,False,False,False,False,False,True,False,False,False,True,False,True,False,True,False
973,赤土红沙,,False,False,False,False,False,False,False,False,False,False,False,False,False,False,False,False,False,False,False,False,False,False,False,False,False,False,False,False,False,False,False,False,False,False,False,False,False,False,False,False,True,mks_r04_s5p5,0,17,0,0,0,4072,112472,0,1,1,1138,40040,0,0,135,1,0,146,29,3,1,0,0,30,0,0,0,6,43,1,-1,True,True,False,False,False,False,False,False,False,False,False,False,False,False,True,False,False,False,True,False,True,False,True,False
974,赤土红沙,,False,False,False,False,False,False,False,False,False,False,False,False,False,False,False,False,False,False,False,False,False,False,False,False,False,False,False,False,False,False,False,False,False,False,False,False,False,False,False,False,True,mks_r05_s5p5,0,17,0,0,0,4072,112472,0,1,1,1138,40040,0,0,136,1,0,146,29,3,1,0,0,30,0,0,0,6,43,1,-1,True,True,False,False,False,False,False,False,False,False,False,False,False,False,True,False,False,False,True,False,True,False,True,False
975,赤土红沙,,False,False,False,False,False,False,False,False,False,False,False,False,False,False,False,False,False,False,False,False,False,False,False,False,False,False,False,False,False,False,False,False,False,False,False,False,False,False,False,False,True,mks_r06_s5p5,0,17,0,0,0,4072,112472,0,1,1,1138,40040,0,0,137,1,0,146,29,3,1,0,0,30,0,0,0,6,43,1,-1,True,True,False,False,False,False,False,False,False,False,False,False,False,False,True,False,False,False,True,False,True,False,True,False
976,赤土红沙,,False,False,False,False,False,False,False,False,False,False,False,False,False,False,False,False,False,False,False,False,False,False,False,False,False,False,False,False,False,False,False,False,False,False,False,False,False,False,False,False,True,mks_r07_s5p5,0,17,0,0,0,4072,112472,0,1,1,1138,40040,0,0,138,1,0,146,29,3,1,0,0,30,0,0,0,6,43,1,-1,True,True,False,False,False,False,False,False,False,False,False,False,False,False,True,False,False,False,True,False,True,False,True,False
977,赤土红沙,,False,False,False,False,False,False,False,False,False,False,False,False,False,False,False,False,False,False,False,False,False,False,False,False,False,False,False,False,False,False,False,False,False,False,False,False,False,False,False,False,True,mks_r08_s5p5,0,17,0,0,0,4072,112472,0,1,1,1138,40040,0,0,139,1,0,146,29,3,1,0,0,30,0,0,0,6,43,1,-1,True,True,False,False,False,False,False,False,False,False,False,False,False,False,True,False,False,False,True,False,True,False,True,False
978,水晶冲突（赤土红沙：自定赛）,赤土红沙,False,False,False,False,False,False,False,False,False,False,False,False,False,False,False,False,False,False,False,False,False,False,False,False,False,False,False,False,False,False,False,False,False,False,False,False,False,False,False,False,False,mks_ctm_s5p5,0,0,0,0,0,4073,112548,0,0,0,1139,40041,0,0,204,1,0,146,30,0,0,0,0,30,0,0,0,6,44,0,-1,True,True,False,False,False,False,False,False,False,False,False,True,True,False,True,False,False,False,True,False,True,False,True,True
979,异闻阿罗阿罗岛,,False,False,False,False,False,False,False,False,False,False,False,False,False,False,False,False,False,False,False,False,False,False,False,False,False,False,False,False,False,False,False,False,False,False,False,False,False,False,False,False,False,o5d2,0,0,0,0,304,5117,112550,0,0,0,1179,37005,640,665,121,1,4,146,31,0,0,0,0,90,90,0,5,30,0,0,-1,False,False,False,False,False,False,False,False,False,False,False,True,False,False,True,False,False,False,True,False,False,False,True,True
980,零式异闻阿罗阿罗岛,,False,False,False,False,False,False,False,False,False,False,False,False,False,False,False,False,False,False,False,False,False,False,False,False,False,False,False,False,False,False,False,False,False,False,False,False,False,False,False,False,False,o5d2_2,0,0,0,0,304,5118,112551,0,0,0,1180,37006,0,665,122,1,4,146,2,1,0,0,0,90,90,0,0,30,0,0,-1,False,False,False,False,False,False,False,False,False,False,False,True,False,False,True,False,False,False,True,False,False,False,True,True
981,噩梦乐园迷途鬼区,,False,False,False,False,False,False,False,True,True,False,False,False,False,False,False,False,False,False,False,False,False,False,False,False,False,False,False,False,False,False,False,False,False,False,False,False,False,False,False,False,False,x6d5,0,0,0,0,305,104,112561,0,0,0,1204,99,670,730,107,1,5,108,2,0,0,0,0,100,100,1,0,2,45,0,-1,False,False,False,False,False,False,True,True,True,False,False,True,True,False,True,False,False,False,True,False,False,False,True,True
982,友之试炼,,False,False,False,False,False,False,False,False,False,False,False,False,False,False,False,False,False,False,False,False,False,False,False,False,False,False,False,False,False,False,False,False,False,False,False,False,False,False,False,False,False,ec052,0,0,0,0,0,0,0,0,0,0,1212,5069,0,666,0,1,5,142,1,0,0,0,0,95,95,0,0,7,0,0,-1,False,False,False,False,False,False,False,True,False,False,False,False,False,False,False,False,False,False,True,False,False,False,True,True
983,为守护笑容而战,,False,False,False,False,False,False,False,False,False,False,False,False,False,False,False,False,False,False,False,False,False,False,False,False,False,False,False,False,False,False,False,False,False,False,False,False,False,False,False,False,False,ec051,0,0,0,0,0,0,0,0,0,0,1211,5070,0,663,0,1,5,142,1,0,0,0,0,94,94,0,0,7,0,0,-1,False,False,False,False,False,False,False,True,False,False,False,False,False,False,False,False,False,False,True,False,False,False,True,True
984,永恒女王歼灭战,,False,False,False,False,False,True,False,False,True,False,False,False,False,False,False,False,False,False,False,False,False,False,False,False,False,False,False,False,False,False,False,False,False,False,False,False,False,False,False,False,False,x6fb,0,0,0,0,307,2101,112566,0,0,0,1202,20095,670,700,222,1,5,108,3,0,0,0,0,100,100,0,0,4,46,0,-1,False,False,False,False,False,False,True,True,False,False,False,True,True,False,True,False,False,False,True,False,False,False,True,True
985,阿卡狄亚登天斗技场 轻量级1,阿卡狄亚登天斗技场 轻量级1,False,False,False,False,False,False,False,False,True,False,False,False,False,False,False,False,True,False,False,False,False,False,False,False,False,False,False,False,False,False,False,False,False,False,False,False,False,False,False,False,False,x6r1,0,0,0,0,306,3134,112567,0,0,0,1225,30135,685,0,170,1,5,108,3,0,0,0,0,100,100,1,0,5,48,0,-1,False,False,False,False,False,False,True,True,False,False,False,True,True,False,True,False,False,False,True,False,False,False,True,True
986,阿卡狄亚零式登天斗技场 轻量级1,阿卡狄亚零式登天斗技场 轻量级1,False,False,False,False,False,False,False,False,False,False,False,False,False,False,False,False,False,False,False,False,False,False,False,False,False,False,False,False,False,False,False,False,False,False,False,False,False,False,False,False,False,x6r1_2,0,0,0,0,306,3138,112568,0,0,0,1226,30136,700,0,190,1,5,108,3,0,0,0,0,100,100,1,0,5,49,0,-1,False,False,False,False,False,False,True,True,False,False,False,True,True,False,True,False,False,False,True,False,False,False,True,True
987,阿卡狄亚登天斗技场 轻量级2,阿卡狄亚登天斗技场 轻量级2,False,False,False,False,False,False,False,False,True,False,False,False,False,False,False,False,True,False,False,False,False,False,False,False,False,False,False,False,False,False,False,False,False,False,False,False,False,False,False,False,False,x6r2,0,0,0,0,306,3135,112569,0,0,0,1227,30137,685,0,171,1,5,108,3,0,0,0,0,100,100,1,0,5,48,0,-1,False,False,False,False,False,False,True,True,False,False,False,True,True,False,True,False,False,False,True,False,False,False,True,True
988,阿卡狄亚零式登天斗技场 轻量级2,阿卡狄亚零式登天斗技场 轻量级2,False,False,False,False,False,False,False,False,False,False,False,False,False,False,False,False,False,False,False,False,False,False,False,False,False,False,False,False,False,False,False,False,False,False,False,False,False,False,False,False,False,x6r2_2,0,0,0,0,306,3139,112570,0,0,0,1228,30138,705,0,191,1,5,108,3,0,0,0,0,100,100,1,0,5,49,0,-1,False,False,False,False,False,False,True,True,False,False,False,True,True,False,True,False,False,False,True,False,False,False,True,True
989,阿卡狄亚登天斗技场 轻量级3,阿卡狄亚登天斗技场 轻量级3,False,False,False,False,False,False,False,False,True,False,False,False,False,False,False,False,True,False,False,False,False,False,False,False,False,False,False,False,False,False,False,False,False,False,False,False,False,False,False,False,False,x6r3,0,0,0,0,306,3136,112571,0,0,0,1229,30139,685,0,172,1,5,108,3,0,0,0,0,100,100,1,0,5,48,0,-1,False,False,False,False,False,False,True,True,False,False,False,True,True,False,True,False,False,False,True,False,False,False,True,True
990,阿卡狄亚零式登天斗技场 轻量级3,阿卡狄亚零式登天斗技场 轻量级3,False,False,False,False,False,False,False,False,False,False,False,False,False,False,False,False,False,False,False,False,False,False,False,False,False,False,False,False,False,False,False,False,False,False,False,False,False,False,False,False,False,x6r3_2,0,0,0,0,306,3140,112572,0,0,0,1230,30140,710,0,192,1,5,108,3,0,0,0,0,100,100,1,0,5,49,0,-1,False,False,False,False,False,False,True,True,False,False,False,True,True,False,True,False,False,False,True,False,False,False,True,True
991,阿卡狄亚登天斗技场 轻量级4,阿卡狄亚登天斗技场 轻量级4,False,False,False,False,False,False,False,False,True,False,False,False,False,False,False,False,True,False,False,False,False,False,False,False,False,False,False,False,False,False,False,False,False,False,False,False,False,False,False,False,False,x6r4,0,0,0,0,306,3137,112573,0,0,0,1231,30141,685,0,173,1,5,108,3,0,0,0,0,100,100,1,0,5,48,0,-1,False,False,False,False,False,False,True,True,False,False,False,True,True,False,True,False,False,False,True,False,False,False,True,True
992,阿卡狄亚零式登天斗技场 轻量级4,阿卡狄亚零式登天斗技场 轻量级4,False,False,False,False,False,False,False,False,False,False,False,False,False,False,False,False,False,False,False,False,False,False,False,False,False,False,False,False,False,False,False,False,False,False,False,False,False,False,False,False,False,x6r4_2,0,0,0,0,306,3141,112574,0,0,0,1232,30142,710,0,193,1,5,108,3,0,0,0,0,100,100,1,0,5,49,0,-1,False,False,False,False,False,False,True,True,False,False,False,True,True,False,True,False,False,False,True,False,False,False,True,True
993,加加财富天坑,,False,False,False,False,False,False,False,False,False,False,False,False,False,False,False,False,False,False,False,False,False,False,False,False,False,False,False,False,False,False,False,False,False,False,False,False,False,False,False,False,False,y6c1,0,0,0,0,0,9012,0,0,0,0,1209,55012,0,765,0,1,5,108,3,0,0,0,0,1,100,0,0,9,0,0,-1,False,False,False,True,False,False,False,True,False,False,False,False,False,False,False,False,True,False,True,False,False,False,True,True
994,剧毒与康复的巅峰对决,,False,False,False,False,False,False,False,False,False,False,False,False,False,False,False,False,False,False,False,False,False,False,False,False,False,False,False,False,False,False,False,False,False,False,False,False,False,False,False,False,False,ec055,0,0,0,0,0,0,0,0,0,0,1215,5071,0,680,0,1,5,108,1,0,0,0,0,100,100,0,0,7,0,0,-1,False,False,False,False,False,False,False,True,False,False,False,False,False,False,False,False,False,False,True,False,False,False,True,True
995,佐拉加歼灭战,,False,False,False,False,False,True,False,False,True,False,False,False,False,False,False,False,False,False,False,False,False,False,False,False,False,False,False,False,False,False,False,False,False,False,False,False,False,False,False,False,False,x6fa,0,0,0,0,307,2102,112564,0,0,0,1200,20096,0,680,221,1,5,108,3,0,0,0,0,99,100,0,0,4,46,0,-1,False,False,False,False,False,False,True,True,False,False,False,True,True,False,True,False,False,False,True,False,False,False,True,True
996,佐拉加歼殛战,,False,False,False,False,False,False,False,False,False,False,False,False,False,False,False,False,False,False,False,False,False,False,False,False,False,False,False,False,False,False,False,False,False,False,False,False,False,False,False,False,False,x6fa_2,0,0,0,0,307,2103,112565,0,0,0,1201,20097,690,0,241,1,5,108,3,0,0,0,0,100,100,1,0,4,47,0,-1,False,False,False,False,False,False,True,True,False,False,False,True,True,False,True,False,False,False,True,False,False,False,True,True
997,无可指摘的猎人,,False,False,False,False,False,False,False,False,False,False,False,False,False,False,False,False,False,False,False,False,False,False,False,False,False,False,False,False,False,False,False,False,False,False,False,False,False,False,False,False,False,ec056,0,0,0,0,0,0,0,0,0,0,1216,5073,0,680,0,1,5,108,1,0,0,0,0,100,100,0,0,7,0,0,-1,False,False,False,False,False,False,False,True,False,False,False,False,False,False,False,False,False,False,True,False,False,False,True,True
998,守护者还是毁灭者,,False,False,False,False,False,False,False,False,False,False,False,False,False,False,False,False,False,False,False,False,False,False,False,False,False,False,False,False,False,False,False,False,False,False,False,False,False,False,False,False,False,ec053,0,0,0,0,0,0,0,0,0,0,1213,5075,0,675,0,1,5,142,1,0,0,0,0,98,98,0,0,7,0,0,-1,False,False,False,False,False,False,False,True,False,False,False,False,False,False,False,False,False,False,True,False,False,False,True,True
999,打倒！沙尔托菲特盗贼团！,,False,False,False,False,False,False,False,False,False,False,False,False,False,False,False,False,False,False,False,False,False,False,False,False,False,False,False,False,False,False,False,False,False,False,False,False,False,False,False,False,False,ec057,0,0,0,0,0,0,0,0,0,0,1217,5076,0,680,0,1,5,108,1,0,0,0,0,100,100,0,0,7,0,0,-1,False,False,False,False,False,False,False,True,False,False,False,False,False,False,False,False,False,False,True,False,False,False,True,True
1000,旅行画家的森都旅程,,False,False,False,False,False,False,False,False,False,False,False,False,False,False,False,False,False,False,False,False,False,False,False,False,False,False,False,False,False,False,False,False,False,False,False,False,False,False,False,False,False,ec059,0,0,0,0,0,0,0,0,0,0,1233,5077,0,525,0,1,5,108,1,0,0,0,0,80,80,0,0,7,0,0,-1,False,False,False,False,False,False,False,True,False,False,False,False,False,False,False,False,False,False,True,False,False,False,True,True
1001,祭器创造的假象,,False,False,False,False,False,False,False,False,False,False,False,False,False,False,False,False,False,False,False,False,False,False,False,False,False,False,False,False,False,False,False,False,False,False,False,False,False,False,False,False,False,ec058,0,0,0,0,0,0,0,0,0,0,1218,5078,0,680,0,1,5,108,1,0,0,0,0,100,100,0,0,7,0,0,-1,False,False,False,False,False,False,False,True,False,False,False,False,False,False,False,False,False,False,True,False,False,False,True,True
1002,图拉尔威爪猎手,,False,False,False,False,False,False,False,False,False,False,False,False,False,False,False,False,False,False,False,False,False,False,False,False,False,False,False,False,False,False,False,False,False,False,False,False,False,False,False,False,False,ec062,0,0,0,0,0,0,0,0,0,0,1236,5079,0,655,0,1,5,108,1,0,0,0,0,90,90,0,0,7,0,0,-1,False,False,False,False,False,False,False,True,False,False,False,False,False,False,False,False,False,False,True,False,False,False,True,True
1003,不论酣睡还是无眠,,False,False,False,False,False,False,False,False,False,False,False,False,False,False,False,False,False,False,False,False,False,False,False,False,False,False,False,False,False,False,False,False,False,False,False,False,False,False,False,False,False,ec054,0,0,0,0,0,0,0,0,0,0,1214,5080,0,680,0,1,5,108,1,0,0,0,0,100,100,0,0,7,0,0,-1,False,False,False,False,False,False,False,True,False,False,False,False,False,False,False,False,False,False,True,False,False,False,True,True
1004,,,False,False,False,False,False,False,False,False,False,False,False,False,False,False,False,False,False,False,False,False,False,False,False,False,False,False,False,False,False,False,False,False,False,False,False,False,False,False,False,False,False,,0,0,0,0,0,0,0,0,0,0,0,0,0,0,0,0,0,0,0,0,0,0,0,0,0,0,0,0,0,0,0,False,False,False,False,False,False,False,False,False,False,False,False,False,False,False,False,False,False,False,False,False,False,False,False
1005,,,False,False,False,False,False,False,False,False,False,False,False,False,False,False,False,False,False,False,False,False,False,False,False,False,False,False,False,False,False,False,False,False,False,False,False,False,False,False,False,False,False,,0,0,0,0,0,0,0,0,0,0,0,0,0,0,0,0,0,0,0,0,0,0,0,0,0,0,0,0,0,0,0,False,False,False,False,False,False,False,False,False,False,False,False,False,False,False,False,False,False,False,False,False,False,False,False
1006,光暗未来绝境战,,False,False,False,False,False,False,False,False,False,False,False,False,False,False,False,False,False,False,False,False,False,False,False,False,False,False,False,False,False,False,False,False,False,False,False,False,False,False,False,False,False,n4gw,0,0,0,0,306,3142,112587,0,0,0,1238,30143,0,735,1006,1,5,142,3,1,0,0,0,100,100,0,3,28,0,0,-1,False,False,False,False,False,False,False,False,False,False,False,True,False,True,True,False,False,False,True,False,False,False,True,True
1007,,,False,False,False,False,False,False,False,False,False,False,False,False,False,False,False,False,False,False,False,False,False,False,False,False,False,False,False,False,False,False,False,False,False,False,False,False,False,False,False,False,False,,0,0,0,0,0,0,0,0,0,0,0,0,0,0,0,0,0,0,0,0,0,0,0,0,0,0,0,0,0,0,0,False,False,False,False,False,False,False,False,False,False,False,False,False,False,False,False,False,False,False,False,False,False,False,False
1008,废弃据点玉韦亚瓦塔实验站,,False,False,False,False,False,False,False,True,True,False,False,False,False,False,False,False,False,False,False,False,False,False,False,False,False,False,False,False,False,False,False,False,False,False,False,False,False,False,False,False,False,x6d6,0,0,0,0,305,105,112584,0,0,0,1242,100,690,730,108,1,5,108,2,0,0,0,0,100,100,1,0,2,45,0,-1,False,False,False,False,False,False,True,True,True,False,False,True,True,False,True,False,False,False,True,False,False,False,True,True
1009,家人的温暖,,False,False,False,False,False,False,False,False,False,False,False,False,False,False,False,False,False,False,False,False,False,False,False,False,False,False,False,False,False,False,False,False,False,False,False,False,False,False,False,False,False,ec063,0,0,0,0,0,0,0,0,0,0,1244,5081,0,730,0,1,5,108,1,0,0,0,0,100,100,0,0,7,0,0,-1,False,False,False,False,False,False,False,True,False,False,False,False,False,False,False,False,False,False,True,False,False,False,True,True
1010,暗黑之云诛灭战,,False,False,False,False,False,False,False,False,False,False,False,False,False,False,False,False,False,False,False,False,False,False,False,False,False,False,False,False,False,False,False,False,False,False,False,False,False,False,False,False,False,l1rz,0,0,0,0,306,3143,112586,0,0,0,1241,20098,710,735,2001,1,5,108,33,0,0,0,0,100,100,2,2,37,0,0,-1,False,False,False,True,False,True,True,True,False,False,False,True,False,True,True,False,False,False,True,False,False,False,True,True
1011,,,False,False,False,False,False,False,False,False,False,False,False,False,False,False,False,False,False,False,False,False,False,False,False,False,False,False,False,False,False,False,False,False,False,False,False,False,False,False,False,False,False,,0,0,0,0,0,0,0,0,0,0,0,0,0,0,0,0,0,0,0,0,0,0,0,0,0,0,0,0,0,0,0,False,False,False,False,False,False,False,False,False,False,False,False,False,False,False,False,False,False,False,False,False,False,False,False
1012,处理显示标记的攻击,,False,False,False,False,False,False,False,False,False,False,False,False,False,False,False,False,False,False,False,False,False,False,False,False,False,False,False,False,False,False,False,False,False,False,False,False,False,False,False,False,False,s1p6_begin01,0,0,0,69408,0,0,112141,0,0,0,1127,15017,0,0,0,1,0,142,1,0,0,0,1,49,49,0,0,20,0,0,-1,False,False,False,False,False,False,False,True,False,False,False,False,False,False,True,False,False,False,True,False,False,False,True,True
1013,处理在地面显示预兆的攻击,,False,False,False,False,False,False,False,False,False,False,False,False,False,False,False,False,False,False,False,False,False,False,False,False,False,False,False,False,False,False,False,False,False,False,False,False,False,False,False,False,False,s1p6_begin02,0,0,0,69408,0,0,112141,0,0,0,1128,15018,0,0,0,1,0,142,1,0,0,0,1,49,49,0,0,20,0,0,-1,False,False,False,False,False,False,False,True,False,False,False,False,False,False,True,False,False,False,True,False,False,False,True,True
1014,处理各种攻击,,False,False,False,False,False,False,False,False,False,False,False,False,False,False,False,False,False,False,False,False,False,False,False,False,False,False,False,False,False,False,False,False,False,False,False,False,False,False,False,False,False,s1p6_begin03,0,0,0,69408,0,0,112141,0,0,0,1129,15019,0,0,0,1,0,142,1,0,0,0,1,49,49,0,0,20,0,0,-1,False,False,False,False,False,False,False,True,False,False,False,False,False,False,True,False,False,False,True,False,False,False,True,True
1015,朱诺：第一巡行,,False,False,False,False,False,False,False,False,True,False,False,False,False,False,True,False,False,False,False,False,False,False,False,False,False,False,False,False,False,False,False,False,False,False,False,False,False,False,False,False,False,z6r1,0,0,0,0,306,3144,112585,0,0,0,1248,30144,695,0,158,1,5,108,4,0,0,0,0,100,100,0,0,5,50,0,-1,False,False,False,False,False,False,True,False,False,False,False,True,True,False,True,False,False,False,True,False,False,False,True,True
1016,决战！佐戈永结桥,,False,False,False,False,False,False,False,False,False,False,False,False,False,False,False,False,False,False,False,False,False,False,False,False,False,False,False,False,False,False,False,False,False,False,False,False,False,False,False,False,False,ec064,0,0,0,0,0,0,0,0,0,0,1246,5082,0,730,0,1,5,142,1,0,0,0,0,100,100,0,0,7,0,0,-1,False,False,False,False,False,False,False,True,False,False,False,False,False,False,False,False,False,False,True,False,False,False,True,True
1017,永恒女王忆想歼灭战,,False,False,False,False,False,False,False,False,False,False,False,False,False,False,False,False,False,False,False,False,False,False,False,False,False,False,False,False,False,False,False,False,False,False,False,False,False,False,False,False,False,x6fc,0,0,0,0,307,2104,112588,0,0,0,1243,20099,710,0,242,1,5,108,3,0,0,0,0,100,100,1,0,4,47,0,-1,False,False,False,False,False,False,True,True,False,False,False,True,True,False,True,False,False,False,True,False,False,False,True,True
1018,蜃景幻界新月岛 南征之章,,False,False,False,False,False,False,False,False,False,False,False,False,False,False,False,False,False,False,False,False,False,False,False,False,False,False,False,False,False,False,False,False,False,False,False,False,False,False,False,False,False,o6b1,0,0,70847,0,308,7011,112593,0,0,0,1252,45,690,700,0,3,5,142,35,0,0,1,0,100,100,0,0,38,0,0,-1,False,False,False,True,False,False,True,False,False,False,False,False,False,False,True,False,False,False,False,False,False,False,True,True
1019,阿卡狄亚登天斗技场 中量级1,,False,False,False,False,False,False,False,False,True,False,False,False,False,False,False,False,True,False,False,False,False,False,False,False,False,False,False,False,False,False,False,False,False,False,False,False,False,False,False,False,False,x6r5,0,0,0,0,306,3145,112597,0,0,0,1256,30145,715,0,174,1,5,108,3,0,0,0,0,100,100,1,0,5,48,0,-1,False,False,False,False,False,False,True,True,False,False,False,True,True,False,True,False,False,False,True,False,False,False,True,True
1020,阿卡狄亚零式登天斗技场 中量级1,,False,False,False,False,False,False,False,False,False,False,False,False,False,False,False,False,False,False,False,False,False,False,False,False,False,False,False,False,False,False,False,False,False,False,False,False,False,False,False,False,False,x6r5_2,0,0,0,0,306,3149,112598,0,0,0,1257,30146,730,0,194,1,5,108,3,0,0,0,0,100,100,1,0,5,49,0,-1,False,False,False,False,False,False,True,True,False,False,False,True,True,False,True,False,False,True,True,False,False,False,True,True
1021,阿卡狄亚登天斗技场 中量级2,,False,False,False,False,False,False,False,False,True,False,False,False,False,False,False,False,True,False,False,False,False,False,False,False,False,False,False,False,False,False,False,False,False,False,False,False,False,False,False,False,False,x6r6,0,0,0,0,306,3146,112599,0,0,0,1258,30147,715,0,175,1,5,108,3,0,0,0,0,100,100,1,0,5,48,0,-1,False,False,False,False,False,False,True,True,False,False,False,True,True,False,True,False,False,False,True,False,False,False,True,True
1022,阿卡狄亚零式登天斗技场 中量级2,,False,False,False,False,False,False,False,False,False,False,False,False,False,False,False,False,False,False,False,False,False,False,False,False,False,False,False,False,False,False,False,False,False,False,False,False,False,False,False,False,False,x6r6_2,0,0,0,0,306,3150,112600,0,0,0,1259,30148,735,0,195,1,5,108,3,0,0,0,0,100,100,1,0,5,49,0,-1,False,False,False,False,False,False,True,True,False,False,False,True,True,False,True,False,False,True,True,False,False,False,True,True
1023,阿卡狄亚登天斗技场 中量级3,,False,False,False,False,False,False,False,False,True,False,False,False,False,False,False,False,True,False,False,False,False,False,False,False,False,False,False,False,False,False,False,False,False,False,False,False,False,False,False,False,False,x6r7,0,0,0,0,306,3147,112601,0,0,0,1260,30149,715,0,176,1,5,108,3,0,0,0,0,100,100,1,0,5,48,0,-1,False,False,False,False,False,False,True,True,False,False,False,True,True,False,True,False,False,False,True,False,False,False,True,True
1024,阿卡狄亚零式登天斗技场 中量级3,,False,False,False,False,False,False,False,False,False,False,False,False,False,False,False,False,False,False,False,False,False,False,False,False,False,False,False,False,False,False,False,False,False,False,False,False,False,False,False,False,False,x6r7_2,0,0,0,0,306,3151,112602,0,0,0,1261,30150,740,0,196,1,5,108,3,0,0,0,0,100,100,1,0,5,49,0,-1,False,False,False,False,False,False,True,True,False,False,False,True,True,False,True,False,False,False,True,False,False,False,True,True
1025,阿卡狄亚登天斗技场 中量级4,,False,False,False,False,False,False,False,False,True,False,False,False,False,False,False,False,True,False,False,False,False,False,False,False,False,False,False,False,False,False,False,False,False,False,False,False,False,False,False,False,False,x6r8,0,0,0,0,306,3148,112603,0,0,0,1262,30151,715,0,177,1,5,108,3,0,0,0,0,100,100,1,0,5,48,0,-1,False,False,False,False,False,False,True,True,False,False,False,True,True,False,True,False,False,False,True,False,False,False,True,True
1026,阿卡狄亚零式登天斗技场 中量级4,,False,False,False,False,False,False,False,False,False,False,False,False,False,False,False,False,False,False,False,False,False,False,False,False,False,False,False,False,False,False,False,False,False,False,False,False,False,False,False,False,False,x6r8_2,0,0,0,0,306,3152,112604,0,0,0,1263,30152,740,0,197,1,5,108,3,0,0,0,0,100,100,1,0,5,49,0,-1,False,False,False,False,False,False,True,True,False,False,False,True,True,False,True,False,False,False,True,False,False,False,True,True
1027,王城古迹永护塔底,,False,False,False,False,False,False,False,True,True,False,False,False,False,False,False,False,False,False,False,False,False,False,False,False,False,False,False,False,False,False,False,False,False,False,False,False,False,False,False,False,False,x6d7,0,0,0,0,305,106,112592,0,0,0,1266,101,705,760,109,1,5,108,2,0,0,0,0,100,100,1,0,2,45,0,-1,False,False,False,False,False,False,True,True,True,False,False,True,True,False,True,False,False,False,True,False,False,False,True,True
1028,永久幽界中央终端,,False,False,False,False,True,False,False,False,True,False,False,False,False,False,False,False,False,False,False,False,False,False,False,False,False,False,False,False,False,False,False,False,False,False,False,False,False,False,False,False,False,x6d8,0,0,0,0,305,107,112611,0,0,0,1292,102,720,760,110,1,5,108,2,0,0,0,0,100,100,1,0,2,45,0,-1,False,False,False,False,False,False,True,True,True,False,False,True,True,False,True,False,False,False,True,False,False,False,True,True
1029,,,False,False,False,False,False,False,False,False,False,False,False,False,False,False,False,False,False,False,False,False,False,False,False,False,False,False,False,False,False,False,False,False,False,False,False,False,False,False,False,False,False,,0,0,0,0,0,0,0,0,0,0,0,0,0,0,0,0,0,0,0,0,0,0,0,0,0,0,0,0,0,0,0,False,False,False,False,False,False,False,False,False,False,False,False,False,False,False,False,False,False,False,False,False,False,False,False
1030,泽莲尼娅歼灭战,,False,False,False,False,False,True,False,False,True,False,False,False,False,False,False,False,False,False,False,False,False,False,False,False,False,False,False,False,False,False,False,False,False,False,False,False,False,False,False,False,False,x6fd,0,0,0,0,307,2106,112595,0,0,0,1270,20100,715,0,223,1,5,108,3,0,0,0,0,100,100,0,0,4,46,0,-1,False,False,False,False,False,False,True,True,False,False,False,True,True,False,True,False,False,False,True,False,False,False,True,True
1031,泽莲尼娅歼殛战,,False,False,False,False,False,False,False,False,False,False,False,False,False,False,False,False,False,False,False,False,False,False,False,False,False,False,False,False,False,False,False,False,False,False,False,False,False,False,False,False,False,x6fd_2,0,0,0,0,307,2107,112596,0,0,0,1271,20101,730,0,243,1,5,108,3,0,0,0,0,100,100,1,0,4,47,0,-1,False,False,False,False,False,False,True,True,False,False,False,True,True,False,True,False,False,False,True,False,False,False,True,True
1032,朝圣交错路 第1～10朝圣路,,False,False,False,False,False,False,False,False,False,False,False,False,False,False,False,False,False,False,False,False,False,False,False,False,False,False,False,False,False,False,False,False,False,False,False,False,False,False,False,False,False,dd004_001,0,0,70941,0,309,5119,112615,0,0,0,1281,60041,0,0,0,1,5,142,11,0,0,1,0,91,0,0,0,21,0,0,-1,False,False,False,True,False,False,True,True,False,False,False,False,False,False,True,False,False,False,True,False,False,False,True,True
1033,朝圣交错路 第11～20朝圣路,,False,False,False,False,False,False,False,False,False,False,False,False,False,False,False,False,False,False,False,False,False,False,False,False,False,False,False,False,False,False,False,False,False,False,False,False,False,False,False,False,False,dd004_002,0,0,70941,0,309,5120,112616,0,0,0,1282,60042,0,0,0,1,5,142,11,0,0,1,0,91,0,0,0,21,0,0,-1,False,False,False,True,False,False,True,True,False,False,False,False,False,False,True,False,False,False,True,False,False,False,True,True
1034,朝圣交错路 第21～30朝圣路,,False,False,False,False,False,False,False,False,False,False,False,False,False,False,False,False,False,False,False,False,False,False,False,False,False,False,False,False,False,False,False,False,False,False,False,False,False,False,False,False,False,dd004_003,0,0,70941,0,309,5121,112617,0,0,0,1283,60043,0,0,0,1,5,142,11,0,0,1,0,91,0,0,0,21,0,0,-1,False,False,False,True,False,False,True,True,False,False,False,False,False,False,True,False,False,False,True,False,False,False,True,True
1035,朝圣交错路 第31～40朝圣路,,False,False,False,False,False,False,False,False,False,False,False,False,False,False,False,False,False,False,False,False,False,False,False,False,False,False,False,False,False,False,False,False,False,False,False,False,False,False,False,False,False,dd004_004,0,0,70942,0,309,5122,112618,0,0,0,1284,60044,0,0,0,1,5,142,11,0,0,1,0,91,0,0,0,21,0,0,-1,False,False,False,True,False,False,True,True,False,False,False,False,False,False,True,False,False,False,True,False,False,False,True,True
1036,朝圣交错路 第41～50朝圣路,,False,False,False,False,False,False,False,False,False,False,False,False,False,False,False,False,False,False,False,False,False,False,False,False,False,False,False,False,False,False,False,False,False,False,False,False,False,False,False,False,False,dd004_005,0,0,70942,0,309,5123,112619,0,0,0,1285,60045,0,0,0,1,5,142,11,0,0,1,0,91,0,0,0,21,0,0,-1,False,False,False,True,False,False,True,True,False,False,False,False,False,False,True,False,False,False,True,False,False,False,True,True
1037,朝圣交错路 第51～60朝圣路,,False,False,False,False,False,False,False,False,False,False,False,False,False,False,False,False,False,False,False,False,False,False,False,False,False,False,False,False,False,False,False,False,False,False,False,False,False,False,False,False,False,dd004_006,0,0,70942,0,309,5124,112620,0,0,0,1286,60046,0,0,0,1,5,142,11,0,0,1,0,91,0,0,0,21,0,0,-1,False,False,False,True,False,False,True,True,False,False,False,False,False,False,True,False,False,False,True,False,False,False,True,True
1038,朝圣交错路 第61～70朝圣路,,False,False,False,False,False,False,False,False,False,False,False,False,False,False,False,False,False,False,False,False,False,False,False,False,False,False,False,False,False,False,False,False,False,False,False,False,False,False,False,False,False,dd004_007,0,0,70942,0,309,5125,112621,0,0,0,1287,60047,0,0,0,1,5,142,11,0,0,1,0,91,0,0,0,21,0,0,-1,False,False,False,True,False,False,True,True,False,False,False,False,False,False,True,False,False,False,True,False,False,False,True,True
1039,朝圣交错路 第71～80朝圣路,,False,False,False,False,False,False,False,False,False,False,False,False,False,False,False,False,False,False,False,False,False,False,False,False,False,False,False,False,False,False,False,False,False,False,False,False,False,False,False,False,False,dd004_008,0,0,70942,0,309,5126,112622,0,0,0,1288,60048,0,0,0,1,5,142,11,0,0,1,0,91,0,0,0,21,0,0,-1,False,False,False,True,False,False,True,True,False,False,False,False,False,False,True,False,False,False,True,False,False,False,True,True
1040,朝圣交错路 第81～90朝圣路,,False,False,False,False,False,False,False,False,False,False,False,False,False,False,False,False,False,False,False,False,False,False,False,False,False,False,False,False,False,False,False,False,False,False,False,False,False,False,False,False,False,dd004_009,0,0,70942,0,309,5127,112623,0,0,0,1289,60049,0,0,0,1,5,142,11,0,0,1,0,91,0,0,0,21,0,0,-1,False,False,False,True,False,False,True,True,False,False,False,False,False,False,True,False,False,False,True,False,False,False,True,True
1041,朝圣交错路 第91～100朝圣路,,False,False,False,False,False,False,False,False,False,False,False,False,False,False,False,False,False,False,False,False,False,False,False,False,False,False,False,False,False,False,False,False,False,False,False,False,False,False,False,False,False,dd004_010,0,0,70942,0,309,5128,112624,0,0,0,1290,60050,0,0,0,1,5,142,11,0,0,1,0,91,0,0,0,21,0,0,-1,False,False,False,True,False,False,False,True,False,False,False,False,False,False,True,False,False,False,True,False,False,False,True,True
1042,,,False,False,False,False,False,False,False,False,False,False,False,False,False,False,False,False,False,False,False,False,False,False,False,False,False,False,False,False,False,False,False,False,False,False,False,False,False,False,False,False,False,,0,0,0,0,0,0,0,0,0,0,0,0,0,0,0,0,0,0,0,0,0,0,0,0,0,0,0,0,0,0,0,False,False,False,False,False,False,False,False,False,False,False,False,False,False,False,False,False,False,False,False,False,False,False,False
1043,护锁刃龙狩猎战,,False,False,False,False,False,True,False,False,True,False,False,False,False,False,False,False,False,False,False,False,False,False,False,False,False,False,False,False,False,False,False,False,False,False,False,False,False,False,False,False,False,x6ff,0,0,0,0,307,2109,112627,80135,0,0,1300,20102,725,0,225,1,5,108,3,0,0,0,0,100,100,0,0,4,46,0,-1,False,False,False,False,False,False,True,True,False,False,False,True,True,False,True,False,False,False,True,False,False,False,True,True
1044,护锁刃龙上位狩猎战,,False,False,False,False,False,False,False,False,False,False,False,False,False,False,False,False,False,False,False,False,False,False,False,False,False,False,False,False,False,False,False,False,False,False,False,False,False,False,False,False,False,x6ff_2,0,0,0,0,307,2110,112628,80135,0,0,1306,20103,740,0,245,1,5,108,3,0,0,0,0,100,100,1,0,4,47,0,-1,False,False,False,False,False,False,True,True,False,False,False,True,True,False,True,False,False,False,True,False,False,False,True,True
1045,瓦伦提昂蛋糕店,,False,False,False,False,False,False,False,False,False,False,False,False,False,False,False,False,False,False,False,False,False,False,False,False,False,False,False,False,False,False,False,False,False,False,False,False,False,False,False,False,False,f1dd,0,0,594,0,0,109,112626,80108,0,0,1298,25004,0,0,0,1,0,109,11,0,0,4,0,1,0,0,0,22,0,0,-1,False,False,False,True,False,False,False,True,False,False,False,False,False,False,True,False,False,False,True,False,False,False,True,True
1046,海岸斗场,,False,False,False,False,False,False,False,False,False,False,False,False,False,False,False,False,False,False,False,False,False,False,False,False,False,False,False,False,False,False,False,False,False,False,False,False,False,False,False,True,False,mks_c01_s5p6,0,18,0,0,0,4074,112471,0,2,0,1293,40042,0,0,15,1,0,146,29,3,2,0,0,30,0,0,0,6,43,0,-1,True,True,False,False,False,False,False,False,False,False,False,False,False,False,True,False,False,False,True,False,True,False,True,True
1047,海岸斗场,,False,False,False,False,False,False,False,False,False,False,False,False,False,False,False,False,False,False,False,False,False,False,False,False,False,False,False,False,False,False,False,False,False,False,False,False,False,False,False,True,False,mks_c02_s5p6,0,18,0,0,0,4074,112471,0,2,0,1293,40042,0,0,16,1,0,146,29,3,2,0,0,30,0,0,0,6,43,0,-1,True,True,False,False,False,False,False,False,False,False,False,False,False,False,True,False,False,False,True,False,True,False,True,True
1048,海岸斗场,,False,False,False,False,False,False,False,False,False,False,False,False,False,False,False,False,False,False,False,False,False,False,False,False,False,False,False,False,False,False,False,False,False,False,False,False,False,False,False,True,False,mks_c03_s5p6,0,18,0,0,0,4074,112471,0,2,0,1293,40042,0,0,17,1,0,146,29,3,2,0,0,30,0,0,0,6,43,0,-1,True,True,False,False,False,False,False,False,False,False,False,False,False,False,True,False,False,False,True,False,True,False,True,True
1049,海岸斗场,,False,False,False,False,False,False,False,False,False,False,False,False,False,False,False,False,False,False,False,False,False,False,False,False,False,False,False,False,False,False,False,False,False,False,False,False,False,False,False,False,True,mks_r01_s5p6,0,19,0,0,0,4074,112472,0,1,1,1293,40043,0,0,140,1,0,146,29,3,1,0,0,30,0,0,0,6,43,1,-1,True,True,False,False,False,False,False,False,False,False,False,False,False,False,True,False,False,False,True,False,True,False,True,False
1050,海岸斗场,,False,False,False,False,False,False,False,False,False,False,False,False,False,False,False,False,False,False,False,False,False,False,False,False,False,False,False,False,False,False,False,False,False,False,False,False,False,False,False,False,True,mks_r02_s5p6,0,19,0,0,0,4074,112472,0,1,1,1293,40043,0,0,141,1,0,146,29,3,1,0,0,30,0,0,0,6,43,1,-1,True,True,False,False,False,False,False,False,False,False,False,False,False,False,True,False,False,False,True,False,True,False,True,False
1051,海岸斗场,,False,False,False,False,False,False,False,False,False,False,False,False,False,False,False,False,False,False,False,False,False,False,False,False,False,False,False,False,False,False,False,False,False,False,False,False,False,False,False,False,True,mks_r03_s5p6,0,19,0,0,0,4074,112472,0,1,1,1293,40043,0,0,142,1,0,146,29,3,1,0,0,30,0,0,0,6,43,1,-1,True,True,False,False,False,False,False,False,False,False,False,False,False,False,True,False,False,False,True,False,True,False,True,False
1052,海岸斗场,,False,False,False,False,False,False,False,False,False,False,False,False,False,False,False,False,False,False,False,False,False,False,False,False,False,False,False,False,False,False,False,False,False,False,False,False,False,False,False,False,True,mks_r04_s5p6,0,19,0,0,0,4074,112472,0,1,1,1293,40043,0,0,143,1,0,146,29,3,1,0,0,30,0,0,0,6,43,1,-1,True,True,False,False,False,False,False,False,False,False,False,False,False,False,True,False,False,False,True,False,True,False,True,False
1053,海岸斗场,,False,False,False,False,False,False,False,False,False,False,False,False,False,False,False,False,False,False,False,False,False,False,False,False,False,False,False,False,False,False,False,False,False,False,False,False,False,False,False,False,True,mks_r05_s5p6,0,19,0,0,0,4074,112472,0,1,1,1293,40043,0,0,144,1,0,146,29,3,1,0,0,30,0,0,0,6,43,1,-1,True,True,False,False,False,False,False,False,False,False,False,False,False,False,True,False,False,False,True,False,True,False,True,False
1054,海岸斗场,,False,False,False,False,False,False,False,False,False,False,False,False,False,False,False,False,False,False,False,False,False,False,False,False,False,False,False,False,False,False,False,False,False,False,False,False,False,False,False,False,True,mks_r06_s5p6,0,19,0,0,0,4074,112472,0,1,1,1293,40043,0,0,145,1,0,146,29,3,1,0,0,30,0,0,0,6,43,1,-1,True,True,False,False,False,False,False,False,False,False,False,False,False,False,True,False,False,False,True,False,True,False,True,False
1055,海岸斗场,,False,False,False,False,False,False,False,False,False,False,False,False,False,False,False,False,False,False,False,False,False,False,False,False,False,False,False,False,False,False,False,False,False,False,False,False,False,False,False,False,True,mks_r07_s5p6,0,19,0,0,0,4074,112472,0,1,1,1293,40043,0,0,146,1,0,146,29,3,1,0,0,30,0,0,0,6,43,1,-1,True,True,False,False,False,False,False,False,False,False,False,False,False,False,True,False,False,False,True,False,True,False,True,False
1056,海岸斗场,,False,False,False,False,False,False,False,False,False,False,False,False,False,False,False,False,False,False,False,False,False,False,False,False,False,False,False,False,False,False,False,False,False,False,False,False,False,False,False,False,True,mks_r08_s5p6,0,19,0,0,0,4074,112472,0,1,1,1293,40043,0,0,147,1,0,146,29,3,1,0,0,30,0,0,0,6,43,1,-1,True,True,False,False,False,False,False,False,False,False,False,False,False,False,True,False,False,False,True,False,True,False,True,False
1057,水晶冲突（海岸斗场：自定赛）,海岸斗场,False,False,False,False,False,False,False,False,False,False,False,False,False,False,False,False,False,False,False,False,False,False,False,False,False,False,False,False,False,False,False,False,False,False,False,False,False,False,False,False,False,mks_ctm_s5p6,0,0,0,0,0,4075,112629,0,0,0,1294,40044,0,0,205,1,0,146,30,0,0,0,0,30,0,0,0,6,44,0,-1,True,True,False,False,False,False,False,False,False,False,False,True,True,False,True,False,False,False,True,False,True,False,True,True
1058,桑多利亚：第二巡行,,False,False,False,False,False,False,False,False,True,False,False,False,False,False,True,False,False,False,False,False,False,False,False,False,False,False,False,False,False,False,False,False,False,False,False,False,False,False,False,False,False,z6r2,0,0,0,0,306,3153,112614,0,0,0,1304,30153,725,0,159,1,5,108,4,0,0,0,0,100,100,0,0,5,50,0,-1,False,False,False,False,False,False,True,False,False,False,False,True,True,False,True,False,False,True,True,False,False,False,True,True
1059,,,False,False,False,False,False,False,False,False,False,False,False,False,False,False,False,False,False,False,False,False,False,False,False,False,False,False,False,False,False,False,False,False,False,False,False,False,False,False,False,False,False,,0,0,0,0,0,0,0,0,0,0,0,0,0,0,0,0,0,0,0,0,0,0,0,0,0,0,0,0,0,0,0,False,False,False,False,False,False,False,False,False,False,False,False,False,False,False,False,False,False,False,False,False,False,False,False
1060,巡梦金库,,False,False,False,False,False,False,False,False,False,False,False,False,False,False,False,False,False,False,False,False,False,False,False,False,False,False,False,False,False,False,False,False,False,False,False,False,False,False,False,False,False,x6c1,0,0,0,0,0,9013,0,0,0,0,1279,55013,0,765,0,1,5,108,3,0,0,0,0,1,100,0,0,9,0,0,-1,False,False,False,True,False,False,False,True,False,False,False,False,False,False,False,False,True,False,True,False,False,False,True,True
1061,永远之暗歼灭战,,False,False,False,False,False,True,False,False,True,False,False,False,False,False,False,False,False,False,False,False,False,False,False,False,False,False,False,False,False,False,False,False,False,False,False,False,False,False,False,False,False,x6fe,0,0,0,0,307,2111,112612,0,0,0,1295,20104,725,0,224,1,5,108,3,0,0,0,0,100,100,0,0,4,46,0,-1,False,False,False,False,False,False,True,True,False,False,False,True,True,False,True,False,False,True,True,False,False,False,True,True
1062,永远之暗悲惶歼灭战,,False,False,False,False,False,False,False,False,False,False,False,False,False,False,False,False,False,False,False,False,False,False,False,False,False,False,False,False,False,False,False,False,False,False,False,False,False,False,False,False,False,x6fe_2,0,0,0,0,307,2112,112613,0,0,0,1296,20105,740,0,244,1,5,108,3,0,0,0,0,100,100,1,0,4,47,0,-1,False,False,False,False,False,False,True,True,False,False,False,True,True,False,True,False,False,False,True,False,False,False,True,True
1063,卓异的悲寂深想战,,False,False,False,False,False,False,False,False,False,False,False,False,False,False,False,False,False,False,False,False,False,False,False,False,False,False,False,False,False,False,False,False,False,False,False,False,False,False,False,False,False,dd004_010h,0,0,70943,0,309,5129,112625,0,0,0,1311,60051,0,0,247,1,5,142,11,1,0,1,0,100,0,0,0,39,0,0,-1,False,False,False,False,False,False,True,True,False,False,False,False,False,False,True,False,False,False,True,False,False,False,True,True
1064,遗忘行路雾之迹,,False,False,False,False,True,False,False,False,True,False,False,False,False,False,False,False,False,False,False,False,False,False,False,False,False,False,False,False,False,False,False,False,False,False,False,False,False,False,False,False,False,x6d9,0,0,0,0,305,108,112634,0,0,0,1314,103,735,0,111,1,5,108,2,0,0,0,0,100,100,1,0,2,45,0,-1,False,False,False,False,False,False,True,True,True,False,False,True,True,False,True,False,False,False,True,False,False,False,True,True
1065,卓异的悲寂歼灭战,,False,False,False,False,False,False,False,False,False,False,False,False,False,False,False,False,False,False,False,False,False,False,False,False,False,False,False,False,False,False,False,False,False,False,False,False,False,False,False,False,False,dd004_010n,0,0,0,0,309,5130,112633,0,0,0,1333,60052,0,0,246,1,5,142,11,0,0,0,0,91,0,0,0,39,0,0,-1,False,False,False,True,False,False,True,True,False,False,False,False,False,False,True,False,False,False,True,False,False,False,True,True
1066,多变迷宫 商客奇谭,,False,False,False,False,False,False,False,False,False,False,False,False,False,False,False,False,False,False,False,False,False,False,False,False,False,False,False,False,False,False,False,False,False,False,False,False,False,False,False,False,False,m6d1,0,0,0,0,310,5131,112645,0,0,0,1315,36004,0,765,130,1,5,142,11,0,0,0,0,90,100,0,0,30,0,0,-1,False,False,True,True,False,False,False,False,False,False,False,True,False,False,True,False,False,False,True,False,False,False,True,True
1067,月读幻巧战,,False,False,False,False,False,False,False,False,False,False,False,False,False,False,False,False,False,False,False,False,False,False,False,False,False,False,False,False,False,False,False,False,False,False,False,False,False,False,False,False,False,e3fd_3,0,0,20055,69501,307,2116,112650,0,0,0,1318,64012,690,695,0,1,5,108,3,0,0,2,1,100,100,0,4,4,47,0,-1,False,False,False,False,False,False,True,True,False,False,False,True,False,True,True,False,False,False,True,False,False,False,True,True
1068,阿卡狄亚登天斗技场 重量级1,,False,False,False,False,False,False,False,False,True,False,False,False,False,False,False,False,True,False,False,False,False,False,False,False,False,False,False,False,False,False,False,False,False,False,False,False,False,False,False,False,False,x6r9,0,0,0,0,306,3154,112637,0,0,0,1320,30154,745,0,178,1,5,108,3,0,0,0,0,100,100,1,0,5,48,0,0,False,False,False,False,False,False,True,True,False,False,False,True,True,False,True,False,False,False,True,False,False,False,True,True
1069,阿卡狄亚零式登天斗技场 重量级1,,False,False,False,False,False,False,False,False,False,False,False,False,False,False,False,False,False,False,False,False,False,False,False,False,False,False,False,False,False,False,False,False,False,False,False,False,False,False,False,False,False,x6r9_2,0,0,0,0,306,3155,112638,0,0,0,1321,30155,760,0,198,1,5,110,3,0,0,0,0,100,100,1,1,5,49,0,-1,False,False,False,False,False,False,False,True,False,False,False,True,False,True,True,True,False,False,True,False,False,False,True,True
1070,阿卡狄亚登天斗技场 重量级2,,False,False,False,False,False,False,False,False,True,False,False,False,False,False,False,False,True,False,False,False,False,False,False,False,False,False,False,False,False,False,False,False,False,False,False,False,False,False,False,False,False,x6ra,0,0,0,0,306,3156,112639,0,0,0,1322,30156,745,0,179,1,5,108,3,0,0,0,0,100,100,1,0,5,48,0,1,False,False,False,False,False,False,True,True,False,False,False,True,True,False,True,False,False,False,True,False,False,False,True,True
1071,阿卡狄亚零式登天斗技场 重量级2,,False,False,False,False,False,False,False,False,False,False,False,False,False,False,False,False,False,False,False,False,False,False,False,False,False,False,False,False,False,False,False,False,False,False,False,False,False,False,False,False,False,x6ra_2,0,0,0,0,306,3157,112640,0,0,0,1323,30157,765,0,199,1,5,110,3,0,0,0,0,100,100,1,1,5,49,0,-1,False,False,False,False,False,False,False,True,False,False,False,True,False,True,True,True,False,False,True,False,False,False,True,True
1072,阿卡狄亚登天斗技场 重量级3,,False,False,False,False,False,False,False,False,True,False,False,False,False,False,False,False,True,False,False,False,False,False,False,False,False,False,False,False,False,False,False,False,False,False,False,False,False,False,False,False,False,x6rb,0,0,0,0,306,3158,112641,0,0,0,1324,30158,745,0,180,1,5,108,3,0,0,0,0,100,100,1,0,5,48,0,2,False,False,False,False,False,False,True,True,False,False,False,True,True,False,True,False,False,False,True,False,False,False,True,True
1073,阿卡狄亚零式登天斗技场 重量级3,,False,False,False,False,False,False,False,False,False,False,False,False,False,False,False,False,False,False,False,False,False,False,False,False,False,False,False,False,False,False,False,False,False,False,False,False,False,False,False,False,False,x6rb_2,0,0,0,0,306,3159,112642,0,0,0,1325,30159,770,0,200,1,5,110,3,0,0,0,0,100,100,1,1,5,49,0,-1,False,False,False,False,False,False,False,True,False,False,False,True,False,True,True,True,False,False,True,False,False,False,True,True
1074,阿卡狄亚登天斗技场 重量级4,,False,False,False,False,False,False,False,False,True,False,False,False,False,False,False,False,True,False,False,False,False,False,False,False,False,False,False,False,False,False,False,False,False,False,False,False,False,False,False,False,False,x6rc,0,0,0,0,306,3160,112643,0,0,0,1326,30160,745,0,181,1,5,108,3,0,0,0,0,100,100,1,0,5,48,0,3,False,False,False,False,False,False,True,True,False,False,False,True,True,False,True,False,False,False,True,False,False,False,True,True
1075,阿卡狄亚零式登天斗技场 重量级4,,False,False,False,False,False,False,False,False,False,False,False,False,False,False,False,False,False,False,False,False,False,False,False,False,False,False,False,False,False,False,False,False,False,False,False,False,False,False,False,False,False,x6rc_2,0,0,0,0,306,3161,112644,0,0,0,1327,30161,770,0,201,1,5,110,3,0,0,0,0,100,100,1,1,5,49,0,-1,False,False,False,False,False,False,False,True,False,False,False,True,False,True,True,True,False,False,True,False,False,False,True,True
1076,格莱杨拉波尔歼灭战,,False,False,False,False,False,True,False,False,True,False,False,False,False,False,False,False,False,False,False,False,False,False,False,False,False,False,False,False,False,False,False,False,False,False,False,False,False,False,False,False,False,x6fg,0,0,0,0,307,2114,112635,0,0,0,1307,20106,745,0,226,1,5,108,3,0,0,0,0,100,100,0,0,4,46,0,-1,False,False,False,False,False,False,True,True,False,False,False,True,True,False,True,False,False,False,True,False,False,False,True,True
1077,格莱杨拉波尔歼殛战,,False,False,False,False,False,False,False,False,False,False,False,False,False,False,False,False,False,False,False,False,False,False,False,False,False,False,False,False,False,False,False,False,False,False,False,False,False,False,False,False,False,x6fg_2,0,0,0,0,307,2115,112636,0,0,0,1308,20107,760,0,246,1,5,108,3,0,0,0,0,100,100,1,2,4,47,0,-1,False,False,False,False,False,False,True,True,False,False,False,True,False,True,True,False,False,False,True,False,False,False,True,True
1078,,,False,False,False,False,False,False,False,False,False,False,False,False,False,False,False,False,False,False,False,False,False,False,False,False,False,False,False,False,False,False,False,False,False,False,False,False,False,False,False,False,False,,0,0,0,0,0,0,0,0,0,0,0,0,0,0,0,0,0,0,0,0,0,0,0,0,0,0,0,0,0,0,0,False,False,False,False,False,False,False,False,False,False,False,False,False,False,False,False,False,False,False,False,False,False,False,False
1079,异闻商客奇谭,,False,False,False,False,False,False,False,False,False,False,False,False,False,False,False,False,False,False,False,False,False,False,False,False,False,False,False,False,False,False,False,False,False,False,False,False,False,False,False,False,False,m6d1_3,0,0,0,0,310,5132,112647,0,0,0,1317,37007,770,795,132,1,5,146,31,0,0,0,0,100,100,0,5,30,0,0,-1,False,False,False,False,False,False,False,False,False,False,False,True,False,False,True,False,False,False,True,False,False,False,True,True
1080,沃刻其特（演习战）,,False,False,False,False,False,False,True,False,False,False,False,False,False,False,False,False,False,False,False,False,False,False,False,False,False,False,False,False,False,False,False,False,False,False,False,False,False,False,False,False,False,y6p1,0,0,0,0,0,4076,112649,0,0,0,1313,41007,0,0,304,1,0,146,7,3,4,0,0,30,0,0,0,6,3,0,-1,True,True,False,False,False,False,True,False,False,False,False,True,True,False,True,False,False,False,True,False,True,False,True,True
1081,空军装甲驾驶员,,False,False,False,False,False,False,False,False,False,False,False,False,False,False,False,False,False,False,False,False,False,False,False,False,False,False,False,False,False,False,False,False,False,False,False,False,False,False,False,False,False,ride2_001,0,0,0,0,0,0,112648,0,0,0,1335,62003,0,0,0,1,0,109,1,0,0,0,0,1,0,0,0,19,0,0,-1,False,False,False,False,False,False,True,False,False,False,False,False,False,False,True,False,False,False,False,False,False,False,True,True
1082,空军装甲驾驶员,,False,False,False,False,False,False,False,False,False,False,False,False,False,False,False,False,False,False,False,False,False,False,False,False,False,False,False,False,False,False,False,False,False,False,False,False,False,False,False,False,False,ride2_002,0,0,0,0,0,0,112648,0,0,0,1335,62004,0,0,0,1,0,109,1,0,0,0,0,1,0,0,0,19,0,0,-1,False,False,False,False,False,False,True,False,False,False,False,False,False,False,True,False,False,False,False,False,False,False,True,True
1083,空军装甲驾驶员,,False,False,False,False,False,False,False,False,False,False,False,False,False,False,False,False,False,False,False,False,False,False,False,False,False,False,False,False,False,False,False,False,False,False,False,False,False,False,False,False,False,ride2_003,0,0,0,0,0,0,112648,0,0,0,1335,62005,0,0,0,1,0,109,1,0,0,0,0,1,0,0,0,19,0,0,-1,False,False,False,False,False,False,True,False,False,False,False,False,False,False,True,False,False,False,False,False,False,False,True,True
1084,深读商客奇谭,,False,False,False,False,False,False,False,False,False,False,False,False,False,False,False,False,False,False,False,False,False,False,False,False,False,False,False,False,False,False,False,False,False,False,False,False,False,False,False,False,False,m6d1_2,0,0,0,0,310,5133,112646,0,0,0,1316,38001,760,785,131,1,5,142,34,0,0,0,0,100,100,0,5,30,0,0,-1,False,False,False,True,False,False,False,False,False,False,False,True,False,False,True,False,False,False,True,False,False,False,True,True
1085,梦想造就风花遍地的,,False,False,False,False,False,False,False,False,False,False,False,False,False,False,False,False,False,False,False,False,False,False,False,False,False,False,False,False,False,False,False,False,False,False,False,False,False,False,False,False,False,ec065,0,0,0,0,0,0,0,0,0,0,1328,5083,0,735,0,1,5,142,1,0,0,0,0,100,100,0,0,7,0,0,-1,False,False,False,False,False,False,False,True,False,False,False,False,False,False,False,False,False,False,True,False,False,False,True,True
1086,,,False,False,False,False,False,False,False,False,False,False,False,False,False,False,False,False,False,False,False,False,False,False,False,False,False,False,False,False,False,False,False,False,False,False,False,False,False,False,False,False,False,,0,0,0,0,0,0,0,0,0,0,0,0,0,0,0,0,0,0,0,0,0,0,0,0,0,0,0,0,0,0,0,False,False,False,False,False,False,False,False,False,False,False,False,False,False,False,False,False,False,False,False,False,False,False,False
1087,,,False,False,False,False,False,False,False,False,False,False,False,False,False,False,False,False,False,False,False,False,False,False,False,False,False,False,False,False,False,False,False,False,False,False,False,False,False,False,False,False,False,,0,0,0,0,0,0,0,0,0,0,0,0,0,0,0,0,0,0,0,0,0,0,0,0,0,0,0,0,0,0,0,False,False,False,False,False,False,False,False,False,False,False,False,False,False,False,False,False,False,False,False,False,False,False,False
1088,,,False,False,False,False,False,False,False,False,False,False,False,False,False,False,False,False,False,False,False,False,False,False,False,False,False,False,False,False,False,False,False,False,False,False,False,False,False,False,False,False,False,,0,0,0,0,0,0,0,0,0,0,0,0,0,0,0,0,0,0,0,0,0,0,0,0,0,0,0,0,0,0,0,False,False,False,False,False,False,False,False,False,False,False,False,False,False,False,False,False,False,False,False,False,False,False,False
1089,,,False,False,False,False,False,False,False,False,False,False,False,False,False,False,False,False,False,False,False,False,False,False,False,False,False,False,False,False,False,False,False,False,False,False,False,False,False,False,False,False,False,,0,0,0,0,0,0,0,0,0,0,0,0,0,0,0,0,0,0,0,0,0,0,0,0,0,0,0,0,0,0,0,False,False,False,False,False,False,False,False,False,False,False,False,False,False,False,False,False,False,False,False,False,False,False,False
1090,,,False,False,False,False,False,False,False,False,False,False,False,False,False,False,False,False,False,False,False,False,False,False,False,False,False,False,False,False,False,False,False,False,False,False,False,False,False,False,False,False,False,,0,0,0,0,0,0,0,0,0,0,0,0,0,0,0,0,0,0,0,0,0,0,0,0,0,0,0,0,0,0,0,False,False,False,False,False,False,False,False,False,False,False,False,False,False,False,False,False,False,False,False,False,False,False,False
1091,,,False,False,False,False,False,False,False,False,False,False,False,False,False,False,False,False,False,False,False,False,False,False,False,False,False,False,False,False,False,False,False,False,False,False,False,False,False,False,False,False,False,,0,0,0,0,0,0,0,0,0,0,0,0,0,0,0,0,0,0,0,0,0,0,0,0,0,0,0,0,0,0,0,False,False,False,False,False,False,False,False,False,False,False,False,False,False,False,False,False,False,False,False,False,False,False,False
1092,,,False,False,False,False,False,False,False,False,False,False,False,False,False,False,False,False,False,False,False,False,False,False,False,False,False,False,False,False,False,False,False,False,False,False,False,False,False,False,False,False,False,,0,0,0,0,0,0,0,0,0,0,0,0,0,0,0,0,0,0,0,0,0,0,0,0,0,0,0,0,0,0,0,False,False,False,False,False,False,False,False,False,False,False,False,False,False,False,False,False,False,False,False,False,False,False,False
1093,,,False,False,False,False,False,False,False,False,False,False,False,False,False,False,False,False,False,False,False,False,False,False,False,False,False,False,False,False,False,False,False,False,False,False,False,False,False,False,False,False,False,,0,0,0,0,0,0,0,0,0,0,0,0,0,0,0,0,0,0,0,0,0,0,0,0,0,0,0,0,0,0,0,False,False,False,False,False,False,False,False,False,False,False,False,False,False,False,False,False,False,False,False,False,False,False,False
1094,,,False,False,False,False,False,False,False,False,False,False,False,False,False,False,False,False,False,False,False,False,False,False,False,False,False,False,False,False,False,False,False,False,False,False,False,False,False,False,False,False,False,,0,0,0,0,0,0,0,0,0,0,0,0,0,0,0,0,0,0,0,0,0,0,0,0,0,0,0,0,0,0,0,False,False,False,False,False,False,False,False,False,False,False,False,False,False,False,False,False,False,False,False,False,False,False,False
1095,,,False,False,False,False,False,False,False,False,False,False,False,False,False,False,False,False,False,False,False,False,False,False,False,False,False,False,False,False,False,False,False,False,False,False,False,False,False,False,False,False,False,,0,0,0,0,0,0,0,0,0,0,0,0,0,0,0,0,0,0,0,0,0,0,0,0,0,0,0,0,0,0,0,False,False,False,False,False,False,False,False,False,False,False,False,False,False,False,False,False,False,False,False,False,False,False,False
