#,Singular,Plural,Name,Adjective,PossessivePronoun,StartsWithVowel,Unknown0,Pronoun,Article,Unknown1,Quest,Icon,Action,StackSize,Category,CastTime,CastTimeline,Timeline
2000000,,,,0,0,0,1,0,0,False,0,0,0,1,1,0,0,0
2000001,,,,0,0,0,0,0,0,False,0,0,0,0,0,0,0,0
2000002,,,,0,0,0,0,0,0,False,0,0,0,0,0,0,0,0
2000003,,,,0,0,0,0,0,0,False,0,0,0,0,0,0,0,0
2000004,,,,0,0,0,0,0,0,False,0,0,0,0,0,0,0,0
2000005,,,,0,0,0,0,0,0,False,0,0,0,0,0,0,0,0
2000006,,,,0,0,0,0,0,0,False,0,0,0,0,0,0,0,0
2000007,,,,0,0,0,0,0,0,False,0,0,0,0,0,0,0,0
2000008,,,,0,0,0,0,0,0,False,0,0,0,0,0,0,0,0
2000009,,,,0,0,0,0,0,0,False,0,0,0,0,0,0,0,0
2000010,,,,0,0,0,0,0,0,False,0,0,0,0,0,0,0,0
2000011,,,,0,0,0,0,0,0,False,0,0,0,0,0,0,0,0
2000012,,,,0,0,0,0,0,0,False,0,0,0,0,0,0,0,0
2000013,,,,0,0,0,0,0,0,False,0,0,0,0,0,0,0,0
2000014,,,,0,0,0,0,0,0,False,0,0,0,0,0,0,0,0
2000015,,,,0,0,0,0,0,0,False,0,0,0,0,0,0,0,0
2000016,,,,0,0,0,0,0,0,False,0,0,0,0,0,0,0,0
2000017,,,,0,0,0,0,0,0,False,0,0,0,0,0,0,0,0
2000018,,,,0,0,0,0,0,0,False,0,0,0,0,0,0,0,0
2000019,,,,0,0,0,0,0,0,False,0,0,0,0,0,0,0,0
2000020,,,,0,0,0,0,0,0,False,0,0,0,0,0,0,0,0
2000021,奥妮莉的发饰,オニィーの髪飾り,,0,0,0,1,0,0,False,0,22623,1,1,1,3,0,0
2000022,,,,0,0,0,0,0,0,False,0,0,0,0,0,0,0,0
2000023,,,,0,0,0,0,0,0,False,0,0,0,0,0,0,0,0
2000024,崭新的工具箱,真新しい工具箱,,0,0,0,1,0,0,False,65563,21002,1,1,1,3,0,0
2000025,,,,0,0,0,0,0,0,False,0,0,0,0,0,0,0,0
2000026,,,,0,0,0,0,0,0,False,0,0,0,0,0,0,0,0
2000027,,,,0,0,0,0,0,0,False,0,0,0,0,0,0,0,0
2000028,阿泽玛玫瑰,アーゼマローズ,,0,0,0,1,0,0,False,65562,25919,1,1,1,3,0,0
2000029,小型金具,小さな金具,,0,0,0,1,0,0,False,65568,21007,1,1,1,3,0,0
2000030,,,,0,0,0,0,0,0,False,0,0,0,0,0,0,0,0
2000031,,,,0,0,0,0,0,0,False,0,0,0,0,0,0,0,0
2000032,,,,0,0,0,0,0,0,False,0,0,0,0,0,0,0,0
2000033,,,,0,0,0,0,0,0,False,0,0,0,0,0,0,0,0
2000034,,,,0,0,0,0,0,0,False,0,0,0,0,0,0,0,0
2000035,,,,0,0,0,0,0,0,False,0,0,0,0,0,0,0,0
2000036,,,,0,0,0,0,0,0,False,0,0,0,0,0,0,0,0
2000037,,,,0,0,0,0,0,0,False,0,0,0,0,0,0,0,0
2000038,烈火糖果,ファイアキャンディ,,0,0,0,1,0,0,False,66704,22624,1,1,1,3,0,0
2000039,疾风糖果,ウィンドキャンディ,,0,0,0,1,0,0,False,66704,22625,1,1,1,3,0,0
2000040,厚土糖果,アースキャンディ,,0,0,0,1,0,0,False,66704,22626,1,1,1,3,0,0
2000041,爆弹怪的拇指,ボムの親指,,0,0,0,1,0,0,False,66705,30351,1,5,1,3,0,0
2000042,守护天灯笼,守護天節のランタン,,0,0,0,1,0,0,False,66706,24153,1,1,1,5,0,0
2000043,爆弹怪的拇指,ボムの親指,,0,0,0,1,0,0,False,66706,30351,1,1,1,3,0,0
2000044,捣蛋鬼烟花棒,いたずらスパークラー,,0,0,0,1,0,0,False,66706,22647,1,1,1,3,0,0
2000045,烈火糖果,ファイアキャンディ,,0,0,0,1,0,0,False,66700,22624,1,1,1,3,0,0
2000046,疾风糖果,ウィンドキャンディ,,0,0,0,1,0,0,False,66700,22625,1,1,1,3,0,0
2000047,厚土糖果,アースキャンディ,,0,0,0,1,0,0,False,66700,22626,1,1,1,3,0,0
2000048,爆弹怪的拇指,ボムの親指,,0,0,0,1,0,0,False,66701,30351,1,5,1,3,0,0
2000049,守护天灯笼,守護天節のランタン,,0,0,0,1,0,0,False,66702,24153,1,1,1,5,0,0
2000050,爆弹怪的拇指,ボムの親指,,0,0,0,1,0,0,False,66702,30351,1,1,1,3,0,0
2000051,捣蛋鬼烟花棒,いたずらスパークラー,,0,0,0,1,0,0,False,66702,22646,1,1,1,3,0,0
2000052,烈火糖果,ファイアキャンディ,,0,0,0,1,0,0,False,66708,22624,1,1,1,3,0,0
2000053,疾风糖果,ウィンドキャンディ,,0,0,0,1,0,0,False,66708,22625,1,1,1,3,0,0
2000054,厚土糖果,アースキャンディ,,0,0,0,1,0,0,False,66708,22626,1,1,1,3,0,0
2000055,爆弹怪的拇指,ボムの親指,,0,0,0,1,0,0,False,66709,30351,1,5,1,3,0,0
2000056,守护天灯笼,守護天節のランタン,,0,0,0,1,0,0,False,66710,24153,1,1,1,5,0,0
2000057,爆弹怪的拇指,ボムの親指,,0,0,0,1,0,0,False,66710,30351,1,1,1,3,0,0
2000058,捣蛋鬼烟花棒,いたずらスパークラー,,0,0,0,1,0,0,False,66710,22645,1,1,1,3,0,0
2000059,,,,0,0,0,0,0,0,False,0,0,0,0,0,0,0,0
2000060,,,,0,0,0,0,0,0,False,0,0,0,0,0,0,0,0
2000061,琥珀色药水,琥珀色の薬液,,0,0,0,1,0,0,False,65663,20661,1,3,1,3,0,0
2000062,沙蚤的卵囊,チゴーの卵袋,,0,0,0,1,0,0,False,65664,22623,1,8,1,3,0,0
2000063,,,,0,0,0,0,0,0,False,0,0,0,0,0,0,0,0
2000064,,,,0,0,0,0,0,0,False,0,0,0,0,0,0,0,0
2000065,,,,0,0,0,0,0,0,False,0,0,0,0,0,0,0,0
2000066,,,,0,0,0,0,0,0,False,0,0,0,0,0,0,0,0
2000067,,,,0,0,0,0,0,0,False,0,0,0,0,0,0,0,0
2000068,,,,0,0,0,0,0,0,False,0,0,0,0,0,0,0,0
2000069,,,,0,0,0,0,0,0,False,0,0,0,0,0,0,0,0
2000070,,,,0,0,0,0,0,0,False,0,0,0,0,0,0,0,0
2000071,变色龙蛋,アノールの卵,,0,0,0,1,0,0,False,65661,25251,1,4,1,3,0,0
2000072,,,,0,0,0,0,0,0,False,0,0,0,0,0,0,0,0
2000073,,,,0,0,0,0,0,0,False,0,0,0,0,0,0,0,0
2000074,手工鳗鱼派,お手製のイールパイ,,0,0,0,1,0,0,False,65621,24305,1,1,1,3,0,0
2000075,达梅塔的豆子袋,アメッタの豆袋,,0,0,0,1,0,0,False,65639,22623,1,6,1,3,0,0
2000076,给艾美利亚的信,エメリア宛ての手紙,,0,0,0,1,0,0,False,65635,26151,1,1,1,3,0,0
2000077,小口花的嫩叶,コチューの若葉,,0,0,0,1,0,0,False,65634,25201,1,4,1,0,0,0
2000078,,,,0,0,0,0,0,0,False,0,0,0,0,0,0,0,0
2000079,约恩娜的密封信,フ・ミバスの封書,,0,0,0,1,0,0,False,65560,25918,0,1,1,0,0,0
2000080,粮草袋,糧秣袋,,0,0,0,1,0,0,False,65570,22623,0,1,1,0,0,0
2000081,骨制枪尖,骨製の穂先,,0,0,0,1,0,0,False,65574,22303,0,1,1,0,0,0
2000082,蜂蜡保革油,蜜蝋の保革油,,0,0,0,1,0,0,False,65574,22636,0,1,1,0,0,0
2000083,强韧的粗草绳,丈夫な荒縄,,0,0,0,1,0,0,False,65574,26103,0,1,1,0,0,0
2000084,阿泽玛玫瑰果,アーゼマローズの実,,0,0,0,1,0,0,False,65577,25302,1,6,1,0,0,0
2000085,新鲜的基萨尔野菜,新鮮なギサールの野菜,,0,0,0,1,0,0,False,66698,25218,1,1,1,3,0,0
2000086,,,,0,0,0,0,0,0,False,0,0,0,0,0,0,0,0
2000087,,,,0,0,0,0,0,0,False,0,0,0,0,0,0,0,0
2000088,,,,0,0,0,0,0,0,False,0,0,0,0,0,0,0,0
2000089,,,,0,0,0,0,0,0,False,0,0,0,0,0,0,0,0
2000090,,,,0,0,0,0,0,0,False,0,0,0,0,0,0,0,0
2000091,,,,0,0,0,0,0,0,False,0,0,0,0,0,0,0,0
2000092,小红花的种子,ローズレットの種子,,0,0,0,1,0,0,False,65692,22623,1,6,1,3,0,0
2000093,新鲜的蛛蝎网,新鮮なダイアマイトウェブ,,0,0,0,1,0,0,False,65693,21664,1,6,1,3,0,0
2000094,蜂毒酒,蜂漬けの毒酒,,0,0,0,1,0,0,False,65694,24403,1,1,1,3,0,0
2000095,小火种,小さな火種,,0,0,0,1,0,0,False,65695,30352,1,1,1,3,0,0
2000096,蕾亚的蛋,レイアの卵,,0,0,0,1,0,0,False,65697,25252,1,1,1,3,0,0
2000097,凯夏的密封信,ケーシャの封書,,0,0,0,1,0,0,False,0,25918,1,1,1,3,0,0
2000098,绯红色虫油,緋色の虫油,,0,0,0,1,0,0,False,65567,20641,1,6,1,0,0,0
2000099,黄蜂尸骸,蜂の死骸,,0,0,0,1,0,0,False,65694,22623,1,4,1,3,0,0
2000100,走味的麦酒,気の抜けたエール,,0,0,0,1,0,0,False,65696,20643,1,3,1,3,0,0
2000101,阿泽玛玫瑰精油,アーゼマローズの香油,,0,0,0,1,0,0,False,65556,20663,1,2,1,3,0,0
2000102,勇气之卵石,勇気の丸石,,0,0,0,1,0,0,False,65571,21451,1,1,1,0,0,0
2000103,枯叶色的精油,朽葉色の香油,,0,0,0,1,0,0,False,0,22636,1,1,1,3,0,0
2000104,陈旧的八分仪,古びた八分儀,,0,0,0,1,0,0,False,65644,21002,1,1,1,3,0,0
2000105,陈旧的八分仪,古びた八分儀,,0,0,0,1,0,0,False,65645,21002,1,1,1,3,0,0
2000106,,,,0,0,0,0,0,0,False,0,0,0,0,0,0,0,0
2000107,,,,0,0,0,0,0,0,False,0,0,0,0,0,0,0,0
2000108,,,,0,0,0,0,0,0,False,0,0,0,0,0,0,0,0
2000109,,,,0,0,0,0,0,0,False,0,0,0,0,0,0,0,0
2000110,,,,0,0,0,0,0,0,False,0,0,0,0,0,0,0,0
2000111,,,,0,0,0,0,0,0,False,0,0,0,0,0,0,0,0
2000112,,,,0,0,0,0,0,0,False,0,0,0,0,0,0,0,0
2000113,,,,0,0,0,0,0,0,False,0,0,0,0,0,0,0,0
2000114,,,,0,0,0,0,0,0,False,0,0,0,0,0,0,0,0
2000115,,,,0,0,0,0,0,0,False,0,0,0,0,0,0,0,0
2000116,,,,0,0,0,0,0,0,False,0,0,0,0,0,0,0,0
2000117,,,,0,0,0,0,0,0,False,0,0,0,0,0,0,0,0
2000118,,,,0,0,0,0,0,0,False,0,0,0,0,0,0,0,0
2000119,手工鳗鱼派,お手製のイールパイ,,0,0,0,1,0,0,False,65659,24305,1,1,1,3,0,0
2000120,手工鳗鱼派,お手製のイールパイ,,0,0,0,1,0,0,False,65660,24305,1,1,1,3,0,0
2000121,无浊的清水,濁りなき清水,,0,0,0,1,0,0,False,65628,22614,1,1,1,3,0,0
2000122,勇气之卵石,勇気の丸石,,0,0,0,1,0,0,False,65679,21451,1,1,1,0,0,0
2000123,魔导感光器,魔導フォトセル,,0,0,0,1,0,0,False,0,22625,1,99,1,0,0,0
2000124,食腐沙蚤的卵囊,キャリオンチゴーの卵袋,,0,0,0,1,0,0,False,0,22623,0,99,1,0,0,0
2000125,僵尸的遗留物,ゾンビーの遺留物,,0,0,0,1,0,0,False,0,22623,0,99,1,0,0,0
2000126,大个的蜜蜂,大ぶりの蜜蜂,,0,0,0,1,0,0,False,0,27002,0,99,1,0,0,0
2000127,滑润的嫩叶,ヌメヌメ若葉,,0,0,0,1,0,0,False,0,25201,0,99,1,0,0,0
2000128,偷猎的皮革,密猟された皮革,,0,0,0,1,0,0,False,0,21002,0,99,1,0,0,0
2000129,,,,0,0,0,0,0,0,False,0,0,0,0,0,0,0,0
2000130,,,,0,0,0,0,0,0,False,0,0,0,0,0,0,0,0
2000131,,,,0,0,0,0,0,0,False,0,0,0,0,0,0,0,0
2000132,,,,0,0,0,0,0,0,False,0,0,0,0,0,0,0,0
2000133,,,,0,0,0,0,0,0,False,0,0,0,0,0,0,0,0
2000134,,,,0,0,0,0,0,0,False,0,0,0,0,0,0,0,0
2000135,,,,0,0,0,0,0,0,False,0,0,0,0,0,0,0,0
2000136,无名的密封信,無記名の封書,,0,0,0,1,0,0,False,65685,25918,1,1,1,3,0,0
2000137,剑斗士弗朗茨的海报,剣闘士フランツのポスター,,0,0,0,1,0,0,False,65689,25906,1,3,1,3,1,1
2000138,鼩鼱的粗皮,スナッピングシュルーから採れる毛皮,,0,0,0,1,0,0,False,65699,21809,1,5,1,3,0,0
2000139,,,,0,0,0,0,0,0,False,0,0,0,0,0,0,0,0
2000140,暖和的麻袋,生温かい麻袋,,0,0,0,1,0,0,False,65709,22628,1,1,1,3,0,0
2000141,测量记录册,測量記録書,,0,0,0,1,0,0,False,65711,26151,1,1,1,3,0,0
2000142,盲头蟹的甲壳,ボッグヤーゾンの甲殻,,0,0,0,1,0,0,False,65733,22252,1,4,1,0,0,0
2000143,灯火茸,トモシビタケ,,0,0,0,1,0,0,False,65731,25402,1,1,1,3,0,0
2000144,蚜虫,アブラムシ,,0,0,0,1,0,0,False,65707,27003,1,1,1,3,0,0
2000145,,,,0,0,0,0,0,0,False,0,0,0,0,0,0,0,0
2000146,测量工具箱,測量道具箱,,0,0,0,1,0,0,False,65711,21002,1,2,1,3,0,0
2000147,测量用的粗绳,測量用の荒縄,,0,0,0,1,0,0,False,65711,26103,1,1,1,3,0,0
2000148,东阿尔迪纳德商会的货物,東アルデナード商会の荷物,,0,0,0,1,0,0,False,65758,21003,1,3,1,3,0,0
2000149,仙人掌露,サボテン水,,0,0,0,1,0,0,False,65759,20642,1,4,1,3,0,0
2000150,法法弗诺的货物,ファファフォノの荷物,,0,0,0,1,0,0,False,65761,21003,1,3,1,3,0,0
2000151,魔菇的毒孢子囊,ファンガーの毒胞子袋,,0,0,0,1,0,0,False,0,25403,0,99,1,0,0,0
2000152,建筑用小口花卷须,建材用コチューのつる,,0,0,0,1,0,0,False,0,26103,0,99,1,0,0,0
2000153,天然磁石,天然磁石,,0,0,0,1,0,0,False,65764,21209,1,3,1,3,0,0
2000154,黄铜制拟饵,黄銅製のルアー,,0,0,0,1,0,0,False,65765,27055,1,2,1,3,0,0
2000155,,,,0,0,0,0,0,0,False,0,0,0,0,0,0,0,0
2000156,,,,0,0,0,0,0,0,False,0,0,0,0,0,0,0,0
2000157,,,,0,0,0,0,0,0,False,0,0,0,0,0,0,0,0
2000158,,,,0,0,0,0,0,0,False,0,0,0,0,0,0,0,0
2000159,,,,0,0,0,0,0,0,False,0,0,0,0,0,0,0,0
2000160,,,,0,0,0,0,0,0,False,0,0,0,0,0,0,0,0
2000161,,,,0,0,0,0,0,0,False,0,0,0,0,0,0,0,0
2000162,,,,0,0,0,0,0,0,False,0,0,0,0,0,0,0,0
2000163,,,,0,0,0,0,0,0,False,0,0,0,0,0,0,0,0
2000164,矿爬虫油,コブランの虫油,,0,0,0,1,0,0,False,65763,20663,1,4,1,3,0,0
2000165,给莫莫蒂的信,モモディ宛の手紙,,0,0,0,1,0,0,False,65766,25918,1,1,1,3,0,0
2000166,,,,0,0,0,0,0,0,False,0,0,0,0,0,0,0,0
2000167,,,,0,0,0,0,0,0,False,0,0,0,0,0,0,0,0
2000168,灵蚁的大颚,アントリングの大顎,,0,0,0,1,0,0,False,65841,22205,1,5,1,3,0,0
2000169,锤喙魔鸟的骨片,ハンマービークの骨片,,0,0,0,1,0,0,False,0,22202,1,1,1,3,0,0
2000170,大块银矿石,大ぶりの銀鉱 ,,0,0,0,1,0,0,False,0,21211,1,1,1,3,0,0
2000171,,,,0,0,0,0,0,0,False,0,0,0,0,0,0,0,0
2000172,,,,0,0,0,0,0,0,False,0,0,0,0,0,0,0,0
2000173,,,,0,0,0,0,0,0,False,0,0,0,0,0,0,0,0
2000174,,,,0,0,0,0,0,0,False,0,0,0,0,0,0,0,0
2000175,,,,0,0,0,0,0,0,False,0,0,0,0,0,0,0,0
2000176,,,,0,0,0,0,0,0,False,0,0,0,0,0,0,0,0
2000177,锤喙魔鸟的骨片,ハンマービークの骨片,,0,0,0,1,0,0,False,65862,22202,1,8,1,3,0,0
2000178,,,,0,0,0,0,0,0,False,0,0,0,0,0,0,0,0
2000179,,,,0,0,0,0,0,0,False,0,0,0,0,0,0,0,0
2000180,,,,0,0,0,0,0,0,False,0,0,0,0,0,0,0,0
2000181,,,,0,0,0,0,0,0,False,0,0,0,0,0,0,0,0
2000182,,,,0,0,0,0,0,0,False,0,0,0,0,0,0,0,0
2000183,,,,0,0,0,0,0,0,False,0,0,0,0,0,0,0,0
2000184,,,,0,0,0,0,0,0,False,0,0,0,0,0,0,0,0
2000185,宝贝钓竿,愛用の釣竿,,0,0,0,1,0,0,False,65921,38201,1,1,1,3,0,0
2000186,洛兹琳的传令信,ロズリンからの伝令文,,0,0,0,1,0,0,False,65916,26151,1,1,1,3,0,0
2000187,洛兹琳的传令信,ロズリンからの伝令文,,0,0,0,1,0,0,False,65916,26151,1,1,1,3,0,0
2000188,洛兹琳的传令信,ロズリンからの伝令文,,0,0,0,1,0,0,False,65916,26151,1,1,1,3,0,0
2000189,装有冷水的水瓶,冷水入りの水瓶,,0,0,0,1,0,0,False,0,25055,1,1,1,3,0,0
2000190,,,,0,0,0,0,0,0,False,0,0,0,0,0,0,0,0
2000191,陌生的皮袋,見慣れぬ革袋,,0,0,0,1,0,0,False,65915,25919,1,1,1,3,0,0
2000192,妮美雅百合花束,ニメーヤリリーの花束,,0,0,0,1,0,0,False,65919,22627,1,3,1,3,0,0
2000193,千年果实,千年果実,,0,0,0,1,0,0,False,0,25308,0,99,1,0,0,0
2000194,,,,0,0,0,0,0,0,False,0,0,0,0,0,0,0,0
2000195,,,,0,0,0,0,0,0,False,0,0,0,0,0,0,0,0
2000196,阿莱温的药草补剂,エールウィンの薬草トニック,,0,0,0,1,0,0,False,65930,20661,1,1,1,3,0,0
2000197,古老的陶器,古めかしい陶器,,0,0,0,1,0,0,False,65931,25055,1,1,1,3,0,0
2000198,散落的金币,バラまかれたギル貨幣,,0,0,0,1,0,0,False,65932,25919,1,5,1,3,0,0
2000199,南瓜的兑换凭单,パンプキンの引替伝票,,0,0,0,1,0,0,False,65839,25906,1,1,1,3,0,0
2000200,羚羊腌肉,アンテロープの塩漬け肉,,0,0,0,1,0,0,False,0,24353,1,1,1,3,0,0
2000201,装饰品的订单,装飾具の注文書,,0,0,0,1,0,0,False,65701,26151,1,1,1,3,0,0
2000202,,,,0,0,0,0,0,0,False,0,0,0,0,0,0,0,0
2000203,装有姆恩·图伊豆的木箱,ムントゥイ豆入りの木箱,,0,0,0,1,0,0,False,0,21003,1,1,1,3,0,0
2000204,小型幻杖,小さな幻具,,0,0,0,1,0,0,False,0,32412,1,1,1,3,0,0
2000205,小型幻杖,小さな幻具,,0,0,0,1,0,0,False,0,32412,1,1,1,3,0,0
2000206,狩猎工具箱,狩猟道具箱,,0,0,0,1,0,0,False,0,21002,1,3,1,3,0,0
2000207,,,,0,0,0,0,0,0,False,0,0,0,0,0,0,0,0
2000208,,,,0,0,0,0,0,0,False,0,0,0,0,0,0,0,0
2000209,羚羊内脏,アンテロープの臓物,,0,0,0,1,0,0,False,0,29002,1,4,1,3,0,0
2000210,大口花的嫩叶,オチューの若葉,,0,0,0,1,0,0,False,0,25201,1,4,1,3,0,0
2000211,新鲜鼹鼠肉,新鮮なモールの肉,,0,0,0,1,0,0,False,65840,25155,1,2,1,3,0,0
2000212,大块银矿石,大ぶりの銀鉱,,0,0,0,1,0,0,False,65843,21215,1,1,1,3,0,0
2000213,,,,0,0,0,0,0,0,False,0,0,0,0,0,0,0,0
2000214,鬼鮟鱇的白肉,オロボンの白身,,0,0,0,1,0,0,False,65858,29002,1,4,1,3,0,0
2000215,六识之鲜血,六識の鮮血,,0,0,0,1,0,0,False,0,22601,1,4,1,3,0,0
2000216,带有艾玛吉娜印记的木箱,アマジナ印の木箱,,0,0,0,1,0,0,False,65844,21002,1,3,1,3,0,0
2000217,纳尔迪克＆威米利作坊的密封信,ナルディク＆ヴィメリー社の封書,,0,0,0,1,0,0,False,65942,25918,1,1,1,3,0,0
2000218,瓦福福的手工盒饭,ララフェルの弁当,,0,0,0,1,0,0,False,65945,22641,1,4,1,3,0,0
2000219,雷元精核心,ライトニングエレメンタルの核,,0,0,0,1,0,0,False,65946,21265,1,3,1,3,0,0
2000220,完好的黑豺之牙,ハイエナの牙,,0,0,0,1,0,0,False,65947,22303,1,4,1,3,0,0
2000221,渡渡鸟腐肉,ドードーの腐肉,,0,0,0,1,0,0,False,65952,24353,1,1,1,3,0,0
2000222,胜利号的帆布,ヴィクトリー号の操舵輪,,0,0,0,1,0,0,False,65951,21602,1,1,1,3,0,0
2000223,胜利号的舵轮,ヴィクトリー号の索具,,0,0,0,1,0,0,False,65951,21003,1,1,1,3,0,0
2000224,胜利号的缆索,ヴィクトリー号の帆布,,0,0,0,1,0,0,False,65951,20910,1,1,1,3,0,0
2000225,拉诺西亚百合铃,ラノシア・リリーベル,,0,0,0,1,0,0,False,65953,25022,1,1,1,3,0,0
2000226,,,,0,0,0,0,0,0,False,0,0,0,0,0,0,0,0
2000227,,,,0,0,0,0,0,0,False,0,0,0,0,0,0,0,0
2000228,满是泥土的土器,泥まみれの土器,,0,0,0,1,0,0,False,0,25054,1,5,1,3,0,0
2000229,含有魔力的剑,魔力を感じる剣,,0,0,0,1,0,0,False,65981,30426,1,1,1,3,0,0
2000230,恶臭的诱饵,不快な臭いの虫ダンゴ,,0,0,0,1,0,0,False,65583,21005,1,2,1,3,0,0
2000231,骨制警笛,骨細工の警笛,,0,0,0,1,0,0,False,0,25919,1,3,1,3,0,0
2000232,盛花蜂蜜酒,フルフラワーの蜂蜜酒,,0,0,0,1,0,0,False,65974,25057,1,1,1,3,0,0
2000233,气球怪的小指,バルーンの小指,,0,0,0,1,0,0,False,65974,25911,1,6,1,3,0,0
2000234,金库灵柩亭的订单,コッファー＆コフィンの注文票,,0,0,0,1,0,0,False,65860,26153,1,4,1,3,0,0
2000235,深色炼金药,鈍色の錬金薬,,0,0,0,1,0,0,False,65591,24403,1,1,1,3,0,0
2000236,沾满血的猪牙,血塗れたボアの牙,,0,0,0,1,0,0,False,65592,22301,1,10,1,3,0,0
2000237,掉落的货物,落ちた積荷,,0,0,0,1,0,0,False,65923,21003,1,2,1,3,0,0
2000238,娜娜莫南瓜,ナナモパンプキン,,0,0,0,1,0,0,False,65839,25210,1,1,1,3,0,0
2000239,可爱的生姜饼干,可愛いジンジャークッキー,,0,0,0,1,0,0,False,65856,24051,1,4,1,3,0,0
2000240,吕凯洛的密封信,ルクロの封書,,0,0,0,1,0,0,False,65982,25918,1,1,1,3,0,0
2000241,矿山铁道时刻表,鉱山鉄道の時刻表,,0,0,0,1,0,0,False,65925,26151,1,1,1,3,0,0
2000242,用来当饲料的基萨尔野菜,飼葉用ギサールの野菜,,0,0,0,1,0,0,False,65910,25218,1,3,1,3,0,0
2000243,六识之鲜血,六識の鮮血,,0,0,0,1,0,0,False,65974,22601,1,1,1,3,0,0
2000244,邪教念珠,邪教の念珠,,0,0,0,1,0,0,False,0,21265,1,99,1,0,0,0
2000245,璀璨的戒指,光り輝く指輪,,0,0,0,1,0,0,False,65687,54421,1,1,1,3,0,0
2000246,特制蝲蛄丸子,特製ザリガニボール,,0,0,0,1,0,0,False,65922,21003,1,1,1,3,0,0
2000247,姆恩·图伊豆,ムントゥイ豆,,0,0,0,1,0,0,False,65922,22628,1,1,1,3,0,0
2000248,全新的板金铠,真新しい板金鎧,,0,0,0,1,0,0,False,65922,48008,1,1,1,3,0,0
2000249,缪恩的密封信,ミューヌの封書,,0,0,0,1,0,0,False,65983,25918,1,1,1,3,0,0
2000250,桐木小箱,,,0,0,0,1,0,0,False,65984,21002,1,1,1,3,0,0
2000251,偷猎的皮革,密猟された皮革,,0,0,0,1,0,0,False,0,23001,0,99,1,0,0,0
2000252,遗失的商品,失われた品,,0,0,0,1,0,0,False,0,21003,0,99,1,0,0,0
2000253,巨像兵的碎片,石兵の欠片,,0,0,0,1,0,0,False,0,21202,0,99,1,0,0,0
2000254,土元精核心,アーススプライトの核,,0,0,0,1,0,0,False,0,21202,0,99,1,0,0,0
2000255,被盗的货物,奪われた荷,,0,0,0,1,0,0,False,0,21003,0,99,1,0,0,0
2000256,仙人掌的肉质茎,サボテンの果肉,,0,0,0,1,0,0,False,0,23001,0,99,1,0,0,0
2000257,巨像兵的魂石,石兵のソウルストーン,,0,0,0,1,0,0,False,0,21202,0,99,1,0,0,0
2000258,海盗的掠夺品,海賊の略奪品,,0,0,0,1,0,0,False,0,23001,0,99,1,0,0,0
2000259,血书纸片,血文字の紙片,,0,0,0,1,0,0,False,0,26151,1,99,1,0,0,0
2000260,小钥匙,小さな鍵,,0,0,0,1,0,0,False,0,25904,1,99,1,0,0,0
2000261,白百合钥匙,白百合の鍵,,0,0,0,1,0,0,False,0,25902,1,99,1,0,0,0
2000262,红蔷薇钥匙,紅薔薇の鍵,,0,0,0,1,0,0,False,0,25903,1,99,1,0,0,0
2000263,寄生树钥匙,宿り木の鍵,,0,0,0,1,0,0,False,0,25903,1,99,1,0,0,0
2000264,黄石竹钥匙,黄撫子の鍵,,0,0,0,1,0,0,False,0,25903,1,99,1,0,0,0
2000265,调查区的枫木原木,調査地域のメープル原木,,0,0,0,1,0,0,False,0,22408,0,99,1,0,0,0
2000266,调查区的枫树枝,調査地域のメープルの枝,,0,0,0,1,0,0,False,0,22416,0,99,1,0,0,0
2000267,树精的果实,トレントのどんぐり,,0,0,0,1,0,0,False,0,25304,0,99,1,0,0,0
2000268,梣树的幼苗,アッシュの若木,,0,0,0,1,0,0,False,0,22407,0,99,1,0,0,0
2000269,梣树的嫩枝,アッシュの若枝,,0,0,0,1,0,0,False,0,22416,0,99,1,0,0,0
2000270,东岸的槲寄生,東岸のミスルトゥ,,0,0,0,1,0,0,False,0,25001,0,99,1,0,0,0
2000271,篝火用柴,たき火用の薪,,0,0,0,1,0,0,False,0,22407,0,99,1,0,0,0
2000272,篝火用树皮,たき火用の樹皮,,0,0,0,1,0,0,False,0,22418,0,99,1,0,0,0
2000273,无杂质的乳胶,不純物のないラテックス,,0,0,0,1,0,0,False,0,22643,0,99,1,0,0,0
2000274,有杂质的乳胶,不純物まじりのラテックス,,0,0,0,1,0,0,False,0,22643,0,99,1,0,0,0
2000275,择伐地的梣木原木,択伐地のアッシュ原木,,0,0,0,1,0,0,False,0,22407,0,99,1,0,0,0
2000276,择伐地的梣树枝,択伐地のアッシュの枝,,0,0,0,1,0,0,False,0,22416,0,99,1,0,0,0
2000277,优良的梣木原木,良質なアッシュ原木,,0,0,0,1,0,0,False,0,22407,0,99,1,0,0,0
2000278,天柱树根,天柱樹の根,,0,0,0,1,0,0,False,0,25005,0,99,1,0,0,0
2000279,天柱树皮,天柱樹の樹皮,,0,0,0,1,0,0,False,0,22418,0,99,1,0,0,0
2000280,结实的天柱树根,天柱樹の丈夫な根,,0,0,0,1,0,0,False,0,25005,0,99,1,0,0,0
2000281,大口花的种子,オチューの種子,,0,0,0,1,0,0,False,0,25314,0,99,1,0,0,0
2000282,小口花的枯叶,コチューの枯葉,,0,0,0,1,0,0,False,0,21662,0,99,1,0,0,0
2000283,沾有孢子的树皮,胞子が張り付いた樹皮,,0,0,0,1,0,0,False,0,22418,0,99,1,0,0,0
2000284,被虫蛀过的树皮,虫が巣喰った樹皮,,0,0,0,1,0,0,False,0,22418,0,99,1,0,0,0
2000285,大个的山栗,大ぶりのチェスナット,,0,0,0,1,0,0,False,0,25302,0,99,1,0,0,0
2000286,被虫蛀过的山栗,虫食いチェスナット,,0,0,0,1,0,0,False,0,25302,0,99,1,0,0,0
2000287,黄金山栗,黄金のチェスナット,,0,0,0,1,0,0,False,0,25302,0,99,1,0,0,0
2000288,西岸的槲寄生,西岸のミスルトゥ,,0,0,0,1,0,0,False,0,25001,0,99,1,0,0,0
2000289,适合作栅栏的梣木原木,柵に適したアッシュ原木,,0,0,0,1,0,0,False,0,22407,0,99,1,0,0,0
2000290,过细的梣木原木,細すぎるアッシュ原木,,0,0,0,1,0,0,False,0,22407,0,99,1,0,0,0
2000291,妖红花的种子,ローズレットの種子,,0,0,0,1,0,0,False,0,25314,0,99,1,0,0,0
2000292,妖红花的枯叶,ローズレットの枯葉,,0,0,0,1,0,0,False,0,25201,0,99,1,0,0,0
2000293,出芽的妖红花种子,ローズレットの芽吹いた種子,,0,0,0,1,0,0,False,0,25314,0,99,1,0,0,0
2000294,扫子草,ハキダメ草,,0,0,0,1,0,0,False,0,25008,0,99,1,0,0,0
2000295,栀子草,クチナシ草,,0,0,0,1,0,0,False,0,25008,0,99,1,0,0,0
2000296,特浓枫树树汁,特濃メープル樹液,,0,0,0,1,0,0,False,0,22642,0,99,1,0,0,0
2000297,有杂质的枫树树汁,不純物まじりのメープル樹液,,0,0,0,1,0,0,False,0,22642,0,99,1,0,0,0
2000298,刻印树皮,印が刻まれた樹皮,,0,0,0,1,0,0,False,0,22418,0,99,1,0,0,0
2000299,新绿色的苔藓,新緑色の苔,,0,0,0,1,0,0,False,0,22649,0,99,1,0,0,0
2000300,大蔷薇的花蜜,大イバラの蜜,,0,0,0,1,0,0,False,0,22642,0,99,1,0,0,0
2000301,大蔷薇的刺,大イバラのトゲ,,0,0,0,1,0,0,False,0,22304,0,99,1,0,0,0
2000302,姆恩·图伊豆,乾燥ムントゥイ豆,,0,0,0,1,0,0,False,0,25353,0,99,1,0,0,0
2000303,提诺尔卡菖蒲,ティノルカアヤメ,,0,0,0,1,0,0,False,0,21651,0,99,1,0,0,0
2000304,暴露出来的树根,露出した樹木の根,,0,0,0,1,0,0,False,0,25005,0,99,1,0,0,0
2000305,干枯的树根,干からびた根,,0,0,0,1,0,0,False,0,25005,0,99,1,0,0,0
2000306,结实的树根,丈夫な樹木の根,,0,0,0,1,0,0,False,0,25005,0,99,1,0,0,0
2000307,上等的婴猴薄荷,上質のガラゴミント,,0,0,0,1,0,0,False,0,25016,0,99,1,0,0,0
2000308,被咬过的婴猴薄荷,囓られたガラゴミント,,0,0,0,1,0,0,False,0,25016,0,99,1,0,0,0
2000309,格尔莫拉时代的古钱,ゲルモラ時代の古銭,,0,0,0,1,0,0,False,0,25916,0,99,1,0,0,0
2000310,生锈的金属片,錆ついた金属片,,0,0,0,1,0,0,False,0,20817,0,99,1,0,0,0
2000311,过度生长的树枝,伸びすぎた枝,,0,0,0,1,0,0,False,0,22416,0,99,1,0,0,0
2000312,枯叶,枯葉,,0,0,0,1,0,0,False,0,25217,0,99,1,0,0,0
2000313,朱刺果,アカトゲの実,,0,0,0,1,0,0,False,0,25023,0,99,1,0,0,0
2000314,朱刺叶,アカトゲの葉,,0,0,0,1,0,0,False,0,25213,0,99,1,0,0,0
2000315,黑衣苹果,ブラックシュラウドアップル,,0,0,0,1,0,0,False,0,25308,0,99,1,0,0,0
2000316,毛毛虫,毛虫,,0,0,0,1,0,0,False,0,27004,0,99,1,0,0,0
2000317,神秘的蘑菇,謎めいたキノコ,,0,0,0,1,0,0,False,0,25407,0,99,1,0,0,0
2000318,沾有孢子的木钉,菌のついた木釘,,0,0,0,1,0,0,False,0,22305,0,99,1,0,0,0
2000319,用于模拟战的长枪,,,0,0,0,1,0,0,False,0,31816,0,99,1,0,0,0
2000320,堆肥袋,,,0,0,0,1,0,0,False,0,25356,0,99,1,0,0,0
2000321,蛛蝎卵,,,0,0,0,1,0,0,False,0,25252,0,99,1,0,0,0
2000322,白伞茸,,,0,0,0,1,0,0,False,0,25402,0,99,1,0,0,0
2000323,捕兽夹,,,0,0,0,1,0,0,False,0,27241,0,99,1,0,0,0
2000324,平息的清水,,,0,0,0,1,0,0,False,0,22606,1,99,1,1,0,0
2000325,羚羊腿肉,,,0,0,0,1,0,0,False,0,25153,0,99,1,0,0,0
2000326,妖异全集«散发腐臭的怪物»之页,,,0,0,0,1,0,0,False,0,26151,0,99,1,0,0,0
2000327,秘藏的蜂蜜酒,,,0,0,0,1,0,0,False,0,25057,0,99,1,0,0,0
2000328,妖异全集«邪眼闪光的怪物»之页,,,0,0,0,1,0,0,False,0,26151,0,99,1,0,0,0
2000329,妖异全集«污浊不净的怪物»之页,,,0,0,0,1,0,0,False,0,26151,0,99,1,0,0,0
2000330,精金龟的蛋,,,0,0,0,1,0,0,False,0,25252,0,99,1,0,0,0
2000331,偷猎的兽皮,,,0,0,0,1,0,0,False,0,22015,0,99,1,0,0,0
2000332,水元精核心,,,0,0,0,1,0,0,False,0,22606,1,99,1,3,0,0
2000333,大花粉块,,,0,0,0,1,0,0,False,0,25007,1,99,1,3,0,0
2000334,,,,0,0,0,0,0,0,False,0,0,0,0,0,0,0,0
2000335,兀鹫胸肉,,,0,0,0,1,0,0,False,0,25158,0,99,1,0,0,0
2000336,鬼鮟鱇刺身,,,0,0,0,1,0,0,False,0,29002,0,99,1,0,0,0
2000337,脏兮兮的日记本,,,0,0,0,1,0,0,False,0,26002,1,1,1,3,0,0
2000338,送往前桅塔的货物,フォアマスト宛の荷物,,0,0,0,1,0,0,False,65934,21005,1,1,1,3,0,0
2000339,送往德内维尔关的货物,デネベール関門宛の荷物,,0,0,0,1,0,0,False,65934,23001,1,1,1,3,0,0
2000340,水元精核心,ウォータースプライトの核,,0,0,0,1,0,0,False,65936,22606,1,3,1,3,0,0
2000341,沟鼠腐肉,ラットの腐肉,,0,0,0,1,0,0,False,65937,24353,1,1,1,3,0,0
2000342,多实玉米幼苗,ミリオンコーンの苗,,0,0,0,1,0,0,False,65938,25004,1,1,1,3,0,0
2000343,篝火铁笼,鉄製のかがり,,0,0,0,1,0,0,False,65939,21003,1,1,1,3,0,0
2000344,爆弹怪的小指,ボムの小指,,0,0,0,1,0,0,False,65939,22623,1,1,1,3,0,0
2000345,装有遗产的小箱,遺産の入った小箱,,0,0,0,1,0,0,False,65940,21002,1,1,1,3,0,0
2000346,渡渡鸟的种蛋,ドードーの有精卵,,0,0,0,1,0,0,False,65941,25251,1,3,1,3,0,0
2000347,潮湿的黑土,湿り気のある黒土,,0,0,0,1,0,0,False,66003,21466,1,3,1,3,0,0
2000348,被抢走的农具,奪われた農具,,0,0,0,1,0,0,False,66004,21002,1,3,1,3,0,0
2000349,,,,0,0,0,0,0,0,False,0,0,0,0,0,0,0,0
2000350,开垦者的铁铲,開拓者のシャベル,,0,0,0,1,0,0,False,66007,21003,1,3,1,3,0,0
2000351,成熟的拉诺西亚香橙,熟したラノシアオレンジ,,0,0,0,1,0,0,False,66008,25312,1,3,1,3,0,0
2000352,法法弗诺的货物,ファファフォノの荷物,,0,0,0,1,0,0,False,0,41002,1,1,1,3,0,0
2000353,法法弗诺的货物,ファファフォノの荷物,,0,0,0,1,0,0,False,0,44036,1,1,1,3,0,0
2000354,给琪琪普的信,キキプ宛の手紙,,0,0,0,1,0,0,False,65760,25918,1,1,1,3,0,0
2000355,锤喙魔鸟的尾羽,ハンマービークの尾羽根,,0,0,0,1,0,0,False,65760,21906,1,5,1,3,0,0
2000356,装着橙子的麻袋,オレンジの入った麻袋,,0,0,0,1,0,0,False,66002,25919,1,1,1,3,0,0
2000357,装硬币的袋子,硬貨の入った袋,,0,0,0,1,0,0,False,66002,25919,1,1,1,3,0,0
2000358,,,,0,0,0,0,0,0,False,0,0,0,0,0,0,0,0
2000359,,,,0,0,0,0,0,0,False,0,0,0,0,0,0,0,0
2000360,,,,0,0,0,0,0,0,False,0,0,0,0,0,0,0,0
2000361,,,,0,0,0,0,0,0,False,0,0,0,0,0,0,0,0
2000362,,,,0,0,0,0,0,0,False,0,0,0,0,0,0,0,0
2000363,,,,0,0,0,0,0,0,False,0,0,0,0,0,0,0,0
2000364,,,,0,0,0,0,0,0,False,0,0,0,0,0,0,0,0
2000365,,,,0,0,0,0,0,0,False,0,0,0,0,0,0,0,0
2000366,,,,0,0,0,0,0,0,False,0,0,0,0,0,0,0,0
2000367,黄蜂的毒针,ホーネットの毒針,,0,0,0,1,0,0,False,66098,22305,1,6,1,3,0,0
2000368,达达内恩的催促书,ダダネンからの督促状,,0,0,0,1,0,0,False,65864,25906,1,1,1,3,0,0
2000369,娜夏孔雀石原石,ナナシャマラカイト原石,,0,0,0,1,0,0,False,66039,20004,1,3,1,3,0,0
2000370,尖锐的锄头,鋭いピック,,0,0,0,1,0,0,False,66040,38005,1,1,1,3,0,0
2000371,陈旧的小锤,古いハンマー,,0,0,0,1,0,0,False,66040,35052,1,1,1,3,0,0
2000372,沉重的大锤,重いモール,,0,0,0,1,0,0,False,66040,38051,1,1,1,3,0,0
2000373,捕兽夹,トラバサミ,,0,0,0,1,0,0,False,65873,21003,1,4,1,3,0,0
2000374,毒蜥蜴的邪眼,ペイストの邪眼,,0,0,0,1,0,0,False,65875,21280,1,4,1,3,0,0
2000375,,,,0,0,0,0,0,0,False,0,0,0,0,0,0,0,0
2000376,土狗之血,モングレルの血,,0,0,0,1,0,0,False,65877,20641,1,4,1,3,0,0
2000377,给利奥弗里克的密封信,レオフリック宛ての封書,,0,0,0,1,0,0,False,65866,25918,1,1,1,3,0,0
2000378,娜夏孔雀石原石,ナナシャマラカイト原石,,0,0,0,1,0,0,False,66109,20004,1,3,1,3,0,0
2000379,蟾蜍的毒液,薬の材料になるトキシックトードから採れる毒液,,0,0,0,1,0,0,False,66066,20682,1,2,1,3,0,0
2000380,给贝林盖尔的信,ベリンゲル宛の手紙,,0,0,0,1,0,0,False,66067,26151,1,1,1,3,0,0
2000381,古董匕首,年代物のダガー,,0,0,0,1,0,0,False,65868,30362,1,1,1,3,0,0
2000382,秃鹫腿肉,バザードから採れる食肉,,0,0,0,1,0,0,False,65871,25154,1,2,1,3,0,0
2000383,薄壳蟹脚,シックシェルから採れる食材,,0,0,0,1,0,0,False,65871,29201,1,2,1,3,0,0
2000384,船菊石刺身,スカフィテから採れる新鮮な刺身,,0,0,0,1,0,0,False,65871,25156,1,2,1,3,0,0
2000385,栗鼠之血,マーモットの鮮血,,0,0,0,1,0,0,False,66108,22601,1,5,1,3,0,0
2000386,莫莫蒂的介绍信,モモディの紹介状,,0,0,0,1,0,0,False,66104,25906,1,1,1,3,0,0
2000387,莫莫蒂的介绍信,モモディの紹介状,,0,0,0,1,0,0,False,66105,25906,1,1,1,3,0,0
2000388,莫莫蒂的介绍信,モモディの紹介状,,0,0,0,1,0,0,False,66106,25906,1,1,1,3,0,0
2000389,,,,0,0,0,0,0,0,False,0,0,0,0,0,0,0,0
2000390,可疑的传单,怪しいビラ,,0,0,0,1,0,0,False,66158,25906,1,1,1,3,0,0
2000391,白辉石,白く輝く石,,0,0,0,1,0,0,False,66165,21251,1,1,1,3,0,0
2000392,阿尔基克薰衣草,アルジクラベンダー,,0,0,0,1,0,0,False,66166,25002,1,3,1,3,0,0
2000393,招募工人的传单,作業員募集のビラ,,0,0,0,1,0,0,False,66168,25906,1,5,1,3,0,0
2000394,白辉石,白く輝く石,,0,0,0,1,0,0,False,66170,21213,1,5,1,3,0,0
2000395,浑浊的泉水,濁った湧水,,0,0,0,1,0,0,False,66173,25055,1,1,1,3,0,0
2000396,给欧文的密封信,オワイン宛の封書,,0,0,0,1,0,0,False,66164,25918,1,1,1,3,0,0
2000397,献给太阳神的供品,日神への供物,,0,0,0,1,0,0,False,0,25919,1,1,1,3,0,0
2000398,给欧文的密封信,オワイン宛の封書,,0,0,0,1,0,0,False,66087,25918,1,1,1,3,0,0
2000399,凄惨的遗体,無残な遺体,,0,0,0,1,0,0,False,66154,26024,1,3,1,3,0,0
2000400,妮美雅百合花束,ニメーヤリリーの花束,,0,0,0,1,0,0,False,66163,22627,1,5,1,3,0,0
2000401,蝎纹戒指,,,0,0,0,1,0,0,False,0,54434,1,1,1,3,0,0
2000402,特制恢复药,,,0,0,0,1,0,0,False,65799,20601,1,1,1,3,0,0
2000403,蝎纹戒指,,,0,0,0,1,0,0,False,65799,54434,1,1,1,3,0,0
2000404,毒药交易账单,,,0,0,0,1,0,0,False,65801,25918,1,1,1,3,0,0
2000405,紫檀木箱,紫檀の木箱,,0,0,0,1,0,0,False,66177,21002,1,1,1,3,0,0
2000406,陈旧的供品,古びた供物,,0,0,0,1,0,0,False,66178,21003,1,6,1,3,0,0
2000407,蜂毒酒,蜂漬けの毒酒,,0,0,0,1,0,0,False,66173,20662,1,3,1,3,0,0
2000408,毒蟾蜍腿肉,トキシックトードのモモ肉,,0,0,0,1,0,0,False,66094,25155,1,5,1,3,0,0
2000409,木人,木人,,0,0,0,1,0,0,False,66102,27281,1,4,1,3,0,0
2000410,送往地平关的小包,ホライズン宛の小包,,0,0,0,1,0,0,False,65926,21003,1,1,1,3,0,0
2000411,拉尔戈的胆汁,,,0,0,0,1,0,0,False,65801,20662,1,1,1,3,0,0
2000412,招募工人的传单,作業員募集のビラ,,0,0,0,1,0,0,False,66168,25906,1,5,1,3,0,0
2000413,扣押令,差し押さえ証,,0,0,0,1,0,0,False,65766,25906,1,4,1,3,0,0
2000414,鱼干,干からびた魚,,0,0,0,1,0,0,False,65883,25919,1,1,1,3,0,0
2000415,兀鹫胸肉,ヴァルチャーの胸肉,,0,0,0,1,0,0,False,65883,25151,1,1,1,3,0,0
2000416,以太药运输箱,エーテル輸送箱,,0,0,0,1,0,0,False,65884,21003,1,1,1,3,0,0
2000417,蜥蜴人的鲜血,アマルジャの鮮血,,0,0,0,1,0,0,False,65884,22601,1,2,1,3,0,0
2000418,以太药运输箱,エーテル輸送箱,,0,0,0,1,0,0,False,65885,21003,1,1,1,3,0,0
2000419,蜥蜴人的鲜血,アマルジャの鮮血,,0,0,0,1,0,0,False,65885,22601,1,2,1,3,0,0
2000420,沾有血迹的咒杖,血濡れのセプター,,0,0,0,1,0,0,False,65887,32806,1,1,1,3,0,0
2000421,被撕裂的古书,引き裂かれた古書,,0,0,0,1,0,0,False,65887,26002,1,1,1,3,0,0
2000422,茉门论文集,モルモーの論文集,,0,0,0,1,0,0,False,65888,26002,1,3,1,3,0,0
2000423,古旧金币,古びたギル硬貨,,0,0,0,1,0,0,False,66090,25917,1,5,1,3,0,0
2000424,,,,0,0,0,0,0,0,False,0,0,0,0,0,0,0,0
2000425,茉门论文集,モルモーの論文集,,0,0,0,1,0,0,False,65888,26002,1,3,1,3,0,0
2000426,可可布希的情报书,ココブシの情報書,,0,0,0,1,0,0,False,65889,25906,1,3,1,3,0,0
2000427,河蟾蜍肝,リバートードの肝,,0,0,0,1,0,0,False,66011,22603,1,3,1,3,0,0
2000428,装羊毛的麻袋,羊毛入りの麻袋,,0,0,0,1,0,0,False,66012,22610,1,1,1,3,0,0
2000429,小麦粉袋,小麦粉袋,,0,0,0,1,0,0,False,66013,25351,1,4,1,3,0,0
2000430,装着衣服的包裹,衣服の入った包み,,0,0,0,1,0,0,False,66014,21003,1,3,1,3,0,0
2000431,装着衣服的包裹,衣服の入った包み,,0,0,0,1,0,0,False,0,21005,1,1,1,3,0,0
2000432,装着衣服的包裹,衣服の入った包み,,0,0,0,1,0,0,False,0,23001,1,1,1,3,0,0
2000433,沾有血迹的手镯,血濡れの腕輪,,0,0,0,1,0,0,False,65887,55601,1,1,1,3,0,0
2000434,装有肉的木箱,肉入りの木箱,,0,0,0,1,0,0,False,66015,21003,1,1,1,3,0,0
2000435,大麻袋,大きな麻袋,,0,0,0,1,0,0,False,66016,21610,1,3,1,3,0,0
2000436,装有渡渡鸟的麻袋,ドードー入りの麻袋,,0,0,0,1,0,0,False,66016,25919,1,3,1,3,0,0
2000437,除虱刷,シラミ取りブラシ,,0,0,0,1,0,0,False,66017,25919,1,3,1,3,0,0
2000438,半透明的粘液,半透明の粘液,,0,0,0,1,0,0,False,66019,25105,1,1,1,3,0,0
2000439,苔绿色的体液,苔色の体液,,0,0,0,1,0,0,False,66019,25054,1,3,1,3,0,0
2000440,高纯度土之水晶,高純度アースクリスタル,,0,0,0,1,0,0,False,66021,20012,1,3,1,3,0,0
2000441,小钥匙,小さな鍵,,0,0,0,1,0,0,False,0,25904,1,99,1,0,0,0
2000442,6星司火药,6オンズ爆薬,,0,0,0,1,0,0,False,0,21001,1,99,1,0,0,0
2000443,,,,0,0,0,0,0,0,False,0,0,0,0,0,0,0,0
2000444,路灯用的灯油,街灯用の油,,0,0,0,1,0,0,False,65656,25055,1,7,1,3,0,0
2000445,给梅尔维布提督的亲笔信,メルウィブ提督宛の親書,,0,0,0,1,0,0,False,66064,25918,1,1,1,3,0,0
2000446,给嘉恩·艾幻术皇的亲笔信,幻術皇カヌ・エ宛の親書,,0,0,0,1,0,0,False,66064,25918,1,1,1,3,0,0
2000447,奇怪的香草,怪しい香草,,0,0,0,1,0,0,False,65647,25002,1,6,1,0,0,0
2000448,斯维特尼克斯的信函,スウィートニクスのおてがみ,,0,0,0,1,0,0,False,65649,25918,1,1,1,0,0,0
2000449,滞纳关税名单,関税滞納者の一覧,,0,0,0,1,0,0,False,65651,25906,1,2,1,0,0,0
2000450,新鲜的牡羊肉,新鮮なラム肉,,0,0,0,1,0,0,False,65652,25153,1,4,1,0,0,0
2000451,七贤堂小包,セブンスセージの小袋,,0,0,0,1,0,0,False,65654,25919,1,2,1,0,0,0
2000452,七贤堂小包,セブンスセージの小袋,,0,0,0,1,0,0,False,0,25919,1,1,1,0,0,0
2000453,失踪者名单,行方不明者の一覧,,0,0,0,1,0,0,False,65655,25906,1,1,1,0,0,0
2000454,水母肉块,浮クラゲの切り身,,0,0,0,1,0,0,False,65658,25156,1,4,1,0,0,0
2000455,犯人的画像,食い逃げ犯の人相書き,,0,0,0,1,0,0,False,65653,25906,1,1,1,0,0,0
2000456,给梅尔维布提督的亲笔信,メルウィブ提督宛の親書,,0,0,0,1,0,0,False,66043,25918,1,1,1,3,0,0
2000457,给劳班局长的亲笔信,ラウバーン局長宛の親書,,0,0,0,1,0,0,False,66043,25918,1,1,1,3,0,0
2000458,给嘉恩·艾幻术皇的亲笔信,幻術皇カヌ・エ宛の親書,,0,0,0,1,0,0,False,66082,25918,1,1,1,3,0,0
2000459,给劳班局长的亲笔信,ラウバーン局長宛の親書,,0,0,0,1,0,0,False,66082,25918,1,1,1,3,0,0
2000460,市场价格调查报告,市場価格調査書,,0,0,0,1,0,0,False,65650,25906,1,1,1,0,0,0
2000461,敏菲利亚的短剑,ミンフィリアの短剣,,0,0,0,1,0,0,False,65808,30412,1,1,1,3,0,0
2000462,镶有魔晶石的短剑,マテリア付の短剣,,0,0,0,1,0,0,False,65808,30412,1,1,1,3,0,0
2000463,黄昏卷饼,上等なプレッツェル,,0,0,0,1,0,0,False,66207,24001,1,3,1,3,0,0
2000464,西米棕榈树干,サゴパームの幹,,0,0,0,1,0,0,False,0,25303,1,99,1,0,0,0
2000465,西米棕榈树种,サゴパームの種,,0,0,0,1,0,0,False,0,25017,1,99,1,0,0,0
2000466,枯叶,しなびた葉,,0,0,0,1,0,0,False,0,25201,1,99,1,0,0,0
2000467,旅神葵的花萼,オシュオンローゼルのガク,,0,0,0,1,0,0,False,0,25202,1,99,1,0,0,0
2000468,椰子果实,椰子の実,,0,0,0,1,0,0,False,0,25315,1,99,1,0,0,0
2000469,肮脏的砖块,薄汚れたレンガ,,0,0,0,1,0,0,False,0,22609,1,99,1,0,0,0
2000470,坚硬的砖块,硬いレンガ,,0,0,0,1,0,0,False,0,21251,1,99,1,0,0,0
2000471,风化的岩盘碎片,風化した岩盤の欠片,,0,0,0,1,0,0,False,0,21206,1,99,1,0,0,0
2000472,坚硬的岩盘碎片,硬い岩盤の欠片,,0,0,0,1,0,0,False,0,21205,1,99,1,0,0,0
2000473,优质黄铜矿,良質の黄銅鉱,,0,0,0,1,0,0,False,0,21207,1,99,1,0,0,0
2000474,低纯度铜矿,低純度の銅鉱,,0,0,0,1,0,0,False,0,21209,1,99,1,0,0,0
2000475,肮脏的砖块,薄汚れたレンガ,,0,0,0,1,0,0,False,0,22609,1,99,1,0,0,0
2000476,坚硬的砖块,硬いレンガ,,0,0,0,1,0,0,False,0,21251,1,99,1,0,0,0
2000477,岩石样本,サンプル用の岩石,,0,0,0,1,0,0,False,0,21455,1,99,1,0,0,0
2000478,矿石样本,サンプル用の鉱石,,0,0,0,1,0,0,False,0,21203,1,99,1,0,0,0
2000479,褐色的石块,茶色の石塊,,0,0,0,1,0,0,False,0,21206,1,99,1,0,0,0
2000480,优质锌矿,良質の亜鉛鉱,,0,0,0,1,0,0,False,0,21210,1,99,1,0,0,0
2000481,肮脏的石材,薄汚れた石材,,0,0,0,1,0,0,False,0,21454,1,99,1,0,0,0
2000482,漂亮的石材,綺麗な石材,,0,0,0,1,0,0,False,0,22615,1,99,1,0,0,0
2000483,岩石样本,サンプル用の岩石,,0,0,0,1,0,0,False,0,21454,1,99,1,0,0,0
2000484,矿石样本,サンプル用の鉱石,,0,0,0,1,0,0,False,0,21202,1,99,1,0,0,0
2000485,毒蜥蜴的蜕皮,ペイストの薄皮,,0,0,0,1,0,0,False,0,21822,1,99,1,0,0,0
2000486,风化的岩盘碎片,風化した岩盤の欠片,,0,0,0,1,0,0,False,0,21206,1,99,1,0,0,0
2000487,坚硬的岩盘碎片,硬い岩盤の欠片,,0,0,0,1,0,0,False,0,21205,1,99,1,0,0,0
2000488,岩石样本,サンプル用の岩石,,0,0,0,1,0,0,False,0,21455,1,99,1,0,0,0
2000489,矿石样本,サンプル用の鉱石,,0,0,0,1,0,0,False,0,21211,1,99,1,0,0,0
2000490,土之力岩石,アースパワーストーン,,0,0,0,1,0,0,False,0,21456,1,99,1,0,0,0
2000491,墓石用石材,墓石用の石材,,0,0,0,1,0,0,False,0,21251,1,99,1,0,0,0
2000492,红褐色岩石,赤茶けた岩石,,0,0,0,1,0,0,False,0,21467,1,99,1,0,0,0
2000493,蕴含魔力的岩石,魔力を帯びた岩石,,0,0,0,1,0,0,False,0,21469,1,99,1,0,0,0
2000494,钝色的砂砾,輝きのない砂利,,0,0,0,1,0,0,False,0,22629,1,99,1,0,0,0
2000495,闪光的砂砾,わずかに輝く砂利,,0,0,0,1,0,0,False,0,22629,1,99,1,0,0,0
2000496,苔藓覆盖的石材,苔むした石材,,0,0,0,1,0,0,False,0,21252,1,99,1,0,0,0
2000497,优质的粉砂岩,良質のシルト岩,,0,0,0,1,0,0,False,0,21453,1,99,1,0,0,0
2000498,石壁用石材,石壁用の石材,,0,0,0,1,0,0,False,0,21251,1,99,1,0,0,0
2000499,积土的岩石,土まみれの石,,0,0,0,1,0,0,False,0,21206,1,99,1,0,0,0
2000500,刻字的岩石,文字が刻まれた石,,0,0,0,1,0,0,False,0,21307,1,99,1,0,0,0
2000501,酿造库用的燧石,醸造庫用の火打石,,0,0,0,1,0,0,False,0,21451,1,99,1,0,0,0
2000502,石壁的碎片,石壁の欠片,,0,0,0,1,0,0,False,0,21251,1,99,1,0,0,0
2000503,镇守灯笼用的石材,守灯籠用の石材,,0,0,0,1,0,0,False,0,21251,1,99,1,0,0,0
2000504,褐色的小碎片,茶色に輝く小石,,0,0,0,1,0,0,False,0,21458,1,99,1,0,0,0
2000505,绿色的小碎片,緑色に輝く小石,,0,0,0,1,0,0,False,0,21459,1,99,1,0,0,0
2000506,优质的铁矿,良質の鉄鉱,,0,0,0,1,0,0,False,0,21202,1,99,1,0,0,0
2000507,古代的贝壳,古代の貝殻,,0,0,0,1,0,0,False,0,22253,1,99,1,0,0,0
2000508,莫拉比牡蛎,モラビーオイスター,,0,0,0,1,0,0,False,0,29015,1,99,1,0,0,0
2000509,罗罗特恩的名片,宝石商ロロトンの名刺,,0,0,0,1,0,0,False,66153,25918,1,1,1,3,0,0
2000510,洞山羊里脊,ミオトラグスのサーロイン,,0,0,0,1,0,0,False,66160,25152,1,5,1,3,0,0
2000511,土针鼹肉,ツコツコの肉,,0,0,0,1,0,0,False,66167,25155,1,5,1,3,0,0
2000512,船长室的钥匙,船長室の鍵,,0,0,0,1,0,0,False,0,25902,1,1,1,0,0,0
2000513,海人门的钥匙,海人門の鍵,,0,0,0,1,0,0,False,0,25903,1,1,1,0,0,0
2000514,处罚室的钥匙,懲罰房の鍵,,0,0,0,1,0,0,False,0,25904,1,1,1,0,0,0
2000515,伊桑巴德的介绍信,イセムバードの紹介状,,0,0,0,1,0,0,False,66155,25918,1,1,1,3,0,0
2000516,火元精核心,ファイアスプライトの核,,0,0,0,1,0,0,False,0,21261,1,99,1,3,0,0
2000517,准备下葬的遗体,埋葬を待つ遺体,,0,0,0,1,0,0,False,66156,26024,1,1,1,3,0,0
2000518,可疑的传单,怪しいビラ,,0,0,0,1,0,0,False,0,25906,1,1,1,3,0,0
2000519,巴德龙的草书,バデロンの走り書き,,0,0,0,1,0,0,False,66080,26153,1,1,1,3,0,0
2000520,奇怪的书简,怪しい書簡,,0,0,0,1,0,0,False,66225,26151,1,1,1,3,0,0
2000521,避难地正门的钥匙,避難地の主門の鍵,,0,0,0,1,0,0,False,0,25904,1,1,1,0,0,0
2000522,用旧的匕首,使いこまれたナイフ,,0,0,0,1,0,0,False,66079,30401,1,1,1,3,0,0
2000523,盖有罗纱的箱子,羅紗張りの箱,,0,0,0,1,0,0,False,66226,21002,1,1,1,3,0,0
2000524,运输商品,狙われた商品,,0,0,0,1,0,0,False,65792,25919,1,2,1,3,0,0
2000525,西盖尔德的水袋,シガードの水袋,,0,0,0,1,0,0,False,65853,24454,1,1,1,3,0,0
2000526,西盖尔德的皮包,シガードの革鞄,,0,0,0,1,0,0,False,65853,23001,1,1,1,3,0,0
2000527,,,,0,0,0,0,0,0,False,0,0,0,0,0,0,0,0
2000528,,,,0,0,0,0,0,0,False,0,0,0,0,0,0,0,0
2000529,,,,0,0,0,0,0,0,False,0,0,0,0,0,0,0,0
2000530,色彩鲜艳的羽毛,色鮮やかな羽,,0,0,0,1,0,0,False,0,21907,0,99,1,3,0,0
2000531,黄铁矿碎片,黄鉄鉱の欠片,,0,0,0,1,0,0,False,0,21207,0,99,1,3,0,0
2000532,柔软的毒蜥蜴粗皮,柔らかなペイストの粗皮,,0,0,0,1,0,0,False,0,21822,0,99,1,3,0,0
2000533,海月水母的鳔袋,オーレリアのバラスト袋,,0,0,0,1,0,0,False,0,29005,0,99,1,3,0,0
2000534,风元精核心,ウィンドスプライトの核,,0,0,0,1,0,0,False,0,21262,0,99,1,3,0,0
2000535,雷元精核心,ライトニングスプライトの核,,0,0,0,1,0,0,False,0,21265,0,99,1,3,0,0
2000536,掉落的货物,落ちた積荷,,0,0,0,1,0,0,False,0,21003,0,99,1,3,0,0
2000537,骗来的贵金属,隠された貴金属,,0,0,0,1,0,0,False,0,21002,0,99,1,3,0,0
2000538,渡渡鸟腐肉,ドードーの腐肉,,0,0,0,1,0,0,False,0,25158,0,99,1,3,0,0
2000539,古代的土器,古代の土器,,0,0,0,1,0,0,False,0,25055,0,99,1,3,0,0
2000540,偏属性水晶,偏属性クリスタル,,0,0,0,1,0,0,False,0,20664,0,99,1,3,0,0
2000541,新鲜的低地葡萄,新鮮なローランドグレープ,,0,0,0,1,0,0,False,0,25309,0,99,1,3,0,0
2000542,妖花的种子,妖花の種,,0,0,0,1,0,0,False,0,25919,0,99,1,3,0,0
2000543,渡渡鸟的种蛋,ドードーの有精卵,,0,0,0,1,0,0,False,0,25251,0,99,1,3,0,0
2000544,试饮用的麦酒,試飲用のエール,,0,0,0,1,0,0,False,0,25057,0,99,1,3,0,0
2000545,漂流的酒瓶,漂着したワイン,,0,0,0,1,0,0,False,0,25057,0,99,1,3,0,0
2000546,特制镇定药,特製の沈静薬,,0,0,0,1,0,0,False,0,20625,1,99,1,1,0,0
2000547,爆弹怪的中指,ボムの中指,,0,0,0,1,0,0,False,0,30351,1,99,1,3,0,0
2000548,初萤,初蛍,,0,0,0,1,0,0,False,0,25919,1,99,1,3,0,0
2000549,火元精核心,ファイアスプライトの核,,0,0,0,1,0,0,False,0,21261,1,99,1,3,0,0
2000550,妖红花的花粉块,ローズリングの花粉塊,,0,0,0,1,0,0,False,0,25919,1,99,1,3,0,0
2000551,鬼火种,鬼火の種,,0,0,0,1,0,0,False,0,25911,1,99,1,3,0,0
2000552,妖异全集«滴落腐液的怪物»之页,妖異全集「腐汁滴らせし者」の頁,,0,0,0,1,0,0,False,0,26151,0,99,1,3,0,0
2000553,妖异全集«暗夜潜行的怪物»之页,妖異全集「闇夜を歩きし者」の頁,,0,0,0,1,0,0,False,0,26151,0,99,1,3,0,0
2000554,妖异全集«烈焰旺盛的怪物»之页,妖異全集「燃えさかりし者」の頁,,0,0,0,1,0,0,False,0,26151,0,99,1,3,0,0
2000555,妖异全集«烈焰高涨的怪物»之页,妖異全集「燃えあがりし者」の頁,,0,0,0,1,0,0,False,0,26151,0,99,1,3,0,0
2000556,蔓德拉的双叶,マンドラゴラの双葉,,0,0,0,1,0,0,False,0,25009,1,99,1,3,0,0
2000557,鹈鹕肉,ペリカンの肉,,0,0,0,1,0,0,False,0,25155,1,99,1,3,0,0
2000558,流光水晶,発光性クリスタル,,0,0,0,1,0,0,False,0,20664,1,99,1,3,0,0
2000559,魔导通信机,商談用の魔導通信機,,0,0,0,1,0,0,False,0,21002,1,99,1,3,0,0
2000560,雷元精核心,ライトニングスプライトの核,,0,0,0,1,0,0,False,0,21265,1,99,1,3,0,0
2000561,虹蝶贝,虹蝶貝,,0,0,0,1,0,0,False,0,22254,0,99,1,0,0,0
2000562,关于地灵族的记录,コボルド族に関する覚書き,,0,0,0,1,0,0,False,66022,25918,1,1,1,3,0,0
2000563,,,,0,0,0,0,0,0,False,0,0,0,0,0,0,0,0
2000564,,,,0,0,0,0,0,0,False,0,0,0,0,0,0,0,0
2000565,魔力圣火像,聖火の彫像,,0,0,0,1,0,0,False,0,26018,1,1,1,0,0,0
2000566,智慧果实像,葡萄の彫像,,0,0,0,1,0,0,False,0,26016,1,1,1,0,0,0
2000567,财富金刚像,金剛の彫像,,0,0,0,1,0,0,False,0,26017,1,1,1,0,0,0
2000568,武力头盔像,大兜の彫像,,0,0,0,1,0,0,False,0,26019,1,1,1,0,0,0
2000569,特制香烩时蔬,,,0,0,0,1,0,0,False,65547,24108,1,1,1,3,0,0
2000570,盖娃的项环,,,0,0,0,1,0,0,False,0,54840,1,1,1,3,0,0
2000571,琥珀色药液,飴色の薬液,,0,0,0,1,0,0,False,66246,20644,1,1,1,3,0,0
2000572,狩猎工具箱,狩猟用道具箱,,0,0,0,1,0,0,False,66248,21003,1,3,1,3,0,0
2000573,乳根,ミルクルート,,0,0,0,1,0,0,False,66251,21005,1,1,1,3,0,0
2000574,给族长的亲笔信,長老宛の親書,,0,0,0,1,0,0,False,66251,25918,1,1,1,3,0,0
2000575,小手杖,小さな杖,,0,0,0,1,0,0,False,66252,32403,1,1,1,3,0,0
2000576,新绿嫩叶,新緑の若葉,,0,0,0,1,0,0,False,66252,25016,1,3,1,3,0,0
2000577,红菇,トレントのどんぐり,,0,0,0,1,0,0,False,66254,25406,1,5,1,3,0,0
2000578,补给品清单,補給品目録,,0,0,0,1,0,0,False,66255,26151,1,1,1,3,0,0
2000579,绢丝,絹糸,,0,0,0,1,0,0,False,66259,21657,1,3,1,3,0,0
2000580,空木桶,空の木桶,,0,0,0,1,0,0,False,66262,22637,1,1,1,3,0,0
2000581,装有冷水的木桶,冷水入りの木桶,,0,0,0,1,0,0,False,66262,22642,1,1,1,3,0,0
2000582,羚羊的内脏,アンテロープの臓物,,0,0,0,1,0,0,False,66264,25919,1,4,1,3,0,0
2000583,妖花花瓣,妖花の花弁,,0,0,0,1,0,0,False,66264,22627,1,2,1,3,0,0
2000584,,,,0,0,0,0,0,0,False,0,0,0,0,0,0,0,0
2000585,沾满泥土的土器,泥まみれの土器,,0,0,0,1,0,0,False,66267,22603,1,8,1,3,0,0
2000586,火壶,火炎壺,,0,0,0,1,0,0,False,66268,25051,1276,3,1,1,0,3
2000587,红石耳饰,紅石の耳飾り,,0,0,0,1,0,0,False,66269,55216,1,1,1,3,0,0
2000588,空桶,空き樽,,0,0,0,1,0,0,False,66270,22261,1,1,1,3,0,0
2000589,装有清水的桶,清水入りの樽,,0,0,0,1,0,0,False,66270,22261,1,1,1,3,0,0
2000590,长须豹幼崽的胡须,クァール・パップの髭,,0,0,0,1,0,0,False,66270,25919,1,5,1,3,0,0
2000591,手工熟食套餐,お手製卵弁当,,0,0,0,1,0,0,False,66271,22641,1,1,1,3,0,0
2000592,细长的化石,細長い化石,,0,0,0,1,0,0,False,66272,22202,1,2,1,3,0,0
2000593,圆形的化石,丸い化石,,0,0,0,1,0,0,False,66272,22256,1,1,1,3,0,0
2000594,卢恩浊酒,キキルン濁酒,,0,0,0,1,0,0,False,66273,24402,1,1,1,3,0,0
2000595,阿泽玛玫瑰精油,アーゼマローズの香油,,0,0,0,1,0,0,False,66279,20663,1,1,1,3,0,0
2000596,妖精族的亲笔信,シルフ族の親書,,0,0,0,1,0,0,False,66280,26151,1,1,1,3,0,0
2000597,空瓶,,,0,0,0,1,0,0,False,66281,20642,1,3,1,1,0,0
2000598,血蚤的鲜血,,,0,0,0,1,0,0,False,66281,20641,1,3,1,3,0,0
2000599,手工稻草人,手製のカカシ,,0,0,0,1,0,0,False,66285,21003,1,4,1,3,0,0
2000600,毛球的鲜血,ファーブルの生血,,0,0,0,1,0,0,False,66287,22601,1,3,1,3,0,0
2000601,无法解读的信,怪しい紙片(仮),,0,0,0,1,0,0,False,66288,25918,1,1,1,3,0,0
2000602,给巧巧佐的报告,キョキョゾ宛の報告書,,0,0,0,1,0,0,False,66289,26151,1,1,1,3,0,0
2000603,给高风飞行社的请愿书,ハイウィンド飛空社宛の嘆願書,,0,0,0,1,0,0,False,66291,26151,1,1,1,3,0,0
2000604,小火种,小さな火種,,0,0,0,1,0,0,False,66292,25911,1,1,1,3,0,0
2000605,仙人刺的果实,サボテンの実,,0,0,0,1,0,0,False,66295,25310,1,5,1,3,0,0
2000606,纳尔札尔圣水,ナルザルの聖水,,0,0,0,1,0,0,False,66296,22614,306,1,1,3,0,0
2000607,萨纳兰红茶,ザナラーン紅茶,,0,0,0,1,0,0,False,66297,24405,1,3,1,3,0,0
2000608,黑衣苹果,シュラウドアップル,,0,0,0,1,0,0,False,66304,25308,1,6,1,3,0,0
2000609,埋枝战斧,バウバリーの戦斧,,0,0,0,1,0,0,False,66307,31408,1,1,1,3,0,0
2000610,紫苏叶,ペリラリーフ,,0,0,0,1,0,0,False,66309,25201,1,1,1,3,0,0
2000611,姆恩·图伊酱汁,ムントゥイソース,,0,0,0,1,0,0,False,66309,25054,1,1,1,3,0,0
2000612,羚羊的大角,アンテロープの大角,,0,0,0,1,0,0,False,66310,22204,1,4,1,3,0,0
2000613,去脓药膏,手製の化膿止め,,0,0,0,1,0,0,False,66310,22603,1,1,1,3,0,0
2000614,梅弗里德的推荐信,グンドバルド宛の手紙,,0,0,0,1,0,0,False,66312,25918,1,1,1,3,0,0
2000615,毒蜥蜴的毒液,ペイストの毒液,,0,0,0,1,0,0,False,66316,20661,1,1,1,3,0,0
2000616,爆破用炸药,採掘用の発破,,0,0,0,1,0,0,False,66323,26015,1276,1,1,1,0,3
2000617,带电结晶,雷気を放つ結晶,,0,0,0,1,0,0,False,66323,20005,1,5,1,3,0,0
2000618,客房的小钥匙,コルク亭の鍵(仮),,0,0,0,1,0,0,False,66324,25904,1,1,1,3,0,0
2000619,秋瓜浮村报告,調査報告資料(仮),,0,0,0,1,0,0,False,66325,26151,1,1,1,3,0,0
2000620,走味的麦酒,木の栄養剤(仮),,0,0,0,1,0,0,False,66326,20643,1,3,1,3,0,0
2000621,封魔壶,封魔の壺,,0,0,0,1,0,0,False,66327,22603,1,1,1,1,0,0
2000622,活体魂石,ゴーレム壺（核入り）(仮),,0,0,0,1,0,0,False,66327,22618,1,1,1,3,0,0
2000623,陆行鸟毛掸子,羽箒(仮),,0,0,0,1,0,0,False,66328,21901,1,2,1,3,0,0
2000624,小小的密封信,ゴゴラタの封書(仮),,0,0,0,1,0,0,False,66330,25918,1,1,1,3,0,0
2000625,戈戈拉塔的商品,ゴゴラタの商売道具(仮),,0,0,0,1,0,0,False,66331,21003,1,1,1,3,0,0
2000626,艾尔温的手工盒饭,山師のお弁当(仮),,0,0,0,1,0,0,False,66332,22641,1,3,1,3,0,0
2000627,开山工油灯,空のランプ(仮),,0,0,0,1,0,0,False,66333,21003,1,1,1,1,0,0
2000628,气球怪油灯,ボムの燃料入りランプ(仮),,0,0,0,1,0,0,False,66333,21003,1,2,1,3,0,0
2000629,开山工踏台,脚立(仮),,0,0,0,1,0,0,False,66334,21003,1,3,1,3,0,0
2000630,白百合纽扣,白百合紋のボタン,,0,0,0,1,0,0,False,66336,25917,1,1,1,3,0,0
2000631,毒蟾魔菇伞,トードスツールの胞子(仮),,0,0,0,1,0,0,False,66340,25407,1,5,1,3,0,0
2000632,特制玻璃瓶,空の保存壺(仮),,0,0,0,1,0,0,False,66341,22606,1,1,1,1,0,0
2000633,活体雷元精,ライトニングスプライト保存壺(仮),,0,0,0,1,0,0,False,66341,22606,1,1,1,3,0,0
2000634,萌芽池的水,芽吹き池の水(仮),,0,0,0,1,0,0,False,66342,22614,1,3,1,3,0,0
2000635,,,,0,0,0,0,0,0,False,0,0,0,0,0,0,0,0
2000636,大个的鲱鱼,大ぶりのヘリング,,0,0,0,1,0,0,False,66348,29010,1,1,1,3,0,0
2000637,夜蟾蜍腿肉,トードのモモ肉,,0,0,0,1,0,0,False,66348,25154,1,1,1,3,0,0
2000638,红菇,ベニイロタケ,,0,0,0,1,0,0,False,66351,25406,1,1,1,3,0,0
2000639,黄沙香,ウルダハスパイス(仮),,0,0,0,1,0,0,False,66353,23001,1,1,1,3,0,0
2000640,掉落的木材,木材(仮),,0,0,0,1,0,0,False,66354,22453,1,3,1,3,0,0
2000641,精金龟的巨蛋,アダマンタスの大卵,,0,0,0,1,0,0,False,66355,25251,1,1,1,3,0,0
2000642,火蛟的鲜血,ドレイクの鮮血,,0,0,0,1,0,0,False,66356,22601,1,7,1,3,0,0
2000643,染血的战戈,血濡れのギザルメ,,0,0,0,1,0,0,False,66357,31817,1,1,1,3,0,0
2000644,蛮风首饰,蛮風の首飾り,,0,0,0,1,0,0,False,66357,54832,1,1,1,3,0,0
2000645,鮟鱇的尸体,アングラーの死体,,0,0,0,1,0,0,False,66358,25919,1,1,1,3,0,0
2000646,盲头蟹的爪子,ヤーゾンの歯(仮),,0,0,0,1,0,0,False,66361,22259,1,6,1,3,0,0
2000647,大麻袋,麻袋(仮),,0,0,0,1,0,0,False,66366,22029,1,3,1,1,0,0
2000648,装有鮟鱇的麻袋,アングラー入り麻袋(仮),,0,0,0,1,0,0,False,66366,25919,1,3,1,3,0,0
2000649,玛瑙白兰地,オニキスブランデー,,0,0,0,1,0,0,False,66367,25057,1,1,1,3,0,0
2000650,装肉的麻袋,食料が入った袋(仮),,0,0,0,1,0,0,False,66369,25919,1,5,1,3,0,0
2000651,6星司火药,爆薬(仮),,0,0,0,1,0,0,False,66371,25919,1276,3,1,1,0,3
2000652,狮子徽章,戦士のメダル(仮),,0,0,0,1,0,0,False,66374,25917,1,3,1,3,0,0
2000653,开胃酒订单,食前酒の注文票,,0,0,0,1,0,0,False,66375,25918,1,1,1,3,0,0
2000654,优质木塞原材,上質のコルク材(仮),,0,0,0,1,0,0,False,66378,22454,1,5,1,3,0,0
2000655,洛马尼的红酒,ローマニのワイン,,0,0,0,1,0,0,False,66381,25057,1,1,1,3,0,0
2000656,丛林长须豹的粗皮,ジャングルクァールの粗皮,,0,0,0,1,0,0,False,66383,21817,1,4,1,3,0,0
2000657,椰子酒,ココナッツワイン,,0,0,0,1,0,0,False,66384,25315,1,3,1,3,0,0
2000658,酒神葡萄的树枝,ブドウの苗(仮),,0,0,0,1,0,0,False,66386,22417,1,1,1,3,0,0
2000659,酒神之酒,バッカスグレープの枝,,0,0,0,1,0,0,False,66386,25057,1,1,1,3,0,0
2000660,风元精核心,ウィンドスプライトの核(仮),,0,0,0,1,0,0,False,66387,21262,1,3,1,3,0,0
2000661,旅神葵花束,コリブリの好きな蜜(仮),,0,0,0,1,0,0,False,66388,25022,1,4,1,3,0,0
2000662,三大美味,三大珍味の料理,,0,0,0,1,0,0,False,66390,22261,1,3,1,3,0,0
2000663,鲜艳的花朵,鮮やかな花々,,0,0,0,1,0,0,False,66390,22631,1,3,1,3,0,0
2000664,酒神之酒,バッカスの酒杯,,0,0,0,1,0,0,False,66390,25057,1,2,1,3,0,0
2000665,布拉乌吉巴尔的归队申请,上官への手紙(仮),,0,0,0,1,0,0,False,66394,25918,1,1,1,3,0,0
2000666,大个的暖水鳟,川魚(仮),,0,0,0,1,0,0,False,66395,29204,1,1,1,3,0,0
2000667,大号盐烤公主鳟,焼き魚(仮),,0,0,0,1,0,0,False,66395,24301,1,3,1,3,0,0
2000668,巨像兵的魂石,ゴーレムの核(仮),,0,0,0,1,0,0,False,66397,21202,1,1,1,3,0,0
2000669,迅猛龙的钩爪,ハネトカゲの爪(仮),,0,0,0,1,0,0,False,66398,22301,1,3,1,3,0,0
2000670,巨大的麻袋,狩猟網(仮),,0,0,0,1,0,0,False,66399,22029,1,1,1,1,0,0
2000671,装长须豹的麻袋,クァール入り網(仮),,0,0,0,1,0,0,False,66399,25919,1,1,1,3,0,0
2000672,小火种,爆薬(仮),,0,0,0,1,0,0,False,66401,25911,1276,3,1,1,0,3
2000673,蝾螈油,サンショウウオの油(仮),,0,0,0,1,0,0,False,66402,22603,1,4,1,3,0,0
2000674,香葡萄酒,冷たいワイン(仮),,0,0,0,1,0,0,False,66403,25057,1,1,1,3,0,0
2000675,温葡萄酒,ホットワイン(仮),,0,0,0,1,0,0,False,66403,25057,1,4,1,3,0,0
2000676,石绿湖的冷水,氷(仮),,0,0,0,1,0,0,False,66404,22614,1,3,1,3,0,0
2000677,坏掉的蒸馏器,壊れた調理器,,0,0,0,1,0,0,False,66407,25055,1,1,1,3,0,0
2000678,细头錾子,先細のタガネ,,0,0,0,1,0,0,False,66408,23103,1,1,1,3,0,0
2000679,小钳子,小さなヤットコ,,0,0,0,1,0,0,False,66408,35251,1,1,1,3,0,0
2000680,修好的怀表,修理された時計,,0,0,0,1,0,0,False,66408,21002,1,1,1,3,0,0
2000681,驱虫香,虫除け(仮),,0,0,0,1,0,0,False,66409,23001,1,4,1,3,0,0
2000682,装硬币的皮袋,司祭の集金袋(仮),,0,0,0,1,0,0,False,66411,25919,1,1,1,3,0,0
2000683,装硬币的皮袋,ゾゾルの集金袋(仮),,0,0,0,1,0,0,False,66411,25919,1,1,1,3,0,0
2000684,桂皮饼干,神父の好物(仮),,0,0,0,1,0,0,False,66411,24007,1,1,1,3,0,0
2000685,拂晓血盟成员的遗体,暁の血盟員の遺体,,0,0,0,1,0,0,False,66412,26024,1,4,1,3,0,0
2000686,诺拉克希亚的遗体,ノラクシアの遺体,,0,0,0,1,0,0,False,66412,26024,1,1,1,3,0,0
2000687,朴素的麻布,法衣の布(仮),,0,0,0,1,0,0,False,66416,21601,1,1,1,3,0,0
2000688,太阳仙人刺的肉质茎,サボテンダー・デル・ソルの果肉,,0,0,0,1,0,0,False,66417,25214,1,1,1,3,0,0
2000689,太阳之水,サボテンダージュース,,0,0,0,1,0,0,False,66417,24406,1,1,1,3,0,0
2000690,渡渡鸟腐肉,おとり肉(仮),,0,0,0,1,0,0,False,66421,24353,1,1,1,3,0,0
2000691,,,,0,0,0,0,0,0,False,0,0,0,0,0,0,0,0
2000692,,,,0,0,0,0,0,0,False,0,0,0,0,0,0,0,0
2000693,被抢走的货物,奪われた荷物,,0,0,0,1,0,0,False,66425,21003,1,1,1,3,0,0
2000694,被抢走的货物,奪われた荷物,,0,0,0,1,0,0,False,66425,21003,1,1,1,3,0,0
2000695,被抢走的货物,奪われた荷物,,0,0,0,1,0,0,False,66425,21003,1,1,1,3,0,0
2000696,被抢走的货物,奪われた荷物,,0,0,0,1,0,0,False,0,21003,1,1,1,3,0,0
2000697,给奥尔什方的信,オルシュファン宛の封書,,0,0,0,1,0,0,False,66426,25918,1,1,1,3,0,0
2000698,干柴,薪(仮),,0,0,0,1,0,0,False,66428,27281,1,8,1,3,0,0
2000699,新鲜的羊后腰肉,黒羊の肉(仮),,0,0,0,1,0,0,False,66429,25153,1,12,1,3,0,0
2000700,优质的黑羊粗皮,黒羊の毛(仮),,0,0,0,1,0,0,False,66429,21820,1,12,1,3,0,0
2000701,银色的指环,形見の指輪(仮),,0,0,0,1,0,0,False,66430,54403,1,1,1,3,0,0
2000702,钝匕首,使い込まれたナイフ(仮),,0,0,0,1,0,0,False,66434,30363,1,1,1,3,0,0
2000703,雪地白狼的粗皮,白銀の毛皮(仮),,0,0,0,1,0,0,False,66435,21819,1,4,1,3,0,0
2000704,强韧的粗草绳,羊捕獲ロープ(仮),,0,0,0,1,0,0,False,66437,26103,1,1,1,3,0,0
2000705,被绑住的塞巴斯蒂安,捕獲された羊(仮),,0,0,0,1,0,0,False,66437,21003,1,1,1,3,0,0
2000706,小火种,火種(仮),,0,0,0,1,0,0,False,66438,25911,1,5,1,3,0,0
2000707,黑衣紫杉原木,フォールゴウトの木材(仮),,0,0,0,1,0,0,False,66440,22401,1,1,1,3,0,0
2000708,给伊索多雷尔的信,傭兵隊長への手紙(仮),,0,0,0,1,0,0,False,66441,26151,1,1,1,3,0,0
2000709,爆弹怪的中指,爆弾(仮),,0,0,0,1,0,0,False,66444,30351,1,1,1,3,0,0
2000710,给贝尔蒙特的信,イクサルについての調査書(仮),,0,0,0,1,0,0,False,66445,26151,1,1,1,3,0,0
2000711,龙眼念锁,竜眼の祈鎖(仮),,0,0,0,1,0,0,False,66447,21002,1,2,1,3,0,0
2000712,学者装束概论,霊妖花の若葉（仮）,,0,0,0,1,0,0,False,0,20601,1,1,1,3,0,0
2000713,灵妖花的嫩叶,学者の研究資料（仮）,,0,0,0,1,0,0,False,0,20601,1,1,1,3,0,0
2000714,精炼过的青磷水,青燐水原液(仮),,0,0,0,1,0,0,False,0,22606,1,1,1,3,0,0
2000715,妮美雅百合花束,花(仮),,0,0,0,1,0,0,False,66457,22627,1,1,1,3,0,0
2000716,圣达奈芬酒,ドラゴンヘッドの酒(仮),,0,0,0,1,0,0,False,66449,25057,1,1,1,3,0,0
2000717,水晶珠,恋人の遺品(仮),,0,0,0,1,0,0,False,66450,21280,1,3,1,3,0,0
2000718,秘银念锁,ロザリオ(仮),,0,0,0,1,0,0,False,66451,25919,1,1,1,3,0,0
2000719,破旧的书本,怪しげな古書(仮),,0,0,0,1,0,0,False,66452,26002,1,1,1,3,0,0
2000720,观测记录«1572年第6卷»,観測記録「1572年第6巻」,,0,0,0,1,0,0,False,66453,26002,1,1,1,3,0,0
2000721,奥尔什方的密封信,オルシュファンの封書,,0,0,0,1,0,0,False,66453,25918,1,1,1,3,0,0
2000722,弗朗塞尔的密封信,フランセルの封書,,0,0,0,1,0,0,False,66453,25918,1,1,1,3,0,0
2000723,艾因哈特家的信件,アインハルト家の書簡,,0,0,0,1,0,0,False,66462,26151,1,1,1,3,0,0
2000724,泥沼蝾螈的尾肉,マッドパピーの尾肉,,0,0,0,1,0,0,False,66463,25152,1,1,1,3,0,0
2000725,泥沼蝾螈肉排,パピーステーキ,,0,0,0,1,0,0,False,66463,24352,1,3,1,3,0,0
2000726,异端者的遗物,異端者の荷物(仮),,0,0,0,1,0,0,False,66464,25919,1,1,1,3,0,0
2000727,×大審門の瓦礫（未使用）,,,0,0,0,1,0,0,False,0,21003,1,1,1,3,0,0
2000728,毛丝栗鼠的兽脂,グリフォンの獣油(仮),,0,0,0,1,0,0,False,66468,22603,1,4,1,3,0,0
2000729,龙族的甲鳞,ドラゴンの鱗(仮),,0,0,0,1,0,0,False,66469,22251,1,1,1,3,0,0
2000730,老鼠的尸体,ネズミの死骸(仮),,0,0,0,1,0,0,False,66470,25919,1,1,1,3,0,0
2000731,乌尔达哈炼金药,高価な薬(仮),,0,0,0,1,0,0,False,66471,20646,1,1,1,3,0,0
2000732,冰元精核心,アイススプライトの核,,0,0,0,1,0,0,False,66473,21266,1,6,1,3,0,0
2000733,染血的任命书,血塗られた書簡,,0,0,0,1,0,0,False,66475,26151,1,1,1,3,0,0
2000734,破损的武器,壊れた武器(仮),,0,0,0,1,0,0,False,66478,30435,1,5,1,3,0,0
2000735,强化狂热药,温まる薬(仮),,0,0,0,1,0,0,False,66479,20663,1,1,1,3,0,0
2000736,地下牢狱的钥匙,牢獄のカギ(仮),,0,0,0,1,0,0,False,66480,25903,1,1,1,3,0,0
2000737,钢铁碎冰镐,雪割りツルハシ(仮),,0,0,0,1,0,0,False,66484,38001,1,1,1,3,0,0
2000738,急救用白兰地,補給物資(仮),,0,0,0,1,0,0,False,66486,25057,1,1,1,3,0,0
2000739,强韧的粗草绳,ロープ(仮),,0,0,0,1,0,0,False,66487,26103,1,1,1,3,0,0
2000740,素烧壶,素焼きの壺,,0,0,0,1,0,0,False,66490,22603,1,1,1,3,0,0
2000741,绝灵壶,絶霊体の壺,,0,0,0,1,0,0,False,66491,22603,1,1,1,3,0,0
2000742,采石用大锤,採石用モール,,0,0,0,1,0,0,False,66492,38051,1,1,1,3,0,0
2000743,金羊毛球的鲜血,超フワフワ白粉(仮),,0,0,0,1,0,0,False,66493,22601,1,5,1,3,0,0
2000744,水晶石英,クリスタルクォーツ(仮),,0,0,0,1,0,0,False,66494,20664,1,5,1,3,0,0
2000745,黄金羽毛,黄金色の羽根,,0,0,0,1,0,0,False,66497,21901,1,1,1,3,0,0
2000746,空酒瓶,空瓶(仮),,0,0,0,1,0,0,False,66501,25057,1,1,1,3,0,0
2000747,遇难船上的酒,ワインの入った瓶(仮),,0,0,0,1,0,0,False,66501,25057,1,1,1,3,0,0
2000748,东方的香料,スパイス(仮),,0,0,0,1,0,0,False,66502,25919,1,1,1,3,0,0
2000749,花蜜香水,花蜜の香料(仮),,0,0,0,1,0,0,False,66506,20623,1,1,1,3,0,0
2000750,妖精铃兰的种子,植物の種(仮),,0,0,0,1,0,0,False,66506,25919,1,3,1,3,0,0
2000751,风元精核心,ウィンドスプライトの核（仮）,,0,0,0,1,0,0,False,66509,21262,1,4,1,3,0,0
2000752,赤心石,赤心石,,0,0,0,1,0,0,False,66510,21253,1,1,1,3,0,0
2000753,偏属性水晶,偏属性クリスタル,,0,0,0,1,0,0,False,66511,20649,1,1,1,3,0,0
2000754,,,,0,0,0,0,0,0,False,0,0,0,0,0,0,0,0
2000755,,,,0,0,0,0,0,0,False,0,0,0,0,0,0,0,0
2000756,外灵质触媒,ウィスプの結晶(仮),,0,0,0,1,0,0,False,66523,25919,1,1,1,3,0,0
2000757,离子电触媒,ウィスプの巨大結晶(仮),,0,0,0,1,0,0,False,66523,25919,1,9,1,3,0,0
2000758,废弃物资,詰められていた資材(仮),,0,0,0,1,0,0,False,66525,21003,1,3,1,3,0,0
2000759,精美的密封信,α宛の手紙(仮),,0,0,0,1,0,0,False,66527,25918,1,1,1,3,0,0
2000760,贴花的密封信,β宛の手紙(仮),,0,0,0,1,0,0,False,66527,25918,1,1,1,3,0,0
2000761,简朴的密封信,θ宛の手紙(仮),,0,0,0,1,0,0,False,66527,25918,1,1,1,3,0,0
2000762,锋利的水晶,シンボルの破片(仮),,0,0,0,1,0,0,False,66531,20649,1,4,1,3,0,0
2000763,泥沼蝾螈肝,サンショウウオの肉(仮),,0,0,0,1,0,0,False,66534,22602,1,5,1,3,0,0
2000764,纠缠杉叶藻的根,モードゥナリリー(仮),,0,0,0,1,0,0,False,66535,25005,1,8,1,3,0,0
2000765,装甲外壳,装甲破片(仮),,0,0,0,1,0,0,False,66536,21003,1,8,1,3,0,0
2000766,雷波测量仪,雷波測定器,,0,0,0,1,0,0,False,66537,21002,1,1,1,3,0,0
2000767,受损的帝国军军装,傷んだ帝国軍制式兵装,,0,0,0,1,0,0,False,66539,42345,1,3,1,3,0,0
2000768,受损的帝国军头盔,傷んだ帝国軍制式兜,,0,0,0,1,0,0,False,66539,40128,1,3,1,3,0,0
2000769,修复的帝国军军装,整えられた帝国軍制式兵装,,0,0,0,1,0,0,False,66539,42345,1,3,1,3,0,0
2000770,修复的帝国军头盔,整えられた帝国軍制式兜,,0,0,0,1,0,0,False,66539,40128,1,3,1,3,0,0
2000771,帝国式烟雾信号弹,帝国式発煙筒,,0,0,0,1,0,0,False,66540,25019,1,1,1,3,0,0
2000772,魔法人偶核,魔法人形のコア,,0,0,0,1,0,0,False,66541,25919,1,1,1,3,0,0
2000773,帝国军认证密钥,帝国軍認証鍵,,0,0,0,1,0,0,False,66057,26014,1,1,1,3,0,0
2000774,巨虻的翼膜,ケッドの羽(仮),,0,0,0,1,0,0,False,66547,21951,1,3,1,3,0,0
2000775,红燕首饰,ドッグタグ(仮),,0,0,0,1,0,0,False,66554,54809,1,4,1,3,0,0
2000776,手工炸弹,発破剤(仮),,0,0,0,1,0,0,False,66555,26015,1276,3,1,1,0,3
2000777,新型炼金炉破坏作战报告书,報告書(仮),,0,0,0,1,0,0,False,66556,26151,1,1,1,3,0,0
2000778,,,,0,0,0,0,0,0,False,0,0,0,0,0,0,0,0
2000779,24星司火药,発破剤(仮),,0,0,0,1,0,0,False,66558,26015,1276,1,1,1,0,3
2000780,乌氏软膏,傷薬(仮),,0,0,0,1,0,0,False,66559,22603,1,3,1,3,0,0
2000781,黑涡团补给物资,船に積む荷物1(仮),,0,0,0,1,0,0,False,66562,21003,1,1,1,3,0,0
2000782,手工炸弹,クリスタル破壊爆弾(仮),,0,0,0,1,0,0,False,66571,26015,1276,3,1,1,0,3
2000783,黑涡团军粮,補給物資(仮),,0,0,0,1,0,0,False,66567,24111,1,2,1,3,0,0
2000784,滑嫩的刺身,クラゲの刺身(仮),,0,0,0,1,0,0,False,66569,25156,1,8,1,3,0,0
2000785,石蜥蜴肉,バジリスクの肉,,0,0,0,1,0,0,False,66575,25154,1,3,1,3,0,0
2000786,清炖石蜥蜴肉,バジリスクシチュー,,0,0,0,1,0,0,False,66575,24107,1,3,1,3,0,0
2000787,恒辉队制式剑,不滅隊の剣(仮),,0,0,0,1,0,0,False,66576,21003,1,1,1,3,0,0
2000788,榴弹怪的爪子,錬金薬の元(仮),,0,0,0,1,0,0,False,66577,30351,1,1,1,3,0,0
2000789,鸡尾药,応急薬(仮),,0,0,0,1,0,0,False,66580,20684,1,4,1,3,0,0
2000790,冥鬼之眼的角膜,アーリマンの肝(仮),,0,0,0,1,0,0,False,66581,22605,1,6,1,3,0,0
2000791,白狼门通行许可证,通行許可証(仮),,0,0,0,1,0,0,False,66338,26153,1,1,1,3,0,0
2000792,学者装束概论,学者装束の研究資料(仮),,0,0,0,1,0,0,False,66636,26002,1,1,1,3,0,0
2000793,灵妖花的嫩叶,霊妖花の実(仮),,0,0,0,1,0,0,False,66636,25010,1,1,1,3,0,0
2000794,未完成的学者装束,裁断された霊絹布(仮),,0,0,0,1,0,0,False,66636,23154,1,3,1,3,0,0
2000795,阿·拓瓦·坎特的骨灰,ボロボロの布きれ(仮),,0,0,0,1,0,0,False,0,20601,1,1,1,3,0,0
2000796,训练用的木箱,訓練用の木箱,,0,0,0,1,0,0,False,65991,21003,1,1,1,3,0,0
2000797,隐藏的书卷,古代文字が刻まれた骨片(仮),,0,0,0,1,0,0,False,0,20601,1,1,1,3,0,0
2000798,全新的魔导书,新しい魔導書(仮),,0,0,0,1,0,0,False,0,20601,1,1,1,3,0,0
2000799,指令书,ク・リヒャからの指令書(仮),,0,0,0,1,0,0,False,0,20601,1,1,1,3,0,0
2000800,生鲜活鲱鱼,釣ったばかりの魚(仮),,0,0,0,1,0,0,False,0,20601,1,1,1,3,0,0
2000801,特制鳗鱼派,特製のイールパイ,,0,0,0,1,0,0,False,0,20601,1,1,1,3,0,0
2000802,塞满硬币的钱袋,硬貨の詰まった袋,,0,0,0,1,0,0,False,0,20601,1,1,1,3,0,0
2000803,奇怪的皮袋,謎めいた革袋,,0,0,0,1,0,0,False,0,20601,1,1,1,3,0,0
2000804,爱尔德吉斯的裹身裙,エルドギスのパレオ(仮),,0,0,0,1,0,0,False,0,20601,1,1,1,3,0,0
2000805,珍藏的葡萄酒,秘蔵のワイン,,0,0,0,1,0,0,False,0,20601,1,1,1,3,0,0
2000806,特制香烩时蔬,ヤニ特製のラタトゥイユ(仮),,0,0,0,1,0,0,False,0,20601,1,1,1,3,0,0
2000807,盖娃的项环,ゲヴァのチョーカー,,0,0,0,1,0,0,False,65602,54840,1,1,1,3,0,0
2000808,瑕托托的魔石,シャトトの魔石(仮),,0,0,0,1,0,0,False,66609,26009,1,1,1,3,0,0
2000809,妖异之鲜血,lv35の魔物の血(仮),,0,0,0,1,0,0,False,66610,22601,1,1,1,3,0,0
2000810,妖异之鲜血,lv40の魔物の血1(仮),,0,0,0,1,0,0,False,66611,22601,1,1,1,3,0,0
2000811,妖异之鲜血,lv40の魔物の血2(仮),,0,0,0,1,0,0,False,66611,22601,1,1,1,3,0,0
2000812,蜥蜴人的鲜血,アマルジャの血(仮),,0,0,0,1,0,0,False,66613,22601,1,1,1,3,0,0
2000813,普库诺·珀奇的护身符,プクノ・ポキのお守り(仮),,0,0,0,1,0,0,False,66621,26007,1,1,1,3,0,0
2000814,龙魔笛,竜の魔笛,,0,0,0,1,0,0,False,66606,22205,1,1,1,3,0,0
2000815,雷蛟头骨,ドラゴン眷属の頭骨,,0,0,0,1,0,0,False,66606,22201,1,1,1,3,0,0
2000816,武僧之证,星型の石(仮),,0,0,0,1,0,0,False,66597,26004,1,1,1,3,0,0
2000817,以太测量仪,lv30エーテル計測器(仮),,0,0,0,1,0,0,False,66598,21003,1,1,1,3,0,0
2000818,以太测量仪,lv40エーテル計測器(仮),,0,0,0,1,0,0,False,66599,21003,1,1,1,3,0,0
2000819,以太测量仪,ウィダルゲルドのエーテル計測器(仮),,0,0,0,1,0,0,False,66599,21003,1,1,1,3,0,0
2000820,以太测量仪,lv45エーテル計測器(仮),,0,0,0,1,0,0,False,66600,21003,1,1,1,3,0,0
2000821,亡者的遗骸,不浄な遺骸,,0,0,0,1,0,0,False,66591,20406,1,1,1,3,0,0
2000822,神秘的水晶,謎の男から受け取ったクリスタル(仮),,0,0,0,1,0,0,False,66591,26003,1,1,1,3,0,0
2000823,豆子袋,試練呼び出し用の肉(仮),,0,0,0,1,0,0,False,0,20601,1,1,1,3,0,0
2000824,龙魔笛,竜の魔笛,,0,0,0,1,0,0,False,66607,22205,1,1,1,3,0,0
2000825,,,,0,0,0,0,0,0,False,0,0,0,0,0,0,0,0
2000826,新鲜蜂蜜,採れたての蜂蜜,,0,0,0,1,0,0,False,66244,25102,1,1,1,3,0,0
2000827,深绿补剂,深緑のトニック,,0,0,0,1,0,0,False,66294,22606,1,3,1,3,0,0
2000828,歌德鸟蛋汤,バスカロン名物激辛スープ (仮),,0,0,0,1,0,0,False,66263,24111,306,1,1,3,0,0
2000829,蚁狮酸,アントリオン酸,,0,0,0,1,0,0,False,66316,22614,306,1,1,3,0,0
2000830,绿色炼金药,カニ必殺アイテム(仮),,0,0,0,1,0,0,False,66370,20683,306,1,1,3,0,0
2000831,乳根,ミルクルート,,0,0,0,1,0,0,False,66246,25005,1,1,1,3,0,0
2000832,细长的化石,細長い化石,,0,0,0,1,0,0,False,0,22202,1,1,1,3,0,0
2000833,蓝布顿巨虫肉,ラムトンウォームの肉,,0,0,0,1,0,0,False,66358,29001,1,1,1,3,0,0
2000834,,,,0,0,0,0,0,0,False,0,0,0,0,0,0,0,0
2000835,黑衣椒,シュラウドペッパー,,0,0,0,1,0,0,False,66309,25007,1,1,1,3,0,0
2000836,干燥龙息椒,乾燥ドラゴンペッパー,,0,0,0,1,0,0,False,66309,25011,1,1,1,3,0,0
2000837,绝灵壶,絶霊体の壺,,0,0,0,1,0,0,False,66492,22603,1,1,1,3,0,0
2000838,沉重的绝灵壶,重い絶霊体の壺,,0,0,0,1,0,0,False,66492,22603,1,1,1,3,0,0
2000839,绝灵壶,絶霊体の壺,,0,0,0,1,0,0,False,66495,22603,1,1,1,3,0,0
2000840,绝灵壶,絶霊体の壺,,0,0,0,1,0,0,False,66498,22603,1,1,1,3,0,0
2000841,沉重的绝灵壶,重い絶霊体の壺,,0,0,0,1,0,0,False,66503,22603,1,1,1,3,0,0
2000842,给布里塞尔的信,ブリセル宛の書簡,,0,0,0,1,0,0,False,66516,25918,1,1,1,3,0,0
2000843,特别航线许可证,特別渡航許可証,,0,0,0,1,0,0,False,66497,26153,1,1,1,3,0,0
2000844,纪念戒指,遺品の指輪(仮) ,,0,0,0,1,0,0,False,66484,54403,1,1,1,3,0,0
2000845,狂野野猪的厚肉,ワイルドホッグの肉(仮),,0,0,0,1,0,0,False,66546,25153,1,5,1,3,0,0
2000846,奥丁调查报告书,報告書(仮),,0,0,0,1,0,0,False,66548,26151,1,1,1,3,0,0
2000847,,,,0,0,0,0,0,0,False,0,0,0,0,0,0,0,0
2000848,肥嫩的刺身,クラゲの刺身(仮),,0,0,0,1,0,0,False,66570,25156,1,8,1,3,0,0
2000849,弥弥德亚式耳塞,ミミドア式耳栓,,0,0,0,1,0,0,False,66503,25919,1,1,1,3,0,0
2000850,帝国军制式剑,帝国軍制式剣,,0,0,0,1,0,0,False,66054,30407,1,1,1,3,0,0
2000851,商品包裹,オディネル宛の荷物(仮),,0,0,0,1,0,0,False,66362,23001,1,1,1,3,0,0
2000852,特级白兰地,お詫びの品(仮),,0,0,0,1,0,0,False,66459,25057,1,1,1,3,0,0
2000853,被偷走的调查记录,調査資料(仮),,0,0,0,1,0,0,False,66531,26153,1,1,1,3,0,0
2000854,强韧的粗草绳,ロープ(仮),,0,0,0,1,0,0,False,66532,26103,1,1,1,3,0,0
2000855,仙人药茶,サボテンの薬茶,,0,0,0,1,0,0,False,66295,24406,1,3,1,3,0,0
2000856,奥尔什方的信,デュランデル家への紹介状,,0,0,0,1,0,0,False,66460,25918,1,1,1,3,0,0
2000857,黑衣苹果,お供えリンゴ(仮),,0,0,0,1,0,0,False,66305,25308,1,2,1,3,0,0
2000858,弗朗塞尔的密封信,書状その2(仮),,0,0,0,1,0,0,False,66460,25918,1,1,1,3,0,0
2000859,仙人酒,サボテン酒,,0,0,0,1,0,0,False,66317,24404,1,2,1,3,0,0
2000860,黑羊的鲜血,タウルス呼び寄せ（仮）,,0,0,0,1,0,0,False,66451,22601,1,1,1,3,0,0
2000861,凄惨的尸体,無残な死体,,0,0,0,1,0,0,False,66335,26024,1,1,1,3,0,0
2000862,恶臭的胃袋,胃袋(仮),,0,0,0,1,0,0,False,66343,22602,1,1,1,3,0,0
2000863,钢铲,貝を剥がすための道具(仮),,0,0,0,1,0,0,False,66373,35403,1,3,1,3,0,0
2000864,哥布林奶酪,ゴブリンチーズ,,0,0,0,1,0,0,False,66368,24451,1,1,1,3,0,0
2000865,阿泽玛玫瑰花束,白い花束(仮),,0,0,0,1,0,0,False,66508,25023,1,1,1,3,0,0
2000866,染血的任命书,血塗られた書簡,,0,0,0,1,0,0,False,66476,26151,1,1,1,3,0,0
2000867,银色的指环,形見の指輪(仮),,0,0,0,1,0,0,False,66431,54403,1,1,1,3,0,0
2000868,长柄大锤,バールのようなもの(仮),,0,0,0,1,0,0,False,66525,38052,1,3,1,3,0,0
2000869,黑涡团补给物资,船に積む荷物2(仮),,0,0,0,1,0,0,False,66562,21003,1,1,1,3,0,0
2000870,黑涡团补给物资,船に積む荷物3(仮),,0,0,0,1,0,0,False,66562,21003,1,1,1,3,0,0
2000871,地灵祭司的铁盔,コボルドNM兜（仮),,0,0,0,1,0,0,False,66401,21002,1,1,1,3,0,0
2000872,忘忧泪,邪眼の涙,,0,0,0,1,0,0,False,0,20662,1,99,1,3,0,0
2000873,爆弹怪的无名指,ボムの薬指,,0,0,0,1,0,0,False,0,22623,0,99,1,3,0,0
2000874,大炎辉石,大炎輝石,,0,0,0,1,0,0,False,0,21468,0,99,1,3,0,0
2000875,烈焰火蛟的唾液,フレイムドレイクの可燃液,,0,0,0,1,0,0,False,0,20641,0,99,1,3,0,0
2000876,白狼的粗皮,ホワイトウルフの粗皮,,0,0,0,1,0,0,False,0,22018,0,99,1,3,0,0
2000877,汽油弹怪的小指,ナパームの小指,,0,0,0,1,0,0,False,0,22623,1,99,1,3,0,0
2000878,柔软的羊肉,柔らかな羊肉,,0,0,0,1,0,0,False,0,25153,1,99,1,3,0,0
2000879,调查植被土样,植生調査用の土,,0,0,0,1,0,0,False,0,21464,0,99,1,3,0,0
2000880,骏鹰腿肉,ヒッポグリフのモモ肉,,0,0,0,1,0,0,False,0,25152,1,99,1,3,0,0
2000881,雷蛟筋腱,ビアストのスジ肉,,0,0,0,1,0,0,False,0,25153,1,99,1,3,0,0
2000882,冰元精核心,アイススプライトの核,,0,0,0,1,0,0,False,0,21266,1,99,1,3,0,0
2000883,隐藏的书卷,古代文字が刻まれた石,,0,0,0,1,0,0,False,65996,25906,1,3,1,3,0,0
2000884,全新的魔导书,新しい魔道書,,0,0,0,1,0,0,False,65996,26002,1,1,1,3,0,0
2000885,指令书,指示書,,0,0,0,1,0,0,False,65997,25918,1,1,1,3,0,0
2000886,生鲜活鲱鱼,魚,,0,0,0,1,0,0,False,65997,29010,1,1,1,3,0,0
2000887,特制鳗鱼派,パイ,,0,0,0,1,0,0,False,65997,24305,1,1,1,3,0,0
2000888,塞满硬币的钱袋,宝石,,0,0,0,1,0,0,False,65997,26001,1,1,1,3,0,0
2000889,奇怪的皮袋,スカーフ,,0,0,0,1,0,0,False,65997,25919,1,1,1,3,0,0
2000890,爱尔德吉斯的裹身裙,袋,,0,0,0,1,0,0,False,65997,23301,1,1,1,3,0,0
2000891,珍藏的葡萄酒,酒,,0,0,0,1,0,0,False,65997,25057,1,1,1,3,0,0
2000892,小手杖,小さな杖,,0,0,0,1,0,0,False,66252,32404,1,1,1,3,0,0
2000893,修补用石材,補修用の石材,,0,0,0,1,0,0,False,0,22615,0,99,1,0,0,0
2000894,修补用优质石材,良質の補修用の石材,,0,0,0,1,0,0,False,0,22615,0,99,1,0,0,0
2000895,压缩雪块,圧雪ブロック,,0,0,0,1,0,0,False,0,29001,0,99,1,0,0,0
2000896,库尔札斯石灰岩,クルザス石灰岩,,0,0,0,1,0,0,False,0,22615,0,99,1,0,0,0
2000897,青秘银矿,青霊銀鉱,,0,0,0,1,0,0,False,0,21208,0,99,1,0,0,0
2000898,优质青秘银矿,良質の青霊銀鉱,,0,0,0,1,0,0,False,0,21208,0,99,1,0,0,0
2000899,大冰壁冰片,大氷壁の氷片,,0,0,0,1,0,0,False,0,20003,0,99,1,0,0,0
2000900,坚硬的大冰壁冰片,大氷壁の硬い氷片,,0,0,0,1,0,0,False,0,20015,0,99,1,0,0,0
2000901,白铁矿,白鉄鉱,,0,0,0,1,0,0,False,0,21216,0,99,1,0,0,0
2000902,用于修缮的石材,修繕用の石材,,0,0,0,1,0,0,False,0,22615,0,99,1,0,0,0
2000903,库尔札斯冻土,クルザスの凍土,,0,0,0,1,0,0,False,0,21203,0,99,1,0,0,0
2000904,库尔札斯永久冻土,クルザスの永久凍土,,0,0,0,1,0,0,False,0,21203,0,99,1,0,0,0
2000905,飞空战舰装甲材料,飛空戦艦の装甲材,,0,0,0,1,0,0,False,0,20953,0,99,1,0,0,0
2000906,飞空战舰超硬合金,飛空戦艦の超硬合金,,0,0,0,1,0,0,False,0,20960,0,99,1,0,0,0
2000907,遗迹水晶,遺跡のクリスタル,,0,0,0,1,0,0,False,0,20015,0,99,1,0,0,0
2000908,有划痕的亚拉戈神符石,傷ついたアラガンストーン,,0,0,0,1,0,0,False,0,21300,0,99,1,0,0,0
2000909,结晶化树根,結晶化した根,,0,0,0,1,0,0,False,0,20015,0,99,1,0,0,0
2000910,结晶化树干,結晶化した幹,,0,0,0,1,0,0,False,0,20009,0,99,1,0,0,0
2000911,库尔札斯薄荷,クルザスミント,,0,0,0,1,0,0,False,0,25016,0,99,1,0,0,0
2000912,优质库尔札斯薄荷,良質のクルザスミント,,0,0,0,1,0,0,False,0,25016,0,99,1,0,0,0
2000913,优质橡木原木,良質のオーク原木,,0,0,0,1,0,0,False,0,22401,0,99,1,0,0,0
2000914,杂草,ショートウィード,,0,0,0,1,0,0,False,0,25010,0,99,1,0,0,0
2000915,浮木树枝,流木の枝,,0,0,0,1,0,0,False,0,22416,0,99,1,0,0,0
2000916,浮木树干,流木の幹,,0,0,0,1,0,0,False,0,22401,0,99,1,0,0,0
2000917,斑点天牛,マダラカミキリ,,0,0,0,1,0,0,False,0,27002,0,99,1,0,0,0
2000918,患病的树皮,病に冒された樹皮,,0,0,0,1,0,0,False,0,22418,0,99,1,0,0,0
2000919,笔直的树枝,真っ直ぐな枝,,0,0,0,1,0,0,False,0,22416,0,99,1,0,0,0
2000920,高地柚木原木,ハイランドチークの原木,,0,0,0,1,0,0,False,0,22403,0,99,1,0,0,0
2000921,受伤的树皮,傷ついた樹皮,,0,0,0,1,0,0,False,0,22418,0,99,1,0,0,0
2000922,刻有符号的树皮,符号が刻まれた樹皮,,0,0,0,1,0,0,False,0,22418,0,99,1,0,0,0
2000923,遗物的碎片,遺物の欠片,,0,0,0,1,0,0,False,0,21457,0,99,1,0,0,0
2000924,褪色的亚拉戈神符石,汚れたアラガンストーン,,0,0,0,1,0,0,False,0,21300,0,99,1,0,0,0
2000925,踏台用木材,足場用の木材,,0,0,0,1,0,0,False,0,22403,0,99,1,0,0,0
2000926,结晶化杂草,結晶化した下草,,0,0,0,1,0,0,False,0,20015,0,99,1,0,0,0
2000927,半结晶化树枝,半結晶化した枝,,0,0,0,1,0,0,False,0,22416,0,99,1,0,0,0
2000928,半结晶化树干,半結晶化した幹,,0,0,0,1,0,0,False,0,22410,0,99,1,0,0,0
2000929,锋利的箭头,矢（仮）,,0,0,0,1,0,0,False,66398,27241,1,3,1,3,0,0
2000930,巨像兵的魂石,石兵のソウルストーン,,0,0,0,1,0,0,False,66510,21202,1,1,1,3,0,0
2000931,绝灵壶,絶霊体の壺,,0,0,0,1,0,0,False,0,22603,1,1,1,3,0,0
2000932,偏属性水晶,重い絶霊体の壺,,0,0,0,1,0,0,False,66510,20649,1,1,1,3,0,0
2000933,龙骨,ドラゴンの骨(仮),,0,0,0,1,0,0,False,66481,22202,1,1,1,3,0,0
2000934,卫月碎片,遺物(仮),,0,0,0,1,0,0,False,66530,25919,1,1,1,3,0,0
2000935,拉尔戈护身符,ラールガーの神符,,0,0,0,1,0,0,False,66292,26151,1,1,1,3,0,0
2000936,灵魂水晶,発掘されたソウルクリスタル(仮),,0,0,0,1,0,0,False,0,20601,1,1,1,3,0,0
2000937,神秘的魔石,フェアリーの宿る石(仮),,0,0,0,1,0,0,False,0,20601,1,1,1,3,0,0
2000938,神秘的魔石,ア・トワ・カントの秘石(仮),,0,0,0,1,0,0,False,66615,26008,1,1,1,3,0,0
2000939,全新的腕套,新品のグローブ(仮),,0,0,0,1,0,0,False,66618,21611,1,1,1,3,0,0
2000940,全新的及膝裤,新品のキュロット(仮),,0,0,0,1,0,0,False,66618,21611,1,1,1,3,0,0
2000941,全新的长靴,新品のブーツ(仮),,0,0,0,1,0,0,False,66618,21611,1,1,1,3,0,0
2000942,全新的头冠,新品のサークレット(仮),,0,0,0,1,0,0,False,66618,21611,1,1,1,3,0,0
2000943,全新的长袍,新品のローブ(仮),,0,0,0,1,0,0,False,66618,21611,1,1,1,3,0,0
2000944,阿·拓瓦·坎特的骨灰,壊れた聖櫃(仮),,0,0,0,1,0,0,False,66619,25055,1,1,1,3,0,0
2000945,龙眼念锁,竜眼の祈鎖,,0,0,0,1,0,0,False,66476,21002,1,1,1,3,0,0
2000946,酒神葡萄的树叶,ブドウの葉(仮),,0,0,0,1,0,0,False,66386,25016,1,1,1,3,0,0
2000947,水晶塔雕像,信仰のシンボル完成品(仮),,0,0,0,1,0,0,False,66531,21002,1,1,1,3,0,0
2000948,亡者的骨灰,試練達成の証(仮)の灰,,0,0,0,1,0,0,False,66591,22210,1,1,1,3,0,0
2000949,不可思议的水晶,ナイトの証(仮),,0,0,0,1,0,0,False,0,20601,1,1,1,3,0,0
2000950,花蜜香水,花蜜の香料(仮),,0,0,0,1,0,0,False,66505,20644,1,1,1,3,0,0
2000951,以太测量仪,計測器(仮),,0,0,0,1,0,0,False,66597,21003,1,1,1,3,0,0
2000952,妮美雅百合花束,花(仮),,0,0,0,1,0,0,False,66624,22627,1,1,1,3,0,0
2000953,妮美雅百合花束,花(仮),,0,0,0,1,0,0,False,66626,22627,1,1,1,3,0,0
2000954,妖异之鲜血,lv45の魔物の血(仮),,0,0,0,1,0,0,False,66609,22601,1,1,1,3,0,0
2000955,鸟人的鲜血,イクサルの血（仮）,,0,0,0,1,0,0,False,66613,22601,1,1,1,3,0,0
2000956,地灵的鲜血,コボルドの血（仮),,0,0,0,1,0,0,False,66613,22601,1,1,1,3,0,0
2000957,六识之鲜血,PC種族の血（仮）,,0,0,0,1,0,0,False,66613,22601,1,1,1,3,0,0
2000958,马尔塞特特制炼金药,除草剤(仮),,0,0,0,1,0,0,False,66343,20645,306,1,1,3,0,0
2000959,蜂毒酒,蜂漬けの毒酒,,0,0,0,1,0,0,False,66351,24403,306,1,1,3,0,0
2000960,装有冷水的水瓶,硫酸(仮),,0,0,0,1,0,0,False,66397,22614,306,1,1,3,0,0
2000961,山果醋,クルザスビネガー,,0,0,0,1,0,0,False,66463,25452,306,1,1,3,0,0
2000962,香辛料炸弹,オーガヨワクナール(仮),,0,0,0,1,0,0,False,66530,25919,306,1,1,3,0,0
2000963,净化圣水,聖なる光(仮),,0,0,0,1,0,0,False,66545,22614,306,1,1,3,0,0
2000964,未完成的学者装束,裁断された霊絹布（仮）,,0,0,0,1,0,0,False,0,20601,1,1,1,3,0,0
2000965,被斩断的封印石,封印石の欠片(仮),,0,0,0,1,0,0,False,66545,21452,1,1,1,3,0,0
2000966,诺拉克希亚的遗体,イベントアイテム339(仮),,0,0,0,1,0,0,False,66414,26024,1,1,1,3,0,0
2000967,小麦酒港定期报告书,始末書(仮),,0,0,0,1,0,0,False,66680,26153,1,1,1,3,0,0
2000968,黄昏蝙蝠的翅膀,ダスクバットの飛膜(仮),,0,0,0,1,0,0,False,66681,21955,1,5,1,3,0,0
2000969,给威尔特希斯的密封信,母からの手紙(仮),,0,0,0,1,0,0,False,66682,25918,1,1,1,3,0,0
2000970,鹈鹕的毒液,コカトリスの毒(仮),,0,0,0,1,0,0,False,66684,20626,1,3,1,3,0,0
2000971,低地白葡萄酒,さしいれのお酒(仮),,0,0,0,1,0,0,False,66685,25057,1,2,1,3,0,0
2000972,桤木星,献花する花(仮),,0,0,0,1,0,0,False,66686,25008,1,1,1,3,0,0
2000973,破旧的匕首,,,0,0,0,1,0,0,False,66318,30362,1,1,1,3,0,0
2000974,赞拉克地图,,,0,0,0,1,0,0,False,66318,26151,1,1,1,3,0,0
2000975,毛绒绒补剂,フサフサトニック,,0,0,0,1,0,0,False,66287,22606,1,1,1,3,0,0
2000976,毛乎乎补剂,,,0,0,0,1,0,0,False,66493,22606,1,1,1,3,0,0
2000977,,,,0,0,0,0,0,0,False,0,0,0,0,0,0,0,0
2000978,,,,0,0,0,0,0,0,False,0,0,0,0,0,0,0,0
2000979,妖异全集«严寒冰封的怪物»之页,,,0,0,0,1,0,0,False,0,26151,0,99,1,3,0,0
2000980,中音巨鳄肉,,,0,0,0,1,0,0,False,0,25153,1,99,1,3,0,0
2000981,妖异全集«异界火焰的怪物»之页,,,0,0,0,1,0,0,False,0,26151,0,99,1,3,0,0
2000982,妖异全集«黑暗羽翼的怪物»之页,,,0,0,0,1,0,0,False,0,26151,0,99,1,3,0,0
2000983,妖异全集«尖牙利齿的怪物»之页,,,0,0,0,1,0,0,False,0,26151,0,99,1,3,0,0
2000984,泥沼蝾螈肉排,,,0,0,0,1,0,0,False,66463,24352,1,1,1,3,0,0
2000985,小钥匙,,,0,0,0,1,0,0,False,0,25904,1,99,1,0,0,0
2000986,神秘的石板,,,0,0,0,1,0,0,False,0,21470,1,99,1,0,0,0
2000987,罗薇娜的债权书,ロウェナの債権書,,0,0,0,1,0,0,False,66241,25906,1,1,1,3,0,0
2000988,朽坏的勇悍斧,朽ち果てたブラビューラ,,0,0,0,1,0,0,False,66655,21003,1,1,1,3,0,0
2000989,朽坏的无锋剑柯塔纳,朽ち果てたコルタナ,,0,0,0,1,0,0,False,66656,21003,1,1,1,3,0,0
2000990,朽坏的释法来,朽ち果てたスファライ,,0,0,0,1,0,0,False,66657,21003,1,1,1,3,0,0
2000991,朽坏的穿心枪盖博尔格,朽ち果てたゲイボルグ,,0,0,0,1,0,0,False,66658,21003,1,1,1,3,0,0
2000992,朽坏的星尘杖,朽ち果てた星屑のロッド,,0,0,0,1,0,0,False,66659,21003,1,1,1,3,0,0
2000993,朽坏的酒神杖,朽ち果てたタイラス,,0,0,0,1,0,0,False,66660,21003,1,1,1,3,0,0
2000994,朽坏的月神之弓,朽ち果てたアルテミスの弓,,0,0,0,1,0,0,False,66661,21003,1,1,1,3,0,0
2000995,朽坏的绿瞳列传,朽ち果てたウイユヴェール,,0,0,0,1,0,0,False,66662,21003,1,1,1,3,0,0
2000996,朽坏的万辞全书,朽ち果てたマダレムジエン,,0,0,0,1,0,0,False,66663,21003,1,1,1,3,0,0
2000997,矾土晶粒,アルミナ研粒,,0,0,0,1,0,0,False,66655,21204,1,1,1,3,0,0
2000998,矾土晶粒,アルミナ研粒,,0,0,0,1,0,0,False,66656,21204,1,1,1,3,0,0
2000999,矾土晶粒,アルミナ研粒,,0,0,0,1,0,0,False,66657,21204,1,1,1,3,0,0
2001000,矾土晶粒,アルミナ研粒,,0,0,0,1,0,0,False,66658,21204,1,1,1,3,0,0
2001001,矾土晶粒,アルミナ研粒,,0,0,0,1,0,0,False,66659,21204,1,1,1,3,0,0
2001002,矾土晶粒,アルミナ研粒,,0,0,0,1,0,0,False,66660,21204,1,1,1,3,0,0
2001003,矾土晶粒,アルミナ研粒,,0,0,0,1,0,0,False,66661,21204,1,1,1,3,0,0
2001004,矾土晶粒,アルミナ研粒,,0,0,0,1,0,0,False,66662,21204,1,1,1,3,0,0
2001005,矾土晶粒,アルミナ研粒,,0,0,0,1,0,0,False,66663,21204,1,1,1,3,0,0
2001006,无限城的石板,アムダプールの石板,,0,0,0,1,0,0,False,66655,26201,1,1,1,3,0,0
2001007,无限城的石板,アムダプールの石板,,0,0,0,1,0,0,False,66656,26201,1,1,1,3,0,0
2001008,无限城的石板,アムダプールの石板,,0,0,0,1,0,0,False,66657,26201,1,1,1,3,0,0
2001009,无限城的石板,アムダプールの石板,,0,0,0,1,0,0,False,66658,26201,1,1,1,3,0,0
2001010,无限城的石板,アムダプールの石板,,0,0,0,1,0,0,False,66659,26201,1,1,1,3,0,0
2001011,无限城的石板,アムダプールの石板,,0,0,0,1,0,0,False,66660,26201,1,1,1,3,0,0
2001012,无限城的石板,アムダプールの石板,,0,0,0,1,0,0,False,66661,26201,1,1,1,3,0,0
2001013,无限城的石板,アムダプールの石板,,0,0,0,1,0,0,False,66662,26201,1,1,1,3,0,0
2001014,无限城的石板,アムダプールの石板,,0,0,0,1,0,0,False,66663,26201,1,1,1,3,0,0
2001015,«大佣兵传说»,写本：大傭兵伝説,,0,0,0,1,0,0,False,66655,26002,1,1,1,3,0,0
2001016,«崔斯特拉姆之颂»,写本：トリストラムの歌,,0,0,0,1,0,0,False,66656,26002,1,1,1,3,0,0
2001017,«双豹武斗经»,写本：双豹拳闘伝,,0,0,0,1,0,0,False,66657,26002,1,1,1,3,0,0
2001018,«蕾内特福音»,写本：レネットの福音書,,0,0,0,1,0,0,False,66658,26002,1,1,1,3,0,0
2001019,«石绿湖文书»,写本：石緑湖文書,,0,0,0,1,0,0,False,66659,26002,1,1,1,3,0,0
2001020,«角尊谈话随笔»,写本：或る術士の随筆,,0,0,0,1,0,0,False,66660,26002,1,1,1,3,0,0
2001021,«基尔波特诗歌集»,写本：ギルバート詩歌集,,0,0,0,1,0,0,False,66661,26002,1,1,1,3,0,0
2001022,«绿瞳列传古本»,写本：ウイユヴェール,,0,0,0,1,0,0,False,66662,26002,1,1,1,3,0,0
2001023,«魔大战记录»,写本：魔大戦記,,0,0,0,1,0,0,False,66663,26002,1,1,1,3,0,0
2001024,伊弗利特之火,イフリートの炎,,0,0,0,1,0,0,False,66655,25911,1,1,1,3,0,0
2001025,伊弗利特之火,イフリートの炎,,0,0,0,1,0,0,False,66656,25911,1,1,1,3,0,0
2001026,伊弗利特之火,イフリートの炎,,0,0,0,1,0,0,False,66657,25911,1,1,1,3,0,0
2001027,伊弗利特之火,イフリートの炎,,0,0,0,1,0,0,False,66658,25911,1,1,1,3,0,0
2001028,伊弗利特之火,イフリートの炎,,0,0,0,1,0,0,False,66659,25911,1,1,1,3,0,0
2001029,伊弗利特之火,イフリートの炎,,0,0,0,1,0,0,False,66660,25911,1,1,1,3,0,0
2001030,伊弗利特之火,イフリートの炎,,0,0,0,1,0,0,False,66661,25911,1,1,1,3,0,0
2001031,伊弗利特之火,イフリートの炎,,0,0,0,1,0,0,False,66662,25911,1,1,1,3,0,0
2001032,伊弗利特之火,イフリートの炎,,0,0,0,1,0,0,False,66663,25911,1,1,1,3,0,0
2001033,迦楼罗之风,ガルーダの風,,0,0,0,1,0,0,False,66655,25901,1,1,1,3,0,0
2001034,迦楼罗之风,ガルーダの風,,0,0,0,1,0,0,False,66656,25901,1,1,1,3,0,0
2001035,迦楼罗之风,ガルーダの風,,0,0,0,1,0,0,False,66657,25901,1,1,1,3,0,0
2001036,迦楼罗之风,ガルーダの風,,0,0,0,1,0,0,False,66658,25901,1,1,1,3,0,0
2001037,迦楼罗之风,ガルーダの風,,0,0,0,1,0,0,False,66659,25901,1,1,1,3,0,0
2001038,迦楼罗之风,ガルーダの風,,0,0,0,1,0,0,False,66660,25901,1,1,1,3,0,0
2001039,迦楼罗之风,ガルーダの風,,0,0,0,1,0,0,False,66661,25901,1,1,1,3,0,0
2001040,迦楼罗之风,ガルーダの風,,0,0,0,1,0,0,False,66662,25901,1,1,1,3,0,0
2001041,迦楼罗之风,ガルーダの風,,0,0,0,1,0,0,False,66663,25901,1,1,1,3,0,0
2001042,泰坦之土,タイタンの黄土,,0,0,0,1,0,0,False,66655,21464,1,1,1,3,0,0
2001043,泰坦之土,タイタンの黄土,,0,0,0,1,0,0,False,66656,21464,1,1,1,3,0,0
2001044,泰坦之土,タイタンの黄土,,0,0,0,1,0,0,False,66657,21464,1,1,1,3,0,0
2001045,泰坦之土,タイタンの黄土,,0,0,0,1,0,0,False,66658,21464,1,1,1,3,0,0
2001046,泰坦之土,タイタンの黄土,,0,0,0,1,0,0,False,66659,21464,1,1,1,3,0,0
2001047,泰坦之土,タイタンの黄土,,0,0,0,1,0,0,False,66660,21464,1,1,1,3,0,0
2001048,泰坦之土,タイタンの黄土,,0,0,0,1,0,0,False,66661,21464,1,1,1,3,0,0
2001049,泰坦之土,タイタンの黄土,,0,0,0,1,0,0,False,66662,21464,1,1,1,3,0,0
2001050,泰坦之土,タイタンの黄土,,0,0,0,1,0,0,False,66663,21464,1,1,1,3,0,0
2001051,圣人泪水,ダナフェンの聖水,,0,0,0,1,0,0,False,0,22614,0,99,1,0,0,0
2001052,青磷机关部件,青燐機関の部品,,0,0,0,1,0,0,False,0,20953,0,99,1,0,0,0
2001053,毒蘑菇孢子,毒キノコの胞子,,0,0,0,1,0,0,False,0,25407,0,99,1,0,0,0
2001054,鹈鹕蛋,ペリカンの卵,,0,0,0,1,0,0,False,0,25251,0,99,1,0,0,0
2001055,妖精族的遗物,シルフ族の遺品,,0,0,0,1,0,0,False,0,26001,0,99,1,0,0,0
2001056,巨像兵的魂石,石兵のソウルストーン,,0,0,0,1,0,0,False,0,21202,0,99,1,0,0,0
2001057,接雨草花蜜,レインキャッチャーの蜜,,0,0,0,1,0,0,False,0,25105,0,99,1,0,0,0
2001058,帝国军认证密钥,,,0,0,0,1,0,0,False,0,26014,1,1,1,0,0,0
2001059,37式炸药,,,0,0,0,1,0,0,False,0,21003,1,1,1,0,0,0
2001060,帝国军认证密钥,,,0,0,0,1,0,0,False,0,26014,1,99,1,0,0,0
2001061,以太测量仪,,,0,0,0,1,0,0,False,66597,21003,1,1,1,3,0,0
2001062,以太测量仪,,,0,0,0,1,0,0,False,66598,21003,1,1,1,3,0,0
2001063,以太测量仪,,,0,0,0,1,0,0,False,66599,21003,1,1,1,3,0,0
2001064,以太测量仪,,,0,0,0,1,0,0,False,66600,21003,1,1,1,3,0,0
2001065,帝国军认证密钥,,,0,0,0,1,0,0,False,0,26014,1,1,1,0,0,0
2001066,37式炸药,,,0,0,0,1,0,0,False,0,21003,1,1,1,0,0,0
2001067,拂晓血盟成员的遗体,暁の血盟員の遺体,,0,0,0,1,0,0,False,66412,26024,1,3,1,3,0,0
2001068,守护天糖果,,,0,0,0,1,0,0,False,66704,24067,1,4,1,3,0,0
2001069,守护天糖果,,,0,0,0,1,0,0,False,66700,24067,1,4,1,3,0,0
2001070,守护天糖果,,,0,0,0,1,0,0,False,66708,24067,1,4,1,3,0,0
2001071,灯油,ランタンオイル,,0,0,0,1,0,0,False,0,20661,1,99,1,0,0,0
2001072,新鲜的泥沼陆鱼,新鮮なマッドプギル,,0,0,0,1,0,0,False,66714,25919,1,3,1,3,0,0
2001073,清澈的蝾螈油,濁りなきサラマンダー油,,0,0,0,1,0,0,False,66714,22614,1,1,1,3,0,0
2001074,受损的芙·拉敏的歌声,傷ついたフ・ラミンの歌声,,0,0,0,1,0,0,False,66715,55211,1,1,1,3,0,0
2001075,装矿石的麻袋,鉱石入りの麻袋,,0,0,0,1,0,0,False,66715,20406,1,1,1,3,0,0
2001076,芙·拉敏的歌声,フ・ラミンの歌声,,0,0,0,1,0,0,False,66715,55211,1,1,1,3,0,0
2001077,本部迁移计划书,本部移転計画書,,0,0,0,1,0,0,False,66716,25918,1,1,1,3,0,0
2001078,喀恩封魔石,カルンの封魔石,,0,0,0,1,0,0,False,66718,21208,1,1,1,3,0,0
2001079,24星司炸弹,24オンズ爆弾,,0,0,0,1,0,0,False,66719,26015,1276,3,1,3,0,3
2001080,包装好的货物,梱包された荷物,,0,0,0,1,0,0,False,66722,25916,1,4,1,3,0,0
2001081,高地茶叶,ハイランド茶葉,,0,0,0,1,0,0,False,66723,25009,1,4,1,3,0,0
2001082,环线航空票,,,0,0,0,1,0,0,False,66964,26153,1,1,1,0,0,0
2001083,干净的骨头,,,0,0,0,1,0,0,False,66826,22202,1,1,1,3,0,0
2001084,饥饿的小狗,,,0,0,0,1,0,0,False,66826,59450,1,1,1,0,0,0
2001085,×'救急キット（仮）,,,0,0,0,1,0,0,False,0,25919,1,1,1,3,0,0
2001086,长须豹的幼崽,,,0,0,0,1,0,0,False,66827,59452,1,1,1,0,0,0
2001087,鞣革制的宝物地图,,,0,0,0,1,0,0,False,0,26151,1,1,2,0,0,0
2001088,山羊革制的宝物地图,,,0,0,0,1,0,0,False,0,26151,1,1,2,0,0,0
2001089,巨蟾蜍革制的宝物地图,,,0,0,0,1,0,0,False,0,26151,1,1,2,0,0,0
2001090,野猪革制的宝物地图,,,0,0,0,1,0,0,False,0,26151,1,1,2,0,0,0
2001091,毒蜥蜴革制的宝物地图,,,0,0,0,1,0,0,False,0,26151,1,1,2,0,0,0
2001092,,,,0,0,0,0,0,0,False,0,0,0,0,0,0,0,0
2001093,超高纯度土之水晶,,,0,0,0,1,0,0,False,66735,20012,1,1,1,3,0,0
2001094,超高纯度水之水晶,,,0,0,0,1,0,0,False,66735,20008,1,1,1,3,0,0
2001095,超高纯度火之水晶,,,0,0,0,1,0,0,False,66735,20007,1,1,1,3,0,0
2001096,超高纯度风之水晶,,,0,0,0,1,0,0,False,66735,20010,1,1,1,3,0,0
2001097,烈火灵砂,,,0,0,0,1,0,0,False,66736,21456,1,1,1,3,0,0
2001098,沃土灵砂,,,0,0,0,1,0,0,False,66736,21458,1,1,1,3,0,0
2001099,灵砂的货款,,,0,0,0,1,0,0,False,66736,26001,1,1,1,3,0,0
2001100,薰风灵砂,,,0,0,0,1,0,0,False,66737,21459,1,1,1,3,0,0
2001101,清水灵砂,,,0,0,0,1,0,0,False,66737,21457,1,1,1,3,0,0
2001102,席兹的胆汁,,,0,0,0,1,0,0,False,66834,20681,1,1,1,3,0,0
2001103,鬼鮟鱇肝,,,0,0,0,1,0,0,False,66834,29002,1,1,1,3,0,0
2001104,魔界花的胃液,,,0,0,0,1,0,0,False,66834,20684,1,1,1,3,0,0
2001105,僵尸的腐肉,,,0,0,0,1,0,0,False,66834,25151,1,1,1,3,0,0
2001106,软糊怪刺身,,,0,0,0,1,0,0,False,66834,25156,1,1,1,3,0,0
2001107,违禁的梦想花,,,0,0,0,1,0,0,False,66834,21651,1,1,1,3,0,0
2001108,奈莫的巧克力,,,0,0,0,1,0,0,False,66835,26107,1,1,1,3,0,0
2001109,散发香味的小盒子,,,0,0,0,1,0,0,False,66836,26107,1,1,1,3,0,0
2001110,赫·纳恩萨的小包裹,,,0,0,0,1,0,0,False,66746,25919,1,1,1,0,0,0
2001111,贝亚坦的小包裹,,,0,0,0,1,0,0,False,66746,25919,1,1,1,0,0,0
2001112,塞文利安的小包裹,,,0,0,0,1,0,0,False,66746,25919,1,1,1,0,0,0
2001113,火元精核心,,,0,0,0,1,0,0,False,66758,21261,1,2,1,0,0,0
2001114,精铁龟的甲壳,,,0,0,0,1,0,0,False,66758,22261,1,1,1,0,0,0
2001115,蜥蜴人族的祭具,,,0,0,0,1,0,0,False,66768,21003,1,2,1,0,0,0
2001116,蜥蜴人族的供品,,,0,0,0,1,0,0,False,66768,25919,1,2,1,0,0,0
2001117,森林特产蔬菜,,,0,0,0,1,0,0,False,66793,25207,1,8,1,3,0,0
2001118,魔界花的胆汁,,,0,0,0,1,0,0,False,66794,20667,1,1,1,0,0,0
2001119,树精的腐果,,,0,0,0,1,0,0,False,66794,25304,1,1,1,0,0,0
2001120,席兹的毒液,,,0,0,0,1,0,0,False,66794,20668,1,2,1,0,0,0
2001121,梦蟾蜍油,,,0,0,0,1,0,0,False,66804,22636,1,4,1,0,0,0
2001122,优等乳根,,,0,0,0,1,0,0,False,66813,25005,1,6,1,0,0,0
2001123,火神图腾,,,0,0,0,1,0,0,False,66783,21002,1,2,1,0,0,0
2001124,遗留的手册,形見の手帳,,0,0,0,1,0,0,False,66729,26002,1,1,1,3,0,0
2001125,奇怪的纸片,,,0,0,0,1,0,0,False,66740,26151,1,1,1,3,0,0
2001126,超炸裂炸弹,,,0,0,0,1,0,0,False,66742,26015,1,1,1,3,0,0
2001127,泥泞的瓶子,,,0,0,0,1,0,0,False,66743,25057,1,1,1,3,0,0
2001128,泥泞的石子,,,0,0,0,1,0,0,False,66743,21451,1,1,1,3,0,0
2001129,没有底的壶,,,0,0,0,1,0,0,False,66743,22603,1,1,1,3,0,0
2001130,装零钱的袋子,,,0,0,0,1,0,0,False,66747,25919,1,1,1,0,0,0
2001131,美丽的胡萝卜,,,0,0,0,1,0,0,False,66829,25207,1,1,1,3,0,0
2001132,敏捷的胡萝卜,,,0,0,0,1,0,0,False,66830,25207,1,1,1,3,0,0
2001133,新鲜的胡萝卜,,,0,0,0,1,0,0,False,66831,25207,1,5,1,3,0,0
2001134,巨大的胡萝卜,,,0,0,0,1,0,0,False,66831,25207,1,1,1,3,0,0
2001135,怪力的胡萝卜,,,0,0,0,1,0,0,False,66831,25207,1,1,1,3,0,0
2001136,铁笼的钥匙,,,0,0,0,1,0,0,False,66756,25904,1,4,1,4,0,0
2001137,铁笼的钥匙,,,0,0,0,1,0,0,False,66757,25904,1,1,1,1,0,0
2001138,清澈的药水,,,0,0,0,1,0,0,False,66760,20601,1,4,1,0,0,0
2001139,风神的祭器,,,0,0,0,1,0,0,False,66731,25919,1,1,1,0,0,0
2001140,土神的祭器,,,0,0,0,1,0,0,False,66732,25919,1,1,1,0,0,0
2001141,火神的祭器,,,0,0,0,1,0,0,False,66733,25919,1,1,1,0,0,0
2001142,风神的祭器,,,0,0,0,1,0,0,False,66734,25919,1,1,1,0,0,0
2001143,土神的祭器,,,0,0,0,1,0,0,False,66734,25919,1,1,1,0,0,0
2001144,火神的祭器,,,0,0,0,1,0,0,False,66734,25919,1,1,1,0,0,0
2001145,风神的祭器,,,0,0,0,1,0,0,False,66845,25919,1,1,1,0,0,0
2001146,土神的祭器,,,0,0,0,1,0,0,False,66845,25919,1,1,1,0,0,0
2001147,火神的祭器,,,0,0,0,1,0,0,False,66845,25919,1,1,1,0,0,0
2001148,铁笼的钥匙,,,0,0,0,1,0,0,False,66765,25904,1,3,1,3,0,0
2001149,坏掉的药瓶,,,0,0,0,1,0,0,False,66747,25453,1,1,1,0,0,0
2001150,蝾螈油,,,0,0,0,1,0,0,False,66743,20645,1,1,1,3,0,0
2001151,圣火精炼过的武具,,,0,0,0,1,0,0,False,66770,31817,1,4,1,3,0,0
2001152,圣火精炼过的武具,,,0,0,0,1,0,0,False,66780,31817,1,5,1,3,0,0
2001153,识破鳞粉珠,,,0,0,0,1,0,0,False,66801,26015,1766,3,1,3,0,4
2001154,识别鳞粉珠,,,0,0,0,1,0,0,False,66810,26015,1766,3,1,3,0,4
2001155,看穿鳞粉珠,,,0,0,0,1,0,0,False,66816,26015,1766,3,1,3,0,4
2001156,白百合钥匙,,,0,0,0,1,0,0,False,0,25902,1,99,1,0,0,0
2001157,红蔷薇钥匙,,,0,0,0,1,0,0,False,0,25903,1,99,1,0,0,0
2001158,桃树苗,,,0,0,0,1,0,0,False,66841,22633,1,3,1,0,0,0
2001159,桃花似锦,,,0,0,0,1,0,0,False,66842,22640,1,3,1,0,0,0
2001160,桃花瓣,,,0,0,0,1,0,0,False,66843,21294,1,3,1,0,0,0
2001161,水晶商人的小箱子,,,0,0,0,1,0,0,False,66776,21003,1,3,1,3,0,0
2001162,水晶商人的大箱子,,,0,0,0,1,0,0,False,66776,21003,1,1,1,3,0,0
2001163,装有恶鬼南瓜的袋子,,,0,0,0,1,0,0,False,66795,25919,1,5,1,0,0,0
2001164,灭火灰,,,0,0,0,1,0,0,False,66763,25919,1,5,1,3,0,0
2001165,可爱的人偶,,,0,0,0,1,0,0,False,66823,22630,1,1,1,3,0,0
2001166,巨像兵的碎片,,,0,0,0,1,0,0,False,66824,21202,1,1,1,3,0,0
2001167,褐色的药水,,,0,0,0,1,0,0,False,66814,22643,1,3,1,3,0,0
2001168,哨兵的果实,,,0,0,0,1,0,0,False,66815,25304,1,3,1,3,0,0
2001169,森林深处的清水,,,0,0,0,1,0,0,False,66815,22614,1,3,1,3,0,0
2001170,铁笼的钥匙,,,0,0,0,1,0,0,False,66785,25904,1,3,1,3,0,0
2001171,铁笼的钥匙,,,0,0,0,1,0,0,False,66775,25904,1,3,1,3,0,0
2001172,猎人的猎具,,,0,0,0,1,0,0,False,66766,21002,1,3,1,0,0,0
2001173,猎人的长枪,,,0,0,0,1,0,0,False,66766,31825,1,1,1,0,0,0
2001174,猎人的弓箭,,,0,0,0,1,0,0,False,66766,32208,1,1,1,0,0,0
2001175,啪啪鳞粉炸弹,,,0,0,0,1,0,0,False,66808,26015,1276,3,1,3,0,3
2001176,冰冷的清水,,,0,0,0,1,0,0,False,66808,20662,1,1,1,3,0,0
2001177,魔法祭具,,,0,0,0,1,0,0,False,66798,21002,1,2,1,3,0,0
2001178,树苗的树汁,,,0,0,0,1,0,0,False,66796,25453,1,3,1,3,0,0
2001179,魔界花的胆汁球,,,0,0,0,1,0,0,False,66799,25453,1766,4,1,3,0,4
2001180,冰冷的清水,,,0,0,0,1,0,0,False,66805,20662,1,4,1,3,0,0
2001181,冰冷的清水,,,0,0,0,1,0,0,False,66806,20662,1843,3,1,0,0,0
2001182,森林深处的清水,,,0,0,0,1,0,0,False,66809,20662,1,3,1,3,0,0
2001183,魔界花的胃液,,,0,0,0,1,0,0,False,66817,25453,1,2,1,3,0,0
2001184,月光草,,,0,0,0,1,0,0,False,66818,25002,1,1,1,3,0,0
2001185,妖精的种子,,,0,0,0,1,0,0,False,0,26015,1,1,1,0,0,0
2001186,成熟的摇篮,,,0,0,0,1,0,0,False,0,26015,1,1,1,0,0,0
2001187,软软粉末炸弹,,,0,0,0,1,0,0,False,66821,26015,1766,3,1,3,0,4
2001188,咳咳鳞粉炸弹,,,0,0,0,1,0,0,False,0,26015,1,1,1,0,0,0
2001189,小钥匙,,,0,0,0,1,0,0,False,0,25904,1,99,1,0,0,0
2001190,灭火灰,,,0,0,0,1,0,0,False,66771,25919,1,4,1,3,0,0
2001191,镇魂的骨灰,,,0,0,0,1,0,0,False,66764,25919,1843,3,1,3,0,0
2001192,克蜥草的草汁,,,0,0,0,1,0,0,False,66773,22636,306,1,1,3,0,0
2001193,沉重的水瓶,,,0,0,0,1,0,0,False,66774,20681,1843,3,1,3,0,0
2001194,武具战利品,,,0,0,0,1,0,0,False,66784,26108,1,5,1,3,0,0
2001195,火蛟的火炎袋,,,0,0,0,1,0,0,False,66773,25919,1,3,1,3,0,0
2001196,沉重的水瓶,,,0,0,0,1,0,0,False,66786,20681,1843,3,1,3,0,0
2001197,,,,0,0,0,1,0,0,False,0,25919,0,1,1,3,0,0
2001198,,,,0,0,0,1,0,0,False,0,22636,0,1,1,3,0,0
2001199,,,,0,0,0,1,0,0,False,0,20681,306,1,1,3,0,0
2001200,优质的绿金矿,,,0,0,0,1,0,0,False,66868,21002,0,3,1,3,0,0
2001201,爆弹怪的核心,,,0,0,0,1,0,0,False,66865,21261,0,3,1,3,0,0
2001202,给弗里德乌里希的委托书,,,0,0,0,1,0,0,False,66883,25918,1,1,1,3,0,0
2001203,给卡瑟琳的委托书,,,0,0,0,1,0,0,False,66883,25918,1,1,1,3,0,0
2001204,被夺走的货物,,,0,0,0,1,0,0,False,66884,21003,1,3,1,3,0,0
2001205,被夺走的婚戒,,,0,0,0,1,0,0,False,66884,54403,1,1,1,3,0,0
2001206,破旧的木箱,,,0,0,0,1,0,0,False,66885,21003,1,1,1,3,0,0
2001207,涂黑的金属片,,,0,0,0,1,0,0,False,66885,25919,1,4,1,3,0,0
2001208,桃香香水,,,0,0,0,1,0,0,False,66887,20625,1,1,1,3,0,0
2001209,散发桃香的围巾,,,0,0,0,1,0,0,False,66887,41593,1,1,1,3,0,0
2001210,洛马尼的红酒,,,0,0,0,1,0,0,False,66890,25057,1,2,1,3,0,0
2001211,阿莉丝的特制菜肴,,,0,0,0,1,0,0,False,66890,24108,1,3,1,3,0,0
2001212,腐烂的水蜥肉,,,0,0,0,1,0,0,False,66891,29002,1,6,1,3,0,0
2001213,军用炸弹,,,0,0,0,1,0,0,False,66893,26015,1276,5,1,3,0,3
2001214,黑涡团军用药,,,0,0,0,1,0,0,False,66894,20603,1,1,1,3,0,0
2001215,士兵的遗体,,,0,0,0,1,0,0,False,66894,26024,1,2,1,3,0,0
2001216,梅尔维布的密封信,,,0,0,0,1,0,0,False,66898,25918,1,1,1,3,0,0
2001217,巨像兵的魂石,,,0,0,0,1,0,0,False,66907,20006,0,1,1,3,0,0
2001218,矿妖虫的硬壳,,,0,0,0,1,0,0,False,66907,20018,0,1,1,3,0,0
2001219,阿尔基克薰衣草,,,0,0,0,1,0,0,False,66851,25002,1,1,1,3,0,0
2001220,壶的碎片,,,0,0,0,1,0,0,False,66851,21455,1,4,1,3,0,0
2001221,修复的壶,,,0,0,0,1,0,0,False,66853,21002,1,1,1,3,0,0
2001222,小型碎岩炸弹,,,0,0,0,1,0,0,False,66876,26015,1,1,1,1,0,0
2001223,星光变石地图,,,0,0,0,1,0,0,False,0,26151,1,1,2,0,0,0
2001224,,,,0,0,0,0,0,0,False,0,0,0,0,0,0,0,0
2001225,,,,0,0,0,0,0,0,False,0,0,0,0,0,0,0,0
2001226,冒烟的火种,,,0,0,0,1,0,0,False,66873,25911,1,1,1,3,0,0
2001227,火热榴弹怪的手臂,,,0,0,0,1,0,0,False,66873,30351,1,1,1,3,0,0
2001228,红热的爆弹怪的手臂,,,0,0,0,1,0,0,False,0,30351,1,1,1,3,0,0
2001229,矿妖虫的软壳,,,0,0,0,1,0,0,False,66902,20006,1,3,1,3,0,0
2001230,爆音摔炮,,,0,0,0,1,0,0,False,66902,26015,1,3,1,3,0,0
2001231,发光的爆弹怪的手臂,,,0,0,0,1,0,0,False,66904,30351,1,1,1,3,0,0
2001232,歪曲的锄头,,,0,0,0,1,0,0,False,66856,38003,0,1,1,0,0,0
2001233,铁矿渣,,,0,0,0,1,0,0,False,66857,21451,0,4,1,0,0,0
2001234,智能爆弹怪,,,0,0,0,1,0,0,False,66858,59403,1,1,1,3,0,0
2001235,改良设计图,,,0,0,0,1,0,0,False,66859,26151,0,1,1,0,0,0
2001236,给基古的信,,,0,0,0,1,0,0,False,66859,25918,0,1,1,0,0,0
2001237,吸附爆弹怪,,,0,0,0,1,0,0,False,66860,59403,1,6,1,3,0,0
2001238,维斯卡德的皮袋,,,0,0,0,1,0,0,False,66957,25919,1,1,1,0,0,0
2001239,维斯卡德的信,,,0,0,0,1,0,0,False,66958,25918,1,1,1,0,0,0
2001240,大麻袋,,,0,0,0,1,0,0,False,66960,22628,1,1,1,0,0,0
2001241,小麻袋,,,0,0,0,1,0,0,False,66960,25919,1,1,1,0,0,0
2001242,纳纳拉伊的货款,,,0,0,0,1,0,0,False,66960,25919,1,1,1,0,0,0
2001243,珍藏的包裹,,,0,0,0,1,0,0,False,66878,23001,1,3,1,0,0,0
2001244,废弃的爆弹怪的手臂,,,0,0,0,1,0,0,False,66875,30351,1,1,1,3,0,0
2001245,榴霰弹怪的核心,,,0,0,0,1,0,0,False,66875,21262,1,1,1,3,0,0
2001246,硫磺结晶,,,0,0,0,1,0,0,False,66903,25919,1,5,1,0,0,0
2001247,铁矿渣,,,0,0,0,1,0,0,False,66861,21202,0,3,1,0,0,0
2001248,腐坏的蔬菜,,,0,0,0,1,0,0,False,66861,25212,0,1,1,0,0,0
2001249,木制玩具,,,0,0,0,1,0,0,False,66961,22633,1,3,1,0,0,0
2001250,多多赞恩的货款,,,0,0,0,1,0,0,False,66962,26001,1,1,1,0,0,0
2001251,名门洞穴团的午餐,,,0,0,0,1,0,0,False,66862,22603,0,3,1,0,0,0
2001252,脏兮兮的小袋子,,,0,0,0,1,0,0,False,65748,25919,0,1,1,0,0,0
2001253,烤幼龙,,,0,0,0,1,0,0,False,66862,24007,0,1,1,0,0,0
2001254,枷锁的钥匙,,,0,0,0,1,0,0,False,66919,25904,1,3,1,3,0,0
2001255,陶制油壶,,,0,0,0,1,0,0,False,0,22802,0,1,1,0,0,0
2001256,摔炮,,,0,0,0,1,0,0,False,66871,26015,1,1,1,3,0,0
2001257,小火种,,,0,0,0,1,0,0,False,66866,25911,1,3,1,3,0,0
2001258,智能爆弹怪,,,0,0,0,1,0,0,False,66866,59403,1,1,1,3,0,0
2001259,智能爆弹怪的核心,,,0,0,0,1,0,0,False,66866,21261,0,1,1,0,0,0
2001260,大火种,,,0,0,0,1,0,0,False,66867,25911,1,3,1,3,0,0
2001261,强化型智能爆弹怪,,,0,0,0,1,0,0,False,66867,59403,1,1,1,3,0,0
2001262,强化型智能爆弹怪的核心,,,0,0,0,1,0,0,False,0,21261,0,1,1,0,0,0
2001263,燧石,,,0,0,0,1,0,0,False,66930,21205,1,4,1,3,0,0
2001264,肥厚的水母,,,0,0,0,1,0,0,False,66931,29005,1,5,1,2,0,0
2001265,贝壶的塞子,,,0,0,0,1,0,0,False,66933,22255,1,4,1,3,0,0
2001266,榴弹怪的拇指,,,0,0,0,1,0,0,False,66863,30351,0,3,1,0,0,0
2001267,陆鱼的肉,,,0,0,0,1,0,0,False,66920,29001,1,2,1,3,0,0
2001268,利螯陆蟹的硬甲壳,,,0,0,0,1,0,0,False,66920,29201,1,2,1,3,0,0
2001269,白浪蚌,,,0,0,0,1,0,0,False,66921,22253,1,5,1,3,0,0
2001270,大块燧石,,,0,0,0,1,0,0,False,66939,21205,1,4,1,3,0,0
2001271,白浊的溶解药,,,0,0,0,1,0,0,False,66927,20669,306,1,1,3,0,0
2001272,顶级尾肉,,,0,0,0,1,0,0,False,66941,29002,1,1,1,3,0,0
2001273,小块燧石,,,0,0,0,1,0,0,False,66916,21205,1,2,1,5,0,0
2001274,明亮的火种,,,0,0,0,1,0,0,False,66877,25911,1,3,1,3,0,0
2001275,改良型智能爆弹怪,,,0,0,0,1,0,0,False,66877,59403,1,1,1,3,0,0
2001276,改良型智能爆弹怪的核心,,,0,0,0,1,0,0,False,66877,21261,0,1,1,0,0,0
2001277,扇贝的贝柱,,,0,0,0,1,0,0,False,66918,25919,1,3,1,3,0,0
2001278,晃动的火种,,,0,0,0,1,0,0,False,66906,25911,1,3,1,3,0,0
2001279,新型智能爆弹怪,,,0,0,0,1,0,0,False,66906,59403,1,1,1,3,0,0
2001280,新型智能爆弹怪的核心,,,0,0,0,1,0,0,False,0,21261,0,1,1,0,0,0
2001281,柔软的尾肉,,,0,0,0,1,0,0,False,66941,29001,0,1,1,0,0,0
2001282,金壶的钥匙,,,0,0,0,1,0,0,False,66905,25902,1,1,1,3,0,0
2001283,扭动的物体,,,0,0,0,1,0,0,False,66905,27022,1,1,1,3,0,0
2001284,吸附爆弹怪的核心,,,0,0,0,1,0,0,False,66870,21261,1,1,1,3,0,0
2001285,强化型吸附爆弹怪的核心,,,0,0,0,1,0,0,False,0,21261,1,1,1,3,0,0
2001286,新型吸附爆弹怪,,,0,0,0,1,0,0,False,0,0,0,1,1,0,0,0
2001287,新型吸附爆弹怪的核心,,,0,0,0,1,0,0,False,66909,21261,1,2,1,3,0,0
2001288,黑涡团军用药,,,0,0,0,1,0,0,False,66910,20601,1,2,1,3,0,0
2001289,银鲨牙首饰,,,0,0,0,1,0,0,False,66910,55233,0,1,1,0,0,0
2001290,诺布之印,,,0,0,0,1,0,0,False,66913,22254,0,1,1,0,0,0
2001291,商船的货物,,,0,0,0,1,0,0,False,66923,21003,1,3,1,0,0,0
2001292,合手的燧石,,,0,0,0,1,0,0,False,66944,21205,1,1,1,3,0,0
2001293,顶级拉诺西亚香橙,,,0,0,0,1,0,0,False,66912,25919,0,1,1,0,0,0
2001294,绑架要人计划书,,,0,0,0,1,0,0,False,66914,26151,0,1,1,0,0,0
2001295,结实的枷锁的钥匙,,,0,0,0,1,0,0,False,66914,25904,1,1,1,3,0,0
2001296,海鸥的羽毛,,,0,0,0,1,0,0,False,66914,21905,0,1,1,0,0,0
2001297,写满内容的笔记,,,0,0,0,1,0,0,False,66967,26002,0,1,1,0,0,0
2001298,«火天文书»第一卷,,,0,0,0,1,0,0,False,0,25932,1,1,3,0,0,0
2001299,«火天文书»第二卷,,,0,0,0,1,0,0,False,0,25932,1,1,3,0,0,0
2001300,«火狱文书»第一卷,,,0,0,0,1,0,0,False,0,25932,1,1,3,0,0,0
2001301,«水天文书»第一卷,,,0,0,0,1,0,0,False,0,25932,1,1,3,0,0,0
2001302,«水天文书»第二卷,,,0,0,0,1,0,0,False,0,25932,1,1,3,0,0,0
2001303,«水狱文书»第一卷,,,0,0,0,1,0,0,False,0,25932,1,1,3,0,0,0
2001304,«风天文书»第一卷,,,0,0,0,1,0,0,False,0,25932,1,1,3,0,0,0
2001305,«风天文书»第二卷,,,0,0,0,1,0,0,False,0,25932,1,1,3,0,0,0
2001306,«土天文书»第一卷,,,0,0,0,1,0,0,False,0,25932,1,1,3,0,0,0
2001307,«瓦因博德游记»,,,0,0,0,1,0,0,False,66973,26002,1,1,1,3,0,0
2001308,香葡萄酒,,,0,0,0,1,0,0,False,65753,25057,1,1,1,0,0,0
2001309,,,,0,0,0,0,0,0,False,0,0,0,0,0,0,0,0
2001310,无浊的清水,,,0,0,0,1,0,0,False,66985,22614,1,3,1,3,0,0
2001311,嗞嗞鳞粉炸弹,,,0,0,0,1,0,0,False,66985,22623,1,1,1,3,0,0
2001312,看透鳞粉珠,,,0,0,0,1,0,0,False,66986,26015,1766,1,1,3,0,4
2001313,看透鳞粉珠,,,0,0,0,1,0,0,False,66987,26015,1766,1,1,3,0,4
2001314,给塔塔露的货物,,,0,0,0,1,0,0,False,66991,21003,1,1,1,3,0,0
2001315,群青色制服,,,0,0,0,1,0,0,False,66996,23154,1,8,1,3,0,0
2001316,给戈斯顿的信,,,0,0,0,1,0,0,False,67005,25918,1,1,1,3,0,0
2001317,新鲜的拉诺西亚香橙,,,0,0,0,1,0,0,False,67005,25312,1,1,1,3,0,0
2001318,飞空艇装甲片,,,0,0,0,1,0,0,False,67007,20951,1,1,1,3,0,0
2001319,熊熊鳞粉炸弹,,,0,0,0,1,0,0,False,67009,26015,1,1,1,3,0,0
2001320,给利斯弗洛的信,,,0,0,0,1,0,0,False,67017,25918,0,1,1,0,0,0
2001321,给缪恩的信,,,0,0,0,1,0,0,False,67018,25918,0,1,1,0,0,0
2001322,魔女草,,,0,0,0,1,0,0,False,67018,25008,0,4,1,0,0,0
2001323,给巴德龙的信,,,0,0,0,1,0,0,False,67019,25918,0,1,1,0,0,0
2001324,冰冷的清水,,,0,0,0,1,0,0,False,67019,22637,1,1,1,3,0,0
2001325,装有礼物的皮袋,,,0,0,0,1,0,0,False,67019,25919,0,1,1,0,0,0
2001326,给莫莫蒂的信,,,0,0,0,1,0,0,False,67020,25918,0,1,1,0,0,0
2001327,给马尔塞特的小包,,,0,0,0,1,0,0,False,67021,23001,0,1,1,0,0,0
2001328,轻燧石,,,0,0,0,1,0,0,False,67021,21205,1,1,1,3,0,0
2001329,一捆杂草,,,0,0,0,1,0,0,False,67021,25919,1,1,1,3,0,0
2001330,幼小的鼹鼠,,,0,0,0,1,0,0,False,67021,59440,0,1,1,0,0,0
2001331,给柏蕾雅的小包,,,0,0,0,1,0,0,False,67067,23001,0,1,1,0,0,0
2001332,给格格鲁玖的信,,,0,0,0,1,0,0,False,67068,25918,0,1,1,0,0,0
2001333,舞蹈教练合同,,,0,0,0,1,0,0,False,67068,26151,0,1,1,0,0,0
2001334,圣温泉水,,,0,0,0,1,0,0,False,67068,22637,1,3,1,3,0,0
2001335,给胡恩博克特的小包,,,0,0,0,1,0,0,False,67069,23001,0,1,1,0,0,0
2001336,高级的礼服,,,0,0,0,1,0,0,False,67009,42374,1,1,1,3,0,0
2001337,●対ゴーレムピッケル,,,0,0,0,1,0,0,False,0,38001,1,1,1,3,0,0
2001338,主飞艇库的钥匙,,,0,0,0,1,0,0,False,0,25904,1,99,1,0,0,0
2001339,49式魔导收束器,,,0,0,0,1,0,0,False,65700,21003,1,1,1,0,0,0
2001340,50式魔导振荡器,,,0,0,0,1,0,0,False,65700,21003,1,1,1,0,0,0
2001341,51式魔导桶,,,0,0,0,1,0,0,False,65700,21003,1,1,1,0,0,0
2001342,,,,0,0,0,0,0,0,False,0,0,0,0,0,0,0,0
2001343,被抢走的货物,,,0,0,0,1,0,0,False,66976,25919,1,1,1,3,0,0
2001344,朴实的服装,,,0,0,0,1,0,0,False,66977,42140,1,1,1,3,0,0
2001345,靓丽的礼服,,,0,0,0,1,0,0,False,66977,42374,1,1,1,3,0,0
2001346,古旧的笔记,,,0,0,0,1,0,0,False,65698,26002,0,1,1,0,0,0
2001347,秘制爆竹,,,0,0,0,1,0,0,False,67080,23001,2621,1,1,0,0,2
2001348,秘制爆竹,,,0,0,0,1,0,0,False,67081,23001,2621,1,1,0,0,2
2001349,雾须王的金箱,,,0,0,0,1,0,0,False,67062,21002,1,1,1,0,0,0
2001350,冒险者的遗物,,,0,0,0,1,0,0,False,66677,25919,1,1,1,0,0,0
2001351,神秘地图,,,0,0,0,1,0,0,False,66676,25933,1,1,1,0,0,0
2001352,鞣革制的秘宝地图,,,0,0,0,1,0,0,False,0,26151,1,1,2,0,0,0
2001353,十二神印戒指,,,0,0,0,1,0,0,False,67114,54563,1,1,1,3,0,0
2001354,装硬币的皮袋,,,0,0,0,1,0,0,False,67884,25919,0,1,1,0,0,0
2001355,诡异的烛台,,,0,0,0,1,0,0,False,67084,53020,0,1,1,0,0,0
2001356,南瓜灯,,,0,0,0,1,0,0,False,67084,25990,0,1,1,0,0,0
2001357,,,,0,0,0,0,0,0,False,0,0,0,0,0,0,0,0
2001358,,,,0,0,0,0,0,0,False,0,0,0,0,0,0,0,0
2001359,新鲜的克拉卡萝卜,,,0,0,0,1,0,0,False,67096,25207,1,1,1,0,0,0
2001360,野菜的残渣,,,0,0,0,1,0,0,False,67096,25919,1,5,1,0,0,0
2001361,怪物通缉令,,,0,0,0,1,0,0,False,0,25937,1,1,4,0,0,0
2001362,恶名精英通缉令,,,0,0,0,1,0,0,False,0,25938,1,1,4,0,0,0
2001363,装甲气球的部件,,,0,0,0,1,0,0,False,67022,26316,1,1,1,3,0,0
2001364,船体元件的材料,,,0,0,0,1,0,0,False,67023,26001,0,1,1,0,0,0
2001365,引擎元件的材料,,,0,0,0,1,0,0,False,67024,26001,0,1,1,0,0,0
2001366,交易证书,,,0,0,0,1,0,0,False,67025,25906,0,1,1,0,0,0
2001367,塔塔拉姆的信,,,0,0,0,1,0,0,False,67025,25918,0,1,1,0,0,0
2001368,旋床的齿轮,,,0,0,0,1,0,0,False,67026,26269,0,1,1,0,0,0
2001369,舵盘元件的材料,,,0,0,0,1,0,0,False,67027,26001,0,1,1,0,0,0
2001370,催眠毒酒瓶,,,0,0,0,1,0,0,False,67028,25057,1,1,1,3,0,0
2001371,重要元件的材料,,,0,0,0,1,0,0,False,67029,26001,0,1,1,0,0,0
2001372,羽饰元件的材料,,,0,0,0,1,0,0,False,67029,21907,0,1,1,0,0,0
2001373,气囊元件的材料,,,0,0,0,1,0,0,False,67030,25919,0,1,1,0,0,0
2001374,姆恩·图伊豆,,,0,0,0,1,0,0,False,67030,22628,1,1,1,3,0,0
2001375,奥猴的爪子,,,0,0,0,1,0,0,False,67030,22301,0,1,1,0,0,0
2001376,气囊强化元件的材料,,,0,0,0,1,0,0,False,67031,25919,0,1,1,0,0,0
2001377,达梅塔的盒饭,,,0,0,0,1,0,0,False,67031,22640,0,1,1,0,0,0
2001378,空空的饭盒,,,0,0,0,1,0,0,False,67031,22641,0,1,1,0,0,0
2001379,右舷船体元件的材料,,,0,0,0,1,0,0,False,67032,25919,0,1,1,0,0,0
2001380,左舷船体元件的材料,,,0,0,0,1,0,0,False,67033,25919,0,1,1,0,0,0
2001381,动力轮元件的材料,,,0,0,0,1,0,0,False,67040,25919,0,1,1,0,0,0
2001382,索具元件的材料,,,0,0,0,1,0,0,False,67041,25919,0,1,1,0,0,0
2001383,甲板元件的材料,,,0,0,0,1,0,0,False,67042,25919,0,1,1,0,0,0
2001384,软化炼金药,,,0,0,0,1,0,0,False,67042,20626,306,1,1,3,0,0
2001385,引擎外壳元件的材料,,,0,0,0,1,0,0,False,67043,25919,0,1,1,0,0,0
2001386,加工工具的材料,,,0,0,0,1,0,0,False,67044,25919,0,1,1,0,0,0
2001387,右翼元件的材料,,,0,0,0,1,0,0,False,67034,25919,0,1,1,0,0,0
2001388,优质的橡树枝,,,0,0,0,1,0,0,False,67034,22416,0,15,1,0,0,0
2001389,优质的橡木原木,,,0,0,0,1,0,0,False,67034,22401,0,5,1,0,0,0
2001390,左翼元件的材料,,,0,0,0,1,0,0,False,67035,25919,0,1,1,0,0,0
2001391,小块花岗岩,,,0,0,0,1,0,0,False,67035,21252,0,15,1,0,0,0
2001392,大块花岗岩,,,0,0,0,1,0,0,False,67035,21451,0,5,1,0,0,0
2001393,右翼可动元件的材料,,,0,0,0,1,0,0,False,67036,25919,0,3,1,0,0,0
2001394,左翼可动元件的材料,,,0,0,0,1,0,0,False,67037,25919,0,1,1,0,0,0
2001395,变速元件的材料,,,0,0,0,1,0,0,False,67038,25919,0,3,1,0,0,0
2001396,无头骑士的铠甲片,,,0,0,0,1,0,0,False,67039,20954,0,3,1,0,0,0
2001397,驾驶席外部元件的材料,,,0,0,0,1,0,0,False,67050,25919,0,1,1,0,0,0
2001398,圣人鲤,,,0,0,0,1,0,0,False,67050,29210,0,1,1,0,0,0
2001399,驾驶席内部元件的材料,,,0,0,0,1,0,0,False,67051,25919,0,1,1,0,0,0
2001400,针叶树的木柴,,,0,0,0,1,0,0,False,67051,52113,0,1,1,0,0,0
2001401,压载物元件的材料,,,0,0,0,1,0,0,False,67052,25919,0,1,1,0,0,0
2001402,野生巨鳄的硬毛,,,0,0,0,1,0,0,False,67052,21827,0,1,1,0,0,0
2001403,割毛刀,,,0,0,0,1,0,0,False,67052,30363,1,1,1,3,0,0
2001404,仪表元件的材料,,,0,0,0,1,0,0,False,67053,25919,0,1,1,0,0,0
2001405,雷蛟的爪子,,,0,0,0,1,0,0,False,67053,22301,0,1,1,0,0,0
2001406,空气动力元件的材料,,,0,0,0,1,0,0,False,67054,25919,0,1,1,0,0,0
2001407,乔西亚的签名,,,0,0,0,1,0,0,False,67054,25929,0,1,1,0,0,0
2001408,飞行社的时刻表,,,0,0,0,1,0,0,False,67054,25906,0,1,1,0,0,0
2001409,传声元件的材料,,,0,0,0,1,0,0,False,67045,25919,0,1,1,0,0,0
2001410,纠缠弹涂鱼,,,0,0,0,1,0,0,False,67045,29295,0,2,1,0,0,0
2001411,照明元件的材料,,,0,0,0,1,0,0,False,67046,25919,0,1,1,0,0,0
2001412,纠缠红树枝,,,0,0,0,1,0,0,False,67046,22416,0,15,1,0,0,0
2001413,纠缠红树原木,,,0,0,0,1,0,0,False,67046,22410,0,5,1,0,0,0
2001414,排气元件的材料,,,0,0,0,1,0,0,False,67047,25919,0,1,1,0,0,0
2001415,高纯度水之碎晶,,,0,0,0,1,0,0,False,67047,20002,0,15,1,0,0,0
2001416,高纯度水之晶簇,,,0,0,0,1,0,0,False,67047,20014,0,5,1,0,0,0
2001417,废品紧急处理元件的材料,,,0,0,0,1,0,0,False,67048,25919,0,1,1,0,0,0
2001418,强韧的魔界花卷须,,,0,0,0,1,0,0,False,67048,21662,0,1,1,0,0,0
2001419,青磷水箱元件,,,0,0,0,1,0,0,False,67049,20956,0,1,1,0,0,0
2001420,43式强化纤维,,,0,0,0,1,0,0,False,67049,20901,0,1,1,0,0,0
2001421,驾驶器元件的材料,,,0,0,0,1,0,0,False,67055,25919,0,1,1,0,0,0
2001422,雪公鱼,,,0,0,0,1,0,0,False,67056,29310,0,3,1,0,0,0
2001423,紧急逃生工具的材料,,,0,0,0,1,0,0,False,67056,25919,0,1,1,0,0,0
2001424,红玉云杉枝,,,0,0,0,1,0,0,False,67057,22416,0,15,1,0,0,0
2001425,红玉云杉原木,,,0,0,0,1,0,0,False,67057,22413,0,5,1,0,0,0
2001426,战神矿,,,0,0,0,1,0,0,False,67058,21202,0,15,1,0,0,0
2001427,优质的战神矿,,,0,0,0,1,0,0,False,67058,21203,0,5,1,0,0,0
2001428,装钱的皮包,,,0,0,0,1,0,0,False,67059,25919,0,1,1,0,0,0
2001429,抗震元件的材料,,,0,0,0,1,0,0,False,67059,25919,0,1,1,0,0,0
2001430,令人害怕的外灵质,,,0,0,0,1,0,0,False,67102,21264,0,1,1,0,0,0
2001431,辅助空气动力元件的材料,,,0,0,0,1,0,0,False,67103,25919,0,3,1,0,0,0
2001432,装饰元件的材料,,,0,0,0,1,0,0,False,67104,25919,0,1,1,0,0,0
2001433,缠头带,,,0,0,0,1,0,0,False,67079,54001,1,1,1,3,0,0
2001434,轻量化元件的材料,,,0,0,0,1,0,0,False,67058,25919,0,1,1,0,0,0
2001435,预备水箱元件的材料,,,0,0,0,1,0,0,False,67057,25919,0,1,1,0,0,0
2001436,日光石,,,0,0,0,1,0,0,False,0,20001,1,1,1,0,0,0
2001437,月光石,,,0,0,0,1,0,0,False,0,20002,1,1,1,0,0,0
2001438,星光石,,,0,0,0,1,0,0,False,0,20006,1,1,1,0,0,0
2001439,偏属性水晶碎片,,,0,0,0,1,0,0,False,67029,20664,1,3,1,3,0,0
2001440,给拉雅·奥·神纳的密信,,,0,0,0,1,0,0,False,67106,25918,0,1,1,0,0,0
2001441,给坏妖精的信,,,0,0,0,1,0,0,False,67106,25918,0,1,1,0,0,0
2001442,给斯威古雷尔的信,,,0,0,0,1,0,0,False,67107,25918,0,1,1,0,0,0
2001443,给瓦瓦拉哥的信,,,0,0,0,1,0,0,False,67108,25918,0,1,1,0,0,0
2001444,给罗罗迦尔的信,,,0,0,0,1,0,0,False,67108,25918,0,1,1,0,0,0
2001445,给美容师的信,,,0,0,0,1,0,0,False,67109,25918,0,1,1,0,0,0
2001446,罗罗迦尔的货箱,,,0,0,0,1,0,0,False,67108,26316,1,1,1,3,0,0
2001447,小钥匙,,,0,0,0,1,0,0,False,0,25904,0,1,1,0,0,0
2001448,异端者的钥匙,,,0,0,0,1,0,0,False,0,25902,0,1,1,0,0,0
2001449,给玛舞·利扎的信,,,0,0,0,1,0,0,False,67110,25918,0,1,1,0,0,0
2001450,给乌拉·利扎的信,,,0,0,0,1,0,0,False,67110,25918,0,1,1,0,0,0
2001451,朽坏的吉光,,,0,0,0,1,0,0,False,67115,21003,1,1,1,3,0,0
2001452,矾土晶粒,,,0,0,0,1,0,0,False,67115,21204,1,1,1,3,0,0
2001453,无限城的石板,,,0,0,0,1,0,0,False,67115,26201,1,1,1,3,0,0
2001454,«正忍记»,,,0,0,0,1,0,0,False,67115,26002,1,1,1,3,0,0
2001455,伊弗利特之火,,,0,0,0,1,0,0,False,67115,25911,1,1,1,3,0,0
2001456,迦楼罗之风,,,0,0,0,1,0,0,False,67115,25901,1,1,1,3,0,0
2001457,泰坦之土,,,0,0,0,1,0,0,False,67115,21464,1,1,1,3,0,0
2001458,一叠崇拜信,,,0,0,0,1,0,0,False,65572,23001,0,1,1,0,0,0
2001459,剑斗大会的海报,,,0,0,0,1,0,0,False,65572,25906,1,2,1,3,1,1
2001460,剑斗大会的传单,,,0,0,0,1,0,0,False,65572,26153,0,2,1,0,0,0
2001461,,,,0,0,0,0,0,0,False,0,0,0,0,0,0,0,0
2001462,破旧的瓶子,,,0,0,0,1,0,0,False,65581,25057,1,1,1,3,0,0
2001463,年代久远的魔导书,,,0,0,0,1,0,0,False,65636,26002,1,1,1,3,0,0
2001464,同心铃,,,0,0,0,1,0,0,False,0,26104,3140,1,1,0,0,1
2001465,给人工生命的信,,,0,0,0,1,0,0,False,65569,25918,0,1,1,0,0,0
2001466,黑兔堂的收据,,,0,0,0,1,0,0,False,65569,26151,0,1,1,0,0,0
2001467,巴特商会的票据,,,0,0,0,1,0,0,False,65569,25928,0,1,1,0,0,0
2001468,合同副本,,,0,0,0,1,0,0,False,65569,26152,0,1,1,0,0,0
2001469,调查书副本,,,0,0,0,1,0,0,False,65569,26153,0,1,1,0,0,0
2001470,异端者的羊皮纸,,,0,0,0,1,0,0,False,65610,25906,1,1,1,3,0,0
2001471,异端者的书简,,,0,0,0,1,0,0,False,0,25906,1,1,1,3,0,0
2001472,牢狱的钥匙,,,0,0,0,1,0,0,False,0,25904,0,1,1,0,0,0
2001473,十二神戒指,,,0,0,0,1,0,0,False,67114,54564,1,1,1,3,0,0
2001474,,,,0,0,0,0,0,0,False,0,0,0,0,0,0,0,0
2001475,,,,0,0,0,0,0,0,False,0,0,0,0,0,0,0,0
2001476,,,,0,0,0,0,0,0,False,0,0,0,0,0,0,0,0
2001477,,,,0,0,0,0,0,0,False,0,0,0,0,0,0,0,0
2001478,漂亮的耳饰,,,0,0,0,1,0,0,False,65581,55241,1,1,1,3,0,0
2001479,给玛舞·利扎的信,,,0,0,0,1,0,0,False,67110,25918,0,1,1,0,0,0
2001480,给维蒙德的信,,,0,0,0,1,0,0,False,65776,25918,0,1,1,0,0,0
2001481,诱拐犯留下的信,,,0,0,0,1,0,0,False,65776,26151,0,1,1,0,0,0
2001482,天秤银行的支票,,,0,0,0,1,0,0,False,65776,26152,0,1,1,0,0,0
2001483,青磷水的期货票据,,,0,0,0,1,0,0,False,65776,25928,0,1,1,0,0,0
2001484,令人怜爱的红花,,,0,0,0,1,0,0,False,65776,25003,0,1,1,0,0,0
2001485,给朗贝尔坦的信,,,0,0,0,1,0,0,False,65780,25918,0,3,1,0,0,0
2001486,属性转移理论概说的原本,,,0,0,0,1,0,0,False,0,26002,0,1,1,0,0,0
2001487,美丽的盆栽,,,0,0,0,1,0,0,False,65780,25008,1,1,1,3,0,0
2001488,绝灵壶,,,0,0,0,1,0,0,False,65780,22603,1,1,1,3,0,0
2001489,采石用碎石锤,,,0,0,0,1,0,0,False,65780,38051,1,1,1,3,0,0
2001490,偏属性水晶,,,0,0,0,1,0,0,False,65780,22603,0,1,1,0,0,0
2001491,给德雷斯特的信,,,0,0,0,1,0,0,False,65777,25918,0,1,1,0,0,0
2001492,肮脏的皮袋,,,0,0,0,1,0,0,False,65777,25919,0,1,1,0,0,0
2001493,布莱西的调查笔记,,,0,0,0,1,0,0,False,67745,26182,0,1,1,0,0,0
2001494,字迹潦草的匿名信,,,0,0,0,1,0,0,False,67899,26192,0,4,1,0,0,0
2001495,正教法大全11卷,,,0,0,0,1,0,0,False,67744,26161,0,1,1,0,0,0
2001496,,,,0,0,0,0,0,0,False,0,0,0,0,0,0,0,0
2001497,守护天节的灯笼,,,0,0,0,1,0,0,False,65773,24153,0,3,1,0,0,0
2001498,收缴来的木箱,,,0,0,0,1,0,0,False,65901,21003,0,1,1,3,0,0
2001499,给密亚·莫尔柯特的信,,,0,0,0,1,0,0,False,67111,25918,0,1,1,0,0,0
2001500,给希希菈的信,,,0,0,0,1,0,0,False,67112,25918,0,1,1,0,0,0
2001501,商贸神豌豆的根,,,0,0,0,1,0,0,False,67112,25005,0,3,1,0,0,0
2001502,遗物首饰,,,0,0,0,1,0,0,False,67112,54815,0,1,1,0,0,0
2001503,给安瑟姆的挑战书,,,0,0,0,1,0,0,False,67113,26151,0,1,1,0,0,0
2001504,给可可布奇的信,,,0,0,0,1,0,0,False,65778,25918,0,1,1,0,0,0
2001505,咒术师行会藏书目录,,,0,0,0,1,0,0,False,65778,26002,0,1,1,0,0,0
2001506,给吉吉卢恩的信,,,0,0,0,1,0,0,False,65779,25918,0,1,1,0,0,0
2001507,43式点火装置,,,0,0,0,1,0,0,False,65646,21003,1,1,1,0,0,0
2001508,财团的废品,,,0,0,0,1,0,0,False,65739,21003,1,3,1,0,0,0
2001509,散发异臭的麻袋,,,0,0,0,1,0,0,False,65739,25919,1,1,1,0,0,0
2001510,装硬币的皮袋,,,0,0,0,1,0,0,False,65684,25919,1,1,1,0,0,0
2001511,变身游行传单,,,0,0,0,1,0,0,False,65774,25906,0,3,1,0,0,0
2001512,（仮）魔道書,,,0,0,0,1,0,0,False,0,26002,1,1,1,0,0,0
2001513,送往雪绒花商会的货物,,,0,0,0,1,0,0,False,65859,23001,1,1,1,0,0,0
2001514,高级饲料,,,0,0,0,1,0,0,False,65788,25020,0,1,1,0,0,0
2001515,忘了带走的眼镜,,,0,0,0,1,0,0,False,65845,40876,0,1,1,0,0,0
2001516,陆行鸟尾羽,,,0,0,0,1,0,0,False,65825,21901,0,1,1,0,0,0
2001517,星神卡片,,,0,0,0,1,0,0,False,65787,25918,0,1,1,0,0,0
2001518,幸运星礼物,,,0,0,0,1,0,0,False,65787,26107,0,1,1,0,0,0
2001519,放错的星神卡片,,,0,0,0,1,0,0,False,65787,25918,0,1,1,0,0,0
2001520,星神卡片,,,0,0,0,1,0,0,False,65783,25918,0,1,1,0,0,0
2001521,幸运星礼物,,,0,0,0,1,0,0,False,65783,26107,0,1,1,0,0,0
2001522,星神卡片,,,0,0,0,1,0,0,False,65784,25918,0,1,1,0,0,0
2001523,幸运星礼物,,,0,0,0,1,0,0,False,65784,26107,0,1,1,0,0,0
2001524,星神卡片,,,0,0,0,1,0,0,False,65785,25918,0,1,1,0,0,0
2001525,幸运星礼物,,,0,0,0,1,0,0,False,65785,26107,0,1,1,0,0,0
2001526,遗物手镯,,,0,0,0,1,0,0,False,65890,55605,0,1,1,0,0,0
2001527,放错的星神卡片,,,0,0,0,1,0,0,False,65890,25918,0,1,1,0,0,0
2001528,巴特拉尔的尖角,,,0,0,0,1,0,0,False,65893,22204,0,1,1,0,0,0
2001529,6号哥布林钢板,,,0,0,0,1,0,0,False,65893,20957,0,1,1,0,0,0
2001530,那罗希摩的皮膜,,,0,0,0,1,0,0,False,65893,21822,0,1,1,0,0,0
2001531,芬里尔的尖牙,,,0,0,0,1,0,0,False,65893,22303,0,1,1,0,0,0
2001532,黄辉石,,,0,0,0,1,0,0,False,65894,21207,0,1,1,0,0,0
2001533,虚无魔布,,,0,0,0,1,0,0,False,65894,23003,0,1,1,0,0,0
2001534,无限城纸片,,,0,0,0,1,0,0,False,65894,26151,0,1,1,0,0,0
2001535,苍茫玉,,,0,0,0,1,0,0,False,65894,21287,0,1,1,0,0,0
2001536,冬贝利王的血液,,,0,0,0,1,0,0,False,65895,22601,0,1,1,0,0,0
2001537,岩窟王的血液,,,0,0,0,1,0,0,False,65895,22601,0,1,1,0,0,0
2001538,克拉肯的血液,,,0,0,0,1,0,0,False,65895,20662,0,1,1,0,0,0
2001539,代言者的血液,,,0,0,0,1,0,0,False,65895,22601,0,1,1,0,0,0
2001540,古城的秘宝,,,0,0,0,1,0,0,False,65896,25916,0,1,1,0,0,0
2001541,灯塔的秘宝,,,0,0,0,1,0,0,False,65896,25916,0,1,1,0,0,0
2001542,墓园的秘宝,,,0,0,0,1,0,0,False,65896,25916,0,1,1,0,0,0
2001543,城塞的秘宝,,,0,0,0,1,0,0,False,65896,25916,0,1,1,0,0,0
2001544,给拉雅·奥·神纳的信,,,0,0,0,1,0,0,False,65898,25918,0,1,1,0,0,0
2001545,微脏的瓶子,,,0,0,0,1,0,0,False,65962,20665,0,1,1,3,0,0
2001546,买花的钱,,,0,0,0,1,0,0,False,65906,26001,0,1,1,3,0,0
2001547,梅茵菲娜雏菊,,,0,0,0,1,0,0,False,65906,26024,0,1,1,3,0,0
2001548,可疑物品,,,0,0,0,1,0,0,False,65903,21003,0,4,1,3,0,0
2001549,东方风格的魔笛,,,0,0,0,1,0,0,False,65968,22204,1,1,1,3,0,0
2001550,给朗德内尔的信,,,0,0,0,1,0,0,False,66032,25918,0,1,1,0,0,0
2001551,索恩朝时代的宝物地图,,,0,0,0,1,0,0,False,0,26151,1,1,2,0,0,0
2001552,迷宫宝珠,,,0,0,0,1,0,0,False,0,22624,1,1,1,0,0,0
2001553,晶塔宝珠,,,0,0,0,1,0,0,False,0,22625,1,1,1,0,0,0
2001554,异界宝珠,,,0,0,0,1,0,0,False,0,22626,1,1,1,0,0,0
2001555,特别搭乘许可证,,,0,0,0,1,0,0,False,65970,26153,0,1,1,0,0,0
2001556,香木护身符,,,0,0,0,1,0,0,False,66051,25001,0,1,1,0,0,0
2001557,放有原石的信,,,0,0,0,1,0,0,False,66059,25918,0,1,1,0,0,0
2001558,薄荷巧克力,,,0,0,0,1,0,0,False,66063,24065,0,1,1,0,0,0
2001559,亡灵裹布,,,0,0,0,1,0,0,False,66029,23155,1,1,1,0,0,0
2001560,高纯度蒸馏水,,,0,0,0,1,0,0,False,66029,20601,1,1,1,0,0,0
2001561,珍藏的蒸馏酒,,,0,0,0,1,0,0,False,66096,25936,0,1,1,0,0,0
2001562,彩蛋卡,,,0,0,0,1,0,0,False,66092,22630,0,2,1,0,0,0
2001563,幸运彩蛋卡,,,0,0,0,1,0,0,False,66092,22631,0,1,1,0,0,0
2001564,咳咳鳞粉蛋,,,0,0,0,1,0,0,False,66093,21308,0,1,1,0,0,0
2001565,识破鳞粉珠,,,0,0,0,1,0,0,False,66095,26015,1,3,1,3,0,0
2001566,驱幻晶粉末,,,0,0,0,1,0,0,False,66028,22623,0,1,1,0,0,0
2001567,帝国军认证密钥,,,0,0,0,1,0,0,False,0,26014,1,99,1,0,0,0
2001568,云卵石,,,0,0,0,1,0,0,False,0,20204,1,99,1,0,0,0
2001569,钢铁制操纵杆,,,0,0,0,1,0,0,False,0,22305,1,1,1,0,0,0
2001570,骑兵驻所的钥匙,,,0,0,0,1,0,0,False,0,25904,1,1,1,0,0,0
2001571,作战会议室的钥匙,,,0,0,0,1,0,0,False,0,25904,1,1,1,0,0,0
2001572,黯淡硬毛,,,0,0,0,1,0,0,False,67121,22007,1,3,1,3,0,0
2001573,暖和的包裹,,,0,0,0,1,0,0,False,67122,26109,1,1,1,3,0,0
2001574,泉水水晶,,,0,0,0,1,0,0,False,67130,20002,1,1,1,3,0,0
2001575,以太收束器的论文,,,0,0,0,1,0,0,False,67196,26162,1,1,1,3,0,0
2001576,,,,0,0,0,0,0,0,False,0,0,0,0,0,0,0,0
2001577,,,,0,0,0,0,0,0,False,0,0,0,0,0,0,0,0
2001578,异端者的信,,,0,0,0,1,0,0,False,67141,26153,1,3,1,3,0,0
2001579,南加幼崽的肉,,,0,0,0,1,0,0,False,67150,25155,1,1,1,3,0,0
2001580,南加幼崽的肉,,,0,0,0,1,0,0,False,67148,25155,1,3,1,3,0,0
2001581,白云花,,,0,0,0,1,0,0,False,67156,22627,1,3,1,3,0,0
2001582,☓未使用,,,0,0,0,1,0,0,False,0,25906,1,1,1,3,0,0
2001583,新作绘饰石,,,0,0,0,1,0,0,False,67158,21210,1,1,1,3,0,0
2001584,牦牛毛皮,,,0,0,0,1,0,0,False,67144,21655,1,2,1,3,0,0
2001585,封印楔石,,,0,0,0,1,0,0,False,67207,21451,0,1,1,0,0,0
2001586,封印大楔石,,,0,0,0,1,0,0,False,67208,21451,0,1,1,0,0,0
2001587,空壶,,,0,0,0,1,0,0,False,67209,25055,0,1,1,0,0,0
2001588,妖异研究者的货物,,,0,0,0,1,0,0,False,67211,26111,0,1,1,0,0,0
2001589,密斯里尔·哈特的战斧,,,0,0,0,1,0,0,False,66121,31441,0,1,1,0,0,0
2001590,断气的鲑鱼,,,0,0,0,1,0,0,False,66124,29203,1,1,1,3,0,0
2001591,新鲜香草,,,0,0,0,1,0,0,False,67529,25002,1,1,1,3,0,0
2001592,特制香葡萄酒,,,0,0,0,1,0,0,False,67530,25057,1,1,1,3,0,0
2001593,特制香葡萄酒,,,0,0,0,1,0,0,False,67531,25057,1,1,1,3,0,0
2001594,小羚羊腿肉,,,0,0,0,1,0,0,False,67268,25157,0,3,1,0,0,0
2001595,亨明的皮袋,,,0,0,0,1,0,0,False,67272,26110,0,3,1,0,0,0
2001596,护身符碎片,,,0,0,0,1,0,0,False,67273,20009,0,3,1,0,0,0
2001597,冠恐鸟腿肉,,,0,0,0,1,0,0,False,67274,25154,0,3,1,0,0,0
2001598,刚做好的盒饭,,,0,0,0,1,0,0,False,67275,21005,0,3,1,0,0,0
2001599,无伤飞膜,,,0,0,0,1,0,0,False,67284,21955,0,1,1,0,0,0
2001600,妮美雅百合,,,0,0,0,1,0,0,False,67288,26024,0,1,1,0,0,0
2001601,蔷薇骑兵团的武具,,,0,0,0,1,0,0,False,67294,21003,0,3,1,0,0,0
2001602,牦牛毛皮,,,0,0,0,1,0,0,False,67299,21655,0,3,1,0,0,0
2001603,空葡萄酒瓶,,,0,0,0,1,0,0,False,67303,27608,0,1,1,0,0,0
2001604,隐秘温泉的泉水,,,0,0,0,1,0,0,False,67303,27608,0,1,1,0,0,0
2001605,军用陆行鸟的羽毛,,,0,0,0,1,0,0,False,67304,21901,0,1,1,0,0,0
2001606,瑟瑟发抖的小猫？,,,0,0,0,1,0,0,False,67290,4452,0,1,1,0,0,0
2001607,荧光菇,,,0,0,0,1,0,0,False,67314,25402,0,1,1,0,0,0
2001608,满是孢子的野菜,,,0,0,0,1,0,0,False,67314,25218,0,1,1,0,0,0
2001609,芳香四溢的浑水,,,0,0,0,1,0,0,False,67315,24402,1,1,1,3,0,0
2001610,木制猎弓,,,0,0,0,1,0,0,False,67320,32261,0,1,1,0,0,0
2001611,南加蛋,,,0,0,0,1,0,0,False,67322,25156,0,5,1,0,0,0
2001612,成熟的七天树果实,,,0,0,0,1,0,0,False,67323,25221,0,3,1,0,0,0
2001613,洛夫坦山羊肉,,,0,0,0,1,0,0,False,67324,25152,0,3,1,0,0,0
2001614,骨颌族的枪,,,0,0,0,1,0,0,False,67326,21003,0,2,1,0,0,0
2001615,龙堡黏土,,,0,0,0,1,0,0,False,67327,21455,0,2,1,0,0,0
2001616,银露草,,,0,0,0,1,0,0,False,67328,21654,0,3,1,0,0,0
2001617,●ラーニングの書,,,0,0,0,1,0,0,False,0,26153,1,1,1,3,0,0
2001618,,,,0,0,0,0,0,0,False,0,0,0,0,0,0,0,0
2001619,,,,0,0,0,0,0,0,False,0,0,0,0,0,0,0,0
2001620,黄色小石头,,,0,0,0,1,0,0,False,67329,22615,0,4,1,0,0,0
2001621,货车的货物,,,0,0,0,1,0,0,False,67330,22634,0,1,1,0,0,0
2001622,枪支的火药袋,,,0,0,0,1,0,0,False,67331,26110,0,3,1,0,0,0
2001623,细齿兽肉,,,0,0,0,1,0,0,False,67335,25152,0,3,1,0,0,0
2001624,似鸡龙蛋,,,0,0,0,1,0,0,False,67336,25251,0,5,1,0,0,0
2001625,陆行鸟腿肉,,,0,0,0,1,0,0,False,67337,25154,0,1,1,0,0,0
2001626,炸腿肉,,,0,0,0,1,0,0,False,67337,24358,0,1,1,0,0,0
2001627,骏雕的粗皮,,,0,0,0,1,0,0,False,67341,22003,0,3,1,0,0,0
2001628,深灰色的打火石,,,0,0,0,1,0,0,False,67344,21205,1,1,1,3,0,0
2001629,格伦玛尔花,,,0,0,0,1,0,0,False,67346,25022,0,1,1,0,0,0
2001630,光滑的龙鳞,,,0,0,0,1,0,0,False,67348,22251,0,1,1,0,0,0
2001631,山克芹尼的藤蔓,,,0,0,0,1,0,0,False,67356,21662,0,5,1,0,0,0
2001632,牵牛花,,,0,0,0,1,0,0,False,67358,25023,0,3,1,0,0,0
2001633,编织篮,,,0,0,0,1,0,0,False,67361,22261,0,3,1,0,0,0
2001634,优质黑土,,,0,0,0,1,0,0,False,67365,21464,0,1,1,0,0,0
2001635,库啵果,,,0,0,0,1,0,0,False,67366,25311,0,5,1,0,0,0
2001636,古代的武具,,,0,0,0,1,0,0,False,67369,21002,0,3,1,0,0,0
2001637,厄丝蒂安的铠甲碎片,,,0,0,0,1,0,0,False,67228,25919,0,1,1,0,0,0
2001638,奇妙的纸片,,,0,0,0,1,0,0,False,67230,26151,0,1,1,0,0,0
2001639,强力草,,,0,0,0,1,0,0,False,67372,25005,0,1,1,0,0,0
2001640,素烧水瓶,,,0,0,0,1,0,0,False,67373,25055,0,1,1,0,0,0
2001641,充满水的水瓶,,,0,0,0,1,0,0,False,67373,25055,0,1,1,0,0,0
2001642,莫古灵小刀,,,0,0,0,1,0,0,False,67374,30363,1,1,1,3,0,0
2001643,带电鳞片,,,0,0,0,1,0,0,False,67374,22251,0,3,1,0,0,0
2001644,光亮的金属片,,,0,0,0,1,0,0,False,67376,21002,0,5,1,0,0,0
2001645,暖暖草的苗,,,0,0,0,1,0,0,False,67380,25015,0,5,1,0,0,0
2001646,莫古索恩的编织篮,,,0,0,0,1,0,0,False,67383,22261,0,3,1,0,0,0
2001647,枯树精的枝,,,0,0,0,1,0,0,False,67387,22416,0,3,1,0,0,0
2001648,火蛟的尾巴,,,0,0,0,1,0,0,False,67388,22635,0,3,1,0,0,0
2001649,石灰巨像的核心,,,0,0,0,1,0,0,False,67389,20403,0,3,1,0,0,0
2001650,茂密草的苗,,,0,0,0,1,0,0,False,67395,25015,0,3,1,0,0,0
2001651,轻飘飘草,,,0,0,0,1,0,0,False,67396,21801,0,3,1,0,0,0
2001652,光亮的古代工具,,,0,0,0,1,0,0,False,67397,21002,0,3,1,0,0,0
2001653,光亮的戒指,,,0,0,0,1,0,0,False,67398,54402,0,1,1,0,0,0
2001654,矿怪虫的甲壳,,,0,0,0,1,0,0,False,67433,20008,0,3,1,0,0,0
2001655,文森野牛肉,,,0,0,0,1,0,0,False,67436,25153,0,4,1,0,0,0
2001656,柔软的黑土,,,0,0,0,1,0,0,False,67438,27404,0,5,1,0,0,0
2001657,×未使用,,,0,0,0,1,0,0,False,0,0,0,1,1,0,0,0
2001658,冠恐鸟蛋,,,0,0,0,1,0,0,False,67439,25252,0,1,1,0,0,0
2001659,以太测量仪,,,0,0,0,1,0,0,False,67418,21002,0,2,1,0,0,0
2001660,初次调查报告书,,,0,0,0,1,0,0,False,67419,26188,0,1,1,0,0,0
2001661,以太测量仪,,,0,0,0,1,0,0,False,67420,21002,0,6,1,0,0,0
2001662,龙骑士团的货箱,,,0,0,0,1,0,0,False,67407,21003,0,1,1,0,0,0
2001663,龙巢观测记录,,,0,0,0,1,0,0,False,67407,26156,0,1,1,0,0,0
2001664,森林野豌豆,,,0,0,0,1,0,0,False,67586,25353,0,1,1,3,0,0
2001665,园艺工行会的野菜,,,0,0,0,1,0,0,False,67588,25218,0,1,1,3,0,0
2001666,马蒂诺的证明信,,,0,0,0,1,0,0,False,67588,26185,0,1,1,3,0,0
2001667,弗弗茶的介绍信,,,0,0,0,1,0,0,False,67584,26180,0,1,1,3,0,0
2001668,瓦魔蛾肉,,,0,0,0,1,0,0,False,67443,27015,0,5,1,0,0,0
2001669,恩底弥翁的爪,,,0,0,0,1,0,0,False,67444,22301,0,5,1,0,0,0
2001670,食虫草,,,0,0,0,1,0,0,False,67445,26110,0,3,1,0,0,0
2001671,尊杜族的贡品,,,0,0,0,1,0,0,False,67448,22261,0,3,1,0,0,0
2001672,枷锁的钥匙,,,0,0,0,1,0,0,False,67455,25902,1,1,1,3,0,0
2001673,帕拉纳的妖药,,,0,0,0,1,0,0,False,67457,27608,1,1,1,3,0,0
2001674,陆行鸟腿肉,,,0,0,0,1,0,0,False,67464,25154,1,1,1,3,0,0
2001675,斑攫兽肉,,,0,0,0,1,0,0,False,67465,25153,0,3,1,0,0,0
2001676,塞满硬币的钱袋,,,0,0,0,1,0,0,False,67581,26110,1,1,1,3,0,0
2001677,洛马尼红酒,,,0,0,0,1,0,0,False,67581,25057,1,1,1,3,0,0
2001678,库啵果,,,0,0,0,1,0,0,False,67384,25311,0,5,1,0,0,0
2001679,候鸟的巢穴,,,0,0,0,1,0,0,False,67385,52191,0,5,1,0,0,0
2001680,龙蛋,,,0,0,0,1,0,0,False,67377,25252,0,1,1,0,0,0
2001681,缺少枪尖的枪,,,0,0,0,1,0,0,False,67533,31828,0,1,1,3,0,0
2001682,枪尖,,,0,0,0,1,0,0,False,67537,23103,0,1,1,3,0,0
2001683,安祖的巢,,,0,0,0,1,0,0,False,67413,52191,0,3,1,0,0,0
2001684,古旧甲胄的碎片,,,0,0,0,1,0,0,False,67416,20903,0,1,1,0,0,0
2001685,散落的遗物,,,0,0,0,1,0,0,False,67430,21002,0,3,1,0,0,0
2001686,角尊的密信,,,0,0,0,1,0,0,False,67255,26151,0,1,1,0,0,0
2001687,死灵肉片,,,0,0,0,1,0,0,False,67259,23001,0,1,1,0,0,0
2001688,死灵肉片,,,0,0,0,1,0,0,False,67260,23001,0,1,1,0,0,0
2001689,铸甲匠行会的礼物,,,0,0,0,1,0,0,False,67578,26108,0,1,1,3,0,0
2001690,成熟的果实,,,0,0,0,1,0,0,False,67468,25308,0,5,1,0,0,0
2001691,牛羚魔眼,,,0,0,0,1,0,0,False,67469,21280,0,3,1,0,0,0
2001692,废品袋,,,0,0,0,1,0,0,False,67475,26110,0,4,1,0,0,0
2001693,纳布芮依的嫩叶,,,0,0,0,1,0,0,False,67477,25202,0,8,1,0,0,0
2001694,钓饵袋,,,0,0,0,1,0,0,False,67479,25919,0,1,1,0,0,0
2001695,钓饵的货款,,,0,0,0,1,0,0,False,67479,26110,0,1,1,0,0,0
2001696,地脉分配结晶,,,0,0,0,1,0,0,False,67481,20015,0,3,1,0,0,0
2001697,奥恩飞鸢的羽毛,,,0,0,0,1,0,0,False,67495,21901,0,5,1,0,0,0
2001698,太阳熊肉,,,0,0,0,1,0,0,False,67496,25153,0,5,1,0,0,0
2001699,装有被盗物品的货箱,,,0,0,0,1,0,0,False,67499,21002,0,1,1,0,0,0
2001700,初级兵团怪物通缉令,,,0,0,0,1,0,0,False,0,25941,1,1,4,0,0,0
2001701,中级兵团怪物通缉令,,,0,0,0,1,0,0,False,0,25942,1,1,4,0,0,0
2001702,高级兵团怪物通缉令,,,0,0,0,1,0,0,False,0,25943,1,1,4,0,0,0
2001703,兵团恶名精英通缉令,,,0,0,0,1,0,0,False,0,25944,1,1,4,0,0,0
2001704,塞文利安的鉴定书,,,0,0,0,1,0,0,False,67601,26171,0,1,1,0,0,0
2001705,摩杜纳的暗号地图,,,0,0,0,1,0,0,False,67602,26151,0,1,1,0,0,0
2001706,亚拉戈的锡杖,,,0,0,0,1,0,0,False,67603,32839,0,1,1,0,0,0
2001707,失踪者的日记,,,0,0,0,1,0,0,False,67604,26002,0,1,1,0,0,0
2001708,塞文利安的试剂,,,0,0,0,1,0,0,False,67605,21006,0,1,1,0,0,0
2001709,杰尔凡家的宝剑,,,0,0,0,1,0,0,False,67546,30503,0,1,1,0,0,0
2001710,天鹅念锁,,,0,0,0,1,0,0,False,67547,54830,0,1,1,0,0,0
2001711,陶瓷制货箱,,,0,0,0,1,0,0,False,67524,21002,0,5,1,0,0,0
2001712,雷波干扰器,,,0,0,0,1,0,0,False,67476,21002,1,3,1,3,0,0
2001713,捐赠用棉线,,,0,0,0,1,0,0,False,67541,21656,0,1,1,0,0,0
2001714,装钱的皮包,,,0,0,0,1,0,0,False,67614,25919,1,1,1,3,0,0
2001715,皇都商人,,,0,0,0,1,0,0,False,67614,25906,1,1,1,3,0,0
2001716,给盖娃的信,,,0,0,0,1,0,0,False,67615,25918,1,1,1,3,0,0
2001717,行会的样本,,,0,0,0,1,0,0,False,67611,26110,1,1,1,3,0,0
2001718,给艾蕾兹的信,,,0,0,0,1,0,0,False,67612,25918,1,1,1,3,0,0
2001719,样品靴,,,0,0,0,1,0,0,False,67613,46522,1,1,1,3,0,0
2001720,经常使用的钓竿,,,0,0,0,1,0,0,False,67621,38202,0,1,1,0,0,0
2001721,发光的钓竿,,,0,0,0,1,0,0,False,67625,38212,0,1,1,0,0,0
2001722,皮耶里万的乐谱,,,0,0,0,1,0,0,False,67608,26182,1,1,1,3,0,0
2001723,特制烟雾弹,,,0,0,0,1,0,0,False,67220,26015,1,3,1,3,0,0
2001724,装硬币的皮袋,,,0,0,0,1,0,0,False,67222,25919,1,1,1,0,0,0
2001725,睡眠香,,,0,0,0,1,0,0,False,67223,25919,1,1,1,3,0,0
2001726,采矿工行会的密封信,,,0,0,0,1,0,0,False,67616,26177,0,1,1,0,0,0
2001727,钛矿样品,,,0,0,0,1,0,0,False,67618,21222,0,1,1,0,0,0
2001728,未知矿石,,,0,0,0,1,0,0,False,67619,21223,0,3,1,0,0,0
2001729,佣兵团的皮袋,,,0,0,0,1,0,0,False,67620,25919,0,1,1,0,0,0
2001730,红银矿,,,0,0,0,1,0,0,False,67638,21452,0,3,1,0,0,0
2001731,近卫骑士的头冠,,,0,0,0,1,0,0,False,67570,40617,0,1,1,0,0,0
2001732,☓未使用,,,0,0,0,1,0,0,False,0,45192,0,1,1,0,0,0
2001733,近卫骑士的笼手,,,0,0,0,1,0,0,False,67572,48340,0,1,1,0,0,0
2001734,被夺走的物资,,,0,0,0,1,0,0,False,67269,26316,0,1,1,0,0,0
2001735,白隼羽毛饰品,,,0,0,0,1,0,0,False,67269,21908,0,1,1,0,0,0
2001736,隼巢的生活用具,,,0,0,0,1,0,0,False,67270,26316,0,3,1,0,0,0
2001737,放有酒瓶的木箱,,,0,0,0,1,0,0,False,67281,21003,0,1,1,0,0,0
2001738,有异味的酒瓶,,,0,0,0,1,0,0,False,67281,25057,0,1,1,0,0,0
2001739,有异味的酒瓶,,,0,0,0,1,0,0,False,67282,25057,0,1,1,0,0,0
2001740,雷德沃尔德的信,,,0,0,0,1,0,0,False,67283,26151,0,1,1,0,0,0
2001741,小火种,,,0,0,0,1,0,0,False,67283,25911,1,1,1,3,0,0
2001742,非常香的香草,,,0,0,0,1,0,0,False,67283,25009,1,1,1,3,0,0
2001743,怪鸟的血液,,,0,0,0,1,0,0,False,67283,22601,0,1,1,0,0,0
2001744,满是伤痕的骨头,,,0,0,0,1,0,0,False,67285,22201,0,1,1,0,0,0
2001745,满是伤痕的骨头,,,0,0,0,1,0,0,False,67292,22201,0,1,1,0,0,0
2001746,火尾飞蜥鳞,,,0,0,0,1,0,0,False,67305,22251,0,1,1,0,0,0
2001747,神蜥蜴瓦吉特鳞,,,0,0,0,1,0,0,False,67305,22252,0,1,1,0,0,0
2001748,龙牙,,,0,0,0,1,0,0,False,67425,22303,0,1,1,0,0,0
2001749,战死者的遗物,,,0,0,0,1,0,0,False,67426,21002,0,5,1,0,0,0
2001750,龙牙,,,0,0,0,1,0,0,False,67427,22303,0,1,1,0,0,0
2001751,飞龙骨,,,0,0,0,1,0,0,False,67434,22202,1,1,1,3,0,0
2001752,清水南加的尾肉,,,0,0,0,1,0,0,False,67351,25155,1,1,1,3,0,0
2001753,地鱼肉,,,0,0,0,1,0,0,False,67351,29002,0,1,1,0,0,0
2001754,洛夫坦山羊肩里脊,,,0,0,0,1,0,0,False,67352,25152,0,1,1,0,0,0
2001755,肮脏的石板,,,0,0,0,1,0,0,False,67353,26201,0,1,1,0,0,0
2001756,×未使用,,,0,0,0,1,0,0,False,0,25156,0,1,1,0,0,0
2001757,飞龙草,,,0,0,0,1,0,0,False,67354,25004,0,2,1,0,0,0
2001758,飞龙草药液,,,0,0,0,1,0,0,False,67354,20667,1,1,1,3,0,0
2001759,肮脏的石板,,,0,0,0,1,0,0,False,67354,26201,0,1,1,0,0,0
2001760,奇纳哈尔鸟妖的喙,,,0,0,0,1,0,0,False,67447,22301,0,1,1,0,0,0
2001761,鞣革制缰绳,,,0,0,0,1,0,0,False,67451,21002,1,1,1,3,0,0
2001762,古鸟革制的宝物地图,,,0,0,0,1,0,0,False,0,26151,1,1,2,0,0,0
2001763,飞龙革制的宝物地图,,,0,0,0,1,0,0,False,0,26151,1,1,2,0,0,0
2001764,巨龙革制的宝物地图,,,0,0,0,1,0,0,False,0,26151,1,1,2,0,0,0
2001765,云顶菇,,,0,0,0,1,0,0,False,67276,25405,0,1,1,0,0,0
2001766,桑松的笔记,,,0,0,0,1,0,0,False,67254,26169,1,1,1,3,0,0
2001767,以太之晶碎片,,,0,0,0,1,0,0,False,67503,20009,0,1,1,0,0,0
2001768,干净的泉水,,,0,0,0,1,0,0,False,67504,22637,0,1,1,0,0,0
2001769,鹤嘴镐,,,0,0,0,1,0,0,False,67471,38003,0,1,1,0,0,0
2001770,德利普威克斯的笔记,,,0,0,0,1,0,0,False,67480,26166,0,1,1,0,0,0
2001771,借出记录账本,,,0,0,0,1,0,0,False,67484,26169,0,1,1,0,0,0
2001772,画有边境线的地图,,,0,0,0,1,0,0,False,67484,26179,0,1,1,0,0,0
2001773,毛爬虫肉,,,0,0,0,1,0,0,False,67489,29001,1,1,1,2,0,0
2001774,烤毛爬虫肉,,,0,0,0,1,0,0,False,67489,24352,0,1,1,0,0,0
2001775,牛肉干,,,0,0,0,1,0,0,False,67489,24353,0,1,1,0,0,0
2001776,哥布林族药茶,,,0,0,0,1,0,0,False,67489,24405,1,2,1,2,0,0
2001777,给诺奇德·伯恩的信,,,0,0,0,1,0,0,False,67492,25918,0,1,1,0,0,0
2001778,有田园郡印的信封,,,0,0,0,1,0,0,False,67492,26178,0,1,1,0,0,0
2001779,文件信封,,,0,0,0,1,0,0,False,67492,26178,0,1,1,0,0,0
2001780,库啵果,,,0,0,0,1,0,0,False,67368,25311,0,1,1,0,0,0
2001781,库啵果,,,0,0,0,1,0,0,False,67511,25311,0,4,1,0,0,0
2001782,库啵果,,,0,0,0,1,0,0,False,67512,25311,0,1,1,0,0,0
2001783,黑色羽毛,,,0,0,0,1,0,0,False,67512,21903,0,2,1,0,0,0
2001784,给利迪尔隆娜的介绍信,,,0,0,0,1,0,0,False,67631,26175,0,1,1,0,0,0
2001785,给奥尔德兰的介绍信,,,0,0,0,1,0,0,False,67632,26172,0,1,1,0,0,0
2001786,给酷酷萨姆的介绍信,,,0,0,0,1,0,0,False,67633,26171,0,1,1,0,0,0
2001787,给盖姆隆娜的介绍信,,,0,0,0,1,0,0,False,67634,26173,0,1,1,0,0,0
2001788,龙堡古钱,,,0,0,0,1,0,0,False,0,25917,0,99,1,0,0,0
2001789,蜡烛菇,,,0,0,0,1,0,0,False,67311,25406,0,5,1,0,0,0
2001790,特制野菜,,,0,0,0,1,0,0,False,67312,25218,1,1,1,1,0,0
2001791,龙堡百合,,,0,0,0,1,0,0,False,67318,26024,0,1,1,0,0,0
2001792,魏吉的试剂,,,0,0,0,1,0,0,False,67626,22210,1,1,1,3,0,0
2001793,神秘的辉石,,,0,0,0,1,0,0,False,67626,20401,0,1,1,0,0,0
2001794,古书的一部分,,,0,0,0,1,0,0,False,0,26151,0,99,1,0,0,0
2001795,,,,0,0,0,0,0,0,False,0,0,0,0,0,0,0,0
2001796,神秘试验装置,,,0,0,0,1,0,0,False,0,26271,0,99,1,0,0,0
2001797,迪迪阿恩的传单,,,0,0,0,1,0,0,False,67486,26193,0,3,1,0,0,0
2001798,制革匠行会的皮袋,,,0,0,0,1,0,0,False,67189,25919,0,1,1,0,0,0
2001799,幻术师行会的布袋,,,0,0,0,1,0,0,False,67189,26111,0,1,1,0,0,0
2001800,睡眠香的货款,,,0,0,0,1,0,0,False,67223,25919,1,1,1,0,0,0
2001801,热葡萄酒,,,0,0,0,1,0,0,False,67264,25057,0,1,1,0,0,0
2001802,陆行鸟的饲料,,,0,0,0,1,0,0,False,67265,22634,0,1,1,0,0,0
2001803,废柴捆,,,0,0,0,1,0,0,False,67266,52113,0,1,1,0,0,0
2001804,晚餐会请柬,,,0,0,0,1,0,0,False,67267,26182,0,3,1,0,0,0
2001805,战神的宗教画,,,0,0,0,1,0,0,False,67278,26109,0,1,1,0,0,0
2001806,玫瑰香情书,,,0,0,0,1,0,0,False,67279,26174,0,1,1,0,0,0
2001807,烧焦的战旗,,,0,0,0,1,0,0,False,67410,21615,0,1,1,0,0,0
2001808,热乎乎的汤,,,0,0,0,1,0,0,False,67441,24110,0,1,1,0,0,0
2001809,肮脏的麻袋,,,0,0,0,1,0,0,False,67442,26110,0,1,1,0,0,0
2001810,风水破魔石,,,0,0,0,1,0,0,False,67651,20244,0,1,1,0,0,0
2001811,炎土破魔石,,,0,0,0,1,0,0,False,67652,20248,0,1,1,0,0,0
2001812,山羊胸肉,,,0,0,0,1,0,0,False,67591,25152,1,1,1,3,0,0
2001813,被夺走的商品,,,0,0,0,1,0,0,False,67593,52546,0,1,1,0,0,0
2001814,41式魔导螺旋仪,,,0,0,0,1,0,0,False,67234,21003,0,1,1,3,0,0
2001815,艾因哈特家的货物,,,0,0,0,1,0,0,False,67238,25919,1,1,1,3,0,0
2001816,魔导兵器备用部件,,,0,0,0,1,0,0,False,67242,21003,0,3,1,3,0,0
2001817,泽梅尔家的印章,,,0,0,0,1,0,0,False,67244,26151,0,1,1,3,0,0
2001818,高纯度雷之水晶,,,0,0,0,1,0,0,False,67246,20011,0,2,1,3,0,0
2001819,给教皇厅的推荐信,,,0,0,0,1,0,0,False,67553,26151,0,1,1,3,0,0
2001820,飞行计划书,,,0,0,0,1,0,0,False,67263,26151,0,1,1,0,0,0
2001821,有洞的硬币袋,,,0,0,0,1,0,0,False,67406,25919,0,1,1,0,0,0
2001822,结实的火山岩,,,0,0,0,1,0,0,False,0,21451,1,99,1,0,0,0
2001823,沉重的火山岩,,,0,0,0,1,0,0,False,0,21451,1,99,1,0,0,0
2001824,监视塔用石材,,,0,0,0,1,0,0,False,0,21470,1,99,1,0,0,0
2001825,结实的石材,,,0,0,0,1,0,0,False,0,21470,1,99,1,0,0,0
2001826,风化的石材,,,0,0,0,1,0,0,False,0,21470,1,99,1,0,0,0
2001827,异端风格的石材,,,0,0,0,1,0,0,False,0,21470,1,99,1,0,0,0
2001828,遗迹的石材,,,0,0,0,1,0,0,False,0,21470,1,99,1,0,0,0
2001829,数枪矿,,,0,0,0,1,0,0,False,0,21477,1,99,1,0,0,0
2001830,优质的星蓝石原石,,,0,0,0,1,0,0,False,0,21472,1,99,1,0,0,0
2001831,云海岩石,,,0,0,0,1,0,0,False,0,21453,1,99,1,0,0,0
2001832,云海泥土,,,0,0,0,1,0,0,False,0,22634,1,99,1,0,0,0
2001833,苍天沙,,,0,0,0,1,0,0,False,0,21218,1,99,1,0,0,0
2001834,光泽暗淡的箭头,,,0,0,0,1,0,0,False,0,27241,1,99,1,0,0,0
2001835,满是泥的古钱,,,0,0,0,1,0,0,False,0,25917,1,99,1,0,0,0
2001836,亚战神矿,,,0,0,0,1,0,0,False,0,21202,1,99,1,0,0,0
2001837,云海沙,,,0,0,0,1,0,0,False,0,21459,1,99,1,0,0,0
2001838,大块云海轻石,,,0,0,0,1,0,0,False,0,21251,1,99,1,0,0,0
2001839,小块云海轻石,,,0,0,0,1,0,0,False,0,21251,1,99,1,0,0,0
2001840,优质的小刀矿,,,0,0,0,1,0,0,False,0,21208,1,99,1,0,0,0
2001841,小刀矿,,,0,0,0,1,0,0,False,0,21208,1,99,1,0,0,0
2001842,透明的水晶,,,0,0,0,1,0,0,False,0,20019,1,99,1,0,0,0
2001843,废都的建材,,,0,0,0,1,0,0,False,0,21003,1,99,1,0,0,0
2001844,陈旧的建材,,,0,0,0,1,0,0,False,0,21003,1,99,1,0,0,0
2001845,优质的红玉草根,,,0,0,0,1,0,0,False,0,25005,1,99,1,0,0,0
2001846,红玉草根,,,0,0,0,1,0,0,False,0,25005,1,99,1,0,0,0
2001847,圣人草,,,0,0,0,1,0,0,False,0,25015,1,99,1,0,0,0
2001848,库尔札斯雪松木,,,0,0,0,1,0,0,False,0,22415,1,99,1,0,0,0
2001849,库尔札斯雪松枝,,,0,0,0,1,0,0,False,0,22416,1,99,1,0,0,0
2001850,优质的龙胆,,,0,0,0,1,0,0,False,0,25002,1,99,1,0,0,0
2001851,龙胆,,,0,0,0,1,0,0,False,0,25002,1,99,1,0,0,0
2001852,利克瓦兹草,,,0,0,0,1,0,0,False,0,25023,1,99,1,0,0,0
2001853,七天树根,,,0,0,0,1,0,0,False,0,25005,1,99,1,0,0,0
2001854,神秘草,,,0,0,0,1,0,0,False,0,25008,1,99,1,0,0,0
2001855,奇妙草,,,0,0,0,1,0,0,False,0,25008,1,99,1,0,0,0
2001856,古代蒲公英,,,0,0,0,1,0,0,False,0,25029,1,99,1,0,0,0
2001857,野草残渣,,,0,0,0,1,0,0,False,0,25029,1,99,1,0,0,0
2001858,翻云雾海的野草,,,0,0,0,1,0,0,False,0,25008,1,99,1,0,0,0
2001859,巨大球蓟,,,0,0,0,1,0,0,False,0,25220,1,99,1,0,0,0
2001860,蓝云花,,,0,0,0,1,0,0,False,0,25030,1,99,1,0,0,0
2001861,飘香花蜜,,,0,0,0,1,0,0,False,0,25102,1,99,1,0,0,0
2001862,甘甜花蜜,,,0,0,0,1,0,0,False,0,25102,1,99,1,0,0,0
2001863,黑雪松木,,,0,0,0,1,0,0,False,0,22415,1,99,1,0,0,0
2001864,黑雪松枝,,,0,0,0,1,0,0,False,0,22416,1,99,1,0,0,0
2001865,沙利亚克之指,,,0,0,0,1,0,0,False,0,25005,1,99,1,0,0,0
2001866,优质的树苗枝,,,0,0,0,1,0,0,False,0,22416,1,99,1,0,0,0
2001867,树苗枝,,,0,0,0,1,0,0,False,0,22416,1,99,1,0,0,0
2001868,妖异全集«假面怪物»之页,,,0,0,0,1,0,0,False,0,26151,0,99,1,0,0,0
2001869,妖异全集«青眼怪物»之页,,,0,0,0,1,0,0,False,0,26151,0,99,1,0,0,0
2001870,臭臭弹,,,0,0,0,1,0,0,False,0,27009,1,99,1,3,0,0
2001871,坚硬龙鳞,,,0,0,0,1,0,0,False,0,22251,0,99,1,0,0,0
2001872,冠恐鸟胸肉,,,0,0,0,1,0,0,False,0,25153,1,99,1,3,0,0
2001873,上等肥料,,,0,0,0,1,0,0,False,0,27501,0,99,1,0,0,0
2001874,冠恐鸟羽毛,,,0,0,0,1,0,0,False,67596,21907,0,3,1,0,0,0
2001875,格伦阿穆花,,,0,0,0,1,0,0,False,67598,25023,0,1,1,0,0,0
2001876,嘭嘭草,,,0,0,0,1,0,0,False,67599,25357,0,4,1,0,0,0
2001877,泉水核心,,,0,0,0,1,0,0,False,0,22614,0,99,1,0,0,0
2001878,赛伦蒂碧提的密封信,,,0,0,0,1,0,0,False,67608,26174,0,1,1,0,0,0
2001879,刺客的书信,,,0,0,0,1,0,0,False,67555,26181,0,1,1,0,0,0
2001880,装有上缴金的皮袋,,,0,0,0,1,0,0,False,67614,25919,1,1,1,3,0,0
2001881,,,,0,0,0,0,0,0,False,0,0,0,0,0,0,0,0
2001882,全新系统装置,,,0,0,0,1,0,0,False,67649,59542,0,1,1,0,0,0
2001883,冰枪石,,,0,0,0,1,0,0,False,67647,21291,0,1,1,0,0,0
2001884,招雷巨蛇鳞,,,0,0,0,1,0,0,False,67648,22252,0,1,1,0,0,0
2001885,野生陆行鸟的羽毛,,,0,0,0,1,0,0,False,0,21901,0,99,1,0,0,0
2001886,风脉仪,,,0,0,0,1,0,0,False,0,787,0,1,5,0,0,0
2001887,灯塔钥匙,,,0,0,0,1,0,0,False,0,25904,1,1,1,0,0,0
2001888,地灵军钥匙,,,0,0,0,1,0,0,False,0,25904,1,1,1,0,0,0
2001889,新鲜的黑线鳕,,,0,0,0,1,0,0,False,67662,29012,0,1,1,0,0,0
2001890,故障虫的碎片,,,0,0,0,1,0,0,False,67670,20956,0,1,1,3,0,0
2001891,匠师的笔记,,,0,0,0,1,0,0,False,67670,25906,0,1,1,3,0,0
2001892,,,,0,0,0,0,0,0,False,0,0,0,0,0,0,0,0
2001893,,,,0,0,0,0,0,0,False,0,0,0,0,0,0,0,0
2001894,,,,0,0,0,0,0,0,False,0,0,0,0,0,0,0,0
2001895,海盗的私酿酒,,,0,0,0,1,0,0,False,0,25057,0,99,1,0,0,0
2001896,奇妙的饼干,,,0,0,0,1,0,0,False,67686,24067,0,3,1,0,0,0
2001897,魔女扫帚,,,0,0,0,1,0,0,False,67687,59471,1,1,1,3,0,0
2001898,扫帚的灰,,,0,0,0,1,0,0,False,67687,21001,1,1,1,3,0,0
2001899,桑克瑞德的肖像画,,,0,0,0,1,0,0,False,67695,25906,0,1,1,3,0,0
2001900,旧匕首,,,0,0,0,1,0,0,False,67737,33801,0,1,1,0,0,0
2001901,有伤痕的骨头,,,0,0,0,1,0,0,False,67702,22201,1,5,1,3,0,0
2001902,陈旧的腾云蛇角笛,,,0,0,0,1,0,0,False,67703,26038,0,1,1,0,0,0
2001903,优质的阿巴拉提亚岩盐,,,0,0,0,1,0,0,False,67704,22261,0,1,1,0,0,0
2001904,浮岛的野草,,,0,0,0,1,0,0,False,67708,25029,0,3,1,0,0,0
2001905,特制菜丸子,,,0,0,0,1,0,0,False,67708,27011,0,1,1,0,0,0
2001906,柴火,,,0,0,0,1,0,0,False,67708,52113,0,1,1,0,0,0
2001907,温杜族的食品罐,,,0,0,0,1,0,0,False,67710,22852,0,4,1,0,0,0
2001908,泉水水晶,,,0,0,0,1,0,0,False,67712,20008,0,3,1,0,0,0
2001909,瓦魔蛾幼虫嫩肉,,,0,0,0,1,0,0,False,67716,27015,0,2,1,0,0,0
2001910,尊杜制梳子,,,0,0,0,1,0,0,False,67716,22623,0,1,1,0,0,0
2001911,松软的土,,,0,0,0,1,0,0,False,67717,21464,0,3,1,0,0,0
2001912,蠕动的虫子,,,0,0,0,1,0,0,False,67721,27006,1,1,1,3,0,0
2001913,奇纳哈尔鸟妖筋腱,,,0,0,0,1,0,0,False,67721,25151,0,2,1,0,0,0
2001914,战神钢钉,,,0,0,0,1,0,0,False,67721,21008,0,1,1,0,0,0
2001915,人形岩硬石,,,0,0,0,1,0,0,False,67722,21210,0,2,1,0,0,0
2001916,长颈驼的长腿骨,,,0,0,0,1,0,0,False,67723,22202,0,2,1,0,0,0
2001917,温杜族的涂料罐,,,0,0,0,1,0,0,False,67724,22802,0,3,1,0,0,0
2001918,瓦魔蛾茧,,,0,0,0,1,0,0,False,67727,21664,0,4,1,0,0,0
2001919,离群的风筝猫,,,0,0,0,1,0,0,False,67728,59532,0,5,1,0,0,0
2001920,鲜艳的柯瑞甘,,,0,0,0,1,0,0,False,67729,26110,0,4,1,0,0,0
2001921,冠恐鸟柔软的羽毛,,,0,0,0,1,0,0,False,67730,21907,0,3,1,0,0,0
2001922,秘制菜丸子,,,0,0,0,1,0,0,False,67731,27011,0,3,1,0,0,0
2001923,活蹦乱跳的猴面雀,,,0,0,0,1,0,0,False,67732,26110,0,1,1,0,0,0
2001924,,,,0,0,0,0,0,0,False,0,0,0,0,0,0,0,0
2001925,,,,0,0,0,0,0,0,False,0,0,0,0,0,0,0,0
2001926,薰风水晶,,,0,0,0,1,0,0,False,67717,20004,0,3,1,0,0,0
2001927,流泪草,,,0,0,0,1,0,0,False,67735,26024,1,1,1,3,0,0
2001928,目之石的碎片,,,0,0,0,1,0,0,False,67742,20004,0,1,1,0,0,0
2001929,耳之石的碎片,,,0,0,0,1,0,0,False,67742,20002,0,1,1,0,0,0
2001930,口之石的碎片,,,0,0,0,1,0,0,False,67742,20001,0,1,1,0,0,0
2001931,安祖蛋,,,0,0,0,1,0,0,False,67713,25252,0,3,1,0,0,0
2001932,起床钟和乐谱,,,0,0,0,1,0,0,False,67760,26316,0,1,1,0,0,0
2001933,星芒钟和乐谱,,,0,0,0,1,0,0,False,67760,21002,0,1,1,0,0,0
2001934,干燥的云海藤,,,0,0,0,1,0,0,False,67728,25019,1,5,1,3,0,0
2001935,瓦努族编织袋,,,0,0,0,1,0,0,False,67732,26110,1,1,1,3,0,0
2001936,雪米果,,,0,0,0,1,0,0,False,67758,22640,0,2,1,3,0,0
2001937,长颈驼的胫骨,,,0,0,0,1,0,0,False,67723,22202,0,2,1,0,0,0
2001938,恋人卡,,,0,0,0,1,0,0,False,67755,26174,0,3,1,0,0,0
2001939,被遗忘的卡,,,0,0,0,1,0,0,False,67756,26174,0,1,1,0,0,0
2001940,粘粘的降神糕,,,0,0,0,1,0,0,False,0,24015,0,99,1,0,0,0
2001941,干燥枯草,,,0,0,0,1,0,0,False,67716,21653,1,1,1,3,0,0
2001942,火神伊弗利特之火,,,0,0,0,1,0,0,False,67206,25911,0,1,1,0,0,0
2001943,风神迦楼罗之风,,,0,0,0,1,0,0,False,67206,25901,0,1,1,0,0,0
2001944,土神泰坦之土,,,0,0,0,1,0,0,False,67206,21464,0,1,1,0,0,0
2001945,给希尔达的信,,,0,0,0,1,0,0,False,67774,25906,0,1,1,3,0,0
2001946,英格玛秘典的碎片,,,0,0,0,1,0,0,False,67785,20401,0,1,1,0,0,0
2001947,东方软膏,,,0,0,0,1,0,0,False,67012,20661,0,1,1,0,0,0
2001948,妖怪手表,,,0,0,0,1,0,0,False,67677,55750,0,1,1,0,0,0
2001949,枯树精的嫩枝,,,0,0,0,1,0,0,False,67791,22416,0,1,1,0,0,0
2001950,干燥的木柴,,,0,0,0,1,0,0,False,67792,52113,1,1,1,3,0,0
2001951,枯树精的嫩枝,,,0,0,0,1,0,0,False,67797,22416,0,2,1,0,0,0
2001952,烟草,,,0,0,0,1,0,0,False,67798,25009,0,3,1,0,0,0
2001953,切碎的烟草,,,0,0,0,1,0,0,False,67798,23001,0,2,1,0,0,0
2001954,骨颌族的食品罐,,,0,0,0,1,0,0,False,67801,22852,0,3,1,0,0,0
2001955,肥沃的黑土,,,0,0,0,1,0,0,False,67801,27501,0,3,1,0,0,0
2001956,阿瓦隆尼亚红沙,,,0,0,0,1,0,0,False,67802,27401,0,3,1,0,0,0
2001957,枯树的圆木,,,0,0,0,1,0,0,False,67802,52113,0,3,1,0,0,0
2001958,银露草,,,0,0,0,1,0,0,False,67803,25015,0,4,1,0,0,0
2001959,成熟的七天树果实,,,0,0,0,1,0,0,False,67804,25221,0,3,1,0,0,0
2001960,七天树果酒,,,0,0,0,1,0,0,False,67804,25057,0,1,1,0,0,0
2001961,陆行鸟筋腱,,,0,0,0,1,0,0,False,67806,25154,1,3,1,3,0,0
2001962,斑攫兽的毛皮,,,0,0,0,1,0,0,False,67806,22013,0,2,1,0,0,0
2001963,锐爪虾,,,0,0,0,1,0,0,False,67809,29404,1,1,1,3,0,0
2001964,南加蛋,,,0,0,0,1,0,0,False,67809,25156,0,2,1,0,0,0
2001965,昔日薄荷,,,0,0,0,1,0,0,False,67810,25016,0,3,1,0,0,0
2001966,龙人鼠尾草,,,0,0,0,1,0,0,False,67810,25009,0,3,1,0,0,0
2001967,香草组合包,,,0,0,0,1,0,0,False,67810,22623,0,1,1,0,0,0
2001968,给乌姆·阿拉的包裹,,,0,0,0,1,0,0,False,67813,23001,0,1,1,0,0,0
2001969,亚拉戈魔神神典石,,,0,0,0,1,0,0,False,67817,25931,0,1,1,0,0,0
2001970,魔法鳞粉,,,0,0,0,1,0,0,False,67666,21219,1,1,1,10,0,0
2001971,巨蛋的蛋壳碎片,,,0,0,0,1,0,0,False,67666,26111,1,1,1,5,0,0
2001972,预言蛋,,,0,0,0,1,0,0,False,0,21308,0,99,1,0,0,0
2001973,耐热捕获网,,,0,0,0,1,0,0,False,67675,25919,1,1,1,1,0,0
2001974,捕获到的轰击怪,,,0,0,0,1,0,0,False,67675,59403,1,1,1,3,0,0
2001975,阿维尔的戒指,,,0,0,0,1,0,0,False,67093,54421,0,1,1,0,0,0
2001976,妖怪大辞典,,,0,0,0,1,0,0,False,0,787,1,1,1,0,0,0
2001977,1级传送魔纹的地图,,,0,0,0,1,0,0,False,0,26151,1,1,2,0,0,0
2001978,给修复团的资材,,,0,0,0,1,0,0,False,67860,21003,0,1,1,0,0,0
2001979,给昂德卢的书信,,,0,0,0,1,0,0,False,67861,26171,0,1,1,0,0,0
2001980,异端的雕像,,,0,0,0,1,0,0,False,67861,21002,0,1,1,0,0,0
2001981,神秘的碎片,,,0,0,0,1,0,0,False,67862,21252,0,2,1,0,0,0
2001982,给工匠学徒的包裹,,,0,0,0,1,0,0,False,67826,26108,0,3,1,0,0,0
2001983,脏兮兮的废材,,,0,0,0,1,0,0,False,67828,21003,0,1,1,0,0,0
2001984,杂七杂八的材料,,,0,0,0,1,0,0,False,67828,26110,0,1,1,0,0,0
2001985,山克芹尼的藤蔓,,,0,0,0,1,0,0,False,67829,21662,0,3,1,0,0,0
2001986,破旧的废材,,,0,0,0,1,0,0,False,67830,21003,0,3,1,0,0,0
2001987,高精度的石砖,,,0,0,0,1,0,0,False,67836,22605,0,1,1,0,0,0
2001988,,,,0,0,0,1,0,0,False,0,25311,1,1,1,3,0,0
2001989,泉水修补部件的材料,,,0,0,0,1,0,0,False,67841,22407,0,3,1,0,0,0
2001990,慰问品菜肴,,,0,0,0,1,0,0,False,67843,24104,0,3,1,0,0,0
2001991,库啪树的水晶,,,0,0,0,1,0,0,False,67844,20016,0,1,1,0,0,0
2001992,机龙魔笛,,,0,0,0,1,0,0,False,69593,26038,1,1,1,3,0,0
2001993,乌兰的笔记,,,0,0,0,1,0,0,False,0,26189,1,1,6,0,0,0
2001994,元灵透镜,,,0,0,0,1,0,0,False,0,25986,1,1,6,0,0,0
2001995,双足飞龙的旧鳞,,,0,0,0,1,0,0,False,67849,22262,0,1,1,0,0,0
2001996,给双足飞龙的礼物,,,0,0,0,1,0,0,False,67850,29717,0,1,1,0,0,0
2001997,候鸟巢,,,0,0,0,1,0,0,False,67851,21003,0,1,1,0,0,0
2001998,神蜥蜴刺,,,0,0,0,1,0,0,False,67851,26110,0,1,1,0,0,0
2001999,大量的水晶,,,0,0,0,1,0,0,False,67851,26108,0,1,1,0,0,0
2002000,伊修加德风味的晚餐组合,,,0,0,0,1,0,0,False,67852,24204,0,3,1,0,0,0
2002001,宝物库的钥匙,,,0,0,0,1,0,0,False,0,25902,0,1,1,0,0,0
2002002,爆弹怪的冷灰,,,0,0,0,1,0,0,False,0,21001,0,99,1,0,0,0
2002003,不可思议的饼干,,,0,0,0,1,0,0,False,0,24067,1,99,1,0,0,0
2002004,微弱的火种,,,0,0,0,1,0,0,False,0,25911,1,99,1,0,0,0
2002005,识破变身用烟雾弹,,,0,0,0,1,0,0,False,0,26015,1766,99,1,0,0,4
2002006,起风珠,,,0,0,0,1,0,0,False,0,20004,0,1,1,0,0,0
2002007,起风珠,,,0,0,0,1,0,0,False,0,20004,0,1,1,0,0,0
2002008,鸟人风格的钥匙,,,0,0,0,1,0,0,False,0,25904,0,1,1,0,0,0
2002009,亚拉戈女神神典石,,,0,0,0,1,0,0,False,67869,25931,0,1,1,0,0,0
2002010,皮革封面的书籍,,,0,0,0,1,0,0,False,67922,26158,0,1,1,0,0,0
2002011,老者御敌战甲,,,0,0,0,1,0,0,False,67906,48088,0,1,1,0,0,0
2002012,召唤用水晶,,,0,0,0,1,0,0,False,67881,20009,0,2,1,0,0,0
2002013,老者御敌铠靴,,,0,0,0,1,0,0,False,67906,47018,0,1,1,0,0,0
2002014,星星的礼物,,,0,0,0,1,0,0,False,67912,21294,0,5,1,0,0,0
2002015,给罗韦尔的信,,,0,0,0,1,0,0,False,67913,26175,0,1,1,0,0,0
2002016,星神的礼物,,,0,0,0,1,0,0,False,67914,26113,0,1,1,0,0,0
2002017,给罗韦尔的礼物,,,0,0,0,1,0,0,False,67913,26107,0,1,1,0,0,0
2002018,历练冒险谭第一章,,,0,0,0,1,0,0,False,67916,26155,0,1,1,0,0,0
2002019,带有药学院标记的木箱,,,0,0,0,1,0,0,False,67911,21003,0,1,1,0,0,0
2002020,灵布,,,0,0,0,1,0,0,False,67917,21614,0,1,1,0,0,0
2002021,记忆灵布,,,0,0,0,1,0,0,False,67917,21615,0,1,1,0,0,0
2002022,粹星水,,,0,0,0,1,0,0,False,67915,20622,0,1,1,0,0,0
2002023,库洛的奇谈书,,,0,0,0,1,0,0,False,0,25987,1,1,7,0,0,0
2002024,历练冒险谭第二章,,,0,0,0,1,0,0,False,67916,26156,0,1,1,0,0,0
2002025,历练冒险谭第三章,,,0,0,0,1,0,0,False,67916,26157,0,1,1,0,0,0
2002026,秘制蒸馏酒,,,0,0,0,1,0,0,False,67915,25057,0,1,1,0,0,0
2002027,古老的抄本,,,0,0,0,1,0,0,False,67875,26159,0,1,1,0,0,0
2002028,亚拉戈兵器的残骸,,,0,0,0,1,0,0,False,67016,20954,1,1,1,0,0,0
2002029,改良型元灵透镜,,,0,0,0,1,0,0,False,67932,25996,1,1,6,0,0,0
2002030,魔晶堂宝玉,,,0,0,0,1,0,0,False,67932,21328,0,1,1,0,0,0
2002031,古代魔法人偶,,,0,0,0,1,0,0,False,67932,59401,0,1,1,0,0,0
2002032,索姆阿尔灵熔岩,,,0,0,0,1,0,0,False,67932,21471,0,1,1,0,0,0
2002033,亚拉戈鬼神神典石,,,0,0,0,1,0,0,False,67931,25931,0,1,1,0,0,0
2002034,蝾螈油,,,0,0,0,1,0,0,False,67908,22603,1,1,1,2,0,0
2002035,放属性雷之碎晶,,,0,0,0,1,0,0,False,0,20005,0,99,1,0,0,0
2002036,放属性火之碎晶,,,0,0,0,1,0,0,False,0,20001,0,99,1,0,0,0
2002037,放属性土之碎晶,,,0,0,0,1,0,0,False,0,20006,0,99,1,0,0,0
2002038,放属性冰之碎晶,,,0,0,0,1,0,0,False,0,20003,0,99,1,0,0,0
2002039,放属性水之碎晶,,,0,0,0,1,0,0,False,0,20002,0,99,1,0,0,0
2002040,放属性风之碎晶,,,0,0,0,1,0,0,False,0,20004,0,99,1,0,0,0
2002041,过属性雷之水晶,,,0,0,0,1,0,0,False,0,20025,0,99,1,0,0,0
2002042,过属性火之水晶,,,0,0,0,1,0,0,False,0,20021,0,99,1,0,0,0
2002043,过属性土之水晶,,,0,0,0,1,0,0,False,0,20024,0,99,1,0,0,0
2002044,过属性冰之水晶,,,0,0,0,1,0,0,False,0,20022,0,99,1,0,0,0
2002045,过属性水之水晶,,,0,0,0,1,0,0,False,0,20026,0,99,1,0,0,0
2002046,过属性风之水晶,,,0,0,0,1,0,0,False,0,20023,0,99,1,0,0,0
2002047,曼德维尔蝾螈油,,,0,0,0,1,0,0,False,67908,22653,1,1,1,4,0,0
2002048,帝国军认证密钥,,,0,0,0,1,0,0,False,0,26014,0,1,1,0,0,0
2002049,帝国军认证密钥,,,0,0,0,1,0,0,False,0,26014,0,1,1,0,0,0
2002050,帝国军认证密钥,,,0,0,0,1,0,0,False,0,26014,0,1,1,0,0,0
2002051,帝国军认证密钥,,,0,0,0,1,0,0,False,0,26014,0,1,1,0,0,0
2002052,凤凰魔笛,,,0,0,0,1,0,0,False,67086,26039,1,1,1,3,0,0
2002053,珊琪的药,,,0,0,0,1,0,0,False,67954,20661,1,1,1,3,0,0
2002054,惊喜彩蛋,,,0,0,0,1,0,0,False,67958,21310,0,3,1,0,0,0
2002055,惊喜彩蛋,,,0,0,0,1,0,0,False,67959,21310,0,3,1,0,0,0
2002056,曼德维尔优待券,,,0,0,0,1,0,0,False,67960,26173,0,1,1,0,0,0
2002057,采矿工行会的密封信,,,0,0,0,1,0,0,False,68090,25918,0,1,1,0,0,0
2002058,为最技研准备的资材,,,0,0,0,1,0,0,False,68093,26108,0,1,1,0,0,0
2002059,云海妖花粉,,,0,0,0,1,0,0,False,0,21219,0,99,1,0,0,0
2002060,巨虫肝,,,0,0,0,1,0,0,False,0,22635,0,99,1,0,0,0
2002061,弱化试剂,,,0,0,0,1,0,0,False,0,22612,1,1,1,3,1,1
2002062,云海物种的骨骼标本,,,0,0,0,1,0,0,False,0,22213,0,99,1,0,0,0
2002063,,,,0,0,0,0,0,0,False,0,0,0,0,0,0,0,0
2002064,云海物种的器官标本,,,0,0,0,1,0,0,False,0,22602,0,99,1,0,0,0
2002065,防身用刀,,,0,0,0,1,0,0,False,68129,36427,0,1,1,0,0,0
2002066,崭新的锻铁工具,,,0,0,0,1,0,0,False,68154,21003,0,1,1,0,0,0
2002067,黄色的小菊花,,,0,0,0,1,0,0,False,68030,25029,0,1,1,0,0,0
2002068,吹箭筒,,,0,0,0,1,0,0,False,68031,22452,0,1,1,0,0,0
2002069,,,,0,0,0,1,0,0,False,68032,26015,1766,1,1,3,0,4
2002070,忘却粉,,,0,0,0,1,0,0,False,68033,22623,1,1,1,3,0,0
2002071,生锈的废铁,,,0,0,0,1,0,0,False,68153,21222,0,1,1,0,0,0
2002072,负责监视的十夫长,,,0,0,0,1,0,0,False,68033,40282,1,1,1,3,0,0
2002073,负责监视的帝国兵,,,0,0,0,1,0,0,False,68033,40282,1,1,1,3,0,0
2002074,嘉·凯碧卡制作的圆筒,,,0,0,0,1,0,0,False,68139,26108,0,1,1,0,0,0
2002075,包装好的管弦乐琴,,,0,0,0,1,0,0,False,68139,26107,0,1,1,0,0,0
2002076,古旧的笔记,,,0,0,0,1,0,0,False,68171,26168,0,1,1,0,0,0
2002077,药用香草,,,0,0,0,1,0,0,False,68172,25016,0,6,1,0,0,0
2002078,染血头巾,,,0,0,0,1,0,0,False,68188,23301,0,1,1,0,0,0
2002079,苦土石灰的麻袋,,,0,0,0,1,0,0,False,68182,27404,1,4,1,3,0,0
2002080,通透的阿剌吉酒,,,0,0,0,1,0,0,False,68396,25057,0,1,1,0,0,0
2002081,维德制作的框架,,,0,0,0,1,0,0,False,68139,21003,0,1,1,0,0,0
2002082,哈尔制作的装饰部件,,,0,0,0,1,0,0,False,68139,21002,0,1,1,0,0,0
2002083,土壤样本,,,0,0,0,1,0,0,False,68179,21465,0,3,1,0,0,0
2002084,水质样本,,,0,0,0,1,0,0,False,68179,22614,0,1,1,0,0,0
2002085,帝王鳄的肉,,,0,0,0,1,0,0,False,68180,25151,0,3,1,0,0,0
2002086,威罗迪纳菇,,,0,0,0,1,0,0,False,68180,25401,0,3,1,0,0,0
2002087,土元精核心,,,0,0,0,1,0,0,False,68183,21264,0,3,1,0,0,0
2002088,锻冶油壶,,,0,0,0,1,0,0,False,68212,22636,0,3,1,0,0,0
2002089,恩惠石,,,0,0,0,1,0,0,False,68251,21454,0,1,1,0,0,0
2002090,走味的麦酒,,,0,0,0,1,0,0,False,68354,20643,1,1,1,3,0,0
2002091,干粉末,,,0,0,0,1,0,0,False,68404,21006,1,1,1,3,0,0
2002092,蚁狮的分泌液,,,0,0,0,1,0,0,False,68404,20661,0,1,1,0,0,0
2002093,腐烂的小杂鱼,,,0,0,0,1,0,0,False,68017,29034,1,2,1,3,0,0
2002094,无瑕的鲎壳,,,0,0,0,1,0,0,False,68019,22257,0,1,1,0,0,0
2002095,发光的辉石,,,0,0,0,1,0,0,False,68022,26513,0,1,1,0,0,0
2002096,八尺琼勾玉,,,0,0,0,1,0,0,False,68023,26513,0,1,1,0,0,0
2002097,小熊猫,,,0,0,0,1,0,0,False,68206,59534,0,2,1,0,0,0
2002098,炽热的熔岩,,,0,0,0,1,0,0,False,68211,30352,0,6,1,0,0,0
2002099,寻人画像,,,0,0,0,1,0,0,False,68009,26151,3140,1,1,0,0,0
2002100,美丽的红珊瑚,,,0,0,0,1,0,0,False,68239,29060,0,3,1,0,0,0
2002101,武将的腰刀,,,0,0,0,1,0,0,False,68247,36432,0,1,1,0,0,0
2002102,红色的海藻,,,0,0,0,1,0,0,False,68252,26110,0,3,1,0,0,0
2002103,力量菇,,,0,0,0,1,0,0,False,68252,25405,0,3,1,0,0,0
2002104,新鲜的狗肉,,,0,0,0,1,0,0,False,68252,25159,0,3,1,0,0,0
2002105,候鸟的财宝,,,0,0,0,1,0,0,False,68253,26001,0,3,1,0,0,0
2002106,装着干货的包裹,,,0,0,0,1,0,0,False,68278,26109,0,1,1,0,0,0
2002107,未完工的铃铛,,,0,0,0,1,0,0,False,68278,26108,0,1,1,0,0,0
2002108,坚硬的石子,,,0,0,0,1,0,0,False,68278,21222,0,4,1,0,0,0
2002109,梅弗里德的护身符,,,0,0,0,1,0,0,False,68000,26110,0,1,1,0,0,0
2002110,应急用的炼金药,,,0,0,0,1,0,0,False,68001,20661,0,3,1,0,0,0
2002111,犏牛肉,,,0,0,0,1,0,0,False,68292,25152,0,4,1,0,0,0
2002112,奥罗尼部的灯油,,,0,0,0,1,0,0,False,68314,25452,1,5,1,3,0,0
2002113,初级雄兵怪物通缉令,,,0,0,0,1,0,0,False,0,26504,1,1,4,0,0,0
2002114,中级雄兵怪物通缉令,,,0,0,0,1,0,0,False,0,26505,1,1,4,0,0,0
2002115,高级雄兵怪物通缉令,,,0,0,0,1,0,0,False,0,26506,1,1,4,0,0,0
2002116,雄兵恶名精英通缉令,,,0,0,0,1,0,0,False,0,26507,1,1,4,0,0,0
2002117,模儿部的剑,,,0,0,0,1,0,0,False,68337,30420,0,1,1,0,0,0
2002118,供奉用的供品,,,0,0,0,1,0,0,False,68337,26109,0,1,1,0,0,0
2002119,清澈的水,,,0,0,0,1,0,0,False,68337,22614,0,1,1,0,0,0
2002120,护身符的木片,,,0,0,0,1,0,0,False,0,22455,1,99,1,0,0,0
2002121,护身符的优质木片,,,0,0,0,1,0,0,False,0,22459,1,99,1,0,0,0
2002122,天柱树的树液,,,0,0,0,1,0,0,False,0,22642,1,99,1,0,0,0
2002123,干树皮,,,0,0,0,1,0,0,False,0,22634,1,99,1,0,0,0
2002124,湿树皮,,,0,0,0,1,0,0,False,0,22418,1,99,1,0,0,0
2002125,奥萨德松原木,,,0,0,0,1,0,0,False,0,22414,1,99,1,0,0,0
2002126,优质奥萨德松原木,,,0,0,0,1,0,0,False,0,22411,1,99,1,0,0,0
2002127,红矶花的碎片,,,0,0,0,1,0,0,False,0,29060,1,99,1,0,0,0
2002128,螺旋海鳃,,,0,0,0,1,0,0,False,0,23106,1,99,1,0,0,0
2002129,硬竹,,,0,0,0,1,0,0,False,0,22452,1,99,1,0,0,0
2002130,软竹,,,0,0,0,1,0,0,False,0,22451,1,99,1,0,0,0
2002131,高级家具用原木,,,0,0,0,1,0,0,False,0,22411,1,99,1,0,0,0
2002132,水铃草,,,0,0,0,1,0,0,False,0,25016,1,99,1,0,0,0
2002133,长水铃草,,,0,0,0,1,0,0,False,0,25015,1,99,1,0,0,0
2002134,熟客的原木,,,0,0,0,1,0,0,False,0,22411,1,99,1,0,0,0
2002135,毒羊草,,,0,0,0,1,0,0,False,0,25035,1,99,1,0,0,0
2002136,柔软的叶子,,,0,0,0,1,0,0,False,0,25202,1,99,1,0,0,0
2002137,芳香的叶子,,,0,0,0,1,0,0,False,0,25201,1,99,1,0,0,0
2002138,花茶的花瓣,,,0,0,0,1,0,0,False,0,25022,1,99,1,0,0,0
2002139,优质花茶的花瓣,,,0,0,0,1,0,0,False,0,22627,1,99,1,0,0,0
2002140,尖嘴草花,,,0,0,0,1,0,0,False,0,25022,1,99,1,0,0,0
2002141,野生种的种子,,,0,0,0,1,0,0,False,0,27457,1,99,1,0,0,0
2002142,有前途的种子,,,0,0,0,1,0,0,False,0,27458,1,99,1,0,0,0
2002143,陶瓷合金装甲片,,,0,0,0,1,0,0,False,0,20953,1,99,1,0,0,0
2002144,超硬陶瓷合金装甲片,,,0,0,0,1,0,0,False,0,20960,1,99,1,0,0,0
2002145,古代贝的化石,,,0,0,0,1,0,0,False,0,29059,1,99,1,0,0,0
2002146,磨损的岩石,,,0,0,0,1,0,0,False,0,21453,1,99,1,0,0,0
2002147,坚硬的岩石,,,0,0,0,1,0,0,False,0,21202,1,99,1,0,0,0
2002148,红玉海的矿石标本,,,0,0,0,1,0,0,False,0,21210,1,99,1,0,0,0
2002149,红玉海的优质矿石标本,,,0,0,0,1,0,0,False,0,21212,1,99,1,0,0,0
2002150,海绿石,,,0,0,0,1,0,0,False,0,21459,1,99,1,0,0,0
2002151,菊目石的碎片,,,0,0,0,1,0,0,False,0,22209,1,99,1,0,0,0
2002152,普通强度的白色石头,,,0,0,0,1,0,0,False,0,21454,1,99,1,0,0,0
2002153,强度过硬的白色石头,,,0,0,0,1,0,0,False,0,21251,1,99,1,0,0,0
2002154,高速魔导驱逐艇的装甲片,,,0,0,0,1,0,0,False,0,20960,1,99,1,0,0,0
2002155,龙鳞桥的脆弱石材,,,0,0,0,1,0,0,False,0,21203,1,99,1,0,0,0
2002156,龙鳞桥的石材,,,0,0,0,1,0,0,False,0,21470,1,99,1,0,0,0
2002157,制作念珠的小石子,,,0,0,0,1,0,0,False,0,21326,1,99,1,0,0,0
2002158,太阳神草原的辉石,,,0,0,0,1,0,0,False,0,21278,1,99,1,0,0,0
2002159,月神沙漠的砂岩,,,0,0,0,1,0,0,False,0,21453,1,99,1,0,0,0
2002160,月神沙漠的硬砂岩,,,0,0,0,1,0,0,False,0,21454,1,99,1,0,0,0
2002161,肮脏的废石,,,0,0,0,1,0,0,False,0,21453,1,99,1,0,0,0
2002162,紫色的废石,,,0,0,0,1,0,0,False,0,21477,1,99,1,0,0,0
2002163,制作建材的砖瓦,,,0,0,0,1,0,0,False,0,22609,1,99,1,0,0,0
2002164,无价值的矿石,,,0,0,0,1,0,0,False,0,21210,1,99,1,0,0,0
2002165,有价值的矿石,,,0,0,0,1,0,0,False,0,21208,1,99,1,0,0,0
2002166,极小的白色石头,,,0,0,0,1,0,0,False,68159,21259,0,1,1,0,0,0
2002167,艾德姬丝的试剂订单,,,0,0,0,1,0,0,False,68159,26185,0,1,1,0,0,0
2002168,用于检测的试剂,,,0,0,0,1,0,0,False,68159,20645,0,1,1,0,0,0
2002169,被脱下来扔掉的手套,,,0,0,0,1,0,0,False,68631,44082,0,1,1,0,0,0
2002170,,,,0,0,0,0,0,0,False,0,0,0,0,0,0,0,0
2002171,达尔马斯卡葡萄酒的空瓶,,,0,0,0,1,0,0,False,68626,25057,0,1,1,0,0,0
2002172,有玫瑰花纹的葡萄酒,,,0,0,0,1,0,0,False,68626,25057,0,1,1,0,0,0
2002173,熟睡的羔羊,,,0,0,0,1,0,0,False,68307,59441,0,1,1,0,0,0
2002174,寄往乌尔达哈商会馆的密封信,,,0,0,0,1,0,0,False,68482,26173,0,1,1,0,0,0
2002175,西德寄来的书信,,,0,0,0,1,0,0,False,68482,26109,0,1,1,0,0,0
2002176,手工炸弹,,,0,0,0,1,0,0,False,68483,25907,1766,1,1,3,0,4
2002177,剥落的装甲板,,,0,0,0,1,0,0,False,68483,20961,0,15,1,0,0,0
2002178,轻微损伤的武具,,,0,0,0,1,0,0,False,68058,36427,0,1,1,0,0,0
2002179,手工烟雾弹,,,0,0,0,1,0,0,False,68186,26015,1276,7,1,3,0,6
2002180,装着大方士的鱼篓,,,0,0,0,1,0,0,False,68434,22261,0,1,1,0,0,0
2002181,给西·如恩的包裹,,,0,0,0,1,0,0,False,68114,26171,0,1,1,0,0,0
2002182,货箱的钥匙,,,0,0,0,1,0,0,False,68115,25903,1,1,1,3,0,0
2002183,羊皮纸信,,,0,0,0,1,0,0,False,68326,26151,0,1,1,0,0,0
2002184,手工爆竹,,,0,0,0,1,0,0,False,68178,26015,1,1,1,3,0,0
2002185,威罗迪纳灰熊的粗皮,,,0,0,0,1,0,0,False,68147,21820,0,1,1,0,0,0
2002186,剥落的装甲板,,,0,0,0,1,0,0,False,68057,26107,0,3,1,0,0,0
2002187,剥落的装甲板,,,0,0,0,1,0,0,False,68057,26107,0,3,1,0,0,0
2002188,沉重的包裹,,,0,0,0,1,0,0,False,68088,21003,0,1,1,0,0,0
2002189,烧焦的石板,,,0,0,0,1,0,0,False,68120,26201,0,1,1,0,0,0
2002190,缺损的石板,,,0,0,0,1,0,0,False,68120,26201,0,1,1,0,0,0
2002191,破裂的石板,,,0,0,0,1,0,0,False,68120,26201,0,1,1,0,0,0
2002192,大型乌洛里石的核心,,,0,0,0,1,0,0,False,68120,21278,0,1,1,0,0,0
2002193,,,,0,0,0,0,0,0,False,0,0,0,0,0,0,0,0
2002194,夜之血族,,,0,0,0,1,0,0,False,68121,26158,0,1,1,0,0,0
2002195,宴会请柬,,,0,0,0,1,0,0,False,68098,26173,0,1,1,0,0,0
2002196,狼獾的筋腱,,,0,0,0,1,0,0,False,68040,25155,0,9,1,0,0,0
2002197,装有肉的袋子,,,0,0,0,1,0,0,False,68040,26111,0,1,1,0,0,0
2002198,遗物风景画,,,0,0,0,1,0,0,False,68271,25999,3140,1,1,0,0,0
2002199,家畜的内脏,,,0,0,0,1,0,0,False,68040,26111,1,3,1,1,0,0
2002200,鲶鱼精的铃铛,,,0,0,0,1,0,0,False,68279,21002,3140,1,1,0,0,0
2002201,用旧了的罐子,,,0,0,0,1,0,0,False,68303,24453,3140,1,1,0,0,0
2002202,羊奶罐,,,0,0,0,1,0,0,False,68303,24453,0,1,1,0,0,0
2002203,褐色的草团,,,0,0,0,1,0,0,False,68041,27455,0,4,1,0,0,0
2002204,灵树树根,,,0,0,0,1,0,0,False,68037,25005,0,2,1,0,0,0
2002205,乌洛里石的核心,,,0,0,0,1,0,0,False,68191,21278,0,2,1,0,0,0
2002206,延夏虎肉,,,0,0,0,1,0,0,False,68268,25153,0,2,1,0,0,0
2002207,剑草,,,0,0,0,1,0,0,False,68045,25035,0,8,1,0,0,0
2002208,,,,0,0,0,1,0,0,False,0,59441,0,1,1,0,0,0
2002209,迦迦纳怪鸟革制的宝物地图,,,0,0,0,1,0,0,False,0,26151,1,1,2,0,0,0
2002210,瞪羚革制的宝物地图,,,0,0,0,1,0,0,False,0,26151,1,1,2,0,0,0
2002211,水晶首饰,,,0,0,0,1,0,0,False,68355,54968,0,1,1,0,0,0
2002212,牛鬼肝脏,,,0,0,0,1,0,0,False,68220,25155,0,3,1,0,0,0
2002213,小鸟笼,,,0,0,0,1,0,0,False,68264,22261,1,1,1,3,0,0
2002214,空壶,,,0,0,0,1,0,0,False,68358,25055,0,1,1,0,0,0
2002215,装有树脂的壶,,,0,0,0,1,0,0,False,68358,25055,0,1,1,0,0,0
2002216,瓶装阿剌吉酒,,,0,0,0,1,0,0,False,68366,25057,0,4,1,0,0,0
2002217,补给物资木箱,,,0,0,0,1,0,0,False,68370,21003,0,1,1,0,0,0
2002218,遗物首饰,,,0,0,0,1,0,0,False,68371,54816,0,1,1,0,0,0
2002219,被抢走的货物,,,0,0,0,1,0,0,False,68373,21003,0,2,1,0,0,0
2002220,姆德斯德的大角,,,0,0,0,1,0,0,False,68383,22205,0,1,1,0,0,0
2002221,姆德斯德药茶,,,0,0,0,1,0,0,False,68384,24406,0,1,1,0,0,0
2002222,大块苔玉,,,0,0,0,1,0,0,False,68391,22625,1,2,1,3,0,0
2002223,红色船旗,,,0,0,0,1,0,0,False,68223,21615,0,1,1,0,0,0
2002224,货物目录,,,0,0,0,1,0,0,False,68223,25906,0,1,1,0,0,0
2002225,寄给琪琪茉的书信,,,0,0,0,1,0,0,False,68224,26151,0,1,1,0,0,0
2002226,飞鲨鳍,,,0,0,0,1,0,0,False,68224,22251,0,1,1,0,0,0
2002227,,,,0,0,0,1,0,0,False,0,21003,0,1,1,0,0,0
2002228,,,,0,0,0,1,0,0,False,0,26151,0,1,1,0,0,0
2002229,黏糊糊的兽脂,,,0,0,0,1,0,0,False,68298,22603,0,1,1,0,0,0
2002230,黏糊糊的兽脂,,,0,0,0,1,0,0,False,68299,22603,0,1,1,0,0,0
2002231,盖章的羊皮纸,,,0,0,0,1,0,0,False,68299,25906,0,1,1,0,0,0
2002232,破碎的子弹,,,0,0,0,1,0,0,False,68442,26108,0,1,1,0,0,0
2002233,皮项圈,,,0,0,0,1,0,0,False,68442,26316,0,1,1,0,0,0
2002234,锋利的石片,,,0,0,0,1,0,0,False,0,21452,0,99,1,0,0,0
2002235,失窃的首饰,,,0,0,0,1,0,0,False,0,26111,0,99,1,0,0,0
2002236,2级传送魔纹的地图,,,0,0,0,1,0,0,False,0,26151,1,1,2,0,0,0
2002237,乌尔王杯斗技大会的请柬,,,0,0,0,1,0,0,False,68107,26173,0,1,1,0,0,0
2002238,染血的护身符,,,0,0,0,1,0,0,False,68104,26111,0,1,1,0,0,0
2002239,水蛇肝,,,0,0,0,1,0,0,False,68266,29002,0,3,1,0,0,0
2002240,致古恩德巴尔德的信,,,0,0,0,1,0,0,False,68421,25918,0,1,1,0,0,0
2002241,散发恶臭的液体,,,0,0,0,1,0,0,False,68260,22637,1,6,1,3,0,0
2002242,修缮石围墙用的石头,,,0,0,0,1,0,0,False,68261,21454,0,4,1,0,0,0
2002243,幽暗行灯,,,0,0,0,1,0,0,False,68022,51112,3140,1,1,0,0,0
2002244,捕兽夹,,,0,0,0,1,0,0,False,68262,21003,1,6,1,3,0,0
2002245,捕鱼人的钓具箱,,,0,0,0,1,0,0,False,68254,21002,0,1,1,0,0,0
2002246,木柴,,,0,0,0,1,0,0,False,68263,52113,0,1,1,0,0,0
2002247,生鲜淡水鱼,,,0,0,0,1,0,0,False,68263,29034,0,1,1,0,0,0
2002248,延夏艾草束,,,0,0,0,1,0,0,False,68269,25036,0,1,1,0,0,0
2002249,无二江的河藻,,,0,0,0,1,0,0,False,68269,25217,0,1,1,0,0,0
2002250,小树苗,,,0,0,0,1,0,0,False,68270,52185,0,1,1,0,0,0
2002251,木酢液,,,0,0,0,1,0,0,False,68270,20665,0,1,1,0,0,0
2002252,浑浊的泥水,,,0,0,0,1,0,0,False,68277,22637,1,3,1,3,0,0
2002253,沾满泥的钱包,,,0,0,0,1,0,0,False,68281,26001,0,1,1,0,0,0
2002254,老师的铃铛,,,0,0,0,1,0,0,False,68282,26001,0,1,1,0,0,0
2002255,装药草的袋子,,,0,0,0,1,0,0,False,68309,26110,0,1,1,0,0,0
2002256,装道具的箱子,,,0,0,0,1,0,0,False,68309,21003,0,1,1,0,0,0
2002257,装种子的壶,,,0,0,0,1,0,0,False,68309,22802,0,1,1,0,0,0
2002258,伯尔斯虎的大牙,,,0,0,0,1,0,0,False,68333,22303,0,2,1,0,0,0
2002259,装满肉的袋子,,,0,0,0,1,0,0,False,68334,26110,0,1,1,0,0,0
2002260,3级传送魔纹的地图,,,0,0,0,1,0,0,False,0,26151,1,1,2,0,0,0
2002261,维达盖尔特的挑战书,,,0,0,0,1,0,0,False,67966,26151,0,1,1,0,0,0
2002262,线索笔记,,,0,0,0,1,0,0,False,68447,26151,1,1,1,3,0,0
2002263,东阿尔迪纳德商会的契约书,,,0,0,0,1,0,0,False,68224,26151,0,1,1,0,0,0
2002264,飞鲨的肝脏,,,0,0,0,1,0,0,False,68210,29002,0,3,1,0,0,0
2002265,力量之石,,,0,0,0,1,0,0,False,68230,21225,0,1,1,0,0,0
2002266,金黄色的胃石,,,0,0,0,1,0,0,False,68342,21279,0,1,1,0,0,0
2002267,狮鹫的羽毛,,,0,0,0,1,0,0,False,0,21902,0,99,1,0,0,0
2002268,漂亮的珊瑚,,,0,0,0,1,0,0,False,0,22207,0,99,1,0,0,0
2002269,被抢走的宝物,,,0,0,0,1,0,0,False,0,26001,0,99,1,0,0,0
2002270,稻苗,,,0,0,0,1,0,0,False,0,27451,0,99,1,0,0,0
2002271,红角犀鸟的蛋,,,0,0,0,1,0,0,False,0,25251,0,99,1,0,0,0
2002272,亚拉戈文明的书籍,,,0,0,0,1,0,0,False,68161,26158,0,1,1,0,0,0
2002273,给罗薇娜的信,,,0,0,0,1,0,0,False,68164,26171,0,1,1,0,0,0
2002274,42式手榴弹,,,0,0,0,1,0,0,False,68362,26015,1276,1,1,3,0,3
2002275,水精核心,,,0,0,0,1,0,0,False,68235,20208,0,3,1,0,0,0
2002276,被抢走的皮袋,,,0,0,0,1,0,0,False,68190,25991,0,1,1,0,0,0
2002277,装有矿石的木箱,,,0,0,0,1,0,0,False,68190,21003,0,1,1,0,0,0
2002278,远东米酒,,,0,0,0,1,0,0,False,68202,26514,1,1,1,3,0,0
2002279,大铃铛的画,,,0,0,0,1,0,0,False,68204,25999,3140,1,1,0,0,0
2002280,壮丽的门的画,,,0,0,0,1,0,0,False,68204,25999,3140,1,1,0,0,0
2002281,大麻袋,,,0,0,0,1,0,0,False,68216,26110,1,3,1,1,0,0
2002282,捕获的大海蛇,,,0,0,0,1,0,0,False,68216,26110,0,3,1,0,0,0
2002283,陆生者药丸,,,0,0,0,1,0,0,False,68217,25990,0,1,1,0,0,0
2002284,干燥的兽骨,,,0,0,0,1,0,0,False,68301,22201,0,4,1,0,0,0
2002285,42式手榴弹,,,0,0,0,1,0,0,False,68389,26015,1276,6,1,3,0,5
2002286,手工药弹,,,0,0,0,1,0,0,False,68412,26015,1276,8,1,3,0,6
2002287,护身烟雾弹,,,0,0,0,1,0,0,False,68412,26015,0,1,1,0,0,0
2002288,快要腐烂的鱼,,,0,0,0,1,0,0,False,68228,29055,1,2,1,3,0,0
2002289,珊瑚壳的腿,,,0,0,0,1,0,0,False,68228,29201,0,2,1,0,0,0
2002290,海底的漂流物,,,0,0,0,1,0,0,False,68244,21002,0,6,1,0,0,0
2002291,卡克儿部的食材,,,0,0,0,1,0,0,False,68288,24453,0,1,1,0,0,0
2002292,答兹喀部的食材,,,0,0,0,1,0,0,False,68288,25157,0,1,1,0,0,0
2002293,渔村的食材,,,0,0,0,1,0,0,False,68288,24315,0,1,1,0,0,0
2002294,帐篷支柱,,,0,0,0,1,0,0,False,68305,22453,0,1,1,0,0,0
2002295,长毛象的粗皮,,,0,0,0,1,0,0,False,68311,22008,0,3,1,0,0,0
2002296,干燥的树叶,,,0,0,0,1,0,0,False,68311,25034,0,1,1,0,0,0
2002297,奥罗尼部的奶酒,,,0,0,0,1,0,0,False,68312,24454,1,5,1,3,0,0
2002298,奥罗尼部的皮袋,,,0,0,0,1,0,0,False,68315,25991,0,1,1,0,0,0
2002299,传统秘药,,,0,0,0,1,0,0,False,68315,20642,306,1,1,1,0,0
2002300,邪鸟木绍布的蛋,,,0,0,0,1,0,0,False,68338,25252,0,3,1,0,0,0
2002301,七彩沟的结晶,,,0,0,0,1,0,0,False,68341,20020,0,1,1,0,0,0
2002302,七彩沟的泉水,,,0,0,0,1,0,0,False,68341,22614,0,1,1,0,0,0
2002303,纯黑色的墨汁,,,0,0,0,1,0,0,False,68343,22603,1843,1,1,3,0,0
2002304,玄水酒,,,0,0,0,1,0,0,False,68344,26514,1,1,1,3,0,0
2002305,酸性秘药,,,0,0,0,1,0,0,False,68346,20661,306,1,1,1,0,0
2002306,和服店的传单,,,0,0,0,1,0,0,False,68349,26151,0,6,1,0,0,0
2002307,姆德斯德的兽脂,,,0,0,0,1,0,0,False,68382,20673,1,1,1,3,0,0
2002308,冰镇的皮袋,,,0,0,0,1,0,0,False,68322,26110,0,1,1,0,0,0
2002309,青绿色的茨菰,,,0,0,0,1,0,0,False,68274,25919,0,3,1,0,0,0
2002310,帝国式物资箱,,,0,0,0,1,0,0,False,68387,26516,0,1,1,0,0,0
2002311,装着食材的包裹,,,0,0,0,1,0,0,False,68387,26111,0,1,1,0,0,0
2002312,石匠的锤子,,,0,0,0,1,0,0,False,68406,35052,0,1,1,0,0,0
2002313,帝国军的物资箱,,,0,0,0,1,0,0,False,68417,26516,0,1,1,0,0,0
2002314,狱蟾蜍的筋腱,,,0,0,0,1,0,0,False,68418,21005,0,4,1,0,0,0
2002315,结实的麻袋,,,0,0,0,1,0,0,False,68419,26111,1,2,1,1,0,0
2002316,装有虾蛄的麻袋,,,0,0,0,1,0,0,False,68419,26111,0,2,1,0,0,0
2002317,特制麻痹粉,,,0,0,0,1,0,0,False,68221,21006,1843,2,1,3,0,0
2002318,褐色液体,,,0,0,0,1,0,0,False,68189,20663,1,3,1,3,0,0
2002319,木棉手巾,,,0,0,0,1,0,0,False,68227,21611,0,3,1,0,0,0
2002320,红角犀鸟胸肉,,,0,0,0,1,0,0,False,68233,25151,0,3,1,0,0,0
2002321,巨大腐花,,,0,0,0,1,0,0,False,68294,25027,0,3,1,0,0,0
2002322,玛塔蛇颈龟的大甲壳,,,0,0,0,1,0,0,False,68300,22262,0,1,1,0,0,0
2002323,玛塔蛇颈龟的大爪,,,0,0,0,1,0,0,False,68300,22302,0,1,1,0,0,0
2002324,大麻袋,,,0,0,0,1,0,0,False,68357,26110,1,3,1,1,0,0
2002325,装有远角犀的麻袋,,,0,0,0,1,0,0,False,68357,26110,0,3,1,0,0,0
2002326,协商会的通知书,,,0,0,0,1,0,0,False,68372,26193,0,4,1,0,0,0
2002327,鱼鳞的鱼竿,,,0,0,0,1,0,0,False,68284,38202,0,1,1,0,0,0
2002328,水蛇肉,,,0,0,0,1,0,0,False,68286,25151,0,3,1,0,0,0
2002329,纪念戒指,,,0,0,0,1,0,0,False,68380,54403,0,1,1,0,0,0
2002330,写给贝蕾塔的信,,,0,0,0,1,0,0,False,68399,25918,0,1,1,0,0,0
2002331,艾拉特的礼物,,,0,0,0,1,0,0,False,68400,26111,0,1,1,0,0,0
2002332,海藻撒饵,,,0,0,0,1,0,0,False,68242,29063,1,1,1,3,0,0
2002333,贵人观梦螺的壳,,,0,0,0,1,0,0,False,68242,29015,0,1,1,0,0,0
2002334,拉尔戈护身符,,,0,0,0,1,0,0,False,68174,26151,0,1,1,0,0,0
2002335,阿尼罗的核心,,,0,0,0,1,0,0,False,68181,21262,0,3,1,0,0,0
2002336,土壤样本,,,0,0,0,1,0,0,False,68196,22623,0,3,1,0,0,0
2002337,水质样本,,,0,0,0,1,0,0,False,68196,22614,0,1,1,0,0,0
2002338,装着灯笼的木箱,,,0,0,0,1,0,0,False,68201,21003,0,1,1,0,0,0
2002339,冰凉的井水,,,0,0,0,1,0,0,False,68205,29431,1,1,1,3,0,0
2002340,海蕴,,,0,0,0,1,0,0,False,68237,29063,0,4,1,0,0,0
2002341,倒卖的物资箱,,,0,0,0,1,0,0,False,68340,21003,0,1,1,0,0,0
2002342,乳白色的软膏,,,0,0,0,1,0,0,False,68350,27605,1,1,1,3,0,0
2002343,生姜膏药贴,,,0,0,0,1,0,0,False,68351,26108,0,1,1,0,0,0
2002344,吉祥天女鸢尾花,,,0,0,0,1,0,0,False,68353,25022,0,5,1,0,0,0
2002345,用旧了的工具,,,0,0,0,1,0,0,False,68365,21003,0,3,1,0,0,0
2002346,瞪羚的大角,,,0,0,0,1,0,0,False,68368,22206,0,1,1,0,0,0
2002347,洽普利蚱蜢的腿,,,0,0,0,1,0,0,False,68374,26110,0,3,1,0,0,0
2002348,闪蝶鳞粉,,,0,0,0,1,0,0,False,68385,21219,0,1,1,0,0,0
2002349,花蜜糖浆,,,0,0,0,1,0,0,False,68385,25102,1,1,1,3,0,0
2002350,轻巧包裹,,,0,0,0,1,0,0,False,68386,26109,0,1,1,0,0,0
2002351,新鲜的蔬菜,,,0,0,0,1,0,0,False,68388,25207,1,1,1,3,0,0
2002352,褐色的麻痹粉,,,0,0,0,1,0,0,False,68388,21006,306,1,1,0,0,0
2002353,卡托布莱帕斯的邪眼,,,0,0,0,1,0,0,False,68388,21274,0,1,1,3,0,0
2002354,长颈骆的粗皮,,,0,0,0,1,0,0,False,68390,22003,0,3,1,0,0,0
2002355,吹箭筒,,,0,0,0,1,0,0,False,68392,21002,1,1,1,3,0,0
2002356,麻痹的弗帕,,,0,0,0,1,0,0,False,68392,59563,0,1,1,0,0,0
2002357,真狮鹫的肉,,,0,0,0,1,0,0,False,68394,25159,0,3,1,0,0,0
2002358,拉尔戈黄金花,,,0,0,0,1,0,0,False,68402,25028,0,3,1,0,0,0
2002359,情书,,,0,0,0,1,0,0,False,68407,26174,0,1,1,0,0,0
2002360,紫罗兰花,,,0,0,0,1,0,0,False,68407,25003,0,1,1,0,0,0
2002361,雉鸡的羽毛,,,0,0,0,1,0,0,False,68415,21904,0,4,1,0,0,0
2002362,长毛象的肉,,,0,0,0,1,0,0,False,68319,25155,0,2,1,0,0,0
2002363,写给也速根的信,,,0,0,0,1,0,0,False,68320,26173,0,1,1,0,0,0
2002364,馃子,,,0,0,0,1,0,0,False,68321,24054,0,1,1,0,0,0
2002365,迷途羊羔的骨头,,,0,0,0,1,0,0,False,68321,22202,1,1,1,3,0,0
2002366,毕方的胸肉,,,0,0,0,1,0,0,False,68321,25151,0,1,1,0,0,0
2002367,小包裹,,,0,0,0,1,0,0,False,68324,26110,0,1,1,0,0,0
2002368,帝国军物资箱,,,0,0,0,1,0,0,False,68280,26516,0,1,1,0,0,0
2002369,菊蒿汤,,,0,0,0,1,0,0,False,68411,20682,1,2,1,3,0,0
2002370,捕牛绳,,,0,0,0,1,0,0,False,68308,26103,1,2,1,1,0,0
2002371,装箭头的皮袋,,,0,0,0,1,0,0,False,68335,26110,0,1,1,0,0,0
2002372,伯尔斯虎的腿肉,,,0,0,0,1,0,0,False,68331,25153,0,3,1,0,0,0
2002373,大量伯尔斯虎的腿肉,,,0,0,0,1,0,0,False,68331,25153,0,1,1,0,0,0
2002374,木雕拟饵,,,0,0,0,1,0,0,False,68256,27069,0,1,1,0,0,0
2002375,名吉的鱼竿,,,0,0,0,1,0,0,False,68257,38202,0,1,1,0,0,0
2002376,刺球爆弹怪的尸体,,,0,0,0,1,0,0,False,68257,29046,1,1,1,3,0,0
2002377,刺球爆弹怪的脂肪,,,0,0,0,1,0,0,False,68258,29002,0,1,1,0,0,0
2002378,海贼众的爆竹,,,0,0,0,1,0,0,False,68259,26015,1,1,1,3,0,0
2002379,厚厚的情书,,,0,0,0,1,0,0,False,68482,26174,0,1,1,0,0,0
2002380,新鲜的羊奶,,,0,0,0,1,0,0,False,68318,24453,0,3,1,0,0,0
2002381,黑皮卷轴,,,0,0,0,1,0,0,False,68485,26436,0,1,1,0,0,0
2002382,多玛鼬的大爪,,,0,0,0,1,0,0,False,68487,22302,0,1,1,0,0,0
2002383,赏钱,,,0,0,0,1,0,0,False,0,25919,0,20,1,0,0,0
2002384,威尔雷德的剑,,,0,0,0,1,0,0,False,68422,30416,0,1,1,0,0,0
2002385,新鲜的羊奶,,,0,0,0,1,0,0,False,0,24453,0,99,1,0,0,0
2002386,传送魔纹的地图,,,0,0,0,1,0,0,False,0,26151,1,1,2,0,0,0
2002387,尚可使用的箭矢,,,0,0,0,1,0,0,False,68489,27206,0,3,1,0,0,0
2002388,牛鬼尾肉,,,0,0,0,1,0,0,False,68489,25153,0,8,1,0,0,0
2002389,被抢走的供品,,,0,0,0,1,0,0,False,0,23001,0,99,1,0,0,0
2002390,新鲜的黑线鳕,,,0,0,0,1,0,0,False,68495,29012,0,3,1,0,0,0
2002391,洽普利蚱蜢的锐角,,,0,0,0,1,0,0,False,68490,22304,0,1,1,0,0,0
2002392,犀鸟爪子,,,0,0,0,1,0,0,False,68490,22302,0,1,1,0,0,0
2002393,沉甸甸的麻袋,,,0,0,0,1,0,0,False,68491,22634,0,1,1,0,0,0
2002394,永夏烟花,,,0,0,0,1,0,0,False,68492,25907,1,1,1,3,0,0
2002395,永夏烟花,,,0,0,0,1,0,0,False,68493,25907,1,3,1,3,0,0
2002396,格格鲁玖的望远镜,,,0,0,0,1,0,0,False,68496,22623,0,1,1,0,0,0
2002397,红莲节的垃圾,,,0,0,0,1,0,0,False,0,26110,0,99,1,0,0,0
2002398,金黄色的鱼冻,,,0,0,0,1,0,0,False,68515,27008,1843,2,1,3,0,0
2002399,无瑕的珍珠,,,0,0,0,1,0,0,False,68516,21287,0,3,1,0,0,0
2002400,翠水乡的淡水,,,0,0,0,1,0,0,False,68517,22653,3140,1,1,3,0,0
2002401,珍珠贝的肉身,,,0,0,0,1,0,0,False,68519,29001,1,2,1,3,0,0
2002402,炽热的甲壳,,,0,0,0,1,0,0,False,68519,22258,0,2,1,0,0,0
2002403,牛鬼肥厚的肉,,,0,0,0,1,0,0,False,68522,25159,0,1,1,0,0,0
2002404,碧甲族的软膏,,,0,0,0,1,0,0,False,68523,25051,0,2,1,0,0,0
2002405,碧甲族的防水袋,,,0,0,0,1,0,0,False,68524,26111,1,1,1,3,0,0
2002406,气味浓郁的袋子,,,0,0,0,1,0,0,False,68524,26111,0,1,1,0,0,0
2002407,写给格贝林的介绍信,,,0,0,0,1,0,0,False,68554,25918,0,1,1,0,0,0
2002408,西方的金币,,,0,0,0,1,0,0,False,68528,26276,0,2,1,0,0,0
2002409,西方的银币,,,0,0,0,1,0,0,False,68528,26275,0,4,1,0,0,0
2002410,渔村的干货,,,0,0,0,1,0,0,False,68529,24315,0,1,1,0,0,0
2002411,渔村的鱼笼,,,0,0,0,1,0,0,False,68529,22261,0,1,1,0,0,0
2002412,渔村的木桶,,,0,0,0,1,0,0,False,68529,22637,0,1,1,0,0,0
2002413,月之碎片,,,0,0,0,1,0,0,False,68530,21266,0,3,1,0,0,0
2002414,海贼炸药,,,0,0,0,1,0,0,False,68531,26015,1,1,1,3,0,0
2002415,红玉海的漂流物,,,0,0,0,1,0,0,False,68532,25919,0,3,1,0,0,0
2002416,血橙汁,,,0,0,0,1,0,0,False,68553,24401,0,1,1,0,0,0
2002417,东方风味橙汁,,,0,0,0,1,0,0,False,68554,24401,0,1,1,0,0,0
2002418,湿滑滑的漂流物,,,0,0,0,1,0,0,False,68533,25975,0,4,1,0,0,0
2002419,活蹦乱跳的红玉虾,,,0,0,0,1,0,0,False,68534,29138,1,2,1,3,0,0
2002420,龙之子的卵,,,0,0,0,1,0,0,False,68534,27031,0,2,1,0,0,0
2002421,远东米酒,,,0,0,0,1,0,0,False,68534,25051,0,1,1,0,0,0
2002422,海贼炸弹,,,0,0,0,1,0,0,False,68535,26015,1276,3,1,3,0,3
2002423,大毯子章鱼,,,0,0,0,1,0,0,False,68536,29023,0,1,1,0,0,0
2002424,苦药丸,,,0,0,0,1,0,0,False,68538,27008,1843,3,1,3,0,0
2002425,萨利夏的信,,,0,0,0,1,0,0,False,68572,26171,0,1,1,0,0,0
2002426,甲人腌菜,,,0,0,0,1,0,0,False,68520,25051,0,2,1,0,0,0
2002427,被抢走的弓,,,0,0,0,1,0,0,False,68511,32202,0,1,1,0,0,0
2002428,沉甸甸的钱袋,,,0,0,0,1,0,0,False,68516,26001,0,1,1,0,0,0
2002429,42式手榴弹,,,0,0,0,1,0,0,False,68575,26015,1276,1,1,3,0,3
2002430,阿露帕的请柬,,,0,0,0,1,0,0,False,68577,26171,0,2,1,0,0,0
2002431,占卜用的石子,,,0,0,0,1,0,0,False,68578,21451,0,3,1,0,0,0
2002432,陶瓷合金装甲片,,,0,0,0,1,0,0,False,68579,20954,0,3,1,0,0,0
2002433,深色的活力液,,,0,0,0,1,0,0,False,68581,20642,1,2,1,3,0,0
2002434,苔小妖的碎块,,,0,0,0,1,0,0,False,68582,22801,0,2,1,0,0,0
2002435,干谷的蘑菇,,,0,0,0,1,0,0,False,68584,25408,0,3,1,0,0,0
2002436,瞪羚臀肉,,,0,0,0,1,0,0,False,68585,25154,0,2,1,0,0,0
2002437,恶臭的袋子,,,0,0,0,1,0,0,False,68586,25919,1,2,1,3,0,0
2002438,红色的眼药,,,0,0,0,1,0,0,False,68592,20670,306,1,1,1,0,0
2002439,清澈的盐水,,,0,0,0,1,0,0,False,68593,22614,1843,2,1,1,0,0
2002440,饲料干草,,,0,0,0,1,0,0,False,68594,25357,1,1,1,3,0,0
2002441,大音量炸药,,,0,0,0,1,0,0,False,68595,26015,1,1,1,1,0,0
2002442,称奇道绝的脏床单,,,0,0,0,1,0,0,False,68598,23155,0,1,1,0,0,0
2002443,登峰造极的脏床单,,,0,0,0,1,0,0,False,68598,23152,0,1,1,0,0,0
2002444,返璞归真的脏床单,,,0,0,0,1,0,0,False,68598,23158,0,1,1,0,0,0
2002445,干净的床单,,,0,0,0,1,0,0,False,68598,23153,0,1,1,0,0,0
2002446,瞪羚碎肉,,,0,0,0,1,0,0,False,68599,25157,1,2,1,3,0,0
2002447,帝王鳄的油脂,,,0,0,0,1,0,0,False,68599,22637,0,2,1,0,0,0
2002448,鱼腥草叶,,,0,0,0,1,0,0,False,68600,25009,0,4,1,0,0,0
2002449,鱼腥草软膏,,,0,0,0,1,0,0,False,68600,22603,0,1,1,0,0,0
2002450,植物保存剂,,,0,0,0,1,0,0,False,68601,22664,1,3,1,3,0,0
2002451,盛开的石竹花,,,0,0,0,1,0,0,False,68601,25028,0,3,1,0,0,0
2002452,油桃,,,0,0,0,1,0,0,False,68833,26574,0,1,1,0,0,0
2002453,阿难陀族药膏,,,0,0,0,1,0,0,False,68603,22852,1,2,1,3,0,0
2002454,优质的泥岩,,,0,0,0,1,0,0,False,68604,21455,0,3,1,0,0,0
2002455,迦迦纳怪鸟的羽毛,,,0,0,0,1,0,0,False,68605,26110,0,2,1,0,0,0
2002456,管家之王的票据,,,0,0,0,1,0,0,False,68620,26173,0,2,1,0,0,0
2002457,特制声援装,,,0,0,0,1,0,0,False,68620,26509,0,1,1,0,0,0
2002458,生锈的项链,,,0,0,0,1,0,0,False,68621,54919,0,1,1,0,0,0
2002459,褪色的耳坠,,,0,0,0,1,0,0,False,68621,55325,0,1,1,0,0,0
2002460,特制魔导光棒,,,0,0,0,1,0,0,False,68620,21002,0,1,1,0,0,0
2002461,漂亮的装饰彩蛋,,,0,0,0,1,0,0,False,68616,21310,1,1,1,3,0,0
2002462,剥落的石片,,,0,0,0,1,0,0,False,68615,26110,0,1,1,0,0,0
2002463,黑色的兽毛,,,0,0,0,1,0,0,False,68615,26110,0,1,1,0,0,0
2002464,夺回的装饰彩蛋,,,0,0,0,1,0,0,False,68615,21308,0,1,1,0,0,0
2002465,写给开拓团的书信,,,0,0,0,1,0,0,False,68622,26439,0,1,1,0,0,0
2002466,手绘风景画,,,0,0,0,1,0,0,False,68621,25999,3140,1,1,0,0,0
2002467,,,,0,0,0,0,0,0,False,0,0,0,0,0,0,0,0
2002468,,,,0,0,0,0,0,0,False,0,0,0,0,0,0,0,0
2002469,,,,0,0,0,0,0,0,False,0,0,0,0,0,0,0,0
2002470,风水玉手箱,,,0,0,0,1,0,0,False,68552,26057,0,1,1,0,0,0
2002471,昏倒的鲶鱼精,,,0,0,0,1,0,0,False,68632,25919,0,1,1,0,0,0
2002472,祭礼服装,,,0,0,0,1,0,0,False,68634,25919,0,3,1,0,0,0
2002473,装有鱼信的皮袋,,,0,0,0,1,0,0,False,68635,25919,1,1,1,3,0,0
2002474,装有鱼信的皮袋,,,0,0,0,1,0,0,False,68637,25919,1,1,1,3,0,0
2002475,从暴发户那里得到的木材,,,0,0,0,1,0,0,False,68646,22410,0,1,1,0,0,0
2002476,犏牛的大角,,,0,0,0,1,0,0,False,68648,22211,0,1,1,0,0,0
2002477,模儿部的豆茶,,,0,0,0,1,0,0,False,68650,24408,0,1,1,0,0,0
2002478,烤鲶鱼,,,0,0,0,1,0,0,False,68658,25919,0,1,1,0,0,0
2002479,驱魔的爆竹,,,0,0,0,1,0,0,False,68663,23001,1,3,1,3,0,0
2002480,神奇的泥水,,,0,0,0,1,0,0,False,68666,22637,0,3,1,0,0,0
2002481,献给维亚吉儿部的薄礼,,,0,0,0,1,0,0,False,68644,25919,0,1,1,0,0,0
2002482,幸运胡萝卜,,,0,0,0,1,0,0,False,0,25207,3140,1,1,0,0,0
2002483,达尔马斯卡葡萄酒,,,0,0,0,1,0,0,False,68626,25057,0,1,1,0,0,0
2002484,超高纯度土之水晶,,,0,0,0,1,0,0,False,67245,20012,1,1,1,3,0,0
2002485,超高纯度水之水晶,,,0,0,0,1,0,0,False,67245,20008,1,1,1,3,0,0
2002486,超高纯度火之水晶,,,0,0,0,1,0,0,False,67245,20007,1,1,1,3,0,0
2002487,超高纯度风之水晶,,,0,0,0,1,0,0,False,67245,20010,1,1,1,3,0,0
2002488,42式手榴弹,,,0,0,0,1,0,0,False,68697,26015,1276,1,1,3,0,3
2002489,,,,0,0,0,0,0,0,False,0,0,0,0,0,0,0,0
2002490,,,,0,0,0,0,0,0,False,0,0,0,0,0,0,0,0
2002491,,,,0,0,0,0,0,0,False,0,0,0,0,0,0,0,0
2002492,,,,0,0,0,0,0,0,False,0,0,0,0,0,0,0,0
2002493,幸福烟雾弹,,,0,0,0,1,0,0,False,68707,26015,1766,1,1,5,0,4
2002494,圣歌队的指挥棒,,,0,0,0,1,0,0,False,68709,21003,0,1,1,0,0,0
2002495,圣歌队的服装,,,0,0,0,1,0,0,False,68709,21005,0,1,1,0,0,0
2002496,九尾的魔笛,,,0,0,0,1,0,0,False,68736,26039,1,1,1,3,0,0
2002497,神秘纸张,,,0,0,0,1,0,0,False,68739,26151,3140,1,1,0,0,0
2002498,浅葱色装饰彩蛋,,,0,0,0,1,0,0,False,68739,21309,0,1,1,0,0,0
2002499,神秘纸张,,,0,0,0,1,0,0,False,68740,26151,3140,1,1,0,0,0
2002500,琥珀色装饰彩蛋,,,0,0,0,1,0,0,False,68740,21310,0,1,1,0,0,0
2002501,,,,0,0,0,0,0,0,False,0,0,0,0,0,0,0,0
2002502,,,,0,0,0,0,0,0,False,0,0,0,0,0,0,0,0
2002503,特殊宝物地图1,,,0,0,0,1,0,0,False,0,26151,1,1,2,0,0,0
2002504,特殊传送魔纹地图1,,,0,0,0,1,0,0,False,0,26151,1,1,2,0,0,0
2002505,大丁草的花冠,,,0,0,0,1,0,0,False,68744,41750,0,2,1,0,0,0
2002506,大丁草的花冠,,,0,0,0,1,0,0,False,68745,41750,0,1,1,0,0,0
2002507,良缘仪式邀请函,,,0,0,0,1,0,0,False,68741,26187,0,3,1,0,0,0
2002508,达尔马斯卡葡萄酒,,,0,0,0,1,0,0,False,68726,25057,0,3,1,0,0,0
2002509,返魂树根,,,0,0,0,1,0,0,False,68754,25005,1,1,1,0,0,0
2002510,,,,0,0,0,0,0,0,False,0,0,0,0,0,0,0,0
2002511,,,,0,0,0,0,0,0,False,0,0,0,0,0,0,0,0
2002512,,,,0,0,0,0,0,0,False,0,0,0,0,0,0,0,0
2002513,,,,0,0,0,0,0,0,False,0,0,0,0,0,0,0,0
2002514,,,,0,0,0,0,0,0,False,0,0,0,0,0,0,0,0
2002515,,,,0,0,0,0,0,0,False,0,0,0,0,0,0,0,0
2002516,,,,0,0,0,0,0,0,False,0,0,0,0,0,0,0,0
2002517,,,,0,0,0,0,0,0,False,0,0,0,0,0,0,0,0
2002518,,,,0,0,0,0,0,0,False,0,0,0,0,0,0,0,0
2002519,夜之解毒药,,,0,0,0,1,0,0,False,68980,20601,0,1,1,0,0,0
2002520,古树的树皮,,,0,0,0,1,0,0,False,68976,25005,0,4,1,0,0,0
2002521,凉了的红茶,,,0,0,0,1,0,0,False,68979,20641,1,5,1,3,0,0
2002522,茶菇,,,0,0,0,1,0,0,False,68979,25406,0,5,1,0,0,0
2002523,鲜艳的辉石,,,0,0,0,1,0,0,False,68985,20220,0,5,1,0,0,0
2002524,甜美花蜜,,,0,0,0,1,0,0,False,68986,20647,1,1,1,3,0,0
2002525,大薄荷叶,,,0,0,0,1,0,0,False,68986,25026,0,2,1,0,0,0
2002526,崭新的蜡烛,,,0,0,0,1,0,0,False,68983,26102,1,3,1,3,0,0
2002527,话题“关于水晶都”,,,0,0,0,1,0,0,False,68816,26572,0,1,1,0,0,0
2002528,话题“关于光之泛滥”,,,0,0,0,1,0,0,False,68816,26572,0,1,1,0,0,0
2002529,话题“关于第一世界的人类”,,,0,0,0,1,0,0,False,68816,26572,0,1,1,0,0,0
2002530,光之巫女传说,,,0,0,0,1,0,0,False,68838,26002,0,1,1,0,0,0
2002531,王子之吻,,,0,0,0,1,0,0,False,68839,20623,3140,1,1,0,0,1
2002532,特制饲料,,,0,0,0,1,0,0,False,68841,27551,0,4,1,0,0,0
2002533,透镜草,,,0,0,0,1,0,0,False,68842,26575,0,1,1,0,0,0
2002534,常春草的种子,,,0,0,0,1,0,0,False,68843,27459,1,3,1,3,0,0
2002535,挂钟果,,,0,0,0,1,0,0,False,68844,25318,0,2,1,0,0,0
2002536,身镜清水,,,0,0,0,1,0,0,False,68845,22614,1,2,1,3,0,0
2002537,苔菇的腿,,,0,0,0,1,0,0,False,68850,22259,0,2,1,0,0,0
2002538,隐形墨水,,,0,0,0,1,0,0,False,68852,25923,0,6,1,0,0,0
2002539,纪念之剑,,,0,0,0,1,0,0,False,68981,30428,0,1,1,0,0,0
2002540,特制毒饵,,,0,0,0,1,0,0,False,68982,29017,1,3,1,3,0,0
2002541,龙堡百合,,,0,0,0,1,0,0,False,68749,25022,0,1,1,0,0,0
2002542,给卡萨德的信,,,0,0,0,1,0,0,False,68827,26171,0,1,1,0,0,0
2002543,孚布特金币,,,0,0,0,1,0,0,False,68828,26573,0,1,1,0,0,0
2002544,,,,0,0,0,1,0,0,False,0,26201,0,1,1,0,0,0
2002545,翡翠命名石,,,0,0,0,1,0,0,False,68863,21295,0,1,1,0,0,0
2002546,蓝火蜡烛,,,0,0,0,1,0,0,False,68864,26102,1,1,1,3,0,0
2002547,手工烟雾弹,,,0,0,0,1,0,0,False,68865,26015,1,2,1,3,0,0
2002548,大麻袋,,,0,0,0,1,0,0,False,68865,26110,1,2,1,3,0,0
2002549,装着巨型蜂的麻袋,,,0,0,0,1,0,0,False,68865,25919,0,2,1,0,0,0
2002550,隆卡印章,,,0,0,0,1,0,0,False,68868,26576,0,1,1,0,0,0
2002551,话题“关于灵光卫的所在地”,,,0,0,0,1,0,0,False,68870,26572,0,1,1,0,0,0
2002552,摹写黏土板,,,0,0,0,1,0,0,False,68871,26201,1,4,1,3,1,1
2002553,永暗解毒药,,,0,0,0,1,0,0,False,68874,20604,1,1,1,3,0,0
2002554,寻脉灯火,,,0,0,0,1,0,0,False,68875,25911,3140,1,1,0,0,0
2002555,菁灵莳萝,,,0,0,0,1,0,0,False,69144,25009,0,2,1,0,0,0
2002556,话题“关于索道矿车”,,,0,0,0,1,0,0,False,69146,26572,0,1,1,0,0,0
2002557,话题“关于矿车铁轨”,,,0,0,0,1,0,0,False,69146,26572,0,1,1,0,0,0
2002558,话题“关于飞空艇”,,,0,0,0,1,0,0,False,69146,26572,0,1,1,0,0,0
2002559,检查用工具箱,,,0,0,0,1,0,0,False,69149,21003,3140,1,1,0,0,0
2002560,废片的碎片,,,0,0,0,1,0,0,False,69150,26110,0,3,1,0,0,0
2002561,古旧的孚布特金币,,,0,0,0,1,0,0,False,69152,26573,0,1,1,0,0,0
2002562,手工烟包,,,0,0,0,1,0,0,False,69153,26110,1,3,1,3,0,0
2002563,闪烁矿石,,,0,0,0,1,0,0,False,69153,21452,0,7,1,0,0,0
2002564,,,,0,0,0,0,0,0,False,0,0,0,0,0,0,0,0
2002565,狮目石,,,0,0,0,1,0,0,False,69154,21452,0,1,1,0,0,0
2002566,驱幻粉尘,,,0,0,0,1,0,0,False,68774,22623,1,1,1,3,0,0
2002567,豚猪结实的牙,,,0,0,0,1,0,0,False,68978,22303,0,1,1,0,0,0
2002568,堇菜花,,,0,0,0,1,0,0,False,68996,25520,1,4,1,3,0,0
2002569,驱幻孢子,,,0,0,0,1,0,0,False,68784,25919,1,1,1,3,0,0
2002570,蓝鹿胸肉,,,0,0,0,1,0,0,False,68997,25159,1,2,1,0,0,0
2002571,狞猫的血液,,,0,0,0,1,0,0,False,68997,20641,0,1,1,0,0,0
2002572,北洋风格的机关箱子,,,0,0,0,1,0,0,False,68847,26544,1,1,1,1,0,0
2002573,装有鹰蜓的机关箱子,,,0,0,0,1,0,0,False,68847,26544,0,1,1,0,0,0
2002574,雷克兰德百里香,,,0,0,0,1,0,0,False,68819,25020,0,1,1,0,0,0
2002575,劳动民香水,,,0,0,0,1,0,0,False,68822,20624,3140,1,1,3,0,0
2002576,被托付的纸条,,,0,0,0,1,0,0,False,68825,26189,0,1,1,0,0,0
2002577,作为药钱的妙料,,,0,0,0,1,0,0,False,68825,26110,0,1,1,0,0,0
2002578,金黄勋章,,,0,0,0,1,0,0,False,68855,26573,0,1,1,0,0,0
2002579,没有署名的信件,,,0,0,0,1,0,0,False,68757,25918,0,1,1,0,0,0
2002580,红色秘药,,,0,0,0,1,0,0,False,69008,20626,812,1,1,1,0,0
2002581,浓烈的蒸馏酒,,,0,0,0,1,0,0,False,68881,25106,0,1,1,0,0,0
2002582,芳香麻袋,,,0,0,0,1,0,0,False,68882,27501,0,1,1,0,0,0
2002583,装有蔬菜碎末的麻袋,,,0,0,0,1,0,0,False,68882,26110,0,1,1,0,0,0
2002584,古旧的戒指,,,0,0,0,1,0,0,False,68911,54401,0,1,1,0,0,0
2002585,破旧的装饰盾牌,,,0,0,0,1,0,0,False,68913,30034,0,1,1,0,0,0
2002586,损坏的鼹灵族石像,,,0,0,0,1,0,0,False,68913,25316,0,1,1,0,0,0
2002587,人才招募传单,,,0,0,0,1,0,0,False,68879,26179,0,1,1,0,0,0
2002588,绯妖花蜜,,,0,0,0,1,0,0,False,68879,24403,0,1,1,0,0,0
2002589,绯妖花叶,,,0,0,0,1,0,0,False,68879,25026,0,1,1,0,0,0
2002590,主要设施列表,,,0,0,0,1,0,0,False,68880,26179,0,1,1,0,0,0
2002591,香喷喷烤点心,,,0,0,0,1,0,0,False,68936,27459,0,1,1,0,0,0
2002592,草人集会图,,,0,0,0,1,0,0,False,68937,25999,3140,1,1,0,0,0
2002593,草人入浴图,,,0,0,0,1,0,0,False,68937,25999,3140,1,1,0,0,0
2002594,双向海龙的脊骨,,,0,0,0,1,0,0,False,69115,22303,0,1,1,0,0,0
2002595,三叶虫的腿,,,0,0,0,1,0,0,False,69117,29110,1,1,1,1,0,0
2002596,三叶虫炖菜,,,0,0,0,1,0,0,False,69117,24105,0,1,1,0,0,0
2002597,硬皮刺魟的皮,,,0,0,0,1,0,0,False,69122,21822,0,1,1,0,0,0
2002598,刺魟革制的装饰品,,,0,0,0,1,0,0,False,69122,21003,0,1,1,0,0,0
2002599,封好的信封,,,0,0,0,1,0,0,False,69055,25918,0,3,1,0,0,0
2002600,话题：孚布特松饼,,,0,0,0,1,0,0,False,69056,26572,0,1,1,0,0,0
2002601,话题：推荐美食,,,0,0,0,1,0,0,False,69056,26572,0,1,1,0,0,0
2002602,话题：珂露西亚风味海鲜汤,,,0,0,0,1,0,0,False,69056,26572,0,1,1,0,0,0
2002603,废船的木材,,,0,0,0,1,0,0,False,69059,22453,0,4,1,0,0,0
2002604,古旧的戒指,,,0,0,0,1,0,0,False,69059,54407,0,1,1,0,0,0
2002605,镶有纹章的王冠,,,0,0,0,1,0,0,False,69060,40789,0,1,1,0,0,0
2002606,刻有家名的项链,,,0,0,0,1,0,0,False,69060,54928,0,1,1,0,0,0
2002607,紫水晶戒指,,,0,0,0,1,0,0,False,69060,54624,0,1,1,0,0,0
2002608,香肠香水,,,0,0,0,1,0,0,False,68944,20701,3140,1,1,1,0,0
2002609,睡梦粉,,,0,0,0,1,0,0,False,69168,21006,1,3,1,0,0,0
2002610,睡梦粉,,,0,0,0,1,0,0,False,69175,21006,1,3,1,0,0,1
2002611,矮人锄头,,,0,0,0,1,0,0,False,69176,38019,0,15,1,0,0,0
2002612,束缚魔法球,,,0,0,0,1,0,0,False,69128,21263,1,1,1,3,0,0
2002613,以太绳,,,0,0,0,1,0,0,False,69130,21663,1,1,1,1,0,0
2002614,被束缚的卡部斯,,,0,0,0,1,0,0,False,69130,25979,0,1,1,0,0,0
2002615,新鲜的羊奶,,,0,0,0,1,0,0,False,68932,24453,0,1,1,0,0,0
2002616,结实的海藻绳,,,0,0,0,1,0,0,False,69113,26103,1,3,1,1,0,0
2002617,捕获的海洋生物,,,0,0,0,1,0,0,False,69113,26108,0,3,1,0,0,0
2002618,订购商品,,,0,0,0,1,0,0,False,68829,26108,0,3,1,0,0,0
2002619,手工炸药,,,0,0,0,1,0,0,False,68897,26015,1276,1,1,3,0,3
2002620,新鲜的白蚯蚓,,,0,0,0,1,0,0,False,68897,27032,0,4,1,0,0,0
2002621,巨人掌的果肉,,,0,0,0,1,0,0,False,68898,25156,0,1,1,0,0,0
2002622,香甜粉末,,,0,0,0,1,0,0,False,68899,25977,3140,1,1,1,0,0
2002623,给赛莫斯的信,,,0,0,0,1,0,0,False,68899,26171,0,1,1,0,0,0
2002624,给吉因金的信,,,0,0,0,1,0,0,False,68900,26173,0,1,1,0,0,0
2002625,商品小包,,,0,0,0,1,0,0,False,68902,23001,0,1,1,0,0,0
2002626,黄铜采水器,,,0,0,0,1,0,0,False,68903,27602,1,1,1,10,0,0
2002627,装满甘露的采水器,,,0,0,0,1,0,0,False,68903,27602,0,1,1,0,0,0
2002628,初级狂热怪物通缉令,,,0,0,0,1,0,0,False,0,26568,1,1,4,0,0,0
2002629,中级狂热怪物通缉令,,,0,0,0,1,0,0,False,0,26569,1,1,4,0,0,0
2002630,高级狂热怪物通缉令,,,0,0,0,1,0,0,False,0,26570,1,1,4,0,0,0
2002631,狂热恶名精英通缉令,,,0,0,0,1,0,0,False,0,26571,1,1,4,0,0,0
2002632,麻醉藓,,,0,0,0,1,0,0,False,68748,25919,0,3,1,0,0,0
2002633,笔记“板材数量”,,,0,0,0,1,0,0,False,69169,26572,0,1,1,0,0,0
2002634,笔记“板材数量”,,,0,0,0,1,0,0,False,69169,26572,0,1,1,0,0,0
2002635,笔记“板材数量”,,,0,0,0,1,0,0,False,69169,26572,0,1,1,0,0,0
2002636,螺旋水草,,,0,0,0,1,0,0,False,68934,25038,0,4,1,0,0,0
2002637,温暖红花,,,0,0,0,1,0,0,False,68934,25991,1,3,1,3,0,0
2002638,仙子的望远镜,,,0,0,0,1,0,0,False,68938,26316,0,1,1,0,0,0
2002639,黑色卷轴,,,0,0,0,1,0,0,False,68755,26436,0,1,1,0,0,0
2002640,麻醉菇的孢子囊,,,0,0,0,1,0,0,False,68945,25978,0,5,1,0,0,0
2002641,装有种子的袋子,,,0,0,0,1,0,0,False,68945,27454,0,6,1,0,0,0
2002642,盛开的花,,,0,0,0,1,0,0,False,68949,25519,0,3,1,0,0,0
2002643,,,,0,0,0,1,0,0,False,0,25525,0,1,1,0,0,0
2002644,,,,0,0,0,1,0,0,False,0,25523,0,1,1,0,0,0
2002645,古书风格的笔记,,,0,0,0,1,0,0,False,68950,26173,0,2,1,0,0,0
2002646,打磨过的剑,,,0,0,0,1,0,0,False,68951,30420,1,1,1,1,0,0
2002647,琥珀鬣蜥的肉,,,0,0,0,1,0,0,False,69022,25155,0,2,1,0,0,0
2002648,祛兽粉,,,0,0,0,1,0,0,False,69022,25919,0,1,1,0,0,0
2002649,小水瓶,,,0,0,0,1,0,0,False,69024,27602,0,1,1,0,0,0
2002650,用旧的镐,,,0,0,0,1,0,0,False,69025,21003,1,1,1,3,0,0
2002651,腐朽木箱,,,0,0,0,1,0,0,False,69025,21002,0,1,1,0,0,0
2002652,闪闪发光的矿石,,,0,0,0,1,0,0,False,69026,21210,0,1,1,0,0,0
2002653,酸味液体,,,0,0,0,1,0,0,False,69027,20645,812,1,1,1,0,0
2002654,使魔仙子猪,,,0,0,0,1,0,0,False,68944,26110,0,1,1,0,0,0
2002655,特制煎鸡油菌,,,0,0,0,1,0,0,False,68946,24105,1,1,1,3,0,0
2002656,普卡精的血,,,0,0,0,1,0,0,False,68947,22601,0,1,1,0,0,0
2002657,温蒂尼的核心,,,0,0,0,1,0,0,False,68947,20008,0,1,1,0,0,0
2002658,赛米德的丝,,,0,0,0,1,0,0,False,68947,21664,0,1,1,0,0,0
2002659,苔菇的腿,,,0,0,0,1,0,0,False,68952,22259,0,1,1,0,0,0
2002660,独脚金的刺,,,0,0,0,1,0,0,False,68952,22301,0,1,1,0,0,0
2002661,大麻袋,,,0,0,0,1,0,0,False,68953,21610,1,1,1,1,0,0
2002662,装有石莲猬的麻袋,,,0,0,0,1,0,0,False,68953,26110,0,1,1,0,0,0
2002663,绿飘龙革制的宝物地图,,,0,0,0,1,0,0,False,0,26151,1,1,2,0,0,0
2002664,缠尾蛟革制的宝物地图,,,0,0,0,1,0,0,False,0,26151,1,1,2,0,0,0
2002665,4级传送魔纹的地图,,,0,0,0,1,0,0,False,0,26151,1,1,2,0,0,0
2002666,,,,0,0,0,1,0,0,False,0,26107,0,1,1,0,0,0
2002667,有毒的树液,,,0,0,0,1,0,0,False,68994,27607,0,1,1,0,0,0
2002668,蛇蜥蜴筋腱,,,0,0,0,1,0,0,False,69160,21005,1,1,1,0,0,0
2002669,折断的钓竿,,,0,0,0,1,0,0,False,68885,38201,0,1,1,0,0,0
2002670,褪色的首饰,,,0,0,0,1,0,0,False,68885,54831,0,1,1,0,0,0
2002671,锈蚀的戒指,,,0,0,0,1,0,0,False,68885,54401,0,1,1,0,0,0
2002672,大个硬壳贝,,,0,0,0,1,0,0,False,68887,29031,0,1,1,0,0,0
2002673,秘银小刀,,,0,0,0,1,0,0,False,69185,30362,1,1,1,3,0,0
2002674,奇坦那复制画,,,0,0,0,1,0,0,False,69185,26572,3140,1,1,0,0,0
2002675,盖雷诺尔特的落地灯,,,0,0,0,1,0,0,False,69187,26577,0,1,1,0,0,0
2002676,议事堂参观申请书,,,0,0,0,1,0,0,False,69189,26178,0,1,1,0,0,0
2002677,议事堂参观许可证,,,0,0,0,1,0,0,False,69189,26176,0,1,1,0,0,0
2002678,捕获草绳,,,0,0,0,1,0,0,False,68888,26103,1,1,1,1,0,0
2002679,大麻袋,,,0,0,0,1,0,0,False,68888,21610,0,1,1,0,0,0
2002680,装有角雉的麻袋,,,0,0,0,1,0,0,False,68888,26110,0,1,1,0,0,0
2002681,珂露西亚鼠尾草,,,0,0,0,1,0,0,False,68889,25009,0,2,1,0,0,0
2002682,珂露西亚鼠尾草香包,,,0,0,0,1,0,0,False,68889,26110,1,1,1,1,0,0
2002683,铜制小刀,,,0,0,0,1,0,0,False,68890,35751,1,1,1,3,0,0
2002684,干燥树皮,,,0,0,0,1,0,0,False,68890,22634,0,3,1,0,0,0
2002685,茶色药丸,,,0,0,0,1,0,0,False,68890,22623,0,1,1,0,0,0
2002686,金黄大麦,,,0,0,0,1,0,0,False,68895,25357,0,3,1,0,0,0
2002687,工匠麦酒,,,0,0,0,1,0,0,False,68895,25057,0,1,1,0,0,0
2002688,绯红粉末,,,0,0,0,1,0,0,False,68896,22636,1,6,1,1,0,0
2002689,鲜艳的花,,,0,0,0,1,0,0,False,68909,25561,0,3,1,0,0,0
2002690,青石炭,,,0,0,0,1,0,0,False,69093,21462,1,1,1,3,0,0
2002691,古旧的袋子,,,0,0,0,1,0,0,False,68965,26110,0,1,1,0,0,0
2002692,磷矿石,,,0,0,0,1,0,0,False,69096,21453,0,1,1,0,0,0
2002693,诱饵食物,,,0,0,0,1,0,0,False,69074,26110,1,1,1,3,0,0
2002694,散落的食材,,,0,0,0,1,0,0,False,69075,25356,0,3,1,0,0,0
2002695,弃置的木材,,,0,0,0,1,0,0,False,69076,22408,0,4,1,0,0,0
2002696,谢罪的信,,,0,0,0,1,0,0,False,69077,26171,0,1,1,0,0,0
2002697,壁崖飞鸢的羽毛,,,0,0,0,1,0,0,False,69078,21954,0,3,1,0,0,0
2002698,爆岩怪的岩块,,,0,0,0,1,0,0,False,69082,21231,0,3,1,0,0,0
2002699,给柴莫田梅的信,,,0,0,0,1,0,0,False,68818,25918,0,1,1,0,0,0
2002700,劳动民登记申请书,,,0,0,0,1,0,0,False,68822,26176,0,1,1,0,0,0
2002701,沃茨的锤子,,,0,0,0,1,0,0,False,69092,35133,0,1,1,0,0,0
2002702,可疑的咒具,,,0,0,0,1,0,0,False,69194,27616,0,1,1,0,0,0
2002703,净化作战计划书,,,0,0,0,1,0,0,False,69195,26193,0,1,1,0,0,0
2002704,蠕动的虫子,,,0,0,0,1,0,0,False,69083,27004,0,1,1,0,0,0
2002705,大麻袋,,,0,0,0,1,0,0,False,69083,21610,0,1,1,0,0,0
2002706,装有壁崖鼹鼠的麻袋,,,0,0,0,1,0,0,False,69083,26110,0,1,1,0,0,0
2002707,优质的煤炭,,,0,0,0,1,0,0,False,69084,21462,1,1,1,1,0,0
2002708,自走人偶的核心,,,0,0,0,1,0,0,False,69084,21469,0,1,1,0,0,0
2002709,特制炸弹,,,0,0,0,1,0,0,False,69085,26015,1276,1,1,3,0,3
2002710,耀眼的矿石,,,0,0,0,1,0,0,False,69085,21202,0,3,1,0,0,0
2002711,光滑小石子,,,0,0,0,1,0,0,False,69087,21451,0,3,1,0,0,0
2002712,捕获铁丝,,,0,0,0,1,0,0,False,69089,20901,1,2,1,1,0,0
2002713,被捕获的敲石虫,,,0,0,0,1,0,0,False,69089,26110,0,2,1,0,0,0
2002714,,,,0,0,0,0,0,0,False,0,0,0,0,0,0,0,0
2002715,,,,0,0,0,0,0,0,False,0,0,0,0,0,0,0,0
2002716,蜥蜴肉,,,0,0,0,1,0,0,False,69027,25157,0,1,1,0,0,0
2002717,卡萨德的笔记,,,0,0,0,1,0,0,False,68829,26151,3140,1,1,0,0,0
2002718,鬣蜥的生肉,,,0,0,0,1,0,0,False,68809,25152,1,1,1,3,0,0
2002719,粘稠的树液,,,0,0,0,1,0,0,False,68941,22642,0,3,1,0,0,0
2002720,鲜艳的花,,,0,0,0,1,0,0,False,68942,25558,0,3,1,0,0,0
2002721,肮脏的信封,,,0,0,0,1,0,0,False,69032,26192,0,1,1,0,0,0
2002722,废片的核心,,,0,0,0,1,0,0,False,69032,21453,0,1,1,0,0,0
2002723,水晶都麦酒,,,0,0,0,1,0,0,False,69032,26514,0,1,1,0,0,0
2002724,山人提灯,,,0,0,0,1,0,0,False,69033,51333,3140,1,1,1,0,0
2002725,暗光原石,,,0,0,0,1,0,0,False,69033,21452,0,1,1,0,0,0
2002726,生锈的硬币,,,0,0,0,1,0,0,False,69040,25919,0,1,1,0,0,0
2002727,隆索风格的餐具,,,0,0,0,1,0,0,False,69040,26548,0,1,1,0,0,0
2002728,古旧的柜子,,,0,0,0,1,0,0,False,69040,21003,0,1,1,0,0,0
2002729,薄刃小刀,,,0,0,0,1,0,0,False,69041,35754,1,1,1,3,0,0
2002730,岩石蚯蚓,,,0,0,0,1,0,0,False,69041,27016,0,2,1,0,0,0
2002731,带条纹的石头,,,0,0,0,1,0,0,False,69045,21327,0,1,1,0,0,0
2002732,挖出的遗物箱,,,0,0,0,1,0,0,False,69046,25916,0,1,1,0,0,0
2002733,猫眼石护身符,,,0,0,0,1,0,0,False,69047,26112,0,1,1,0,0,0
2002734,灯油,,,0,0,0,1,0,0,False,69048,22636,1,4,1,3,0,0
2002735,有年代感的烟斗,,,0,0,0,1,0,0,False,69050,26038,0,1,1,0,0,0
2002736,无瑕塔罗斯外壳素材,,,0,0,0,1,0,0,False,69066,26108,0,1,1,0,0,0
2002737,伤痕累累的塔罗斯外壳素材,,,0,0,0,1,0,0,False,69066,26108,0,2,1,0,0,0
2002738,代达罗斯公司的工具,,,0,0,0,1,0,0,False,69066,35315,1,1,1,3,0,0
2002739,铁喙魔鸟的羽毛,,,0,0,0,1,0,0,False,69043,21903,0,1,1,0,0,0
2002740,仙人掌的货款,,,0,0,0,1,0,0,False,69030,25919,0,1,1,0,0,0
2002741,毛虫仙人掌的块茎,,,0,0,0,1,0,0,False,69030,25978,0,1,1,0,0,0
2002742,棘刺鼹鼠的油脂,,,0,0,0,1,0,0,False,69034,22609,0,1,1,0,0,0
2002743,轴承润滑油,,,0,0,0,1,0,0,False,69034,27605,1,1,1,5,0,0
2002744,蓝鹿胫肉,,,0,0,0,1,0,0,False,69016,25153,0,3,1,0,0,0
2002745,天然松茸,,,0,0,0,1,0,0,False,69016,25405,0,3,1,0,0,0
2002746,触手鮟的肝,,,0,0,0,1,0,0,False,69125,29002,0,1,1,0,0,0
2002747,红贝壳,,,0,0,0,1,0,0,False,69126,22254,0,1,1,0,0,0
2002748,海风花的卷须,,,0,0,0,1,0,0,False,69127,21662,0,3,1,0,0,0
2002749,特制助产绳,,,0,0,0,1,0,0,False,69127,21672,0,1,1,0,0,0
2002750,古旧的袋子,,,0,0,0,1,0,0,False,68965,26110,0,1,1,0,0,0
2002751,仙子油灯,,,0,0,0,1,0,0,False,68966,22618,0,1,1,0,0,0
2002752,山羊角首饰,,,0,0,0,1,0,0,False,68915,54969,0,1,1,0,0,0
2002753,市场的礼物,,,0,0,0,1,0,0,False,69100,23001,0,1,1,0,0,0
2002754,果树园的礼物,,,0,0,0,1,0,0,False,69100,23001,0,1,1,0,0,0
2002755,大地资源部的礼物,,,0,0,0,1,0,0,False,69100,23001,0,1,1,0,0,0
2002756,夜色药水,,,0,0,0,1,0,0,False,69101,20685,3140,2,1,0,0,1
2002757,臭臭弹,,,0,0,0,1,0,0,False,69051,26015,1276,3,1,3,0,4
2002758,慰问三明治,,,0,0,0,1,0,0,False,69103,24009,0,1,1,0,0,0
2002759,影椒,,,0,0,0,1,0,0,False,0,25007,1,99,1,0,0,0
2002760,优质影椒,,,0,0,0,1,0,0,False,0,21458,1,99,1,0,0,0
2002761,珂露西亚鼠尾草,,,0,0,0,1,0,0,False,0,25579,1,99,1,0,0,0
2002762,珂露西亚废材,,,0,0,0,1,0,0,False,0,22457,1,99,1,0,0,0
2002763,珂露西亚优质废材,,,0,0,0,1,0,0,False,0,22464,1,99,1,0,0,0
2002764,棉雪树的树液,,,0,0,0,1,0,0,False,0,22637,1,99,1,0,0,0
2002765,优质棉雪树的树液,,,0,0,0,1,0,0,False,0,22636,1,99,1,0,0,0
2002766,沉没的木材,,,0,0,0,1,0,0,False,0,22402,1,99,1,0,0,0
2002767,仙子种子,,,0,0,0,1,0,0,False,0,27459,1,99,1,0,0,0
2002768,洛克瓦之泪,,,0,0,0,1,0,0,False,0,25002,1,99,1,0,0,0
2002769,优质洛克瓦之泪,,,0,0,0,1,0,0,False,0,25578,1,99,1,0,0,0
2002770,隆卡芦荟,,,0,0,0,1,0,0,False,0,22652,1,99,1,0,0,0
2002771,睡梦藻,,,0,0,0,1,0,0,False,0,25225,1,99,1,0,0,0
2002772,优质睡梦藻,,,0,0,0,1,0,0,False,0,25217,1,99,1,0,0,0
2002773,安穆·艾兰的干枯木材,,,0,0,0,1,0,0,False,0,22414,1,99,1,0,0,0
2002774,油菜籽,,,0,0,0,1,0,0,False,0,27451,1,99,1,0,0,0
2002775,鼹灵之尾,,,0,0,0,1,0,0,False,0,25031,1,99,1,0,0,0
2002776,优质鼹灵之尾,,,0,0,0,1,0,0,False,0,25028,1,99,1,0,0,0
2002777,雷克兰德橡木原木,,,0,0,0,1,0,0,False,0,22401,1,99,1,0,0,0
2002778,优质的雷克兰德橡木原木,,,0,0,0,1,0,0,False,0,22409,1,99,1,0,0,0
2002779,菁灵香草,,,0,0,0,1,0,0,False,0,25224,1,99,1,0,0,0
2002780,湖藻,,,0,0,0,1,0,0,False,0,25225,1,99,1,0,0,0
2002781,湖藻嫩芽,,,0,0,0,1,0,0,False,0,25217,1,99,1,0,0,0
2002782,绿磷铝石原石,,,0,0,0,1,0,0,False,0,21224,1,99,1,0,0,0
2002783,大颗绿磷铝石原石,,,0,0,0,1,0,0,False,0,21228,1,99,1,0,0,0
2002784,珂露西亚废石,,,0,0,0,1,0,0,False,0,21455,1,99,1,0,0,0
2002785,珂露西亚铁矿,,,0,0,0,1,0,0,False,0,21202,1,99,1,0,0,0
2002786,珂露西亚优质铁矿,,,0,0,0,1,0,0,False,0,21205,1,99,1,0,0,0
2002787,孚布特石材,,,0,0,0,1,0,0,False,0,21251,1,99,1,0,0,0
2002788,孚布特优质石材,,,0,0,0,1,0,0,False,0,21470,1,99,1,0,0,0
2002789,粉色蓝宝石原石,,,0,0,0,1,0,0,False,0,21225,1,99,1,0,0,0
2002790,伊尔美格结晶片,,,0,0,0,1,0,0,False,0,21291,1,99,1,0,0,0
2002791,污染的砂砾,,,0,0,0,1,0,0,False,0,21456,1,99,1,0,0,0
2002792,严重污染的砂砾,,,0,0,0,1,0,0,False,0,21461,1,99,1,0,0,0
2002793,拉凯提卡翡翠原石,,,0,0,0,1,0,0,False,0,21252,1,99,1,0,0,0
2002794,水蛇石,,,0,0,0,1,0,0,False,0,21217,1,99,1,0,0,0
2002795,优质的水蛇石,,,0,0,0,1,0,0,False,0,21223,1,99,1,0,0,0
2002796,净化石,,,0,0,0,1,0,0,False,0,21201,1,99,1,0,0,0
2002797,拿巴示矿石原石,,,0,0,0,1,0,0,False,0,21208,1,99,1,0,0,0
2002798,塔罗斯元件,,,0,0,0,1,0,0,False,0,20912,1,99,1,0,0,0
2002799,优质塔罗斯元件,,,0,0,0,1,0,0,False,0,20915,1,99,1,0,0,0
2002800,雷克兰德建材,,,0,0,0,1,0,0,False,0,21453,1,99,1,0,0,0
2002801,雷克兰德无瑕建材,,,0,0,0,1,0,0,False,0,21454,1,99,1,0,0,0
2002802,堇云石原石,,,0,0,0,1,0,0,False,0,21207,1,99,1,0,0,0
2002803,湖之碎晶,,,0,0,0,1,0,0,False,0,20026,1,99,1,0,0,0
2002804,湖之水晶,,,0,0,0,1,0,0,False,0,20022,1,99,1,0,0,0
2002805,熔岩草花瓣,,,0,0,0,1,0,0,False,69097,26110,0,4,1,0,0,0
2002806,鬣蜥的尾巴,,,0,0,0,1,0,0,False,69098,25038,0,2,1,0,0,0
2002807,矮人麦酒的酒桶,,,0,0,0,1,0,0,False,69098,26547,0,1,1,0,0,0
2002808,登山手杖,,,0,0,0,1,0,0,False,69105,32609,0,1,1,0,0,0
2002809,调查记录专用笔记,,,0,0,0,1,0,0,False,69105,26002,0,1,1,0,0,0
2002810,装有样本的小袋子,,,0,0,0,1,0,0,False,69105,26110,0,1,1,0,0,0
2002811,生锈的锁链,,,0,0,0,1,0,0,False,69106,20921,0,1,1,0,0,0
2002812,刻有文字的石片,,,0,0,0,1,0,0,False,69106,26201,0,1,1,0,0,0
2002813,小钥匙,,,0,0,0,1,0,0,False,69106,25904,0,1,1,0,0,0
2002814,卫兵团的订单,,,0,0,0,1,0,0,False,69107,25918,0,3,1,0,0,0
2002815,阴沉乡的干货,,,0,0,0,1,0,0,False,69107,24315,0,1,1,0,0,0
2002816,腌制瓶,,,0,0,0,1,0,0,False,69110,27608,0,1,1,0,0,0
2002817,装满蚯蚓的袋子,,,0,0,0,1,0,0,False,69110,26110,0,1,1,0,0,0
2002818,埋起来的木箱,,,0,0,0,1,0,0,False,69108,21003,0,1,1,0,0,0
2002819,金黄花蜜,,,0,0,0,1,0,0,False,0,22642,0,99,1,0,0,0
2002820,毒壶碎片,,,0,0,0,1,0,0,False,0,25975,0,99,1,0,0,0
2002821,隆卡的遗物,,,0,0,0,1,0,0,False,0,21205,0,99,1,0,0,0
2002822,塔里丘魔鸟之羽,,,0,0,0,1,0,0,False,0,21902,0,99,1,0,0,0
2002823,红血珊瑚,,,0,0,0,1,0,0,False,0,22207,0,99,1,0,0,0
2002824,黑风海珍珠,,,0,0,0,1,0,0,False,0,21287,0,99,1,0,0,0
2002825,补给物资木箱,,,0,0,0,1,0,0,False,68923,21003,0,1,1,0,0,0
2002826,风花的种子,,,0,0,0,1,0,0,False,68924,25302,0,3,1,0,0,0
2002827,慰问麦酒,,,0,0,0,1,0,0,False,68925,20601,0,4,1,0,0,0
2002828,卫兵团的武器,,,0,0,0,1,0,0,False,68926,30436,0,1,1,0,0,0
2002829,特产热葡萄酒,,,0,0,0,1,0,0,False,68927,53039,0,2,1,0,0,0
2002830,卫兵团的皮袋,,,0,0,0,1,0,0,False,68972,26110,0,1,1,0,0,0
2002831,修补泥浆,,,0,0,0,1,0,0,False,68920,21003,1,4,1,3,0,0
2002832,卫兵团的治疗道具,,,0,0,0,1,0,0,False,68921,26110,1,1,1,3,0,0
2002833,补给物资订单,,,0,0,0,1,0,0,False,68922,26183,0,1,1,0,0,0
2002834,珂露西亚香橙,,,0,0,0,1,0,0,False,69121,25312,0,1,1,0,0,0
2002835,新鲜的水产品,,,0,0,0,1,0,0,False,69114,29034,0,1,1,0,0,0
2002836,腐坏蟹肉,,,0,0,0,1,0,0,False,69118,26110,1,1,1,3,0,0
2002837,鳍人族闪光弹,,,0,0,0,1,0,0,False,69118,21266,813,1,1,1,0,0
2002838,双向海龙的硬鳞,,,0,0,0,1,0,0,False,69118,22262,0,1,1,0,0,0
2002839,有价值的沉没物,,,0,0,0,1,0,0,False,69120,26316,0,4,1,0,0,0
2002840,隆卡的石板,,,0,0,0,1,0,0,False,69018,26201,0,1,1,0,0,0
2002841,风花的尸体,,,0,0,0,1,0,0,False,0,26111,0,1,1,0,0,0
2002842,被遗留下来的纸屑,,,0,0,0,1,0,0,False,69196,26110,0,1,1,0,0,0
2002843,被遗留下来的钓竿,,,0,0,0,1,0,0,False,69196,25919,0,1,1,0,0,0
2002844,被遗留下来的瓶子,,,0,0,0,1,0,0,False,69196,25930,0,1,1,0,0,0
2002845,小漂流瓶,,,0,0,0,1,0,0,False,69197,25930,0,1,1,0,0,0
2002846,摹写过的黏土板,,,0,0,0,1,0,0,False,68871,26201,0,4,1,0,0,0
2002847,充满谜团的信,,,0,0,0,1,0,0,False,69196,26151,0,1,1,0,0,0
2002848,转交的包裹,,,0,0,0,1,0,0,False,68916,23001,0,1,1,0,0,0
2002849,慰问品菜肴,,,0,0,0,1,0,0,False,68916,24009,0,4,1,0,0,0
2002850,朴素角笛,,,0,0,0,1,0,0,False,68918,26039,3140,1,1,0,0,0
2002851,三尖树的树液,,,0,0,0,1,0,0,False,68919,25005,0,1,1,0,0,0
2002852,砍伐的木材,,,0,0,0,1,0,0,False,0,22453,0,99,1,0,0,0
2002853,格鲁格棱晶,,,0,0,0,1,0,0,False,0,21212,0,99,1,0,0,0
2002854,牧童之杖,,,0,0,0,1,0,0,False,68917,32609,0,1,1,0,0,0
2002855,仙子的宝物,,,0,0,0,1,0,0,False,68967,25569,0,2,1,0,0,0
2002856,风花的尸体,,,0,0,0,1,0,0,False,68988,26110,0,1,1,0,0,0
2002857,小渔叉,,,0,0,0,1,0,0,False,69111,30391,0,1,1,0,0,0
2002858,赛米德的腿,,,0,0,0,1,0,0,False,68929,22260,0,2,1,0,0,0
2002859,崭新的木箱,,,0,0,0,1,0,0,False,68990,52546,0,1,1,0,0,0
2002860,有年头的笔记,,,0,0,0,1,0,0,False,68991,26161,0,1,1,0,0,0
2002861,美丽箭束,,,0,0,0,1,0,0,False,68999,27212,0,4,1,0,0,0
2002862,柔软毛毯,,,0,0,0,1,0,0,False,69004,23253,0,1,1,0,0,0
2002863,清澈的水,,,0,0,0,1,0,0,False,69004,20681,0,1,1,0,0,0
2002864,雕刻耳饰,,,0,0,0,1,0,0,False,69001,55395,0,1,1,0,0,0
2002865,隆卡百合铃,,,0,0,0,1,0,0,False,69001,25580,0,1,1,0,0,0
2002866,雕刻戒指,,,0,0,0,1,0,0,False,69001,54483,0,1,1,0,0,0
2002867,金黄花蜜,,,0,0,0,1,0,0,False,68929,26110,0,1,1,0,0,0
2002868,轻飘飘鳞粉,,,0,0,0,1,0,0,False,68935,25011,1,3,1,3,0,0
2002869,新鲜的黑线鳕,,,0,0,0,1,0,0,False,69203,29012,0,3,1,0,0,0
2002870,装有蘑菇的小包,,,0,0,0,1,0,0,False,68954,23001,0,1,1,0,0,0
2002871,神秘炼金药,,,0,0,0,1,0,0,False,68954,20669,0,1,1,0,0,0
2002872,孚布特香草,,,0,0,0,1,0,0,False,68955,25030,0,4,1,0,0,0
2002873,高贵的蓝花,,,0,0,0,1,0,0,False,68956,27458,0,1,1,0,0,0
2002874,纯洁的黄花,,,0,0,0,1,0,0,False,68956,27458,0,1,1,0,0,0
2002875,可爱的粉花,,,0,0,0,1,0,0,False,68956,27458,0,1,1,0,0,0
2002876,绿飘龙的尾巴,,,0,0,0,1,0,0,False,68958,27001,0,1,1,0,0,0
2002877,恩莫手织毛毯,,,0,0,0,1,0,0,False,68959,21615,0,1,1,0,0,0
2002878,兔尾的绒毛,,,0,0,0,1,0,0,False,68960,21654,0,1,1,0,0,0
2002879,幼体龙鸟的羽毛,,,0,0,0,1,0,0,False,68960,21908,0,1,1,0,0,0
2002880,普卡精的毛皮,,,0,0,0,1,0,0,False,68960,21616,0,1,1,0,0,0
2002881,银色徽章,,,0,0,0,1,0,0,False,68961,54974,0,1,1,0,0,0
2002882,蛋的碎片,,,0,0,0,1,0,0,False,68970,25252,0,4,1,0,0,0
2002883,手工制作的软膏,,,0,0,0,1,0,0,False,69009,20702,1,1,1,3,0,0
2002884,结实的皮袋,,,0,0,0,1,0,0,False,69007,26110,1,1,1,1,0,0
2002885,装有秧鸡的皮袋,,,0,0,0,1,0,0,False,69007,26110,0,1,1,0,0,0
2002886,孚布特样式的小箱子,,,0,0,0,1,0,0,False,68968,21003,0,1,1,0,0,0
2002887,射手战装,,,0,0,0,1,0,0,False,69003,23001,0,3,1,0,0,0
2002888,法诺之证,,,0,0,0,1,0,0,False,69020,25023,0,3,1,0,0,0
2002889,手工制作的煎饼,,,0,0,0,1,0,0,False,69006,24006,0,1,1,0,0,0
2002890,贴花的信,,,0,0,0,1,0,0,False,69006,26171,0,1,1,0,0,0
2002891,镇尼的核心,,,0,0,0,1,0,0,False,69011,21293,0,1,1,0,0,0
2002892,洛克瓦之泪的种子,,,0,0,0,1,0,0,False,69011,25354,0,1,1,0,0,0
2002893,隆卡的命石,,,0,0,0,1,0,0,False,69013,21292,0,1,1,0,0,0
2002894,诺姆的核心,,,0,0,0,1,0,0,False,69091,21292,0,2,1,0,0,0
2002895,矮人石酒,,,0,0,0,1,0,0,False,69091,25057,1,4,1,3,0,0
2002896,暗号笔记,,,0,0,0,1,0,0,False,69046,26151,3140,1,1,0,0,0
2002897,状态良好的木材,,,0,0,0,1,0,0,False,69036,22454,0,2,1,0,0,0
2002898,旅者的行李,,,0,0,0,1,0,0,False,69038,26553,0,1,1,0,0,0
2002899,悼念之花,,,0,0,0,1,0,0,False,69037,26024,1,1,1,1,0,0
2002900,自走人偶的核心,,,0,0,0,1,0,0,False,69207,21002,0,1,1,0,0,0
2002901,坑道油灯,,,0,0,0,1,0,0,False,69207,51333,0,1,1,0,0,0
2002902,中漂流瓶,,,0,0,0,1,0,0,False,69197,25930,0,1,1,0,0,0
2002903,大漂流瓶,,,0,0,0,1,0,0,False,69197,25930,0,1,1,0,0,0
2002904,拜克·拉各的秘药,,,0,0,0,1,0,0,False,69211,20702,1,3,1,3,0,0
2002905,优质黏土,,,0,0,0,1,0,0,False,69212,26110,0,3,1,0,0,0
2002906,镶着宝石的手镯,,,0,0,0,1,0,0,False,69253,55756,0,1,1,0,0,0
2002907,坏掉的机械部件,,,0,0,0,1,0,0,False,69256,26596,0,1,1,0,0,0
2002908,肮脏的机械部件,,,0,0,0,1,0,0,False,69256,26597,0,1,1,0,0,0
2002909,生锈的机械部件,,,0,0,0,1,0,0,False,69256,26598,0,1,1,0,0,0
2002910,坏掉的机械部件,,,0,0,0,1,0,0,False,69257,26596,0,1,1,0,0,0
2002911,肮脏的机械部件,,,0,0,0,1,0,0,False,69257,26597,0,1,1,0,0,0
2002912,生锈的机械部件,,,0,0,0,1,0,0,False,69257,26598,0,1,1,0,0,0
2002913,,,,0,0,0,0,0,0,False,0,0,0,0,0,0,0,0
2002914,,,,0,0,0,0,0,0,False,0,0,0,0,0,0,0,0
2002915,,,,0,0,0,0,0,0,False,0,0,0,0,0,0,0,0
2002916,,,,0,0,0,0,0,0,False,0,0,0,0,0,0,0,0
2002917,话题“关于担心产业衰退”,,,0,0,0,1,0,0,False,69214,26572,0,1,1,0,0,0
2002918,话题“关于担心维持治安”,,,0,0,0,1,0,0,False,69214,26572,0,1,1,0,0,0
2002919,话题“关于担心生活状况”,,,0,0,0,1,0,0,False,69214,26572,0,1,1,0,0,0
2002920,软绵绵的羊毛团,,,0,0,0,1,0,0,False,69225,21655,0,3,1,0,0,0
2002921,迷你篮筐,,,0,0,0,1,0,0,False,69226,26110,0,1,1,0,0,0
2002922,美丽昆虫的翅膀,,,0,0,0,1,0,0,False,69227,21951,0,1,1,0,0,0
2002923,漂亮的花束,,,0,0,0,1,0,0,False,69227,25509,0,1,1,0,0,0
2002924,圆滑的小石头,,,0,0,0,1,0,0,False,69227,22624,0,1,1,0,0,0
2002925,草人的枝叶,,,0,0,0,1,0,0,False,69228,25010,0,2,1,0,0,0
2002926,石莲猬的尾巴,,,0,0,0,1,0,0,False,69229,26110,0,1,1,0,0,0
2002927,沉没都市的遗留品,,,0,0,0,1,0,0,False,69230,25998,0,1,1,0,0,0
2002928,独脚金的巨大花瓣,,,0,0,0,1,0,0,False,69231,22251,0,1,1,0,0,0
2002929,损坏的辅助机,,,0,0,0,1,0,0,False,69256,59764,0,1,1,0,0,0
2002930,损坏的辅助机,,,0,0,0,1,0,0,False,69257,59764,0,1,1,0,0,0
2002931,轻飘小草,,,0,0,0,1,0,0,False,69232,27453,0,2,1,0,0,0
2002932,苔菇的伞帽,,,0,0,0,1,0,0,False,69233,25406,0,1,1,0,0,0
2002933,宽翼飘龙的翼膜,,,0,0,0,1,0,0,False,69236,22004,0,1,1,0,0,0
2002934,青青的牧草,,,0,0,0,1,0,0,False,69237,25035,0,2,1,0,0,0
2002935,亮晶晶的陶器碎片,,,0,0,0,1,0,0,False,69238,21265,0,1,1,0,0,0
2002936,滑溜溜的小树枝,,,0,0,0,1,0,0,False,69238,22416,0,1,1,0,0,0
2002937,闪闪发亮的树木果实,,,0,0,0,1,0,0,False,69238,25308,0,1,1,0,0,0
2002938,亮闪闪的小石头,,,0,0,0,1,0,0,False,69240,21472,0,1,1,0,0,0
2002939,捕鱼的陷阱,,,0,0,0,1,0,0,False,69241,22261,0,1,1,0,0,0
2002940,温蒂尼的核心,,,0,0,0,1,0,0,False,69242,20008,0,1,1,0,0,0
2002941,仰慕花侯爵的花,,,0,0,0,1,0,0,False,69244,25542,0,3,1,0,0,0
2002942,新鲜的风花卷须,,,0,0,0,1,0,0,False,69245,21662,0,1,1,0,0,0
2002943,心动药,,,0,0,0,1,0,0,False,69252,22654,1,1,1,3,0,0
2002944,恩莫族的情书,,,0,0,0,1,0,0,False,69252,25918,0,1,1,0,0,0
2002945,仙子手织的袋子,,,0,0,0,1,0,0,False,69246,26110,1,2,1,3,0,0
2002946,有活力的普卡精,,,0,0,0,1,0,0,False,69246,26110,0,2,1,0,0,0
2002947,普拉恩尼培养菌,,,0,0,0,1,0,0,False,69247,27459,0,1,1,0,0,0
2002948,赛米德结实的丝,,,0,0,0,1,0,0,False,69251,21664,0,1,1,0,0,0
2002949,,,,0,0,0,0,0,0,False,0,0,0,0,0,0,0,0
2002950,,,,0,0,0,0,0,0,False,0,0,0,0,0,0,0,0
2002951,,,,0,0,0,0,0,0,False,0,0,0,0,0,0,0,0
2002952,,,,0,0,0,0,0,0,False,0,0,0,0,0,0,0,0
2002953,,,,0,0,0,0,0,0,False,0,0,0,0,0,0,0,0
2002954,热红酒,,,0,0,0,1,0,0,False,69208,25057,0,1,1,0,0,0
2002955,降神糕袋,,,0,0,0,1,0,0,False,69287,22640,0,1,1,0,0,0
2002956,重建用的物资,,,0,0,0,1,0,0,False,0,22405,0,99,1,0,0,0
2002957,重建用的物资,,,0,0,0,1,0,0,False,0,22405,0,99,1,0,0,0
2002958,重建用的物资,,,0,0,0,1,0,0,False,0,22405,0,99,1,0,0,0
2002959,重建用的物资,,,0,0,0,1,0,0,False,0,22405,0,99,1,0,0,0
2002960,重建用的物资,,,0,0,0,1,0,0,False,0,22405,0,99,1,0,0,0
2002961,重建用的物资,,,0,0,0,1,0,0,False,0,22405,0,99,1,0,0,0
2002962,加工过的建筑资材,,,0,0,0,1,0,0,False,0,22457,0,99,1,0,0,0
2002963,加工过的建筑资材,,,0,0,0,1,0,0,False,0,22457,0,99,1,0,0,0
2002964,加工过的建筑资材,,,0,0,0,1,0,0,False,0,22457,0,99,1,0,0,0
2002965,加工过的建筑资材,,,0,0,0,1,0,0,False,0,22457,0,99,1,0,0,0
2002966,加工过的建筑资材,,,0,0,0,1,0,0,False,0,22457,0,99,1,0,0,0
2002967,加工过的燃料,,,0,0,0,1,0,0,False,0,52113,0,99,1,0,0,0
2002968,沉没都市的遗留品,,,0,0,0,1,0,0,False,69230,25998,0,1,1,0,0,0
2002969,沉没都市的遗留品,,,0,0,0,1,0,0,False,69230,25998,0,1,1,0,0,0
2002970,用旧的扫帚,,,0,0,0,1,0,0,False,69302,59471,0,1,1,0,0,0
2002971,装肝的大袋子,,,0,0,0,1,0,0,False,69303,26110,0,1,1,0,0,0
2002972,敲石虫的魔结晶,,,0,0,0,1,0,0,False,69321,20818,0,1,1,0,0,0
2002973,签订好的合同,,,0,0,0,1,0,0,False,69493,26176,0,1,1,0,0,0
2002974,玫瑰花纹的信,,,0,0,0,1,0,0,False,69261,26176,0,3,1,0,0,0
2002975,,,,0,0,0,0,0,0,False,0,0,0,0,0,0,0,0
2002976,废弃的木柴,,,0,0,0,1,0,0,False,69376,52113,0,1,1,0,0,0
2002977,奇塔利族的液肥,,,0,0,0,1,0,0,False,69346,20661,1,2,1,3,0,0
2002978,翡翠装饰品,,,0,0,0,1,0,0,False,69349,21295,0,3,1,0,0,0
2002979,陈旧的隆卡风格箱子,,,0,0,0,1,0,0,False,69362,21002,0,1,1,0,0,0
2002980,大麻袋,,,0,0,0,1,0,0,False,69365,21610,1,1,1,3,0,0
2002981,装有鸡的麻袋,,,0,0,0,1,0,0,False,69365,25919,0,1,1,0,0,0
2002982,采掘队用鸡蛋,,,0,0,0,1,0,0,False,69365,25252,0,1,1,0,0,0
2002983,瓦砾碎片,,,0,0,0,1,0,0,False,0,20406,0,99,1,0,0,0
2002984,修补物资,,,0,0,0,1,0,0,False,0,21464,0,99,1,0,0,0
2002985,,,,0,0,0,0,0,0,False,0,0,0,0,0,0,0,0
2002986,土木资材,,,0,0,0,1,0,0,False,0,22616,0,99,1,0,0,0
2002987,建筑物资,,,0,0,0,1,0,0,False,0,21251,0,99,1,0,0,0
2002988,建筑资材,,,0,0,0,1,0,0,False,0,21470,0,99,1,0,0,0
2002989,蛇行枝的蔬菜,,,0,0,0,1,0,0,False,69346,27551,0,1,1,0,0,0
2002990,法诺村的药丸,,,0,0,0,1,0,0,False,69334,25919,0,1,1,0,0,0
2002991,受到祝福的装饰彩蛋,,,0,0,0,1,0,0,False,69383,21310,0,1,1,0,0,0
2002992,沾满油的装饰彩蛋,,,0,0,0,1,0,0,False,69383,21311,0,1,1,0,0,0
2002993,格外巨大的装饰彩蛋,,,0,0,0,1,0,0,False,69383,21308,0,1,1,0,0,0
2002994,萨维奈灵鳞粉,,,0,0,0,1,0,0,False,69380,22650,0,1,1,0,0,0
2002995,,,,0,0,0,0,0,0,False,0,0,0,0,0,0,0,0
2002996,,,,0,0,0,0,0,0,False,0,0,0,0,0,0,0,0
2002997,本部迁移计划书,,,0,0,0,1,0,0,False,69412,25918,0,1,1,0,0,0
2002998,遗留的手册,,,0,0,0,1,0,0,False,69414,26002,0,1,1,0,0,0
2002999,龙族用的锤子,,,0,0,0,1,0,0,False,69426,21003,0,1,1,0,0,0
2003000,微型葡萄,,,0,0,0,1,0,0,False,69307,25309,0,3,1,0,0,0
2003001,用旧的手炉,,,0,0,0,1,0,0,False,69308,25977,1,3,1,1,0,0
2003002,吸血鬼蝙蝠的牙,,,0,0,0,1,0,0,False,69308,22303,0,9,1,0,0,0
2003003,贤人面包,,,0,0,0,1,0,0,False,69310,24037,0,1,1,0,0,0
2003004,暗淡的水晶,,,0,0,0,1,0,0,False,69316,20019,0,1,1,0,0,0
2003005,红菇,,,0,0,0,1,0,0,False,69394,25406,0,3,1,0,0,0
2003006,装有冷水的木桶,,,0,0,0,1,0,0,False,69395,22642,1,1,1,3,0,0
2003007,新鲜的鸡蛋,,,0,0,0,1,0,0,False,69396,25252,0,1,1,0,0,0
2003008,红石耳饰,,,0,0,0,1,0,0,False,69396,55216,0,1,1,0,0,0
2003009,长须豹幼崽的胡须,,,0,0,0,1,0,0,False,69397,25919,0,3,1,0,0,0
2003010,精金龟的巨蛋,,,0,0,0,1,0,0,False,69401,25251,0,1,1,0,0,0
2003011,开胃酒订单,,,0,0,0,1,0,0,False,69402,25918,0,1,1,0,0,0
2003012,细头錾子,,,0,0,0,1,0,0,False,69403,23103,0,1,1,0,0,0
2003013,小钳子,,,0,0,0,1,0,0,False,69403,35251,0,1,1,0,0,0
2003014,小皮袋,,,0,0,0,1,0,0,False,69403,26001,0,1,1,0,0,0
2003015,修好的怀表,,,0,0,0,1,0,0,False,69403,21002,0,1,1,0,0,0
2003016,奥尔什方的密封信,,,0,0,0,1,0,0,False,69404,25918,0,1,1,0,0,0
2003017,弗朗塞尔的密封信,,,0,0,0,1,0,0,False,69404,25918,0,1,1,0,0,0
2003018,冰元精核心,,,0,0,0,1,0,0,False,69405,21266,0,3,1,0,0,0
2003019,赤心石,,,0,0,0,1,0,0,False,69406,21253,1,1,1,3,0,0
2003020,偏属性水晶,,,0,0,0,1,0,0,False,69406,20649,0,1,1,0,0,0
2003021,受损的帝国军军装,,,0,0,0,1,0,0,False,69407,42345,0,3,1,0,0,0
2003022,受损的帝国军头盔,,,0,0,0,1,0,0,False,69407,40128,0,3,1,0,0,0
2003023,修复的帝国军军装,,,0,0,0,1,0,0,False,69407,42345,0,3,1,0,0,0
2003024,修复的帝国军头盔,,,0,0,0,1,0,0,False,69407,40128,0,3,1,0,0,0
2003025,沙蚤的卵囊,,,0,0,0,1,0,0,False,69390,22623,0,3,1,0,0,0
2003026,变色龙蛋,,,0,0,0,1,0,0,False,69391,25251,0,1,1,0,0,0
2003027,矮人火酿,,,0,0,0,1,0,0,False,69436,26547,0,3,1,0,0,0
2003028,萝拉希雅的介绍信,,,0,0,0,1,0,0,False,69434,25918,0,1,1,0,0,0
2003029,传统旗帜装饰,,,0,0,0,1,0,0,False,69488,21615,0,3,1,0,0,0
2003030,特制炸弹,,,0,0,0,1,0,0,False,69448,26015,1276,1,1,3,0,3
2003031,异乡的地酒,,,0,0,0,1,0,0,False,69462,26547,0,1,1,0,0,0
2003032,以太观测装置,,,0,0,0,1,0,0,False,69486,26108,0,2,1,0,0,0
2003033,停下的迷途自走人偶,,,0,0,0,1,0,0,False,69452,59751,0,2,1,0,0,0
2003034,装着货款的皮袋,,,0,0,0,1,0,0,False,69462,25919,0,1,1,0,0,0
2003035,印有钟形纹样的信,,,0,0,0,1,0,0,False,69496,26182,0,1,1,0,0,0
2003036,装着云海藤的袋子,,,0,0,0,1,0,0,False,69497,25979,1,1,1,3,0,0
2003037,格雷姆林驱赶剂,,,0,0,0,1,0,0,False,69441,25979,0,2,1,0,0,0
2003038,,,,0,0,0,0,0,0,False,0,0,0,0,0,0,0,0
2003039,,,,0,0,0,0,0,0,False,0,0,0,0,0,0,0,0
2003040,以太观测装置,,,0,0,0,1,0,0,False,69482,26108,0,1,1,0,0,0
2003041,以太观测装置,,,0,0,0,1,0,0,False,69483,26108,0,1,1,0,0,0
2003042,宣传用的传单,,,0,0,0,1,0,0,False,69509,26188,0,3,1,0,0,0
2003043,新兵器部件,,,0,0,0,1,0,0,False,0,26270,0,99,1,0,0,0
2003044,宣传用的传单,,,0,0,0,1,0,0,False,69510,26188,0,1,1,0,0,0
2003045,,,,0,0,0,0,0,0,False,0,0,0,0,0,0,0,0
2003046,帝国军的补给物资,,,0,0,0,1,0,0,False,0,26108,0,99,1,0,0,0
2003047,一套蓝色假面的服装,,,0,0,0,1,0,0,False,69527,25919,0,1,1,0,0,0
2003048,好闻的花,,好闻的花,0,0,0,1,0,0,False,69532,25556,0,1,1,0,0,0
2003049,发出光辉的吸魂晶,,发出光辉的吸魂晶,0,0,0,1,0,0,False,69522,26610,0,1,1,0,0,0
2003050,小火种,,小火种,0,0,0,1,0,0,False,69541,25911,1,3,1,1,0,0
2003051,柔软的毛线,,柔软的毛线,0,0,0,1,0,0,False,69539,21656,0,1,1,0,0,0
2003052,降神糕袋,,,0,0,0,1,0,0,False,69560,22640,0,1,1,0,0,0
2003053,错误的装饰品,,错误的装饰品,0,0,0,1,0,0,False,69553,25919,0,3,1,0,0,0
2003054,永久冰晶,,永久冰晶,0,0,0,1,0,0,False,69556,20015,1,3,1,3,0,0
2003055,星芒节花环,,星芒节花环,0,0,0,1,0,0,False,69557,26108,0,1,1,0,0,0
2003056,高压雷之碎晶,,高压雷之碎晶,0,0,0,1,0,0,False,69544,20017,0,1,1,0,0,0
2003057,加隆德炼铁厂的交易票据,,加隆德炼铁厂的交易票据,0,0,0,1,0,0,False,69545,26179,0,1,1,0,0,0
2003058,小袋子,,小袋子,0,0,0,1,0,0,False,69542,25919,0,1,1,0,0,0
2003059,妮美雅百合,,妮美雅百合,0,0,0,1,0,0,False,69542,22627,0,2,1,0,0,0
2003060,,,,0,0,0,0,0,0,False,0,0,0,0,0,0,0,0
2003061,充满回忆的怀表,,,0,0,0,1,0,0,False,69572,26108,0,1,1,0,0,0
2003062,机械生物的残骸,,,0,0,0,1,0,0,False,69586,52546,0,2,1,0,0,0
2003063,,,,0,0,0,0,0,0,False,0,0,0,0,0,0,0,0
2003064,未知语言的书籍,,,0,0,0,1,0,0,False,69587,26159,0,1,1,0,0,0
2003065,未知的机械零件,,,0,0,0,1,0,0,False,69587,52546,0,1,1,0,0,0
2003066,古代博兹雅铁具,,,0,0,0,1,0,0,False,69564,26108,0,1,1,0,0,0
2003067,,,,0,0,0,0,0,0,False,0,0,0,0,0,0,0,0
2003068,沉重的货箱,,,0,0,0,1,0,0,False,69587,52546,0,1,1,0,0,0
2003069,搜查记录手册,,,0,0,0,1,0,0,False,69590,26168,3140,1,1,0,0,0
2003070,用于研究的吸魂晶,,,0,0,0,1,0,0,False,69596,26610,0,1,1,0,0,0
2003071,大麻袋,,,0,0,0,1,0,0,False,69588,25919,1,1,1,1,0,0
2003072,装有自走人偶的麻袋,,,0,0,0,1,0,0,False,69588,25919,0,1,1,0,0,0
2003073,刚产下的蛋,,,0,0,0,1,0,0,False,0,25251,0,99,1,0,0,0
2003074,搜查记录手册,,,0,0,0,1,0,0,False,69592,26168,3140,1,1,0,0,0
2003075,特殊宝物地图2,,,0,0,0,1,0,0,False,0,26151,1,1,2,0,0,0
2003076,特殊传送魔纹地图2,,,0,0,0,1,0,0,False,0,26151,1,1,2,0,0,0
2003077,引诱妖异的蜡烛,,,0,0,0,1,0,0,False,69611,26102,1,3,1,3,0,0
2003078,染血的戒指,,,0,0,0,1,0,0,False,69611,54434,0,1,1,0,0,0
2003079,妮美雅百合香囊,,,0,0,0,1,0,0,False,69627,26110,0,1,1,0,0,0
2003080,,,,0,0,0,0,0,0,False,0,0,0,0,0,0,0,0
2003081,牦牛毛,,,0,0,0,1,0,0,False,0,21655,0,3,1,0,0,0
2003082,幸运玩偶,,,0,0,0,1,0,0,False,0,53359,0,1,1,0,0,0
2003083,,,,0,0,0,0,0,0,False,0,0,0,0,0,0,0,0
2003084,军用桶装青磷水,,,0,0,0,1,0,0,False,0,25946,0,99,1,0,0,0
2003085,,,,0,0,0,0,0,0,False,0,0,0,0,0,0,0,0
2003086,,,,0,0,0,0,0,0,False,0,0,0,0,0,0,0,0
2003087,新型魔导部件,,,0,0,0,1,0,0,False,0,21015,0,99,1,0,0,0
2003088,古代博兹雅战装,,,0,0,0,1,0,0,False,69631,25919,0,1,1,0,0,0
2003089,古代博兹雅皮甲,,,0,0,0,1,0,0,False,69631,26110,0,1,1,0,0,0
2003090,初级总会怪物通缉令,,,0,0,0,1,0,0,False,0,26615,1,1,4,0,0,0
2003091,中级总会怪物通缉令,,,0,0,0,1,0,0,False,0,26616,1,1,4,0,0,0
2003092,高级总会怪物通缉令,,,0,0,0,1,0,0,False,0,26617,1,1,4,0,0,0
2003093,总会恶名精英通缉令,,,0,0,0,1,0,0,False,0,26618,1,1,4,0,0,0
2003094,话题“万德罗被人发现的地点”,,,0,0,0,1,0,0,False,69665,26572,0,1,1,0,0,0
2003095,话题“低空飞行的飞空艇”,,,0,0,0,1,0,0,False,69665,26572,0,1,1,0,0,0
2003096,话题“万德罗被发现时的状态”,,,0,0,0,1,0,0,False,69665,26572,0,1,1,0,0,0
2003097,贤人面包,,,0,0,0,1,0,0,False,69689,24037,0,1,1,0,0,0
2003098,断金的信,,,0,0,0,1,0,0,False,69695,26171,0,1,1,0,0,0
2003099,锁死病的特效药,,,0,0,0,1,0,0,False,69638,27607,0,1,1,0,0,0
2003100,长老树的树枝,,,0,0,0,1,0,0,False,69643,22416,0,1,1,0,0,0
2003101,«天文台的历史»,,,0,0,0,1,0,0,False,69675,26166,0,1,1,0,0,0
2003102,«望远镜大全»,,,0,0,0,1,0,0,False,69675,26163,0,1,1,0,0,0
2003103,«观星镜必读手册»,,,0,0,0,1,0,0,False,69675,26161,0,1,1,0,0,0
2003104,开封的信,,,0,0,0,1,0,0,False,69645,26176,0,1,1,0,0,0
2003105,灰扑扑的戒指,,,0,0,0,1,0,0,False,69645,54403,0,1,1,0,0,0
2003106,追悼仪式的邀请函,,,0,0,0,1,0,0,False,69647,25918,0,2,1,0,0,0
2003107,乌尔达哈出产的炼金药,,,0,0,0,1,0,0,False,69721,20665,0,1,1,0,0,0
2003108,结实的麻袋,,,0,0,0,1,0,0,False,69727,26110,1843,1,1,3,0,0
2003109,装有逃命矿爬虫的麻袋,,,0,0,0,1,0,0,False,69727,26110,0,1,1,0,0,0
2003110,«伊修加德占星论»,,,0,0,0,1,0,0,False,69718,26161,0,1,1,0,0,0
2003111,«云海纪行»,,,0,0,0,1,0,0,False,69718,26163,0,1,1,0,0,0
2003112,«草海行记»,,,0,0,0,1,0,0,False,69718,26158,0,1,1,0,0,0
2003113,宝石兽玩偶,,,0,0,0,1,0,0,False,69719,59545,0,1,1,0,0,0
2003114,手工炸弹,,,0,0,0,1,0,0,False,69746,26015,1,1,1,3,0,0
2003115,沾满了灰的信封,,,0,0,0,1,0,0,False,69747,26174,0,1,1,0,0,0
2003116,古风蜡烛,,,0,0,0,1,0,0,False,69747,26102,0,1,1,0,0,0
2003117,高雅威风的魔法人偶,,,0,0,0,1,0,0,False,69748,59520,0,1,1,0,0,0
2003118,倒地的腐木,,,0,0,0,1,0,0,False,69724,22408,0,2,1,0,0,0
2003119,家畜的肉,,,0,0,0,1,0,0,False,69726,25155,1,3,1,3,0,0
2003120,黑棕色的泥土,,,0,0,0,1,0,0,False,69730,25919,0,3,1,0,0,0
2003121,样本编号316的插画,,,0,0,0,1,0,0,False,69731,25999,3140,1,1,0,0,0
2003122,316号样本,,,0,0,0,1,0,0,False,69731,25919,0,1,1,0,0,0
2003123,装有果实的袋子,,,0,0,0,1,0,0,False,69729,25919,0,1,1,0,0,0
2003124,黄金奶酪,,,0,0,0,1,0,0,False,69729,24458,0,1,1,0,0,0
2003125,实验用农作物的幼苗,,,0,0,0,1,0,0,False,69728,25979,0,3,1,0,0,0
2003126,话题“突如其来的大整理”,,,0,0,0,1,0,0,False,69897,26572,0,1,1,0,0,0
2003127,话题“大量物品的搬入与搬出”,,,0,0,0,1,0,0,False,69897,26572,0,1,1,0,0,0
2003128,话题“过劳的拾穗人”,,,0,0,0,1,0,0,False,69897,26572,0,1,1,0,0,0
2003129,大麻袋,,,0,0,0,1,0,0,False,69898,25919,1,1,1,3,0,0
2003130,装有斑灰鼠的麻袋,,,0,0,0,1,0,0,False,69898,25919,0,1,1,0,0,0
2003131,造纸用的木材,,,0,0,0,1,0,0,False,0,22401,1,99,1,0,0,0
2003132,造纸用的优质木材,,,0,0,0,1,0,0,False,0,22409,1,99,1,0,0,0
2003133,研究用的水芥菜,,,0,0,0,1,0,0,False,0,25206,1,99,1,0,0,0
2003134,生态调查用的树枝,,,0,0,0,1,0,0,False,0,22417,1,99,1,0,0,0
2003135,生态调查用的有虫的树枝,,,0,0,0,1,0,0,False,0,22416,1,99,1,0,0,0
2003136,萨维奈岛的牧草,,,0,0,0,1,0,0,False,0,25035,1,99,1,0,0,0
2003137,萨维奈岛的优质牧草,,,0,0,0,1,0,0,False,0,25211,1,99,1,0,0,0
2003138,口感刺激的辣椒,,,0,0,0,1,0,0,False,0,25013,1,99,1,0,0,0
2003139,制造燃料所需的棕榈树液,,,0,0,0,1,0,0,False,0,22642,1,99,1,0,0,0
2003140,研究用的红菜,,,0,0,0,1,0,0,False,0,25223,1,99,1,0,0,0
2003141,研究用的优质红菜,,,0,0,0,1,0,0,False,0,25231,1,99,1,0,0,0
2003142,嫁接用的树枝,,,0,0,0,1,0,0,False,0,22417,1,99,1,0,0,0
2003143,焦黑的行道树,,,0,0,0,1,0,0,False,0,22418,1,99,1,0,0,0
2003144,恢复生机的行道树,,,0,0,0,1,0,0,False,0,25004,1,99,1,0,0,0
2003145,奶茶用的桂皮,,,0,0,0,1,0,0,False,0,25019,1,99,1,0,0,0
2003146,近东的巨大草本植物,,,0,0,0,1,0,0,False,0,25026,1,99,1,0,0,0
2003147,试吃实验用的西米棕榈,,,0,0,0,1,0,0,False,0,22652,1,99,1,0,0,0
2003148,试吃实验用的优质西米棕榈,,,0,0,0,1,0,0,False,0,22674,1,99,1,0,0,0
2003149,迷津的纤维植物,,,0,0,0,1,0,0,False,0,25009,1,99,1,0,0,0
2003150,迷津的优质纤维植物,,,0,0,0,1,0,0,False,0,25016,1,99,1,0,0,0
2003151,研究转魂塔所需的原木,,,0,0,0,1,0,0,False,0,22406,1,99,1,0,0,0
2003152,金黄色的树液,,,0,0,0,1,0,0,False,0,22642,1,99,1,0,0,0
2003153,优质的金黄树液,,,0,0,0,1,0,0,False,0,22643,1,99,1,0,0,0
2003154,鉴赏用的石头,,,0,0,0,1,0,0,False,0,21454,1,99,1,0,0,0
2003155,鉴赏用的美观石头,,,0,0,0,1,0,0,False,0,21455,1,99,1,0,0,0
2003156,修复用的硅石,,,0,0,0,1,0,0,False,0,21251,1,99,1,0,0,0
2003157,岩盘样本,,,0,0,0,1,0,0,False,0,21454,1,99,1,0,0,0
2003158,优质岩盘样本,,,0,0,0,1,0,0,False,0,21252,1,99,1,0,0,0
2003159,萨维奈巨胆石,,,0,0,0,1,0,0,False,0,21226,1,99,1,0,0,0
2003160,优质萨维奈巨胆石,,,0,0,0,1,0,0,False,0,21225,1,99,1,0,0,0
2003161,土壤改良用的石灰石,,,0,0,0,1,0,0,False,0,21232,1,99,1,0,0,0
2003162,鉴赏用的巨胆石,,,0,0,0,1,0,0,False,0,21225,1,99,1,0,0,0
2003163,49式客车的外装,,,0,0,0,1,0,0,False,0,20969,1,99,1,0,0,0
2003164,49式客车的优质外装,,,0,0,0,1,0,0,False,0,20966,1,99,1,0,0,0
2003165,鉴赏用的北洲石,,,0,0,0,1,0,0,False,0,21232,1,99,1,0,0,0
2003166,军用青磷引擎的零件,,,0,0,0,1,0,0,False,0,20910,1,99,1,0,0,0
2003167,军用青磷引擎的新型零件,,,0,0,0,1,0,0,False,0,20913,1,99,1,0,0,0
2003168,鉴赏用的火山岩,,,0,0,0,1,0,0,False,0,21455,1,99,1,0,0,0
2003169,优质的过滤砂,,,0,0,0,1,0,0,False,0,21006,1,99,1,0,0,0
2003170,土壤改良用的石粉,,,0,0,0,1,0,0,False,0,21204,1,99,1,0,0,0
2003171,土壤改良用的优质石粉,,,0,0,0,1,0,0,False,0,21219,1,99,1,0,0,0
2003172,鉴赏用的奇石,,,0,0,0,1,0,0,False,0,21205,1,99,1,0,0,0
2003173,鉴赏用的精美奇石,,,0,0,0,1,0,0,False,0,21203,1,99,1,0,0,0
2003174,研磨用的铁云母,,,0,0,0,1,0,0,False,0,21226,1,99,1,0,0,0
2003175,最终调查用的样本,,,0,0,0,1,0,0,False,0,21453,1,99,1,0,0,0
2003176,最终调查用的优质样本,,,0,0,0,1,0,0,False,0,21455,1,99,1,0,0,0
2003177,爬满苔藓的喀恰帕龟甲壳,,,0,0,0,1,0,0,False,69733,25919,0,2,1,0,0,0
2003178,鸵鸟胸肉,,,0,0,0,1,0,0,False,69734,25155,0,1,1,0,0,0
2003179,,,,0,0,0,0,0,0,False,0,0,0,0,0,0,0,0
2003180,特制庵摩罗果酸奶昔,,,0,0,0,1,0,0,False,69904,24454,0,2,1,0,0,0
2003181,醉醺醺的迪帕,,,0,0,0,1,0,0,False,69908,59700,0,1,1,0,0,0
2003182,装有巨胆石的麻袋,,,0,0,0,1,0,0,False,69911,25919,0,1,1,0,0,0
2003183,落海的木箱,,,0,0,0,1,0,0,False,69741,52546,0,2,1,0,0,0
2003184,落海的麻袋,,,0,0,0,1,0,0,False,69741,26110,0,3,1,0,0,0
2003185,代米尔硬化药,,,0,0,0,1,0,0,False,69744,20645,0,3,1,0,0,0
2003186,巨胆石短刀,,,0,0,0,1,0,0,False,69745,30362,1,1,1,3,0,0
2003187,大树的树皮,,,0,0,0,1,0,0,False,69745,22418,0,1,1,0,0,0
2003188,被盗的金属板,,,0,0,0,1,0,0,False,69735,20963,0,1,1,0,0,0
2003189,装钱的皮袋,,,0,0,0,1,0,0,False,69736,25919,0,1,1,0,0,0
2003190,装辉石的皮袋,,,0,0,0,1,0,0,False,69736,25919,0,1,1,0,0,0
2003191,迷路的桓娑鸟,,,0,0,0,1,0,0,False,69742,25919,0,1,1,0,0,0
2003192,,,,0,0,0,0,0,0,False,0,0,0,0,0,0,0,0
2003193,香甜的精油,,,0,0,0,1,0,0,False,69738,27602,0,1,1,0,0,0
2003194,庵摩罗果的果实,,,0,0,0,1,0,0,False,69738,25325,0,1,1,0,0,0
2003195,含有安眠药的肉,,,0,0,0,1,0,0,False,69759,25919,1,3,1,3,0,0
2003196,荞麦的果实,,,0,0,0,1,0,0,False,69761,26110,0,1,1,0,0,0
2003197,,,,0,0,0,0,0,0,False,0,0,0,0,0,0,0,0
2003198,,,,0,0,0,0,0,0,False,0,0,0,0,0,0,0,0
2003199,驱赶魔物用的炼金药,,,0,0,0,1,0,0,False,69743,27608,1,6,1,3,0,0
2003200,大个的桓娑鸟蛋,,,0,0,0,1,0,0,False,69743,25251,0,1,1,0,0,0
2003201,军用以太药,,,0,0,0,1,0,0,False,69757,27602,0,3,1,0,0,0
2003202,超硬陶瓷合金锁链,,,0,0,0,1,0,0,False,69762,20921,1,1,1,1,0,0
2003203,捕获到的魔导机车大魔,,,0,0,0,1,0,0,False,69762,26110,0,1,1,0,0,0
2003204,空酒瓶,,,0,0,0,1,0,0,False,69763,25057,0,1,1,0,0,0
2003205,尚有余香的空香水瓶,,,0,0,0,1,0,0,False,69763,20706,0,1,1,0,0,0
2003206,没有收件人的信,,,0,0,0,1,0,0,False,69764,26177,0,1,1,0,0,0
2003207,青磷水箱,,,0,0,0,1,0,0,False,69765,25946,0,1,1,0,0,0
2003208,麻痹的蛇毒药,,,0,0,0,1,0,0,False,69766,22603,1843,1,1,3,0,0
2003209,热乎乎的汤,,,0,0,0,1,0,0,False,69767,24110,0,3,1,0,0,0
2003210,清障用的爆破装置,,,0,0,0,1,0,0,False,69771,25907,1,2,1,3,0,0
2003211,加雷马伏特加,,,0,0,0,1,0,0,False,69772,27608,306,1,1,1,0,0
2003212,阿尔马斯提的血,,,0,0,0,1,0,0,False,69772,22601,0,1,1,0,0,0
2003213,弃置的武器,,,0,0,0,1,0,0,False,69773,30416,0,4,1,0,0,0
2003214,巨胆石护身符,,,0,0,0,1,0,0,False,69792,53030,0,1,1,0,0,0
2003215,捕鱼用的陷阱,,,0,0,0,1,0,0,False,69800,27002,0,2,1,0,0,0
2003216,洞虎的尸体,,,0,0,0,1,0,0,False,69801,23001,0,1,1,0,0,0
2003217,银色的硬质鳞片,,,0,0,0,1,0,0,False,69801,22262,0,1,1,0,0,0
2003218,萨维奈月桂叶,,,0,0,0,1,0,0,False,69802,25978,0,1,1,0,0,0
2003219,因地辛的根茎,,,0,0,0,1,0,0,False,69802,25919,0,1,1,0,0,0
2003220,驱邪的针叶,,,0,0,0,1,0,0,False,69802,25979,0,1,1,0,0,0
2003221,,,,0,0,0,0,0,0,False,0,0,0,0,0,0,0,0
2003222,结实的麻袋,,,0,0,0,1,0,0,False,69803,21610,1,3,1,3,0,0
2003223,装有曲蛇的麻袋,,,0,0,0,1,0,0,False,69803,26110,0,3,1,0,0,0
2003224,曲蛇的尸体,,,0,0,0,1,0,0,False,69803,29248,0,1,1,0,0,0
2003225,,,,0,0,0,0,0,0,False,0,0,0,0,0,0,0,0
2003226,护魂灵鳞,,,0,0,0,1,0,0,False,69918,26065,0,6,1,0,0,0
2003227,救援队的防寒药水,,,0,0,0,1,0,0,False,69921,20675,0,4,1,0,0,0
2003228,循环装置的青磷水箱,,,0,0,0,1,0,0,False,69926,25946,0,1,1,0,0,0
2003229,37式炸药,,,0,0,0,1,0,0,False,69927,26015,1,2,1,3,0,0
2003230,青磷水箱,,,0,0,0,1,0,0,False,69927,25946,0,1,1,0,0,0
2003231,缚魔锁,,,0,0,0,1,0,0,False,69929,20923,1843,2,1,3,0,0
2003232,以太绳,,,0,0,0,1,0,0,False,69957,21663,1,2,1,1,0,0
2003233,捕获到的彩蝶,,,0,0,0,1,0,0,False,69957,25979,0,2,1,0,0,0
2003234,聚雷魔法的理念,,,0,0,0,1,0,0,False,69960,20025,1276,2,1,3,0,7
2003235,记刻着理念的水晶,,,0,0,0,1,0,0,False,69965,20026,0,1,1,0,0,0
2003236,特大胡萝卜,,,0,0,0,1,0,0,False,69938,26110,3140,1,1,0,0,0
2003237,热乎乎的奶茶,,,0,0,0,1,0,0,False,69952,24408,0,3,1,0,0,0
2003238,,,,0,0,0,0,0,0,False,0,0,0,0,0,0,0,0
2003239,,,,0,0,0,0,0,0,False,0,0,0,0,0,0,0,0
2003240,盖章的文件,,,0,0,0,1,0,0,False,69982,26151,0,1,1,0,0,0
2003241,神秘的箱子,,,0,0,0,1,0,0,False,69796,26108,0,1,1,0,0,0
2003242,神秘的钥匙,,,0,0,0,1,0,0,False,69796,25904,0,1,1,0,0,0
2003243,神秘的草书,,,0,0,0,1,0,0,False,69796,26151,3140,1,1,0,0,1
2003244,紧急恢复药,,,0,0,0,1,0,0,False,69774,20601,1,1,1,1,0,0
2003245,赛加羚羊革制的宝物地图,,,0,0,0,1,0,0,False,0,26151,1,1,2,0,0,0
2003246,金毗罗鳄革制的宝物地图,,,0,0,0,1,0,0,False,0,26151,1,1,2,0,0,0
2003247,5级传送魔纹的地图,,,0,0,0,1,0,0,False,0,26151,1,1,2,0,0,0
2003248,人趣神的雕像,,,0,0,0,1,0,0,False,69795,25919,0,1,1,0,0,0
2003249,特制饼干,,,0,0,0,1,0,0,False,70191,24067,0,1,1,0,0,0
2003250,变异凶鹰蛋,,,0,0,0,1,0,0,False,69819,25252,0,1,1,0,0,0
2003251,,,,0,0,0,0,0,0,False,0,0,0,0,0,0,0,0
2003252,,,,0,0,0,0,0,0,False,0,0,0,0,0,0,0,0
2003253,破幻魔法的理念,,,0,0,0,1,0,0,False,69839,20001,1,1,1,3,0,0
2003254,艾伊德斯的碎片,,,0,0,0,1,0,0,False,69839,59451,0,1,1,0,0,0
2003255,遗光的核心,,,0,0,0,1,0,0,False,69883,21263,0,2,1,0,0,0
2003256,,,,0,0,0,0,0,0,False,0,0,0,0,0,0,0,0
2003257,龙星的红花,,,0,0,0,1,0,0,False,69876,25633,0,1,1,0,0,0
2003258,龙星的白花,,,0,0,0,1,0,0,False,69876,25634,0,1,1,0,0,0
2003259,被抢的观察记录,,,0,0,0,1,0,0,False,0,26151,0,99,1,0,0,0
2003260,熟睡的奥瑞亚斯,,,0,0,0,1,0,0,False,69812,59424,0,3,1,0,0,0
2003261,方形通用系统,,,0,0,0,1,0,0,False,69789,26108,0,1,1,0,0,0
2003262,成熟的果实,,,0,0,0,1,0,0,False,69865,25318,0,1,1,0,0,0
2003263,对草木纲弱化试剂,,,0,0,0,1,0,0,False,69864,20645,306,1,1,1,0,0
2003264,吃剩下的强壮胡萝卜,,,0,0,0,1,0,0,False,69776,25977,0,1,1,0,0,0
2003265,修普诺斯的灵药,,,0,0,0,1,0,0,False,69812,20645,1,3,1,1,0,0
2003266,,,,0,0,0,0,0,0,False,0,0,0,0,0,0,0,0
2003267,干燥灵药,,,0,0,0,1,0,0,False,69845,27607,1,1,1,3,0,0
2003268,长尺寸的以太绳,,,0,0,0,1,0,0,False,69845,20905,1843,1,1,3,0,0
2003269,被束缚的菭小妖,,,0,0,0,1,0,0,False,69845,59566,0,1,1,0,0,0
2003270,魔法人偶收纳箱,,,0,0,0,1,0,0,False,69868,21003,1843,1,1,3,0,0
2003271,装有魔法人偶的收纳箱,,,0,0,0,1,0,0,False,69868,21003,0,1,1,0,0,0
2003272,青磷引擎零件,,,0,0,0,1,0,0,False,0,25946,0,99,1,0,0,0
2003273,小型等级检测仪,,,0,0,0,1,0,0,False,69890,53266,1843,1,1,3,0,0
2003274,记录完毕的小型等级检测仪,,,0,0,0,1,0,0,False,69890,53266,0,1,1,0,0,0
2003275,,,,0,0,0,0,0,0,False,0,0,0,0,0,0,0,0
2003276,自制的皮钱包,,,0,0,0,1,0,0,False,69808,26001,0,1,1,0,0,0
2003277,装蛋的皮袋,,,0,0,0,1,0,0,False,69808,25356,0,1,1,0,0,0
2003278,小个头桓娑鸟用的饲料袋,,,0,0,0,1,0,0,False,69810,25977,0,1,1,0,0,0
2003279,大个头桓娑鸟用的饲料袋,,,0,0,0,1,0,0,False,69810,26110,0,1,1,0,0,0
2003280,,,,0,0,0,0,0,0,False,0,0,0,0,0,0,0,0
2003281,圣线手链,,,0,0,0,1,0,0,False,69805,21677,0,1,1,0,0,0
2003282,,,,0,0,0,0,0,0,False,0,0,0,0,0,0,0,0
2003283,,,,0,0,0,0,0,0,False,0,0,0,0,0,0,0,0
2003284,,,,0,0,0,0,0,0,False,0,0,0,0,0,0,0,0
2003285,给炼金术制药堂的信,,,0,0,0,1,0,0,False,69807,26177,0,1,1,0,0,0
2003286,给巴里克家的信,,,0,0,0,1,0,0,False,69807,26177,0,1,1,0,0,0
2003287,慕斯怪的黏液,,,0,0,0,1,0,0,False,0,22637,0,99,1,0,0,0
2003288,休眠草的粉末,,,0,0,0,1,0,0,False,69751,25991,1276,5,1,1,0,4
2003289,回收的书籍,,,0,0,0,1,0,0,False,69751,26002,0,5,1,0,0,0
2003290,合金模具,,,0,0,0,1,0,0,False,69852,20960,0,1,1,0,0,0
2003291,«德莱蒙的甜点百科全书»,,,0,0,0,1,0,0,False,69852,26002,0,1,1,0,0,0
2003292,新鲜的亚考牛奶,,,0,0,0,1,0,0,False,69852,24453,0,1,1,0,0,0
2003293,没有署名的信,,,0,0,0,1,0,0,False,69853,26151,3140,1,1,0,0,1
2003294,木箱的钥匙,,,0,0,0,1,0,0,False,69853,25902,0,3,1,0,0,0
2003295,,,,0,0,0,0,0,0,False,0,0,0,0,0,0,0,0
2003296,魔法圣灵药,,,0,0,0,1,0,0,False,0,20624,3140,1,1,0,0,0
2003297,妮美雅百合球茎,,,0,0,0,1,0,0,False,69854,27459,1,2,1,3,0,0
2003298,背水咖啡厅式三明治,,,0,0,0,1,0,0,False,69855,24009,0,2,1,0,0,0
2003299,天测园式鲜果汁,,,0,0,0,1,0,0,False,70045,24409,3140,1,1,0,0,1
2003300,苏摩草,,,0,0,0,1,0,0,False,70030,25039,0,1,1,0,0,0
2003301,附有装饰的宝珠,,,0,0,0,1,0,0,False,70032,20267,0,1,1,0,0,0
2003302,阿切斯特拉图之花,,,0,0,0,1,0,0,False,70045,25580,0,3,1,0,0,0
2003303,休假小员,,,0,0,0,1,0,0,False,70986,59896,0,2,1,0,0,0
2003304,黄金生命药,,,0,0,0,1,0,0,False,70049,20673,1,1,1,3,0,0
2003305,苏摩的碎片,,,0,0,0,1,0,0,False,0,20037,0,99,1,0,0,0
2003306,最高机密相关文件,,,0,0,0,1,0,0,False,0,26603,0,99,1,0,0,0
2003307,精舍花,,,0,0,0,1,0,0,False,0,22627,0,99,1,0,0,0
2003308,中逢花,,,0,0,0,1,0,0,False,70051,26024,0,3,1,0,0,0
2003309,灯芯水晶,,,0,0,0,1,0,0,False,69856,20007,0,1,1,0,0,0
2003310,驱兽香袋,,,0,0,0,1,0,0,False,69857,26110,1,3,1,0,0,0
2003311,小包裹,,,0,0,0,1,0,0,False,69858,26110,0,1,1,0,0,0
2003312,金色的糖浆,,,0,0,0,1,0,0,False,69858,20707,3140,1,1,0,0,1
2003313,引导辉石,,,0,0,0,1,0,0,False,69859,21269,3140,1,1,0,0,0
2003314,独行宝石兽,,,0,0,0,1,0,0,False,69859,59544,0,1,1,0,0,0
2003315,亚麻色的炼金药,,,0,0,0,1,0,0,False,69860,20673,1,1,1,0,0,0
2003316,厚实的麻袋,,,0,0,0,1,0,0,False,69862,21610,1,1,1,0,0,0
2003317,装有番茄的麻袋,,,0,0,0,1,0,0,False,69862,26110,0,1,1,0,0,0
2003318,家人的肖像画,,,0,0,0,1,0,0,False,69863,26179,0,1,1,0,0,0
2003319,硫磺粉末,,,0,0,0,1,0,0,False,69866,22629,1276,1,1,1,0,4
2003320,巨大苹果,,,0,0,0,1,0,0,False,69866,25308,0,5,1,0,0,0
2003321,斯卡尼特的眼药水,,,0,0,0,1,0,0,False,69867,20704,1,1,1,3,0,0
2003322,苏摩的冰晶,,,0,0,0,1,0,0,False,69870,20015,0,2,1,0,0,0
2003323,«星晶镜计划史»,,,0,0,0,1,0,0,False,69871,26572,0,1,1,0,0,0
2003324,«星晶镜计划史II»,,,0,0,0,1,0,0,False,69871,26572,0,1,1,0,0,0
2003325,«方舟计划准备会记录»,,,0,0,0,1,0,0,False,69871,26572,0,1,1,0,0,0
2003326,阿尼罗的核心,,,0,0,0,1,0,0,False,69872,21293,0,1,1,0,0,0
2003327,灰色的沙土,,,0,0,0,1,0,0,False,70053,25990,0,2,1,0,0,0
2003328,开心胡萝卜的种子,,,0,0,0,1,0,0,False,70055,27455,1,1,1,3,0,0
2003329,新鲜的开心胡萝卜,,,0,0,0,1,0,0,False,70055,25207,0,2,1,0,0,0
2003330,稀有材料,,,0,0,0,1,0,0,False,0,21015,0,99,1,0,0,0
2003331,我的所爱的残骸,,,0,0,0,1,0,0,False,69891,20973,0,2,1,0,0,0
2003332,山鸡的毒囊,,,0,0,0,1,0,0,False,70018,22602,0,1,1,0,0,0
2003333,小块的石灰岩,,,0,0,0,1,0,0,False,70019,22615,0,3,1,0,0,0
2003334,阿那罗的强化核心,,,0,0,0,1,0,0,False,70022,21261,0,1,1,0,0,0
2003335,苏摩的核心,,,0,0,0,1,0,0,False,70023,21266,0,2,1,0,0,0
2003336,厄尔庇斯之鸟的羽毛,,,0,0,0,1,0,0,False,69813,27266,0,1,1,0,0,0
2003337,怪树的果实,,,0,0,0,1,0,0,False,69814,25313,0,2,1,0,0,0
2003338,铁肌灵药,,,0,0,0,1,0,0,False,69814,20626,3140,1,1,0,0,0
2003339,以太绳,,,0,0,0,1,0,0,False,69816,20905,1,3,1,3,0,0
2003340,,,,0,0,0,0,0,0,False,0,0,0,0,0,0,0,0
2003341,礼物果实,,,0,0,0,1,0,0,False,69817,25308,0,1,1,0,0,0
2003342,极细以太绳,,,0,0,0,1,0,0,False,69818,20905,1,3,1,1,0,0
2003343,被束缚的兽身异蛇,,,0,0,0,1,0,0,False,69818,22623,0,3,1,0,0,0
2003344,,,,0,0,0,0,0,0,False,0,0,0,0,0,0,0,0
2003345,创造生物的理念,,,0,0,0,1,0,0,False,69820,20026,0,4,1,0,0,0
2003346,红色的小果实,,,0,0,0,1,0,0,False,69821,25310,0,3,1,0,0,0
2003347,甜美的香水,,,0,0,0,1,0,0,False,69828,20626,3140,1,1,0,0,0
2003348,浮游以太块,,,0,0,0,1,0,0,False,69829,20006,0,2,1,0,0,0
2003349,剧毒水母的情报,,,0,0,0,1,0,0,False,69830,26572,0,1,1,0,0,0
2003350,有毒果实的情报,,,0,0,0,1,0,0,False,69830,26572,0,1,1,0,0,0
2003351,魔界花的情报,,,0,0,0,1,0,0,False,69830,26572,0,1,1,0,0,0
2003352,超细以太绳,,,0,0,0,1,0,0,False,69833,20905,1,4,1,3,0,0
2003353,被束缚的新品种植物,,,0,0,0,1,0,0,False,69833,25978,0,4,1,0,0,0
2003354,小号饲料袋,,,0,0,0,1,0,0,False,69834,25977,0,4,1,0,0,0
2003355,仄费罗斯72号的幼体,,,0,0,0,1,0,0,False,69834,59490,0,4,1,0,0,0
2003356,轻飘飘草,,,0,0,0,1,0,0,False,69835,21801,0,5,1,0,0,0
2003357,靶向水晶,,,0,0,0,1,0,0,False,69836,20024,3140,1,1,0,0,0
2003358,连理花,,,0,0,0,1,0,0,False,69836,25543,0,1,1,0,0,0
2003359,黄色的创造花,,,0,0,0,1,0,0,False,69840,25512,0,1,1,0,0,0
2003360,造物院的引导手册,,,0,0,0,1,0,0,False,69840,26170,0,1,1,0,0,0
2003361,粉碎魔法的理念,,,0,0,0,1,0,0,False,69841,20001,1276,1,1,3,0,3
2003362,矿石的碎块,,,0,0,0,1,0,0,False,69841,21210,0,3,1,0,0,0
2003363,缓步急行之像,,,0,0,0,1,0,0,False,69842,59775,0,1,1,0,0,0
2003364,色彩鲜艳的胡萝卜,,,0,0,0,1,0,0,False,69846,25207,0,1,1,0,0,0
2003365,睡着的创造生物,,,0,0,0,1,0,0,False,69851,59669,0,1,1,0,0,0
2003366,思考之物的菌丝,,,0,0,0,1,0,0,False,69778,21664,0,1,1,0,0,0
2003367,人工雷之水晶,,,0,0,0,1,0,0,False,69780,20011,0,1,1,0,0,0
2003368,人工风之水晶,,,0,0,0,1,0,0,False,69780,20010,0,1,1,0,0,0
2003369,空荡荡的小瓶,,,0,0,0,1,0,0,False,69784,20669,0,1,1,0,0,0
2003370,装满水的小瓶,,,0,0,0,1,0,0,False,69784,20668,1,1,1,3,0,0
2003371,月蚤的尸体,,,0,0,0,1,0,0,False,69786,25977,0,1,1,0,0,0
2003372,麻麻赖赖的月面植物,,,0,0,0,1,0,0,False,69787,25993,0,1,1,0,0,0
2003373,晶晶亮亮的月面植物,,,0,0,0,1,0,0,False,69787,25991,0,1,1,0,0,0
2003374,颤颤巍巍的月面植物,,,0,0,0,1,0,0,False,69787,25992,0,1,1,0,0,0
2003375,月面仙人刺的结晶花,,,0,0,0,1,0,0,False,69790,22694,0,1,1,0,0,0
2003376,人趣神花,,,0,0,0,1,0,0,False,69799,25606,0,1,1,0,0,0
2003377,兽道神花,,,0,0,0,1,0,0,False,69799,25564,0,1,1,0,0,0
2003378,青磷引擎的汽化器,,,0,0,0,1,0,0,False,70035,20916,0,1,1,0,0,0
2003379,遗留的信,,,0,0,0,1,0,0,False,70039,26181,0,1,1,0,0,0
2003380,新制服套装,,,0,0,0,1,0,0,False,70859,26111,0,3,1,0,0,0
2003381,姆姆珂委托之物,,,0,0,0,1,0,0,False,70860,26108,0,1,1,0,0,0
2003382,被束缚的东云猬,,,0,0,0,1,0,0,False,69816,59747,0,3,1,0,0,0
2003383,金属饭盒,,,0,0,0,1,0,0,False,69797,24453,0,2,1,0,0,0
2003384,遗烈乡伤药,,,0,0,0,1,0,0,False,69798,20706,1,1,1,3,0,0
2003385,再者的神经组织,,,0,0,0,1,0,0,False,69889,29181,0,1,1,0,0,0
2003386,精神干涉绳,,,0,0,0,1,0,0,False,69887,26103,1843,1,1,3,0,0
2003387,失去自我的异亚,,,0,0,0,1,0,0,False,69887,26111,0,1,1,0,0,0
2003388,获得认可的理念,,,0,0,0,1,0,0,False,69837,20026,0,2,1,0,0,0
2003389,连结以太绳,,,0,0,0,1,0,0,False,69847,20905,0,1,1,0,0,0
2003390,被束缚的卡律布狄斯,,,0,0,0,1,0,0,False,69847,22623,0,1,1,0,0,0
2003391,代米尔家的奇迹,,,0,0,0,1,0,0,False,70069,26162,0,1,1,0,0,0
2003392,具有星极性的水,,,0,0,0,1,0,0,False,70069,24454,0,1,1,0,0,0
2003393,河马骑手团宣传单,,,0,0,0,1,0,0,False,70087,26151,0,3,1,0,0,0
2003394,漂亮的小包,,,0,0,0,1,0,0,False,70088,26112,0,1,1,0,0,0
2003395,装干物的袋子,,,0,0,0,1,0,0,False,70088,25919,0,1,1,0,0,0
2003396,纳尔迪克＆威米利作坊的木箱,,,0,0,0,1,0,0,False,70088,21003,0,1,1,0,0,0
2003397,粗壮的彼岸妖红花藤蔓,,,0,0,0,1,0,0,False,70089,21672,0,1,1,0,0,0
2003398,«破坏论»的抄本,,,0,0,0,1,0,0,False,70074,26156,0,1,1,0,0,0
2003399,几乎空了的水壶,,,0,0,0,1,0,0,False,70075,24454,0,1,1,0,0,0
2003400,深绿色八宝花,,,0,0,0,1,0,0,False,70091,25992,0,3,1,0,0,0
2003401,河马用的肥皂,,,0,0,0,1,0,0,False,70102,22609,1,1,1,3,0,0
2003402,新鲜的水草,,,0,0,0,1,0,0,False,70103,25034,0,3,1,0,0,0
2003403,散发气味的腐肉,,,0,0,0,1,0,0,False,70105,24353,1,1,1,3,0,0
2003404,古老毕舍遮的硬鳞,,,0,0,0,1,0,0,False,70105,22262,0,1,1,0,0,0
2003405,巨胆石匕首,,,0,0,0,1,0,0,False,70106,33801,1,1,1,3,0,0
2003406,巨木树汁,,,0,0,0,1,0,0,False,70106,22637,0,3,1,0,0,0
2003407,代米尔爆破弹,,,0,0,0,1,0,0,False,70107,26015,1276,1,1,3,0,3
2003408,泥岩碎片,,,0,0,0,1,0,0,False,70107,21455,0,1,1,0,0,0
2003409,斡德罕碎片,,,0,0,0,1,0,0,False,70108,25978,0,2,1,0,0,0
2003410,装着苔藓的袋子,,,0,0,0,1,0,0,False,70109,22801,0,3,1,0,0,0
2003411,回收的酒钱,,,0,0,0,1,0,0,False,70110,26111,0,2,1,0,0,0
2003412,浸水的货物,,,0,0,0,1,0,0,False,70112,26108,0,3,1,0,0,0
2003413,装鱼的袋子,,,0,0,0,1,0,0,False,70114,26110,0,1,1,0,0,0
2003414,白滨蟹的腿,,,0,0,0,1,0,0,False,70114,22261,0,2,1,0,0,0
2003415,装蛋的麻袋,,,0,0,0,1,0,0,False,70094,25919,0,1,1,0,0,0
2003416,鲜红海葵,,,0,0,0,1,0,0,False,70096,28404,0,2,1,0,0,0
2003417,金属饭盒,,,0,0,0,1,0,0,False,70097,24453,0,2,1,0,0,0
2003418,庵摩罗果的果实,,,0,0,0,1,0,0,False,70097,25325,0,2,1,0,0,0
2003419,装有废弃食材的袋子,,,0,0,0,1,0,0,False,70098,25919,0,2,1,0,0,0
2003420,代米尔解毒剂,,,0,0,0,1,0,0,False,70099,20662,1,1,1,3,0,0
2003421,阿输陀花的果实,,,0,0,0,1,0,0,False,70099,25313,0,1,1,0,0,0
2003422,河马的饲料袋,,,0,0,0,1,0,0,False,70104,25919,0,1,1,0,0,0
2003423,娜修的特制药,,,0,0,0,1,0,0,False,70078,26015,0,1,1,0,0,0
2003424,绅士的吸魂晶,,,0,0,0,1,0,0,False,70079,26610,0,1,1,0,0,0
2003425,,,,0,0,0,0,0,0,False,0,0,0,0,0,0,0,0
2003426,,,,0,0,0,0,0,0,False,0,0,0,0,0,0,0,0
2003427,,,,0,0,0,0,0,0,False,0,0,0,0,0,0,0,0
2003428,,,,0,0,0,0,0,0,False,0,0,0,0,0,0,0,0
2003429,,,,0,0,0,0,0,0,False,0,0,0,0,0,0,0,0
2003430,,,,0,0,0,0,0,0,False,0,0,0,0,0,0,0,0
2003431,,,,0,0,0,0,0,0,False,0,0,0,0,0,0,0,0
2003432,,,,0,0,0,0,0,0,False,0,0,0,0,0,0,0,0
2003433,,,,0,0,0,0,0,0,False,0,0,0,0,0,0,0,0
2003434,,,,0,0,0,0,0,0,False,0,0,0,0,0,0,0,0
2003435,,,,0,0,0,0,0,0,False,0,0,0,0,0,0,0,0
2003436,,,,0,0,0,0,0,0,False,0,0,0,0,0,0,0,0
2003437,,,,0,0,0,0,0,0,False,0,0,0,0,0,0,0,0
2003438,,,,0,0,0,0,0,0,False,0,0,0,0,0,0,0,0
2003439,,,,0,0,0,0,0,0,False,0,0,0,0,0,0,0,0
2003440,背世咖啡厅的盒饭,,,0,0,0,1,0,0,False,70149,20974,0,2,1,0,0,0
2003441,合成纤维袋,,,0,0,0,1,0,0,False,70155,26110,1,1,1,3,0,0
2003442,装有格雷布洛弗的袋子,,,0,0,0,1,0,0,False,70155,26110,0,1,1,0,0,0
2003443,装矿石的麻袋,,,0,0,0,1,0,0,False,0,26110,0,2,1,0,0,0
2003444,焚香炉,,,0,0,0,1,0,0,False,0,22851,0,1,1,0,0,0
2003445,木制的桶,,,0,0,0,1,0,0,False,70211,26547,0,1,1,0,0,0
2003446,装有青磷水的桶,,,0,0,0,1,0,0,False,70211,26547,0,1,1,0,0,0
2003447,预言蛋,,,0,0,0,1,0,0,False,0,21310,0,99,1,0,0,0
2003448,试验型协助机,,,0,0,0,1,0,0,False,70233,25990,0,1,1,0,0,0
2003449,胡萝卜榴弹,,,0,0,0,1,0,0,False,70250,26015,1276,1,1,3,0,3
2003450,胡萝卜肉排,,,0,0,0,1,0,0,False,70240,26109,0,3,1,0,0,0
2003451,迷你戈德伯特,,,0,0,0,1,0,0,False,70263,59876,0,2,1,0,0,0
2003452,来自广播听众的信,,,0,0,0,1,0,0,False,70222,26171,0,4,1,0,0,0
2003453,诺亚的有用道具套装,,,0,0,0,1,0,0,False,70199,26544,0,1,1,0,0,0
2003454,索恩朝风格的扇子,,,0,0,0,1,0,0,False,70256,26128,0,1,1,0,0,0
2003455,特殊宝物地图3,,,0,0,0,1,0,0,False,0,26151,1,1,2,0,0,0
2003456,特殊传送魔纹地图3,,,0,0,0,1,0,0,False,0,26151,1,1,2,0,0,0
2003457,蛇牛革制的宝物地图,,,0,0,0,1,0,0,False,0,26151,1,1,2,0,0,0
2003458,6级传送魔纹的地图,,,0,0,0,1,0,0,False,0,26151,1,1,2,0,0,0
2003459,大型陆龟的肝脏,,,0,0,0,1,0,0,False,70290,25919,0,1,1,0,0,0
2003460,紫州土偶,,,0,0,0,1,0,0,False,0,25919,0,1,1,0,0,0
2003461,经过调制的专用香辛料,,,0,0,0,1,0,0,False,70271,25979,3140,1,1,0,0,0
2003462,画有蓝色陆行鸟的信件,,,0,0,0,1,0,0,False,70302,26175,0,1,1,0,0,0
2003463,特殊宝物地图4,,,0,0,0,1,0,0,False,0,26151,1,1,2,0,0,0
2003464,特殊传送魔纹地图4,,,0,0,0,1,0,0,False,0,26151,1,1,2,0,0,0
2003465,少年们的礼物,,,0,0,0,1,0,0,False,70298,26109,1,1,1,0,0,0
2003466,绳编手环,,,0,0,0,1,0,0,False,70318,26113,0,3,1,0,0,0
2003467,刻有朋友名字的手环,,,0,0,0,1,0,0,False,70318,26107,0,1,1,0,0,0
2003468,文鸟木像,,,0,0,0,1,0,0,False,0,25919,0,1,1,0,0,0
2003469,南洋潮虫,,,0,0,0,1,0,0,False,0,25919,0,1,1,0,0,0
2003470,南洋蠕虫,,,0,0,0,1,0,0,False,0,25919,0,1,1,0,0,0
2003471,胡萝卜型增幅装置,,,0,0,0,1,0,0,False,70331,25207,1,1,1,0,0,0
2003472,无穷魔笛,,,0,0,0,1,0,0,False,70331,26038,1,1,1,0,0,0
2003473,,,,0,0,0,0,0,0,False,0,0,0,0,0,0,0,0
2003474,海龟木像,,,0,0,0,1,0,0,False,0,25919,0,1,1,0,0,0
2003475,鲸鱼木像,,,0,0,0,1,0,0,False,0,25919,0,1,1,0,0,0
2003476,休假服装,,,0,0,0,1,0,0,False,70330,26113,0,3,1,0,0,0
2003477,河川的调查记录,,,0,0,0,1,0,0,False,70364,26179,0,1,1,0,0,0
2003478,香气扑鼻的野草,,,0,0,0,1,0,0,False,70387,21681,0,3,1,0,0,0
2003479,羊驼绒,,,0,0,0,1,0,0,False,70409,21655,0,1,1,0,0,0
2003480,手斧,,,0,0,0,1,0,0,False,70410,38101,0,1,1,0,0,0
2003481,碧绿的马黛茶叶,,,0,0,0,1,0,0,False,70410,25020,0,5,1,0,0,0
2003482,大袋高级马黛茶叶,,,0,0,0,1,0,0,False,70411,25992,0,1,1,0,0,0
2003483,起风结晶,,,0,0,0,1,0,0,False,70417,20010,0,1,1,0,0,0
2003484,海牛的诱饵,,,0,0,0,1,0,0,False,70423,25979,1,2,1,3,0,0
2003485,毛绒斗篷,,,0,0,0,1,0,0,False,70409,57171,0,1,1,0,0,0
2003486,3年陈酿的最高级梅斯卡酒,,,0,0,0,1,0,0,False,70412,22671,0,1,1,0,0,0
2003487,拾穗人的磁铁矿,,,0,0,0,1,0,0,False,70439,21222,1,1,1,3,0,0
2003488,剥落的陨石碎片,,,0,0,0,1,0,0,False,70443,20006,0,5,1,0,0,0
2003489,绚丽夺目的蒲公英,,,0,0,0,1,0,0,False,70357,25029,0,2,1,0,0,0
2003490,发酵了的魔界花的唾液,,,0,0,0,1,0,0,False,70357,22603,0,1,1,0,0,0
2003491,绿咬鹃石原石,,,0,0,0,1,0,0,False,70404,21252,0,1,1,0,0,0
2003492,闪光的砂砾,,,0,0,0,1,0,0,False,70370,21458,1,1,1,3,0,0
2003493,黄金石英,,,0,0,0,1,0,0,False,70370,20018,0,1,1,0,0,0
2003494,硬树脂,,,0,0,0,1,0,0,False,70375,22638,0,1,1,0,0,0
2003495,特制编绳,,,0,0,0,1,0,0,False,70380,26103,1843,1,1,3,0,0
2003496,被捕获的增殖魔界花骨朵,,,0,0,0,1,0,0,False,70380,59412,0,1,1,0,0,0
2003497,美丽的玻璃片,,,0,0,0,1,0,0,False,70948,26111,0,3,1,0,0,0
2003498,巴库加加的鳞,,,0,0,0,1,0,0,False,70442,25990,0,1,1,0,0,0
2003499,狷羚的角,,,0,0,0,1,0,0,False,70392,22204,0,1,1,0,0,0
2003500,装有库啵啵的麻袋,,,0,0,0,1,0,0,False,70393,26648,1,1,1,3,0,0
2003501,漂流的木箱,,,0,0,0,1,0,0,False,70393,21003,0,1,1,0,0,0
2003502,鬼蟹的壳,,,0,0,0,1,0,0,False,70393,22261,0,11,1,0,0,0
2003503,装有库啵啵的麻袋,,,0,0,0,1,0,0,False,70394,26648,1,1,1,3,0,0
2003504,青年的订婚戒指,,,0,0,0,1,0,0,False,70486,54562,0,1,1,0,0,0
2003505,小麻袋,,,0,0,0,1,0,0,False,70450,26110,0,1,1,0,0,0
2003506,装有掉落物的麻袋,,,0,0,0,1,0,0,False,70450,27404,0,1,1,0,0,0
2003507,特制香袋,,,0,0,0,1,0,0,False,70451,25977,1766,1,1,3,0,4
2003508,高纯度水晶,,,0,0,0,1,0,0,False,70461,20027,0,1,1,0,0,0
2003509,初级图拉尔怪物通缉令,,,0,0,0,1,0,0,False,0,26664,1,1,4,0,0,0
2003510,中级图拉尔怪物通缉令,,,0,0,0,1,0,0,False,0,26665,1,1,4,0,0,0
2003511,高级图拉尔怪物通缉令,,,0,0,0,1,0,0,False,0,26666,1,1,4,0,0,0
2003512,图拉尔恶名精英通缉令,,,0,0,0,1,0,0,False,0,26667,1,1,4,0,0,0
2003513,金涡芦苇,,,0,0,0,1,0,0,False,0,25035,1,99,1,0,0,0
2003514,粗茎金涡芦苇,,,0,0,0,1,0,0,False,0,25234,1,99,1,0,0,0
2003515,木刷花,,,0,0,0,1,0,0,False,0,25501,1,99,1,0,0,0
2003516,用于调查的空星花,,,0,0,0,1,0,0,False,0,25587,1,99,1,0,0,0
2003517,用于调查的辉星花,,,0,0,0,1,0,0,False,0,25589,1,99,1,0,0,0
2003518,虹彩绛红草的叶子,,,0,0,0,1,0,0,False,0,25537,1,99,1,0,0,0
2003519,虹彩绛红草的嫩芽,,,0,0,0,1,0,0,False,0,25552,1,99,1,0,0,0
2003520,巨型睡莲的浮水叶,,,0,0,0,1,0,0,False,0,25020,1,99,1,0,0,0
2003521,带虫香木,,,0,0,0,1,0,0,False,0,25015,1,99,1,0,0,0
2003522,奥阔鲁冰花的花朵,,,0,0,0,1,0,0,False,0,25002,1,99,1,0,0,0
2003523,奥阔鲁冰花的豆子,,,0,0,0,1,0,0,False,0,25021,1,99,1,0,0,0
2003524,奥阔玉米,,,0,0,0,1,0,0,False,0,25352,1,99,1,0,0,0
2003525,用于调查适应度的种子,,,0,0,0,1,0,0,False,0,25021,1,99,1,0,0,0
2003526,用于调查适应度的大粒种子,,,0,0,0,1,0,0,False,0,25301,1,99,1,0,0,0
2003527,光鳞叶,,,0,0,0,1,0,0,False,0,25026,1,99,1,0,0,0
2003528,幻煌树液,,,0,0,0,1,0,0,False,0,22675,1,99,1,0,0,0
2003529,白烬树,,,0,0,0,1,0,0,False,0,22425,1,99,1,0,0,0
2003530,碳化了的白烬树,,,0,0,0,1,0,0,False,0,22426,1,99,1,0,0,0
2003531,皂荚叶,,,0,0,0,1,0,0,False,0,25026,1,99,1,0,0,0
2003532,皂荚长叶,,,0,0,0,1,0,0,False,0,25009,1,99,1,0,0,0
2003533,仙人掌叶茎节,,,0,0,0,1,0,0,False,0,25214,1,99,1,0,0,0
2003534,大地之角,,,0,0,0,1,0,0,False,0,22425,1,99,1,0,0,0
2003535,大地之大角,,,0,0,0,1,0,0,False,0,22426,1,99,1,0,0,0
2003536,高地凝灰岩,,,0,0,0,1,0,0,False,0,21453,1,99,1,0,0,0
2003537,优质高地凝灰岩,,,0,0,0,1,0,0,False,0,21454,1,99,1,0,0,0
2003538,恰巴玉凯克石材,,,0,0,0,1,0,0,False,0,21203,1,99,1,0,0,0
2003539,用于岩石调查的火成岩,,,0,0,0,1,0,0,False,0,21227,1,99,1,0,0,0
2003540,用于岩石调查的优质火成岩,,,0,0,0,1,0,0,False,0,21225,1,99,1,0,0,0
2003541,遭弃的石材,,,0,0,0,1,0,0,False,0,21252,1,99,1,0,0,0
2003542,遭弃的大石材,,,0,0,0,1,0,0,False,0,21251,1,99,1,0,0,0
2003543,高山化石,,,0,0,0,1,0,0,False,0,22209,1,99,1,0,0,0
2003544,纳尤黑曜石,,,0,0,0,1,0,0,False,0,21452,1,99,1,0,0,0
2003545,用于流通的绿咬鹃石原石,,,0,0,0,1,0,0,False,0,21469,1,99,1,0,0,0
2003546,用于流通的优质绿咬鹃石原石,,,0,0,0,1,0,0,False,0,21293,1,99,1,0,0,0
2003547,用于崖壁工程的岩石,,,0,0,0,1,0,0,False,0,21453,1,99,1,0,0,0
2003548,朴素卵石,,,0,0,0,1,0,0,False,0,21260,1,99,1,0,0,0
2003549,光滑亮泽的卵石,,,0,0,0,1,0,0,False,0,21274,1,99,1,0,0,0
2003550,树海的地层标本,,,0,0,0,1,0,0,False,0,21241,1,99,1,0,0,0
2003551,天坑水晶,,,0,0,0,1,0,0,False,0,21488,1,99,1,0,0,0
2003552,激战地区的痕迹,,,0,0,0,1,0,0,False,0,21251,1,99,1,0,0,0
2003553,激战地区的魔法痕迹,,,0,0,0,1,0,0,False,0,21487,1,99,1,0,0,0
2003554,荒野的地层标本,,,0,0,0,1,0,0,False,0,21234,1,99,1,0,0,0
2003555,荒野化石,,,0,0,0,1,0,0,False,0,22209,1,99,1,0,0,0
2003556,荒野燃石,,,0,0,0,1,0,0,False,0,21206,1,99,1,0,0,0
2003557,特利湖辉石,,,0,0,0,1,0,0,False,0,21285,1,99,1,0,0,0
2003558,特利湖透辉石,,,0,0,0,1,0,0,False,0,21266,1,99,1,0,0,0
2003559,香气扑鼻的撒饵,,,0,0,0,1,0,0,False,70393,25978,1,3,1,3,0,0
2003560,盖诺尔特用的能量饮料,,,0,0,0,1,0,0,False,70473,24421,0,1,1,0,0,0
2003561,新人用的能量饮料,,,0,0,0,1,0,0,False,70473,24420,3140,1,1,0,0,1
2003562,银狼革制的宝物地图,,,0,0,0,1,0,0,False,0,26151,1,1,2,0,0,0
2003563,狞豹革制的宝物地图,,,0,0,0,1,0,0,False,0,26151,1,1,2,0,0,0
2003564,7级传送魔纹的地图,,,0,0,0,1,0,0,False,0,26151,1,1,2,0,0,0
2003565,佩鲁佩鲁族的香气羊鞍,,,0,0,0,1,0,0,False,0,26661,0,1,1,0,0,0
2003566,古老金币,,,0,0,0,1,0,0,False,70710,26573,1,1,1,3,0,0
2003567,使用雷电的治疗术,,,0,0,0,1,0,0,False,70711,26158,0,1,1,0,0,0
2003568,亚历山德里亚的医疗史,,,0,0,0,1,0,0,False,70711,26156,0,1,1,0,0,0
2003569,偏属性症状事例集,,,0,0,0,1,0,0,False,70711,26159,0,1,1,0,0,0
2003570,隐藏的纸条1,,,0,0,0,1,0,0,False,70712,26151,3140,1,1,0,0,0
2003571,隐藏的纸条2,,,0,0,0,1,0,0,False,70712,26151,3140,1,1,0,0,0
2003572,隐藏的纸条3,,,0,0,0,1,0,0,False,70712,26151,3140,1,1,0,0,0
2003573,重要图纸,,,0,0,0,1,0,0,False,70715,26151,0,1,1,0,0,0
2003574,香蕉叶,,,0,0,0,1,0,0,False,70717,27454,0,1,1,0,0,0
2003575,群云叶,,,0,0,0,1,0,0,False,70717,27456,0,1,1,0,0,0
2003576,伊蕾娜草叶,,,0,0,0,1,0,0,False,70717,27459,0,1,1,0,0,0
2003577,鬃背兽里脊肉,,,0,0,0,1,0,0,False,70475,25155,0,1,1,0,0,0
2003578,经过加工的雷转质,,,0,0,0,1,0,0,False,70476,26660,0,5,1,0,0,0
2003579,饮料交换券,,,0,0,0,1,0,0,False,70473,26173,0,2,1,0,0,0
2003580,冰凉的井水,,,0,0,0,1,0,0,False,70656,22614,1,3,1,0,0,0
2003581,黄色粉末,,,0,0,0,1,0,0,False,70658,21006,1,1,1,3,0,0
2003582,圆扇刺刺梨,,,0,0,0,1,0,0,False,70658,25993,0,1,1,0,0,0
2003583,用于犎牛的干草,,,0,0,0,1,0,0,False,70659,21653,0,1,1,0,0,0
2003584,用于犎牛的去皮玉米,,,0,0,0,1,0,0,False,70659,25352,0,1,1,0,0,0
2003585,传统储备粮,,,0,0,0,1,0,0,False,70665,26110,0,1,1,0,0,0
2003586,鱼油蜡烛,,,0,0,0,1,0,0,False,70666,26102,0,1,1,0,0,0
2003587,驱飞天新薯苦汁,,,0,0,0,1,0,0,False,70668,25453,1,3,1,3,0,0
2003588,使用已久的鹤嘴锄,,,0,0,0,1,0,0,False,70669,38003,0,1,1,0,0,0
2003589,巨大毒蝰的尸体,,,0,0,0,1,0,0,False,70671,26110,0,1,1,0,0,0
2003590,曙色戒指,,,0,0,0,1,0,0,False,70672,54413,3140,1,1,0,0,0
2003591,暮色戒指,,,0,0,0,1,0,0,False,70672,54429,0,1,1,0,0,0
2003592,经过打磨的角饰,,,0,0,0,1,0,0,False,70675,22206,0,1,1,0,0,0
2003593,鲜嫩的蔬菜,,,0,0,0,1,0,0,False,70675,25919,0,1,1,0,0,0
2003594,虫虫一减灵,,,0,0,0,1,0,0,False,70685,20661,1,3,1,3,0,0
2003595,装有蔬菜的布袋,,,0,0,0,1,0,0,False,70686,25991,0,1,1,0,0,0
2003596,银制坠饰,,,0,0,0,1,0,0,False,70691,55012,0,1,1,0,0,0
2003597,新鲜刺梨,,,0,0,0,1,0,0,False,70657,25977,0,2,1,0,0,0
2003598,新鲜仙人掌叶,,,0,0,0,1,0,0,False,70657,25214,0,2,1,0,0,0
2003599,稀有植物的种子,,,0,0,0,1,0,0,False,0,25919,0,99,1,0,0,0
2003600,冷静下来的仙人刺,,,0,0,0,1,0,0,False,70719,59429,0,2,1,0,0,0
2003601,厚实的布袋,,,0,0,0,1,0,0,False,70567,21610,1,2,1,3,0,0
2003602,装有锦绣刺的布袋,,,0,0,0,1,0,0,False,70567,26110,0,2,1,0,0,0
2003603,装有人偶的布袋,,,0,0,0,1,0,0,False,70569,25977,0,1,1,0,0,0
2003604,散发果实香气的茶,,,0,0,0,1,0,0,False,70570,24412,3140,1,1,1,0,0
2003605,散发甘甜香气的茶,,,0,0,0,1,0,0,False,70570,24412,3140,1,1,1,0,0
2003606,散发芬芳香气的茶,,,0,0,0,1,0,0,False,70570,24412,3140,1,1,1,0,0
2003607,被盗的咖啡豆,,,0,0,0,1,0,0,False,70572,26110,0,1,1,0,0,0
2003608,驱魔火药球,,,0,0,0,1,0,0,False,70573,26015,1276,1,1,3,0,4
2003609,沾满尘土的咖啡豆,,,0,0,0,1,0,0,False,70573,25978,0,3,1,0,0,0
2003610,巨大球茎,,,0,0,0,1,0,0,False,70574,26110,0,1,1,0,0,0
2003611,色泽鲜艳的紫色花朵,,,0,0,0,1,0,0,False,70577,25685,0,3,1,0,0,0
2003612,驱魔湖水,,,0,0,0,1,0,0,False,70579,20662,1843,1,1,3,0,0
2003613,装有颜料的壶,,,0,0,0,1,0,0,False,70580,27605,0,1,1,0,0,0
2003614,高山植物的种子,,,0,0,0,1,0,0,False,70581,25919,0,1,1,0,0,0
2003615,奥阔野蚕的幼虫,,,0,0,0,1,0,0,False,70581,27036,0,1,1,0,0,0
2003616,高山药苔,,,0,0,0,1,0,0,False,70581,22801,0,1,1,0,0,0
2003617,图拉尔巨鳄肉,,,0,0,0,1,0,0,False,70582,25157,0,2,1,0,0,0
2003618,咒术盐水,,,0,0,0,1,0,0,False,70583,22636,1,3,1,1,0,0
2003619,用于分配的圣果,,,0,0,0,1,0,0,False,70586,25991,0,3,1,0,0,0
2003620,长牙狞豹的尸体,,,0,0,0,1,0,0,False,70646,23001,0,1,1,0,0,0
2003621,小鸣鼠的骨头,,,0,0,0,1,0,0,False,70647,22202,0,1,1,0,0,0
2003622,小鸣鼠的粗皮,,,0,0,0,1,0,0,False,70647,21815,0,1,1,0,0,0
2003623,小鸣鼠的里脊肉,,,0,0,0,1,0,0,False,70647,25155,0,1,1,0,0,0
2003624,高图加特制烟雾弹,,,0,0,0,1,0,0,False,70653,26015,1276,2,1,3,0,4
2003625,高图加特制气味弹,,,0,0,0,1,0,0,False,70654,26015,1,1,1,3,0,0
2003626,用于防水的树液,,,0,0,0,1,0,0,False,70596,20661,1,3,1,3,0,0
2003627,结实的甲壳,,,0,0,0,1,0,0,False,70597,22257,0,1,1,0,0,0
2003628,碧绿芦苇叶,,,0,0,0,1,0,0,False,70599,25009,0,3,1,0,0,0
2003629,供奉果实,,,0,0,0,1,0,0,False,70600,25991,0,3,1,0,0,0
2003630,已供奉的果实,,,0,0,0,1,0,0,False,70600,25993,0,1,1,0,0,0
2003631,新鲜芦苇束,,,0,0,0,1,0,0,False,70604,25035,0,1,1,0,0,0
2003632,新鲜芦苇团子,,,0,0,0,1,0,0,False,70605,27011,0,3,1,0,0,0
2003633,装有陶器黏土的袋子,,,0,0,0,1,0,0,False,70607,22634,0,1,1,0,0,0
2003634,装有陶器长石的木箱,,,0,0,0,1,0,0,False,70607,52546,0,1,1,0,0,0
2003635,莫布林族的钓竿,,,0,0,0,1,0,0,False,70608,38201,0,1,1,0,0,0
2003636,闪闪发光的小石头,,,0,0,0,1,0,0,False,70609,21472,0,2,1,0,0,0
2003637,有毒水草,,,0,0,0,1,0,0,False,70611,25225,0,1,1,0,0,0
2003638,华丽水草,,,0,0,0,1,0,0,False,70611,25217,0,1,1,0,0,0
2003639,花哨水草,,,0,0,0,1,0,0,False,70611,25039,0,1,1,0,0,0
2003640,芳香粉末,,,0,0,0,1,0,0,False,70612,21006,0,1,1,0,0,0
2003641,流浪罐子工的新画作,,,0,0,0,1,0,0,False,70613,25999,0,1,1,0,0,0
2003642,虹彩之鸟的大腿肉,,,0,0,0,1,0,0,False,70615,25157,0,1,1,0,0,0
2003643,屠夫食蚁兽的腹肉,,,0,0,0,1,0,0,False,70615,25155,0,1,1,0,0,0
2003644,弄脏的货物,,,0,0,0,1,0,0,False,70616,25919,0,3,1,0,0,0
2003645,机器兵的记忆芯片,,,0,0,0,1,0,0,False,0,20001,0,99,1,0,0,0
2003646,光鳞叶,,,0,0,0,1,0,0,False,70652,25978,0,1,1,0,0,0
2003647,小鸣鼠的尸体,,,0,0,0,1,0,0,False,70646,23001,0,2,1,0,0,0
2003648,小鸣鼠的尸体,,,0,0,0,1,0,0,False,70646,23001,0,3,1,0,0,0
2003649,哈努族工艺素材,,,0,0,0,1,0,0,False,0,25919,0,99,1,0,0,0
2003650,罐子工用的制作素材,,,0,0,0,1,0,0,False,0,25919,0,99,1,0,0,0
2003651,金属制气球产品,,,0,0,0,1,0,0,False,70554,26108,0,1,1,0,0,0
2003652,来自高台的风景画,,,0,0,0,1,0,0,False,70557,25999,3140,1,1,0,0,0
2003653,大鼓整备道具,,,0,0,0,1,0,0,False,70558,25990,0,1,1,0,0,0
2003654,五颜六色的蔬菜残渣,,,0,0,0,1,0,0,False,70560,27501,0,2,1,0,0,0
2003655,装有纸条的信封,,,0,0,0,1,0,0,False,70562,26172,3140,1,1,0,0,1
2003656,,,,0,0,0,0,0,0,False,0,0,0,0,0,0,0,0
2003657,,,,0,0,0,0,0,0,False,0,0,0,0,0,0,0,0
2003658,绿色仿制戒指,,,0,0,0,1,0,0,False,70562,54417,0,1,1,0,0,0
2003659,散落的货物,,,0,0,0,1,0,0,False,70564,26108,0,3,1,0,0,0
2003660,写给吉比加的信,,,0,0,0,1,0,0,False,70564,26171,0,1,1,0,0,0
2003661,寄给瓦泡塔的包裹,,,0,0,0,1,0,0,False,70529,23001,0,1,1,0,0,0
2003662,青蓝花瓣,,,0,0,0,1,0,0,False,70531,20048,0,1,1,0,0,0
2003663,抱拥蝶,,,0,0,0,1,0,0,False,70637,59579,0,3,1,0,0,0
2003664,霍比格草,,,0,0,0,1,0,0,False,70638,25524,0,2,1,0,0,0
2003665,布涅瓦草,,,0,0,0,1,0,0,False,70638,25520,0,2,1,0,0,0
2003666,翡翠戒指,,,0,0,0,1,0,0,False,70640,54631,0,1,1,0,0,0
2003667,用于采集的石锤,,,0,0,0,1,0,0,False,70642,38051,1,1,1,3,0,0
2003668,天蓝色水晶碎片,,,0,0,0,1,0,0,False,70642,20026,0,2,1,0,0,0
2003669,大编织袋,,,0,0,0,1,0,0,False,70645,21610,1,2,1,1,0,0
2003670,装有毒蝇伞的编织袋,,,0,0,0,1,0,0,False,70645,25919,0,2,1,0,0,0
2003671,亚斯拉尼药草,,,0,0,0,1,0,0,False,0,25034,0,99,1,0,0,0
2003672,旧市街的材料,,,0,0,0,1,0,0,False,0,22453,0,99,1,0,0,0
2003673,太阳须毛球的绒毛,,,0,0,0,1,0,0,False,0,25977,0,99,1,0,0,0
2003674,土灵水晶,,,0,0,0,1,0,0,False,0,25977,0,99,1,0,0,0
2003675,特古蜥蜴的粗皮,,,0,0,0,1,0,0,False,70623,21803,0,1,1,0,0,0
2003676,走丢的黑猫,,,0,0,0,1,0,0,False,70708,59514,0,1,1,0,0,0
2003677,亚克特尔灵茸,,,0,0,0,1,0,0,False,0,25405,0,99,1,0,0,0
2003678,干燥树皮,,,0,0,0,1,0,0,False,70619,22418,0,1,1,0,0,0
2003679,纳尤黑曜石,,,0,0,0,1,0,0,False,70592,21452,0,3,1,0,0,0
2003680,栏杆修补材料,,,0,0,0,1,0,0,False,70629,23001,0,1,1,0,0,0
2003681,灵豹之民武器样品,,,0,0,0,1,0,0,False,70633,21003,0,1,1,0,0,0
2003682,红豹村织物样品,,,0,0,0,1,0,0,False,70633,21680,0,1,1,0,0,0
2003683,特制防虫剂,,,0,0,0,1,0,0,False,70634,20705,1,3,1,0,0,0
2003684,白色土龙摆件,,,0,0,0,1,0,0,False,70722,59892,0,1,1,0,0,0
2003685,那皮凯的笔记,,,0,0,0,1,0,0,False,70547,26167,0,1,1,0,0,0
2003686,宝石化的化石,,,0,0,0,1,0,0,False,70684,21477,0,1,1,0,0,0
2003687,预备工匠道具,,,0,0,0,1,0,0,False,70622,26108,0,1,1,0,0,0
2003688,古旧钱包,,,0,0,0,1,0,0,False,70627,25977,0,1,1,0,0,0
2003689,用于职业体验的货物,,,0,0,0,1,0,0,False,70700,26113,0,1,1,0,0,0
2003690,刻有名字的金属片,,,0,0,0,1,0,0,False,70703,20963,0,1,1,0,0,0
2003691,高级瓶装酒,,,0,0,0,1,0,0,False,70703,26550,0,1,1,0,0,0
2003692,小信息卡,,,0,0,0,1,0,0,False,70703,25918,0,1,1,0,0,0
2003693,话题“关于今后的工作”,,,0,0,0,1,0,0,False,70704,26572,0,1,1,0,0,0
2003694,话题“关于灵魂资源”,,,0,0,0,1,0,0,False,70704,26572,0,1,1,0,0,0
2003695,话题“关于自己的记忆”,,,0,0,0,1,0,0,False,70704,26572,0,1,1,0,0,0
2003696,装硬币的皮袋,,,0,0,0,1,0,0,False,70705,25991,0,1,1,0,0,0
2003697,亚历山德里亚葡萄酒,,,0,0,0,1,0,0,False,70705,25936,0,1,1,0,0,0
2003698,装着货款的布袋,,,0,0,0,1,0,0,False,70706,25991,0,1,1,0,0,0
2003699,用于机器兵的零件,,,0,0,0,1,0,0,False,70706,21003,0,1,1,0,0,0
2003700,家传戒指,,,0,0,0,1,0,0,False,70707,54429,0,1,1,0,0,0
2003701,真唯大道的垃圾袋,,,0,0,0,1,0,0,False,70701,26110,0,3,1,0,0,0
2003702,神秘药水,,,0,0,0,1,0,0,False,70723,20625,0,1,1,0,0,0
2003703,装着货款的皮袋,,,0,0,0,1,0,0,False,70723,25919,0,1,1,0,0,0
2003704,,,,0,0,0,0,0,0,False,0,0,0,0,0,0,0,0
2003705,,,,0,0,0,0,0,0,False,0,0,0,0,0,0,0,0
2003706,面试宣传单,,,0,0,0,1,0,0,False,70724,26151,0,1,1,0,0,0
2003707,不明飞行物体的插画,,,0,0,0,1,0,0,False,70728,26151,3140,1,1,0,0,0
2003708,碧绿芦苇,,,0,0,0,1,0,0,False,70731,25035,0,5,1,0,0,0
2003709,钥匙卡,,,0,0,0,1,0,0,False,70783,20961,0,1,1,0,0,0
2003710,崇灵之民的裁缝工具,,,0,0,0,1,0,0,False,70784,21003,0,1,1,0,0,0
2003711,兽毛梳,,,0,0,0,1,0,0,False,70784,23719,0,1,1,0,0,0
2003712,话题“女性辉鳞人”,,,0,0,0,1,0,0,False,70782,26572,0,1,1,0,0,0
2003713,话题“佐拉加的追随者”,,,0,0,0,1,0,0,False,70782,26572,0,1,1,0,0,0
2003714,话题“讨伐凶暴魔物”,,,0,0,0,1,0,0,False,70782,26572,0,1,1,0,0,0
2003715,旅行公司的传单,,,0,0,0,1,0,0,False,70735,26151,0,3,1,0,0,0
2003716,装有特产的袋子,,,0,0,0,1,0,0,False,70736,25979,0,1,1,0,0,0
2003717,羊驼用防虫剂,,,0,0,0,1,0,0,False,70739,20602,1,3,1,3,0,0
2003718,游客的遗失物,,,0,0,0,1,0,0,False,70742,25979,0,1,1,0,0,0
2003719,加鲁拉的情报,,,0,0,0,1,0,0,False,70850,26572,0,1,1,0,0,0
2003720,游客的问卷调查,,,0,0,0,1,0,0,False,70744,26572,0,3,1,0,0,0
2003721,花蜜采取器,,,0,0,0,1,0,0,False,70747,26108,1,2,1,3,0,0
2003722,飘香花蜜,,,0,0,0,1,0,0,False,70747,22670,0,2,1,0,0,0
2003723,大阶台的边角料,,,0,0,0,1,0,0,False,70748,22465,0,3,1,0,0,0
2003724,特制海牛饲料,,,0,0,0,1,0,0,False,70753,25061,0,1,1,0,0,0
2003725,海牛喜欢的玉米饲料,,,0,0,0,1,0,0,False,70754,27008,0,1,1,0,0,0
2003726,逃跑的天才,,,0,0,0,1,0,0,False,70755,59909,0,3,1,0,0,0
2003727,诱鸟笛,,,0,0,0,1,0,0,False,70756,26039,1,1,1,3,0,8
2003728,虹彩之鸟的大腿肉,,,0,0,0,1,0,0,False,70756,25155,0,1,1,0,0,0
2003729,生息红木的种子,,,0,0,0,1,0,0,False,70761,25023,0,3,1,0,0,0
2003730,特制盒饭,,,0,0,0,1,0,0,False,70759,21005,0,1,1,0,0,0
2003731,伞的材料,,,0,0,0,1,0,0,False,70778,21003,0,1,1,0,0,0
2003732,感恩大酬宾的装饰品,,,0,0,0,1,0,0,False,70503,52546,0,3,1,0,0,0
2003733,不明飞行物体的插画,,,0,0,0,1,0,0,False,70831,26151,3140,1,1,0,0,0
2003734,带有魔力的城塞石材,,,0,0,0,1,0,0,False,70851,21487,0,1,1,0,0,0
2003735,带有魔力的圣域遗迹石材,,,0,0,0,1,0,0,False,70852,21252,0,1,1,0,0,0
2003736,带有魔力的水晶洞窟石材,,,0,0,0,1,0,0,False,70852,21455,0,1,1,0,0,0
2003737,带有魔力的废都石材,,,0,0,0,1,0,0,False,70852,21251,0,1,1,0,0,0
2003738,,,,0,0,0,0,0,0,False,0,0,0,0,0,0,0,0
2003739,整理好的遗物,,,0,0,0,1,0,0,False,70837,26108,0,4,1,0,0,0
2003740,资材,,,0,0,0,1,0,0,False,0,20802,0,1,1,0,0,0
2003741,加工品,,,0,0,0,1,0,0,False,0,20952,0,1,1,0,0,0
2003742,能量罐,,,0,0,0,1,0,0,False,0,23553,0,1,1,0,0,0
2003743,能量罐,,,0,0,0,1,0,0,False,0,23553,0,1,1,0,0,0
2003744,,,,0,0,0,0,0,0,False,0,0,0,0,0,0,0,0
2003745,,,,0,0,0,0,0,0,False,0,0,0,0,0,0,0,0
2003746,,,,0,0,0,0,0,0,False,0,0,0,0,0,0,0,0
2003747,,,,0,0,0,0,0,0,False,0,0,0,0,0,0,0,0
2003748,,,,0,0,0,0,0,0,False,0,0,0,0,0,0,0,0
2003749,,,,0,0,0,0,0,0,False,0,0,0,0,0,0,0,0
2003750,九宫幻卡：幻卡王埃尔默,,,0,0,0,1,0,0,False,70858,27672,0,1,1,0,0,0
2003751,飞蜥蜴的情报,,,0,0,0,1,0,0,False,70850,26572,0,1,1,0,0,0
2003752,斑攫兽的情报,,,0,0,0,1,0,0,False,70850,26572,0,1,1,0,0,0
2003753,犀蜴的干燥粪便,,,0,0,0,1,0,0,False,70798,27501,0,3,1,0,0,0
2003754,装满了蔬菜的袋子,,,0,0,0,1,0,0,False,70821,26110,0,1,1,0,0,0
2003755,装满了肉的袋子,,,0,0,0,1,0,0,False,70821,26111,0,1,1,0,0,0
2003756,纳蕉的茎,,,0,0,0,1,0,0,False,70801,26110,0,1,1,0,0,0
2003757,玛穆克新式膏药,,,0,0,0,1,0,0,False,70806,26127,0,3,1,0,0,0
2003758,丰美的拟鸟枝果实,,,0,0,0,1,0,0,False,70816,25331,0,1,1,0,0,0
2003759,需要送的新鲜蔬菜,,,0,0,0,1,0,0,False,70823,27551,0,1,1,0,0,0
2003760,守护天糖果,,,0,0,0,1,0,0,False,70911,26111,0,1,1,0,0,0
2003761,装饰用的南瓜,,,0,0,0,1,0,0,False,70911,24153,0,1,1,0,0,0
2003762,蒸馏酒瓶,,,0,0,0,1,0,0,False,70915,25057,0,1,1,0,0,0
2003763,装有作物的袋子,,,0,0,0,1,0,0,False,70915,25351,0,1,1,0,0,0
2003764,像是日记的纸片,,,0,0,0,1,0,0,False,70915,26151,0,1,1,0,0,0
2003765,幻境透镜,,,0,0,0,1,0,0,False,70991,25986,1,1,8,0,0,0
2003766,魔球盘,,,0,0,0,1,0,0,False,70917,26083,1,1,8,0,0,0
2003767,疑似门禁卡的卡片,,,0,0,0,1,0,0,False,70904,26078,1,1,1,0,0,1
2003768,2级门禁卡,,,0,0,0,1,0,0,False,70904,26079,1,1,1,0,0,1
2003769,3级门禁卡,,,0,0,0,1,0,0,False,70905,26080,1,1,1,0,0,1
2003770,字迹潦草的便笺,,,0,0,0,1,0,0,False,70905,26572,0,1,1,0,0,0
2003771,亚历山大石,,,0,0,0,1,0,0,False,70905,21290,0,1,1,0,0,0
2003772,,,,0,0,0,0,0,0,False,0,0,0,0,0,0,0,0
2003773,冷却剂,,,0,0,0,1,0,0,False,0,23569,0,3,1,0,0,0
2003774,冷却剂,,,0,0,0,1,0,0,False,0,23569,0,5,1,0,0,0
2003775,,,,0,0,0,0,0,0,False,0,0,0,0,0,0,0,0
2003776,,,,0,0,0,0,0,0,False,0,0,0,0,0,0,0,0
2003777,防结冰用的融雪剂,,,0,0,0,1,0,0,False,70879,26111,1,3,1,0,0,0
2003778,辉石抛光剂,,,0,0,0,1,0,0,False,70894,25919,1,4,1,0,0,0
2003779,卡瓦胡红花,,,0,0,0,1,0,0,False,70896,25687,0,3,1,0,0,0
2003780,与其瓦固族交换用的物品,,,0,0,0,1,0,0,False,70887,21205,0,1,1,0,0,0
2003781,其瓦固盐,,,0,0,0,1,0,0,False,70887,25104,0,1,1,0,0,0
2003782,雪棱冰块,,,0,0,0,1,0,0,False,70890,20015,0,1,1,0,0,0
2003783,修复团必须的建材,,,0,0,0,1,0,0,False,70874,21003,0,1,1,0,0,0
2003784,拜坛用的燐光石,,,0,0,0,1,0,0,False,70875,21477,0,1,1,0,0,0
2003785,卡冈图亚革制的宝物地图,,,0,0,0,1,0,0,False,0,26151,1,1,2,0,0,0
2003786,8级传送魔纹的地图,,,0,0,0,1,0,0,False,0,26151,1,1,2,0,0,0
2003787,奇卡腊,,,0,0,0,1,0,0,False,70870,22802,0,1,1,0,0,0
2003788,神秘的硬叶子,,,0,0,0,1,0,0,False,70961,25239,0,1,1,0,0,0
2003789,1级门禁卡,,,0,0,0,1,0,0,False,70904,26078,1,1,1,0,0,1
2003790,,,,0,0,0,0,0,0,False,0,0,0,0,0,0,0,0
2003791,,,,0,0,0,0,0,0,False,0,0,0,0,0,0,0,0
2003792,,,,0,0,0,0,0,0,False,0,0,0,0,0,0,0,0
2003793,无眠药汤,,,0,0,0,1,0,0,False,70964,24413,3140,1,1,0,0,1
2003794,无眠药汤,,,0,0,0,1,0,0,False,70965,24413,0,3,1,0,0,0
2003795,,,,0,0,0,0,0,0,False,0,0,0,0,0,0,0,0
2003796,,,,0,0,0,0,0,0,False,0,0,0,0,0,0,0,0
2003797,,,,0,0,0,0,0,0,False,0,0,0,0,0,0,0,0
2003798,,,,0,0,0,0,0,0,False,0,0,0,0,0,0,0,0
2003799,,,,0,0,0,0,0,0,False,0,0,0,0,0,0,0,0
2003800,,,,0,0,0,0,0,0,False,0,0,0,0,0,0,0,0
2003801,,,,0,0,0,0,0,0,False,0,0,0,0,0,0,0,0
2003802,以太活性剂,,,0,0,0,1,0,0,False,0,23569,0,3,1,0,0,0
2003803,以太活性剂,,,0,0,0,1,0,0,False,0,23569,0,3,1,0,0,0
2003804,绝缘粉,,,0,0,0,1,0,0,False,70966,26110,1276,1,1,1,0,4
2003805,俄匊斯碧玉,,,0,0,0,1,0,0,False,0,0,0,1,1,0,0,0
2003806,大块俄匊斯碧玉,,,0,0,0,1,0,0,False,0,0,0,1,1,0,0,0
2003807,请求支援警笛,,,0,0,0,1,0,0,False,70982,25994,1,1,1,0,0,1
2003808,超雷导线圈,,,0,0,0,1,0,0,False,70982,20916,0,1,1,0,0,0
2003809,,,,0,0,0,0,0,0,False,0,0,0,0,0,0,0,0
2003810,,,,0,0,0,0,0,0,False,0,0,0,0,0,0,0,0
2003811,,,,0,0,0,0,0,0,False,0,0,0,0,0,0,0,0
2003812,,,,0,0,0,0,0,0,False,0,0,0,0,0,0,0,0
2003813,,,,0,0,0,0,0,0,False,0,0,0,0,0,0,0,0
2003814,,,,0,0,0,0,0,0,False,0,0,0,0,0,0,0,0
2003815,,,,0,0,0,0,0,0,False,0,0,0,0,0,0,0,0
