#,Text,LogKind,DisplayFlags,Unknown1,Duration,Unknown2
0,,0,0,0,0,False
1,向发送了入队邀请。,57,1,0,0,False
2,发来的入队邀请被取消了。,57,1,0,0,False
3,收到了发来的入队邀请。,57,33,0,0,False
4,退出了小队。,57,1,0,0,False
5,小队解散了。 ,57,1,0,0,False
6,,0,0,0,0,False
7,,0,0,0,0,False
8,将加入到黑名单中。,57,1,0,0,False
9,将从黑名单中移除。,57,1,0,0,False
10,向发送了好友邀请。,57,33,0,0,False
11,收到了发来的好友邀请。,57,33,0,0,False
12,将从好友名单中移除。,57,1,0,0,False
13,向发送了加入通讯贝“”的邀请。,57,1,0,0,False
14,收到了发来的加入通讯贝“”的邀请。,57,33,0,0,False
15,将任命为“”的队长。,57,1,0,0,False
16,解除了作为“”队长的任命。,57,1,0,0,False
17,退出了通讯贝“”。,57,1,0,0,False
18,通讯贝“”解散了。,57,33,0,0,False
19,被移除出了通讯贝“”。,57,1,0,0,False
20,被移除出了通讯贝“”。,57,1,0,0,False
21,通讯贝“”的管理员权限转交给了。,57,1,0,0,False
22,通讯贝“”的管理员权限转交给了。,57,33,0,0,False
23,接受了通讯贝“”的队长任命。,57,33,0,0,False
24,解除了通讯贝“”的队长任命。,57,1,0,0,False
25,邮件已发送。,57,33,0,0,False
26,邮件已删除。,57,1,0,0,False
27,从邮件中获得了×UNKNOWN。,57,1,0,0,False
28,从邮件中获得了0金币。,57,1,0,0,False
29,由于未领取好友发来的道具，现已无法收到更多来自好友的道具邮件。,60,9,0,0,False
30,现在无法进行交易。,60,8,0,0,False
31,该道具无法交易给其他玩家。,60,8,0,0,False
32,向发送了交易申请。,57,1,0,0,False
33,等待确认交易内容。,57,1,0,0,False
34,收到了发来的交易申请。,57,1,0,0,False
35,交易开始。,57,1,0,0,False
36,交易取消。,57,1,0,0,False
37,交易内容变更。,57,1,0,0,False
38,交易完成。,57,33,0,0,False
39,无法进行交易，背包已满。,60,8,0,0,False
40,无法进行交易，对方背包已满。,60,8,0,0,False
41,有损耗的道具无法进行交易。,60,8,0,0,False
42,无法进行交易，珍稀道具只能持有一个。,60,8,0,0,False
43,无法进行交易，对方已经持有珍稀道具。,60,8,0,0,False
44,离开交易对象会中断交易。,57,8,0,0,False
45,已达到可输入文字上限。,60,8,0,0,False
46,无法交易，所持金币已达上限。,60,8,0,0,False
47,无法进行交易，对方所持金币已达上限。,60,8,0,0,False
48,无法向“忙碌中”状态的玩家申请交易。,60,8,0,0,False
49,无法向UNKNOWN发送悄悄话，对方现在处于“忙碌中”状态。,60,1,0,0,False
50,向UNKNOWN发送悄悄话失败。,60,1,0,0,False
51,没有找到目标玩家。,60,8,0,0,False
52,开始跟随。,57,33,0,0,False
53,取消跟随。,57,33,0,0,False
54,无法完成交易。,60,8,0,0,False
55,无法向黑名单中的玩家发送悄悄话。,60,8,0,0,False
56,无法向黑名单中的玩家申请交易。,60,8,0,0,False
57,无法向黑名单中的玩家发送组队邀请。,60,8,0,0,False
58,无法向黑名单中的玩家发送通讯贝邀请。,60,8,0,0,False
59,背包中还剩下UNKNOWN格空位。,60,8,0,0,False
60,加入了小队。,57,33,1,0,False
61,加入了的小队。,57,33,1,0,False
62,拒绝了入队邀请。,57,1,0,0,False
63,拒绝了发来的入队邀请。,57,1,0,0,False
64,将队长权限转让给了。,57,1,1,0,False
65,接受了转让来的队长权限。,57,33,1,0,False
66,成为了新的队长。,57,33,1,0,False
67,被移出了小队。,57,1,1,0,False
68,离开了的小队。,57,1,1,0,False
69,离开了小队。,57,33,1,0,False
70,离开了自己的小队。,57,33,1,0,False
71,离开了小队，成为了新的队长。,57,33,1,0,False
72,解散了小队。,57,33,1,0,False
73,小队解散了。,57,33,1,0,False
74,正式加入了通讯贝“”。,57,33,0,0,False
75,正式加入了通讯贝“”。,57,33,1,0,False
76,拒绝了正式加入通讯贝“”。,57,1,0,0,False
77,退出了通讯贝“”。,57,33,1,0,False
78,将加入了好友名单。,57,33,1,0,False
79,拒绝了发来的好友申请。,57,1,0,0,False
80,个人信息已更新。,57,32,0,0,False
81,搜索结果已更新。,57,32,0,0,False
82,取消了发给的好友申请。,57,1,0,0,False
83,取消了发来的好友申请。,57,1,1,0,False
84,切换为离线状态。,57,33,1,0,False
85,回到了队伍里。,57,33,1,0,False
86,无法向黑名单中的玩家发送魔晶石镶嵌委托。,60,8,0,0,False
87,只有能工巧匠职业才能够接受魔晶石镶嵌委托。,60,8,0,0,False
88,拓展开了未知的土地！,57,33,1,0,False
89,玩家角色的数据列表获取失败。请稍候或选择其他大区。,60,8,0,0,False
90,拒绝了正式加入通讯贝“”。,57,1,1,0,False
91,撤销了发给的通讯贝邀请。,57,33,0,0,False
92,通讯贝“”发来的邀请已被撤销。,57,33,1,0,False
93,正在处理邮件，请稍候片刻。,60,8,0,0,False
94,当前共有UNKNOWN个队伍正在招募队员，其中没有队伍符合搜索条件。,72,1,0,0,False
95,撤销了已发出的所有组队邀请。,57,1,1,0,False
96,无法使用美容师专用的发型与面妆，将会恢复为默认值。,60,8,0,0,False
97,一段时间内没有进行任何操作，已经自动切换为离开状态。,57,1,0,0,False
98,离开状态已经解除。,57,1,0,0,False
99,无法加入，招募者是被加入黑名单的人。,60,8,0,0,False
100,对表示惊讶。,29,1,0,0,False
101,对发泄心中不满。,29,1,0,0,False
102,对十分生气。,29,1,0,0,False
103,对显出害羞的一面。,29,1,0,0,False
104,恭敬地对行礼。,29,1,0,0,False
105,大声给加油。,29,1,0,0,False
106,向送上掌声。,29,1,0,0,False
107,对招手。,29,1,0,0,False
108,安慰。,29,1,0,0,False
109,对流下了眼泪。,29,1,0,0,False
110,在面前欢快地起舞。,29,1,0,0,False
111,对表示质疑。,29,1,0,0,False
112,在边上打了个盹。,29,1,0,0,False
113,对表示非常后悔。,29,1,0,0,False
114,向告别。,29,1,0,0,False
115,向挥手。,29,1,0,0,False
116,觉得莫名其妙。,29,1,0,0,False
117,向表达自己的喜悦。,29,1,0,0,False
118,向诚心诚意地下跪。,29,1,0,0,False
119,偷偷笑话。,29,1,0,0,False
120,看着高声大笑。,29,1,0,0,False
121,在观望附近的情况。,29,1,0,0,False
122,对展示自己。,29,1,0,0,False
123,向摇头。,29,1,0,0,False
124,向表示否定。,29,1,0,0,False
125,看到很慌张。,29,1,0,0,False
126,指向。,29,1,0,0,False
127,用手指戳向。,29,1,0,0,False
128,称赞。,29,1,0,0,False
129,激励。,29,1,0,0,False
130,郑重地向敬礼。,29,1,0,0,False
131,看到非常震惊。,29,1,0,0,False
132,对耸肩。,29,1,0,0,False
133,对挥拳表示鼓励。,29,1,0,0,False
134,安抚。,29,1,0,0,False
135,对犯起迷糊。,29,1,0,0,False
136,对伸展身体。,29,1,0,0,False
137,对有些不高兴。,29,1,0,0,False
138,在想关于的问题。,29,1,0,0,False
139,对非常失望。,29,1,0,0,False
140,对表示欢迎。,29,1,0,0,False
141,向点头。,29,1,0,0,False
142,向表示肯定。,29,1,0,0,False
143,在面前查看自己的样子。,29,1,0,0,False
144,对着摆出了诱人的姿势。,29,1,0,0,False
145,对行黑涡团军礼。,29,1,0,0,False
146,对行双蛇党军礼。,29,1,0,0,False
147,对行恒辉队军礼。,29,1,0,0,False
148,对送出飞吻。,29,1,0,0,False
149,向投出了雪球。,29,1,0,0,False
150,对下跪认错。,29,1,0,0,False
151,对表示自己非常高兴。,29,1,0,0,False
152,对表示自己非常沮丧。,29,1,0,0,False
153,对做出了战斗的准备动作。,29,1,0,0,False
154,对传达着胜利的喜悦。,29,1,0,0,False
155,给做了一个后空翻。,29,1,0,0,False
156,对行了一个抱拳礼。,29,1,0,0,False
157,看着脑海里突然灵光一现。,29,1,0,0,False
158,,0,0,0,0,False
159,,0,0,0,0,False
160,,0,0,0,0,False
161,面无表情地看着。,29,1,0,0,False
162,对露出了微笑。,29,1,0,0,False
163,对露出了笑颜。,29,1,0,0,False
164,对做出了充满自信的表情。,29,1,0,0,False
165,对做出了无所畏惧的表情。,29,1,0,0,False
166,在面前闭上了眼睛。,29,1,0,0,False
167,对做出了悲伤的表情。,29,1,0,0,False
168,充满恐惧地看着。,29,1,0,0,False
169,对做出了意外的表情。,29,1,0,0,False
170,对做出了痛苦的表情。,29,1,0,0,False
171,对做出了反感的表情。,29,1,0,0,False
172,对做出了吃惊的表情。,29,1,0,0,False
173,对做出了担心的表情。,29,1,0,0,False
174,满面笑容地看着。,29,1,0,0,False
175,非常气愤地看着。,29,1,0,0,False
176,心怀歉意地看着。,29,1,0,0,False
177,惊愕无比地看着。,29,1,0,0,False
178,向祈祷。,29,1,0,0,False
179,对行帝国式军礼。,29,1,0,0,False
180,向投出了什么东西。,29,1,0,0,False
181,只有拉拉菲尔族可以进入该区域。,60,8,0,0,False
182,在面前跳起了踢踏舞。,29,1,0,0,False
183,在面前跳起了丰饶之舞。,29,1,0,0,False
184,在面前跳起了宫廷之舞。,29,1,0,0,False
185,在面前跳起了绅士之舞。,29,1,0,0,False
186,轻轻地抚摸。,29,1,0,0,False
187,交给了什么东西。,29,1,0,0,False
188,喂给了一些吃的。,29,1,0,0,False
189,在面前跳起了火盆舞。,29,1,0,0,False
190,在面前做出了胜利的欢呼！,29,1,0,0,False
191,甩了一巴掌。,29,1,0,0,False
192,拥抱了一下。,29,1,0,0,False
193,深情拥抱了。,29,1,0,0,False
194,向做出了最具有绅士风度的动作。,29,1,0,0,False
195,向伸出了拳头想要对碰一下。,29,1,0,0,False
196,,0,0,0,0,False
197,在面前跳起了萨维奈舞。,29,1,0,0,False
198,在面前跳起了黄金之舞。,29,1,0,0,False
199,在面前跳起了太阳之舞。,29,1,0,0,False
200,有些惊讶。,29,1,0,0,False
201,有些不满。,29,1,0,0,False
202,很愤怒。,29,1,0,0,False
203,很不好意思。,29,1,0,0,False
204,恭敬地行礼。,29,1,0,0,False
205,大声加油。,29,1,0,0,False
206,拍手鼓掌。,29,1,0,0,False
207,原地招手。,29,1,0,0,False
208,表示安慰。,29,1,0,0,False
209,痛哭流涕。,29,1,0,0,False
210,原地起舞。,29,1,0,0,False
211,表示非常不满。,29,1,0,0,False
212,打了个盹。,29,1,0,0,False
213,十分懊悔。,29,1,0,0,False
214,表示道别。,29,1,0,0,False
215,原地挥手。,29,1,0,0,False
216,觉得很莫名其妙。,29,1,0,0,False
217,很高兴。,29,1,0,0,False
218,跪下了。,29,1,0,0,False
219,在偷笑。,29,1,0,0,False
220,在捧腹大笑。,29,1,0,0,False
221,在观望附近的情况。,29,1,0,0,False
222,在展示自己的存在。,29,1,0,0,False
223,原地摇头。,29,1,0,0,False
224,表示否定。,29,1,0,0,False
225,非常慌张。,29,1,0,0,False
226,伸手指向前方。,29,1,0,0,False
227,伸手戳向前方。,29,1,0,0,False
228,表示称赞。,29,1,0,0,False
229,激励自己。,29,1,0,0,False
230,郑重地敬礼。,29,1,0,0,False
231,非常震惊。,29,1,0,0,False
232,耸了耸肩。,29,1,0,0,False
233,挥拳表示鼓励。,29,1,0,0,False
234,尝试安抚。,29,1,0,0,False
235,有些迷糊。,29,1,0,0,False
236,伸了个懒腰。,29,1,0,0,False
237,在生闷气。,29,1,0,0,False
238,在思考问题。,29,1,0,0,False
239,非常失望。,29,1,0,0,False
240,表示欢迎。,29,1,0,0,False
241,原地点头。,29,1,0,0,False
242,表示肯定。,29,1,0,0,False
243,查看自己的样子。,29,1,0,0,False
244,在原地摆出了诱人的姿势。,29,1,0,0,False
245,行黑涡团军礼。,29,1,0,0,False
246,行双蛇党军礼。,29,1,0,0,False
247,行恒辉队军礼。,29,1,0,0,False
248,送出了飞吻。,29,1,0,0,False
249,投出了雪球。,29,1,0,0,False
250,下跪认错。,29,1,0,0,False
251,表示自己非常高兴。,29,1,0,0,False
252,表示自己非常沮丧。,29,1,0,0,False
253,做出了战斗的准备动作。,29,1,0,0,False
254,传达着胜利的喜悦。,29,1,0,0,False
255,做了一个后空翻。,29,1,0,0,False
256,行了一个抱拳礼。,29,1,0,0,False
257,脑海里突然灵光一现。,29,1,0,0,False
258,,0,0,0,0,False
259,,0,0,0,0,False
260,,0,0,0,0,False
261,面无表情。,29,1,0,0,False
262,露出了微笑。,29,1,0,0,False
263,露出了笑颜。,29,1,0,0,False
264,做出了充满自信的表情。,29,1,0,0,False
265,做出了无所畏惧的表情。,29,1,0,0,False
266,闭上了眼睛。,29,1,0,0,False
267,做出了悲伤的表情。,29,1,0,0,False
268,做出了充满恐惧的表情。,29,1,0,0,False
269,做出了意外的表情。,29,1,0,0,False
270,做出了痛苦的表情。,29,1,0,0,False
271,做出了反感的表情。,29,1,0,0,False
272,做出了吃惊的表情。,29,1,0,0,False
273,做出了担心的表情。,29,1,0,0,False
274,满面笑容。,29,1,0,0,False
275,做出了非常气愤的表情。,29,1,0,0,False
276,做出了心怀歉意的表情。,29,1,0,0,False
277,做出了惊愕无比的表情。,29,1,0,0,False
278,向众神祈祷。,29,1,0,0,False
279,行帝国式军礼。,29,1,0,0,False
280,投出了什么东西。,29,1,0,0,False
281,您的种族不是拉拉菲尔族，传送至附近的安全地点。,60,8,0,0,False
282,跳起了踢踏舞。,29,1,0,0,False
283,跳起了丰饶之舞。,29,1,0,0,False
284,跳起了宫廷之舞。,29,1,0,0,False
285,跳起了绅士之舞。,29,1,0,0,False
286,做出了抚摸的动作。,29,1,0,0,False
287,交出了什么东西。,29,1,0,0,False
288,跳起了火盆舞。,29,1,0,0,False
289,做出了胜利的欢呼！,29,1,0,0,False
290,甩了一巴掌。,29,1,0,0,False
291,做出了拥抱的动作。,29,1,0,0,False
292,做出了深情拥抱的动作。,29,1,0,0,False
293,做出了最具有绅士风度的动作。,29,1,0,0,False
294,出了一拳。,29,1,0,0,False
295,,0,0,0,0,False
296,跳起了萨维奈舞。,29,1,0,0,False
297,跳起了黄金之舞。,29,1,0,0,False
298,跳起了太阳之舞。,29,1,0,0,False
299,,0,0,0,0,False
300,无法进行黑名单操作。,60,8,0,0,False
301,无法登录到黑名单。,60,8,0,0,False
302,无法从黑名单中移除。,60,8,0,0,False
303,黑名单已满。,60,8,0,0,False
304,已经登录到黑名单中了。,60,8,0,0,False
305,好友名单中的玩家只有解除好友之后才能登录到黑名单中。,60,8,0,0,False
306,每天最多发出7份好友申请。,60,8,0,0,False
307,已达到呼唤次数的上限。一定时间内最多只能呼唤5次。,60,8,0,0,False
308,进行了呼唤。还可以再呼唤UNKNOWN次。,57,33,0,0,False
309,无法使用本功能，不在规定期间内。,60,8,0,0,False
310,无法进行好友名单操作。,60,8,0,0,False
311,无法发送好友申请。,60,8,0,0,False
312,已经发送过好友申请了。,60,8,0,0,False
313,好友名单已满。,60,8,0,0,False
314,对方的好友名单已满。,60,8,0,0,False
315,黑名单中的玩家只有解除黑名单之后才能登录到好友名单中。,60,8,0,0,False
316,当前处于“忙碌中”状态，无法接受好友申请。,60,8,0,0,False
317,将UNKNOWN移动到了“UNKNOWN”分组中。,57,32,0,0,False
318,更改了分组的名字。,57,32,0,0,False
319,目标指定不正确，请使用代名词再次尝试。,60,8,0,0,False
320,无法进行小队操作。,60,8,0,0,False
321,无法发送组队邀请。,60,8,0,0,False
322,无法从小队中移除。,60,8,0,0,False
323,无法变更队长。,60,8,0,0,False
324,无法离开小队。,60,8,0,0,False
325,无法解散小队。,60,8,0,0,False
326,该玩家已加入其他队伍。,60,8,0,0,False
327,无法发送组队邀请，该玩家已被其他队伍邀请。,60,8,0,0,False
328,已经向该玩家发送过组队邀请了。,60,8,0,0,False
329,满编小队无法再继续邀请新队员。,60,8,0,0,False
330,无法编辑角色详情。,60,8,0,0,False
331,无法发送组队邀请，该玩家已处于任务中，或位于其他区域。,60,8,0,0,False
332,无法转让队长权限，该玩家正处于离线状态。,60,8,0,0,False
333,希望组队时必须指定希望使用的职业或特职。,60,8,0,0,False
334,无法发送组队邀请，该玩家正处于“忙碌中”状态。,60,8,0,0,False
335,无法加入小队，当前已处于任务中，或与小队队长位于不同区域。,60,8,0,0,False
336,无法发送组队邀请，该玩家正在观看剧情，请稍后再试。,60,8,0,0,False
337,无法转让队长权限，该玩家正处于离线状态或任务中。,60,8,0,0,False
338,通讯贝名称不能由纯符号构成。,60,8,0,0,False
339,无法发送通讯贝邀请。,60,8,0,0,False
340,无法创建通讯贝。,60,8,0,0,False
341,通讯贝名称请控制在7个字符之内。,60,8,0,0,False
342,通讯贝名称中含有无效空格。,60,8,0,0,False
343,通讯贝名称中含有无效字符。,60,8,0,0,False
344,通讯贝名称中含有无法连续使用的字符。,60,8,0,0,False
345,通讯贝名称中首字母为小写。,60,8,0,0,False
346,该名称已被使用，请更换为其他名称。,60,8,0,0,False
347,该名称不符合规范，请更换为其他名称。,60,8,0,0,False
348,无法创建更多通讯贝。,60,8,0,0,False
349,无法进行加入通讯贝操作。,60,8,0,0,False
350,对方无法再持有更多的通讯贝了。,60,8,0,0,False
351,被邀请的玩家已加入该通讯贝。,60,8,0,0,False
352,通讯贝人员已满，无法增加新成员。,60,8,0,0,False
353,无法进行通讯贝的正式加入操作。,60,8,0,0,False
354,无法退出通讯贝。,60,8,0,0,False
355,通讯贝管理员无法退出通讯贝，请转交权限之后再退出。,60,8,0,0,False
356,无法移除出通讯贝。,60,8,0,0,False
357,无法进行通讯贝队长操作。,60,8,0,0,False
358,无法将队长权限转交给临时加入的成员。,60,8,0,0,False
359,无法解散通讯贝。,60,8,0,0,False
360,无法转交通讯贝管理员权限。,60,8,0,0,False
361,无法将管理员权限转交给临时加入的成员。,60,8,0,0,False
362,通讯贝名字中含有无法使用的词。,60,8,0,0,False
363,无法发送通讯贝邀请，该玩家正处于“忙碌中”状态。,60,8,0,0,False
364,更改通讯贝名称失败。,60,8,0,0,False
365,更改通讯贝名称失败，名字中含有无法使用的字符。,60,8,0,0,False
366,没有发现叫此名字的角色。,60,8,0,0,False
367,辞退了通讯贝“UNKNOWN”的队长职务。,57,33,0,0,False
368,通讯贝的名称已改为“UNKNOWN”。,57,33,0,0,False
369,通讯贝的名称已改为“UNKNOWN”。,57,33,1,0,False
370,无法进行邮件操作。,60,9,0,0,False
371,无法向发送邮件。,60,9,0,0,False
372,无法发送没有内容的邮件。,60,8,0,0,False
373,邮件内容过长。,60,8,0,0,False
374,无法发送邮件，道具无法添加。,60,9,0,0,False
375,无法发送邮件，金币无法添加。,60,9,0,0,False
376,无法删除邮件。,60,8,0,0,False
377,无法删除有附件道具的邮件。,60,8,0,0,False
378,无法删除有附件金币的邮件。,60,8,0,0,False
379,无法获取附件道具，背包已满。,60,9,0,0,False
380,无法获取附件金币。,60,8,0,0,False
381,无法获取附件道具，背包已满或已经持有同种珍稀道具。,60,8,0,0,False
382,无法发送邮件，收信人必须是原始服务器的好友。,60,8,0,0,False
383,辞退了通讯贝“UNKNOWN”的队长职务。,57,33,1,0,False
384,在市场出售的物品已全部售出。,71,33,1,0,False
385,无法在市场中进行搜索。,60,8,0,0,False
386,无法在市场中购买物品。,60,8,0,0,False
387,无法在市场中购买物品，请稍后再试。,60,8,0,0,False
388,无法在市场中购买物品，背包已满。,60,8,0,0,False
389,无法在市场中购买物品，背包中已有同样的珍稀道具。,60,8,0,0,False
390,无法完成市场交易。,60,8,0,0,False
391,マーケットからの購入ができません。しばらく待ってから実行してください。,60,8,0,0,False
392,无法在市场中购买物品，金币不足。,60,8,0,0,False
393,无法进行雇员操作。,60,8,0,0,False
394,雇用了UNKNOWN。,57,33,0,0,False
395,解雇了UNKNOWN。,57,33,0,0,False
396,将雇员UNKNOWN登记到了市场。,57,33,0,0,False
397,将雇员UNKNOWN从市场召了回来。,57,33,0,0,False
398,开始在市场出售物品。,57,33,0,0,False
399,停止在市场出售物品。,57,33,1,0,False
400,免费试用期间无法使用该功能。,60,8,0,0,False
401,处于免费试用期的角色无法使用该功能。,60,9,0,0,False
402,"所持金币已到达免费试用期的上限。
将会丢弃超出限额的金币。",57,1,0,0,False
403,为了避免合计金额超过上限，系统已对单价做出调整。,57,32,0,0,False
404,无法使用，现在已经拥有重新设置雇员容貌的权利了。,60,9,0,0,False
405,可以重新设置雇员的容貌了。请脱下雇员的防具和饰品并到雇员窗口办理业务。,57,33,0,0,False
406,雇员UNKNOWN得到了重生！,57,33,0,0,False
407,无法使用2个及以上空格。,60,9,0,0,False
408,ハングルかアルファベットのどちらか片方のみを使用してください。,60,9,0,0,False
409,"ゲームを開始してから1500時間以上が経過しました。
過剰なゲームの利用は正常な日常生活に支障を与える恐れがあります。",57,1,0,0,False
410,"达到可领取下一个职业或特职任务的等级了。
此类任务有时能习得新的技能，请积极完成。",57,33,0,0,False
411,由于画面尺寸不满足条件，调整了界面尺寸。,57,33,0,0,False
412,暂时停止了观景视角的切换。,57,33,0,0,False
413,继续进行观景视角的切换。,57,33,0,0,False
414,"报告发送失败。
请重新发送。",60,9,0,0,False
415,目前正在交战中！请注意剩余体力！,60,17,0,0,False
416,被附加了无法继续进行操作的状态，观景视角中断了。,60,9,0,0,False
417,进入经验值加速状态！UNKNOWN级前全部职业获得的经验值将大幅提高！,57,33,0,0,False
418,因全部职业到达了UNKNOWN级或等级上限，经验加速状态消失。,57,33,0,0,False
419,免费试用期间无法申请参加该任务。,60,9,0,0,False
420,无法贩卖道具，雇员所持金币已达到上限。,60,8,0,0,False
421,需要更新资料片才能使用该功能。,60,9,0,0,False
422,,0,0,0,0,False
423,,0,0,0,0,False
424,,0,0,0,0,False
425,将自动播放速度调整到了+UNKNOWN。,57,32,0,0,False
426,为了避免设定的金额低于下限，已自动对价格进行了调整。,57,32,0,0,False
427,无法加入队伍，该队伍人数已满。,60,8,0,0,False
428,需要先让角色回到原始服务器才能进行删除。,60,8,0,0,False
429,无法获取个人信息。,60,8,0,0,False
430,请稍后再登录。,60,8,0,0,False
431,完成了施工！,57,33,0,0,False
432,联合重建工程的进度达到了规定值。请还在进行作业的人员抓紧时间。,57,33,1,0,False
433,目前的职业无法使用。,60,8,0,0,False
434,未遵照工程要求执行，因此无法使用。,60,8,0,0,False
435,"正在发放联合重建工程的报酬。
离开天穹街将无法获得报酬，敬请注意。",57,33,0,0,False
436,镜头设置保存完毕。,57,17,0,0,False
437,灯光设置保存完毕。,57,17,0,0,False
438,无法再添加到收藏夹中。请先删除收藏夹中的其他道具。,60,8,0,0,False
439,被破坏了。,58,1,0,0,False
440,收到了UNKNOWN去往“”的传送邀请。,57,1,0,0,False
441,无法接受传送，虽然收到了传送邀请但是自身没有满足传送条件。,60,8,0,0,False
442,无法接受传送，请在满足传送条件之后打开“传送邀请”信息。,57,33,0,0,False
443,传送邀请已保留，请在准备接受传送时打开“传送邀请”信息。,57,33,0,0,False
444,技能复唱中，无法替换。,60,9,0,0,False
445,技能复唱中，无法移除。,60,9,0,0,False
446,学会了“UNKNOWN”职能技能。,64,1,0,0,False
447,发动攻击  直击！ 受到了UNKNOWN点伤害。,41,1,0,0,False
448,   直击！ 受到了UNKNOWN点伤害。,41,1,0,0,False
449,暴击！“UNKNOWN”恢复了UNKNOWN点体力。,45,1,0,0,False
450,发动攻击  直击加暴击！ 受到了UNKNOWN点伤害。,41,1,0,0,False
451,   直击加暴击！ 受到了UNKNOWN点伤害。,41,1,0,0,False
452,,0,0,0,0,False
453,   受到了“即死”效果。,47,1,0,0,False
454,发动攻击  将攻击反射回来了！,42,1,0,0,False
455,   将攻击反射回来了！,42,1,0,0,False
456,特殊热键栏无法进行编辑。,60,8,0,0,False
457,无法使用指令，出现意外错误。,60,1,0,0,False
458,该指令不存在。,60,1,0,0,False
459,游戏管理员等级不足，无法使用指令。,60,1,0,0,False
460,无法获取“”，背包已满。,60,9,0,0,False
461,无法获取“”，已经持有同种珍稀道具。,60,9,0,0,False
462,无法在该市场登记雇员。,60,8,0,0,False
463,该雇员已经在市场登记过了。,60,8,0,0,False
464,无法从市场中召回雇员。,60,8,0,0,False
465,该雇员正在市场中出售物品，无法召回。,60,8,0,0,False
466,该雇员没有在市场中进行登记。,60,8,0,0,False
467,无法获取雇员情报。,60,8,0,0,False
468,无法购买自己的雇员所出售的道具。,60,8,0,0,False
469,将显示中的UNKNOWN件道具按指定顺序进行了排列。,57,32,0,0,False
470,无法发送组队邀请。,60,9,0,0,False
471,无法加入小队。,60,9,0,0,False
472,无法离开小队。,60,9,0,0,False
473,无法解散小队。,60,9,0,0,False
474,无法移出小队。,60,9,0,0,False
475,无法转让队长权限。,60,9,0,0,False
476,无法发送通讯贝邀请。,60,9,0,0,False
477,无法加入通讯贝。,60,9,0,0,False
478,无法离开通讯贝。,60,9,0,0,False
479,无法解散通讯贝。,60,9,0,0,False
480,无法移出通讯贝。,60,9,0,0,False
481,无法转让通讯贝队长权限。,60,9,0,0,False
482,无法查看邮件。,60,9,0,0,False
483,无法发送邮件。,60,9,0,0,False
484,无法发送邮件，内容中含有无法发送的文字。,60,9,0,0,False
485,创建了通讯贝“UNKNOWN”。,57,33,0,0,False
486,精制魔晶石时无法进行该操作。,60,9,0,0,False
487,染色作业中无法进行该操作。,60,9,0,0,False
488,现在无法使用该指令。,60,9,0,0,False
489,期望列表已满，无法继续添加新物品，请先删除已有内容。,60,9,0,0,False
490,无法在市场出售物品。,60,8,0,0,False
491,要在市场出售物品请先对雇员进行登记。,60,8,0,0,False
492,要修改出售内容请先令雇员停止出售物品。,60,8,0,0,False
493,当前没有可出售的物品。,60,8,0,0,False
494,列表中包含不可出售的物品。,60,8,0,0,False
495,无法停止在市场出售物品。,60,8,0,0,False
496,当前没有可出售的物品。,60,8,0,0,False
497,武具投影作业中无法进行该操作。,60,8,0,0,False
498,开始在市场出售物品。,57,1,0,0,False
499,停止在市场出售物品。,57,1,0,0,False
500,,0,0,0,0,False
501,正在发动“UNKNOWN”。,43,1,0,0,False
502,正在咏唱“UNKNOWN”。,43,1,0,0,False
503,正在使用“”。,44,1,0,0,False
504,发动攻击  受到了UNKNOWN点伤害。,41,1,0,0,False
505,发动攻击  暴击！ 受到了UNKNOWN点伤害。,41,1,0,0,False
506,发动攻击  失误了！,42,1,0,0,False
507,发动攻击  躲开了！,42,1,0,0,False
508,发动攻击  格挡住了！ 受到UNKNOWN点伤害。,41,1,0,0,False
509,发动攻击  招架住了！ 受到UNKNOWN点伤害。,41,1,0,0,False
510,   受到了UNKNOWN点伤害。,41,1,0,0,False
511,   暴击！ 受到了UNKNOWN点伤害。,41,1,0,0,False
512,   发动了四分抗性！ 受到UNKNOWN点伤害。,41,1,0,0,False
513,   发动了减半抗性！ 受到UNKNOWN点伤害。,41,1,0,0,False
514,   发动了完全抗性！,42,1,0,0,False
515,   失误了！,42,1,0,0,False
516,   躲开了！,42,1,0,0,False
517,   格挡住了！ 受到UNKNOWN点伤害。,41,1,0,0,False
518,   招架住了！ 受到UNKNOWN点伤害。,41,1,0,0,False
519,   恢复了UNKNOWN点体力。,45,1,0,0,False
520,   暴击！ 恢复了UNKNOWN点体力。,45,1,0,0,False
521,   恢复了UNKNOWN点魔力。,45,1,0,0,False
522,   恢复了UNKNOWN点技力。,45,1,0,0,False
523,   吸收了UNKNOWN点体力。,45,1,0,0,False
524,   吸收了UNKNOWN点魔力。,45,1,0,0,False
525,   吸收了UNKNOWN点技力。,45,1,0,0,False
526,   对附加了“”的效果。,46,1,0,0,False
527,   对附加了“”的效果。,47,1,0,0,False
528,   “”效果发动。,46,1,0,0,False
529,   受到了UNKNOWN点魔力伤害。,41,1,0,0,False
530,   受到了UNKNOWN点技力伤害。,41,1,0,0,False
531,   的“”状态效果消失了。,48,1,0,0,False
532,   的“”状态效果消失了。,49,1,0,0,False
533,发动了“UNKNOWN”。,43,1,0,0,False
534,咏唱了“UNKNOWN”。,43,1,0,0,False
535,使用了“”。,44,1,0,0,False
536,   仇恨提高。,41,1,0,0,False
537,中断了发动“UNKNOWN”。,43,1,0,0,False
538,中断了咏唱“UNKNOWN”。,43,1,0,0,False
539,中断了使用“”。,44,1,0,0,False
540,的“UNKNOWN”被打断了。,43,1,0,0,False
541,的“UNKNOWN”被打断了。,43,1,0,0,False
542,的“”被打断了。,44,1,0,0,False
543,目标处于有效范围之外，的“UNKNOWN”中断了。,43,1,0,0,False
544,目标处于有效范围之外，的“UNKNOWN”中断了。,43,1,0,0,False
545,目标处于有效范围之外，的“”中断了。,44,1,0,0,False
546,目标处于无法战斗的状态，的“UNKNOWN”中断了。,43,1,0,0,False
547,目标处于无法战斗的状态，的“UNKNOWN”中断了。,43,1,0,0,False
548,目标处于无法战斗的状态，的“”中断了。,44,1,0,0,False
549,UNKNOWN连锁成功！ 下次连锁有效期为UNKNOWN秒。,58,1,0,0,False
550,的“”状态效果消失了。,48,1,0,0,False
551,的“”状态效果消失了。,49,1,0,0,False
552,学会了“UNKNOWN”技能。,64,1,0,0,False
553,学会了“”特性。,64,1,0,0,False
554,获得了UNKNOWN点成长点数。,64,33,0,0,False
555,召唤了同伴  又有UNKNOWN个敌人加入战斗！,58,1,0,0,False
556,的生命倒计时：UNKNOWN,58,1,0,0,False
557,将打倒了。,58,1,0,0,False
558,被打倒了。,58,1,0,0,False
559,被打倒了。,58,1,0,0,False
560,从无法战斗状态复苏了。,58,1,0,0,False
561,的职业转换成了“”。,57,1,0,0,False
562,看不到目标。,60,8,0,0,False
563,无法指定目标。,60,8,0,0,False
564,目标处于无法战斗状态。,60,8,0,0,False
565,目标在范围之外。,60,256,0,0,False
566,目标在射程之外。,60,256,0,0,False
567,体力不足。,60,256,0,0,False
568,魔力不足。,60,256,0,0,False
569,技力不足。,60,256,0,0,False
570,采集力不足。,60,8,0,0,False
571,制作力不足。,60,8,0,0,False
572,没有满足发动条件。,60,256,0,0,False
573,该技能还没有学会。,60,8,0,0,False
574,在当前职业下无法使用。,60,8,0,0,False
575,在战斗中无法使用。,60,8,0,0,False
576,移动中无法咏唱魔法。,60,8,0,0,False
577,咏唱被中断了。,43,1,0,0,False
578,咏唱失败了。,43,1,0,0,False
579,当前状态无法使用。,60,256,0,0,False
580,咏唱时无法使用。,60,256,0,0,False
581,受到状态限制。,60,8,0,0,False
582,该动作暂时无法发动。,60,256,0,0,False
583,没有道具。,60,8,0,0,False
584,该技能只能在采集时使用。,60,8,0,0,False
585,该技能无法在采集时使用。,60,8,0,0,False
586,该技能只能在制作与制作练习时使用。,60,8,0,0,False
587,该技能无法在制作或制作练习时使用。,60,8,0,0,False
588,获得了0点经验值。,64,1,0,0,False
589,的“”职业获得了0点经验值。,64,1,0,0,False
590,等级提升了！  升到了UNKNOWN级。,64,1,0,0,False
591,等级提升了！  的“”职业升到了UNKNOWN级。,64,1,0,0,False
592,在过场剧情中无法使用。,60,8,0,0,False
593,在这里无法使用。,60,8,0,0,False
594,发动攻击  对无效。,42,1,0,0,False
595,   无效！没有受到伤害。,42,1,0,0,False
596,   完全抵抗住了“”。,42,1,0,0,False
597,无法发动自动攻击，目标在范围之外。,60,8,0,0,False
598,无法发动自动攻击，目标在射程之外。,60,8,0,0,False
599,无法发动自动攻击，目标在视野之外。,60,8,0,0,False
600,   失误！,42,1,0,0,False
601,“UNKNOWN”恢复了UNKNOWN点体力。,45,1,0,0,False
602,“UNKNOWN”恢复了UNKNOWN点魔力。,45,1,0,0,False
603,附加了“”效果。,46,1,0,0,False
604,陷入了“”效果。,47,1,0,0,False
605,“”坏掉了！,57,33,0,0,False
606,无法使用，目标正处于特殊状态。,60,8,0,0,False
607,   令“”无效化了。,42,1,0,0,False
608,已经学会召唤该宠物的技能了。,60,8,0,0,False
609,学会了呼叫宠物的技能“”。,64,33,0,0,False
610,学会了呼叫坐骑的技能“”。,64,33,0,0,False
611,   对没有效果。,42,1,0,0,False
612,   对没有效果。,42,1,0,0,False
613,“UNKNOWN”发动失败。,60,8,0,0,False
614,无法使用道具，目标等级过高。,60,8,0,0,False
615,破坏了。,58,1,0,0,False
616,,60,8,0,0,False
617,被破坏了。,58,1,0,0,False
618,等级被同步到了UNKNOWN级。,57,33,0,0,False
619,等级同步已解除。,57,33,0,0,False
620,耐久度未满100%的物品无法放入收藏柜中。,60,33,0,0,False
621,收藏柜中已经保存了同样的物品，无法重复收藏。,60,33,0,0,False
622,无法取出物品，背包已满。,60,33,0,0,False
623,无法取出物品，带有珍稀属性的物品只能持有一个。,60,33,0,0,False
624,将保存到了收藏柜中。,57,1,0,0,False
625,将从收藏柜中取了出来。,57,1,0,0,False
626,将灵灾中损失的×UNKNOWN从收藏柜中取了出来。,57,1,0,0,False
627,无法取出物品，背包已满。,60,33,0,0,False
628,无法取出物品，带有珍稀属性的物品只能持有一个。,60,33,0,0,False
629,无法收藏正在装备中的物品。,60,33,0,0,False
630,抵抗住了的攻击！,42,1,0,0,False
631,   恢复了UNKNOWN点采集力。,45,1,0,0,False
632,当前职业的配点回到了初始状态。,64,1,0,0,False
633,受到了敌人的攻击，退出中断了。,60,9,0,0,False
634,召唤兽正在执行其他命令。,60,8,0,0,False
635,无法发动技能，当前没有召唤出召唤兽。,60,8,0,0,False
636,当前召唤出的召唤兽无法使用该技能。,60,256,0,0,False
637,无法下达该技能命令。,60,8,0,0,False
638,召唤兽处于自主战斗状态，无法下达发动技能的命令。,60,8,0,0,False
639,无法在对战区域使用。,60,256,0,0,False
640,离开了。,57,1,0,0,False
641,命令已经下达。,60,8,0,0,False
642,对下达了“”命令。,58,1,0,0,False
643,已经获得了这一坐骑。,60,8,0,0,False
644,无法使用，当前已经获得了重新创建人物形象的权利。,60,9,0,0,False
645,获得了一次重新创建人物形象的权利，请脱下所有防具、饰品和面部配饰之后退出。,57,33,0,0,False
646,乘上了。,43,1,0,0,False
647,当前状态下无法使用。,60,8,0,0,False
648,距离过远。,60,8,0,0,False
649,没有操作的权限。,60,8,0,0,False
650,无法使用，已经坏掉了。,60,8,0,0,False
651,无法使用，其他玩家正在操作。,60,8,0,0,False
652,无法使用，弹匣中没有弹药了。,60,8,0,0,False
653,当前没有呼叫坐骑的权限，还没有获得专属陆行鸟。,60,8,0,0,False
654,这里无法呼叫出坐骑。,60,8,0,0,False
655,可以从特殊热键栏选择“跳下”离开当前坐骑。,60,8,0,0,False
656,该技能只能在对战区使用。,60,256,0,0,False
657,获得了0枚。,62,1,0,0,False
658,数量已达到上限，无法获取更多的。,60,9,0,0,False
659,获得了0点对战经验值。,64,1,0,0,False
660,对战等级提升了！ 的对战等级升到了UNKNOWN。,64,1,0,0,False
661,无法丢弃。,60,8,0,0,False
662,无法装备，当前对战等级不足。,60,9,0,0,False
663,该道具只能在决斗及纷争前线区域内使用。,60,8,0,0,False
664,对战技能的习得情况已还原到初始状态。,64,1,0,0,False
665,无法召唤非对应大国防联军的宠物。,60,8,0,0,False
666,无法使用，搭档参战还没有开放。,60,8,0,0,False
667,无法学习，技能点不足。,60,9,0,0,False
668,等级同步的限制下无法使用。,60,8,0,0,False
669,向下达了“”的命令。,58,1,0,0,False
670,无法接收邮件。附件中的金币和道具已经回收。,60,9,0,0,False
671,无法接收邮件。正在回收附件中的金币和道具。,60,9,0,0,False
672,成功将×UNKNOWN附加到了邮件中。,57,1,0,0,False
673,成功将0金币附加到了邮件中。,57,1,0,0,False
674,回收了×UNKNOWN。,57,1,0,0,False
675,回收了0金币。,57,1,0,0,False
676,邮件发送失败，附件中的金币和道具已经回收。,60,9,0,0,False
677,邮件发送失败，正在回收附件中的金币和道具。,60,9,0,0,False
678,无法接受邮件中的珍稀道具，背包中已有同样的物品。,60,9,0,0,False
679,无法将在线状态设置为“新人”，现在已经不再是新人了。,60,9,0,0,False
680,向期望列表中添加道具失败。,60,9,0,0,False
681,该道具已经添加到期望列表中了。,60,9,0,0,False
682,从期望列表中删除道具失败。,60,9,0,0,False
683,该道具没有添加到期望列表中。,60,9,0,0,False
684,期望列表是空的。,60,9,0,0,False
685,"当前的“专家”无法装备“”。
必须先更换主手转职成“”。",60,9,0,0,False
686,"当前特职“”无法转成特职“”。
要转成“”必须先更换主手武器转到“”职业。",60,9,0,0,False
687,"我们已对您在服务台提交的问题进行过检查并做出了回复。
请打开服务台在“最新回应及通知”中进行查看。",57,33,0,0,False
688,在对战区域内无法将对战技能恢复到初始状态。,60,9,0,0,False
689,现在无法更换武器。,60,9,0,0,False
690,该任务中无法使用悄悄话。,60,9,0,0,False
691,目标处于任务中，无法发送悄悄话。,60,9,0,0,False
692,无法进行特职转换，身上装备有职业专用武器。,60,9,0,0,False
693,无法进行特职转换，身上装备有特职专用武器。,60,9,0,0,False
694,无法装备，当前没有特职的灵魂水晶。,60,9,0,0,False
695,无法连接到任务搜索服务器。请稍后再试，给您带来不便敬请谅解。,60,9,0,0,False
696,任务启动失败，即将返回标题。（UNKNOWN）,60,9,0,0,False
697,现在无法编辑套装。,60,9,0,0,False
698,将“”添加到了套装中。,57,1,0,0,False
699,将“”从套装中解除了。,57,1,0,0,False
700,装备了“”。,57,1,0,0,False
701,脱下了“”。,57,1,0,0,False
702,该道具无法装备到当前位置。,60,9,0,0,False
703,当前职业无法装备。,60,9,0,0,False
704,此为种族专属装备。,60,9,0,0,False
705,此为男性专属装备。,60,9,0,0,False
706,此为女性专属装备。,60,9,0,0,False
707,等级不足，无法装备。,60,9,0,0,False
708,现在无法更换装备。,60,9,0,0,False
709,无法更换装备，兵装库已满，无法存放替换下来的装备。,60,9,0,0,False
710,请先装备主手武器。,60,9,0,0,False
711,无法取下武器。,60,9,0,0,False
712,无法取下内衣裤。,60,9,0,0,False
713,无法装备“”。,60,9,0,0,False
714,无法装备未练成职业的物品。,60,9,0,0,False
715,无法移动道具，请再试一次。（正在与服务器同步）,60,9,0,0,False
716,无法移动道具，请再试一次。（正在读取数据）,60,9,0,0,False
717,该套装没有设定主武器。,60,9,0,0,False
718,该套装没有设定内裤。,60,9,0,0,False
719,该套装没有设定内衣。,60,9,0,0,False
720,舍弃了“” ×UNKNOWN。,57,1,0,0,False
721,无法拆分物品。,60,9,0,0,False
722,无法转换职业。转职后更换下来的装备无法存放到兵装库中。,60,9,0,0,False
723,商品出售价格发生了变化。,57,33,0,0,False
724,商品收购价格发生了变化。,57,33,0,0,False
725,“UNKNOWN”出现问题：该命令不存在。,60,1,0,0,False
726,“UNKNOWN”出现问题：该命令现在无法使用。,60,1,0,0,False
727,无法离开该区域。,60,8,0,0,False
728,“UNKNOWN”出现问题：当前没有组成小队。,60,1,0,0,False
729,“UNKNOWN”出现问题：无法对当前目标使用。,60,1,0,0,False
730,现在无法更换职业或特职。,60,9,0,0,False
731,设置无法变更。,60,8,0,0,False
732,进入了休息区。,57,1,0,0,False
733,离开了休息区。,57,1,0,0,False
734,从市场购买了“”×UNKNOWN。,57,1,0,0,False
735,从市场购买了“”。,57,1,0,0,False
736,从雇员那里收到了金币。,57,1,0,0,False
737,将金币交给了雇员。,57,1,0,0,False
738,无法向已经开始出售的列表中追加道具。,60,9,0,0,False
739,只有正在出售物品的雇员才能向列表中追加道具。,60,9,0,0,False
740,出售价格更改成功。,57,1,0,0,False
741,出售列表已满。,60,9,0,0,False
742,无法在市场出售该道具。,60,9,0,0,False
743,“”已经绑定。,57,1,0,0,False
744,“”的精炼度升到了100%！,57,1,0,0,False
745,在市场以0的价格出售的“”×0成功售出，获得了0金币。,71,17,1,0,False
746,耐久度低于100%的物品无法出售。,60,9,0,0,False
747,无法脱下装备，兵装库已满。,60,9,0,0,False
748,在市场以0的价格出售的“”成功售出，获得了0金币。,71,17,1,0,False
749,无法在悄悄话、说话、呼喊以及喊话频道连续发言。,60,1,0,0,False
750,获得了“”。,62,1,0,0,False
751,获得了“”×UNKNOWN。,62,1,0,0,False
752,无法装备非所属军队的装备。,60,9,0,0,False
753,无法行非所属军队的军礼。,60,9,0,0,False
754,当前服务器繁忙，无法切换区域。请稍后再试。,60,9,0,0,False
755,套装“UNKNOWN”的装备配置更改完毕。,57,33,0,0,False
756,套装“UNKNOWN”的装备配置保存完毕。,57,33,0,0,False
757,套装“UNKNOWN”的装备配置删除完毕。,57,33,0,0,False
758,装备已恢复原样。,57,33,0,0,False
759,无法更改套装“UNKNOWN”的装备配置，兵装库已满。,60,9,0,0,False
760,无法更改套装“UNKNOWN”的装备配置，缺少必要的装备。,60,9,0,0,False
761,成功装备了套装UNKNOWN“UNKNOWN”，不过仍缺少必要的装备。,57,33,0,0,False
762,无法将装备恢复原样，兵装库已满。,60,9,0,0,False
763,无法将装备恢复原样，缺少必要的装备。,60,9,0,0,False
764,装备已恢复原样，不过仍缺少必要的装备。,57,33,0,0,False
765,指定的套装存在问题。,60,9,0,0,False
766,指定的套装存在问题。,60,9,0,0,False
767,套装栏已满，无法保存。,60,9,0,0,False
768,指定的套装存在问题。,60,9,0,0,False
769,指定的套装存在问题。,60,9,0,0,False
770,套装UNKNOWN“UNKNOWN”,57,1,0,0,False
771,  主手：,57,1,0,0,False
772,  副手：,57,1,0,0,False
773,  头部：,57,1,0,0,False
774,  身体：,57,1,0,0,False
775,  手臂：,57,1,0,0,False
776,  腰带：,57,1,0,0,False
777,  腿部：,57,1,0,0,False
778,  脚部：,57,1,0,0,False
779,  耳部：,57,1,0,0,False
780,  颈部：,57,1,0,0,False
781,  腕部：,57,1,0,0,False
782,  右指：,57,1,0,0,False
783,  左指：,57,1,0,0,False
784,  灵魂水晶：,57,1,0,0,False
785,兵装库已满。,60,9,0,0,False
786,兵装库中无法存放装备以外的物品。,60,9,0,0,False
787,兵装库中无法存放其他部位的装备。,60,9,0,0,False
788,将存放到了兵装库中。,57,1,0,0,False
789,将放回到了背包中。,57,1,0,0,False
790,,0,0,0,0,False
791,当前没有可以染色的装备。,60,9,0,0,False
792,当前没有。,60,9,0,0,False
793,染色失败……,60,9,0,0,False
794,染色成功。,57,33,0,0,False
795,恢复了原本的颜色。,57,33,0,0,False
796,已经染过指定颜色了。,60,9,0,0,False
797,还没有染色过。,60,9,0,0,False
798,无法装备，正在使用双手武器，左手已被占用。,60,9,0,0,False
799,   结成了UNKNOWN。,46,1,0,0,False
800,"没有开启文本粘贴功能。
可以在系统设置中的手柄设置里进行修改。",60,9,0,0,False
801,设置修改成功。,57,32,0,0,False
802,放弃了修改中的设置。,57,32,1,0,False
803,截图文件夹变更完毕。,57,32,0,0,False
804,没有找到指定的文件夹。,60,8,0,0,False
805,无法变更为指定文件夹，该文件夹的属性为“只读”。,60,8,0,0,False
806,装备了“”。,57,1,0,0,False
807,脱下了“”。,57,1,0,0,False
808,该染剂无法使用在外部装潢配件、庭具以及家具上。,60,8,0,0,False
809,"存储各种设置与热键栏的文件为“只读”状态，无法保存。
请重新进行设置。",60,9,0,0,False
810,存储文件出错，设置保存失败。,60,9,0,0,False
811,设置修改成功。,57,32,0,0,False
812,放弃了修改中的设置。,57,32,0,0,False
813,"分类选择当前处于无效状态。
在角色设置中可以进行调整。",60,8,0,0,False
814,十字热键栏已切换为对战设置。,57,33,0,0,False
815,十字热键栏已切换为通常设置。,57,33,0,0,False
816,这里无法进行乐器演奏。,60,8,0,0,False
817,未满足条件，无法进行乐器演奏。,60,8,0,0,False
818,已取消乐器演奏。,60,9,0,0,False
819,已取消地面目标。,60,8,0,0,False
820,开始合奏准备确认。,57,1,0,0,False
821,该按键已经设置其他功能,60,8,0,0,False
822,"合奏准备确认完成。
开始准备小节。",57,33,0,0,False
823,"玩家准备未完成。
结束合奏准备确认。",57,33,0,0,False
824,"无法使用合奏模式。
请稍后再试。",60,33,0,0,False
825,当前状态无法执行合奏准备确认。,60,8,0,0,False
826,界面布局修改成功。,57,33,0,0,False
827,窗口尺寸变更为UNKNOWN%。,57,1,0,0,False
828,无法复制到同一编号上。,60,8,0,0,False
829,将界面UNKNOWN的内容复制到了界面UNKNOWN。,57,33,0,0,False
830,合奏准备确认只有在同一服务器中的小队可以使用。,60,8,0,0,False
831,键位设置修改成功。,57,32,0,0,False
832,放弃修改键位设置。,57,32,0,0,False
833,无法设置为该按键。,60,8,0,0,False
834,该功能只能设置为字母键、数字键以及一部分符号键。,60,8,0,0,False
835,该功能需要设置与control键或option键相组合进行设置。,60,8,0,0,False
836,开启直接聊天模式的情况下无法进行设置。,60,8,0,0,False
837,无法完成设置修改。确定、取消、关闭所有窗口、快捷指令等功能必须要设置相应的按键。,60,8,0,0,False
838,合奏准备确认的回答失败。,60,8,0,0,False
839,出现错误，无法开始准备小节。请稍后再试。,60,9,0,0,False
840,合奏准备确认的节拍器已停止。,57,1,0,0,False
841,消息颜色设置修改成功。,57,32,0,0,False
842,放弃修改消息颜色设置。,57,32,0,0,False
843,消息颜色已恢复为初期设置。,57,32,0,0,False
844,现在无法叫出该坐骑。,60,8,0,0,False
845,在飞行状态中陷入无法战斗状态，角色返回安全位置。,57,513,0,0,False
846,抵达高度上限，无法继续提升高度。,60,8,0,0,False
847,当前位置无法降落。,60,8,0,0,False
848,开始降落。,57,32,0,0,False
849,风脉中断，前方无法飞行。,57,32,0,0,False
850,在飞行时，只有处于静止状态并距离地面一定高度以内才能跳下坐骑。,60,8,0,0,False
851,聊天过滤设置修改成功。,57,32,0,0,False
852,放弃修改聊天过滤设置。,57,32,0,0,False
853,聊天过滤已恢复为初期设置。,57,32,0,0,False
854,无法执行，与目标不在同一环境中。,60,8,0,0,False
855,演奏玩家停止了节拍器。,57,33,0,0,False
856,掷出了UNKNOWN点！,74,1,0,0,False
857,,0,0,0,0,False
858,节拍器停止失败。,60,9,0,0,False
859,累计游戏时间UNKNOWN小时UNKNOWN分钟,57,1,0,0,False
860,除自身以外没有其他处于演奏模式的玩家，合奏准备确认结束。,60,33,0,0,False
861,视角位置保存成功,57,32,0,0,False
862,视角位置已变为初始设置,57,32,0,0,False
863,合奏模式结束。,57,1,0,0,False
864,"无法使用合奏模式。
当前区域无法使用合奏模式。",60,33,0,0,False
865,小队队长不处于演奏模式，因此无法使用合奏模式。,60,33,0,0,False
866,无法完成设置修改。确定、取消、快捷指令等功能必须要设置相应的按键。,60,8,0,0,False
867,按键设置修改成功。,57,32,0,0,False
868,放弃修改按键设置。,57,32,0,0,False
869,"区域内的合奏模式使用数已达上限，因此无法使用合奏模式。
请稍后再试。",60,33,0,0,False
870,无法申请参加，没有完成“UNKNOWN”任务。,60,9,0,0,False
871,无法申请参加，没有满足“职业”的要求。,60,9,0,0,False
872,无法申请参加，没有满足“等级”的要求。,60,9,0,0,False
873,无法申请参加，没有满足“平均品级”的要求。,60,9,0,0,False
874,无法申请参加，当前处于无法战斗状态。,60,9,0,0,False
875,现在无法申请参加任务，请稍后再试。,60,9,0,0,False
876,（※予備。翻訳不要）,60,9,0,0,False
877,请选择要申请参加的任务。,60,9,0,0,False
878,无法申请参加，请让搭档离开再重新尝试。,60,9,0,0,False
879,无法申请参加，没有满足队员人数条件。,60,9,0,0,False
880,无法申请参加，队伍中有不符合条件的队员。,60,9,0,0,False
881,中途退出的情况下需要等待一段时间才能重新申请。,60,9,0,0,False
882,参加申请失败。,60,9,0,0,False
883,参加申请已取消。,60,9,0,0,False
884,小队状态出现变化，参加申请已取消。,60,9,0,0,False
885,无法参加任务，当前职业与申请时的职业不符。,60,9,0,0,False
886,无法参加任务，当前等级与申请时的等级不符。,60,9,0,0,False
887,无法参加任务，当前装备的品级与申请时装备的品级不符。,60,9,0,0,False
888,无法参加任务，当前处于无法战斗状态。,60,9,0,0,False
889,现在无法参加任务，请稍后再试。,60,9,0,0,False
890,参加申请已取消。,60,9,0,0,False
891,参加申请已取消，超过了确认限制时间。,60,9,1,0,False
892,参加申请已取消，超过了确认限制时间。,60,9,1,0,False
893,无法参加任务，任务已经结束了。,60,9,0,0,False
894,（※予備。翻訳不要）,60,9,0,0,False
895,无法连接到任务服务器。请稍后再试，给您带来不便敬请谅解。,60,9,0,0,False
896,队长发送了参加申请。,57,33,0,0,False
897,成功发送了参加申请。,57,33,0,0,False
898,无法参加，请让搭档离开再重新尝试。,60,9,0,0,False
899,无法发送参加申请，只有队长有申请权限。,60,9,0,0,False
900,无法发送参加申请，没有满足前提条件。,60,9,0,0,False
901,"任务搜索服务器发生问题，参加申请已取消。
请稍后再试，给您带来不便敬请谅解。",60,9,0,0,False
902,有队员取消了参加申请，开始寻找新的队员。,60,9,0,0,False
903,无法发送参加申请，没有满足参加条件。,60,9,0,0,False
904,任务已经结束。开始寻找新的队员。,60,9,0,0,False
905,无法发送参加申请，队伍中的职能构成有问题。,60,9,0,0,False
906,您正处于防沉迷状态，无法使用任务搜索器。,60,129,0,0,False
907,您累计在线时间已满UNKNOWN小时,60,129,0,0,False
908,"您累计在线时间已满3小时，请您下线休息，做适当身体活动。 
您已经进入疲劳游戏时间，您的游戏收益将降为正常值的50%，
为了您的健康，请尽快下线休息，做适当身体活动，合理安排学习生活。",60,129,0,0,False
909,"您已经进入疲劳游戏时间，您的游戏收益将降为正常值的50%，
为了您的健康，请尽快下线休息，做适当身体活动，合理安排学习生活。",60,129,0,0,False
910,"您已经进入不健康游戏时间，为了您的健康，请您立即下线休息。
如不下线，您的身体将受到损害，您的收益已降为零，
直到您的累计下线时间满5小时后，才能恢复正常。",60,129,0,0,False
911,发生错误，有队员无法切换区域。,60,9,0,0,False
912,前方区域已暂停玩家进入，请稍后再试。,60,9,0,0,False
913,该过场剧情无法跳过。,60,8,0,0,False
914,一段时间内没有进行操作，已被强制退出任务。,57,33,0,0,False
915,有队员一段时间内没有进行操作，已被强制退出任务。,57,33,0,0,False
916,已经UNKNOWN分钟没有进行任何操作，超过UNKNOWN分钟会被强制退出任务。,57,33,0,0,False
917,任务开始后5分钟内无法发起驱逐投票。,60,9,0,0,False
918,无法发起驱逐投票，请先选择驱逐理由。,60,9,0,0,False
919,已被队友投票驱逐出任务。,57,33,0,0,False
920,利用投票驱逐了一名队员。,57,33,1,0,False
921,驱逐投票被驳回。,57,33,1,0,False
922,请选择令您印象最深刻的队员。,60,9,0,0,False
923,上次发起驱逐投票后4小时内无法发起新的驱逐投票。,60,9,0,0,False
924,“UNKNOWN”出现问题：当前没有组成团队。,60,1,0,0,False
925,开始驱除投票。,57,33,1,0,False
926,获得了最优队员推荐！,57,1,0,0,False
927,发起投票的玩家下线了，投票已经撤销。,57,33,1,0,False
928,投票中无法发起新的驱除投票。,60,9,0,0,False
929,战斗中无法发起驱除投票。,60,9,0,0,False
930,无法发起驱逐投票，只有随机参加任务的玩家可以发起投票。,60,9,0,0,False
931,开始任务15分钟之后才可以发起放弃任务投票。,60,9,0,0,False
932,投票通过，队伍已解散，任务结束。,57,33,1,0,False
933,投票没有通过。,57,33,1,0,False
934,无法连续发起放弃任务投票。,60,9,0,0,False
935,开始放弃任务投票。,57,33,1,0,False
936,发起投票的玩家下线了，投票没有通过。,57,33,1,0,False
937,投票过程中无法发起新的投票。,60,9,0,0,False
938,战斗中无法发起放弃任务投票。,60,9,0,0,False
939,其他投票过程中无法发起新的投票。,60,9,0,0,False
940,对战利品掷骰时无法发起驱逐投票。,60,9,0,0,False
941,招募队员时无法转让队长。,60,9,0,0,False
942,招募队员时无法向他人发送入队邀请。,60,9,0,0,False
943,无法发送入队邀请，对方正在招募队员。,60,9,0,0,False
944,邀请已取消，对方正在招募队员。,60,9,0,0,False
945,招募队员后自动取消了他人发来的入队邀请。,60,9,0,0,False
946,与招募到的队员合流失败，请让搭档离开后重试。,60,9,0,0,False
947,招募窗口已关闭，当前小队构成发生了变化。,60,9,0,0,False
948,无法加入小队，队伍中有人招出了陆行鸟搭档。已向队员发送提醒信息，请稍后再试。,60,9,0,0,False
949,当前行为已令任务搜索器的申请取消。,60,9,0,0,False
950,,0,0,0,0,False
951,无法获取成就数据。请稍后再试。,60,9,0,0,False
952,达成了“”的成就！,64,1,0,0,False
953,您正处于防沉迷状态，无法获取成就奖励。,60,129,0,0,False
954,招募队员时无法发送任务参加申请。,60,9,0,0,False
955,招募队员时无法进入任务战场。,60,9,0,0,False
956,无法处理招募队员的留言。,60,9,0,0,False
957,发送任务参加申请时无法招募队员。,60,9,0,0,False
958,无法获取队员情报。,60,9,0,0,False
959,队员招募情报获取失败。,60,9,0,0,False
960,,0,0,0,0,False
961,无法开始招募队员。,60,9,0,0,False
962,正在招募队员。,60,9,0,0,False
963,修改队员招募信息失败。,60,9,0,0,False
964,无法开始招募队员，无法获取队员情报。,60,9,0,0,False
965,只有队长能够进行队员招募。,60,9,0,0,False
966,当前没有招募队员，撤销操作无效。,60,9,0,0,False
967,撤销招募失败。,60,9,0,0,False
968,正在获取队员招募情报，请稍候。,60,9,0,0,False
969,该玩家当前没有进行招募。,60,9,0,0,False
970,加入小队失败。,60,9,0,0,False
971,无法加入小队，招募者正在更新招募内容。,60,9,0,0,False
972,加入小队失败。,60,9,0,0,False
973,当前职业无法加入小队。,60,9,0,0,False
974,无法获取招募者的情报。,60,9,0,0,False
975,加入小队失败。,60,9,0,0,False
976,无法结成小队。,60,9,0,0,False
977,没有进行招募时无法撤销或编辑招募信息。,60,9,0,0,False
978,撤销或编辑招募信息失败。,60,9,0,0,False
979,开始招募队员。,57,33,0,0,False
980,开始招募队员。,57,33,1,0,False
981,招募队员结束。,57,33,0,0,False
982,招募队员结束。,57,33,1,0,False
983,招募队员结束，队员已经集齐。,57,33,1,0,False
984,招募队员结束，队员已经集齐。,57,33,1,0,False
985,招募队员结束，招募期限已过。,57,33,0,0,False
986,招募队员结束，招募期限已过。,57,33,1,0,False
987,招募队员已撤销。,57,33,0,0,False
988,招募队员已撤销。,57,33,1,0,False
989,已重新开始招募队员。,57,33,0,0,False
990,已重新开始招募队员。,57,33,1,0,False
991,招募队员信息已更新。,57,33,0,0,False
992,招募队员信息已更新。,57,33,1,0,False
993,招募已结束，无法继续招募队员。,60,9,0,0,False
994,招募已结束，无法继续招募队员。,60,9,0,0,False
995,招募信息距结束还有5分钟。,57,33,0,0,False
996,招募信息距结束还有5分钟。,57,33,1,0,False
997,当前装备无法满足招募者指定的平均品级要求。,60,9,0,0,False
998,当前职业无法满足招募者指定的等级要求。,60,9,0,0,False
999,要驱逐的对象不在任务中，投票已经撤销。,60,33,1,0,False
1000,,0,0,0,0,False
1001,讨伐笔记«» 讨伐 UNKNOWN/UNKNOWN,57,1,0,0,False
1002,讨伐笔记“”记录完毕！,57,1,0,0,False
1003,讨伐笔记«»完成！,57,1,0,0,False
1004,讨伐笔记«UNKNOWN级»完成！,57,1,0,0,False
1005,讨伐笔记«UNKNOWN级»完成！,57,17,0,0,False
1006,,0,0,0,0,False
1007,讨伐笔记中追加了枪术师的书页。,57,1,0,0,False
1008,讨伐笔记中追加了弓箭手的书页。,57,1,0,0,False
1009,讨伐笔记中追加了幻术师的书页。,57,1,0,0,False
1010,讨伐笔记中追加了剑术师的书页。,57,1,0,0,False
1011,讨伐笔记«UNKNOWN级»解锁。,57,1,0,0,False
1012,讨伐笔记«UNKNOWN级»解锁。,57,1,0,0,False
1013,讨伐笔记中追加了格斗家的书页。,57,1,0,0,False
1014,讨伐笔记中追加了咒术师的书页。,57,1,0,0,False
1015,讨伐笔记中追加了斧术师的书页。,57,1,0,0,False
1016,讨伐笔记中追加了秘术师的书页。,57,1,0,0,False
1017,讨伐笔记中追加了双蛇党的书页。,57,1,0,0,False
1018,讨伐笔记中追加了黑涡团的书页。,57,1,0,0,False
1019,讨伐笔记中追加了恒辉队的书页。,57,1,0,0,False
1020,讨伐笔记中追加了双剑师的书页。,57,1,0,0,False
1021,无法对已经退出任务的角色进行该操作。,60,9,0,0,False
1022,另外，由于该角色已退出，最优队员的推荐结果将不会被通知。,57,32,0,0,False
1023,已推荐最优队员！,57,32,0,0,False
1024,"您所购买的游戏时间即将结束。
包月时间：剩余0分钟
点卡时间：剩余0分钟",57,9,0,0,False
1025,正在进行处理，请稍候片刻。,60,8,0,0,False
1026,无法开始招募队员，小队成员没有加入所属战队。,60,9,0,0,False
1027,无法开始招募队员，没有加入任何战队。,60,9,0,0,False
1028,无法参加，没有加入任何战队。,60,9,0,0,False
1029,无法加入小队，与小队队长所属战队不同。,60,9,0,0,False
1030,,0,0,0,0,False
1031,处于异常状态，无法采掘。,60,9,0,0,False
1032,处于异常状态，无法碎石。,60,9,0,0,False
1033,处于异常状态，无法采伐。,60,9,0,0,False
1034,处于异常状态，无法割草。,60,9,0,0,False
1035,取消了选中矿脉，采掘作业中断了。,67,1,0,0,False
1036,取消了选中石场，碎石作业中断了。,67,1,0,0,False
1037,,0,0,0,0,False
1038,,0,0,0,0,False
1039,没有感知到矿脉及石场。,59,33,0,0,False
1040,没有感知到良材及草场。,59,33,0,0,False
1041,现在无法进行采掘作业。,60,9,0,0,False
1042,现在无法进行碎石作业。,60,9,0,0,False
1043,现在无法进行采伐作业。,60,9,0,0,False
1044,现在无法进行割草作业。,60,9,0,0,False
1045,这里已经无法继续进行采掘了。,60,9,0,0,False
1046,这里已经无法继续进行碎石了。,60,9,0,0,False
1047,这里已经无法继续进行采伐了。,60,9,0,0,False
1048,这里已经无法继续进行割草了。,60,9,0,0,False
1049,获得了“”。,67,1,0,0,False
1050,获得了“”×UNKNOWN。,67,1,0,0,False
1051,没有获得任何东西。,67,1,0,0,False
1052,没有获得任何东西。,67,1,0,0,False
1053,,67,16,0,0,False
1054,×UNKNOWN。,67,16,0,0,False
1055,没有获得任何东西。,67,16,0,0,False
1056,没有获得任何东西。,67,16,0,0,False
1057,所持物品已达上限，无法进行采集作业。,60,9,0,0,False
1058,矿脉崩塌了！,67,1,0,0,False
1059,石场崩塌了！,67,1,0,0,False
1060,良材枯竭了！,67,1,0,0,False
1061,草场枯竭了！,67,1,0,0,False
1062,无法进行采集，无法持有更多的“”。,60,9,0,0,False
1063,开始了采掘作业。,67,1,0,0,False
1064,开始了碎石作业。,67,1,0,0,False
1065,开始了采伐作业。,67,1,0,0,False
1066,开始了割草作业。,67,1,0,0,False
1067,结束了采掘作业。,67,1,0,0,False
1068,结束了碎石作业。,67,1,0,0,False
1069,结束了采伐作业。,67,1,0,0,False
1070,结束了割草作业。,67,1,0,0,False
1071,将“”记录到了采集笔记上。,67,17,0,0,False
1072,可以采集“”了！,67,33,0,0,False
1073,陷入无法战斗状态，采掘作业中断。,67,1,0,0,False
1074,陷入无法战斗状态，碎石作业中断。,67,1,0,0,False
1075,,0,0,0,0,False
1076,,0,0,0,0,False
1077,受到敌人攻击，采掘作业中断。,67,1,0,0,False
1078,受到敌人攻击，碎石作业中断。,67,1,0,0,False
1079,,0,0,0,0,False
1080,,0,0,0,0,False
1081,无法获得更多道具，背包已满。,60,9,0,0,False
1082,这片地域好像没有矿脉及石场。,59,33,0,0,False
1083,这片地域好像没有良材及草场。,59,33,0,0,False
1084,这片地域的矿脉及石场好像都挖空了。,59,33,0,0,False
1085,这片地域的良材及草场好像都枯竭了。,59,33,0,0,False
1086,在UNKNOWNUNKNOWN米处发现了UNKNOWN级的！,59,33,0,0,False
1087,没有处于中，无法发现良材及草场。,60,9,0,0,False
1088,没有装备碎石用的副手道具，无法进行碎石作业。,60,9,0,0,False
1089,没有装备割草用的副手道具，无法进行割草作业。,60,9,0,0,False
1090,当前职业不是采矿工，无法进行采掘作业。,60,9,0,0,False
1091,当前职业不是采矿工，无法进行碎石作业。,60,9,0,0,False
1092,当前职业不是园艺工，无法进行采伐作业。,60,9,0,0,False
1093,当前职业不是园艺工，无法进行割草作业。,60,9,0,0,False
1094,采集笔记中追加了园艺工的书页。,57,1,0,0,False
1095,您正处于防沉迷状态，无法开始采集作业。,60,129,0,0,False
1096,采集地点的特殊效果发动，得到了影响获得率的效果！,59,32,0,0,False
1097,采集地点的特殊效果发动，得到了影响额外采集奖励发生率的效果！,59,32,0,0,False
1098,采集地点的特殊效果发动，得到了影响耐久/采集次数的效果！,59,32,0,0,False
1099,采集地点的特殊效果发动，得到了影响获得数量的效果！,59,32,0,0,False
1100,没有可以作为“筹备”发动对象的道具。,60,9,0,0,False
1101,采集笔记中追加了采矿工的书页。,57,1,0,0,False
1102,矿脉的耐久/采集次数恢复了1次！,59,33,0,0,False
1103,石场的耐久/采集次数恢复了1次！,59,33,0,0,False
1104,良材的耐久/采集次数恢复了1次！,59,33,0,0,False
1105,草场的耐久/采集次数恢复了1次！,59,33,0,0,False
1106,无法获得“”的效果，耐久/采集次数已经到达最大值。,60,9,0,0,False
1107,采集地点的特殊效果失效了……,59,33,0,0,False
1108,无法开始钓鱼，当前处于异常状态。,60,9,0,0,False
1109,无法开始钓鱼。,60,9,0,0,False
1110,在甩出了鱼线开始钓鱼。,67,1,0,0,False
1111,收回了鱼线。,67,1,0,0,False
1112,陷入了无法战斗状态，钓鱼中断。,67,1,0,0,False
1113,受到了敌人的攻击，钓鱼中断。,67,1,0,0,False
1114,将的数据记录到了鱼类图鉴中！,67,17,0,0,False
1115,将新钓场“”记录到了钓鱼笔记中！,67,17,0,0,False
1116,有鱼上钩了！,67,1,0,0,False
1117,不经意间鱼饵被吃掉了……,67,17,0,0,False
1118,不经意间不见了……,67,17,0,0,False
1119,上钩的鱼逃走了……,67,17,0,0,False
1120,鱼线断了！,67,17,0,0,False
1121,开始利用上钩的尝试以小钓大。,67,1,0,0,False
1122,采集笔记中追加了捕鱼人的书页。,57,1,0,0,False
1123,要先选择所用的鱼饵才能开始钓鱼。,60,8,0,0,False
1124,"要在这里开始钓鱼，需要学会以下特性。
",60,9,0,0,False
1125,虽然感觉到有鱼在活动，不过还不太确定具体躲藏在什么地方……,67,17,0,0,False
1126,这里好像没有鱼在活动……,67,17,0,0,False
1127,"没有钓到任何东西……
现在使用的鱼饵可能不太适合这片钓场。",67,17,0,0,False
1128,现在无法发动该技能。,60,8,0,0,False
1129,没有钓到任何东西……,67,9,0,0,False
1130,发现了新钓场“”！,67,17,0,0,False
1131,处于异常状态，无法进行制作作业。,60,9,0,0,False
1132,,0,0,0,0,False
1133,受到了敌人的攻击，作业被中断了。,66,1,0,0,False
1134,的背包已满，无法进行制作作业。,60,9,0,0,False
1135,的当前职业不是刻木匠，无法进行制作或制作练习作业。,60,9,0,0,False
1136,的当前职业不是锻铁匠，无法进行制作或制作练习作业。,60,9,0,0,False
1137,的当前职业不是铸甲匠，无法进行制作或制作练习作业。,60,9,0,0,False
1138,的当前职业不是雕金匠，无法进行制作或制作练习作业。,60,9,0,0,False
1139,的当前职业不是制革匠，无法进行制作或制作练习作业。,60,9,0,0,False
1140,的当前职业不是裁衣匠，无法进行制作或制作练习作业。,60,9,0,0,False
1141,的当前职业不是炼金术士，无法进行制作或制作练习作业。,60,9,0,0,False
1142,的当前职业不是烹调师，无法进行制作或制作练习作业。,60,9,0,0,False
1143,等级不足，无法进行制作或制作练习作业。,60,9,0,0,False
1144,素材不足，无法进行制作作业。,60,9,0,0,False
1145,水晶不足，无法进行制作作业。,60,9,0,0,False
1146,素材与水晶不足，无法进行制作作业。,60,9,0,0,False
1147,素材还没有选择完毕，无法进行制作作业。,60,9,0,0,False
1148,现在无法进行制作或制作练习作业。,60,9,0,0,False
1149,这里无法进行制作或制作练习作业。,60,9,0,0,False
1150,开始制作“”。,66,1,0,0,False
1151,开始制作“”×UNKNOWN。,66,1,0,0,False
1152,发动“”,66,1,0,0,False
1153,发动“”   非常成功,66,1,0,0,False
1154,发动“”   成功,66,1,0,0,False
1155,发动“”   失败,66,1,0,0,False
1156,制作“”成功！,66,1,0,0,False
1157,制作“”×UNKNOWN成功！,66,1,0,0,False
1158,“”制作成功！,66,16,0,0,False
1159,“”×UNKNOWN制作成功！,66,16,0,0,False
1160,制作失败了……,66,1,0,0,False
1161,中止了制作作业。,66,1,0,0,False
1162,   作业进展了 UNKNOWN点。,66,1,0,0,False
1163,   作业退步了 UNKNOWN点。,66,1,0,0,False
1164,   品质上升了 UNKNOWN点。,66,1,0,0,False
1165,   品质下降了 UNKNOWN点。,66,1,0,0,False
1166,   耐久提高了 UNKNOWN点。,66,1,0,0,False
1167,   耐久降低了 UNKNOWN点。,66,1,0,0,False
1168,×UNKNOWN,66,1,0,0,False
1169,从背包里取出了材料。,66,1,0,0,False
1170,发现了还能继续使用的材料，收回到了背包里。,66,1,0,0,False
1171,   素材状态变为“通常”。,66,1,0,0,False
1172,   素材状态变为“高品质”。,66,1,0,0,False
1173,   素材状态变为“最高品质”。,66,1,0,0,False
1174,   制作力恢复了UNKNOWN点。,66,1,0,0,False
1175,   “”效果消失了。,66,1,0,0,False
1176,"“”效果发动，能力提升。
   “加工精度”提升了UNKNOWN点。",66,1,0,0,False
1177,制作失败了……,66,16,0,0,False
1178,在制作笔记中记下了“”的制作记录。,66,17,0,0,False
1179,製作無属性になった,66,1,0,0,False
1180,材料被火属性的力量包围了。,66,1,0,0,False
1181,材料被冰属性的力量包围了。,66,1,0,0,False
1182,材料被风属性的力量包围了。,66,1,0,0,False
1183,材料被土属性的力量包围了。,66,1,0,0,False
1184,材料被雷属性的力量包围了。,66,1,0,0,False
1185,材料被水属性的力量包围了。,66,1,0,0,False
1186,   素材状态变为“低品质”。,66,1,0,0,False
1187,制作笔记中追加了刻木匠的书页。,57,1,0,0,False
1188,制作笔记中追加了制革匠的书页。,57,1,0,0,False
1189,您正处于防沉迷状态，无法开始制作作业。,60,129,0,0,False
1190,您正处于防沉迷状态，制作失败。,60,129,0,0,False
1191,制作笔记中追加了裁衣匠的书页。,57,1,0,0,False
1192,制作笔记中追加了炼金术士的书页。,57,1,0,0,False
1193,制作笔记中追加了雕金匠的书页。,57,1,0,0,False
1194,制作笔记中追加了烹调师的书页。,57,1,0,0,False
1195,制作笔记中追加了锻铁匠的书页。,57,1,0,0,False
1196,制作笔记中追加了铸甲匠的书页。,57,1,0,0,False
1197,制作笔记中追加了捕鱼人的书页。,57,1,0,0,False
1198,作业精度不足，无法开始制作与制作练习。,60,9,0,0,False
1199,加工精度不足，无法开始制作与制作练习。,60,9,0,0,False
1200,"用进行了精制魔晶石！
获得了。",66,1,0,0,True
1201,"将镶嵌到了上！
  过程中有UNKNOWN个化成了粉末……",66,1,0,0,False
1202,"向镶嵌魔晶石失败……
  UNKNOWN个化成了粉末……",66,1,0,0,False
1203,当前没有触媒。,60,9,0,0,False
1204,"×UNKNOWN复原了！
获得了×UNKNOWN。",57,1,0,0,False
1205,卸载魔晶石所需的金币不足。,60,9,0,0,False
1206,上镶嵌的魔晶石化成了粉末……,57,1,0,0,False
1207,采集地点的特殊效果发动，得到了影响隐藏道具出现率的效果！,59,32,0,0,False
1208,该配方无法利用简易制作。,60,9,0,0,False
1209,没有完成过正常制作的配方无法使用简易制作。,60,9,0,0,False
1210,魔晶石镶嵌成功！,57,1,0,0,False
1211,魔晶石镶嵌成功！,66,1,0,0,False
1212,魔晶石镶嵌失败……,57,1,0,0,False
1213,魔晶石镶嵌失败……,66,1,0,0,False
1214,镶嵌在上的惰性魔晶石已经全部复原。,57,1,0,0,False
1215,利用交换了×0。,57,1,0,0,False
1216,取消了魔晶石的镶嵌委托。,57,1,0,0,False
1217,接到了发来的魔晶石镶嵌委托。,57,1,0,0,False
1218,转成了其他职业，魔晶石镶嵌委托取消。,60,9,0,0,False
1219,当前职业不满足条件，魔晶石镶嵌委托取消。,60,9,0,0,False
1220,现在无法进行魔晶石镶嵌委托。,60,9,0,0,False
1221,无法开始作业，缺少必要素材。,60,8,0,0,False
1222,无法开始作业，素材不足。,60,9,0,0,False
1223,无法开始作业，背包中没有足够空间容纳成品。,60,9,0,0,False
1224,您正处于防沉迷状态，无法开始作业。,60,129,0,0,False
1225,背包中没有足够空间，丢弃了部分成品。,60,9,0,0,False
1226,现在无法镶嵌魔晶石。,60,9,0,0,False
1227,已经学会这本秘籍的配方内容了。,60,8,0,0,False
1228,学会了的配方。,64,17,0,0,False
1229,当前等级不足，无法学习这本秘籍。,60,8,0,0,False
1230,,0,0,0,0,False
1231,在UNKNOWN条件下对“”掷出了UNKNOWN点。,65,1,0,0,False
1232,获得了“”。（奖励限时提升！）,62,1,0,0,True
1233,获得了“”×UNKNOWN。（奖励限时提升！）,62,1,0,0,True
1234,的背包已满。,60,9,0,0,False
1235,无法获得物品，的背包中已有同样的珍稀道具。,60,9,0,0,False
1236,无法获得“”。,57,1,0,0,False
1237,无法获得“”×UNKNOWN。,57,1,0,0,False
1238,使用“”打开了宝箱。,57,1,0,0,False
1239,该道具无法通过掷骰来确定所属。请打开日志进行确认。,60,8,0,0,False
1240,背包已满。,60,8,0,0,False
1241,已持有相同物品，带有珍稀属性的物品只能持有一个。,60,8,0,0,False
1242,当前种族无法装备该道具。,60,8,0,0,False
1243,当前性别无法装备该道具。,60,8,0,0,False
1244,"只能对适合当前职业的装备选择“需求”。
能装备但不适合当前职业的装备无法选择“需求”。",60,8,0,0,False
1245,宝箱是空的……,57,32,0,0,False
1246,这是其他人的宝箱。,60,8,0,0,False
1247,"选择“需求”可以进行高优先级掷骰，表示该战利品是自己的必需品。
选择“贪婪”可以进行低优先级掷骰，表示如果没有其他人要的话自己可以收下该战利品。
选择“放弃”不会进行掷骰，表示自己不需要该战利品。",60,8,0,0,False
1248,取得“”并进行调查。,57,32,0,0,False
1249,距离太远。,60,8,0,0,False
1250,没有对该道具掷骰的权限。,60,8,0,0,False
1251,已经掷骰完毕。,60,8,0,0,False
1252,无法装备，当前等级不足。,60,8,0,0,False
1253,您正处于防沉迷状态，无法从宝箱中获得道具。,60,129,0,0,False
1254,获得了新的战利品。（奖励限时提升！）,57,33,1,0,False
1255,由于某种原因没能获得战利品。,60,9,0,0,False
1256,"集体动作已开启。使用以下功能后会显示设置菜单。
键、自动前进UNKNOWN、次级指令UNKNOWN",57,1025,0,0,False
1257,无法获得金币。,62,1,0,0,False
1258,获得了0金币。,62,1,0,0,False
1259,获得了“”。,62,1,0,0,False
1260,您正处于防沉迷状态，无法镶嵌魔晶石。,60,129,0,0,False
1261,您正处于防沉迷状态，无法用装备精制魔晶石。,60,129,0,0,False
1262,无法使用，当前正在进行其他行动。,60,8,0,0,False
1263,跳跃中无法使用。,60,8,0,0,False
1264,没有穿上必须的装备，无法进行制作与制作练习。,60,8,0,0,False
1265,没有附加上必须的状态，无法进行制作与制作练习。,60,8,0,0,False
1266,必须的状态已经解除，无法进行制作。,60,8,0,0,False
1267,通过技能令战利品增加了！,62,1,0,0,False
1268,已持有，无法再次获得。,60,9,0,0,False
1269,已习得，无法再次获得。,60,9,0,0,False
1270,使用了制作设备！,57,17,0,0,False
1271,只有才能使用这台制作设备。,60,8,0,0,False
1272,到达了探索笔记的目的地！,57,1,0,0,False
1273,从探索笔记的目的地离开了……,57,1,0,0,False
1274,完成了探索笔记“UNKNOWN”的内容！,57,17,0,0,False
1275,配方已添加到常用列表中。,57,32,0,0,False
1276,无法添加，列表已满。,60,8,0,0,False
1277,配方已从常用列表中删除。,57,32,0,0,False
1278,无法从常用列表中删除配方。,60,8,0,0,False
1279,现在无法使用该指令。,60,8,0,0,False
1280,正在停止制作，请稍等片刻。,57,32,0,0,False
1281,的职业转换成了“专家”。 ,57,1,0,0,False
1282,获得了。,57,1,0,0,False
1283,返还了。,57,1,0,0,False
1284,作业精度或加工精度不足，无法使用简易制作。,60,9,0,0,False
1285,所选目标不在可设定范围内。,60,8,0,0,False
1286,新手指南在**“”**分类下添加了新内容**“”**。,57,1,0,0,False
1287,增加了新手指南**“”**。,57,512,0,0,False
1288,无法获取，背包已满。,60,33,0,0,False
1289,无法获取×UNKNOWN，背包已满。,60,33,0,0,False
1290,因武器状态被切换，该指令已取消。,60,8,0,0,False
1291,对标注了“UNKNOWN”标记。,73,1,0,0,False
1292,无法进行标记，队长处于另一区域。,60,8,0,0,False
1293,无法进行标记。,60,8,0,0,False
1294,无法对该对象附加状态。,60,8,0,0,False
1295,目前无法对选中的目标附加状态。,60,8,0,0,False
1296,无法进行场景标记。,60,8,0,0,False
1297,房屋布置发生了变化，动作中断。,60,8,0,0,False
1298,进入战斗状态，动作中断。,60,8,0,0,False
1299,进行了移动，动作中断。,60,8,0,0,False
1300,获得了0张的军票。,62,1,0,0,False
1301,无法获得所有军票，军票数量已达到上限。,60,9,0,0,False
1302,获得了战利品，下次重置前没有再次掷骰的权利了。,60,9,0,0,False
1303,没有掷骰权限，已经获得战利品的情况下要等到下次重置才可以掷骰。,60,8,0,0,False
1304,已获得过战利品，在下次重置前无权再次获得。,57,5,0,0,False
1305,已获得过战利品，在下次重置前无权再次获得。,60,9,0,0,False
1306,坐骑在“”地区的地面移动速度变快了。,57,513,0,0,False
1307,坐骑在“”地区的地面移动速度变得非常快了。,57,33,0,0,False
1308,当前位置无法进行该操作。,60,8,0,0,False
1309,无法找到目标。,60,8,0,0,False
1310,距离太远。,60,8,0,0,False
1311,因前方区域繁忙又或因人数限制以及系统错误等原因，无法进入该区域。,60,1,0,0,False
1312,取消了选中目标，操作中断了。,57,9,0,0,False
1313,陷入无法战斗状态，操作中断了。,57,9,0,0,False
1314,受到敌人攻击，操作中断了。,57,9,0,0,False
1315,目标处于视野之外。,60,8,0,0,False
1316,目标位置过高。,60,8,0,0,False
1317,目标位置过低。,60,8,0,0,False
1318,剧情被中断。,57,9,0,0,False
1319,无法开始过场剧情。,60,9,0,0,False
1320,需要推进主线任务才能进入该区域。,60,1,0,0,False
1321,获得了。,57,1,0,0,False
1322,无法发动技能，当前技能等级过低。,60,9,0,0,False
1323,UNKNOWN学会了“UNKNOWN”技能。,64,1,0,0,False
1324,UNKNOWN学会了“”特性。,64,1,0,0,False
1325,这里无法召唤宠物。,60,9,0,0,False
1326,可以召唤搭档了。,57,1,0,0,False
1327,召唤出了。,57,1,0,0,False
1328,离开了。,57,1,0,0,False
1329,这里无法召唤搭档。,60,9,0,0,False
1330,搭档在场的情况下无法发动该技能。,60,9,0,0,False
1331,搭档在场的情况下无法召唤宠物。,60,9,0,0,False
1332,无法召唤搭档，小队已满。,60,9,0,0,False
1333,"搭档召唤失败，
“”消失了。",60,9,0,0,False
1334,搭档不在场的情况下无法发动该技能。,60,9,0,0,False
1335,该名字无法使用。,60,9,0,0,False
1336,的搭档离开了。,57,1,0,0,False
1337,当前区域无法停止时刻/天气。,60,8,0,0,False
1338,已获得过该装备。,60,9,0,0,False
1339,升级！  升到了UNKNOWN级。,64,1,0,0,False
1340,无法对选中的目标使用情感动作。,60,8,0,0,False
1341,到达了以太之光！,57,33,0,0,False
1342,已设定为返回点。,60,9,0,0,False
1343,以太之光成功设为返回点。,57,33,0,0,False
1344,已经收录到收藏夹中。,60,9,0,0,False
1345,以太之光成功收录到收藏夹中。,57,33,0,0,False
1346,城内以太之晶“”开放。,57,33,0,0,False
1347,已经添加到静态密码锁赠送的免费点中。,60,9,0,0,False
1348,"无法添加到免费点中。
只有使用“静态密码锁”的玩家才能够使用这项服务。",60,9,0,0,False
1349,没有开启静态密码锁服务，传送时会消耗相应的金币。,60,9,0,0,False
1350,"当前所在副本区为“UNKNOWN”。
使用“/副本区检查”指令可以随时查看当前所在副本区。",57,1,0,0,False
1351,当前地区暂不存在副本区。,57,1,0,0,False
1352,目标以太之光成功添加到静态密码锁赠送的免费点中。,57,33,0,0,False
1353,当前状态无法使用此情感动作。,60,8,0,0,False
1354,无法调整该目标的口型动作。,60,8,0,0,False
1355,对“”理符任务进行了链接！,57,33,0,0,False
1356,难度变更为“+UNKNOWN”。,57,33,0,0,False
1357,理符任务“”开始。,57,1,0,0,False
1358,理符任务“”完成。,57,1,0,0,False
1359,理符任务“”失败。,57,1,0,0,False
1360,理符任务“” 的契约到期了……,57,1,0,0,False
1361,距离契约到期还有UNKNOWN分钟。,57,1,0,0,False
1362,接受了任地“”的任务“”。,57,1,0,0,False
1363,返回到任务开始的位置。,57,33,0,0,False
1364,,0,0,0,0,False
1365,无法发动技能，所选敌人为其他人的任务目标。,60,9,0,0,False
1366,"已满足了特定条件，都市传送网开放了新的传送点。
",57,33,0,0,False
1367,讨伐　UNKNOWN/UNKNOWN,57,17,0,0,False
1368,获取UNKNOWN个　UNKNOWN/UNKNOWN,57,17,0,0,False
1369,出现了新敌人！,57,33,0,0,False
1370,阻止目标与同伴汇合！,57,33,0,0,False
1371,因未满足使用条件，无法还原部分贴纸与边框。,60,8,0,0,False
1372,已经可以再次执行理符任务“”。,57,17,0,0,False
1373,放弃了理符任务“”。,57,33,0,0,False
1374,没能放弃理符任务。,60,9,0,0,False
1375,执行中的理符任务无法放弃。,60,9,0,0,False
1376,无法继续提高难度。,60,9,0,0,False
1377,以非推荐等级开始理符任务会导致经验值报酬减少。,60,9,0,0,False
1378,理符任务中更换职业会导致经验值报酬减少。,57,33,0,0,False
1379,您正处于防沉迷状态，无法接受新的理符任务或领取任务报酬。,60,129,0,0,False
1380,理符任务“”只能在开始。,60,9,0,0,False
1381,无法开始执行任务“”，小队中有队员没有处于任务地点。,60,9,0,0,False
1382,无法开始执行理符任务，现在正处于“UNKNOWN”任务中。,60,9,0,0,False
1383,无法开始执行理符任务，小队中有队员正处于其他任务中。,60,9,0,0,False
1384,组队状态下无法开始采集任务。,60,9,0,0,False
1385,修理好了“”。,57,1,0,0,False
1386,无法修理“”。,60,9,0,0,False
1387,没有足够的金币来请求修理。,60,9,0,0,False
1388,修理好了UNKNOWN件道具。,57,1,0,0,False
1389,“”只能由进行修理。,60,9,0,0,False
1390,当前等级无法进行修理。,60,9,0,0,False
1391,没有“”。,60,9,0,0,False
1392,没有修理所必需的暗物质。,60,9,0,0,False
1393,所需暗物质：“”×UNKNOWN,60,1,0,0,False
1394,“”现在没有修理的必要。,60,9,0,0,False
1395,正在进行应急修理。,60,9,0,0,False
1396,修理费：0金币。,60,1,0,0,False
1397,“”的耐久度已降到0%。,57,33,0,0,False
1398,“”的耐久度已降到10%以下。,57,33,0,0,False
1399,这里无法进行修理。,60,9,0,0,False
1400,您正处于防沉迷状态，无法进行修理。,60,129,0,0,False
1401,军队理符任务无法在组队状态下进行。,60,9,0,0,False
1402,经过时间过长，无法回归到已参加的任务中。,57,33,0,0,False
1403,无法开始理符任务，有队员在从事制作作业。,60,9,0,0,False
1404,名字长度不正确。,60,9,0,0,False
1405,名字开头不能使用符号。,60,9,0,0,False
1406,名字不能全部由符号组成。,60,9,0,0,False
1407,开头和结尾不能使用空格。,60,9,0,0,False
1408,无法连续或多次使用空格。,60,9,0,0,False
1409,无法连续使用符号。,60,9,0,0,False
1410,无法装备非所属军队的装备。,60,9,0,0,False
1411,搭档不在场的情况下无法使用该道具。,60,9,0,0,False
1412,无法骑上非所属军队的专用坐骑。,60,9,0,0,False
1413,理符任务中无法使用坐骑运输。,60,9,0,0,False
1414,无法开始理符任务，有队员在使用坐骑运输。,60,9,0,0,False
1415,达成了特别加成·加成服务器的奖励条件，获得了。,62,1,0,0,False
1416,达成了特别加成·加成服务器的奖励条件，获得了UNKNOWN个。,62,1,0,0,False
1417,达成了特别加成服务器的奖励条件，获得了0金币。,62,1,0,0,False
1418,战斗已开始，解除角色的显示设置。,57,17,0,0,False
1419,任务中的战斗期间无法修改设置。,60,8,0,0,False
1420,贴纸的设定数量已达上限，无法继续添加。,60,8,0,0,False
1421,目标　UNKNOWN/UNKNOWN,57,17,0,0,False
1422,获得了UNKNOWN个　UNKNOWN/UNKNOWN,57,17,0,0,False
1423,采集结果记录完毕 UNKNOWN/UNKNOWN,57,17,0,0,False
1424,设置完成的委托品 UNKNOWN/UNKNOWN,57,17,0,0,False
1425,得到目标物品，获得了UNKNOWN点评价！,57,1,0,0,False
1426,无法加入，目标列表已达上限。,60,9,0,0,False
1427,将成就加入到了目标列表。（UNKNOWN/UNKNOWN）,57,32,0,0,False
1428,已将该成就从目标列表中移除。（UNKNOWN/UNKNOWN）,57,32,0,0,False
1429,没有设定贴纸，无法保存。,60,8,0,0,False
1430,任务失败，持有“”理符的队员消失。,57,33,0,0,False
1431,理符任务“”中止。,57,33,0,0,False
1432,理符受理限额不足，距离下次更新限额还有UNKNOWN小时UNKNOWN分钟。,60,9,0,0,False
1433,无法开始任务，没有装备对应的主手工具。,60,9,0,0,False
1434,无法开始任务，没有装备对应的副手工具。,60,9,0,0,False
1435,本次小队招募无法以跨服小队的状态参加任务。,60,9,0,0,False
1436,有队员处于过场剧情中，无法参加。,60,9,0,0,False
1437,小队构成发生变化，加入招募失败。,60,9,0,0,False
1438,背包中共有0颗水晶。,57,1,0,0,False
1439,UNKNOWN（契约已过期）的背包中共有0颗水晶。,57,1,0,0,False
1440,正在确认“”的持有数量。,57,1,0,0,False
1441,共发现UNKNOWN个目标道具。,57,1,0,0,False
1442,没有搜索到目标道具。,57,1,0,0,False
1443,UNKNOWN正装备着目标道具。,57,1,0,0,False
1444,在兵装库的“UNKNOWN”类别下发现UNKNOWN个目标道具。,57,1,0,0,False
1445,在背包的第UNKNOWN栏中发现0个目标道具。,57,1,0,0,False
1446,在UNKNOWN（契约已过期）的背包第UNKNOWN栏中发现0个目标道具。,57,1,0,0,False
1447,在收藏柜的“UNKNOWN”类别下发现UNKNOWN个目标道具。,57,1,0,0,False
1448,UNKNOWN（契约已过期）正装备着目标道具。,57,1,0,0,False
1449,当前版本无法查看水晶的持有情况。,57,9,0,0,False
1450,在陆行鸟鞍囊第UNKNOWN栏（契约已过期）中发现0个目标道具。,57,1,0,0,False
1451,在陆行鸟鞍囊中发现UNKNOWN个目标道具。,57,1,0,0,False
1452,投影台中有0个。,57,1,0,0,False
1453,该搜索结果可能无法反映当前最新的情报。,60,1,0,0,False
1454,获得了得分！,57,33,0,0,False
1455,庆典即将结束，请在规定的时间内完成交纳。,57,33,0,0,False
1456,未满足条件，无法使用。,60,9,0,0,False
1457,瞄准多毛牦牛，发射以太剃刀。,57,33,0,0,False
1458,去收集剃掉的牦牛毛吧。,57,33,0,0,False
1459,收集到了牦牛毛，拿去交给蓬松陆行鸟吧。,57,33,0,0,False
1460,"****开放了！
请阅读说明了解详情！",57,1,0,0,False
1461,"****中的解说更新了！
请阅读说明了解详情！",57,1,0,0,False
1462,"****和****开放了！
请阅读说明了解详情！",57,1,0,0,False
1463,好运降临！获得了幸运玩偶，拿去交给转圈波奇吧。,57,33,0,0,False
1464,很遗憾……里面是空的，去看看其他的礼物箱吧……,57,33,0,0,False
1465,从那里领取礼物箱，分发给工匠们吧。 ,57,33,0,0,False
1466,请在任务情报中选择“参加”按钮参加该危命任务。,60,8,0,0,False
1467,请在任务情报中选择“参加”按钮参加该危命任务。,60,8,0,0,False
1468,参加该危命任务需要现在职业为。,60,8,0,0,False
1469,已经剃掉了足够数量的牦牛毛，无法再次使用以太剃刀。,60,8,0,0,False
1470,无法使用，未设置该职能技能。,60,8,0,0,False
1471,无法使用，未设置该额外技能。,60,8,0,0,False
1472,   的“UNKNOWN”已中断。,41,1,0,0,False
1473,背包已满，无法获得物品。,60,33,0,0,False
1474,"式样发生了变更，目前无法确认。
请重新设定属性。",57,33,0,0,False
1475,式样发生了变更，请重新设定属性。,57,33,0,0,False
1476,"无法对该道具掷骰，已持有装在其中的以下道具：
",60,9,0,0,False
1477,尚未共鸣，无法传送。,60,8,0,0,False
1478,此处为当前所在地。,60,8,0,0,False
1479,一段时间内没有进行任何操作，即将切断与服务器的连接。,60,9,0,0,False
1480,无法发起放弃任务投票。,60,9,0,0,False
1481,未持有对应的暗物质或所需暗物质数量不足，无法选择。,60,8,0,0,False
1482,所选玩家未达到可以修理的等级。,60,8,0,0,False
1483,设置修改成功。,57,32,0,0,False
1484,放弃了修改中的设置。,57,32,1,0,False
1485,名字中含有无法使用的词。,60,9,0,0,False
1486,获得了返还的。,62,1,0,0,True
1487,热键栏已恢复到初始状态。,57,33,0,0,False
1488,放弃修改热键栏。,57,33,0,0,False
1489,热键栏保存完毕。,57,33,0,0,False
1490,失败！,57,1,0,0,False
1491,达成！,57,1,0,0,False
1492,取消！,57,1,0,0,False
1493,UNKNOWN达成！,57,1,0,0,False
1494,背包已满，无法获得稀少神典石。,60,9,0,0,False
1495,获得了“” ×UNKNOWN。,57,33,0,0,True
1496,背包已满，无法获得稀少神典石。,60,8,0,0,False
1497,无法获得稀少神典石。,60,9,0,0,False
1498,"达成了“莫古莫古★大收集”活动的目标。
请在莫古莫古指南书领取稀少神典石奖励。",57,33,0,0,False
1499,无法获得稀少神典石。,60,8,0,0,False
1500,,0,0,0,0,False
1501,获得了魔导感光器。,57,33,0,0,False
1502,使用了魔导感光器。,57,33,0,0,False
1503,解除了1级魔导结界。,57,33,0,0,False
1504,解除了3级魔导结界。,57,33,0,0,False
1505,打开了告解之门。,57,33,0,0,False
1506,打开了判罪之门。,57,33,0,0,False
1507,打开了审问之门。,57,33,0,0,False
1508,其他的魔导终端启动了。,57,33,0,0,False
1509,魔导感光器投入失败。,57,33,0,0,False
1510,蜘蛛巢穴关闭了……,57,33,0,0,False
1511,蜘蛛巢穴打开了……,57,33,0,0,False
1512,需要将魔导感光器设置在4个孔中……,57,33,0,0,False
1513,该魔导终端貌似没有启动……,57,33,0,0,False
1514,该魔导终端貌似已经投入进去魔导感光器了……,57,33,0,0,False
1515,魔导感光器出现。,57,33,0,0,False
1516,紧闭的门打开了。,57,33,0,0,False
1517,出现了新敌人！,58,33,0,0,False
1518,敌人的援军出现！,58,33,0,0,False
1519,花粉块破碎，毒花粉飞散了出来！,57,33,0,0,False
1520,行会令“”任务开始。,57,1,0,0,False
1521,行会令“”任务完成。,57,1,0,0,False
1522,放弃了行会令“”的任务，或者是任务失败了。,57,1,0,0,False
1523,超过了行会令“”的限制时间……,57,1,0,0,False
1524,剩余时间还有UNKNOWN分钟。,57,1,0,0,False
1525,结束行会令并返回。,57,33,0,0,False
1526,进入任务战场需要队伍中有UNKNOWN名UNKNOWN级或以上的战斗精英及魔法导师。,60,9,0,0,False
1527,"执行“”任务，
需要首先完成“”。",60,9,0,0,False
1528,"队伍中有队员没有满足进入条件。
要再次挑战“”需要等待一段时间。",60,9,0,0,False
1529,服务器繁忙，无法进入任务战场。,60,9,0,0,False
1530,全体队员都从特务队长那里领取到报酬或经过一段时间之后，行会令会结束并且全员返回。,57,33,0,0,False
1531,“UNKNOWN”任务开始。,57,1,0,0,False
1532,距离“UNKNOWN”结束还有UNKNOWN分钟。,57,33,0,0,False
1533,限制时间已到，“UNKNOWN”任务结束。,57,1,0,0,False
1534,“”任务结束了。,57,1,0,0,False
1535,返回到出发点吧，以后也请协助我们进行讨伐。,57,1,0,0,False
1536,封印结界消失了！,57,33,0,0,False
1537,邪教宝珠失去了光芒……,57,33,0,0,False
1538,退出点出现了。,57,1,0,0,False
1539,注入深渊之茧的以太流被切断了！,57,33,0,0,False
1540,主宰者加尔梵斯从深渊之茧中现身！,57,33,0,0,False
1541,无法进入任务战场，现在正在执行理符“”。,60,9,0,0,False
1542,无法进入任务战场，有队员处于无法战斗状态。,60,9,0,0,False
1543,无法进入任务战场，有队员所在位置距离过远。,60,9,0,0,False
1544,无法进入任务战场，有队员没有满足开始条件。,60,9,0,0,False
1545,的嚎叫召唤来了更多的魔物！,57,33,0,0,False
1546,关门打开了！,57,33,0,0,False
1547,,0,0,0,0,False
1548,,0,0,0,0,False
1549,,0,0,0,0,False
1550,,0,0,0,0,False
1551,,0,0,0,0,False
1552,,0,0,0,0,False
1553,察觉到了敌人的气息！,58,33,0,0,False
1554,捡到了小钥匙。,57,33,0,0,False
1555,捡到了寄生树钥匙。,57,33,0,0,False
1556,捡到了黄石竹钥匙。,57,33,0,0,False
1557,捡到了白百合钥匙。,57,33,0,0,False
1558,捡到了红蔷薇钥匙。,57,33,0,0,False
1559,门上着锁。,57,33,0,0,False
1560,看来需要特殊的钥匙才能打开门锁。,57,33,0,0,False
1561,打开了门锁，小钥匙坏掉了。,57,33,0,0,False
1562,打开了寄生树门。,57,33,0,0,False
1563,打开了黄石竹门。,57,33,0,0,False
1564,打开了白百合门。,57,33,0,0,False
1565,打开了红蔷薇门。,57,33,0,0,False
1566,怪异的灯光熄灭了……,57,33,0,0,False
1567,周围的空气开始莫名变冷……,57,33,0,0,False
1568,奇异珠的光消失了……,57,33,0,0,False
1569,附近的诡异气息消散了……,57,33,0,0,False
1570,黄石竹厅中感觉到令人不安的气息……,57,33,0,0,False
1571,庄园的守卫掉落了一把小钥匙。,57,33,0,0,False
1572,随从女工掉落了一把寄生树钥匙。,57,33,0,0,False
1573,随从女工掉落了一把黄石竹钥匙。,57,33,0,0,False
1574,随从女工掉落了一把白百合钥匙。,57,33,0,0,False
1575,随从女工掉落了一把红蔷薇钥匙。,57,33,0,0,False
1576,的身边开始产生毒花粉！,57,33,0,0,False
1577,要点燃香草需要拿到……,57,33,0,0,False
1578,喷出了催眠毒气！,57,33,0,0,False
1579,催眠毒气已经扩散了。,57,33,0,0,False
1580,布索将目标转向了！,57,33,0,0,False
1581,富尔克使用了失明秘药。,57,33,0,0,False
1582,足枷冰龙从天而降！,57,33,0,0,False
1583,虚无淤泥出现了！,57,33,0,0,False
1584,脚下的水塘变成了带电状态！,57,33,0,0,False
1585,无法开始该任务战斗，有队员没有满足条件。,60,9,0,0,False
1586,无法开始该任务战斗，有队员正处于其他任务中。,60,9,0,0,False
1587,您正处于防沉迷状态，无法参加行会令。,60,129,0,0,False
1588,要开始该任务战斗需要由队长提出申请。,60,9,0,0,False
1589,无法开始该任务战斗，有队员的进度超过了队长的进度。,60,9,0,0,False
1590,大迷宫的进度已经重置，请重新进行对话。,60,9,0,0,False
1591,您正处于防沉迷状态，无法挑战该任务。,60,129,0,0,False
1592,高牢怪龙出现了！快使用对龙加农炮进行迎击！,57,33,0,0,False
1593,侏罗龙鸟掉落了主飞艇库的钥匙。,57,33,0,0,False
1594,捡到了主飞艇库的钥匙。,57,33,0,0,False
1595,这扇门需要用特殊的钥匙打开。,57,33,0,0,False
1596,在这附近使用不会产生任何效果……,60,9,0,0,False
1597,在组队状态下或处于大地使者和能工巧匠职业时无法进入任务战场。,60,9,0,0,False
1598,怪异的灯开始发出令人不安的光芒。,57,33,0,0,False
1599,在附近发出了毒花粉雾！,57,33,0,0,False
1600,,0,0,0,0,False
1601,接受了任务“”！,57,1,0,0,False
1602,完成了任务“”！,57,1,0,0,False
1603,达成了“”中的任务目标“UNKNOWN”！,57,1,0,0,False
1604,放弃了任务“”。,57,33,0,0,False
1605,获得了0金币。,62,1,0,0,False
1606,获得了“”。,62,1,0,0,False
1607,获得了“”×UNKNOWN。,62,1,0,0,False
1608,无法放弃任务。,60,8,0,0,False
1609,"没有满足下列条件，无法继续进行任务。
  UNKNOWN",57,33,0,0,False
1610,"没有满足下列条件，无法完成任务。
  UNKNOWN",57,33,0,0,False
1611,您正处于防沉迷状态，无法接受任务。,60,129,0,0,False
1612,您正处于防沉迷状态，无法完成任务。,60,129,0,0,False
1613,无法再招出更多的怪物了。,60,9,0,0,False
1614,无法完成任务，没有满足任务条件。,60,1,0,0,False
1615,大国防联军功能开放。,57,32,0,0,False
1616,可以接受军队下达的理符任务了。,57,33,0,0,False
1617,可以调动到其他大国防联军了。,57,33,0,0,False
1618,学会了“”！,57,33,0,0,False
1619,任务已经完成。,60,9,0,0,False
1620,发送任务参加申请时无法进入任务战场。,60,9,0,0,False
1621,战斗即将开始！,57,33,0,0,False
1622,本日能够受理的友好部族任务数量已经到达上限。,57,1,0,0,False
1623,接受了由发布的全部任务。,57,1,0,0,False
1624,对战技能已恢复到初始状态。,57,33,0,0,False
1625,该场所无法进行该操作。,60,9,0,0,False
1626,无法转成未满足等级要求的职业。,60,9,0,0,False
1627,当前未持有。,60,9,0,0,False
1628,,0,0,0,0,False
1629,发现了UNKNOWN种包含“UNKNOWN”的道具。仅显示前UNKNOWN种。,57,1,0,0,False
1630,没有发现包含“UNKNOWN”的道具。,57,1,0,0,False
1631,　>>,57,1,0,0,False
1632,将的名称复制到了剪贴板。,57,1,0,0,False
1633,冒险录只能在利姆萨·罗敏萨、格里达尼亚、乌尔达哈等城市内使用。,60,9,0,0,False
1634,成功使用了，即将返回标题画面改写角色数据。,57,32,0,0,False
1635,无法使用该道具，“”任务已经处于完成状态。,60,9,0,0,False
1636,目前处于昔日重现模式，无法执行。,60,9,0,0,False
1637,"由于章节“”已完成，
昔日重现模式结束。",57,1025,0,0,False
1638,因对战成员人数不齐导致对战不成立，全员退出。,57,513,0,0,False
1639,因无法获取战队情报导致对战不成立，全员退出。,57,513,0,0,False
1640,,0,0,0,0,False
1641,参加对战时无法使用该聊天频道。,60,1,0,0,False
1642,UNKNOWN正处于对战中，无法发送悄悄话。,60,1,0,0,False
1643,参加自定赛时无法使用该聊天频道。,60,1,0,0,False
1644,无法开始任务。非常抱歉，请您稍后再试。,60,9,0,0,False
1645,"当前状态无法开始昔日重现模式。
请改变角色所在位置并重试。",60,9,0,0,False
1646,已中断昔日重现模式。,57,513,0,0,False
1647,昔日重现模式追加了新的章节。,57,513,0,0,False
1648,"当前状态无法结束昔日重现模式。
请改变角色所在位置并重试。",60,9,0,0,False
1649,"当前状态无法回顾中断的章节。
请改变角色所在位置并重试。",60,9,0,0,False
1650,,0,0,0,0,False
1651,无法进行操作。,60,8,0,0,False
1652,复唱时间结束前无法进行返回。,60,9,0,0,False
1653,现在无法进行返回。,60,9,0,0,False
1654,已进入参加任务状态。,57,33,0,0,False
1655,已解除参加任务状态。,57,33,0,0,False
1656,"此任务需要使用特殊热键栏上的专用技能。
在任务情报中选择“参加”按钮即可参加。",60,9,0,0,False
1657,无法开始理符任务，有队员正在过场动画中。,60,9,0,0,False
1658,,0,0,0,0,False
1659,,0,0,0,0,False
1660,,0,0,0,0,False
1661,无法进行操作。,60,8,0,0,False
1662,队伍中有队员不满足传送条件，无法发送传送邀请。,60,9,0,0,False
1663,无法发动传送，没有开启过指定的以太之光。,60,9,0,0,False
1664,队伍中有队员没有开启过指定的以太之光，无法发送传送邀请。,60,9,0,0,False
1665,无法发动传送，其他传送正在进行。,60,9,0,0,False
1666,队伍中有队员正在发动其他传送，无法发送传送邀请。,60,9,0,0,False
1667,无法发动传送，当前处于无法战斗状态。,60,9,0,0,False
1668,队伍中有队员处于无法战斗状态，无法发送传送邀请。,60,9,0,0,False
1669,无法发动传送，所持金币不足。,60,9,0,0,False
1670,队伍中有队员处于其他地区，无法发送传送邀请。,60,9,0,0,False
1671,无法发动传送，虽然收到了传送邀请但是自身没有满足传送条件。,60,9,0,0,False
1672,现在无法发动传送。,60,9,0,0,False
1673,传送点已固定到常用列表中。,57,32,0,0,False
1674,无法添加，列表已满。,60,8,0,0,False
1675,已从常用列表中删除。,57,32,0,0,False
1676,无法从常用列表中删除。,60,8,0,0,False
1677,未满足条件，无法使用。,60,9,0,0,False
1678,提供物资，为伊修加德的重建工程做出了UNKNOWN点贡献！,57,33,0,0,False
1679,设置修改成功。,57,32,0,0,False
1680,,0,0,0,0,False
1681,无法买入商品，背包已满。,60,8,0,0,False
1682,无法买入商品，金币不足。,60,8,0,0,False
1683,无法买入商品，背包中已有相同的珍稀道具。,60,8,0,0,False
1684,贩卖失败。,60,8,0,0,False
1685,无法贩卖道具，该道具不可出售。,60,8,0,0,False
1686,无法贩卖道具，金币已满。,60,8,0,0,False
1687,以0金币的价格买入了“”×UNKNOWN。,57,1,0,0,False
1688,以0金币的价格卖出了“”×UNKNOWN。,57,1,0,0,False
1689,以0金币的价格回购了“”×UNKNOWN。,57,1,0,0,False
1690,无法卖出任务道具。,60,8,0,0,False
1691,该道具的效果已经掌握，并且无法交易给其他人。没有购买的必要。,60,8,0,0,False
1692,收藏品无法出售。,60,8,0,0,False
1693,降低xUNKNOWN的品质变换成了xUNKNOWN。,57,33,0,0,False
1694,,0,0,0,0,False
1695,,0,0,0,0,False
1696,无法继续接受任务，已达到接受数量上限。,60,8,0,0,False
1697,"无法继续进行任务，背包已满。
请整理背包后再试。",60,9,0,0,False
1698,无法接受报酬，“”为珍稀道具，只能持有1个。,60,9,0,0,False
1699,当前状态无法删除中断存档。,60,9,0,0,False
1700,,0,0,0,0,False
1701,,0,0,0,0,False
1702,,0,0,0,0,False
1703,,0,0,0,0,False
1704,,0,0,0,0,False
1705,,0,0,0,0,False
1706,,0,0,0,0,False
1707,,0,0,0,0,False
1708,,0,0,0,0,False
1709,,0,0,0,0,False
1710,,0,0,0,0,False
1711,,0,0,0,0,False
1712,,0,0,0,0,False
1713,,0,0,0,0,False
1714,,0,0,0,0,False
1715,,0,0,0,0,False
1716,,0,0,0,0,False
1717,,0,0,0,0,False
1718,,0,0,0,0,False
1719,,0,0,0,0,False
1720,,0,0,0,0,False
1721,,0,0,0,0,False
1722,,0,0,0,0,False
1723,,0,0,0,0,False
1724,,0,0,0,0,False
1725,,0,0,0,0,False
1726,,0,0,0,0,False
1727,,0,0,0,0,False
1728,,0,0,0,0,False
1729,,0,0,0,0,False
1730,,0,0,0,0,False
1731,,0,0,0,0,False
1732,,0,0,0,0,False
1733,,0,0,0,0,False
1734,,0,0,0,0,False
1735,,0,0,0,0,False
1736,,0,0,0,0,False
1737,,0,0,0,0,False
1738,,0,0,0,0,False
1739,,0,0,0,0,False
1740,,0,0,0,0,False
1741,,0,0,0,0,False
1742,,0,0,0,0,False
1743,,0,0,0,0,False
1744,,0,0,0,0,False
1745,,0,0,0,0,False
1746,,0,0,0,0,False
1747,,0,0,0,0,False
1748,,0,0,0,0,False
1749,,0,0,0,0,False
1750,,0,0,0,0,False
1751,,0,0,0,0,False
1752,,0,0,0,0,False
1753,,0,0,0,0,False
1754,,0,0,0,0,False
1755,,0,0,0,0,False
1756,,0,0,0,0,False
1757,,0,0,0,0,False
1758,,0,0,0,0,False
1759,,0,0,0,0,False
1760,,0,0,0,0,False
1761,,0,0,0,0,False
1762,,0,0,0,0,False
1763,,0,0,0,0,False
1764,,0,0,0,0,False
1765,,0,0,0,0,False
1766,,0,0,0,0,False
1767,无法获取道具，背包已满。,60,9,0,0,False
1768,设置修改成功。,57,32,0,0,False
1769,放弃了修改中的设置。,57,32,0,0,False
1770,背包已满。,60,9,0,0,False
1771,,0,0,0,0,False
1772,副本任务中无法显示。,60,8,0,0,False
1773,现在无法使用该指令。,60,8,0,0,False
1774,,0,0,0,0,False
1775,本周已不能再继续交货。,60,8,0,0,False
1776,没有可交纳的道具。,60,8,0,0,False
1777,与其他老主顾交易时无法进行该操作。,60,8,0,0,False
1778,需要UNKNOWN级或以上的能工巧匠才能交纳物品。,60,8,0,0,False
1779,无法提交物品，未持有目标物品。,57,33,0,0,False
1780,无法进行交换，背包已满。,60,8,0,0,False
1781,无法进行交换，所持军票不足。,60,8,0,0,False
1782,无法进行交换，背包中已有相同的珍稀道具。,60,8,0,0,False
1783,交纳0张军票，获得了“”×UNKNOWN。,57,1,0,0,False
1784,无法进行交换，军衔过低。,60,8,0,0,False
1785,无法进行交换，没有参加。,60,8,0,0,False
1786,今后可以对熙洛·阿里亚珀进行武具投影了。,57,33,0,0,False
1787,尚未开启武具投影功能。,60,9,0,0,False
1788,收下了Player Player带来的收藏品！,57,17,0,0,False
1789,开始认为Player Player是开放的协助者！,57,33,0,0,False
1790,无法提交物品，没有提供必需的数量。,60,8,0,0,False
1791,无法提交物品。,60,8,0,0,False
1792,无法提交穿在身上的装备。,60,8,0,0,False
1793,收下了Player Player带来的收藏品！,57,17,0,0,False
1794,Player Player在心中的形象变为了补助金事业的协助者！,57,33,0,0,False
1795,老主顾交易处理失败。,60,8,0,0,False
1796,收下了Player Player带来的收藏品！,57,17,0,0,False
1797,的新剧情动画开放了。,57,17,0,0,False
1798,获得了0金币。,57,1,0,0,False
1799,Player Player在心中的形象变为了一名亲切的匠人！,57,33,0,0,False
1800,获得了×UNKNOWN。,62,1,0,0,False
1801,,0,0,0,0,False
1802,无法使用，所选对象不是任务目标。,60,9,0,0,False
1803,获得了“”。,57,17,0,0,False
1804,获得了“”×UNKNOWN。,57,17,0,0,False
1805,成功驯服了。　UNKNOWN/UNKNOWN,57,17,0,0,False
1806,驯服失败，体力仍然很充足，并且进入了兴奋状态。,57,33,0,0,False
1807,已经处于驯服状态下了。,57,33,0,0,False
1808,处于兴奋状态，无法驯服。,57,33,0,0,False
1809,从驯服状态下解脱了……　UNKNOWN/UNKNOWN,57,17,0,0,False
1810,被打倒了……,57,33,0,0,False
1811,的搜索有所进展。　UNKNOWN%,57,17,0,0,False
1812,成功找到。　UNKNOWN/UNKNOWN,57,17,0,0,False
1813,现出了真身！,57,17,0,0,False
1814,对没有起到任何效果……,57,17,0,0,False
1815,成功到达目的地！,57,17,0,0,False
1816,已巡逻过的目的地　UNKNOWN/UNKNOWN,57,17,0,0,False
1817,不是……,57,17,0,0,False
1818,意想不到的魔物出现了！,57,17,0,0,False
1819,封印在«妖异全集»中的魔物出现了！,57,17,0,0,False
1820,打倒了封印的魔物，消灭了«妖异全集»　UNKNOWN/UNKNOWN,57,17,0,0,False
1821,开始向的方向移动。,57,17,0,0,False
1822,没有任何反应，与的距离过远。,57,17,0,0,False
1823,没有任何反应，正在移动。,57,17,0,0,False
1824,到目的地为止的行程：UNKNOWN%,57,17,0,0,False
1825,被打倒了……,57,17,0,0,False
1826,发现！,57,17,0,0,False
1827,发现了！,57,17,0,0,False
1828,开始共享“”理符任务！,57,33,0,0,False
1829,当前不是战斗职业，没能获得经验值。,60,9,0,0,False
1830,获得了任务提供的“”。,57,33,0,0,False
1831,有种不安的感觉,57,17,0,0,False
1832,没有完成理符任务“”的目标……,57,1,0,0,False
1833,成功将带到了目的地！,57,17,0,0,False
1834,攻击可疑的敌人，揭露他们的真面目！,57,33,0,0,False
1835,利用特定敌人掉落的道具来揭露目标的真面目！,57,33,0,0,False
1836,周围的敌人攻上来了！,57,33,0,0,False
1837,对虚弱的目标使用“安抚”动作，让它平静下来吧！,57,33,0,0,False
1838,对虚弱的目标使用任务支付的道具，让它平稳下来吧！,57,33,0,0,False
1839,使用“招手”动作，将目标带领到指定地点！,57,33,0,0,False
1840,使用任务支付的道具，将目标带领到指定地点！,57,33,0,0,False
1841,好像持有……,57,33,0,0,False
1842,没有任何反应……,57,33,0,0,False
1843,"理符报告已中断。
请再次与目标对话完成理符领取报酬。",57,17,0,0,False
1844,打倒了！,57,17,0,0,False
1845,损失数　UNKNOWN/UNKNOWN,57,17,0,0,False
1846,损失了所有的……,57,33,0,0,False
1847,令目标现身了！,57,17,0,0,False
1848,附近能感到的气息……,57,33,0,0,False
1849,附近感觉不到的气息……,57,33,0,0,False
1850,,0,0,0,0,False
1851,将保存到了部队储物柜中。,57,1,0,0,False
1852,将×UNKNOWN保存到了部队储物柜中。,57,1,0,0,False
1853,将0金币保存到了部队储物柜中。,57,1,0,0,False
1854,将从部队储物柜中取了出来。,57,1,0,0,False
1855,将×UNKNOWN从部队储物柜中取了出来。,57,1,0,0,False
1856,将0金币从部队储物柜中取了出来。,57,1,0,0,False
1857,道具箱[UNKNOWN]的名字已改为“”。,57,1,0,0,False
1858,无法合并部分的道具返回到了背包中。,57,1,0,0,False
1859,无法合并部分的道具返回到了部队储物柜中。,57,1,0,0,False
1860,获取部队储物柜数据失败。,60,9,0,0,False
1861,处理部队储物柜失败。,60,9,0,0,False
1862,无法使用部队储物柜，没有加入任何部队。,60,9,0,0,False
1863,现在无法使用部队储物柜。,60,9,0,0,False
1864,没有使用该道具箱的权限。,60,9,0,0,False
1865,无法将装备中的道具放入部队储物柜。,60,9,0,0,False
1866,无法将带有珍稀、独占及绑定属性的道具放入部队储物柜。,60,9,0,0,False
1867,无法保存道具。,60,9,0,0,False
1868,无法取出道具。,60,9,0,0,False
1869,无法保存道具，储存数量已达到上限。,60,9,0,0,False
1870,无法取出道具，储存数量已达到上限。,60,9,0,0,False
1871,无法放入金币，储存数量已达到上限。,60,9,0,0,False
1872,背包已满。,60,9,0,0,False
1873,无法保存道具，其他玩家正在使用储物柜。,60,9,0,0,False
1874,无法取出道具，其他玩家正在使用储物柜。,60,9,0,0,False
1875,道具箱改名失败。,60,9,0,0,False
1876,没有“”的权限。,60,9,0,0,False
1877,装饰队徽失败。,60,9,0,0,False
1878,无法将队徽装饰到装备上，所持金币不足。,60,9,0,0,False
1879,取下队徽失败。,60,9,0,0,False
1880,Xbox Cloud Gamingからのプレイ時は、ゲーム内のスクリーンショット機能を利用できません。,60,9,0,0,False
1881,“”部队解散了。,57,33,0,0,False
1882,部队消息：部队转移到了“”属下。,69,33,0,0,False
1883,部队消息：部队转移到了“”属下。,69,1,0,0,False
1884,部队消息：向发送了部队招待。,69,1,0,0,False
1885,收到了发来的部队招待。,57,33,1,0,False
1886,部队消息：加入了“”部队。,69,33,0,0,False
1887,部队消息：加入了部队。,69,1,0,0,False
1888,谢绝了“”部队发来的招待。,57,1,0,0,False
1889,部队消息：谢绝了部队的招待。,69,1,0,0,False
1890,退出了“”部队。,57,33,0,0,False
1891,部队消息：退出了部队。,69,1,0,0,False
1892,部队消息：将从部队中除名了。,69,1,0,0,False
1893,被“”部队除名了。,57,33,1,0,False
1894,部队消息：退出了部队。,69,1,0,0,False
1895,撤销了发送来的部队招待。,57,1,0,0,False
1896,成功将队徽装饰到了上。,57,1,0,0,False
1897,成功将队徽装饰到了UNKNOWN件装备上。,57,1,0,0,False
1898,成功将队徽从上取了下来。,57,1,0,0,False
1899,成功将队徽从UNKNOWN件装备上取了下来。,57,1,0,0,False
1900,成功装备了套装UNKNOWN“UNKNOWN”，不过其中有一部分具有其他投影效果的物品。,57,33,0,0,False
1901,成功装备了套装UNKNOWN“UNKNOWN”，不过其中有一部分染过色的物品。,57,33,0,0,False
1902,装备已恢复原样，不过其中混有染过色的物品。,57,33,0,0,False
1903,套装名修改成功。,57,32,0,0,False
1904,套装编号修改成功。,57,32,0,0,False
1905,套装栏添加成功。,57,33,0,0,False
1906,成功装备了套装UNKNOWN“UNKNOWN”，不过其中有一部分物品无法装备。,57,33,0,0,False
1907,装备已恢复原样，不过其中混有无法装备的物品。,57,33,0,0,False
1908,成功装备了套装UNKNOWN“UNKNOWN”，不过其中混有镶有其他魔晶石或以太性能不同的物品。,57,33,0,0,False
1909,装备已恢复原样，不过其中混有镶有其他魔晶石或以太性能不同的物品。,57,33,0,0,False
1910,装备已恢复原样，不过其中混有具有其他投影效果的物品。,57,33,0,0,False
1911,获取部队特效失败。,60,9,0,0,False
1912,没有“”的权限。,60,9,0,0,False
1913,无法获取部队特效，部队等级过低。,60,9,0,0,False
1914,无法储备更多的部队特效了。,60,9,0,0,False
1915,无法获取部队特效，部队战绩不足。,60,9,0,0,False
1916,放弃部队特效失败。,60,9,0,0,False
1917,没有“”的权限。,60,9,0,0,False
1918,使用部队特效失败。,60,9,0,0,False
1919,没有“”的权限。,60,9,0,0,False
1920,无法发动更多部队特效了。,60,9,0,0,False
1921,同类特效正在发动中。,60,9,0,0,False
1922,取消部队特效失败。,60,9,0,0,False
1923,没有“”的权限。,60,9,0,0,False
1924,部队战绩不足，无法进行交换。,60,9,0,0,False
1925,一句话留言更新失败。,60,9,0,0,False
1926,一句话留言更新失败。,60,9,0,0,False
1927,一句话留言更新失败。,60,9,0,0,False
1928,没有“”的权限。,60,9,0,0,False
1929,一句话留言更新失败。,60,9,0,0,False
1930,消费0部队战绩交换了UNKNOWN个。,69,1,0,0,False
1931,截图成功。,57,1,0,0,False
1932,截图失败。,60,9,0,0,False
1933,截图失败，硬盘空间不足。,60,9,0,0,False
1934,截图失败，储存空间不足。,60,9,0,0,False
1935,现在无法截图。,60,9,0,0,False
1936,成功装备了套装UNKNOWN“UNKNOWN”，不过其中混有以太性能不同的物品。,57,33,0,0,False
1937,装备已恢复原样，不过其中混有以太性能不同的物品。,57,33,0,0,False
1938,消费0部队战绩交换了UNKNOWN个。,69,1,0,0,False
1939,无法进行交易，已无法领取更多。,60,8,0,0,False
1940,无法进行交易，背包已满。,60,9,0,0,False
1941,无法进行交易，必要道具不足。,60,9,0,0,False
1942,无法进行交易，不足。,60,9,0,0,False
1943,无法进行交易，该道具只能拥有一个。,60,9,0,0,False
1944,交易失败。,60,9,0,0,False
1945,无法交易，还装备在身上。,60,9,0,0,False
1946,用×UNKNOWN交换了×UNKNOWN。,57,1,0,0,False
1947,道具交换失败。,60,9,0,0,False
1948,用×UNKNOWN交换了×UNKNOWN。,57,1,0,0,False
1949,当前状态无法提交×UNKNOWN。,60,9,0,0,False
1950,无法使用，背包中已有珍稀道具。,60,9,0,0,False
1951,无法使用，里面没有当前职业能够装备的道具。,60,9,0,0,False
1952,可以在城市或野外使用。,60,9,0,0,False
1953,Player Player从上取下了魔晶石。,57,1,0,0,False
1954,成功回收了！,57,1,0,0,False
1955,化成了粉末……,57,1,0,0,False
1956,无法正常回收魔晶石。,60,9,0,0,False
1957,Player Player获得了×UNKNOWN。,62,1,0,0,False
1958,无法领取更多。,60,9,0,0,False
1959,无法继续镶嵌更多魔晶石。,60,9,0,0,False
1960,无法使用冒险录，背包中已有珍稀道具。,60,9,0,0,False
1961,因章节内容更新，昔日重现模式的中断存档已删除。,60,9,0,0,False
1962,条件不足，无法使用冒险录。,60,9,0,0,False
1963,"对应机能正在维护，现在无法使用。
详情请参见官方网站。",60,9,0,0,False
1964,无法使用，背包已满。,60,9,0,0,False
1965,无法使用，当前职业不是设限特职外的战斗精英或魔法导师。,60,9,0,0,False
1966,在这片区域很多行动受限。,57,33,0,0,False
1967,免费试用期间无法开放该任务。,60,9,0,0,False
1968,成功将套装关联到投影模板。,57,33,0,0,False
1969,关联到投影模板的套装已变更。,57,33,0,0,False
1970,关联到投影模板的套装已解除。,57,33,0,0,False
1971,无法使用，该角色数据超出了的效果范围。,60,9,0,0,False
1972,已锁定。,57,33,0,0,False
1973,锁定已解除。,57,33,0,0,False
1974,已达到锁定上限，无法继续锁定。,60,9,0,0,False
1975,现在无法变更设定。,60,9,0,0,False
1976,,0,0,0,0,False
1977,无法发起记录准备确认，有队员处于离线等状态。,60,8,0,0,False
1978,无法开始进行任务记录，未达到任务的规定人数。,60,9,0,0,False
1979,没有更多的章节了。,60,8,0,0,False
1980,当前状态下无法进行操作。,60,8,0,0,False
1981,正在进行记录准备确认，无法再次发起。,60,9,0,0,False
1982,无法发起记录准备确认，正在进行准备确认。,60,9,0,0,False
1983,无法发起记录准备确认，正在进行战斗开始倒计时。,60,9,0,0,False
1984,无法发起记录准备确认，当前正在交战中。,60,9,0,0,False
1985,发起了记录准备确认。,57,33,0,0,False
1986,发起了记录准备确认。,57,33,0,0,False
1987,无法发起记录准备确认。,57,33,0,0,False
1988,无法回应记录准备确认。,57,33,0,0,False
1989,记录准备确认中未获得全员同意，任务过程将不会被记录。,57,33,0,0,False
1990,"开始进行任务记录。
距离战斗开始还有UNKNOWN秒！
（）",57,65,0,0,False
1991,无法回顾，当前没有可回顾的任务记录。,60,9,0,0,False
1992,无法回顾，任务记录已损坏。,60,9,0,0,False
1993,发生错误，任务回顾结束。,60,9,0,0,False
1994,无法回顾，任务记录存在问题。,60,9,0,0,False
1995,"当前可以进行任务记录。
若要进行记录，请使用记录准备确认。",57,1025,0,0,False
1996,等待记录时缓存超过上限，等待结束。,57,33,0,0,False
1997,"任务记录停止。
用于保存任务记录的空间不足210MB。",60,9,0,0,False
1998,"任务记录保存失败。
任务记录结束。",60,9,0,0,False
1999,"已达到任务记录的容量上限。
任务记录结束。",60,9,0,0,False
2000,,0,0,0,0,False
2001,附近有新的紧急情况出现。,57,32,1,0,False
2002,邪教念珠出现了。,57,33,0,0,False
2003,获得了邪教念珠。,57,33,0,0,False
2004,前方有强力的封印结界。,57,33,0,0,False
2005,有什么人在用以太之力保护着邪教宝珠！,57,33,0,0,False
2006,保护邪教宝珠的以太之力减弱了！,57,33,0,0,False
2007,有什么人在用以太之力保护着邪教念珠！,57,33,0,0,False
2008,保护邪教念珠的以太之力减弱了！,57,33,0,0,False
2009,出现了！,57,33,0,0,False
2010,获得了“”。,57,17,0,0,False
2011,获得了“”×UNKNOWN。,57,17,0,0,False
2012,距被封锁还有UNKNOWN秒。,57,33,0,0,False
2013,已被封锁！,57,33,0,0,False
2014,的封锁解除了……,57,33,0,0,False
2015,深渊之中亮起了灯火，夫人手提灯出现了！,57,33,0,0,False
2016,霸星蛛蝎的毒尾蜕皮了！,57,33,0,0,False
2017,无法加算贡献度，当前等级大幅超过推荐等级。,60,9,0,0,False
2018,退出点出现了。距离“UNKNOWN”结束还有UNKNOWN分。,57,33,0,0,False
2019,单人任务无法在组队状态下进行，已自动退出小队。,60,9,0,0,False
2020,庄园的小丑掉落了血书纸片。,57,33,0,0,False
2021,庄园的总管掉落了血书纸片。,57,33,0,0,False
2022,获得了血书纸片。,57,33,0,0,False
2023,封印结界消失了！,57,33,0,0,False
2024,扑灭了怪异的灯光！,57,33,0,0,False
2025,无法加算贡献度，当前职业没有满足参加条件。,60,9,0,0,False
2026,当前等级没在推荐等级范围内，无法获得全部报酬。,60,9,1,0,False
2027,捡起了小钥匙。,57,33,0,0,False
2028,获得了6星司的火药。,57,33,0,0,False
2029,将火药放入引爆点之后才可以引爆。,57,33,0,0,False
2030,大概需要12星司的火药才会起效。,57,33,0,0,False
2031,获得了。,57,33,0,0,False
2032,获得了×UNKNOWN。,57,33,0,0,False
2033,好像是个开关，不过现在无法操作。,57,33,0,0,False
2034,别的地方好像有什么动静。,57,33,0,0,False
2035,哇！毒液！,57,33,0,0,False
2036,门上着锁。,57,33,0,0,False
2037,打开这扇门需要一把特殊的钥匙。,57,33,0,0,False
2038,放出了！,57,33,0,0,False
2039,好像没什么特别的……,57,33,0,0,False
2040,水面出现了很多气泡！,57,33,0,0,False
2041,奇怪的气息消失了……,57,33,0,0,False
2042,出现了！,57,33,0,0,False
2043,提起绞车锁链之后出现了雷元精！,57,33,0,0,False
2044,提起绞车锁链之后出现了瓦斯弹怪！,57,33,0,0,False
2045,提起绞车锁链之后出现了宝箱！,57,33,0,0,False
2046,魔物的生命化成了魔力的奔流！,57,33,0,0,False
2047,魔物的生命化成了魔力的奔流！,57,33,0,0,False
2048,修炼所的门关上了！,57,33,0,0,False
2049,投身到了魔力的奔流中……,57,1,0,0,False
2050,投身到了魔力的奔流中……,57,1,0,0,False
2051,门紧紧地关闭着……,57,33,0,0,False
2052,魔鸟群出现了！,57,33,0,0,False
2053,阿杰特的体力正在毒沼逐渐恢复！,57,33,0,0,False
2054,流沙出现了！,57,33,0,0,False
2055,阿杰特飞落下来了！,57,33,0,0,False
2056,阿杰特飞走了……,57,33,0,0,False
2057,发出了不和谐音！,57,33,0,0,False
2058,成功设置了“”,57,33,0,0,False
2059,“”开放成功！,57,33,0,0,False
2060,炸药安放完毕。,57,33,0,0,False
2061,B4区坑道的落石爆破成功。,57,33,0,0,False
2062,通往E2区再开发坑道的墙壁爆破成功。,57,33,0,0,False
2063,引诱爆破榴弹怪到怒水腐液身边自爆！,57,33,0,0,False
2064,暗门开放成功！,57,33,0,0,False
2065,E1区再开发坑道的落石爆破成功。,57,33,0,0,False
2066,正在破坏墙壁！,57,33,0,0,False
2067,淬火魔石精正在攻击爆破榴弹怪！,57,33,0,0,False
2068,门上着锁。,57,33,0,0,False
2069,掉落了！,57,33,0,0,False
2070,"比推荐等级高出UNKNOWN级或以上。
请进行等级同步之后再参加。",60,9,1,0,False
2071,获得了“”。,62,1,0,0,True
2072,获得了“”×UNKNOWN。,62,1,0,0,True
2073,无法获得道具，当前等级与推荐等级相差过大。,60,9,0,0,False
2074,无法执行操作，当前等级与推荐等级相差过大。,60,9,0,0,False
2075,由于背包已满等原因，没能获得。,60,9,0,0,False
2076,刻着的文字由于风化已经无法识别了……,57,33,0,0,False
2077,机关启动，墙壁消失了！,57,33,0,0,False
2078,魔物出现了！,57,33,0,0,False
2079,　倒计时开始！,57,33,0,0,False
2080,　倒计时重新开始！,57,33,0,0,False
2081,无限装置启动了……,57,33,0,0,False
2082,无限装置停止了……,57,33,0,0,False
2083,无限装置的安全锁被解开了！,57,33,0,0,False
2084,封印的门打开了！,57,33,0,0,False
2085,が出現した！（仮）,57,33,0,0,False
2086,　倒计时结束。,57,33,0,0,False
2087,的无敌状态解除了……,57,1,0,0,False
2088,进入了无敌状态……,57,1,0,0,False
2089,在到处散播种子！,57,33,0,0,False
2090,好像在思考问题……,57,33,0,0,False
2091,魔界花的苗床消除了……,57,33,0,0,False
2092,魔花之果又结果了！,57,33,0,0,False
2093,异常状态完全恢复了！,57,33,0,0,False
2094,察觉到了敌人的气息！,57,33,0,0,False
2095,地面在颤动……,57,33,0,0,False
2096,察觉到了的危机，出现了！,57,33,0,0,False
2097,的山羊头眼中发出了诡异的光。,57,33,0,0,False
2098,的龙头眼中发出了诡异的光。,57,33,0,0,False
2099,锁定了攻击目标！,57,33,0,0,False
2100,的无敌状态解除了！,57,33,0,0,False
2101,进入了无敌状态！,57,33,0,0,False
2102,现在没有任何东西能够放到“审理之天平”上……,57,1,0,0,False
2103,其他队员正在尝试获取雕像……,57,1,0,0,False
2104,其他队员正在尝试安放雕像……,57,1,0,0,False
2105,冬贝利掉落了灯油。,57,33,0,0,False
2106,装置生锈了，无法启动……,57,33,0,0,False
2107,察觉到了的危机，出现了！,57,33,0,0,False
2108,残暴正义号的损耗被完全修复了……,57,33,0,0,False
2109,成功救助了布雷福洛克斯的同伴！,57,33,0,0,False
2110,布雷福洛克斯开辟了一条密道！,57,33,0,0,False
2111,敌人的手下开始进行支援了！,57,33,0,0,False
2112,青蓝之手步兵招出了哥布魔鸟！,57,33,0,0,False
2113,蓄能倒计时：UNKNOWN,57,33,0,0,False
2114,蓄能完成　准备发射,57,33,0,0,False
2115,逃离！,57,33,0,0,False
2116,开始颤抖，好像在做出指示！,57,33,0,0,False
2117,躲到石塔后面来躲避迦楼罗的大龙卷风！,57,33,0,0,False
2118,迦楼罗发动了大龙卷风！,57,33,0,0,False
2119,迦楼罗创造出了台风眼！,57,33,0,0,False
2120,迦楼罗的羽毛从天而降飞散到各处！,57,33,0,0,False
2121,迦楼罗令海市蜃楼变成了实体！,57,33,0,0,False
2122,从死亡的深渊中复苏了！,57,17,0,0,False
2123,妖异们组成了“刮目之阵”。,57,33,0,0,False
2124,妖异们组成了“魔壁之阵”。,57,33,0,0,False
2125,妖异们组成了“魔剑之阵”。,57,33,0,0,False
2126,妖异们组成了“招来之阵”。,57,33,0,0,False
2127,水晶的能量逐渐变得暗淡……,57,33,0,0,False
2128,正在准备逃跑！,57,33,0,0,False
2129,解放了积攒的力量！,57,33,0,0,False
2130,锁定了攻击的目标！,57,33,0,0,False
2131,发出了诡异的咆哮！,57,33,0,0,False
2132,厌倦了追逐，开始打瞌睡了……,57,33,0,0,False
2133,挥洒出了虚无淤泥！,57,33,0,0,False
2134,关闭所有警戒终端，解除基地内的警戒状态！,57,33,0,0,False
2135,警戒灯消失，警报解除了……,57,33,0,0,False
2136,警报解除，周围的帝国兵返回到了自己的位置……,57,33,0,0,False
2137,帝国军认证密钥落到了地上。,57,33,0,0,False
2138,魔导先锋掉落了37式炸药。,57,33,0,0,False
2139,捡到了帝国军认证密钥。,57,33,0,0,False
2140,捡到了37式炸药。,57,33,0,0,False
2141,青磷水汲取管被破坏了！,57,33,0,0,False
2142,将混有废液的青磷水注入了结界发生装置！,57,33,0,0,False
2143,结界发生装置被破坏了！,57,33,0,0,False
2144,利用43式防空炮击落高速魔导驱逐艇！,57,33,0,0,False
2145,高速魔导驱逐艇被击落了！,57,33,0,0,False
2146,敲向大地，将爆破岩石震落了下来！,57,1,0,0,False
2147,放弃了追逐离开了……,57,33,0,0,False
2148,冬贝利们的怨恨汇集到了冬贝利王身上……,57,33,0,0,False
2149,冬贝利王积攒的怨恨消散了！,57,33,0,0,False
2150,阅兵场的隔离墙打开了！,57,33,0,0,False
2151,帝国兵掉落了帝国军认证密钥。,57,33,0,0,False
2152,捡到了帝国军认证密钥。,57,33,0,0,False
2153,隔离墙的锁解除了。,57,33,0,0,False
2154,没有帝国军认证密钥无法启动设备。,57,33,0,0,False
2155,成功取得了搭乘魔导装甲的资格！,57,33,0,0,False
2156,前往工房层。,57,33,0,0,False
2157,前往基层。,57,33,0,0,False
2158,军团长室的门锁解除了。,57,33,0,0,False
2159,现在没有炸药……,57,33,0,0,False
2160,没有帝国军认证密钥无法启动设备。,57,33,0,0,False
2161,没有取得搭乘魔导装甲的资格。,57,33,0,0,False
2162,"队伍中有初次执行该任务的队员。
在完成任务时会附加额外的报酬。",57,65,0,0,False
2163,"队伍中有初次完成该任务的队员。
获得了额外奖励的0点经验值及0金币。",62,1,0,0,False
2164,获得了UNKNOWN个。,62,33,0,0,False
2165,获得了UNKNOWN个。,62,33,0,0,False
2166,无法攻击危命任务的目标，当前等级过高。,60,8,0,0,False
2167,以太结界解除了。,57,33,0,0,False
2168,以太结界解除，传送终端启动。,57,33,0,0,False
2169,已搭载UNKNOWN名乘客，正在等待启动。,57,33,0,0,False
2170,空中出现了高速魔导驱逐艇！,57,33,0,0,False
2171,炮弹命中高速魔导驱逐艇了！,57,33,0,0,False
2172,高速魔导驱逐艇受到了巨大伤害！,57,33,0,0,False
2173,数量已达到上限，无法获取更多的。,60,9,0,0,False
2174,数量已达到本周上限，无法获取更多的。,60,9,0,0,False
2175,数量已达到上限，无法获取更多的。,60,9,0,0,False
2176,准备发射魔导飞弹！,57,33,0,0,False
2177,下达了攻击命令！,57,33,0,0,False
2178,调查迫击炮弹，让魔导装载爪为迫击炮装填炮弹！,57,33,0,0,False
2179,保护魔导装载爪！,57,33,0,0,False
2180,保护43式迫击炮！,57,33,0,0,False
2181,使用43式迫击炮攻击莉维亚！,57,33,0,0,False
2182,军团兵员区的隔离墙打开了！帝国兵出现了！,57,33,0,0,False
2183,魔导装载爪被破坏，无法装填炮弹！,57,33,0,0,False
2184,魔导装载爪正在装填炮弹……,57,33,0,0,False
2185,没有可以继续上弹的43式迫击炮了……,57,33,0,0,False
2186,魔导装甲的搭乘资格获取完毕。,57,33,0,0,False
2187,必须先到魔导装甲库搭乘一台装甲。,57,33,0,0,False
2188,偏属性以太的喷发停止了。,57,33,0,0,False
2189,鸟蛋被破坏，祖变得愤怒起来了！,57,33,0,0,False
2190,祖的怒火爆发了！,57,33,0,0,False
2191,不沉者西蒙德向天花板开枪了！,57,33,0,0,False
2192,以太管道被破坏，喷出了偏属性以太！,57,33,0,0,False
2193,移动到了上层。,57,33,0,0,False
2194,移动到了下层。,57,33,0,0,False
2195,"腐王之像的封印解开了。
通往妖异迷路的道路开放了。",57,33,0,0,False
2196,"妖王之像的封印解开了。
通往炼狱迷路的道路开放了。",57,33,0,0,False
2197,"兽王之像的封印解开了。
亚拉戈结晶机关启动，通往升天走廊的传送装置启动了。",57,33,0,0,False
2198,亚拉戈传送装置启动了。,57,33,0,0,False
2199,安全已经确保，可以控制升降机的操作杆了。,57,33,0,0,False
2200,移除了崩落的岩石，道路现在畅通了。,57,33,0,0,False
2201,耍小聪明的魔石精逃走了……,57,33,0,0,False
2202,深渊巨虫看上去已经吃饱了……,57,33,0,0,False
2203,崩落的岩石中出现了雷汞弹怪！,57,33,0,0,False
2204,岩壁碎掉了！百臂碎骨巨人出现了！,57,33,0,0,False
2205,爆破装置启动，碎岩炸弹掉下来了！,57,33,0,0,False
2206,复仇者乌拉诺斯的攻击打碎了结晶石！,57,33,0,0,False
2207,百臂主脑巨人的脚下起火了！,57,33,0,0,False
2208,搬动碎岩炸弹来破坏哥革巨像！,57,33,0,0,False
2209,碎岩炸弹将在10秒后爆炸……,57,33,0,0,False
2210,碎岩炸弹将在5秒后爆炸……,57,33,0,0,False
2211,地上的火焰引出了烈火弹怪！,57,33,0,0,False
2212,丢掉了碎岩炸弹……,57,33,0,0,False
2213,比吉开始破坏新型爆破装置！,57,33,0,0,False
2214,新型爆破装置的控制杆被破坏了！,57,33,0,0,False
2215,新型爆破装置过热失控！破碎爆弹怪出现了！,57,33,0,0,False
2216,深渊巨虫出现了！,57,33,0,0,False
2217,深渊巨虫正在寻找食物……,57,33,0,0,False
2218,深渊巨虫嗅到了结晶石的味道！,57,33,0,0,False
2219,深渊巨虫开始捕食结晶石！,57,33,0,0,False
2220,丢掉了结晶石……,57,33,0,0,False
2221,瞄准了目标！,57,1,0,0,False
2222,创造出了毒沼！,57,1,0,0,False
2223,召落了星星！,57,1,0,0,False
2224,庄园的杂技师掉落了一把小钥匙。,57,33,0,0,False
2225,庄园的女工掉落了一把小钥匙。,57,33,0,0,False
2226,庄园的守卫逃走了……,57,33,0,0,False
2227,捡到了白百合钥匙。,57,33,0,0,False
2228,捡到了红蔷薇钥匙。,57,33,0,0,False
2229,打开了白百合门。,57,33,0,0,False
2230,打开了红蔷薇门。,57,33,0,0,False
2231,这扇门可能需要一把特殊的钥匙。,57,33,0,0,False
2232,庄园的女工将鬼哭队队员作为祭品，召唤出了妖异！,57,33,0,0,False
2233,庄园的女工开始对鬼哭队发起攻击。,57,33,0,0,False
2234,怪异的灯光熄灭了……,57,33,0,0,False
2235,庄园的守卫打开了牢狱的大门，解放出了妖异！,57,33,0,0,False
2236,已经将地下1层的妖异全部消灭，封印结界消失了。,57,33,0,0,False
2237,祖的蛋好像要孵化了……,57,33,0,0,False
2238,花岗石牢硬化了！,57,1,0,0,False
2239,吸附在身上的偏属性水晶爆炸了！,57,33,0,0,False
2240,捡到了小钥匙。,57,33,0,0,False
2241,祖的怒火平息了……,57,33,0,0,False
2242,庄园的雕像掉落了一把小钥匙。,57,33,0,0,False
2243,关闭的门打开了！,57,33,0,0,False
2244,以少数职能参加了随机任务，获得了额外的0点经验值和0金币作为奖励。,62,1,0,0,False
2245,要先开启其他传送装置才能使用。,57,33,0,0,False
2246,获得了额外的0点经验值和0金币作为随机任务的奖励。,62,1,0,0,False
2247,魔法障壁发动器可以使用了！,57,33,0,0,False
2248,腐坏贪吃鬼看准了它的下一个猎物！,57,33,0,0,False
2249,腐坏贪吃鬼开始吞食它捕到的猎物了！,57,33,0,0,False
2250,黏菌树开始活动了起来！,57,33,0,0,False
2251,黏菌墙壁消失了……,57,33,0,0,False
2252,地面布满了腐坏的汁液，周围的魔物变得兴奋起来！,57,33,0,0,False
2253,腐坏的汁液让变得兴奋起来！,57,33,0,0,False
2254,成功破坏了白魔法石塔！,57,33,0,0,False
2255,魔法桥出现了！,57,33,0,0,False
2256,进入封魔洞……,57,33,0,0,False
2257,返回腐坏的街道……,57,33,0,0,False
2258,没有任何反应……,57,33,0,0,False
2259,通往虚无界的门开启了……,57,33,0,0,False
2260,的身上沾满了消化液！,57,33,0,0,False
2261,卡托布莱帕斯的眼睛发出了蓝色的光辉！,57,33,0,0,False
2262,卡托布莱帕斯的眼睛发出了黄色的光辉！,57,33,0,0,False
2263,卡托布莱帕斯的眼睛发出了红色的光辉！,57,33,0,0,False
2264,完全束缚解除了！,57,33,0,0,False
2265,魔法人偶正在充填魔力……,57,33,0,0,False
2266,魔法人偶已经充满了魔力！,57,33,0,0,False
2267,札尔神的咒具出现了！,57,33,0,0,False
2268,腐坏贪吃鬼开始吞食它捕到的了！,57,33,0,0,False
2269,阿里奥克嗅到了“妖鳞粉”的味道！,57,33,0,0,False
2270,阿里奥克迷失了它的猎物……,57,33,0,0,False
2271,认证错误……启动迎击系统群……,57,33,0,0,False
2272,感知到战斗，的弹射机关即将停止运行。,57,33,0,0,False
2273,的弹射机关即将开始运行。,57,33,0,0,False
2274,亚拉戈领域解除了。,57,33,0,0,False
2275,暗物质蛞蝓和强酸蜂蜜怪同化了！,57,33,0,0,False
2276,美瑠姬奴释放出了真正的力量！,57,33,0,0,False
2277,拉米亚解剖女王向美瑠姬奴献上了自己的生命！,57,33,0,0,False
2278,地雷分布在了各处……,57,33,0,0,False
2279,增援的恐慌装甲出现了！,57,33,0,0,False
2280,奈尔·神·达纳斯召唤了陨石！,57,33,0,0,False
2281,卫月巨像接到了新指令！,57,33,0,0,False
2282,巨像兵发出了磁力，将陨石吸到了身上！,57,33,0,0,False
2283,6号哥布林坦克准备开火了！,57,33,0,0,False
2284,6号哥布林坦克弹射出了青蓝之手滑翔兵！,57,33,0,0,False
2285,需要特殊的钥匙来开锁。,57,33,0,0,False
2286,这里通往虚无界。,57,33,0,0,False
2287,6号哥布林坦克开始后退了……,57,33,0,0,False
2288,无法做出行动，距离战斗区域太远。,60,9,0,0,False
2289,暗物质结晶中出现了红月巨像！,57,33,0,0,False
2290,暗物质结晶中出现了暗物质妖红花！,57,33,0,0,False
2291,搬运臂启动……前往第二区……,57,33,0,0,False
2292,第二区,57,33,0,0,False
2293,搬运臂启动……前往第三区……,57,33,0,0,False
2294,第三区,57,33,0,0,False
2295,搬运臂启动……前往第五区……,57,33,0,0,False
2296,第五区,57,33,0,0,False
2297,搬运臂启动……前往第六区……,57,33,0,0,False
2298,第六区,57,33,0,0,False
2299,搬运臂启动……前往第七区……,57,33,0,0,False
2300,第七区,57,33,0,0,False
2301,搬运臂启动……前往第八区……,57,33,0,0,False
2302,第八区,57,33,0,0,False
2303,检测到入侵者……启动迎击系统群……,57,33,0,0,False
2304,双体船的围栏被破坏了！,57,33,0,0,False
2305,目标已达成，请在限制时间内交纳道具。,57,33,0,0,False
2306,诡异的感觉消失，前进的道路已开放了……,57,33,0,0,False
2307,但他林的怨念束缚住了身体！,57,33,0,0,False
2308,诡异的感觉消失，前进的道路已开放了……,57,33,0,0,False
2309,魔物的生命化成了魔力的奔流！,57,33,0,0,False
2310,炮弹被甲壳反弹开了！,57,33,0,0,False
2311,库卡龙龟进入了防御体势！,57,1,0,0,False
2312,库卡龙龟解除了防御体势！,57,1,0,0,False
2313,大脚巨猿肚子饿得开始焦虑起来……,57,33,0,0,False
2314,捡起了神秘的石板。,57,33,0,0,False
2315,石头上的凹陷好像能够放入什么东西……,57,33,0,0,False
2316,将神秘的石板放入了凹陷中。,57,33,0,0,False
2317,新的道路出现了……,57,33,0,0,False
2318,以太变换器开始运作了！,57,33,0,0,False
2319,以太变换器快要过载短路了……,57,33,0,0,False
2320,以太变换器过载短路了……,57,33,0,0,False
2321,,0,0,0,0,False
2322,,0,0,0,0,False
2323,激昂异端者掉落了主飞艇库的钥匙,57,33,0,0,False
2324,间歇泉开始活动了！,57,33,0,0,False
2325,结界展开装置可以使用了！,57,33,0,0,False
2326,内环弹射装置可以使用了！,57,33,0,0,False
2327,外环弹射装置可以使用了！,57,33,0,0,False
2328,大脚巨猿吃掉了香蕉！,57,33,0,0,False
2329,小脚冕狐猴吃掉了香蕉！,57,33,0,0,False
2330,机关启动了，打开了隐藏的通路！,57,33,0,0,False
2331,克拉肯的触手将Firstname Lastname卷起来扔了出去！,57,33,0,0,False
2332,Firstname Lastname没有满足出发的等级条件。,57,9,0,0,False
2333,Firstname Lastname的职业不是战斗精英或魔法导师。,57,9,0,0,False
2334,Firstname Lastname处于无法战斗状态。,57,9,0,0,False
2335,Firstname Lastname还没有解锁该任务。,57,9,0,0,False
2336,Firstname Lastname正处于其他任务中。,57,9,0,0,False
2337,Firstname Lastname没有满足出发的条件。,57,9,0,0,False
2338,Firstname Lastname的进度要高于队长的进度。,57,9,0,0,False
2339,Firstname Lastname正处于防沉迷状态。,57,9,0,0,False
2340,Firstname Lastname已同意出发。,57,1,0,0,False
2341,没有获得所有队员的同意，行动被推迟。,57,9,0,0,False
2342,行动中断。,57,9,0,0,False
2343,所有队员都已同意，即将出发进入战斗。,57,33,0,0,False
2344,行动中断，确认等待时间过长。,57,9,0,0,False
2345,无法进行活动，没有附加必须的状态。,60,8,0,0,False
2346,破裂的喀恩石面掉落了日光石。,57,33,0,0,False
2347,捡起了日光石。,57,33,0,0,False
2348,盗墓者掉落了星光石。,57,33,0,0,False
2349,上面的凹洞好像能放进去什么东西。,57,33,0,0,False
2350,将日光石放入了凹洞之中。,57,33,0,0,False
2351,破裂的喀恩石面掉落了月光石。,57,33,0,0,False
2352,捡起了月光石。,57,33,0,0,False
2353,上面的凹洞好像能放进去什么东西。,57,33,0,0,False
2354,上面的凹洞好像能放进去什么东西。,57,33,0,0,False
2355,将月光石放入了凹洞之中。,57,33,0,0,False
2356,捡起了星光石。,57,33,0,0,False
2357,魔法机关台的周围设有结界……,57,33,0,0,False
2358,将日光石放入了凹洞之中。,57,33,0,0,False
2359,将月光石放入了凹洞之中。,57,33,0,0,False
2360,结界消失了！,57,33,0,0,False
2361,将星光石放入了凹洞之中。,57,33,0,0,False
2362,蜂鸟逃走了！,57,33,0,0,False
2363,被封印的门打开了！,57,33,0,0,False
2364,海水已被排干，可以继续前进了。,57,33,0,0,False
2365,溺水的船员们听到了召唤一起袭击过来了！,57,33,0,0,False
2366,隐秘栈桥的门打开了！,57,33,0,0,False
2367,光鳞看守掉落了牢狱的钥匙。,57,33,0,0,False
2368,成功破坏了光鳞战斗团的战旗！,57,33,0,0,False
2369,成功救出了被囚禁的冬贝利！,57,33,0,0,False
2370,打开了隐藏的暗门！,57,33,0,0,False
2371,水位下降，出现了新的通路！,57,33,0,0,False
2372,关闭的门打开了！,57,33,0,0,False
2373,,0,0,0,0,False
2374,隧道的门打开了！,57,33,0,0,False
2375,圆庭的门打开了！,57,33,0,0,False
2376,魔法机关启动，门打开了！,57,33,0,0,False
2377,,0,0,0,0,False
2378,,0,0,0,0,False
2379,妖异结界崩坏，开启了新的通路！,57,33,0,0,False
2380,,0,0,0,0,False
2381,,0,0,0,0,False
2382,妖异结界崩坏，魔力的奔流出现了！,57,33,0,0,False
2383,恶魔墙开始移动了！,57,33,0,0,False
2384,魔力的奔流出现了！,57,33,0,0,False
2385,地面开始发出震动……,57,33,0,0,False
2386,核心被破坏了！,57,33,0,0,False
2387,仙人刺女皇开始清算针的数量……,57,33,0,0,False
2388,审理神代言者的剑发出了诡异的光芒……,57,33,0,0,False
2389,死者的棺材出现了！,57,33,0,0,False
2390,炫目的光芒照出了妖异的姿态！,57,33,0,0,False
2391,,0,0,0,0,False
2392,暗之传送装置启动了。,57,33,0,0,False
2393,暗之传送装置还没有启动……,57,33,0,0,False
2394,自身受到的状态效果时间变成了1/10。,57,33,0,0,False
2395,无底之门打开了！,57,33,0,0,False
2396,宝箱出现了……,57,33,0,0,False
2397,突然出现了怪物！,57,33,0,0,False
2398,有些不祥的预感……,57,33,0,0,False
2399,的紧急系统启动了……,57,33,0,0,False
2400,被分解吸收了！,57,33,0,0,False
2401,捡起了牢狱的钥匙。,57,33,0,0,False
2402,仙人刺女皇又开始清算针的数量……,57,33,0,0,False
2403,仙人刺女皇再次开始清算针的数量……,57,33,0,0,False
2404,封锁解除了……,57,33,0,0,False
2405,魔导结界解除了……,57,33,0,0,False
2406,移动到了低层……,57,33,0,0,False
2407,移动到了中层……,57,33,0,0,False
2408,移动到了高层……,57,33,0,0,False
2409,24998、24999、25000！,57,33,0,0,False
2410,49998、49999、50000！,57,33,0,0,False
2411,74998、74999、75000！,57,33,0,0,False
2412,仙人刺女皇忘掉了清算过的数量……,57,33,0,0,False
2413,,0,0,0,0,False
2414,,0,0,0,0,False
2415,,0,0,0,0,False
2416,,0,0,0,0,False
2417,,0,0,0,0,False
2418,,0,0,0,0,False
2419,,0,0,0,0,False
2420,看来需要特殊的钥匙才能打开门锁。,57,33,0,0,False
2421,克拉肯即将用腕足卷起狂风！,57,33,0,0,False
2422,克拉肯失去了腕足，无法生效！,57,33,0,0,False
2423,没有锁链无法束缚刻耳柏洛斯！,57,33,0,0,False
2424,无法束缚发狂的刻耳柏洛斯！,57,33,0,0,False
2425,刻耳柏洛斯挣脱了锁链的束缚！,57,33,0,0,False
2426,用锁链束缚住了刻耳柏洛斯！,57,33,0,0,False
2427,刻耳柏洛斯将冒险者吞掉了！,57,33,0,0,False
2428,刻耳柏洛斯由于内脏受到了攻击变得安分了下来……,57,33,0,0,False
2429,刻耳柏洛斯的食欲好像得到了满足……,57,33,0,0,False
2430,自身附带的强化及弱化效果的时间变成了UNKNOWN倍。,57,33,0,0,False
2431,魔导炮艇发动了急袭！,57,33,0,0,False
2432,魔导炮艇撤退了……,57,33,0,0,False
2433,禁忌之门即将开启！,57,33,0,0,False
2434,五头巨龙的龙头又长了出来……,57,33,0,0,False
2435,烈火龙头与寒冰龙头做出了激烈的反应！,57,33,0,0,False
2436,雷电龙头与剧毒龙头做出了激烈的反应！,57,33,0,0,False
2437,五头巨龙深吸了一口气！,57,33,0,0,False
2438,距离碾压还有 150 秒！,57,33,0,0,False
2439,距离碾压还有 90 秒！,57,33,0,0,False
2440,距离碾压还有 30 秒！,57,33,0,0,False
2441,距离碾压还有 10 秒！,57,33,0,0,False
2442,距离碾压还有 5 秒！,57,33,0,0,False
2443,莫拉加加设下了光鳞战斗团的战旗！,57,33,0,0,False
2444,莫拉加加设下了祭器！,57,33,0,0,False
2445,目标在拘束魔器的射程之外。,57,33,0,0,False
2446,将以太分配给了！,57,33,0,0,False
2447,体力完全恢复！死亡宣告解除！,57,1,0,0,False
2448,以太从云之祭坛中喷了出来！,57,33,0,0,False
2449,附近还有魔物的气息……,57,33,0,0,False
2450,魔物的气息消失了！,57,33,0,0,False
2451,结界消失了！,57,33,0,0,False
2452,移动到了最上层……,57,33,0,0,False
2453,移动到了最下层……,57,33,0,0,False
2454,看来需要特殊的钥匙才能打开门锁。,57,33,0,0,False
2455,打开了阅兵会场的门！,57,33,0,0,False
2456,打开了骑兵驻所的门！,57,33,0,0,False
2457,打开了作战会议室的门！,57,33,0,0,False
2458,好像能献上什么东西……,57,33,0,0,False
2459,附近开始落雷了！,57,33,0,0,False
2460,,0,0,0,0,False
2461,附近开始落雷了！,57,33,0,0,False
2462,,0,0,0,0,False
2463,龙族飞过来了！,57,33,0,0,False
2464,,0,0,0,0,False
2465,龙族醒了！,57,33,0,0,False
2466,龙族飞过来了！,57,33,0,0,False
2467,,0,0,0,0,False
2468,,0,0,0,0,False
2469,,0,0,0,0,False
2470,,0,0,0,0,False
2471,,0,0,0,0,False
2472,,0,0,0,0,False
2473,,0,0,0,0,False
2474,,0,0,0,0,False
2475,,0,0,0,0,False
2476,,0,0,0,0,False
2477,,0,0,0,0,False
2478,,0,0,0,0,False
2479,,0,0,0,0,False
2480,,0,0,0,0,False
2481,残骸倒塌了……,57,33,0,0,False
2482,打开了圣冈里奥尔礼拜堂的门！,57,33,0,0,False
2483,装置上着锁……,57,33,0,0,False
2484,装置的锁解除了！,57,33,0,0,False
2485,弥诺陶洛斯嗅到了诱饵的气味。,57,33,0,0,False
2486,新的道路出现了……,57,33,0,0,False
2487,有什么东西从合成兽培养器中跑出来了！,57,33,0,0,False
2488,增强现实开始了！,57,33,0,0,False
2489,黛紫防御系统停止了……,57,33,0,0,False
2490,翠绿防御系统停止了……,57,33,0,0,False
2491,绯红防御系统停止了……,57,33,0,0,False
2492,永世珍本的封印解除了！,57,33,0,0,False
2493,禁书的记载为比布鲁斯提供力量！,57,33,0,0,False
2494,圆桌骑士的战意提高了！,57,33,0,0,False
2495,圆桌骑士的战意减弱了！,57,33,0,0,False
2496,冷气散去，冰融化了……,57,33,0,0,False
2497,亚拉戈传送装置启动了。,57,33,0,0,False
2498,俾斯麦开始打颤……,57,33,0,0,False
2499,对龙弩炮准备完毕了！,57,33,0,0,False
2500,封印在永世珍本中的妖异出现了！,57,33,0,0,False
2501,移动到了南坡……,57,33,0,0,False
2502,移动到了灵脉……,57,33,0,0,False
2503,移动到了不义山路……,57,33,0,0,False
2504,移动到了机械兵器研究所……,57,33,0,0,False
2505,移动到了生物兵器研究所……,57,33,0,0,False
2506,移动到了升降机……,57,33,0,0,False
2507,移动到了三斗神制御区……,57,33,0,0,False
2508,鲸油点燃的火焰灼烧了比布鲁斯！,57,33,0,0,False
2509,奴涅努克怪鸟躲入了云间……,57,33,0,0,False
2510,奴涅努克之影被驱散，奴涅努克飞回来了！,57,33,0,0,False
2511,奴涅努克之影攻过来了！,57,33,0,0,False
2512,绝望的深渊中，响彻着不死鸟的呼唤声！,57,33,0,0,False
2513,它得到了过于强大的力量！,57,33,0,0,False
2514,冥狱产生的虫洞开始将冒险者吸入……,57,1025,0,0,False
2515,距离强制隔离区域的封闭还有20秒……,57,33,0,0,False
2516,招雷巨蛇在积攒风之力……,57,33,0,0,False
2517,招雷巨蛇披上了旋风！,57,33,0,0,False
2518,神域龙卷出现了！,57,33,0,0,False
2519,距离强制隔离区域的封闭还有10秒……,57,33,0,0,False
2520,距离强制隔离区域的封闭还有5秒……,57,33,0,0,False
2521,移动到了内部庭园……,57,33,0,0,False
2522,移动到了冰天宫……,57,33,0,0,False
2523,带有魔力的奴涅努克之羽飞散开了！,57,33,0,0,False
2524,琅妲巫龙的叫声会唤来灾厄之雷！,57,33,0,0,False
2525,上古雕像被落雷劈碎了……,57,33,0,0,False
2526,芥末弹怪吸收毒气变大了！,57,33,0,0,False
2527,尼德霍格开始吸气了！,57,33,0,0,False
2528,无法发射对龙弩炮了……,57,33,0,0,False
2529,恶魔书墙开始积蓄魔力……,57,33,0,0,False
2530,捕食了，弥诺陶洛斯的体力恢复了！,57,33,0,0,False
2531,魔导结界发生器受到了冲击暂时无法使用了……,57,33,0,0,False
2532,斗技场的围栏被破坏了！,57,33,0,0,False
2533,格亚斯库图斯沐浴毒气后变强了！,57,33,0,0,False
2534,俾斯麦操纵云层改变了天气！,57,33,0,0,False
2535,罗波那点燃斗志获得了火之加护！,57,33,0,0,False
2536,操作杆折断了无法操作……,57,33,0,0,False
2537,移动到了船舱……,57,33,0,0,False
2538,移动到了上甲板……,57,33,0,0,False
2539,移动到了船首楼……,57,33,0,0,False
2540,削除（DUNGEON_Z2R1_MSG_01）を使用してください,57,33,0,0,False
2541,魔路开启了！,57,33,0,0,False
2542,魔路尚未开启……,57,33,0,0,False
2543,需要特殊的钥匙。,57,33,0,0,False
2544,偏属性水晶崩塌，道路出现了……,57,33,0,0,False
2545,偏属性水晶崩塌，道路出现了……,57,33,0,0,False
2546,发生爆炸，道路出现了……,57,33,0,0,False
2547,破坏了！,57,33,0,0,False
2548,发生爆炸，道路出现了……,57,33,0,0,False
2549,开始运作了！,57,33,0,0,False
2550,吸收生体以太改变了形态！,57,33,0,0,False
2551,以太管道被破坏，喷出了偏属性以太！,57,33,0,0,False
2552,偏属性以太变成了！,57,33,0,0,False
2553,的尸骸堵住了以太管道的洞……,57,33,0,0,False
2554,的尸骸消失，偏属性以太喷了出来！,57,33,0,0,False
2555,天柱树吸收养分进行了成长！,57,33,0,0,False
2556,锯齿花捕食了冒险者！,57,33,0,0,False
2557,周围的空气变得浑浊了……,57,33,0,0,False
2558,新的道路出现了……,57,33,0,0,False
2559,愤怒的杀人蜂出现了！,57,33,0,0,False
2560,又有杀人蜂出现了！,57,33,0,0,False
2561,,0,0,0,0,False
2562,蜂蜡墙粉碎了……,57,33,0,0,False
2563,新的道路出现了……,57,33,0,0,False
2564,杀人蜂护卫出现了！,57,33,0,0,False
2565,球茎开始蠕动！,57,33,0,0,False
2566,附近的空气被净化了！,57,33,0,0,False
2567,电力泄漏了……,57,33,0,0,False
2568,电力的泄漏停止了！,57,33,0,0,False
2569,附近的空气开始变得浑浊……,57,33,0,0,False
2570,妖毒浓度变高了……,57,33,0,0,False
2571,灯塔的门打开了！,57,33,0,0,False
2572,3526号门打开了！,57,33,0,0,False
2573,3524号门打开了！,57,33,0,0,False
2574,"和“乱风脉泉”进行了共鸣。
云冠群岛的风以太流总是改变，
每次造访都需要重新共鸣。",57,65,0,0,False
2575,接触乱风脉泉，理解了附近的风以太流！,57,33,0,0,False
2576,已在此处乱风脉泉进行过共鸣……,57,33,0,0,False
2577,"和乱风脉泉进行了共鸣！
可以暂时在云冠群岛飞行了！",57,65,0,0,False
2578,白光水晶散发的光芒很微弱……,57,33,0,0,False
2579,白光水晶散发出了温暖的光芒！,57,33,0,0,False
2580,黑暗水晶中并没有多少黑暗……,57,33,0,0,False
2581,出现了！,57,33,0,0,False
2582,Firstname Lastname发现了黄金宝箱！,57,33,0,0,False
2583,Firstname Lastname发现了白银宝箱！,57,33,0,0,False
2584,Firstname Lastname发现了青铜宝箱！,57,33,0,0,False
2585,战胜了！在附近发现了黄金宝箱！,57,33,0,0,False
2586,战胜了！在附近发现了白银宝箱！,57,33,0,0,False
2587,战胜了！在附近发现了青铜宝箱！,57,33,0,0,False
2588,陷阱发动，散发出了吸引魔物的气味！,57,33,0,0,False
2589,达成了目标“打倒”！,57,33,0,0,False
2590,达成了目标“探索埋藏的宝箱”！,57,33,0,0,False
2591,达成了目标“发现白银宝箱”！,57,33,0,0,False
2592,达成了目标“发现青铜宝箱”！,57,33,0,0,False
2593,达成了目标“探索白光水晶”！,57,33,0,0,False
2594,达成了目标“探索黑暗水晶”！,57,33,0,0,False
2595,达成了目标“通过采掘或碎石获得道具”！,57,33,0,0,False
2596,达成了目标“通过采伐或割草获得道具”！,57,33,0,0,False
2597,达成了目标“通过垂钓获得道具”！,57,33,0,0,False
2598,感觉到了杀气！有什么出现了！,57,33,0,0,False
2599,隐约有种不安的感觉……,57,33,0,0,False
2600,稍微有种不安的感觉……,57,33,0,0,False
2601,地面上装置的电力充满了！,57,33,0,0,False
2602,粉碎，新的敌人出现了！,57,33,0,0,False
2603,不知哪里有种不安的感觉……,57,33,0,0,False
2604,切实有种不安的感觉……,57,33,0,0,False
2605,明显有种不安的感觉！调查附近可以找到其源头！,57,65,0,0,False
2606,没有必要道具，已被强制退出任务。,57,33,0,0,False
2607,,0,0,0,0,False
2608,Firstname Lastname什么都没有发现……,57,33,0,0,False
2609,限制时间已到，“UNKNOWN”任务结束。,57,33,0,0,False
2610,魔神的气息在激烈摇动！,57,33,0,0,False
2611,新的道路出现了……,57,33,0,0,False
2612,格雷姆林打开了门……,57,33,0,0,False
2613,进入封魔洞……,57,33,0,0,False
2614,返回腐坏的街道……,57,33,0,0,False
2615,传送石冢启动了！,57,33,0,0,False
2616,石像动了起来，变成了！,57,33,0,0,False
2617,向四周撒出了幻惑鳞粉！,57,33,0,0,False
2618,向四周撒出了毒素鳞粉！,57,33,0,0,False
2619,向四周撒出了魅惑鳞粉！,57,33,0,0,False
2620,地面浮现出了魔法的痕迹！,57,33,0,0,False
2621,魔法的痕迹在逐渐扩大！,57,33,0,0,False
2622,咏唱了神圣！,57,33,0,0,False
2623,四周回响起智蛙们的歌声！,57,33,0,0,False
2624,瑞吉锁定了攻击目标！,57,33,0,0,False
2625,人偶们合体了！,57,33,0,0,False
2626,变成人偶～吧！,57,33,0,0,False
2627,卡尔克布莉娜摆出了防御体势！,57,33,0,0,False
2628,距离危急时刻还有30秒……,57,33,0,0,False
2629,危急时刻开始！,57,33,0,0,False
2630,危急时刻的效果上升！,57,33,0,0,False
2631,距离危急时刻结束还有10秒……,57,33,0,0,False
2632,危急时刻结束！,57,33,0,0,False
2633,利爪队的Firstname Lastname捡到了攻击道具包！,57,1,0,0,False
2634,利爪队的Firstname Lastname捡到了防御道具包！,57,1,0,0,False
2635,利爪队的Firstname Lastname捡到了医疗道具包！,57,1,0,0,False
2636,利爪队的Firstname Lastname捡到了奋战道具包！,57,1,0,0,False
2637,利爪队的Firstname Lastname获得了UNKNOWN枚战章！,57,1,0,0,False
2638,利爪队的Firstname Lastname掉落了UNKNOWN枚战章……,57,1,0,0,False
2639,利爪队的Firstname Lastname回收了UNKNOWN枚战章！,57,1,0,0,False
2640,移动到了最上下层……,57,513,0,0,False
2641,移动到了最下上层……,57,33,0,0,False
2642,利爪队的Firstname Lastname因为离开了战场，掉落了UNKNOWN枚战章……,57,1,0,0,False
2643,升格为了！,57,1,0,0,False
2644,升格战开始了！,57,1,0,0,False
2645,升格失败……,57,1,0,0,False
2646,降格为了……,57,1,0,0,False
2647,感觉到了仿佛被灼烧一般的酷热……,57,33,0,0,False
2648,感觉到了一阵猛烈的窒息感……,57,33,0,0,False
2649,感觉到了仿佛要结冰般的严寒……,57,33,0,0,False
2650,有毒气体正从地面的洞口喷出，必须得尽快堵住……,57,33,0,0,False
2651,当前区域无法使用该道具。,60,8,0,0,False
2652,启动了，冰块变得脆弱了！,57,33,0,0,False
2653,被破坏了！,57,33,0,0,False
2654,(仮)探索任務『UNKNOWN』を開始した！,57,33,0,0,False
2655,(仮)探索任務第一段階の周辺探索をコンプリートした！,57,33,0,0,False
2656,三方各有UNKNOWN小队参战，冰封的石文的出现情况已调整。,57,33,0,0,False
2657,Firstname Lastname被判处死刑……,57,1,0,0,False
2658,移动到了静寂之殿……,57,33,0,0,False
2659,移动到了悔恨之殿……,57,33,0,0,False
2660,移动到了神谕祭坛……,57,33,0,0,False
2661,移动到了玛哈遗迹……,57,33,0,0,False
2662,移动到了金字塔底层……,57,33,0,0,False
2663,,0,0,0,0,False
2664,移动到了金字塔上层……,57,33,0,0,False
2665,移动到了金字塔顶层……,57,33,0,0,False
2666,阿剌克涅的巢穴开了个洞！,57,33,0,0,False
2667,阿剌克涅巢穴的洞被堵上了……,57,33,0,0,False
2668,奥兹玛将冒险者吞掉了！,57,33,0,0,False
2669,距离末日审判降临还有 20秒！,57,33,0,0,False
2670,距离末日审判降临还有 10秒！,57,33,0,0,False
2671,新的道路出现了……,57,33,0,0,False
2672,新的道路出现了……,57,33,0,0,False
2673,罗丝温发出了号令……,57,33,0,0,False
2674,尤弥尔的魔力冻结了地面……,57,33,0,0,False
2675,宝箱出现了！,57,33,0,0,False
2676,魔法障壁装置启动了！,57,33,0,0,False
2677,卡洛菲斯提莉的魔发完成了变异……,57,33,0,0,False
2678,卡洛菲斯提莉的魔发散开了……,57,33,0,0,False
2679,卡洛菲斯提莉的魔发扎根在地面上……,57,33,0,0,False
2680,卡洛菲斯提莉正在从水晶中获得魔力……,57,33,0,0,False
2681,解开了第UNKNOWN个蛛丝结扣！,57,33,0,0,False
2682,解开了所有蛛丝结扣！,57,33,0,0,False
2683,距离填充魔力完毕还有 30秒！,57,33,0,0,False
2684,距离填充魔力完毕还有 10秒！,57,33,0,0,False
2685,虚空火炎出现了！,57,33,0,0,False
2686,**黑涡团** +UNKNOWN **双蛇党** +UNKNOWN **恒辉队** +UNKNOWN,57,16,0,0,False
2687,黑涡团 +UNKNOWN 双蛇党 +UNKNOWN 恒辉队 +UNKNOWN,57,1,0,0,False
2688,新的道路出现了……,57,33,0,0,False
2689,吊桥升上去了……,57,33,0,0,False
2690,吊桥降下来了，新的道路出现了！,57,33,0,0,False
2691,没有火种，无法点亮南瓜灯……,57,33,0,0,False
2692,进入了决斗区。,57,1,0,0,False
2693,离开了决斗区。,57,1,0,0,False
2694,,0,0,0,0,False
2695,,0,0,0,0,False
2696,,0,0,0,0,False
2697,,0,0,0,0,False
2698,,0,0,0,0,False
2699,,0,0,0,0,False
2700,,0,0,0,0,False
2701,需要用到起风珠……,57,33,0,0,False
2702,生成了一股旋风，新的道路出现了！,57,33,0,0,False
2703,移动到了再生处理室……,57,33,0,0,False
2704,已经启动了……,57,33,0,0,False
2705,将以太传输给了阿莉塞！,57,33,0,0,False
2706,以太积满了，可以传输给阿莉塞了！,57,33,0,0,False
2707,移动到了科学万能处刑场……,57,33,0,0,False
2708,经动力发生器供给能量后再次启动了……,57,33,0,0,False
2709,Firstname Lastname打开了宝箱！,57,16,0,0,False
2710,Firstname Lastname打开了金库！,57,16,0,0,False
2711,Firstname Lastname站到了魔法阵上！,57,16,0,0,False
2712,Firstname Lastname点亮了杰克南瓜灯！,57,16,0,0,False
2713,Firstname Lastname从金篮子里获得了5块饼干！,57,16,0,0,False
2714,Firstname Lastname从银篮子里获得了3块饼干！,57,16,0,0,False
2715,Firstname Lastname从铜篮子里获得了1块饼干！,57,16,0,0,False
2716,Firstname Lastname打开了惊吓箱！,57,16,0,0,False
2717,Firstname Lastname找到了捣乱小魔精！,57,16,0,0,False
2718,Firstname Lastname获得了微弱的火种！,57,16,0,0,False
2719,Firstname Lastname获得了5个识破变身用烟雾弹！,57,16,0,0,False
2720,Firstname Lastname获得了隐身护身符，得到了隐身的效果！,57,16,0,0,False
2721,风之书掉落下来了……,57,33,0,0,False
2722,移动到了最上层……,57,33,0,0,False
2723,移动到了中层……,57,33,0,0,False
2724,暗之战士发动了超越之力！,57,33,0,0,False
2725,保持了罪与罚的平衡……,57,33,0,0,False
2726,神圣审判即将降临……,57,33,0,0,False
2727,再次生成战斗空间……转移到第2模式……,57,33,0,0,False
2728,突破极限，准备抵御神圣审判！,57,33,0,0,False
2729,强制启动排热装置……转移到第3模式……,57,33,0,0,False
2730,再次生成战斗空间……转移到最终模式……,57,33,0,0,False
2731,鸟人风格的门打开了！,57,33,0,0,False
2732,再次向阿莉塞传输了以太！,57,33,0,0,False
2733,阿莉塞那里聚集了足够多的以太！,57,33,0,0,False
2734,以太正在向暗之巫师那里聚集……,57,33,0,0,False
2735,Firstname Lastname扔出了烟雾弹，然而发现了错误的宝箱……,57,16,0,0,False
2736,Firstname Lastname扔出了烟雾弹，发现了正确的宝箱！,57,16,0,0,False
2737,被奇妙的鬼怪发现了，丧失了心智值……,57,16,0,0,False
2738,需要使用识破变身用烟雾弹才能打开……,57,16,0,0,False
2739,选中南瓜形金库，在“说话”频道下说出密码！,57,16,0,0,False
2740,打开了错误的惊吓箱，丧失了心智值……,57,16,0,0,False
2741,密码错误，丧失了心智值……,57,16,0,0,False
2742,获得了识破变身用烟雾弹！,57,16,0,0,False
2743,隔离墙打开了，新的道路出现了！,57,33,0,0,False
2744,移动到了长城胸墙……,57,33,0,0,False
2745,利爪队的Firstname Lastname捡到了狼心包！,57,1,0,0,False
2746,移动到了城塞内部……,57,33,0,0,False
2747,影之力正在向地面聚集……,57,33,0,0,False
2748,进入加时阶段！,57,1,0,0,False
2749,移动到了长城兵器库……,57,33,0,0,False
2750,移动到了城塞屋顶……,57,33,0,0,False
2751,成功进行了传送……,57,33,0,0,False
2752,虚无结晶开始散发出诡异的光辉……,57,33,0,0,False
2753,移动到了不义山路……,57,33,0,0,False
2754,移动到了灵脉……,57,33,0,0,False
2755,移动到了灵心……,57,33,0,0,False
2756,魔导死神弹药用尽……,57,33,0,0,False
2757,暗影晶球出现了！,57,33,0,0,False
2758,(仮)探索任務第一段階の目的をコンプリートした！,57,33,0,0,False
2759,(仮)探索任務第一段階をコンプリートした！,57,33,0,0,False
2760,(仮)探索任務第二段階の周辺探索をコンプリートした！,57,33,0,0,False
2761,"请达成“探索任务”。
具体内容可参照目的列表。",57,65,0,0,False
2762,"请达成“活动评价”。
参加危命任务可提升活动评价。",57,65,0,0,False
2763,紧急任务出现中，副本时限延长15分钟（地球时间）。,57,33,0,0,False
2764,封印石受损，妖兽王的妖气浮现而出……,57,65,0,0,False
2765,封印石受损，妖兽王正在醒来……,57,65,0,0,False
2766,封印石受损，妖兽王即将完全苏醒……,57,65,0,0,False
2767,正在攻略紧急任务，无法将职业切换至能工巧匠、大地使者、未满60级的战斗职业。,57,33,0,0,False
2768,紧急任务出现，副本时限延长15分钟（地球时间）！,57,1,0,0,False
2769,妖兽王即将破封印而出，魔导通路启动！,57,33,0,0,False
2770,能工巧匠、大地使者、未满60级的战斗职业无法参加紧急任务。,57,33,0,0,False
2771,"开始攻略紧急任务。
无法战斗时的返回点变更到漂流遗迹内部。",57,65,0,0,False
2772,距离紧急任务结束还有UNKNOWN分钟。,57,33,0,0,False
2773,限制时间已到，紧急任务结束。,57,1,0,0,False
2774,结束了紧急任务的攻略。,57,1,0,0,False
2775,个人报酬作为任务的报酬出现了，请注意拾取。,57,65,0,0,False
2776,达成探索任务后可使用以太洞。,57,33,0,0,False
2777,幻影螺壳发动了幻影投射！,57,33,0,0,False
2778,幻影螺壳缺少以太……,57,33,0,0,False
2779,"冰属性增幅水晶破碎了！
妖兽王布埃尔获得的魔力供给下降！",57,65,0,0,False
2780,"风属性增幅水晶破碎了！
妖兽王布埃尔获得的魔力供给下降！",57,65,0,0,False
2781,"雷属性增幅水晶破碎了！
妖兽王布埃尔获得的魔力供给下降！",57,65,0,0,False
2782,妖兽王布埃尔破除封印，令周围的魔兽变强了！,57,33,0,0,False
2783,"属性增幅水晶全部破碎！
妖兽王布埃尔失去了魔力供给！",57,65,0,0,False
2784,妖兽王布埃尔破除封印，令周围的魔兽变强了！,57,33,0,0,False
2785,玛哈魔纹已激活，妖兽王布埃尔的力量受到了压制！,57,65,0,0,False
2786,大门打开了，新的道路出现了！,57,33,0,0,False
2787,虚无元精出现了！,57,33,0,0,False
2788,的火属性耐性下降了……,57,33,0,0,False
2789,的水属性耐性下降了……,57,33,0,0,False
2790,集齐了属性之力，敌人的攻击减弱了！,57,33,0,0,False
2791,被打上的刻印变成了无尽痛苦刻印……,57,33,0,0,False
2792,被打上的刻印变成了无尽痛苦刻印……,57,33,0,0,False
2793,被打上的刻印因冰炎之纹消失了！,57,33,0,0,False
2794,苔藓崩落，新的道路出现了！,57,33,0,0,False
2795,移动到了星导山山顶……,57,513,0,0,False
2796,移动到了星导山山间……,57,513,0,0,False
2797,危险解除了……,57,33,0,0,False
2798,至尊巴哈姆特由内而外散发出狂暴的气息！,57,33,0,0,False
2799,神龙准备创造凶星……,57,33,0,0,False
2800,距离原恒星发动还有6秒！,57,33,0,0,False
2801,距离原恒星发动还有3秒！,57,33,0,0,False
2802,神龙的核心复原了……,57,33,0,0,False
2803,神龙想要修复核心……,57,33,0,0,False
2804,神龙的以太即将抵达临界点……,57,33,0,0,False
2805,神龙准备解放水属性以太……,57,33,0,0,False
2806,神龙准备解放火属性以太……,57,33,0,0,False
2807,神龙准备解放雷属性以太……,57,33,0,0,False
2808,神龙准备解放冰属性以太……,57,33,0,0,False
2809,神龙准备解放土属性以太……,57,33,0,0,False
2810,神龙准备解放风属性以太……,57,33,0,0,False
2811,左翼开始发光……,57,33,0,0,False
2812,右翼开始发光……,57,33,0,0,False
2813,未能通过巴儿达木的试炼……,57,33,0,0,False
2814,,57,33,0,0,False
2815,,57,33,0,0,False
2816,,57,33,0,0,False
2817,距离契约成立还有5秒……,57,33,0,0,False
2818,距离完成仪式还有20秒……,57,33,0,0,False
2819,距离完成仪式还有10秒……,57,33,0,0,False
2820,距离完成仪式还有5秒……,57,33,0,0,False
2821,没能阻止仪式……,57,33,0,0,False
2822,间歇泉快要喷发了……,57,33,0,0,False
2823,大型货箱开始移动了……,57,33,0,0,False
2824,炼狱炎魔的右臂“罗睺”强化了……,57,33,0,0,False
2825,炼狱炎魔的左臂“计都”强化了……,57,33,0,0,False
2826,切网虾蛄站起来开始蓄力……,57,33,0,0,False
2827,被粘液封锁了行动……,57,33,0,0,False
2828,切发龙虾出现了……,57,33,0,0,False
2829,碰触奇怪的烟雾后，变成了老人的样子！,57,33,0,0,False
2830,紫水妖妃藏了起来……,57,33,0,0,False
2831,祸泡出现了……,57,33,0,0,False
2832,祸泡破裂了……,57,33,0,0,False
2833,紫水妖妃的眷属出现了……,57,33,0,0,False
2834,移动到了本丸……,57,513,0,0,False
2835,移动到了二之丸……,57,513,0,0,False
2836,元气开始燃烧！,57,33,0,0,False
2837,元气消失了……,57,33,0,0,False
2838,出现了！,57,33,0,0,False
2839,打倒了！,57,33,0,0,False
2840,43式小迫击炮可以使用了！,57,33,0,0,False
2841,サドゥの「ナーマの流星」発動まで　45　秒！,57,33,0,0,False
2842,距离纱都招来“娜玛流星”还有30秒！,57,33,0,0,False
2843,距离纱都招来“娜玛流星”还有15秒！,57,33,0,0,False
2844,极限槽被清零了……,57,33,0,0,False
2845,无将艾克斯迪司吞噬！,57,33,0,0,False
2846,对神龙造成了UNKNOWN点伤害！,57,33,0,0,False
2847,障碍物消失，可以继续前进了。,57,33,0,0,False
2848,被次元裂缝吸进去了！,57,513,0,0,False
2849,这场战斗中可以通过燃烧事前淋浴的元气防住特定的攻击。,57,33,0,0,False
2850,43式小迫击炮坏掉了……,57,33,0,0,False
2851,"此次战斗中可以使用任务指令“反重力装置”。
使用该指令可以控制重力并令自己浮在空中。",57,65,0,0,False
2852,灾变者改变了重力！,57,33,0,0,False
2853,宇宙的规律将被破坏！！,57,33,0,0,False
2854,地下的能量开始向某处集中……,57,33,0,0,False
2855,要被次元裂缝吸进去了……,57,33,0,0,False
2856,灾变者放出了触手！,57,33,0,0,False
2857,触手对地下的能量产生了反应……,57,33,0,0,False
2858,吸取了以太，元气的可用次数增加了！,57,33,0,0,False
2859,在试炼中失误两次，受到了惩罚……,57,33,0,0,False
2860,移动到了阿拉米格王宫……,57,513,0,0,False
2861,移动到了阿拉米格人居住区……,57,513,0,0,False
2862,保护**猎隼阵营**的魔导结界消失了！,57,33,0,0,False
2863,众神之像中充满了力量！,57,33,0,0,False
2864,劳动齿轮出现了！,57,33,0,0,False
2865,**猎隼阵营**的严重损坏！,57,33,0,0,False
2866,**猎隼阵营**占领了！,57,33,0,0,False
2867,变为中立状态！,57,33,0,0,False
2868,的占领状态刚发生转变，暂时无法占领。,57,33,0,0,False
2869,このは、既に**チーム・ファルコン**によって占拠されています。,57,33,0,0,False
2870,Firstname Lastname回收了UNKNOWN点青磷水！,57,33,0,0,False
2871,当前状态下无法完成该操作。,57,33,0,0,False
2872,沙球出现了！,57,33,0,0,False
2873,**猎隼阵营**启动了！,57,33,0,0,False
2874,传送水晶开始散发光辉！,57,33,0,0,False
2875,传送水晶没有发光……,57,33,0,0,False
2876,对神龙造成了UNKNOWN点伤害！,57,33,0,0,False
2877,距离神龙拔出尾巴还有10秒！,57,33,0,0,False
2878,距离神龙拔出尾巴还有5秒！,57,33,0,0,False
2879,被冰封柱的魔力变成了雪人……,57,33,0,0,False
2880,移动到了加兰赛兹水路……,57,513,0,0,False
2881,对神龙造成了UNKNOWN点伤害！,57,33,0,0,False
2882,对神龙造成了UNKNOWN点伤害！,57,33,0,0,False
2883,毒素侵蚀了身体，呼吸变得有些困难……,57,33,0,0,False
2884,毒素侵蚀了身体，呼吸变得十分困难……,57,33,0,0,False
2885,神授予了你“持续行动”的启示！,57,33,0,0,False
2886,神授予了你“不可直视”的启示！,57,33,0,0,False
2887,水路的机关发动，道路出现了！,57,33,0,0,False
2888,**チーム・ファルコン**のアライアンスUNKNOWNがハイテンションになった！,57,33,0,0,False
2889,**チーム・ファルコン**のハイテンション状態のアライアンスUNKNOWNが撃破された！,57,33,0,0,False
2890,**チーム・ファルコン**のアライアンスUNKNOWNが超ハイテンションになった！,57,33,0,0,False
2891,**チーム・ファルコン**の超ハイテンション状態のアライアンスUNKNOWNが撃破された！,57,33,0,0,False
2892,直言不讳赫罗德里克举起了胳膊！,57,513,0,0,False
2893,直言不讳赫罗德里克翘起了尾巴！ ,57,513,0,0,False
2894,可能有什么东西要落下来了……,57,513,0,0,False
2895,开始刮起狂风！,57,513,0,0,False
2896,狂风席卷而来！,57,513,0,0,False
2897,心缘之力开始变弱了……,57,17,0,0,False
2898,心缘之力逐渐变弱了……,57,17,0,0,False
2899,心缘之力变得更弱了……,57,17,0,0,False
2900,心缘之力快要见底了……,57,17,0,0,False
2901,正在积蓄力量……,57,33,0,0,False
2902,「金の針」が色で満たされ、実体化した！,57,513,0,0,False
2903,填满颜色的岩石化为了实体！,57,513,0,0,False
2904,填满颜色的提丰化为了实体！,57,513,0,0,False
2905,填满颜色的塞壬化为了实体！,57,513,0,0,False
2906,填满颜色的瀑布化为了实体！,57,513,0,0,False
2907,注意躲避下方的攻击！,57,513,0,0,False
2908,只能选择一张卡片！,60,32,0,0,False
2909,已选择过该卡片。,60,32,0,0,False
2910,没有反应……,57,33,0,0,False
2911,移动到了客车上……,57,513,0,0,False
2912,移动到了货车上……,57,513,0,0,False
2913,对魔列车造成了UNKNOWN点伤害！,57,33,0,0,False
2914,感觉到了一阵猛烈的窒息感……,57,33,0,0,False
2915,填满颜色的空军装甲化为了实体！,57,513,0,0,False
2916,阿尔法取出了一张卡片！,57,33,0,0,False
2917,未满足必要人数，已被强制退出任务。,57,513,0,0,False
2918,由地脉、风脉、水脉之力形成的结界……,57,513,0,0,False
2919,水脉之间充满了力量！,57,1,0,0,False
2920,地脉之间充满了力量！,57,1,0,0,False
2921,风脉之间充满了力量！,57,1,0,0,False
2922,水脉之力消失了！,57,513,0,0,False
2923,地脉之力消失了！,57,513,0,0,False
2924,风脉之力消失了！,57,513,0,0,False
2925,解除了龙脉结界！,57,513,0,0,False
2926,启动了风水转魂塔！,57,1,0,0,False
2927,打倒了赛太岁，水脉的紊乱消失了！,57,1,0,0,False
2928,启动了风水转魂塔！,57,1,0,0,False
2929,打倒了赛太岁，风脉的紊乱消失了！,57,1,0,0,False
2930,风水之力使幻水湖出现了……,57,513,0,0,False
2931,幻水湖的面积增加了……,57,513,0,0,False
2932,幻水湖的面积再次增加了……,57,513,0,0,False
2933,"此次战斗可以使用由艾露猫提供的“回复药G”这一任务指令。
请注意使用次数限制，善加利用。",57,65,0,0,False
2934,由于生活环境遭到破坏，野生的魔物们聚集了过来！,57,513,0,0,False
2935,在火龙的影响下，体力恢复受到了阻碍！,57,513,0,0,False
2936,身体开始沉入幻水湖……,57,513,0,0,False
2937,可以在火龙的尸体上剥取材料了！,57,33,0,0,False
2938,已剥取完毕，无法再次剥取。,60,9,0,0,False
2939,,0,0,0,0,False
2940,周围的磁场开始发生变化……,57,33,0,0,False
2941,周围的磁场开始变得混乱……,57,33,0,0,False
2942,月读的痛苦加深了自身的怨念……,57,33,0,0,False
2943,被虫洞吞进去了……,57,513,0,0,False
2944,被妖力操纵的水块飞了过来！,57,513,0,0,False
2945,受到了月亮的魔力……,57,33,0,0,False
2946,鬼龙雅兹玛特露出了核心！,57,33,0,0,False
2947,对火龙造成了UNKNOWN点伤害！,57,33,0,0,False
2948,满月的魔力充盈着月读……,57,33,0,0,False
2949,新月的魔力烧灼着月读……,57,33,0,0,False
2950,一位冒险者受到魔法支援变成了莫古力！,57,33,0,0,False
2951,草木纲魔物闯入了进来！,57,33,0,0,False
2952,地面开始轻微摇晃……,57,33,0,0,False
2953,泥块沾到泥的话好像会越变越大……,57,33,0,0,False
2954,地板下的泥浆开始激烈地冒泡！,57,33,0,0,False
2955,尘世幻龙的魔力已经充满！,57,33,0,0,False
2956,"在本任务中队员陷入无法战斗状态后会自动复活。
但团灭或全队累计陷入无法战斗状态3次会导致狩猎失败。",57,33,0,0,False
2957,Firstname Lastname力竭了。,57,513,0,0,False
2958,尘世幻龙释放了自身的魔力！,57,33,0,0,False
2959,黑水晶出现了！,57,33,0,0,False
2960,朱雀的眷属在苏生的力量下复活了……,57,33,0,0,False
2961,朱雀眷属的体力得到了大幅的增加……,57,33,0,0,False
2962,狂暴的荒魂开始对地脉产生影响！,57,33,0,0,False
2963,踏上箭头，面朝指定的方向！,57,33,0,0,False
2964,次元的法则已经崩溃，开始侵蚀所有的事物！,57,33,0,0,False
2965,能量正在向视觉组汇集！,57,33,0,0,False
2966,尘世幻龙开始积攒魔力！,57,33,0,0,False
2967,尘世幻龙开始进一步积攒魔力！,57,33,0,0,False
2968,快恢复飞燕的体力！,57,33,0,0,False
2969,泥口花将魔物锁定为目标！,57,33,0,0,False
2970,"此次战斗中可以使用任务指令“欧米茄干扰器”。
使用该指令可以破坏欧米茄的追加兵装。",57,33,0,0,False
2971,突破极限，准备抵御三角攻击！,57,33,0,0,False
2972,接受记忆数据流，清除记忆污染！,57,33,0,0,False
2973,终结山脉使太阳神之鳞变得更硬了！,57,33,0,0,False
2974,按照飞燕的指示进行移动！,57,33,0,0,False
2975,姆斯塔迪奥看穿了你的弱点……,57,33,0,0,False
2976,姆斯塔迪奥正在寻找你的弱点……,57,33,0,0,False
2977,"此次战斗中
可以使用任务指令“位移破击”。
将其灵活运用在攻击与移动中吧。",57,33,0,0,False
2978,"看好时机配合诺克提斯使用“位移破击”，
进行“连锁攻击”吧！",57,33,0,0,False
2979,向石塔发动“位移破击”，与迦楼罗拉开距离！,57,33,0,0,False
2980,被异常空间所包覆，无法进行任何行动……,57,33,0,0,False
2981,圣盾的印章闪耀出了光芒！ 触碰印章后就可以使用任务指令“圣盾防御”了！,57,33,0,0,False
2982,圣剑的印章闪耀出了光芒！ 触碰印章后就可以使用任务指令“圣剑攻击”了！,57,33,0,0,False
2983,英雄开始前往前线……,57,33,0,0,False
2984,英雄还需要再花些时间才能到达……,57,33,0,0,False
2985,英雄马上就要到了……,57,33,0,0,False
2986,"“流石だ……なかなかやるじゃないかッ！
だが、このアビリティに耐えることができるかなッ！？”",57,1,0,0,False
2987,“ファイナルテスタメント！”,57,1,0,0,False
2988,"通过配合诺克提斯使用“位移破击”
发动了“连锁攻击”！",57,33,0,0,False
2989,原祖鲨出现了！,57,33,0,0,False
2990,正在积蓄力量……,57,33,0,0,False
2991,隆卡石像散发出了妖异的光辉！,57,33,0,0,False
2992,从洞窟内部传来了某种声音……,57,33,0,0,False
2993,从洞窟内部传来了某种像是叫声的声音……,57,33,0,0,False
2994,从洞窟内部再次传来了叫声……,57,33,0,0,False
2995,叫声的源头应该就在附近……,57,33,0,0,False
2996,沃斯里大王的祝福使敌方获得了光辉之环！,57,33,0,0,False
2997,光辉之环令魔力加速了……,57,33,0,0,False
2998,恢复的全部体力吧！,57,33,0,0,False
2999,在死亡宣告的影响下，力尽倒地了……,57,33,0,0,False
3000,周围的建筑物开始倒塌……,57,33,0,0,False
3001,解散部队手续办理失败。,60,9,0,0,False
3002,只有部队长有权解散部队。,60,8,0,0,False
3003,无法解散部队，部队中还有其他成员。,60,9,0,0,False
3004,追加阶级失败。,60,8,0,0,False
3005,追加阶级失败，阶级名称存在问题。,60,9,0,0,False
3006,任命阶级失败。,60,8,0,0,False
3007,没有获得“”的权限。,60,9,0,0,False
3008,没有获得“”的权限。,60,9,0,0,False
3009,阶级名称更改失败。,60,8,0,0,False
3010,更改阶级设置失败。,60,8,0,0,False
3011,删除阶级失败。,60,8,0,0,False
3012,更改阶级序列失败。,60,8,0,0,False
3013,除名队员手续办理失败。,60,8,0,0,False
3014,无法将部队长从部队中除名。,60,8,0,0,False
3015,除名队员手续办理失败，目标现在不是部队成员。,60,9,0,0,False
3016,除名队员手续办理失败。,60,9,0,0,False
3017,没有“”的权限。,60,9,0,0,False
3018,退出部队手续办理失败。,60,9,0,0,False
3019,部队长无法退出部队。,60,9,0,0,False
3020,退出部队手续办理失败，现在已不是部队成员。,60,9,0,0,False
3021,获得部队组建书失败。,60,9,0,0,False
3022,部队名称存在问题。,60,8,0,0,False
3023,提交部队组建书失败。,60,9,0,0,False
3024,组建费用不足。,60,9,0,0,False
3025,撤销部队组建书失败。,60,8,0,0,False
3026,部队招待失败。,60,8,0,0,False
3027,部队招待失败，没有找到目标。,60,9,0,0,False
3028,无法向目标发送部队招待。,60,8,0,0,False
3029,无法发送部队招待，目标已经加入了其他部队。,60,8,0,0,False
3030,无法发送部队招待，现在没有加入任何部队。,60,9,0,0,False
3031,没有“”的权限。,60,9,0,0,False
3032,已向目标发送过部队招待。,60,8,0,0,False
3033,无法发送部队招待，目标所收到的招待已经到达最大数量。,60,9,0,0,False
3034,无法发送部队招待，目标正处于“忙碌中”状态。,60,9,0,0,False
3035,无法做出回应，该部队招待无效。,60,9,0,0,False
3036,加入部队手续办理失败。,60,9,0,0,False
3037,无法发送部队招待，部队成员已满。,60,9,0,0,False
3038,无法发送署名请求，现在已收集到三人的署名。,60,9,0,0,False
3039,无法发送部队招待，目标处于黑名单中。,60,8,0,0,False
3040,部队组建书署名不足。,60,9,0,0,False
3041,成功获得部队组建书,57,33,0,0,False
3042,成功组建“”部队。,57,32,0,0,False
3043,部队消息：成功组建“”部队。,69,1,0,0,False
3044,向发出了组建部队的署名请求。,57,1,0,0,False
3045,向“”部队的组建书进行了署名。,57,1,0,0,False
3046,拒绝了向“”部队的组建书进行署名。,57,1,0,0,False
3047,取消了对组建部队进行署名。,57,1,0,0,False
3048,撤销了对组建的部队的署名。,57,1,0,0,False
3049,撤销了对部队组建书的署名。,57,1,0,0,False
3050,“”部队取消了发来的组建部队署名请求。,57,1,0,0,False
3051,部队名已被其他部队使用。,60,9,0,0,False
3052,当前职业为能工巧匠或大地使者，无法执行此操作。,60,9,0,0,False
3053,收到了“”部队发来的组建部队署名请求。,57,33,1,0,False
3054,向部队组建书进行了署名。,57,33,0,0,False
3055,拒绝了向部队组建书进行署名。,57,33,0,0,False
3056,取消了向部队组建书进行署名。,57,33,0,0,False
3057,撤销了需要署名的部队组建书。,57,33,1,0,False
3058,,0,0,0,0,False
3059,,0,0,0,0,False
3060,,0,0,0,0,False
3061,部队消息：成功组建“”部队。,69,1,0,0,False
3062,部队更名为“”。,69,1,0,0,False
3063,将部队更名为“”。,69,1,0,0,False
3064,在改变部队名后30日内无法再次进行变更。,60,9,0,0,False
3065,,0,0,0,0,False
3066,,0,0,0,0,False
3067,撤销了部队组建书。,57,33,1,0,False
3068,部队消息：将任命为“”。,69,1,0,0,False
3069,部队消息：将“”委任给了。,69,1,0,0,False
3070,部队消息：更改了阶级“”的设置。,69,1,0,0,False
3071,部队消息：追加了“”阶级。,69,1,0,0,False
3072,部队消息：删除了“”阶级。,69,1,0,0,False
3073,部队消息：更改了阶级的序列。,69,1,0,0,False
3074,部队消息：就任为“”。,69,1,0,0,False
3075,部队消息：就任为“”。,69,1,0,0,False
3076,部队消息：更改了阶级“”的设置。,69,1,0,0,False
3077,部队消息：追加了“”阶级。,69,1,0,0,False
3078,部队消息：删除了“”阶级。,69,1,0,0,False
3079,,0,0,0,0,False
3080,部队消息：阶级名称已改为“”。,69,1,0,0,False
3081,部队消息：部队公告更新。,69,1,0,0,False
3082,部队消息：部队留言更新。,69,1,0,0,False
3083,部队消息：更新了部队公告。,69,1,0,0,False
3084,部队消息：更新了部队留言。,69,1,0,0,False
3085,部队消息：部队成员上线了。,70,1,0,0,False
3086,部队消息：部队成员下线了。,70,1,0,0,False
3087,"部队消息：部队公告
“”",69,1,0,0,False
3088,部队消息：将阶级名称更改为“”。,69,1,0,0,False
3089,更新部队公告失败。,60,9,0,0,False
3090,没有获得“”的权限。,60,9,0,0,False
3091,更新部队公告失败，公告内容存在问题。,60,9,0,0,False
3092,委任部队长失败。,60,9,0,0,False
3093,委任部队长失败，只有部队长本人能够委任部队长。,60,9,0,0,False
3094,委任部队长失败，目标不是部队成员。,60,9,0,0,False
3095,委任部队长失败，目标加入部队的时长不足。,60,9,0,0,False
3096,部队简称中存在问题。,60,9,0,0,False
3097,部队名称请控制在7个字符之内。,60,9,0,0,False
3098,部队名称不可使用空格作开头和结尾。,60,9,0,0,False
3099,部队名称不可使用连续空格。,60,9,0,0,False
3100,部队名称不可使用连续下划线。,60,9,0,0,False
3101,部队名称中存在无法使用的文字。,60,9,0,0,False
3102,部队名称不可使用纯符号。,60,9,0,0,False
3103,部队名称中存在无法使用的字词。,60,9,0,0,False
3104,部队简称请控制在2个字符之内。,60,9,0,0,False
3105,部队简称不可使用空格作开头和结尾。,60,9,0,0,False
3106,部队简称不可使用连续空格。,60,9,0,0,False
3107,部队简称不可使用连续下划线。,60,9,0,0,False
3108,部队简称中存在无法使用的文字。,60,9,0,0,False
3109,部队简称不可使用纯符号。,60,9,0,0,False
3110,部队简称中存在无法使用的字词。,60,9,0,0,False
3111,阶级名称更改失败，阶级名中存在问题。,60,9,0,0,False
3112,阶级名请控制在7个字符之内。,60,9,0,0,False
3113,阶级名不可使用空格作开头。,60,9,0,0,False
3114,阶级名不可使用空格作结尾。,60,9,0,0,False
3115,阶级名不可使用连续空格。,60,9,0,0,False
3116,阶级名中存在无法使用的字词。,60,9,0,0,False
3117,阶级名请控制在7个字符之内。,60,9,0,0,False
3118,阶级名不可使用空格作开头。,60,9,0,0,False
3119,阶级名不可使用空格作结尾。,60,9,0,0,False
3120,阶级名不可使用连续空格。,60,9,0,0,False
3121,阶级名中存在无法使用的字词。,60,9,0,0,False
3122,,0,0,0,0,False
3123,部队消息：部队等级提升为UNKNOWN级！,69,1,0,0,False
3124,部队消息：部队获得了新权限“”。,69,1,0,0,False
3125,部队消息：部队与的友好关系提升为“”。,69,1,0,0,False
3126,部队特效“”发动！,69,32,1,0,False
3127,部队消息：部队特效“”效果结束。,69,1,0,0,False
3128,部队消息：使用了部队特效“”。,69,1,0,0,False
3129,部队消息：使用了部队特效“”。,69,1,0,0,False
3130,部队消息：取消了部队特效“”的效果。,69,1,0,0,False
3131,部队消息：取消了部队特效“”的效果。,69,1,0,0,False
3132,部队消息：获得了新部队特效“”。,69,1,0,0,False
3133,部队消息：获得了新部队特效“”。,69,1,0,0,False
3134,部队消息：放弃了部队特效“”。,69,1,0,0,False
3135,部队消息：放弃了部队特效“”。,69,1,0,0,False
3136,部队消息：部队的简称已改为“”。,69,1,0,0,False
3137,部队消息：部队的简称已改为“”。,69,1,0,0,False
3138,部队消息：部队队徽已变更。,69,1,0,0,False
3139,部队消息：更改了部队队徽。,69,1,0,0,False
3140,,0,0,0,0,False
3141,,0,0,0,0,False
3142,部队消息：部队信息已更新。,69,33,0,0,False
3143,部队消息：更改了部队信息。,69,1,0,0,False
3144,部队消息：被任命为“”,69,1,0,0,False
3145,部队消息：部队储物柜的功能仍处于限制中。,69,33,0,0,False
3146,,0,0,0,0,False
3147,,0,0,0,0,False
3148,,0,0,0,0,False
3149,,0,0,0,0,False
3150,无法提升军衔，军票不足。,60,8,0,0,False
3151,正在发送任务参加申请，无法申请军队调动。,60,9,0,0,False
3152,,0,0,0,0,False
3153,成功向“”部队提交入队申请。,57,1,0,0,False
3154,收到了发来的入队申请。,69,32,0,0,False
3155,部队消息：收到了发来的入队申请。,69,1,0,0,False
3156,无法提交入队申请，已经加入到部队中。,60,8,0,0,False
3157,无法提交入队申请，“”部队已经关闭了申请。,60,8,0,0,False
3158,无法提交入队申请，“”部队收到的申请数量已达到上限。,60,8,0,0,False
3159,,0,0,0,0,False
3160,部队转籍失败。,60,9,0,0,False
3161,部队转籍所需金币不足。,60,9,0,0,False
3162,部队信息更新失败。,60,9,0,0,False
3163,没有“”的权限。,60,9,0,0,False
3164,部队队徽更改失败。,60,9,0,0,False
3165,没有“”的权限。,60,9,0,0,False
3166,只有在原始服务器且目标部队也在同一原始服务器时才能提交入队申请。,60,9,0,0,False
3167,撤销了向“”部队提交的入队申请。,57,1,0,0,False
3168,撤销了发来的入队申请。,69,32,0,0,False
3169,部队消息：撤销了发来的入队申请。,69,1,0,0,False
3170,加入了“”部队。,69,1,0,0,False
3171,部队消息：加入了“”部队。,69,1,0,0,False
3172,向“”部队提交的入队申请获得了批准。,57,1,0,0,False
3173,拒绝了发来的入队申请。,69,32,0,0,False
3174,部队消息：拒绝了发来的入队申请。,69,1,0,0,False
3175,向“”部队提交的入队申请被拒绝了。,57,1,0,0,False
3176,无法批准申请，部队的成员数量已达到上限。,60,8,0,0,False
3177,无法批准申请，部队仍未正式成立。,60,8,0,0,False
3178,入队申请被拒绝，“”部队已经解散了。,57,1,0,0,False
3179,无法发送部队招待，已向其他部队提交入队申请。,60,8,0,0,False
3180,目前无法使用目标的功能，请稍后再试。,60,8,0,0,False
3181,向部队提交的入队申请被拒绝了。,57,1,0,0,False
3182,向部队提交的入队申请被批准了。,57,1,0,0,False
3183,无法处理入队申请。,60,8,0,0,False
3184,留言中含有无法使用的字符。,60,8,0,0,False
3185,已经发送过入队申请了。,60,8,0,0,False
3186,无法提交入队申请，目标部队收到的申请数量已达到上限。,60,8,0,0,False
3187,已经加入到部队中了。,60,8,0,0,False
3188,目标部队当前关闭了申请。,60,8,0,0,False
3189,处理入队申请失败。,60,8,0,0,False
3190,无法撤销入队申请，原本就没有发送过申请。,60,8,0,0,False
3191,处理入队申请失败。,60,8,0,0,False
3192,批准入队申请失败。,60,8,0,0,False
3193,无法批准入队申请，对方已接受其他部队招待。,60,8,0,0,False
3194,无法发送部队招待，对方已向其他部队提交了入队申请。,60,8,0,0,False
3195,由于长期缺席，自己被任命为“”。,57,32,0,0,False
3196,部队消息：由于长期缺席，自己被任命为“”。,69,1,0,0,False
3197,由于长期缺席，“”权限已转给其他人。,57,32,0,0,False
3198,部队消息：由于长期缺席，“”权限已转给其他人。,69,1,0,0,False
3199,无法解散部队，有非部队成员提交了入队申请。,60,8,0,0,False
3200,,0,0,0,0,False
3201,荆棘森之主呼唤出了同伴。,57,33,0,0,False
3202,荆棘森之主发动了“怒发冲冠”。,57,33,0,0,False
3203,Player Player打通了“第七脉轮”！,57,33,0,0,False
3204,激烈的战斗令“原初的勇猛”具现化了……,57,33,0,0,False
3205,心与心的碰撞令“原初的勇猛”与“原初的愤怒”双双具现化了……,57,33,0,0,False
3206,阿尔德里克掉落了龙眼念锁。,57,33,0,0,False
3207,“龙之力”缠绕住了Player Player……,57,33,0,0,False
3208,获得了“龙眼念锁”！,57,33,0,0,False
3209,双足飞龙飞走了……,57,33,0,0,False
3210,大元灵的愤怒稍微有些平息了下来……,57,33,0,0,False
3211,大元灵的愤怒进一步平息了……,57,33,0,0,False
3212,“超越之力”令Player Player突破了自身的极限！,57,33,0,0,False
3213,Player Player的体力正在恢复！,57,33,0,0,False
3214,解开了帕帕力莫的绳子！,57,33,0,0,False
3215,解开了于里昂热的绳子！,57,33,0,0,False
3216,魔导先锋周围的魔导结界解除了……,57,33,0,0,False
3217,距离爆炸还有15秒……,57,33,0,0,False
3218,距离爆炸还有10秒……,57,33,0,0,False
3219,距离爆炸还有5秒……,57,33,0,0,False
3220,“龙咒”缠绕住了埃斯蒂尼安……,57,33,0,0,False
3221,埃斯蒂尼安的“龙之力”失控了……,57,33,0,0,False
3222,伊弗利特之灵召唤出了“红莲之楔”！,57,33,0,0,False
3223,获得了“克·莉霞的魔导书”！,57,33,0,0,False
3224,冬贝利流浪者发动了“大家的怨恨”！,57,33,0,0,False
3225,魔法阵对Player Player附加了“受伤减轻”的效果！,57,33,0,0,False
3226,魔导装甲超频了！,57,33,0,0,False
3227,特里斯坦吸收了贝利亚斯之灵的力量！,57,33,0,0,False
3228,双足飞龙的“勇气”令海德拉获得了“伤害提高”的效果！,57,33,0,0,False
3229,现在不是闲聊的时候！,58,16,0,0,False
3230,友好关系提升为“”。,57,33,0,0,False
3231,与“”的友好度提升了UNKNOWN点。,57,33,0,0,False
3232,与“”的友好度已经到达了上限。,60,33,0,0,False
3233,与保护目标走散了……,57,17,0,0,False
3234,由于劳累而掉落了……,57,17,0,0,False
3235,目标处于视野之外。,60,8,0,0,False
3236,目标的位置过高。,60,8,0,0,False
3237,目标的位置过低。,60,8,0,0,False
3238,战斗已经开始。,60,8,0,0,False
3239,现在无法开始战斗。,60,8,0,0,False
3240,察觉到了敌人的气息！,58,17,0,0,False
3241,打倒出现的敌人之后才能进行下一步动作。,60,8,0,0,False
3242,现在无法查看地图。,58,17,0,0,False
3243,“邮递员”职业升到了UNKNOWN级？！,57,33,0,0,False
3244,交纳了×UNKNOWN，获得了UNKNOWN点贡献值。,57,33,0,0,False
3245,动作中断，供应委托列表已更新。,57,33,0,0,False
3246,距黑之棺爆炸还有90秒……,57,33,0,0,False
3247,距黑之棺爆炸还有60秒……,57,33,0,0,False
3248,距黑之棺爆炸还有30秒……,57,33,0,0,False
3249,距黑之棺爆炸还有20秒……,57,33,0,0,False
3250,距黑之棺爆炸还有10秒……,57,33,0,0,False
3251,距黑之棺爆炸还有5秒……,57,33,0,0,False
3252,异端者的足迹继续向北边延伸……,57,33,0,0,False
3253,异端者的足迹继续向北边延伸……,57,33,0,0,False
3254,雷电龙头出现了！,57,33,0,0,False
3255,寒冰龙头出现了！,57,33,0,0,False
3256,炎天座的奥秘“均衡”与命运交叉了！,57,33,0,0,False
3257,水天座的奥秘“水瓶”与命运交叉了！,57,33,0,0,False
3258,风天座的奥秘“箭矢”与命运交叉了！,57,33,0,0,False
3259,土天座的奥秘“主干”与命运交叉了！,57,33,0,0,False
3260,雷天座的奥秘“巨塔”与命运交叉了！,57,33,0,0,False
3261,冰天座的奥秘“长枪”与命运交叉了！,57,33,0,0,False
3262,东侧对龙加农炮被破坏了……,57,33,0,0,False
3263,西侧对龙加农炮被破坏了……,57,33,0,0,False
3264,东侧对龙加农炮受到了攻击！,57,33,0,0,False
3265,东侧对龙加农炮快被破坏了！,57,33,0,0,False
3266,西侧对龙加农炮受到了攻击！,57,33,0,0,False
3267,西侧对龙加农炮快被破坏了！,57,33,0,0,False
3268,南侧对龙加农炮受到了攻击！,57,33,0,0,False
3269,南侧对龙加农炮快被破坏了！,57,33,0,0,False
3270,Player Player的太阴第七脉轮就快打开了……,57,33,0,0,False
3271,Player Player的气在不断攀升！,57,33,0,0,False
3272,"Player Player的体力降到了50%以下，
痛楚令新的影子诞生了……",57,33,0,0,False
3273,南侧对龙加农炮被破坏了……,57,33,0,0,False
3274,提达尔格兰什正在遭到攻击！,57,33,0,0,False
3275,提达尔格兰什快撑不住了……,57,33,0,0,False
3276,暗黑之力充满了全身……,57,33,0,0,False
3277,快要被黑暗之力吞噬了……,57,33,0,0,False
3278,溢出的黑暗之力攻了过来！,57,33,0,0,False
3279,负面感情再次实体化了！,57,33,0,0,False
3280,静心感受，能看到巴哈姆特的以太了！,57,33,0,0,False
3281,在战斗中对巴哈姆特的龙炎进行了想象！,57,33,0,0,False
3282,静心感受，能看到巴哈姆特的以太了！,57,33,0,0,False
3283,在战斗中对巴哈姆特的龙翼进行了想象！,57,33,0,0,False
3284,静心感受，能看到巴哈姆特的以太了！,57,33,0,0,False
3285,在战斗中对巴哈姆特的龙爪进行了想象！,57,33,0,0,False
3286,在战斗中对巴哈姆特的龙鳞进行了想象！,57,33,0,0,False
3287,在战斗中对巴哈姆特的龙牙进行了想象！,57,33,0,0,False
3288,在战斗中对巴哈姆特的龙吼进行了想象！,57,33,0,0,False
3289,成功令巴哈姆特之力附体了！,57,33,0,0,False
3290,得到了风天座奥秘的祝福！,57,33,0,0,False
3291,得到了水天座奥秘的祝福！,57,33,0,0,False
3292,得到了“魔导装置的认证密钥”！,57,33,0,0,False
3293,"能感觉到大妖异的以太，
它曾经来过这里……",57,33,0,0,False
3294,"能感觉到大妖异的以太，
它之前来过这里……",57,33,0,0,False
3295,"能感觉到大妖异的以太，
它刚刚来过这里……",57,33,0,0,False
3296,"感觉到了不同的气息，
大妖异的眷属攻过来了！",57,33,0,0,False
3297,心与心的碰撞令“原初的愤怒”具现化了……,57,33,0,0,False
3298,活动已结束，操作中断。,60,9,0,0,False
3299,,0,0,0,0,False
3300,无法进行该操作，没有加入任何部队。,60,8,0,0,False
3301,无法取消，没有加入任何部队。,60,8,0,0,False
3302,没有“”的权限。,60,8,0,0,False
3303,没有“”的权限。,60,8,0,0,False
3304,没有“”的权限。,60,8,0,0,False
3305,没有“”的权限。,60,8,0,0,False
3306,没有“”的权限。,60,8,0,0,False
3307,操作已取消，没有“”的权限。,60,8,0,0,False
3308,无法进行该操作，没有撤除的权限。,60,8,0,0,False
3309,无法进行该操作，当前权限为“”。,60,8,0,0,False
3310,操作已取消，当前权限为“”。,60,8,0,0,False
3311,没有“”的权限。,60,8,0,0,False
3312,无法完成交易，这块土地已经签约了。,60,8,0,0,False
3313,无法完成交易，无法购买更多土地。,60,8,0,0,False
3314,无法完成交易，所持金币不足。,60,8,0,0,False
3315,无法放弃土地，必须先回收家具庭具，并拆除房屋。,60,8,0,0,False
3316,无法建设，房屋类型与土地不符。,60,8,0,0,False
3317,无法建设，房屋尺寸与土地不符。,60,8,0,0,False
3318,无法建设，土地上已有房屋建设完成。,60,8,0,0,False
3319,无法拆除房屋，必须先回收家具庭具。,60,8,0,0,False
3320,无法拆除房屋，背包已满。,60,8,0,0,False
3321,无法进行该操作，土地上没有建设房屋。,60,8,0,0,False
3322,操作已取消，土地上的房屋已被拆除。,60,8,0,0,False
3323,无法进行该操作，其他玩家正在进行布置。,60,8,0,0,False
3324,无法布置到这个位置。,60,8,0,0,False
3325,无法布置更多设备。,60,8,0,0,False
3326,无法回收，背包已满。,60,8,0,0,False
3327,无法进行该操作，其他玩家正在使用中。,60,8,0,0,False
3328,操作已取消，其他玩家正在使用中。,60,8,0,0,False
3329,操作已取消，其他玩家已经回收了该物品。,60,8,0,0,False
3330,无法书写留言，留言本已满。,60,8,0,0,False
3331,无法进行该操作，必须先进入到所有地范围内。,60,8,0,0,False
3332,该场所无法进行该操作。,60,8,0,0,False
3333,无法进行该操作，其他玩家正在进行回收。,60,8,0,0,False
3334,没有“”的权限。,60,8,0,0,False
3335,修改房屋名称失败。,60,8,0,0,False
3336,修改问候语失败。,60,8,0,0,False
3337,更改访客权限设置失败。,60,8,0,0,False
3338,房屋操作处理失败。,60,8,0,0,False
3339,无法进行该操作，房屋中还有其他玩家。,60,8,0,0,False
3340,房屋功能已被锁定。,57,33,0,0,False
3341,房屋功能已经解除锁定。,57,33,0,0,False
3342,房屋功能已被锁定。,69,33,0,0,False
3343,房屋功能已经解除锁定。,69,33,0,0,False
3344,无法进行该操作，房屋功能正处于锁定状态。,60,8,0,0,False
3345,没有“”的权限。,60,8,0,0,False
3346,无法进入，该住房属于其他玩家。,60,8,0,0,False
3347,无法进入，这块土地上还没有建设房屋。,60,8,0,0,False
3348,无法布置更多这种家具。,60,8,0,0,False
3349,无法布置更多这种庭具。,60,8,0,0,False
3350,购买了第UNKNOWN区UNKNOWN号土地。,57,33,0,0,False
3351,放弃了第UNKNOWN区UNKNOWN号土地。,57,33,0,0,False
3352,第UNKNOWN区UNKNOWN号土地已被自动放弃。,69,32,0,0,False
3353,将“”建设到了第UNKNOWN区UNKNOWN号土地上。,69,32,0,0,False
3354,拆除了“UNKNOWN”。,57,33,0,0,False
3355,无法进行装饰，该配件类型与当前房屋不搭配。,60,8,0,0,False
3356,无法进行装饰，该配件尺寸与当前房屋不搭配。,60,8,0,0,False
3357,该物品无法设置到室内。,60,8,0,0,False
3358,该物品无法设置到室外。,60,8,0,0,False
3359,操作已取消，没有“”的权限。,60,8,0,0,False
3360,部队消息：购买了第UNKNOWN区UNKNOWN号土地。,69,1,0,0,False
3361,部队消息：放弃了第UNKNOWN区UNKNOWN号土地。,69,1,0,0,False
3362,部队消息：第UNKNOWN区UNKNOWN号土地已被自动放弃。,69,1,0,0,False
3363,部队消息：将“”建设到了第UNKNOWN区UNKNOWN号土地上。,69,1,0,0,False
3364,部队消息：拆除了“”。,69,1,0,0,False
3365,购买了第UNKNOWN区UNKNOWN号土地。,69,33,0,0,False
3366,放弃了第UNKNOWN区UNKNOWN号土地。,69,33,0,0,False
3367,第UNKNOWN区UNKNOWN号土地已被自动放弃。,69,32,0,0,False
3368,将“”建设到了第UNKNOWN区UNKNOWN号土地上。,69,32,0,0,False
3369,拆除了“”。,69,33,0,0,False
3370,部队消息：购买了第UNKNOWN区UNKNOWN号土地。,69,1,0,0,False
3371,部队消息：放弃了第UNKNOWN区UNKNOWN号土地。,69,1,0,0,False
3372,部队消息：第UNKNOWN区UNKNOWN号土地已被自动放弃。,69,1,0,0,False
3373,部队消息：将“”建设到了第UNKNOWN区UNKNOWN号土地上。,69,33,0,0,False
3374,部队消息：拆除了“”。,69,1,0,0,False
3375,输入的名称中存在无法使用的字词。,60,9,0,0,False
3376,无法进入，室内空间已满。,60,8,0,0,False
3377,无法选中目标，没在视野范围内。,60,8,0,0,False
3378,一次操作无法同时移动11个或以上的家具。,60,8,0,0,False
3379,第UNKNOWN区,57,33,0,0,False
3380,房屋名称已改为“UNKNOWN”。,57,33,0,0,False
3381,问候语修改成功。,57,33,0,0,False
3382,“UNKNOWN”的外部装潢已完成。,57,33,0,0,False
3383,“UNKNOWN”的内部装潢已完成。,57,33,0,0,False
3384,家具布置变更成功。,57,33,0,0,False
3385,庭具布置变更成功。,57,33,0,0,False
3386,删除留言成功。,57,33,0,0,False
3387,书写留言成功。,57,33,0,0,False
3388,访客权限设置更改成功。,57,33,0,0,False
3389,无法移动，现在已处于所选地区。,60,8,0,0,False
3390,当前未持有。,60,8,0,0,False
3391,无法回收，上面放置有其他物品。,60,8,0,0,False
3392,无法进行该操作，没有相应的“土地所有权”。,60,8,0,0,False
3393,无法进行该操作，必须先进入到土地范围内。,60,8,0,0,False
3394,无法进入房屋建筑用地。,60,8,0,0,False
3395,网格移动调整功能已开启。,57,32,0,0,False
3396,网格移动调整功能已关闭。,57,32,0,0,False
3397,桌上家具放在桌台上。,57,32,0,0,False
3398,桌上家具不放在桌台上。,57,32,0,0,False
3399,无法进行该操作，房屋外观变更范围内有玩家存在。,60,8,0,0,False
3400,,0,0,0,0,False
3401,室友设置失败，已与UNKNOWN人房屋共享。,60,9,0,0,False
3402,没有“寄养陆行鸟”权限。,60,9,0,0,False
3403,没有“内外装潢、家具、庭具的追加、收回、布置、染色”权限。,60,9,0,0,False
3404,没有“内外装潢、家具、庭具的追加、收回、布置、染色”权限，操作取消。,60,9,0,0,False
3405,没有“播种”权限。,60,9,0,0,False
3406,没有“收获”权限。,60,9,0,0,False
3407,没有“处理”权限。,60,9,0,0,False
3408,被设为了室友。,57,33,1,0,False
3409,的房屋权限设定变更了。,57,33,1,0,False
3410,与解除了房屋共享。,57,33,1,0,False
3411,好友关系解除，无法将设定为室友。,60,9,0,0,False
3412,没有房屋共享中的房屋。,60,9,0,0,False
3413,的权限设定变更了。,57,33,0,0,False
3414,将设定成了室友。,57,33,0,0,False
3415,正被寄养在室友房屋的陆行鸟房中。,60,9,0,0,False
3416,"由于长期无人使用，
“部队的土地和房屋”被自动拆除，
一部分资产正由“住宅区管理人”代为保管。",69,33,0,0,False
3417,"由于长期无人使用，
“个人的土地和房屋”被自动拆除，
一部分资产正由“住宅区管理人”代为保管。",57,33,0,0,False
3418,没有权限，无法回收资产。,60,9,0,0,False
3419,"进入了房屋或个人房间，
房屋“自动拆除准备”状态解除了。",57,33,0,0,False
3420,"购买新的“部队土地”前，
需要先回收“住宅区管理人”保管的资产。",60,9,0,0,False
3421,"购买新的“个人土地”前，
需要先回收“住宅区管理人”保管的资产。",60,9,0,0,False
3422,房屋共享解除失败，鸟房中寄养着陆行鸟。,60,9,0,0,False
3423,"超过资产回收期限，
“住宅区管理人”保管的“部队房屋”资产消失了。",69,33,0,0,False
3424,"超过资产回收期限，
“住宅区管理人”保管的“个人房屋”资产消失了。",57,33,0,0,False
3425,"超过资产回收期限，
“住宅区管理人”保管的“个人房间”资产消失了。",57,33,0,0,False
3426,角色已删除，室友设定失败。,60,9,0,0,False
3427,"由于被部队除名或“土地和房屋”被自动拆除，
“个人房间”已被拆除，
一部分资产正由“住宅区管理人”代为保管。",57,33,0,0,False
3428,"由于被部队除名或“土地和房屋”被自动拆除，
“个人房间”已被拆除。",57,33,0,0,False
3429,该管弦乐琴的乐谱已被收录。,60,8,0,0,False
3430,将«»收录进了管弦乐琴乐谱集之中。,57,33,0,0,False
3431,没有“管弦乐琴管理”的权限。,60,8,0,0,False
3432,请稍后再试。,60,8,0,0,False
3433,播放了«»。,76,1,0,0,False
3434,Firstname Lastname播放了«»。,76,33,0,0,False
3435,停止了«»的播放。,76,33,0,0,False
3436,Firstname Lastname停止了«»的播放。,76,33,0,0,False
3437,无法执行，乐曲没有收录在管弦乐琴乐谱集之中。,60,8,0,0,False
3438,没有“管弦乐琴管理”的权限。,60,8,0,0,False
3439,开始了«»的试听。,57,33,0,0,False
3440,无法执行，正处于防沉迷状态。,60,9,0,0,False
3441,没有种子。,60,9,0,0,False
3442,没有土壤。,60,9,0,0,False
3443,无法播种，土壤里已经种有作物了。,60,9,0,0,False
3444,没有“”的权限。,60,9,0,0,False
3445,没有肥料。,60,9,0,0,False
3446,已经施加了足够的肥料了。,60,9,0,0,False
3447,没有“”的权限。,60,9,0,0,False
3448,向花盆中播了种。,57,33,0,0,False
3449,给作物施加了肥料。,57,33,0,0,False
3450,作物正在健康成长。,57,33,0,0,False
3451,将插在了花瓶里。,57,33,0,0,False
3452,处理掉了作物，重新整理了花盆。,57,33,0,0,False
3453,没有“”的权限。,60,9,0,0,False
3454,无法进行该操作，花瓶中没有花。,60,9,0,0,False
3455,将花从花瓶中移除了。,57,33,0,0,False
3456,种植着作物，无法撤除。,60,9,0,0,False
3457,其他玩家正在编辑播放列表。,57,33,0,0,False
3458,向作物做出了最后的道别，重新整理了花盆。,57,33,0,0,False
3459,,0,0,0,0,False
3460,,0,0,0,0,False
3461,未收录的乐曲无法添加到播放列表中。,60,9,0,0,False
3462,播放列表修改成功。,57,33,0,0,False
3463,以顺序播放的方式开始播放«»。,76,33,0,0,False
3464,播放方式更改为了顺序播放。,57,33,0,0,False
3465,播放列表有所变动，终止了乐曲的播放。,57,33,0,0,False
3466,播放列表有所变动，终止了管弦乐琴的操作。,57,33,0,0,False
3467,无法进行该操作，其他玩家正在进行布置。,60,9,0,0,False
3468,无法放入该观赏鱼，水族箱中是淡水。,60,9,0,0,False
3469,无法再放入更多的观赏鱼。,60,9,0,0,False
3470,重新布置了水族箱。,57,33,0,0,False
3471,Firstname Lastname以顺序播放的方式开始播放«»。,76,33,0,0,False
3472,将装饰了上去。,57,33,0,0,False
3473,取下了绘画作品。,57,33,0,0,False
3474,播放了«»。,76,33,0,0,False
3475,无法进行该操作，没有绘画作品。,60,9,0,0,False
3476,无法进行该操作，未持有土地。,60,9,0,0,False
3477,购买并将房屋转移到了第UNKNOWN区UNKNOWN号土地。,57,33,0,0,False
3478,购买并将房屋转移到了第UNKNOWN区UNKNOWN号土地。,69,33,0,0,False
3479,购买并将房屋转移到了第UNKNOWN区UNKNOWN号土地。,57,33,0,0,False
3480,不在视野中，无法撤除。,60,9,0,0,False
3481,无法搬迁，房屋即将到达自动拆除期限。,60,9,0,0,False
3482,无法搬迁，庭具与家具无法完全装入仓库。,60,9,0,0,False
3483,无法拆除房屋，仓库内还有庭具或家具。,60,9,0,0,False
3484,无法拆除房间，仓库内还有家具。,60,9,0,0,False
3485,无法拆除房间，仓库内还有家具。,60,9,0,0,False
3486,该家具或庭具无法收入仓库。,60,9,0,0,False
3487,已收入仓库。,57,1,0,0,False
3488,将放回到了背包中。,57,1,0,0,False
3489,仓库已满，无法继续收纳物品。,60,9,0,0,False
3490,背包已满，无法继续获得物品。,60,9,0,0,False
3491,设定了。,57,33,0,0,False
3492,移除了内壁。,57,33,0,0,False
3493,无法进行该操作，没有设置内壁。,60,9,0,0,False
3494,无法变更，背包已满。,60,9,0,0,False
3495,无法搬迁，距离上次搬迁没有超过5分钟。,60,9,0,0,False
3496,当前已暂停向个人出售土地。,60,9,0,0,False
3497,"此账号在当前服务器已存在购买了土地的角色。
已无法在当前服务器购买更多土地或者参加抽选了。",60,9,0,0,False
3498,无法购买土地，所属部队不足4人。,60,9,0,0,False
3499,准备中，该土地暂时无法购买。,60,9,0,0,False
3500,,0,0,0,0,False
3501,在UNKNOWN感知到了UNKNOWN级的！,59,33,1,0,False
3502,无法继续感知……,59,33,1,0,False
3503,更加接近了！,67,1,0,0,False
3504,成功触及到了隐藏资源！,67,1,0,0,False
3505,成功触及到了隐藏资源，可是什么都没有找到……,67,1,0,0,False
3506,成功触及到了所有的隐藏资源！,67,1,0,0,False
3507,从眼前消失了……,67,1,0,0,False
3508,已经枯竭了……,67,1,0,0,False
3509,所有道具都处于已知状态。,67,1,0,0,False
3510,以小钓大的机会！,67,17,0,0,False
3511,收竿停止了钓鱼。,67,1,0,0,False
3512,成功钓上了（UNKNOWN.UNKNOWN星寸）。,67,1,0,0,False
3513,将“”的鱼洞记录到了钓鱼笔记中！,67,17,0,0,False
3514,的钓鱼记录更新了！,67,17,0,0,False
3515,鱼带着逃走了……,67,17,0,0,False
3516,这里的鱼现在警惕性很高，看来还是换个地点比较好。,67,17,0,0,False
3517,您正处于防沉迷状态，无法开始采集作业。,60,129,0,0,False
3518,山岳之相没有感知到矿脉或石场。,59,33,0,0,False
3519,丛林之相没有感知到良材或草场。,59,33,0,0,False
3520,现在无法更换钓饵。,60,8,0,0,False
3521,等级不足，无法使用该钓饵。,60,8,0,0,False
3522,将挂到了钓钩上。,57,1,0,0,False
3523,现在没有钓饵。,60,8,0,0,False
3524,无法进行采集，无法持有更多的“”。,60,8,0,0,False
3525,无法持有更多的，将刚钓上的东西放生了。,67,17,0,0,False
3526,现在无法采集。,67,17,0,0,False
3527,获得力不足，无法钓起上钩的鱼。,67,17,0,0,False
3528,将上钩的放回到了钓场中。,67,17,0,0,False
3529,没有可以放生。,59,33,0,0,False
3530,,67,17,0,0,False
3531,,67,17,0,0,False
3532,感知到了隐秘采集地点！,67,17,1,0,False
3533,无法发现隐藏道具。,67,17,0,0,False
3534,此采集地点没有隐藏道具。,67,17,0,0,False
3535,隐藏道具已出现。,67,17,0,0,False
3536,现在无法在此采集地点发现隐藏道具。,67,17,0,0,False
3537,的获得数量上升了UNKNOWN！,67,17,0,0,False
3538,获得了0枚。,62,33,0,0,False
3539,数量已达到上限，无法获取更多的。,60,9,0,0,False
3540,数量已达到本周上限，无法获取更多的。,60,9,0,0,False
3541,当前渔场没有可以发动“”进行垂钓的鱼类。,67,17,0,0,False
3542,发动“”，没能发现隐藏的鱼。,67,17,0,0,False
3543,发动“”，发现了隐藏的鱼！,67,17,0,0,False
3544,将记录到了采集笔记上。,57,33,0,0,False
3545,将记录到了鱼类图鉴上。,57,33,0,0,False
3546,已用过，无法再次使用。,60,9,0,0,False
3547,通过提纯技能提升收藏价值后，就能采集到相应收藏价值的收藏品。,60,9,0,0,False
3548,收藏品采集技能的消耗采集力降低UNKNOWN点！,67,17,0,0,False
3549,"发动“”
   收藏价值上升UNKNOWN点。",67,1,0,0,False
3550,此道具不可作为收藏品进行采集。,60,9,0,0,False
3551,,0,0,0,0,False
3552,负荷超过了极限，获得率受到了限制。,67,17,0,0,False
3553,对（收藏价值：UNKNOWN）进行了精选！,57,1,0,0,False
3554,   获得了。,57,1,0,0,True
3555,   获得了×UNKNOWN。,57,1,0,0,True
3556,您正处于防沉迷状态，无法使用精选。,60,129,0,0,False
3557,您正处于防沉迷状态，无法进行交纳。,60,129,0,0,False
3558,以小钓大的机会时无法发动此技能。,60,8,0,0,False
3559,成功钓上了（UNKNOWN.UNKNOWN星寸）×UNKNOWN。,67,1,0,0,False
3560,没有感知到鱼影。,59,33,0,0,False
3561,在UNKNOWN感知到了UNKNOWN级的！,59,33,0,0,False
3562,开始警惕，消失了踪迹……,59,33,0,0,False
3563,   产生了双倍奖励！,57,1,0,0,False
3564,自动精选中断了。,57,33,0,0,False
3565,,0,0,0,0,False
3566,,0,0,0,0,False
3567,,0,0,0,0,False
3568,没有感知到渔场。,59,33,0,0,False
3569,"发动“”
   触发了价值提升效果！ 收藏价值上升UNKNOWN点。",67,1,0,0,False
3570,暂时无法在此处继续捕鱼。,60,9,0,0,False
3571,Player Player在开始捕鱼。,67,17,0,0,False
3572,Player Player捕鱼结束。,67,17,0,0,False
3573,,0,0,0,0,False
3574,Player Player没有捕鱼用副工具，无法捕鱼。,60,9,0,0,False
3575,Player Player不是捕鱼人，无法捕鱼。,60,9,0,0,False
3576,Player Player获得了（UNKNOWN.UNKNOWN星寸）。,67,1,0,0,False
3577,Player Player获得了（UNKNOWN.UNKNOWN星寸）×UNKNOWN。,67,1,0,0,False
3578,装上了小型渔叉尖。,57,1,0,0,False
3579,将新渔场“”记录到了钓鱼笔记中！,67,17,0,0,False
3580,"没有捕到任何东西……
现在使用的渔叉尖可能不太适合这片渔场。",67,17,0,0,False
3581,"没有捕到任何东西……
时机没有掌握好。",67,17,0,0,False
3582,鱼逃走了……,67,17,0,0,False
3583,发动了 附加几率=UNKNOWN%,67,1,0,0,False
3584,Player Player的背包已满，无法进行捕鱼作业。,60,9,0,0,False
3585,无法持有更多的，将刚捕上的东西放生了。,67,17,0,0,False
3586,"没有捕到任何东西……
获得力不足。",67,17,0,0,False
3587,渔场的捕鱼次数恢复了1次！,59,33,0,0,False
3588,从眼前消失了……,67,1,0,0,False
3589,要先选择所用的渔叉尖才能开始刺鱼。,60,8,0,0,False
3590,,67,17,0,0,False
3591,没有捕到任何东西……,67,17,0,0,False
3592,错失良机，鱼逃走了……,67,17,0,0,False
3593,钓到了能用作“以小钓大II”鱼饵的鱼。,67,17,0,0,False
3594,错过了以小钓大的机会。,67,17,0,0,False
3595,发动了 效果：+UNKNOWN%,67,1,0,0,False
3596,获得了。可以在“工票交易员”处用交换道具了。,67,33,0,0,False
3597,现在无法更换渔叉尖。,60,8,0,0,False
3598,Player Player在未知的渔场开始捕鱼。,67,17,0,0,False
3599,获得了0枚。,62,1,0,0,False
3600,,0,0,0,0,False
3601,沉眠在体内的力量觉醒了！,57,32,0,0,False
3602,沉眠在体内的力量觉醒了！,57,32,0,0,False
3603,"与强敌的死斗唤起了古代战士的记忆……
沉眠在体内的力量觉醒了！",57,32,0,0,False
3604,"对居里斯·高吉的担忧唤起了古代战士的记忆……
沉眠在体内的力量觉醒了！",57,32,0,0,False
3605,"与强敌的死斗唤起了古代战士的记忆……
沉眠在体内的力量觉醒了！",57,32,0,0,False
3606,"与盟友坚固的情谊唤起了古代战士的记忆……
沉眠在体内的力量觉醒了！",57,32,0,0,False
3607,获得了“上古战装”！,57,32,0,0,False
3608,激战的回忆刺激了“原初之魂”！,57,32,0,0,False
3609,激战的回忆刺激了“原初之魂”！,57,32,0,0,False
3610,激战的回忆刺激了“原初之魂”！,57,32,0,0,False
3611,在“”的引导下领悟了战技的精髓！,57,32,0,0,False
3612,在“”的引导下领悟了战技的精髓！,57,32,0,0,False
3613,与强敌的战斗唤起了历代骑士们的记忆……,57,32,0,0,False
3614,与强敌的战斗唤起了历代骑士们的记忆……,57,32,0,0,False
3615,索尔克扎吉尔的高尚言语唤起了历代骑士们的记忆……,57,32,0,0,False
3616,与杰林斯的盟誓唤起了历代骑士们的记忆……,57,32,0,0,False
3617,获得了“白银骑士甲胄”！,57,32,0,0,False
3618,从暗杀者身上获得了！,57,32,0,0,False
3619,,0,0,0,0,False
3620,激战的回忆刺激了“原初之魂”！,57,32,0,0,False
3621,"得到了“”的引导……
Player Player打通了脉轮！",57,32,0,0,False
3622,Player Player打通了脉轮！,57,32,0,0,False
3623,"得到了蕴藏于古战场的灵魂的引导……
Player Player打通了脉轮！",57,32,0,0,False
3624,"得到了蕴含在大地中的以太的引导……
Player Player打通了脉轮！",57,32,0,0,False
3625,"得到了蕴含在大地中的以太的引导……
Player Player打通了脉轮！",57,32,0,0,False
3626,"得到了蕴藏于古战场的灵魂的引导……
Player Player打通了第七脉轮！",57,32,0,0,False
3627,获得了“武僧战装”！,57,32,0,0,False
3628,灼热的斗气游走全身！,57,32,0,0,False
3629,接触不同的气令Player Player打开了2个阴的脉轮！,57,32,0,0,False
3630,接触不同的气令Player Player打开了最后一个阴的脉轮！,57,32,0,0,False
3631,获得了新的“龙之力”！,57,32,0,0,False
3632,获得了新的“龙之力”！,57,32,0,0,False
3633,Player Player的正义之心与“”产生了共鸣！,57,32,0,0,False
3634,Player Player的正义之心与“”产生了共鸣！,57,32,0,0,False
3635,Player Player的正义之心与“”产生了共鸣！,57,32,0,0,False
3636,“”发出了炫目的光芒！,57,32,0,0,False
3637,“龙骑士甲胄”与“”产生了共鸣！,57,32,0,0,False
3638,重新审视自己的战术成为了掌握新战技的契机！,57,32,0,0,False
3639,对枪宣誓的正义之心与“”产生了共鸣！,57,32,0,0,False
3640,从身上取得了“”！,57,32,0,0,False
3641,从“瑕托托的魔石”中领略了黑魔法的知识！,57,32,0,0,False
3642,新的黑魔法力量觉醒了！,57,32,0,0,False
3643,将妖异之血刻在了虚无裂痕之中……,57,32,0,0,False
3644,将妖异之血刻在了虚无裂痕之中……,57,32,0,0,False
3645,从长满苔藓的石碑上领略了古代的知识……,57,32,0,0,False
3646,将黑魔法的奥义铭刻在了灵魂之中！,57,32,0,0,False
3647,通过鲜血仪式，获得了“黑魔法师装束”！,57,32,0,0,False
3648,习得了«纳尔之书»上记载的古代知识！,57,32,0,0,False
3649,习得了«札尔之书»上记载的古代知识！,57,32,0,0,False
3650,,0,0,0,0,False
3651,继承了阿·拓瓦·坎特的力量！,57,32,0,0,False
3652,继承了新的白魔法！,57,32,0,0,False
3653,通过将元灵平息，Player Player迈出了白魔法师的新一步！,57,32,0,0,False
3654,通过拯救阿·卢恩，Player Player迈出了白魔法师的新一步！,57,32,0,0,False
3655,通过追随阿·拓瓦的足迹，Player Player迈出了白魔法师的新一步！,57,32,0,0,False
3656,通过平息长老树的怒火，Player Player领悟到了白魔法师的真意！,57,32,0,0,False
3657,通过献上祈祷，获得了“镇抚装束”！,57,32,0,0,False
3658,净化了不净之物……获得了强大的治愈之力！,57,32,0,0,False
3659,净化了不净之物的根源……获得了强大的治愈之力！,57,32,0,0,False
3660,,0,0,0,0,False
3661,从心灵深处响起了古代的旋律！,57,32,0,0,False
3662,古代的旋律唤起了吟游诗人的记忆！,57,32,0,0,False
3663,Player Player的心中响起了古代的旋律！,57,32,0,0,False
3664,Player Player的心中响起了古代的旋律！,57,32,0,0,False
3665,"接触了让泰尔的苦恼之后，
Player Player的心中响起了古代的旋律！",57,32,0,0,False
3666,"帮助让泰尔得到救赎之后，
Player Player的心中响起了古代的旋律！",57,32,0,0,False
3667,获得了“吟游诗人装束”！,57,32,0,0,False
3668,,0,0,0,0,False
3669,,0,0,0,0,False
3670,,0,0,0,0,False
3671,降服了“伊弗利特之灵”，学会了新的召唤魔法！,57,32,0,0,False
3672,学会了新的召唤魔法！,57,32,0,0,False
3673,降服了“泰坦之灵”！,57,32,0,0,False
3674,在死斗中领略了古代的知识，学会了新的召唤魔法！,57,32,0,0,False
3675,降服了“迦楼罗之灵”！,57,32,0,0,False
3676,在与宿敌的死斗中领略了古代的知识，学会了新的召唤魔法！,57,32,0,0,False
3677,获得了“召唤师装束”！,57,32,0,0,False
3678,掌握了失落的亚拉戈知识！,57,32,0,0,False
3679,,0,0,0,0,False
3680,,0,0,0,0,False
3681,灵魂水晶令小仙女觉醒了！,57,32,0,0,False
3682,学会了新的军事魔法知识！,57,32,0,0,False
3683,回忆中的光景令小仙女恢复了一部分记忆！,57,32,0,0,False
3684,与魔物的邂逅令小仙女恢复了一部分记忆！,57,32,0,0,False
3685,对病患进行治疗令小仙女恢复了一部分记忆！,57,32,0,0,False
3686,越过了1500年的时光，正式的“学者”继承人重现人间！,57,32,0,0,False
3687,获得了重现的“学者装束”！,57,32,0,0,False
3688,小仙女好像想起了些什么……,57,32,0,0,False
3689,获得了！,57,32,0,0,False
3690,从身上取得了“”！,57,32,0,0,False
3691,在的引领下，忍者之魂觉醒了！,57,32,0,0,False
3692,Player Player领悟到了新的忍术！,57,32,0,0,False
3693,"高昂之心会使忍刀更加锋利……
Player Player领悟到了新的忍术！",57,32,0,0,False
3694,"平静之心会使忍刀更加沉稳……
Player Player领悟到了新的忍术！",57,32,0,0,False
3695,"燃烧之心会使忍刀更加凶猛……
Player Player领悟到了新的忍术！",57,32,0,0,False
3696,"正直之心会使忍刀更加光明……
Player Player领悟到了新的忍术！",57,32,0,0,False
3697,获得了“东方忍者装束”！,57,32,0,0,False
3698,"使命之心会使忍刀更加澄明……
Player Player领悟到了新的忍术！",57,32,0,0,False
3699,,0,0,0,0,False
3700,,0,0,0,0,False
3701,可以使用“推荐任务”功能了。,57,32,0,0,False
3702,任务搜索器的“通常任务”中增加了新的任务。,57,33,0,0,False
3703,任务失败，与保护目标走散了……,57,33,0,0,False
3704,“队员招募”功能开放。,57,33,0,0,False
3705,“美容师”功能开放。,57,33,0,0,False
3706,可以传送到冒险者住宅区了。,57,33,0,0,False
3707,可以玩小游戏“I＋XIV数字推盘”了。,57,33,0,0,False
3708,可以玩小游戏“曼德维尔流交涉术”了。,57,33,0,0,False
3709,可以在怪物狩猎告示板上接受“怪物通缉令”了。,57,33,0,0,False
3710,"任务搜索器的“通常任务”中增加了新的任务。
开放了对应难度的木人讨伐战。",57,33,0,0,False
3711,"和“风脉泉”进行了共鸣。
除了场景中的风脉泉之外，
在特定的主线、支线任务中也可以找到风脉泉。
另外，共鸣情况可以从快捷指令的“风脉泉”进行确认。",57,65,0,0,False
3712,风脉仪的指针指向了北方UNKNOWN米的位置！,57,33,0,0,False
3713,已经和的风脉泉都进行过共鸣了。,57,33,0,0,False
3714,风脉仪没能探测到风脉泉的位置。,57,33,0,0,False
3715,接触风脉泉，理解了附近的风以太流！,57,33,0,0,False
3716,舍弃了“”。,57,1,0,0,False
3717,可以玩小游戏“神经衰弱”了。,57,33,0,0,False
3718,在组队状态下或处于大地使者和能工巧匠职业时无法进入任务战场。,60,9,0,0,False
3719,发送任务参加申请时无法进入任务战场。,60,9,0,0,False
3720,无法战斗状态下无法进入任务战场。,60,9,0,0,False
3721,现在正在执行理符“”，无法进入任务战场。,60,9,0,0,False
3722,任务中无法进入任务战场。,60,9,0,0,False
3723,"未能达成“”中的
任务目标“UNKNOWN”……",60,9,0,0,False
3724,需要骑乘“”，才能推进任务“”。,60,9,0,0,False
3725,招募队员时无法进入任务战场。,60,9,0,0,False
3726,任务搜索器的“高难度任务”中增加了新的任务。,57,33,0,0,False
3727,"任务搜索器的“高难度任务”中增加了新的任务。
开放了对应难度的木人讨伐战。",57,33,0,0,False
3728,中的人造元灵灵魂有了细微的凝聚。,57,33,0,0,False
3729,中的人造元灵灵魂有了一些凝聚。,57,33,0,0,False
3730,中的人造元灵灵魂凝聚了！,57,33,0,0,False
3731,中的人造元灵灵魂有了很大程度的凝聚！,57,33,0,0,False
3732,中的人造元灵灵魂有了非常大程度的凝聚！,57,33,0,0,False
3733,中的人造元灵灵魂有了极大程度的凝聚！,57,33,0,0,False
3734,中的人造元灵灵魂有了前所未有的凝聚！,57,33,0,0,False
3735,中的人造元灵灵魂完全凝聚了！,57,33,0,0,False
3736,无法交易，还装备在身上。,57,9,0,0,False
3737,无法进行交易，背包已满。,57,9,0,0,False
3738,无法交易，或还装备在身上。,57,9,0,0,False
3739,无法进行交易，只能拥有一个。,57,9,0,0,False
3740,无法进行交易，或只能拥有一个。,57,9,0,0,False
3741,无法结晶化，混合以太不足……,57,33,0,0,False
3742,结晶化失败，背包已满。,57,9,0,0,False
3743,将混合以太结晶化，获得了UNKNOWN个。,57,33,0,0,False
3744,当前职业未满足参加任务所需要的等级要求。,60,9,0,0,False
3745,获得了×UNKNOWN。,57,1,0,0,False
3746,中庸工艺馆交易处理失败。,60,9,0,0,False
3747,在过场剧情中无法解除“”。,60,9,0,0,False
3748,季节活动已结束，任务取消。,60,9,0,0,False
3749,季节活动已结束，任务取消，无法获得任务报酬。,60,9,0,0,False
3750,"“”解读成功。
获得了任务道具“”！",57,33,0,0,False
3751,附近好像没有宝箱……,57,17,0,0,False
3752,限制时间已过，宝箱消失了……,57,17,0,0,False
3753,没有持有宝物地图，宝箱消失了……,57,17,0,0,False
3754,宝箱被严密地封锁着。,60,8,0,0,False
3755,成功打开了宝箱的锁！,57,17,0,0,False
3756,陷阱发动，散发出了吸引魔物的气味！,57,17,0,0,False
3757,现在不是进行调查的时候！,60,8,0,0,False
3758,手中没有能够解读的地图。,60,8,0,0,False
3759,发现隐藏的宝箱！,57,17,0,0,False
3760,手中没有能够挖掘的地图。,60,8,0,0,False
3761,已经找到宝箱了。,57,17,0,0,False
3762,无法搜索宝箱，有队员没在当前区域中。,60,9,0,0,False
3763,无法搜索宝箱，正在参加“UNKNOWN”。,60,9,0,0,False
3764,无法搜索宝箱，队员正在参加其他任务。,60,9,0,0,False
3765,将陷阱引来的魔物全部打倒了！,57,17,0,0,False
3766,“”消失了……,57,1,0,0,False
3767,已经解读出“”了，无法解读其他古地图。,60,8,0,0,False
3768,敌人的援军出现！,57,17,0,0,False
3769,您正处于防沉迷状态，无法发现宝箱。,60,129,0,0,False
3770,通往宝物库的传送魔纹出现了！,57,17,0,0,False
3771,无法启动传送魔纹……,60,8,0,0,False
3772,,0,0,0,0,False
3773,宝箱被严密地封锁着。,60,33,0,0,False
3774,启动了传送魔纹！,57,17,0,0,False
3775,陷阱发动，栅栏被打开了！,57,33,0,0,False
3776,栅栏被打开了！,57,33,0,0,False
3777,打倒了所有敌人！,57,33,0,0,False
3778,发起了宝物库进入申请。,57,17,0,0,False
3779,取消了传送魔纹的启动……,57,17,0,0,False
3780,成功完成了挑战笔记中的“”挑战！,57,1,0,0,False
3781,挑战笔记中开放了新的内容。,57,1,0,0,False
3782,挑战笔记中追加了新的项目。,57,1,0,0,False
3783,挑战笔记中的“”项目马上就要完成了！,57,17,0,0,False
3784,您正处于防沉迷状态，无法记录挑战笔记中的项目。,60,1,0,0,False
3785,"当前职业等级小于UNKNOWN级，
无法达成目的地条件。",60,8,0,0,False
3786,获得了任务道具“”。,57,17,0,0,False
3787,无法搜索宝箱，有队员正在进行制作。,60,9,0,0,False
3788,无法解读，当前处于任务中。,60,9,0,0,False
3789,小队队员的状态发生了改变，任务申请被取消了。,60,9,0,0,False
3790,发起了准备确认。,57,1,0,0,False
3791,发起了准备确认。,57,33,0,0,False
3792,无法发起准备确认。,60,8,0,0,False
3793,无法回应准备确认。,60,8,0,0,False
3794,"确认完毕。
准备完毕UNKNOWN/UNKNOWN
稍等片刻UNKNOWN/UNKNOWN",57,33,0,0,False
3795,战斗中无法发起准备确认。,60,8,0,0,False
3796,,0,0,0,0,False
3797,无法显示该成就。,60,8,0,0,False
3798,栅栏被打开了！,57,33,0,0,False
3799,栅栏被打开了！,57,33,0,0,False
3800,打倒了所有敌人！,57,33,0,0,False
3801,无法对雇员身上的道具进行排序，请先召出雇员。,60,8,0,0,False
3802,“UNKNOWN”出现问题：UNKNOWN号指定的UNKNOWN不存在。,60,1,0,0,False
3803,“UNKNOWN”出现问题：UNKNOWN号指定的UNKNOWN不正确。,60,1,0,0,False
3804,“UNKNOWN”已经设置为额外技能了。,60,1,0,0,False
3805,无法设置“UNKNOWN”，额外技能栏已满。,60,1,0,0,False
3806,“UNKNOWN”无法设置为额外技能。,60,1,0,0,False
3807,“UNKNOWN”尚未设置为额外技能。,60,1,0,0,False
3808,现在无法使用该指令。,60,1,0,0,False
3809,在当前宏指令结束前无法发动其他宏指令。,60,1,0,0,False
3810,现在限制了宏指令的连续执行。,60,1,0,0,False
3811,停止了当前正在执行的宏指令。,57,1,0,0,False
3812,无法习得“UNKNOWN”，技能点不足。,60,1,0,0,False
3813,已经习得“UNKNOWN”。,60,1,0,0,False
3814,当前特职无法设置该对战技能或对战额外技能。,60,1,0,0,False
3815,新人状态已经解除。,57,1,0,0,False
3816,无法解除新人状态。,60,9,0,0,False
3817,新人状态已经解除。,57,1,0,0,False
3818,无法变更新人状态。,60,9,0,0,False
3819,无法设定，不满足新人的条件。,60,9,0,0,False
3820,解除了自动参加新人频道的设定。,57,1,0,0,False
3821,无法变更自动参加设定。,60,9,0,0,False
3822,不是指导者，无法变更设定。,60,9,0,0,False
3823,自动参加新人频道的设定已被解除。,60,9,0,0,False
3824,已将设定为“不显示”。,57,1,0,0,False
3825,当前无法进行查看。,60,8,0,0,False
3826,无法查看该区域。,60,8,0,0,False
3827,无法以该数值进行倒计时。,60,9,0,0,False
3828,,0,0,0,0,False
3829,开启了决斗申请拦截。,57,33,0,0,False
3830,当前区域无法更改决斗申请的设置。,60,9,0,0,False
3831,目前无法发言。,60,9,0,0,False
3832,目标处于限制悄悄话的区域，无法发送。,60,9,0,0,False
3833,回归者状态已经解除。,57,1,0,0,False
3834,无法执行，不是新人或回归者。,60,9,0,0,False
3835,对新人频道的邀请设置为了“接受”。,57,1,0,0,False
3836,现在无法使用该指令。,60,9,0,0,False
3837,已经进行了该设置，无法再次更改。,60,9,0,0,False
3838,现在无法使用该指令。,60,9,0,0,False
3839,现在无法使用该指令。,60,9,0,0,False
3840,下一次召唤的UNKNOWN外貌变更为UNKNOWN。,57,1,0,0,False
3841,下一次召唤的UNKNOWN外貌恢复为原样。,57,1,0,0,False
3842,未达到使用UNKNOWN的条件，无法改变外貌。,60,9,0,0,False
3843,该指令只能在对战区域内使用。,60,257,0,0,False
3844,该技能由于重复设置等原因设置失败。,60,9,0,0,False
3845,情感表现文字提示在消息窗口的显示功能已开启。,57,1,0,0,False
3846,将称号更改为『UNKNOWN』。,57,1,0,0,False
3847,称号的设定已经解除。,57,1,0,0,False
3848,无法设定为指定称号。,60,9,0,0,False
3849,亚灵神巴哈姆特的显示尺寸已切换为小。,57,1,0,0,False
3850,整体音量已更改为UNKNOWN。,57,1,0,0,False
3851,背景音乐音量已更改为UNKNOWN。,57,1,0,0,False
3852,音效音量已更改为UNKNOWN。,57,1,0,0,False
3853,语音音量已更改为UNKNOWN。,57,1,0,0,False
3854,系统音量已更改为UNKNOWN。,57,1,0,0,False
3855,环境音量已更改为UNKNOWN。,57,1,0,0,False
3856,自身音效音量已更改为UNKNOWN。,57,1,0,0,False
3857,小队成员音效音量已更改为UNKNOWN。,57,1,0,0,False
3858,他人音效音量已更改为UNKNOWN。,57,1,0,0,False
3859,扬声器系统音量已更改为UNKNOWN。,57,1,0,0,False
3860,整体音量的静音状态已解除。,57,1,0,0,False
3861,背景音乐的静音状态已解除。,57,1,0,0,False
3862,音效的静音状态已解除。,57,1,0,0,False
3863,语音的静音状态已解除。,57,1,0,0,False
3864,系统音的静音状态已解除。,57,1,0,0,False
3865,环境音的静音状态已解除。,57,1,0,0,False
3866,扬声器系统音的静音状态已解除。,57,1,0,0,False
3867,视角俯视角度的设定值已更改为UNKNOWN。,57,1,0,0,False
3868,指定的投影模板编号有误。,60,1,0,0,False
3869,骑乘状态下播放音乐的功能已开启。,57,1,0,0,False
3870,乐器演奏音量已更改为UNKNOWN。,57,1,0,0,False
3871,乐器演奏的静音状态已解除。,57,1,0,0,False
3872,目标未参加同一任务，无法发送。,60,9,0,0,False
3873,当前任务中无法使用文本指令发送悄悄话。,60,9,0,0,False
3874,无法回复非当前任务中收到的悄悄话。,60,9,0,0,False
3875,现在无法使用此命令：UNKNOWN,60,1,0,0,False
3876,无法发送，聊天参加已无效。,60,1,0,0,False
3877,该命令需要在名字中指定服务器名(PC名@World名)。：UNKNOWN,60,1,0,0,False
3878,“UNKNOWN”已经被设置为有效技能，无法重复设置。,60,9,0,0,False
3879,“UNKNOWN”未被设置为有效技能。,60,9,0,0,False
3880,无法设置为有效技能，有效技能位置已满。,60,9,0,0,False
3881,无法发送。请从好友名单中更新目标信息后再次尝试。,60,1,0,0,False
3882,将图像设置修改为了Standard (Mac),57,1,0,0,False
3883,“所有玩家”的名牌显示设置已更改为“一直显示”。,57,1,0,0,False
3884,“所有玩家”的名牌姓名显示设置已更改为“显示全名”。,57,1,0,0,False
3885,当前的场景标记已保存到第UNKNOWN格。,57,1,0,0,False
3886,恢复了第UNKNOWN格的场景标记。,57,1,0,0,False
3887,掷出了UNKNOWN点！（最大UNKNOWN）,74,1,0,0,False
3888,无法指定重复的队伍编号。,60,9,0,0,False
3889,"此文本指令已统合至/petsize。
想要变更亚灵神巴哈姆特的尺寸时，请按照下述执行。
/petsize 亚灵神巴哈姆特 small",57,1,0,0,False
3890,UNKNOWN的显示尺寸已变更为小。,57,1,0,0,False
3891,所有召唤兽的显示尺寸已变更为小。,57,1,0,0,False
3892,将右键不可选中玩家角色作为目标设定为有效。,57,1,0,0,False
3893,将右键不可选中敌方或我方非玩家角色作为目标设定为有效。,57,1,0,0,False
3894,将右键不可选中宠物作为目标设定为有效。,57,1,0,0,False
3895,无法使用此命令：UNKNOWN,60,1,0,0,False
3896,将声音的视觉表现设定为有效。,57,1,0,0,False
3897,将颜色辅助设定为有效。,57,1,0,0,False
3898,将发动敌对性质技能时自动选中目标设定为有效。,57,1,0,0,False
3899,将维埃拉族的耳朵设定为了显示。,57,1,0,0,False
3900,当前种族无法执行该指令。,60,1,0,0,False
3901,所持金币不足，召唤美容师需要0金币。,60,9,0,0,False
3902,邮箱已满，未能收到新邮件。,60,9,0,0,False
3903,邮箱剩余空间较少，请及时删除不必要的邮件。,57,33,0,0,False
3904,雇员在探险的过程中无法更换装备。,60,9,0,0,False
3905,设定了闹钟“UNKNOWN”。（ 8:00）,57,1,0,0,False
3906, UNKNOWN -  8:00 ,55,17,0,0,False
3907,无法添加更多的闹钟。,60,9,0,0,False
3908,删除了闹钟“UNKNOWN”。,57,1,0,0,False
3909,删除了设定的所有闹钟。,57,1,0,0,False
3910,当前种族或性别无法试穿这件装备。,60,8,0,0,False
3911,对进行了试穿。,57,1,0,0,False
3912,无法卸下所有的试穿装备。,60,8,0,0,False
3913,将“UNKNOWN”加入了常用列表。(UNKNOWN/UNKNOWN),57,65,0,0,False
3914,常用列表中无法加入更多的情感动作。,60,9,0,0,False
3915,找到了UNKNOWN条。,57,33,0,0,False
3916,已经将“UNKNOWN”从常用列表中删除。,57,65,0,0,False
3917,已经将“UNKNOWN”从历史记录中删除。,57,65,0,0,False
3918,无法使用此闹钟名。,60,9,0,0,False
3919,未找到符合条件的情感动作。,57,33,0,0,False
3920,有志愿兵出现。前往军营查看志愿书吧！,57,65,0,0,False
3921,的等级升到了UNKNOWN级。,57,1,0,0,False
3922,执行分队任务后尚未设置的吉兆会消失。,60,8,0,0,False
3923,正在执行分队任务，无法再次开始。,60,8,0,0,False
3924,正在执行分队任务，无法开始训练。,60,8,0,0,False
3925,正在进行训练，无法开始分队任务。,60,8,0,0,False
3926,正在进行训练，无法再次开始。,60,8,0,0,False
3927,开始了。,57,17,0,0,False
3928,开始了。,57,17,0,0,False
3929,中止了分队任务。,57,16,0,0,False
3930,中止了训练。,57,16,0,0,False
3931,该训练不影响分队综合能力。,60,8,0,0,False
3932,已达到等级上限，训练后不会有任何效果。,60,8,0,0,False
3933,无法开始分队任务，军票不足。,60,8,0,0,False
3934,无法开始分队任务，分队员的等级全未达到任务要求。,60,8,0,0,False
3935,分队任务完成了。前往军营查看结果吧！,57,65,1,0,False
3936,冒险者分队的训练结束了。前往军营查看结果吧！,57,65,1,0,False
3937,成功完成了。,57,17,0,0,False
3938,结束了。,57,17,0,0,False
3939,对的入队判断暂作保留。,57,33,0,0,False
3940,让加入了分队。,57,17,0,0,False
3941,"调离了，
让加入了分队。",57,17,0,0,False
3942,更改了的吉兆。,57,17,0,0,False
3943,更改了的职业。,57,17,0,0,False
3944,无法更改为和目前相同的职业。,60,8,0,0,False
3945,无法更改职业，没有。,60,8,0,0,False
3946,分队等级 UNKNOWN,57,32,0,0,False
3947,拒绝了加入分队。,57,17,0,0,False
3948,目前无法开始分队任务。,60,9,0,0,False
3949,该任务需要在下周列表更新后才可接受。,60,9,0,0,False
3950,目前无法更改职业。,60,9,0,0,False
3951,无法调离，正在执行分队任务。,60,9,0,0,False
3952,目前无法开始训练。,60,9,0,0,False
3953,无法训练，已达到当天的上限次数。,60,9,0,0,False
3954,成功完成一项特殊任务后，在下周任务一览更新之前都无法再接受其他特殊任务。,60,9,0,0,False
3955,对的作战下达了指示。,57,17,0,0,False
3956,无法开始分队攻略任务，军票不足。,60,9,0,0,False
3957,无法开始分队攻略任务，未达到必要等级。,60,9,0,0,False
3958,无法开始分队攻略任务，未达到必要平均品级。,60,9,0,0,False
3959,无法开始分队攻略任务，分队员中有未达到必要等级的分队员。,60,9,0,0,False
3960,无法开始分队攻略任务，不符合必要的职业构成。,60,9,0,0,False
3961,编制3名队员的分队后，才可以进行分队攻略任务。,60,9,0,0,False
3962,脱离队伍后，才可以进行分队攻略任务。,60,9,0,0,False
3963,分队攻略任务已成功。,57,17,0,0,False
3964,无法使用，所属大国防联军不同。,60,9,0,0,False
3965,无法开始分队攻略任务。,60,9,0,0,False
3966,无法投影，装备等级高于分队员等级。,60,9,0,0,False
3967,目前无法下达作战指示。,60,9,0,0,False
3968,实行了的武具投影。,57,17,0,0,False
3969,以当前状态执行分队攻略任务，会丢失尚未设置的吉兆。,60,8,0,0,False
3970,Player Player获得了×UNKNOWN。,62,1,0,0,False
3971,该道具的效果已经掌握，并且无法交易给其他人。没有交换的必要。,60,8,0,0,False
3972,招募队员终止后，才可以进行分队攻略任务。,60,9,0,0,False
3973,霞的时尚商店中增加了新的商品。,57,1,0,0,False
3974,无法进行分解，背包已满。,60,9,0,0,False
3975,无法进行分解，常风水晶不足。,60,9,0,0,False
3976,该道具的效果已经掌握，并且无法交易给其他人。没有领取的必要。,60,8,0,0,False
3977,无法进行领取，背包中已有相同的珍稀道具。,60,8,0,0,False
3978,无法进行领取，背包已满。,60,8,0,0,False
3979,无法进行领取，已获得该道具。,60,8,0,0,False
3980,递交×UNKNOWN，获得×UNKNOWN。但因已达到持有数量上限而被全部舍弃了。,57,1,0,0,False
3981,递交×UNKNOWN，获得×UNKNOWN。但因超过持有数量上限，只得到了×UNKNOWN。,57,1,0,0,False
3982,所持数量不足，无法鉴定。,60,8,0,0,False
3983,背包已满，无法鉴定。,60,8,0,0,False
3984,,0,0,0,0,False
3985,攒够了库啵好运章，获得了库啵好运票！,57,1,0,0,False
3986,获得了UNKNOWN点的技巧点！,57,1,0,0,False
3987,获得了0枚。,62,1,0,0,False
3988,获得了库啵好运道的奖品×UNKNOWN。,62,1,0,0,False
3989,提供物资，为支援天穹街做出了贡献！,57,33,0,0,False
3990,已取消分队攻略任务，费用已返还。,57,17,0,0,False
3991,分队攻略任务中发生意外连接中断，费用已返还。,57,17,0,0,False
3992,学会了新的情感动作“深蹲”“俯卧撑”“仰卧起坐”“深呼吸”。,64,33,0,0,False
3993,Player Player发出了的指令。,43,1,0,0,False
3994,无法执行，正处于中途退出或取消参加惩罚状态。费用已返还。,57,17,0,0,False
3995,无法执行，正在使用任务搜索器。费用已返还。,57,17,0,0,False
3996,任务中无法领取成就报酬。,60,9,0,0,False
3997,分队员集体发动了“UNKNOWN”。,43,1,0,0,False
3998,对从云冠群岛采集回来的素材进行了检验！,57,1,0,0,False
3999,系统正在处理中，无法连续领取报酬。,60,9,0,0,False
4000,无法移动到下一个区域。,60,9,0,0,False
4001,在小号土地上只能配置1块园圃。,60,9,0,0,False
4002,在中号土地上只能配置2块园圃。,60,9,0,0,False
4003,无法配置更多园圃了。,60,9,0,0,False
4004,无法撤销，园圃中仍留有作物。,60,9,0,0,False
4005,没有种子。,60,9,0,0,False
4006,没有土壤。,60,9,0,0,False
4007,无法播种，土壤里已经种有作物了。,60,9,0,0,False
4008,无法播种。,60,9,0,0,False
4009,没有“”的权限。,60,9,0,0,False
4010,没有肥料。,60,9,0,0,False
4011,无法施肥。,60,9,0,0,False
4012,已经施加了足够的肥料了。,60,9,0,0,False
4013,无法收获。,60,9,0,0,False
4014,没有“”的权限。,60,9,0,0,False
4015,在园圃UNKNOWN的第UNKNOWN个地垄上播下了种子。,57,33,0,0,False
4016,给作物施加了肥料。,57,33,0,0,False
4017,作物正在健康成长。,57,33,0,0,False
4018,处理掉了枯萎的作物，重新整理了土壤。,57,33,0,0,False
4019,没有“”的权限。,60,9,0,0,False
4020,请将名字控制在7个字符之内。,60,9,0,0,False
4021,名字中含有不可以连续使用的字符。,60,9,0,0,False
4022,名字中含有多余的空格。,60,9,0,0,False
4023,您正处于防沉迷状态，无法播种。,60,129,0,0,False
4024,您正处于防沉迷状态，无法收获。,60,129,0,0,False
4025,处理掉了作物，重新整理了土壤。,57,33,0,0,False
4026,没有“”的权限。,60,9,0,0,False
4027,金币不足。,60,9,0,0,False
4028,房屋内增设了UNKNOWN号房间。,57,33,0,0,False
4029,部队消息：房屋内增设了UNKNOWN号房间。,69,1,0,0,False
4030,部队消息：在房屋内增设了UNKNOWN号房间。,69,33,0,0,False
4031,无法使用指令，房间里有人。,60,9,0,0,False
4032,房屋内拆除了UNKNOWN号房间。,57,33,0,0,False
4033,部队消息：房屋内拆除了UNKNOWN号房间。,69,1,0,0,False
4034,部队消息：在房屋内拆除了UNKNOWN号房间。,69,33,0,0,False
4035,无法移动，该房间已被拆除。,60,9,0,0,False
4036,无法移动，现在已经身处目标房间内。,60,9,0,0,False
4037,无法移动，该房间禁止外人拜访。,60,9,0,0,False
4038,无法修改房间设置，该房间已被拆除。,60,9,0,0,False
4039,房间名修改失败。,60,9,0,0,False
4040,房间名成功修改为“UNKNOWN”。,57,33,0,0,False
4041,无法退出部队，退出之前需要先拆除自己的房间。,60,9,0,0,False
4042,无法除名，部队房屋中还留有该队员的房间。,60,9,0,0,False
4043,无法拆除，房间中还留有家具。,60,9,0,0,False
4044,身处部队的土地之外时无法拆除。,60,9,0,0,False
4045,无法拆除房屋，里面还留有个人房间。,60,9,0,0,False
4046,无法执行，所有资产均已被住宅区管理人所回收。,60,9,0,0,False
4047,已被部队除名，个人房间也已被拆除。,57,33,0,0,False
4048,已被部队除名，个人房间也已被拆除。,57,33,0,0,False
4049,已被部队除名，个人房间也已被拆除。所有家具都被住宅区管理人所回收。,57,33,0,0,False
4050,已被部队除名，个人房间也已被拆除。所有家具都被住宅区管理人所回收。,57,33,0,0,False
4051,住宅区管理人所回收的家具均已被销毁。,57,33,0,0,False
4052,住宅区管理人所回收的家具均已被销毁。,57,33,0,0,False
4053,向宠物做出了最后的道别，重新整理了土壤。,57,33,0,0,False
4054,的味道真不错！,57,33,0,0,False
4055,的最后一口味道仍然很不错！,57,33,0,0,False
4056,操作已取消，没有“”的权限。,60,9,0,0,False
4057,购买了UNKNOWN号房间。,57,33,0,0,False
4058,无法进行该操作，房间中有人。,60,9,0,0,False
4059,无法进行该操作，房间中还留有家具。,60,9,0,0,False
4060,拆除了UNKNOWN号房间。,57,33,0,0,False
4061,无法移动，该房间已被拆除。,60,9,0,0,False
4062,无法移动，现在已经身处目标房间内。,60,9,0,0,False
4063,无法移动，该房间禁止外人拜访。,60,9,0,0,False
4064,购买了第UNKNOWN区UNKNOWN号土地。,57,1,0,0,False
4065,将“”建设到了第UNKNOWN区UNKNOWN号土地上。,57,1,0,0,False
4066,拆除了“UNKNOWN”。,57,1,0,0,False
4067,放弃了第UNKNOWN区UNKNOWN号土地。,57,1,0,0,False
4068,已经没剩下什么了……,60,9,0,0,False
4069,房间名修改失败。,60,9,0,0,False
4070,部队指令处理失败。,60,9,0,0,False
4071,没有“”的权限。,60,9,0,0,False
4072,将“”设置到了UNKNOWN号转轴上。,57,33,0,0,False
4073,无法撤下正在充能的转轴。,60,9,0,0,False
4074,将UNKNOWN号转轴上的“”撤了下来。,57,33,0,0,False
4075,无法获取道具，背包已满。,60,9,0,0,False
4076,从UNKNOWN号转轴上获取了“”。,57,33,0,0,False
4077,将“”储备了下来。,69,33,0,0,False
4078,将“”储备了下来。,69,1,0,0,False
4079,该家具只能布置在部队房屋中。,60,9,0,0,False
4080,无法撤除，转轴上仍设置有转轮。,60,9,0,0,False
4081,房间名成功修改为“UNKNOWN”。,57,33,0,0,False
4082,您正处于防沉迷状态，无法设置转轮。,60,9,0,0,False
4083,您正处于防沉迷状态，无法撤除转轮。,60,9,0,0,False
4084,您正处于防沉迷状态，无法获取转轮。,60,9,0,0,False
4085,没有“”的权限。,60,9,0,0,False
4086,没有“”的权限。,60,9,0,0,False
4087,没有“”的权限。,60,9,0,0,False
4088,没有“”的权限。,60,9,0,0,False
4089,没有“”的权限。,60,9,0,0,False
4090,没有“”的权限。,60,9,0,0,False
4091,您正处于防沉迷状态，无法在庭院中安排雇员待命。,60,8,0,0,False
4092,您正处于防沉迷状态，无法撤走雇员。,60,8,0,0,False
4093,您正处于防沉迷状态，无法更换角色。,60,8,0,0,False
4094,您正处于防沉迷状态，无法修改公开设置。,60,8,0,0,False
4095,金币不足。,60,9,0,0,False
4096,增建了部队工房。,57,33,0,0,False
4097,增建了部队工房。,69,33,0,0,False
4098,移动到部队房屋内才能执行该操作。,60,9,0,0,False
4099,无法进行该操作，部队工房中还有飞空艇、潜水艇或正在合建的道具。,60,9,0,0,False
4100,无法进行该操作，部队工房中有人。,60,9,0,0,False
4101,拆除了部队工房。,57,33,0,0,False
4102,拆除了部队工房。,69,33,0,0,False
4103,您正处于防沉迷状态，无法刷新。,60,8,0,0,False
4104,将雇员的市场出售记录设成了“公开”。,57,33,0,0,False
4105,将雇员的市场出售记录设成了“非公开”。,57,33,0,0,False
4106,安排下了雇员UNKNOWN。,57,33,0,0,False
4107,更新了雇员的容貌和装备设置。,57,33,0,0,False
4108,雇员的雇用契约已过期，无法进行该操作。,60,8,0,0,False
4109,飞空艇或潜水艇操作处理失败。,60,9,0,0,False
4110,无法进行该操作，已达到所需数量。,60,9,0,0,False
4111,无法进行该操作，未持有所需道具。,60,9,0,0,False
4112,无法进行该操作，本日已进行过交纳。,60,9,0,0,False
4113,品质上升了UNKNOWN！,57,1,0,0,False
4114,交纳了所需的所有材料！,69,33,0,0,False
4115,您正处于防沉迷状态，无法进行交纳。,60,9,0,0,False
4116,您正处于防沉迷状态，无法进行制作。,60,9,0,0,False
4117,无法进行该操作，正在制作其他道具。,60,9,0,0,False
4118,无法进行该操作，等级不够。,60,9,0,0,False
4119,部队合建设备启动了的制作工程。,57,33,0,0,False
4120,您正处于防沉迷状态，无法控制工程的进展。,60,9,0,0,False
4121,,0,0,0,0,False
4122,只有制作职业才能执行该操作。,60,9,0,0,False
4123,,0,0,0,0,False
4124,,0,0,0,0,False
4125,,0,0,0,0,False
4126,工程有所进展。,57,33,0,0,False
4127,"工程有所进展，
制作完成。",57,33,0,0,False
4128,您正处于防沉迷状态，无法收取道具。,60,9,0,0,False
4129,无法收取道具，背包已满。,60,9,0,0,False
4130,从部队合建设备中回收了。,57,33,0,0,False
4131,中止了部队合建设备中的制作工程。,57,33,0,0,False
4132,您正处于防沉迷状态，无法进行设计。,60,9,0,0,False
4133,无法进行该操作，设计图已绘制完毕。,60,9,0,0,False
4134,无法进行该操作，没有绘制设计图所需要的道具。,60,9,0,0,False
4135,"“”绘制完毕，
部队合建笔记中加入新的制作配方！",57,65,0,0,False
4136,没有“”的权限。,60,9,0,0,False
4137,没有“”的权限。,60,9,0,0,False
4138,没有“”的权限。,60,9,0,0,False
4139,没有“”的权限。,60,9,0,0,False
4140,没有“”的权限。,60,9,0,0,False
4141,没有“”的权限。,60,9,0,0,False
4142,无法进行该操作，其他玩家正在操作该飞空艇。,60,9,0,0,False
4143,无法进行该操作，不足。,60,9,0,0,False
4144,未满足必要条件，无法进行登记。,60,9,0,0,False
4145,已将第UNKNOWN架飞空艇登记为“UNKNOWN”。,57,33,0,0,False
4146,将第UNKNOWN架飞空艇登记为“”。,69,33,0,0,False
4147,交纳了材料。,57,1,0,0,False
4148,已将第UNKNOWN架飞空艇的名字更改为“UNKNOWN”。,57,33,0,0,False
4149,背包已满，无法获得返还的道具。,60,9,0,0,False
4150,拆解了登记为“UNKNOWN”的第UNKNOWN架飞空艇。,57,33,0,0,False
4151,拆解了登记为“”的第UNKNOWN架飞空艇。,69,33,0,0,False
4152,您正处于防沉迷状态，无法进行出发操作。,60,9,0,0,False
4153,您正处于防沉迷状态，无法进行完成确认。,60,9,0,0,False
4154,无法进行该操作，出发所需的不足。,60,9,0,0,False
4155,无法进行该操作，飞空艇等级不足。,60,9,0,0,False
4156,无法进行该操作，航行距离超过极限。,60,9,0,0,False
4157,无法进行该操作，不到UNKNOWN。,60,9,0,0,False
4158,飞空艇“UNKNOWN”出发了。,57,33,1,0,False
4159,飞空艇“UNKNOWN”的探索中止了。,57,33,1,0,False
4160,背包或水晶槽已满，无法获得道具。,60,9,0,0,False
4161,接受了“UNKNOWN”探索完成的报告。,57,33,0,0,False
4162,接受了“”探索完成的报告。,69,33,1,0,False
4163,发现了目的地“”！,57,33,1,0,False
4164,升级！飞空艇“UNKNOWN”升到了UNKNOWN级！,57,33,0,0,False
4165,通过飞空艇“UNKNOWN”的探索，工房可以登记第UNKNOWN架飞空艇了。,57,33,0,0,False
4166,无法进行交换，部队等级过低。,60,9,0,0,False
4167,无法进行交换，背包已满。,60,9,0,0,False
4168,修理了。,57,33,0,0,False
4169,未持有修理所必需的。,60,9,0,0,False
4170,不需要修理。,60,9,0,0,False
4171,先拆除部队工房后才能拆除房屋。,60,9,0,0,False
4172,将房间的亮度设成了UNKNOWN。,57,1,0,0,False
4173,无法进行该操作，配件已损坏。,60,9,0,0,False
4174,部队合建笔记中加入的制作配方！,57,1,0,0,False
4175,已将雇员武器设定为“显示”。,57,33,0,0,False
4176,已将雇员武器设定为“不显示”。,57,33,0,0,False
4177,切换了雇员的姿势。,57,33,0,0,False
4178,无法执行，正在推进工程进展。,60,9,0,0,False
4179,发现了“云冠群岛夜晚探索”的航线！,57,33,0,0,False
4180,发现了“云冠群岛夜晚探索”的航线！,69,33,0,0,False
4181,无法执行，没有与队伍数量相应的可出发飞空艇。,60,9,0,0,False
4182,无法执行，飞空艇“UNKNOWN”现为已出港状态。,60,9,0,0,False
4183,无法执行，飞空艇“UNKNOWN”已被分配。,60,9,0,0,False
4184,无法执行，飞空艇“UNKNOWN”现为乘飞空艇出发探索或未确认探索结果状态。,60,9,0,0,False
4185,无法执行，飞空艇“UNKNOWN”有部件损坏。,60,9,0,0,False
4186,无法执行，飞空艇“UNKNOWN”等级不足。,60,9,0,0,False
4187,无法执行，飞空艇“UNKNOWN”的不到UNKNOWN。,60,9,0,0,False
4188,无法执行，该飞空艇现为乘船探索状态。,60,9,0,0,False
4189,"没有“”权限，
只能阅览情报。",57,65,0,0,False
4190,"没有“”权限，
只能阅览情报。",57,65,0,0,False
4191,"没有“”权限，
只能阅览情报。",57,65,0,0,False
4192,"没有“”权限，
只能阅览情报。",57,65,0,0,False
4193,现在无法使用该指令。,60,9,0,0,False
4194,无法进行该操作，必须先进入到公寓的大厅内。,60,9,0,0,False
4195,无法进行该操作，房间不存在。,60,9,0,0,False
4196,无法进行该操作，房间已全部售出。,60,9,0,0,False
4197,正被寄养在公寓的陆行鸟房。,60,9,0,0,False
4198,无法撤除，陆行鸟正被寄养在鸟房。,60,9,0,0,False
4199,暂时无法移动到该区域。,57,65,0,0,False
4200,,0,0,0,0,False
4201,UNKNOWN号转轴上已经设置有其他转轮了。,60,9,0,0,False
4202,手中没有能够设置在UNKNOWN号转轴上的转轮。,60,9,0,0,False
4203,当前没有可以设置的转轴。,60,9,0,0,False
4204,无法在UNKNOWN号转轴上设置等级不同的转轮。,60,9,0,0,False
4205,存在无法使用的字词。,60,9,0,0,False
4206,请控制在7个字符之内。,60,9,0,0,False
4207,含有不可以连续使用的字符。,60,9,0,0,False
4208,含有多余的空格。,60,9,0,0,False
4209,一体型房屋无法设定该项目。,60,9,0,0,False
4210,没有满足参加条件，队长提交的参加申请没有通过。,60,9,0,0,False
4211,任务没有开放,60,1,0,0,False
4212,职业等级不足,60,1,0,0,False
4213,平均装备品级,60,1,0,0,False
4214,退出惩罚,60,1,0,0,False
4215,当前职业不符,60,1,0,0,False
4216,处于防沉迷状态,60,129,0,0,False
4217,现在任务中所有的成员都已经附加了强化状态。,57,65,0,0,False
4218,当前任务会随着每次挑战失败而逐渐对队员进行强化。,57,65,0,0,False
4219,当前强化状态下，攻击造成的伤害、体力恢复效果以及最大体力均提升了UNKNOWN%。,57,65,0,0,False
4220,任务剩余时间不足10分钟，无法补充新队员。,57,1,0,0,False
4221,完成任务,60,1,0,0,False
4222,加入大国防联军,60,1,0,0,False
4223,无法进行申请，当前小队中的队员不属于同一军队。,60,9,0,0,False
4224,"当前任务设有品级同步限制（UNKNOWN级）。
在品级同步状态下，所有装备的性能都会被调整至规定的品级之下。",57,65,0,0,False
4225,"队伍中有初次执行该任务的队员。
在完成任务时会获得额外的UNKNOWN个。",57,65,0,0,False
4226,队伍中有初次完成该任务的队员，获得了额外的奖励。,57,1,0,0,False
4227,条件不足,60,1,0,0,False
4228,"在本次任务中，
初次执行的队员所获得的经验值与金币会有所提高，
同时所有队员都会处于超越之力的强化状态。",57,65,0,0,False
4229,免费试用期,60,1,0,0,False
4230,在可以获取报酬的队员之间开始了宝箱确定投票。,57,33,0,0,False
4231,根据可以获取报酬的队员的投票情况确定了宝箱的数量。,57,33,0,0,False
4232,宝箱出现数量已确定。,57,33,0,0,False
4233,UNKNOWN名队员中有UNKNOWN人可以获取报酬，宝箱的数量将从UNKNOWN个变为UNKNOWN个。,57,513,0,0,False
4234,本任务中宝箱的数量会随报酬出现时小队的成员数量发生变化。,57,33,0,0,False
4235,可以获取报酬的队员之间正在进行宝箱确定投票。,57,33,0,0,False
4236,所有队员都在场，将会出现正常数量的宝箱。,57,33,0,0,False
4237,"宝箱数量为0时投票无法成立。
请等待可以获取报酬的队员到齐。",57,513,0,0,False
4238,由于完成任务时UNKNOWN名队员中有UNKNOWN人可以获取报酬，宝箱的数量从UNKNOWN个变为了UNKNOWN个。,57,513,0,0,False
4239,当前没有队员可以获取报酬，在宝箱数量确定之前将会等待5分钟。,57,513,0,0,False
4240,正在等待可以获取报酬的队员回归，宝箱数量暂时无法确定。,57,513,0,0,False
4241,5分钟已过，宝箱数量已确定完毕。,57,33,0,0,False
4242,放弃了修改中的设置。,57,32,0,0,False
4243,クラスにチェンジすることはできません。,60,9,0,0,False
4244,根据参赛级别，对竞赛陆行鸟的能力进行了调整。,57,65,0,0,False
4245,任务中玩家之间可以使用小队频道了。,57,1025,0,0,False
4246,UNKNOWN名队员中有UNKNOWN人可以获取报酬，宝箱的数量将从UNKNOWN个变为UNKNOWN个。,57,33,0,0,False
4247,在小队队长的设定下，超越之力变得无效化。,57,33,0,0,False
4248,"伴随着解除限制，附加了强化状态。
攻击造成的伤害、体力恢复效果以及最大体力均提升了UNKNOWN%。",57,33,0,0,False
4249,无法在市场买卖该道具。,60,8,0,0,False
4250,无法选择魔晶石以外的道具。,60,8,0,0,False
4251,一次只能选择5颗魔晶石。,60,8,0,0,False
4252,无法进行魔晶石合成。,60,9,0,0,False
4253,无法进行魔晶石合成，背包已满。,60,9,0,0,False
4254,请选择作为合成材料的魔晶石。,60,8,0,0,False
4255,已经选择过该魔晶石了。,60,8,0,0,False
4256,合成出了“”！,57,33,0,0,False
4257,在任务中无法领取奖励。,60,9,0,0,False
4258,正在回收魔晶石，无法进行该操作。,60,9,0,0,False
4259,无法保存，设置的场景标记不存在。,60,8,0,0,False
4260,将嵌写到了上。,57,33,0,0,False
4261,   值升到了UNKNOWN！,57,1,0,0,False
4262,中断嵌写魔晶石。,57,9,0,0,False
4263,嵌写失败，失去了……,57,9,0,0,False
4264,当前区域无法使用指定的场景标记。,60,8,0,0,False
4265,没有“”。,60,8,0,0,False
4266,投影台中所保存的幻影数量已达上限，无法保存更多幻影。,60,8,0,0,False
4267,无法放入投影模板，种族或性别不同。,60,8,0,0,False
4268,耐久度未满100%的物品无法进行幻影化。,60,8,0,0,False
4269,无法进行投影，武器的种类不符。,60,8,0,0,False
4270,没有能够装备的道具。,60,9,0,0,False
4271,该道具无法装备到当前位置。,60,9,0,0,False
4272,没有修理所必需的。,60,9,0,0,False
4273,不需要修理。,60,9,0,0,False
4274,超过承载力，无法进行装备。,60,9,0,0,False
4275,等级不够，无法进行装备。,60,9,0,0,False
4276,没有空位，无法进行登记。,60,9,0,0,False
4277,无法对该配件进行染色。,60,9,0,0,False
4278,不足。,60,8,0,0,False
4279,离开了可用区域，投影模板已关闭。,60,8,0,0,False
4280,未持有对应道具。,60,8,0,0,False
4281,主配件上留有空槽，无法确定。,60,9,0,0,False
4282,该职业等级大于UNKNOWN级才能进行交纳。,60,9,0,0,False
4283,只有在房屋内才能拆除部队工房。,60,9,0,0,False
4284,现在无法使用该指令。,60,9,0,0,False
4285,中选结果公布后90天内未领取返还金，现已逾期无法领取。,57,1,0,0,False
4286,无法进行该操作，不足。,60,9,0,0,False
4287,无法进行该操作，航行距离超过极限。,60,9,0,0,False
4288,无法进行该操作，不到UNKNOWN。,60,9,0,0,False
4289,无法进行出港，配件损坏。,60,9,0,0,False
4290,无法进行出港，需要修理配件。,60,9,0,0,False
4291,无法执行，现正在远征中。,60,9,0,0,False
4292,无法变更，现正在远征中。,60,9,0,0,False
4293,只能阅览情报，飞空艇的部件损坏。,60,33,0,0,False
4294,只能阅览情报，自己不是队长。,60,33,0,0,False
4295,只能阅览情报，未组成队伍。,60,33,0,0,False
4296,放弃了修改中的设置。,57,32,0,0,False
4297,,0,0,0,0,False
4298,用交换了×UNKNOWN。,57,1,0,0,False
4299,道具交换失败。,60,9,0,0,False
4300,该装备没有投影效果，无法解除。,60,8,0,0,False
4301,请选择要解除投影的装备。,60,8,0,0,False
4302,无法投影，装备部位不匹配。,60,8,0,0,False
4303,无法投影，投影效果不能叠加。,60,8,0,0,False
4304,无法投影，该装备不支持投影。,60,8,0,0,False
4305,无法投影，目标装备比原型装备等级低。,60,8,0,0,False
4306,无法投影，目标装备与原型装备对应的性别不同。,60,8,0,0,False
4307,无法投影，目标装备与原型装备对应的种族不同。,60,8,0,0,False
4308,无法投影，目标装备与原型装备对应的职业不同。,60,8,0,0,False
4309,将的外型投影到了上。,54,1,0,0,False
4310,解除了上的武具投影。,54,1,0,0,False
4311,投影中的原型装备无法染色。,60,9,0,0,False
4312,投影后的装备无法到市场上出售。,60,9,0,0,False
4313,投影后的装备无法交易给他人。,60,9,0,0,False
4314,投影后的装备无法使用莫古力邮件发送。,60,9,0,0,False
4315,投影后的装备无法放入部队储物柜。,60,9,0,0,False
4316,该场所无法使用投影模板进行武具投影。,60,9,0,0,False
4317,投影模板UNKNOWN无已幻影化的装备。,60,9,0,0,False
4318,投影模板UNKNOWN无法投影于当前装备。,60,9,0,0,False
4319,分解道具时无法进行该操作。,60,8,0,0,False
4320,无法进行分解，没有满足等级要求。,60,8,0,0,False
4321,成功分解了！,57,1,0,0,False
4322,   获得了。,57,1,0,0,True
4323,   获得了×UNKNOWN。,57,1,0,0,True
4324,"道具分解失败……
  失去了。",57,33,0,0,False
4325,的分解技能提升了UNKNOWN.00点！,64,1,0,0,False
4326,的分解技能下降了UNKNOWN.00点……,64,1,0,0,False
4327,现在可以使用30级或以上的能工巧匠职业分解道具了！,57,1,0,0,False
4328,现在可以使用分解道具了！,57,1,0,0,False
4329,将的分解技能重置了。,57,1,0,0,False
4330,向雇员下达了“UNKNOWN级 ”的探险委托。,57,33,0,0,False
4331,向雇员下达了“UNKNOWN级 ”的探险委托。,57,33,0,0,False
4332,雇员成功完成了“UNKNOWN级 ”的探险委托。,57,33,1,0,False
4333,雇员成功完成了“UNKNOWN级 ”的探险委托。,57,33,1,0,False
4334,交给UNKNOWN枚。,57,1,0,0,False
4335,已经到达了等级限制。雇员的等级无法超过雇主同一职业的等级。,57,33,0,0,False
4336,撤销了雇员正在进行的“UNKNOWN级 ”的探险委托。,57,33,0,0,False
4337,撤销了雇员正在进行的“UNKNOWN级 ”的探险委托。,57,33,0,0,False
4338,无法完成委托，背包里需要至少2格空位。,60,8,0,0,False
4339,您正处于防沉迷状态，无法向雇员下达委托或完成已有委托。,60,129,0,0,False
4340,请先脱下主手之外的所有装备。,60,9,0,0,False
4341,雇员UNKNOWN成功完成了探险！,57,33,1,0,False
4342,雇员的契约已过期。,57,33,1,0,False
4343,进一步提升雇员的装备或许可以探索到珍贵的物品。,57,1,0,0,False
4344,雇员的装备水平已经足够探索到珍贵物品了。,57,1,0,0,False
4345,探索到了珍贵物品！,62,1,0,0,False
4346,探索到了珍贵物品×UNKNOWN！,62,1,0,0,False
4347,再进一步提升雇员的装备或许可以探索到更加珍贵的物品。,57,1,0,0,False
4348,您正处于防沉迷状态，无法分解道具。,60,129,0,0,False
4349,您正处于防沉迷状态，无法使用道具。,60,129,0,0,False
4350,“典礼请柬”制作成功。,57,33,0,0,False
4351,无法制作“典礼请柬”，背包已满。,60,9,0,0,False
4352,无法制作“典礼请柬”，制作数量已达上限。,60,9,0,0,False
4353,"整个典礼的每个阶段都有相应的时间规定，时间一到会自动进入下一个阶段。
二位新人都使用“同心铃”后可以跳过剩余时间直接进入下一阶段。",57,33,0,0,False
4354,更换好典礼用的服装之后，请选中“登记簿”进行确认以开始最后的准备。,57,33,0,0,False
4355,二位新人都使用“同心铃”之后，典礼仪式将正式开始。,57,33,0,0,False
4356,如果新人在3分钟（地球时间）内无法准备完毕，典礼仪式将会延期。,57,33,0,0,False
4357,准备时间超出了规定时间，本次典礼已被取消，请重新安排典礼的日期并重新向来宾发送请柬。,57,33,0,0,False
4358,正式的典礼仪式将在久远圣堂中举办，请利用现在的时间更换您的服装。,57,33,0,0,False
4359,仪式准备已经完成，来宾们可以进入会场了。,57,33,0,0,False
4360,在典礼之后，所有来宾都可以获得一份特殊的谢礼。,57,33,0,0,False
4361,通过“说话”频道或者“喊话”频道向各位来宾打个招呼吧。,57,33,0,0,False
4362,现在是自由活动的时间。,57,33,0,0,False
4363,新人和来宾可以在会场里自由移动，互相畅谈以及合影留念。,57,33,0,0,False
4364,已使用投影模板UNKNOWN进行武具投影。,57,1,0,0,False
4365,您与伴侣都已经进入更衣室了。,57,17,0,0,False
4366,操作完毕，请等待伴侣的操作。,57,17,0,0,False
4367,操作完毕，典礼即将进行至下一阶段。,57,17,0,0,False
4368,典礼方案选择完毕，正在等待伴侣的决定。,57,17,0,0,False
4369,二位没有选择同样的方案，请再次确认。,60,9,0,0,False
4370,典礼将会按照Firstname Lastname的方案进行。,57,17,0,0,False
4371,新人没有到场或新人背包已满的情况下无法结束典礼。请重新安排典礼的日期。,57,33,0,0,False
4372,放弃了已更改的设置。,57,32,0,0,False
4373,"仪式已经接近了尾声，时间一到会自动结束典礼。
二位新人都使用“同心铃”后可以跳过剩余时间直接结束典礼。",57,33,0,0,False
4374,无法进入会场，可能是没有得到入场的许可，或者典礼已经结束。,60,1,0,0,False
4375,无法推进任务，可能是自己或伴侣的背包已满，或者手中没有誓言手镯。请重新安排典礼的日期。,60,1,0,0,False
4376,用作为交换，获得了！,62,1,0,0,False
4377,"二位新人由于某些原因需要重新举办典礼。
所以现在无法得到送给来宾的礼品。",60,9,0,0,False
4378,"使用投影模板UNKNOWN进行投影时，有部分部位投影失败。
可能是被投影装备的种类不同，或模板装备的种族/性别不正确。",60,9,0,0,False
4379,无法进行该操作，正在精选中。,60,8,0,0,False
4380,已将幻影化，保存进投影台。,57,17,0,0,False
4381,已将的幻影从投影台删除。,57,1,0,0,False
4382,投影模板UNKNOWN保存完毕。,57,1,0,0,False
4383,已将的幻影还原成物品，并从投影台中取出。,57,17,0,0,False
4384,通过投影模板解除了武具投影。,57,1,0,0,False
4385,找到了UNKNOWN个配方。,57,33,0,0,False
4386,找到了UNKNOWN个配方，只显示前UNKNOWN个。,57,33,0,0,False
4387,未找到该配方。,60,8,0,0,False
4388,筛选条件已解除。,57,33,0,0,False
4389,常用列表已满，无法继续添加。,60,8,0,0,False
4390,找不到相关任务。,57,33,0,0,False
4391,"搜索结果过多，搜索中止了。
请增加检索文字后再次进行搜索。",60,8,0,0,False
4392,只能以UNKNOWN播放。,60,8,0,0,False
4393,分解道具中断了。道具未被分解，请重试。,60,8,0,0,False
4394,无法申请参加，已达到可申请次数的上限。,60,9,0,0,False
4395,在小队队长的设定下，以自由探索状态进入了任务。,57,33,0,0,False
4396,精选中断了。未能获得精选后的道具，请重试。,60,8,0,0,False
4397,因未完成该任务，无法申请参加自由探索。,60,9,0,0,False
4398,只有完成过的任务才能申请参加自由探索。,60,9,0,0,False
4399,,0,0,0,0,False
4400,黄道文书«  +UNKNOWN»中«»分类下的所有内容均已完成！,57,33,0,0,False
4401,黄道文书«  +UNKNOWN»已完成！成功变为+UNKNOWN！,57,1,0,0,False
4402,黄道文书«  +UNKNOWN»，讨伐 UNKNOWN/UNKNOWN,57,1,0,0,False
4403,黄道文书«  +UNKNOWN»，完成危命任务“”,57,1,0,0,False
4404,黄道文书«  +UNKNOWN»，完成理符任务“”,57,1,0,0,False
4405,“”消失了……,57,1,0,0,False
4406,无法获得，背包已满。,57,9,0,0,False
4407,无法使用黄道透镜，没有装备对应的武器。,60,9,0,0,False
4408,您正处于防沉迷状态，无法完成黄道文书中的项目。,60,1,0,0,False
4409,,0,0,0,0,False
4410,没有满足条件，无法接受通缉令。,60,9,0,0,False
4411,怪物狩猎“”讨伐 UNKNOWN/UNKNOWN,57,1,0,0,False
4412,“”狩猎成功！,57,33,0,0,False
4413,获得了0枚。,62,33,0,0,False
4414,无法接受非所属军队的通缉令。,60,9,0,0,False
4415,"接受了通缉令“”。
在任务道具一栏中可以随时查看通缉令的内容。",57,1,0,0,False
4416,放弃了“”。,57,1,0,0,False
4417,数量已达到上限，无法获取更多的。,60,9,0,0,False
4418,无法接受通缉令，请稍后再试。,60,9,0,0,False
4419,根据雇员的装备性能，自由探索委托完成时获得了特别收获！,57,1,0,0,False
4420,占领了！,57,33,0,0,False
4421,恢复成了中立状态！,57,33,0,0,False
4422,太阳之路防卫塔的兵器传送装置启动了！,57,33,0,0,False
4423,打倒了！,57,33,0,0,False
4424,三方各有UNKNOWN小队参战，据点数量减为3处。,57,33,0,0,False
4425,的一名队员进入了的状态！,57,33,0,0,False
4426,打倒了状态下的士兵！,57,33,0,0,False
4427,在出现了！,57,33,0,0,False
4428,三方各有UNKNOWN小队参战，怪物的出现情况已调整。,57,33,0,0,False
4429,B级的开始活动了！,57,33,0,0,False
4430,无法重复接受同一张通缉令。,60,9,0,0,False
4431,无法接受已经完成的通缉令。,60,9,0,0,False
4432,B级的的情报已枯竭！,57,33,0,0,False
4433,占领了B级的！,57,33,0,0,False
4434,B级的变为中立状态！,57,33,0,0,False
4435,三方各有UNKNOWN小队参战，亚拉戈石文的出现情况已调整。,57,33,0,0,False
4436,亚拉戈石文的占领状态刚发生转变，暂时无法占领。,57,33,0,0,False
4437,此亚拉戈石文已被己方大国防联军占领。,57,33,0,0,False
4438,当前状态下无法完成该操作。,57,33,0,0,False
4439,自动分解道具中断了。,57,33,0,0,False
4440,获得了“”。,62,33,0,0,False
4441,无法获取道具，背包已满。,60,33,0,0,False
4442,恶名精英讨伐成功，获得了相应的报酬。,57,1,0,0,False
4443,所持物品已达上限，自动分解道具中断了。,60,9,0,0,False
4444,"没有观察到任何光辉……
看起来灵魂还没有安定下来。",57,33,0,0,False
4445,"基本观察不到光辉……
看起来灵魂还没有安定下来。",57,33,0,0,False
4446,"观察到了模糊的光辉……
看起来灵魂稍微有些安定了。",57,33,0,0,False
4447,"观察到了微弱的光辉……
看起来灵魂稍微有些安定了。",57,33,0,0,False
4448,"观察到了清晰的光辉。
看起来灵魂正在变得安定。",57,33,0,0,False
4449,"观察到了明亮的光辉。
看起来灵魂正在变得安定。",57,33,0,0,False
4450,"观察到了强烈的光辉！
看起来灵魂的安定度很高了。",57,33,0,0,False
4451,"观察到了耀眼的光辉！
看起来灵魂的安定度很高了。",57,33,0,0,False
4452,"观察到了夺目的光辉！
看起来灵魂的安定度变得更高了。",57,33,0,0,False
4453,"观察到了宛如群星的光辉！
看起来灵魂的安定度变得更高了。",57,33,0,0,False
4454,"观察到了宛如新星的光辉！
看起来灵魂已经完全安定下来了。",57,33,0,0,False
4455,未满足精选所需等级。,60,8,0,0,False
4456,无法在这个地点召唤木人。,60,8,0,0,False
4457,"因为不存在两个或以上符合条件的任务，申请被取消了。
请确认任务搜索器设置中的有效条件后再次尝试。",60,9,0,0,False
4458,雇员探险的委托手续出现问题，委托取消。,60,9,0,0,False
4459,通过手机应用委托的雇员探险已完成。,57,33,0,0,False
4460,还没有学会如何饲养陆行鸟。,60,9,0,0,False
4461,非部队成员无法使用陆行鸟房。,60,8,0,0,False
4462,没有“”的权限。,60,8,0,0,False
4463,无法进行训练。,60,9,0,0,False
4464,陆行鸟正在休息。,60,8,0,0,False
4465,该道具只能对自己的陆行鸟使用。,60,9,0,0,False
4466,获得了0点经验值。,64,33,0,0,False
4467,陆行鸟喜欢上了。,57,33,0,0,False
4468,搭档的技能等级上限提升到了UNKNOWN级！,64,33,0,0,False
4469,召唤出的搭档无法寄养在陆行鸟房里。,60,9,0,0,False
4470,正在休息，无法领出来。,60,9,0,0,False
4471,部队队友正在训练，无法领出来。,60,9,0,0,False
4472,鸟房非常干净。,60,8,0,0,False
4473,打扫鸟房需要。,60,9,0,0,False
4474,鸟房打扫完毕！,57,33,0,0,False
4475,当前鸟房中没有寄养的陆行鸟。,60,8,0,0,False
4476,无法退出部队，陆行鸟还寄养在鸟房中。,60,9,0,0,False
4477,无法移除出部队，该队员的陆行鸟还寄养在鸟房中。,60,9,0,0,False
4478,没有“”的权限。,60,8,0,0,False
4479,没有能够用来奖励陆行鸟的道具。,60,9,0,0,False
4480,无法撤除鸟房，里面还有寄养的陆行鸟。,60,8,0,0,False
4481,无法召唤出寄养在鸟房中的搭档。,60,8,0,0,False
4482,将寄养在了鸟房中。,57,33,0,0,False
4483,将从鸟房中领了出来。,57,33,0,0,False
4484,搭档的技能点重置了。,64,33,0,0,False
4485,搭档正寄养在鸟房中，无法打开搭档窗口。,60,8,0,0,False
4486,现在无法获取经验值。,60,9,0,0,False
4487,正在休息。,60,8,0,0,False
4488,无法进行训练，无法获得更多经验值了。,60,9,0,0,False
4489,"搭档陆行鸟走丢了，现在无法打开搭档窗口。
去问问房屋大叔有没有什么消息吧。",57,33,0,0,False
4490,共同骑乘失败。,60,8,0,0,False
4491,"搭档陆行鸟走丢了，现在无法寄养到鸟房里。
去问问房屋大叔有没有什么消息吧。",57,33,0,0,False
4492,"搭档陆行鸟走丢了。
去问问房屋大叔有没有什么消息吧。",57,33,0,0,False
4493,没有能喂给陆行鸟的零食。,60,9,0,0,False
4494,现在好像不太想吃零食。,60,9,0,0,False
4495,高兴地吃下了。,57,33,0,0,False
4496,好像要换羽毛了。,57,33,0,0,False
4497,的羽毛颜色变成了！,57,33,0,0,False
4498,忘掉了吃过的零食。,57,33,0,0,False
4499,的羽毛颜色变回了陆行鸟黄。,57,33,0,0,False
4500,将加入了常用列表。,57,33,0,0,False
4501,常用列表中无法加入更多的宠物。,60,9,0,0,False
4502,将加入了常用列表。,57,33,0,0,False
4503,常用列表中无法加入更多的坐骑。,60,9,0,0,False
4504,已经将从常用列表中删除。,57,33,0,0,False
4505,已经将从常用列表中删除。,57,33,0,0,False
4506,无法找到当前搜索的宠物。,57,33,0,0,False
4507,无法找到当前搜索的坐骑。,57,33,0,0,False
4508,无法进行共同骑乘，空位置不足。,60,9,0,0,False
4509,您所选择的位置已经先被他人选中，自动为您选择到UNKNOWN号位置。,57,33,0,0,False
4510,正在共同骑乘坐骑，当前无法进行该操作。,60,9,0,0,False
4511,仅能从自身原始服务器所在的大区申请参加。,60,9,0,0,False
4512,数量已达到上限，无法获取更多的。,60,9,0,0,False
4513,"已经很长时间未登录至原始服务器。
请返回原始服务器，确认自身所在交流社区的权限。",57,1025,0,0,False
4514,"登录的服务器并非原始服务器。
由于设备或系统发生改变，请返回一次原始服务器。
如果已经很长时间未返回原始服务器，
请在返回的同时，确认自身所在交流社区的权限。",57,1025,0,0,False
4515,尚未获得，无法使用。,60,8,0,0,False
4516,UNKNOWN名队员中有UNKNOWN人可以获取报酬，宝箱的数量将变为UNKNOWN个。,57,33,0,0,False
4517,由于完成任务时UNKNOWN名队员中有UNKNOWN人可以获取报酬，宝箱的数量变为了UNKNOWN个。,57,33,0,0,False
4518,另外，由于队伍中有一名或以上的队员无法获得报酬，失去了部分可以从宝箱中获得的报酬。,57,33,0,0,False
4519,另外，由于队伍中有一名或以上的队员无法获得报酬，失去了部分可以从宝箱中获得的报酬。,57,33,0,0,False
4520,金币不足。,60,8,0,0,False
4521,无法购买物品，背包已满。,60,8,0,0,False
4522,无法选择该部位，与其他装备产生冲突。,60,8,0,0,False
4523,无法购买物品，道具的出售状况发生了变化。,60,8,0,0,False
4524,从服装模特身上移除了物品。,57,33,0,0,False
4525,无法购买物品，该道具为整套出售。,60,8,0,0,False
4526,出售管理雇员出售的道具数量已达上限，无法出售更多道具。,60,8,0,0,False
4527,无法进行设定，含有与服装模特职业、种族或性别不符的装备。,60,8,0,0,False
4528,雇员UNKNOWN在通过手机应用委托的雇员探险中获得了经验值。,57,33,0,0,False
4529,从背包中将以的形式进行了幻影化。,57,1,0,0,False
4530,正在进行其他消息设置，因此无法打开。,60,8,0,0,False
4531,角色设置已打开，因此中止消息设置。,60,8,0,0,False
4532,角色设置过程中无法打开。,60,8,0,0,False
4533,设置修改成功。,57,32,0,0,False
4534,将幻影化后保存在了投影台。,57,16,0,0,False
4535,,0,0,0,0,False
4536,,0,0,0,0,False
4537,,0,0,0,0,False
4538,,0,0,0,0,False
4539,未达到所关联肖像的使用条件，个人肖像设定失败。,60,9,0,0,False
4540,当前没有可交易的道具。,60,8,0,0,False
4541,需要UNKNOWN级或以上的、、才能交纳物品。,60,8,0,0,False
4542,实际切换的装备与原先保存的套装数据不符，套装与肖像的关联已解除。,60,9,0,0,False
4543,套装内容变更，套装与肖像的关联已解除。,60,9,0,0,False
4544,未发现套装所关联的肖像，套装与肖像的关联已解除。,60,9,0,0,False
4545,当前没有可以进行检验的物品。,60,8,0,0,False
4546,背包中不足UNKNOWN格空位，无法进行检验。,60,8,0,0,False
4547,套装与肖像关联成功。,57,33,0,0,False
4548,套装与肖像的关联修改成功。,57,33,0,0,False
4549,套装与肖像的关联已解除。,57,33,0,0,False
4550,任务搜索器的“通常任务”及“剧情辅助器”中增加了新的任务。,57,33,0,0,False
4551,"任务搜索器的“通常任务”及“剧情辅助器”中增加了新的任务。
开放了对应难度的木人讨伐战。",57,33,0,0,False
4552,特殊迷宫探索器的“多变迷宫”中增加了新的任务。,57,33,0,0,False
4553,特殊迷宫探索器的“异式迷宫”中增加了新的任务。,57,33,0,0,False
4554,,0,0,0,0,False
4555,,0,0,0,0,False
4556,,0,0,0,0,False
4557,,0,0,0,0,False
4558,通过清除掉威胁，雷克兰德的治安稍微得到了一些改善。,57,33,0,0,False
4559,通过清除掉威胁，雷克兰德的治安得到了进一步的改善。,57,33,0,0,False
4560,通过清除掉威胁，珂露西亚岛的治安稍微得到了一些改善。,57,33,0,0,False
4561,通过清除掉威胁，珂露西亚岛的治安得到了进一步的改善。,57,33,0,0,False
4562,通过清除掉威胁，安穆·艾兰的治安稍微得到了一些改善。,57,33,0,0,False
4563,通过清除掉威胁，安穆·艾兰的治安得到了进一步的改善。,57,33,0,0,False
4564,通过清除掉威胁，伊尔美格的治安稍微得到了一些改善。,57,33,0,0,False
4565,通过清除掉威胁，伊尔美格的治安得到了进一步的改善。,57,33,0,0,False
4566,通过清除掉威胁，拉凯提卡大森林的治安稍微得到了一些改善。,57,33,0,0,False
4567,通过清除掉威胁，拉凯提卡大森林的治安得到了进一步的改善。,57,33,0,0,False
4568,通过清除掉威胁，黑风海的治安稍微得到了一些改善。,57,33,0,0,False
4569,通过清除掉威胁，黑风海的治安得到了进一步的改善。,57,33,0,0,False
4570,,0,0,0,0,False
4571,,0,0,0,0,False
4572,无法出发，不在网吧。,60,8,0,0,False
4573,无法出发，有不在网吧的队员。,60,8,0,0,False
4574,将UNKNOWN种道具交给了雇员。,57,33,0,0,False
4575,持有数量已达到上限，无法获得更多的。,60,9,0,0,False
4576,获得了0个。,62,33,0,0,False
4577,持有数量已达到上限，无法获得更多的。,60,9,0,0,False
4578,"市场中出售物品的货款已经汇入雇员的账户。
汇入金额超过雇员所持金额上限，无法获得全部货款。",57,33,0,0,False
4579,开始了与的之间的交易！,57,16,0,0,False
4580,通过清除掉威胁，的治安稍微得到了一些改善！,57,33,0,0,False
4581,出售品列表中有不可在市场出售的道具。,60,8,0,0,False
4582,无法变更道具价格，该道具不可在市场出售。,60,8,0,0,False
4583,雇员备注修改成功。,57,33,0,0,False
4584,放弃了修改雇员备注。,60,8,0,0,False
4585,雇员的装备、物品或出售列表中已持有相同物品，带有珍稀属性的物品只能持有一个。,60,8,0,0,False
4586,已持有与雇员装备中的物品相同的物品，带有珍稀属性的物品只能持有一个。,60,8,0,0,False
4587,雇员所持物品已满，无法寄存所有物品。,57,33,0,0,False
4588,雇员所持物品已满，无法寄存物品。,60,8,0,0,False
4589,对雇员的同类道具合并递交已中断。,60,8,0,0,False
4590,消耗了0金币。,57,1,0,0,False
4591,消耗了。（剩余持有数量：UNKNOWN）,57,1,0,0,False
4592,获得了0枚。,62,1,0,0,False
4593,获得了×0。,62,33,0,0,False
4594,,0,0,0,0,False
4595,,0,0,0,0,False
4596,,0,0,0,0,False
4597,,0,0,0,0,False
4598,,0,0,0,0,False
4599,,0,0,0,0,False
4600,无法发送邀请，只能对小队队长发出邀请。,60,9,0,0,False
4601,无法发送邀请，对方所在小队没有满员。,60,9,0,0,False
4602,无法发送邀请，该玩家已经加入团队中了。,60,9,0,0,False
4603,无法发送邀请，已经对该玩家发送过团队邀请了。,60,9,0,0,False
4604,无法发送邀请，该玩家已经已经接到了其他团队的邀请。,60,9,0,0,False
4605,无法发送邀请，该玩家已经加入到其他编成中了。,60,9,0,0,False
4606,无法发送邀请，该玩家正在执行任务。,60,9,0,0,False
4607,无法发送邀请，该玩家的在线状态为“忙碌”。,60,9,0,0,False
4608,无法发送邀请，该玩家正在发送任务参加申请。,60,9,0,0,False
4609,无法发送邀请，该玩家处于其他区域。,60,9,0,0,False
4610,无法发送邀请，当前小队中有人呼叫出了陆行鸟搭档。,60,9,0,0,False
4611,无法发送邀请，该玩家所在小队中有人呼叫出了陆行鸟搭档。,60,9,0,0,False
4612,无法发送团队邀请。,60,9,0,0,False
4613,无法发送邀请，该玩家已被记入黑名单。,60,9,0,0,False
4614,无法发送邀请，该名称的玩家不存在，或已经下线，或处于其他区域。,60,9,0,0,False
4615,无法结成团队，只有团队队长才有结队的权限。,60,9,0,0,False
4616,向发送了团队邀请。,57,33,0,0,False
4617,接受邀请加入了团队。,57,33,0,0,False
4618,收到了发来的团队邀请。,57,33,1,0,False
4619,接受邀请加入了的团队。,57,33,0,0,False
4620,团队已解散。,57,33,1,0,False
4621,无法发送邀请，当前在线状态为“忙碌”。,60,9,0,0,False
4622,无法发送邀请，当前所在小队没有满员。,60,9,0,0,False
4623,团队结成完毕，可以申请进入任务了。,57,33,0,0,False
4624,无法发送邀请，对方小队中有下线的队员。,60,9,0,0,False
4625,无法发送邀请，当前小队中有下线的队员。,60,9,0,0,False
4626,无法结成团队，小队数量不足或含有未满8人的小队。,60,9,0,0,False
4627,,0,0,0,0,False
4628,,0,0,0,0,False
4629,,0,0,0,0,False
4630,,0,0,0,0,False
4631,,0,0,0,0,False
4632,,0,0,0,0,False
4633,,0,0,0,0,False
4634,,0,0,0,0,False
4635,,0,0,0,0,False
4636,,0,0,0,0,False
4637,,0,0,0,0,False
4638,,0,0,0,0,False
4639,,0,0,0,0,False
4640,,0,0,0,0,False
4641,,0,0,0,0,False
4642,"拉札罕柠檬令陆行鸟的羽毛颜色变回了陆行鸟黄。
重新检查鸟棚可以看到变化的效果。",57,33,0,0,False
4643,还有6小时进入换羽期。,57,33,0,0,False
4644,还有UNKNOWN小时UNKNOWN分钟进入换羽期。,57,33,0,0,False
4645,正寄养在部队房屋的鸟房中。,60,9,0,0,False
4646,正寄养在个人房屋的鸟房中。,60,9,0,0,False
4647,无法喂食，已经过了换羽期。,60,9,0,0,False
4648,将进行了绝灵化！,57,17,0,0,False
4649,散发出了模糊的光辉……,57,17,0,0,False
4650,散发出了微弱的光辉。,57,17,0,0,False
4651,散发出了清晰的光辉。,57,17,0,0,False
4652,散发出了明亮的光辉！,57,17,0,0,False
4653,散发出了强烈的光辉！,57,17,0,0,False
4654,散发出了耀眼的光辉！,57,17,0,0,False
4655,中的灵魂已经完全安定下来了！,57,17,0,0,False
4656,您正处于防沉迷状态，无法训练陆行鸟。,60,9,0,0,False
4657,现在无法使用。,60,9,0,0,False
4658,无法获取，背包已满。,60,33,0,0,False
4659,美容师增加了新的发型！,57,33,0,0,False
4660,黄道武器的“”在微弱地共鸣……,57,17,0,0,False
4661,黄道武器的“”在轻微地共鸣。,57,17,0,0,False
4662,黄道武器的“”在共鸣。,57,17,0,0,False
4663,黄道武器的“”在强烈地共鸣！,57,17,0,0,False
4664,黄道武器的“”在激烈地共鸣！,57,17,0,0,False
4665,黄道武器的“”在剧烈地共鸣！,57,17,0,0,False
4666,令黄道武器的“”完全觉醒了！,57,17,0,0,False
4667,继续喂好像也无法令换羽毛。,57,33,0,0,False
4668,要换羽的迹象消失了。,57,33,0,0,False
4669,,0,0,0,0,False
4670,已将参加条件设置为如下内容：,57,1,0,0,False
4671,UNKNOWN。,57,1,0,0,False
4672,小队构成发生变化，参加条件变为未设置。,57,1,0,0,False
4673,小队内分配方式变为了如下规则：,57,1,0,0,False
4674,UNKNOWN。,57,1,0,0,False
4675,小队构成发生变化，分配方式重置为“通常”。,57,1,0,0,False
4676,"选用“解除限制”参加任务，
打倒怪物之后将不会获得经验值或掉落道具以及精炼度。",57,33,0,0,False
4677,未设置,57,1,0,0,False
4678,无法申请参加，该任务不支持同步到“最低品级”。,60,9,0,0,False
4679,“UNKNOWN”完成时间 UNKNOWN:00,64,1,0,0,False
4680,启用最低品级同步,64,1,0,0,False
4681,参加申请时的语言设定：日语(J) 英语(E) 德语(D) 法语(F),57,1,0,0,False
4682,将语言设置为了UNKNOWN。,57,1,0,0,False
4683,未完成过该任务，无法申请参加。,60,9,0,0,False
4684,已获得该任务的周奖励，无法申请参加。,60,9,0,0,False
4685,需要转为特职方可申请参加。,60,9,0,0,False
4686,进度已经重置。请重新打开窗口。,57,33,0,0,False
4687,进度已经重置，参加申请被取消。请重新进行申请。,57,33,0,0,False
4688,"小队队长已完成过该任务且分配方式为“队长分配”，
因此无法申请参加。
请更改分配方式。",60,9,0,0,False
4689,,0,0,0,0,False
4690,"已被游戏管理员限制了任务的参加。
请等待游戏管理员方面的处理。",60,9,0,0,False
4691,已被游戏管理员强制退出了任务。,60,9,0,0,False
4692,"已被游戏管理员封锁了任务搜索器的使用，无法申请参加。
请等待游戏管理员方面的处理。",60,9,0,0,False
4693,匹配成功后若想取消参加，请在出发确认窗口中选择“辞退”。,60,9,0,0,False
4694,无法申请参加，未满足必要人数。,60,9,0,0,False
4695,含有设限特职的小队只有在以规定人数组队或解除限制的状态下才能进入符合条件的副本任务。,60,9,0,0,False
4696,データ不整合が検出されたためコンテンツファインダーサーバーの起動に失敗しました。,60,9,0,0,False
4697,由于辞退任务取消了匹配，触发退出惩罚的计数加一。,60,9,0,0,False
4698,由于辞退任务取消了匹配，进入了退出惩罚期间。,60,9,0,0,False
4699,由于小队成员辞退任务取消了匹配，触发退出惩罚的计数加一。,60,9,0,0,False
4700,由于小队成员辞退任务取消了匹配，进入了退出惩罚期间。,60,9,0,0,False
4701,,0,0,0,0,False
4702,,0,0,0,0,False
4703,,0,0,0,0,False
4704,,0,0,0,0,False
4705,小队状态出现变化，参赛申请已撤销。,60,9,0,0,False
4706,,0,0,0,0,False
4707,,0,0,0,0,False
4708,,0,0,0,0,False
4709,无法中途退出比赛。,60,8,0,0,False
4710,金碟币不足。,60,9,0,0,False
4711,UNKNOWN的提升了UNKNOWN点！,64,33,0,0,False
4712,UNKNOWN学会了“”！,64,33,0,0,False
4713,UNKNOWN遗忘了“”。,64,33,0,0,False
4714,将UNKNOWN登记为竞赛陆行鸟了。,57,33,0,0,False
4715,陆行鸟的竞赛名已改为“UNKNOWN”。,57,33,0,0,False
4716,UNKNOWN退役了。,57,33,0,0,False
4717,UNKNOWN伤心地离开了……,57,33,0,0,False
4718,陆行鸟配种成功了！,57,33,0,0,False
4719,,0,0,0,0,False
4720,,0,0,0,0,False
4721,,0,0,0,0,False
4722,可申请时间已结束，参加失败。,57,9,0,0,False
4723,不足五张卡片的卡组无法在对局中使用。,60,9,0,0,False
4724,所选卡组无法使用，自动组卡开始对局。,60,9,0,0,False
4725,超时未选择卡组，自动组卡开始对局。,57,1,0,0,False
4726,拾取金币堆，可以获得1000金碟币！,57,17,0,0,False
4727,所选的盅里装有金币堆的话，获得的金碟币翻倍！,57,17,0,0,False
4728,拾取金币堆，获得的金碟币增加了UNKNOWN！,57,33,0,0,False
4729,,0,0,0,0,False
4730,,0,0,0,0,False
4731,幻卡挑战被取消了。,60,9,0,0,False
4732,UNKNOWN学会了“”！,57,1,0,0,False
4733,无法进行幻卡挑战，背包已满。,60,9,0,0,False
4734,现在无法与进行对局。,60,9,0,0,False
4735,以UNKNOWN金碟币购买了一张号码为“0000”的仙人彩。,57,65,0,0,False
4736,与对方距离过远时对局申请将会被取消。,60,9,0,0,False
4737,拒绝了幻卡挑战。,57,33,0,0,False
4738,希望能换个规则。,57,33,0,0,False
4739,结束了幻卡挑战。,57,33,0,0,False
4740,本次大赛的排位战次数已用光。,60,9,0,0,False
4741,该玩家无法进行排位战。,60,9,0,0,False
4742,以自动组卡开始对局。,57,1,0,0,False
4743,已收录过该卡片。,60,9,0,0,False
4744,将收录进了幻卡列表。,57,33,0,0,False
4745,,0,0,0,0,False
4746,,0,0,0,0,False
4747,无法进行对局，大赛可对局的时间已经结束。,60,9,0,0,False
4748,无法再战，大赛可对局的时间已经结束。,60,9,0,0,False
4749,以卡组“UNKNOWN”开始对局。,57,1,0,0,False
4750,一段时间内没有进行任何操作，对局被取消了。,60,9,0,0,False
4751,对手消失，对局结束。,60,9,0,0,False
4752,当前区域无法进行幻卡挑战。,60,9,0,0,False
4753,不在幻卡游戏区内。,60,9,0,0,False
4754,无法将一张卡片编入同一卡组两次。,60,9,0,0,False
4755,现在无法进行幻卡挑战。,60,9,0,0,False
4756,流行规则变更，申请被取消了。,60,9,0,0,False
4757,卡组名更改成功。,57,33,0,0,False
4758,自动选择了卡片。,57,33,0,0,False
4759,卡组内容已更新。,57,33,0,0,False
4760,卡组内容已重置。,57,33,0,0,False
4761,UNKNOWN获得了0点经验值。,64,1,0,0,False
4762,升级！  UNKNOWN升到了UNKNOWN级。,64,1,0,0,False
4763,进入了幻卡游戏区。,57,1,0,0,False
4764,离开了幻卡游戏区。,57,1,0,0,False
4765,获得了0金碟币。,62,1,0,0,False
4766,无法再战，可对局时间已结束。,60,9,0,0,False
4767,无法获得所有金碟币，金碟币数量已达到上限。,60,9,0,0,False
4768,壶碎掉了……,57,1,0,0,False
4769,,0,0,0,0,False
4770,,0,0,0,0,False
4771,卡组中稀有卡过多。,60,9,0,0,False
4772,无法领取奖品，已超过可领取时间。,60,9,0,0,False
4773,现在无法使用该竞赛道具。,60,8,0,0,False
4774,现在无法使用该竞赛能力。,60,8,0,0,False
4775,放弃了对卡组内容进行的更改。,57,33,0,0,False
4776,申请参赛时无法募集队员。,60,9,0,0,False
4777,无法向黑名单中的玩家发起幻卡挑战。,60,8,0,0,False
4778,达成！,57,16,0,0,False
4779,正在等待其他参赛选手，请稍候。,57,33,0,0,False
4780,获得了0积分。,64,1,0,0,False
4781,未获得积分，大赛已结束。,60,9,0,0,False
4782,无可用卡组，幻卡挑战已被取消。,60,9,0,0,False
4783,申请参加时无法进行该操作。,60,9,0,0,False
4784,Player Player寻找目标位置！,57,1,0,0,False
4785,没什么手感……,57,1,0,0,False
4786,感觉接触到了什么东西。,57,1,0,0,False
4787,感觉离目标相当接近了。,57,1,0,0,False
4788,感觉正中目标！,57,1,0,0,False
4789,Player Player寻找目标位置！,57,1,0,0,False
4790,没什么手感……,57,1,0,0,False
4791,感觉接触到了什么东西。,57,1,0,0,False
4792,感觉离目标相当接近了。,57,1,0,0,False
4793,感觉正中目标！,57,1,0,0,False
4794,,57,1,0,0,False
4795,,57,1,0,0,False
4796,由于有UNKNOWN人参加了竞赛，获得了玩家对战奖励经验值。,64,1,0,0,False
4797,可以在陆行鸟用品商处兑换新的陆行鸟竞赛教材了。,57,33,0,0,False
4798,获得了竞速挑战的首次通关奖励金碟币！,64,1,0,0,False
4799,,0,0,0,0,False
4800,,0,0,0,0,False
4801,,0,0,0,0,False
4802,,0,0,0,0,False
4803,,0,0,0,0,False
4804,,0,0,0,0,False
4805,,0,0,0,0,False
4806,,0,0,0,0,False
4807,,0,0,0,0,False
4808,,0,0,0,0,False
4809,,0,0,0,0,False
4810,,0,0,0,0,False
4811,,0,0,0,0,False
4812,,0,0,0,0,False
4813,,0,0,0,0,False
4814,,0,0,0,0,False
4815,参加对战失败。,60,9,0,0,False
4816,,0,0,0,0,False
4817,,0,0,0,0,False
4818,,0,0,0,0,False
4819,,0,0,0,0,False
4820,,0,0,0,0,False
4821,,0,0,0,0,False
4822,,0,0,0,0,False
4823,,0,0,0,0,False
4824,在结成小队的状态下只能申请参加“玩家对战（无绩点赛）”的比赛。,60,9,0,0,False
4825,无法申请参赛，未完成“关卡挑战”的“第1关”与“第2关”。,60,9,0,0,False
4826,申请参加萌宠之王时无法招募队员。,60,9,0,0,False
4827,开放了新的关卡挑战“”。,57,33,0,0,False
4828,"任务搜索器的“金碟游乐场”中增加了新的任务。
可以申请参加萌宠之王的对战了。",57,33,0,0,False
4829,请选择对战开始时召唤的宠物！,57,17,0,0,False
4830,破坏了奥秘核石A！,57,17,0,0,False
4831,奥秘核石A被破坏了……,57,17,0,0,False
4832,对方无法使用萌宠之门A了！,57,17,0,0,False
4833,无法使用萌宠之门A了……,57,17,0,0,False
4834,敌方奥秘核石的防御力下降了！,57,17,0,0,False
4835,我方奥秘核石的防御力下降了……,57,17,0,0,False
4836,敌方无法看到远离敌方的我方宠物了！,57,17,0,0,False
4837,无法看到远离我方的敌方宠物了……,57,17,0,0,False
4838,无法申请参加“玩家对战（无绩点赛）”，小队中玩家超过两人。,60,9,0,0,False
4839,我方的萌宠之门A重启了！,57,17,0,0,False
4840,敌方的萌宠之门A重启了……,57,17,0,0,False
4841,我方的探索眼重启了！,57,17,0,0,False
4842,敌方的探索眼重启了……,57,17,0,0,False
4843,我方的防御盾重启了！,57,17,0,0,False
4844,敌方的防御盾重启了……,57,17,0,0,False
4845,对方退出战斗，我方取得了胜利！,57,33,0,0,False
4846,,0,0,0,0,False
4847,报名参加了第UNKNOWN次萌宠之王大赛！,57,33,0,0,False
4848,,0,0,0,0,False
4849,,0,0,0,0,False
4850,,0,0,0,0,False
4851,"因为没有正常进行对战而陷入惩罚状态，无法申请参赛。
惩罚时间将在15点（地球时间）被解除。",60,9,0,0,False
4852,"有队员因为没有正常进行对战而陷入惩罚状态，无法申请参赛。
惩罚时间将在15点（地球时间）被解除。",60,9,0,0,False
4853,无法申请参赛，不在可对战时间。,60,9,0,0,False
4854,未满足条件，无法发动。,60,8,0,0,False
4855,设置了陷阱！,57,17,0,0,False
4856,召唤预约已达上限！,60,8,0,0,False
4857,由于大赛规则限制，无法进行召唤。,60,8,0,0,False
4858,新手教学中，暂时无法召唤。,60,8,0,0,False
4859,当前状态无法使用。,60,8,0,0,False
4860,达成！,57,16,0,0,False
4861,无法发动，特殊技点数不足。,60,8,0,0,False
4862,无法发动，特殊技点数足够的同种宠物不在附近。,60,8,0,0,False
4863,萌宠之门遭到破坏，无法开始移动。,60,8,0,0,False
4864,无法申请参赛，队员不满足参赛条件。,60,9,0,0,False
4865,获得了0点积分。,64,1,0,0,False
4866,对方已经退出。,57,1,0,0,False
4867,无法申请参赛，目前没有正在进行中的大赛。,60,9,0,0,False
4868,,0,0,0,0,False
4869,,0,0,0,0,False
4870,无法发起幻卡挑战，正在通过九宫幻卡助手申请对局。,60,9,0,0,False
4871,无法发起幻卡挑战，对方正在通过九宫幻卡助手申请对局。,60,9,0,0,False
4872,已申请对局。,60,9,0,0,False
4873,目前并未申请对局。,60,9,0,0,False
4874,即将自动退出对局室，无法进行对局。,60,9,0,0,False
4875,即将自动退出对局室，无法申请对局。,60,9,0,0,False
4876,即将自动退出对局室，对局申请被取消了。,60,9,0,0,False
4877,陷入惩罚状态，退出了“”。,57,33,0,0,False
4878,限制时间已到，退出了“”。,57,1,0,0,False
4879,退出了“”。,57,1,0,0,False
4880,限制时间已过，对局申请被取消了。,60,9,0,0,False
4881,有人取消了对局申请，开始重新申请对局。,60,9,0,0,False
4882,离开了当前区域，对局申请被取消了。,60,9,0,0,False
4883,取消了对局申请。,60,9,0,0,False
4884,取消了对局申请。,60,9,0,0,False
4885,成功申请对局。,57,33,0,0,False
4886,无法申请对局，大赛已经结束。,60,9,0,0,False
4887,无法申请对局，并未参加大赛。,60,9,0,0,False
4888,无法申请对局，大赛的所有对局已经结束。,60,9,0,0,False
4889,大赛已经结束，对局申请被撤销了。,60,9,0,0,False
4890,目前正在准备和其他玩家进行大赛对局，无法再战。,60,9,0,0,False
4891,大赛的所有对局已经结束，对局申请被撤销了。,60,9,0,0,False
4892,无法参加大赛，目前不是大赛可对局期间。,60,9,0,0,False
4893,无法申请参赛，不在可对战时间。,60,9,0,0,False
4894,目前不是大赛可对局期间，对局申请被撤销了。,60,9,0,0,False
4895,大赛对局的结果已反映到了排名上。,57,33,0,0,False
4896,"大赛可对局的时间已结束，
大赛对局的结果未能反映到排名上。",60,9,0,0,False
4897,"大赛可对局的时间已结束。
为将成绩反映到排名上退出了对局室。",57,513,0,0,False
4898,"对局开始时有参赛者处于离线状态，
锦标赛未能开始。",60,9,0,0,False
4899,无法设定24小时以后的闹钟日程。,60,9,0,0,False
4900,经过小队全员同意，继续进行新一轮的对局。,57,33,0,0,False
4901,因有小队队员退出，无法继续对局。,57,33,0,0,False
4902,时间已到，系统利用推荐功能自动组建了卡组。,57,1,0,0,False
4903,正在设定规则，请稍等。,57,33,0,0,False
4904,设定了对局规则。,57,33,0,0,False
4905,"由于设定规则的玩家不在任务内，
将中断并退出锦标赛。",60,9,0,0,False
4906,"由于设定规则的时间已过，
本次对局规则自动设定为“选拔”。",57,33,0,0,False
4907,在对局开始之前，请稍等片刻。,57,33,0,0,False
4908,目前处于组队状态，无法参加官方锦标赛。,60,9,0,0,False
4909,,0,0,0,0,False
4910,,0,0,0,0,False
4911,,0,0,0,0,False
4912,,0,0,0,0,False
4913,,0,0,0,0,False
4914,,0,0,0,0,False
4915,,0,0,0,0,False
4916,,0,0,0,0,False
4917,,0,0,0,0,False
4918,,0,0,0,0,False
4919,,0,0,0,0,False
4920,,0,0,0,0,False
4921,,0,0,0,0,False
4922,,0,0,0,0,False
4923,,0,0,0,0,False
4924,,0,0,0,0,False
4925,,0,0,0,0,False
4926,,0,0,0,0,False
4927,,0,0,0,0,False
4928,,0,0,0,0,False
4929,,0,0,0,0,False
4930,,0,0,0,0,False
4931,,0,0,0,0,False
4932,,0,0,0,0,False
4933,,0,0,0,0,False
4934,,0,0,0,0,False
4935,,0,0,0,0,False
4936,,0,0,0,0,False
4937,,0,0,0,0,False
4938,,0,0,0,0,False
4939,,0,0,0,0,False
4940,,0,0,0,0,False
4941,,0,0,0,0,False
4942,,0,0,0,0,False
4943,,0,0,0,0,False
4944,,0,0,0,0,False
4945,,0,0,0,0,False
4946,,0,0,0,0,False
4947,,0,0,0,0,False
4948,,0,0,0,0,False
4949,,0,0,0,0,False
4950,,0,0,0,0,False
4951,,0,0,0,0,False
4952,,0,0,0,0,False
4953,,0,0,0,0,False
4954,,0,0,0,0,False
4955,,0,0,0,0,False
4956,,0,0,0,0,False
4957,,0,0,0,0,False
4958,,0,0,0,0,False
4959,,0,0,0,0,False
4960,,0,0,0,0,False
4961,,0,0,0,0,False
4962,,0,0,0,0,False
4963,,0,0,0,0,False
4964,,0,0,0,0,False
4965,,0,0,0,0,False
4966,,0,0,0,0,False
4967,,0,0,0,0,False
4968,,0,0,0,0,False
4969,,0,0,0,0,False
4970,,0,0,0,0,False
4971,,0,0,0,0,False
4972,,0,0,0,0,False
4973,,0,0,0,0,False
4974,,0,0,0,0,False
4975,,0,0,0,0,False
4976,,0,0,0,0,False
4977,,0,0,0,0,False
4978,,0,0,0,0,False
4979,,0,0,0,0,False
4980,,0,0,0,0,False
4981,,0,0,0,0,False
4982,,0,0,0,0,False
4983,,0,0,0,0,False
4984,,0,0,0,0,False
4985,,0,0,0,0,False
4986,,0,0,0,0,False
4987,,0,0,0,0,False
4988,,0,0,0,0,False
4989,,0,0,0,0,False
4990,,0,0,0,0,False
4991,,0,0,0,0,False
4992,,0,0,0,0,False
4993,,0,0,0,0,False
4994,,0,0,0,0,False
4995,,0,0,0,0,False
4996,,0,0,0,0,False
4997,,0,0,0,0,False
4998,,0,0,0,0,False
4999,,0,0,0,0,False
5000,,0,0,0,0,False
5001,,0,0,0,0,False
5002,,0,0,0,0,False
5003,,0,0,0,0,False
5004,,0,0,0,0,False
5005,,0,0,0,0,False
5006,,0,0,0,0,False
5007,,0,0,0,0,False
5008,,0,0,0,0,False
5009,,0,0,0,0,False
5010,,0,0,0,0,False
5011,,0,0,0,0,False
5012,,0,0,0,0,False
5013,,0,0,0,0,False
5014,,0,0,0,0,False
5015,,0,0,0,0,False
5016,,0,0,0,0,False
5017,,0,0,0,0,False
5018,,0,0,0,0,False
5019,,0,0,0,0,False
5020,,0,0,0,0,False
5021,,0,0,0,0,False
5022,,0,0,0,0,False
5023,,0,0,0,0,False
5024,,0,0,0,0,False
5025,,0,0,0,0,False
5026,,0,0,0,0,False
5027,,0,0,0,0,False
5028,,0,0,0,0,False
5029,,0,0,0,0,False
5030,,0,0,0,0,False
5031,,0,0,0,0,False
5032,,0,0,0,0,False
5033,,0,0,0,0,False
5034,,0,0,0,0,False
5035,,0,0,0,0,False
5036,,0,0,0,0,False
5037,,0,0,0,0,False
5038,,0,0,0,0,False
5039,,0,0,0,0,False
5040,,0,0,0,0,False
5041,,0,0,0,0,False
5042,,0,0,0,0,False
5043,,0,0,0,0,False
5044,,0,0,0,0,False
5045,,0,0,0,0,False
5046,,0,0,0,0,False
5047,,0,0,0,0,False
5048,,0,0,0,0,False
5049,,0,0,0,0,False
5050,,0,0,0,0,False
5051,,0,0,0,0,False
5052,,0,0,0,0,False
5053,,0,0,0,0,False
5054,,0,0,0,0,False
5055,,0,0,0,0,False
5056,,0,0,0,0,False
5057,,0,0,0,0,False
5058,,0,0,0,0,False
5059,,0,0,0,0,False
5060,,0,0,0,0,False
5061,,0,0,0,0,False
5062,,0,0,0,0,False
5063,,0,0,0,0,False
5064,,0,0,0,0,False
5065,,0,0,0,0,False
5066,,0,0,0,0,False
5067,,0,0,0,0,False
5068,,0,0,0,0,False
5069,,0,0,0,0,False
5070,,0,0,0,0,False
5071,,0,0,0,0,False
5072,,0,0,0,0,False
5073,,0,0,0,0,False
5074,,0,0,0,0,False
5075,,0,0,0,0,False
5076,,0,0,0,0,False
5077,,0,0,0,0,False
5078,,0,0,0,0,False
5079,,0,0,0,0,False
5080,,0,0,0,0,False
5081,,0,0,0,0,False
5082,,0,0,0,0,False
5083,,0,0,0,0,False
5084,,0,0,0,0,False
5085,,0,0,0,0,False
5086,,0,0,0,0,False
5087,,0,0,0,0,False
5088,,0,0,0,0,False
5089,,0,0,0,0,False
5090,,0,0,0,0,False
5091,,0,0,0,0,False
5092,,0,0,0,0,False
5093,,0,0,0,0,False
5094,,0,0,0,0,False
5095,,0,0,0,0,False
5096,,0,0,0,0,False
5097,,0,0,0,0,False
5098,,0,0,0,0,False
5099,,0,0,0,0,False
5100,,0,0,0,0,False
5101,,0,0,0,0,False
5102,,0,0,0,0,False
5103,,0,0,0,0,False
5104,,0,0,0,0,False
5105,,0,0,0,0,False
5106,,0,0,0,0,False
5107,,0,0,0,0,False
5108,,0,0,0,0,False
5109,,0,0,0,0,False
5110,,0,0,0,0,False
5111,,0,0,0,0,False
5112,,0,0,0,0,False
5113,,0,0,0,0,False
5114,,0,0,0,0,False
5115,,0,0,0,0,False
5116,,0,0,0,0,False
5117,,0,0,0,0,False
5118,,0,0,0,0,False
5119,,0,0,0,0,False
5120,,0,0,0,0,False
5121,,0,0,0,0,False
5122,,0,0,0,0,False
5123,,0,0,0,0,False
5124,,0,0,0,0,False
5125,,0,0,0,0,False
5126,,0,0,0,0,False
5127,,0,0,0,0,False
5128,,0,0,0,0,False
5129,,0,0,0,0,False
5130,,0,0,0,0,False
5131,,0,0,0,0,False
5132,,0,0,0,0,False
5133,,0,0,0,0,False
5134,,0,0,0,0,False
5135,,0,0,0,0,False
5136,,0,0,0,0,False
5137,,0,0,0,0,False
5138,,0,0,0,0,False
5139,,0,0,0,0,False
5140,,0,0,0,0,False
5141,,0,0,0,0,False
5142,,0,0,0,0,False
5143,,0,0,0,0,False
5144,,0,0,0,0,False
5145,,0,0,0,0,False
5146,,0,0,0,0,False
5147,,0,0,0,0,False
5148,,0,0,0,0,False
5149,,0,0,0,0,False
5150,,0,0,0,0,False
5151,,0,0,0,0,False
5152,,0,0,0,0,False
5153,,0,0,0,0,False
5154,,0,0,0,0,False
5155,,0,0,0,0,False
5156,,0,0,0,0,False
5157,,0,0,0,0,False
5158,,0,0,0,0,False
5159,,0,0,0,0,False
5160,,0,0,0,0,False
5161,,0,0,0,0,False
5162,,0,0,0,0,False
5163,,0,0,0,0,False
5164,,0,0,0,0,False
5165,,0,0,0,0,False
5166,,0,0,0,0,False
5167,,0,0,0,0,False
5168,,0,0,0,0,False
5169,,0,0,0,0,False
5170,,0,0,0,0,False
5171,,0,0,0,0,False
5172,,0,0,0,0,False
5173,,0,0,0,0,False
5174,,0,0,0,0,False
5175,,0,0,0,0,False
5176,,0,0,0,0,False
5177,,0,0,0,0,False
5178,,0,0,0,0,False
5179,,0,0,0,0,False
5180,对掷骰。,65,1,0,0,False
5181,分配方式变为了**“队长分配”**。,57,33,0,0,False
5182,分配方式变为了**“仅限贪婪”**。,57,33,0,0,False
5183,获得了新的战利品。（奖励限时提升！）,57,33,1,0,False
5184,的分配方式变更为“仅限贪婪”。,57,33,0,0,False
5185,的分配方式变更为“未设置”。,57,33,0,0,False
5186,队长尚未决定分配方式，无法掷骰。,60,8,0,0,False
5187,分配给了。,62,1,0,0,True
5188,×UNKNOWN分配给了。,62,1,0,0,True
5189,"已获得过战利品，
在下次重置前无权再次获得。",60,9,0,0,False
5190,当前分配方式下无法选择需求。,60,8,0,0,False
5191,分配失败，找不到分配对象。,60,8,0,0,False
5192,无法对已习得且无法出售的独占属性道具选择需求或贪婪。,60,9,0,0,False
5193,无法对已习得且无法出售的独占属性宠物道具选择需求或贪婪。,60,9,0,0,False
5194,请掷骰。,57,33,1,0,False
5195,请队长决定分配方式。,57,33,1,0,False
5196,无法将对方已习得且无法出售的独占属性道具分配给。,60,9,0,0,False
5197,正处于防沉迷状态，无法分配到道具。,60,9,0,0,False
5198,"无权对掷骰，
无法分配到道具。",60,9,0,0,False
5199,"战利品的显示已经达到上限，
被替换为了。",60,9,0,0,False
5200,获得了0枚。,62,33,1,0,False
5201,数量已达到上限，无法获取更多的。,60,9,1,0,False
5202,获得了0个。,62,33,1,0,False
5203,数量已达到上限，无法获取更多的。,60,9,1,0,False
5204,获得了0个。,62,33,1,0,False
5205,能量不足。,60,256,0,0,False
5206,   恢复了UNKNOWN点能量。,45,1,0,0,False
5207,Firstname Lastname被判处死刑……,57,33,0,0,False
5208,Firstname Lastname身上的光性炸弹开始放出污染蒸汽了！,57,33,0,0,False
5209,可用次数不足。,60,256,0,0,False
5210,未登记“”无法进行播放。,60,9,0,0,False
5211,学会了新的情感动作“”！,64,33,0,0,False
5212,已拥有使用此道具能获得的效果。,60,9,0,0,False
5213,可免费传送到距离在线状态为“新人”的好友最近的以太之光。,64,33,0,0,False
5214,共同骑乘状态解除，角色返回安全位置。,57,513,0,0,False
5215,该道具无法进行禁忌镶嵌。,60,9,0,0,False
5216,无法进行制作与制作练习，不是专家。,60,9,0,0,False
5217,没有足够的金币来委托镶嵌魔晶石。,60,9,0,0,False
5218,请人将镶嵌到了上。,57,1,0,0,False
5219,魔晶石的镶嵌被撤销了。,60,9,0,0,False
5220,找到了UNKNOWN项内容。,57,33,0,0,False
5221,找到了UNKNOWN项内容，只显示前UNKNOWN项。,57,33,0,0,False
5222,学会了新的情感动作“战队演武正红一式”“战队演武逆红一式”。,64,33,0,0,False
5223,学会了新的情感动作“战队演武正黑二式”“战队演武逆黑二式”。,64,33,0,0,False
5224,学会了新的情感动作“战队演武正黄三式”“战队演武逆黄三式”。,64,33,0,0,False
5225,放弃了修改中的设置。,57,32,0,0,False
5226,设置修改成功。,57,32,0,0,False
5227,    残留着同样的食物效果，持续时间延长了。,46,1,0,0,False
5228,受到“魔匠的闪念”的效果影响，最大制作力暂时提升！,57,33,0,0,False
5229,受到“起始准备”的效果影响，制作力消耗减少！,57,33,0,0,False
5230,未能开始木人歼灭战，人数已满。请稍后再试。,60,8,0,0,False
5231,组队状态下无法开始木人歼灭战。,60,8,0,0,False
5232,正处于其他任务中，无法开始木人歼灭战。,60,8,0,0,False
5233,达成了木人歼灭战的目标！,57,1,0,0,False
5234,木人歼灭战的挑战失败了……,57,33,0,0,False
5235,已离开任务范围，一定时间内没有返回任务范围内将导致任务失败。,60,8,0,0,False
5236,数量已达到上限，无法获取更多的。,60,9,0,0,False
5237,放弃了修改中的设置。,57,32,0,0,False
5238,设置修改成功。,57,32,0,0,False
5239,预设技能组成功切换为UNKNOWN“UNKNOWN”。,57,33,0,0,False
5240,无法切换职业不同的预设技能组。,60,9,0,0,False
5241,目前无法进行预设技能组的切换。,60,9,0,0,False
5242,中断了预设技能组的切换。,60,9,0,0,False
5243,对战区域中无法进行预设技能组的切换。,60,9,0,0,False
5244,获得了0枚。,62,33,0,0,False
5245,放弃了修改中的设置。,57,32,0,0,False
5246,设置修改成功。,57,32,0,0,False
5247,获得了UNKNOWN个。,62,33,0,0,False
5248,预设技能组UNKNOWN“UNKNOWN”保存完毕。,57,33,0,0,False
5249,预设技能组UNKNOWN“UNKNOWN”删除完毕。,57,33,0,0,False
5250,预设技能组名修改成功。,57,33,0,0,False
5251,预设技能组编号修改成功。,57,33,0,0,False
5252,无法切换预设技能组，技能点不足。,60,9,0,0,False
5253,以的身份参加了纷争前线！,57,33,0,0,False
5254,数量已达到上限，无法获取更多的。,60,9,0,0,False
5255,"距离战斗开始还有UNKNOWN秒！
（）",57,33,0,0,False
5256,战斗开始！,57,33,0,0,False
5257,取消了战斗开始倒计时。,57,33,0,0,False
5258,无法在战斗中执行战斗开始倒计时。,60,9,0,0,False
5259,未能执行战斗开始倒计时。,60,9,0,0,False
5260,距离战斗开始还有UNKNOWN秒！,57,33,0,0,False
5261,距离战斗开始还有UNKNOWN秒！,57,32,0,0,False
5262,"距离战斗开始还有UNKNOWN秒！
（）",57,1,0,0,False
5263,距离战斗开始还有UNKNOWN秒！,57,1,0,0,False
5264,战斗开始！,57,1,0,0,False
5265,无法使用，超出了该道具的持有上限。,60,9,0,0,False
5266,因设置有目前无法获得的道具等特殊原因，无法使用。,60,9,0,0,False
5267,因达到了效果上限，经验加速状态消失。,57,33,0,0,False
5268,获得了0个。,62,33,0,0,False
5269,当前位置无法使用。请移动到可以获得该道具的地点后再次使用。,60,9,0,0,False
5270,变换了UNKNOWN个调整水晶砂。,57,1,0,0,False
5271,无法继续变换，请将现有的调整水晶砂进行分配。,60,8,0,0,False
5272,成功培育了人造元灵。,57,33,0,0,False
5273,调整水晶砂不足。,60,8,0,0,False
5274,已达到的分配上限。,57,32,0,0,False
5275,重新调整了人造元灵。,57,33,0,0,False
5276,无法继续变换，已达到变换上限。,60,8,0,0,False
5277,不足，无法继续重新分配。,60,8,0,0,False
5278,,0,0,0,0,False
5279,,0,0,0,0,False
5280,获得了。,57,1,0,0,False
5281,获得了UNKNOWN个。,57,1,0,0,False
5282,无法进行交换，所持道具不足。,60,9,0,0,False
5283,无法进行交换，背包已满。,60,9,0,0,False
5284,没有装备，无法显示。,60,9,0,0,False
5285,没有装备和，无法显示。,60,9,0,0,False
5286,,0,0,0,0,False
5287,未接受或完成过该任务。,60,8,0,0,False
5288,现在无法显示日志。,60,8,0,0,False
5289,,0,0,0,0,False
5290,无法查看，未持有指定道具。,60,9,0,0,False
5291,背包已满，被添加到了战利品中。,57,33,1,0,False
5292,,0,0,0,0,False
5293,,0,0,0,0,False
5294,,0,0,0,0,False
5295,已保存修改。,57,65,0,0,False
5296,"进入了对战区域。
当前职业为可以进行对战的特职时，
状态参数和热键栏会被切换为对战专用版。",57,65,0,0,False
5297,放弃了修改的内容。,57,65,0,0,False
5298,无法使用该技能，未在对战额外技能中进行设置。,60,8,0,0,False
5299,在赛季举办期间，战队无法加入新队员。,60,9,0,0,False
5300,只能在起始地点调整职能技能。,60,9,0,0,False
5301,"激战的回忆刺激了“原初之魂”！
向“”证明了自己强大的“原初之魂”！",57,32,0,0,False
5302,年轻骑士的志向刺激了灵魂水晶！,57,32,0,0,False
5303,"年轻骑士心中的圣剑生根发芽，
刺激了灵魂水晶！",57,32,0,0,False
5304,在灵魂水晶的引导下领悟了战技的精髓！,57,32,0,0,False
5305,年轻骑士的决意刺激了灵魂水晶！,57,32,0,0,False
5306,成为真正的骑士的志向刺激了灵魂水晶！,57,32,0,0,False
5307,想激励同伴的意愿唤醒了古代的旋律！,57,32,0,0,False
5308,想激励同伴的意愿唤醒了古代的旋律！,57,32,0,0,False
5309,想激励同伴的意愿唤醒了古代的旋律！,57,32,0,0,False
5310,想激励同伴的意愿唤醒了古代的旋律！,57,32,0,0,False
5311,想激励同伴的意愿唤醒了古代的旋律！,57,32,0,0,False
5312,"接受斯里托·卡里托的教导，
掌握了新的尼姆军事学者知识！",57,32,0,0,False
5313,"接受斯里托·卡里托的教导，
掌握了新的尼姆军事学者知识！",57,32,0,0,False
5314,"海兵之魂燃烧！
掌握了新的尼姆军事学者知识！",57,32,0,0,False
5315,"海兵之魂燃烧！
掌握了新的尼姆军事学者知识！",57,32,0,0,False
5316,"海兵之魂燃烧！
掌握了新的尼姆军事学者知识！",57,32,0,0,False
5317,能够控制暗黑之力了！,57,32,0,0,False
5318,仪式唤醒了更多的力量！,57,32,0,0,False
5319,仪式唤醒了更多的力量！,57,32,0,0,False
5320,仪式唤醒了更多的力量！,57,32,0,0,False
5321,"接受从内心涌现的感情，
成为了Player Player的力量！",57,32,0,0,False
5322,保护他人而得到的感谢唤醒了新的力量！,57,32,0,0,False
5323,护卫之旅的完成唤醒了新的力量！,57,32,0,0,False
5324,"在阻住前路的苦难面前，
新的力量涌现而出！",57,32,0,0,False
5325,通晓暗黑骑士的奥义唤醒了新的力量！,57,32,0,0,False
5326,"将一个人守护到底……
暗黑骑士掌握了真正的强大！",57,32,0,0,False
5327,学会了火枪术的基础！,57,32,0,0,False
5328,学会了罗斯特恩斯塔尔教导的火枪术！,57,32,0,0,False
5329,学会了罗斯特恩斯塔尔教导的火枪术！,57,32,0,0,False
5330,从斯特凡尼维安手中取得了新的兵器！,57,32,0,0,False
5331,斯特凡尼维安对机工兵装进行了改良！,57,32,0,0,False
5332,学会了罗斯特恩斯塔尔教导的火枪术！,57,32,0,0,False
5333,斯特凡尼维安对机工兵装进行了改良！,57,32,0,0,False
5334,斯特凡尼维安对机工兵装进行了改良！,57,32,0,0,False
5335,学会了罗斯特恩斯塔尔教导的火枪术！,57,32,0,0,False
5336,学会了罗斯特恩斯塔尔教导的新技能！,57,32,0,0,False
5337,斯特凡尼维安对机工兵装进行了改良！,57,32,0,0,False
5338,学会了罗斯特恩斯塔尔教导的火枪术！,57,32,0,0,False
5339,历代占星术士的智慧流向了心中！,57,32,0,0,False
5340,"感受到“土天座”的光辉，
通往“土天”的门打开了！",57,32,0,0,False
5341,"感受到“炎天座”的光辉，
通往“炎天”的门打开了！",57,32,0,0,False
5342,"感受到“雷天座”的光辉，
通往“雷天”的门打开了！",57,32,0,0,False
5343,"感受到“风天座”的光辉，
通往“风天”的门打开了！",57,32,0,0,False
5344,"感受到“水天座”的光辉，
通往“水天”的门打开了！",57,32,0,0,False
5345,"感受到“冰天座”的光辉，
通往“冰天”的门打开了！",57,32,0,0,False
5346,我军的“”被破坏了……,57,33,0,0,False
5347,守护者的灵魂水晶复原了！,57,33,0,0,False
5348,友好关系提升为“”。,57,33,0,0,False
5349,并不是要找的禁书……,57,33,0,0,False
5350,,0,0,0,0,False
5351,通过与剑士们交手，学会了新的奥义！,57,32,0,0,False
5352,居里斯·高吉的爱刺激了“原初之魂”！,57,32,0,0,False
5353,一股温暖的力量从灵魂水晶中传了出来……,57,32,0,0,False
5354,通过与伙伴们并肩作战，红莲龙血融入了灵魂！,57,32,0,0,False
5355,维达盖尔特不屈的斗志点燃了你心中的火焰！,57,32,0,0,False
5356,激励同伴的心愿唤醒了新的旋律！,57,32,0,0,False
5357,触碰瑕托托的记忆，觉醒了新的黑魔法力量！,57,32,0,0,False
5358,通过重重试炼，学会了召唤秘法！,57,32,0,0,False
5359,通过与同伴浴血奋战……领悟了新的忍术！,57,32,0,0,False
5360,通过与火枪队并肩作战，想出了机工兵装的新用法！,57,32,0,0,False
5361,净化了角尊的灵魂……获得了强大的治愈之力！,57,32,0,0,False
5362,莱拉克将继承下来的知识托付给了你！,57,32,0,0,False
5363,将风水术与占星术融合，创出了新的魔法！,57,32,0,0,False
5364,,0,0,0,0,False
5365,,0,0,0,0,False
5366,,0,0,0,0,False
5367,,0,0,0,0,False
5368,,0,0,0,0,False
5369,继承自师父的抗争之心唤醒了新的力量！,57,32,0,0,False
5370,反抗命运的赤色灵魂唤醒了未知的力量！,57,32,0,0,False
5371,历代武士们创造的剑术映入了心中！,57,32,0,0,False
5372,惩奸除恶的行为令产生了共鸣！,57,32,0,0,False
5373,惩奸除恶的行为令产生了共鸣！,57,32,0,0,False
5374,惩奸除恶的行为令产生了共鸣！,57,32,0,0,False
5375,惩奸除恶的行为令产生了共鸣！,57,32,0,0,False
5376,通过与师父搏命交锋，从魂技石中继承了新的技艺！,57,32,0,0,False
5377,通过与师兄的死斗，创出了新的剑术！,57,32,0,0,False
5378,嘉蒂的动摇正在平复……,57,33,0,0,False
5379,嘉蒂找回了心中的平衡！,57,33,0,0,False
5380,嘉蒂的体力进入危险线……,57,33,0,0,False
5381,嘉蒂的体力过低……,57,33,0,0,False
5382,黄金狐的怨恨被净化了！,57,33,0,0,False
5383,黄金狐的怨恨破体而出！,57,33,0,0,False
5384,黄金狐的怨念被净化了！,57,33,0,0,False
5385,黄金狐的怨念破体而出！,57,33,0,0,False
5386,魔力石偶身上装有宝箱！,57,33,0,0,False
5387,魔力抢夺魔身上装有宝箱！,57,33,0,0,False
5388,今日のまかない：白身魚のソテー,57,33,0,0,False
5389,从袭来的野兽身上得到了！,57,32,0,0,False
5390,箱子上施有封印……,57,32,0,0,False
5391,敌人发起了攻击！,58,17,0,0,False
5392,收下了Player Player带来的物品！,57,17,0,0,False
5393,Player Player在伊奥拉心中的形象变为了黑铁工房的生命线！,57,33,0,0,False
5394,Player Player在图楠心中的形象变为了时光工房的协助者！,57,33,0,0,False
5395,Player Player在贝斯里克心中的形象变为了阿马罗的救命恩人！,57,33,0,0,False
5396,Player Player在科希·芮心中的形象变为了萨迈尔搜索队的新任队长！,57,33,0,0,False
5397,Player Player在弗里斯利克心中的形象变为了水生资源部改革的理解者！,57,33,0,0,False
5398,完成所有委托，Player Player在伊奥拉心中的形象变为了黑铁工房的拯救者！,57,33,0,0,False
5399,完成所有委托，Player Player在图楠心中的形象变为了感情的修复师！,57,33,0,0,False
5400,完成所有委托，Player Player在贝斯里克心中的形象变为了阿马罗心灵拯救者！,57,33,0,0,False
5401,完成所有委托，Player Player在科希·芮心中的形象变为了萨迈尔搜索队的名誉队长！,57,33,0,0,False
5402,完成所有委托，Player Player在弗里斯利克心中的形象变为了水生资源部改革的功臣！,57,33,0,0,False
5403,交纳了所有委托物品！,57,33,0,0,False
5404,战胜强敌，学会了新的技能！,57,32,0,0,False
5405,击败了观众们的心中黑暗，学会了新的舞蹈！,57,32,0,0,False
5406,和阿尔菲诺走散了。请再次与其同行。,57,33,0,0,False
5407,和阿莉塞走散了。请再次与其同行。,57,33,0,0,False
5408,出现了更多的敌人！！,58,17,0,0,False
5409,无法开始移动，没有完成“”任务。,60,9,0,0,False
5410,对方正在行动，无法交谈。,60,9,0,0,False
5411,期盼伙伴活下去的情感，指引着生命迈向进步……,57,32,0,0,False
5412,与夜游魂之间的盟约，点燃了自己与化身的灵魂！,57,32,0,0,False
5413,Player Player在露露夏心中的形象变为了修复遗物的帮手！,57,33,0,0,False
5414,Player Player在裘德心中的形象变为了不是那么可怕的人！,57,33,0,0,False
5415,Player Player在德布罗依心中的形象变为了可靠的工匠！,57,33,0,0,False
5416,Player Player在雏芥子心中的形象变为了恋爱的协助者！,57,33,0,0,False
5417,Player Player在茶·拉恰·提亚心中的形象变为了研究室的帮手！,57,33,0,0,False
5418,完成所有委托，Player Player在露露夏心中的形象变为了唤醒古代之声的工匠！,57,33,0,0,False
5419,完成所有委托，Player Player在裘德心中的形象变为了可以敞开心扉的朋友！,57,33,0,0,False
5420,完成所有委托，Player Player在德布罗依心中的形象变为了毕生的工匠！,57,33,0,0,False
5421,完成所有委托，Player Player在雏芥子心中的形象变为了恋爱的贡献者！,57,33,0,0,False
5422,完成所有委托，Player Player在茶·拉恰心中的形象变为了研究室的大恩人！,57,33,0,0,False
5423,和可露儿走散了。请再次与其同行。,57,33,0,0,False
5424,和古·拉哈·提亚走散了。请再次与其同行。,57,33,0,0,False
5425,和摩提夏走散了。请再次与其同行。,57,33,0,0,False
5426,正在走出变身范围。继续拉开距离的话变身状态便会解除。,57,17,0,0,False
5427,走出了变身范围，变身状态解除。,57,17,0,0,False
5428,和埃斯蒂尼安走散了。请再次与其同行。,57,33,0,0,False
5429,正在走出换装范围。继续拉开距离的话换装状态便会解除。,57,17,0,0,False
5430,走出了换装范围，换装状态解除。,57,17,0,0,False
5431,和嘉恩·艾·神纳走散了。请再次与其同行。,57,33,0,0,False
5432,和增盈威走散了。请再次与其同行。,57,33,0,0,False
5433,和厨行威走散了。请再次与其同行。,57,33,0,0,False
5434,正在走出变身范围。继续拉开距离的话变身状态便会解除。,57,17,0,0,False
5435,走出了变身范围，变身状态解除。,57,17,0,0,False
5436,"阿莉塞开始。
可通过目的列表的查看玩法。",57,1025,0,0,False
5437,和流浪圣人走散了。请再次与其同行。,57,33,0,0,False
5438,"迅尾兽开始。
可通过目的列表的查看玩法。",57,1025,0,0,False
5439,"醉醺醺的迪帕开始。
可通过目的列表的查看玩法。",57,1025,0,0,False
5440,和劳班走散了。请再次与其同行。,57,33,0,0,False
5441,"散发光辉的大狗开始。
可通过目的列表的查看玩法。",57,1025,0,0,False
5442,"后辈研究员开始。
可通过目的列表的查看玩法。",57,1025,0,0,False
5443,和梅尔维布走散了。请再次与其同行。,57,33,0,0,False
5444,跟踪失败。需要从开始地点重新开始挑战。,57,33,0,0,False
5445,追踪失败。需要从开始地点重新开始挑战。,57,33,0,0,False
5446,由于距离太远，跟踪失败。需要从开始地点重新开始挑战。,57,33,0,0,False
5447,和夕雾走散了。请再次与其同行。,57,33,0,0,False
5448,和飞燕走散了。请再次与其同行。,57,33,0,0,False
5449,和艾默里克走散了。请再次与其同行。,57,33,0,0,False
5450,追踪失败。需要从开始地点重新开始挑战。,57,33,0,0,False
5451,和梅蒂恩走散了。请再次与其同行。,57,33,0,0,False
5452,和未知生物走散了。请再次与其同行。,57,33,0,0,False
5453,和布丁威走散了。请再次与其同行。,57,33,0,0,False
5454,和蓝发的访客走散了。请再次与其同行。,57,33,0,0,False
5455,和红色上衣的少女走散了。请再次与其同行。,57,33,0,0,False
5456,和金发的补给队员走散了。请再次与其同行。,57,33,0,0,False
5457,和斡兀立走散了。请再次与其同行。,57,33,0,0,False
5458,和德布罗依走散了。请再次与其同行。,57,33,0,0,False
5459,跟踪失败。需要从开始地点重新开始挑战。,57,33,0,0,False
5460,跟踪失败。需要从开始地点重新开始挑战。,57,33,0,0,False
5461,和卡尔密恩走散了。请再次与其同行。,57,33,0,0,False
5462,和维尔波莱纳走散了。请再次与其同行。,57,33,0,0,False
5463,和小毛球走散了。请再次与其同行。,57,33,0,0,False
5464,"开始。
跟踪过程中地图上不会显示目的地。
可通过目的列表的查看玩法。",57,1025,0,0,False
5465,"尤卢斯，阿尔菲诺和阿莉塞开始。
可通过目的列表的查看玩法。",57,1025,0,0,False
5466,和阿比乌斯走散了。请再次与其同行。,57,33,0,0,False
5467,和尤卢斯走散了。请再次与其同行。,57,33,0,0,False
5468,和爱梅特赛尔克走散了。请再次与其同行。,57,33,0,0,False
5469,正在走出变身范围。继续拉开距离的话变身状态便会解除。,57,17,0,0,False
5470,走出了变身范围，变身状态解除。,57,17,0,0,False
5471,"奇异的长尾神猴开始。
可通过目的列表的查看玩法。",57,1025,0,0,False
5472,"帝都来的少女开始。
可通过目的列表的查看玩法。",57,1025,0,0,False
5473,和雅·修特拉走散了。请再次与其同行。,57,33,0,0,False
5474,和纳吉·阿·嘉奇亚走散了。请再次与其同行。,57,33,0,0,False
5475,和阿梅莉安丝走散了。请再次与其同行。,57,33,0,0,False
5476,和娜修·玛卡拉卡走散了。请再次与其同行。,57,33,0,0,False
5477,和阿尔法走散了。请再次与其同行。,57,33,0,0,False
5478,和欧米茄走散了。请再次与其同行。,57,33,0,0,False
5479,和富尔什诺走散了。请再次与其同行。,57,33,0,0,False
5480,和荼罗娜走散了。请再次与其同行。,57,33,0,0,False
5481,和有活力的河马幼崽走散了。请再次与其同行。,57,33,0,0,False
5482,和乖巧的河马幼崽走散了。请再次与其同行。,57,33,0,0,False
5483,正在走出换装范围。继续拉开距离的话换装状态便会解除。,57,17,0,0,False
5484,走出了换装范围，换装状态解除。,57,17,0,0,False
5485,和零走散了。请再次与其同行。,57,33,0,0,False
5486,和瓦尔桑走散了。请再次与其同行。,57,33,0,0,False
5487,和德里昂走散了。请再次与其同行。,57,33,0,0,False
5488,和希尔迪布兰德走散了。请再次与其同行。,57,33,0,0,False
5489,和埃米莉走散了。请再次与其同行。,57,33,0,0,False
5490,和利奥法德走散了。请再次与其同行。,57,33,0,0,False
5491,和可幽可幽走散了。请再次与其同行。,57,33,0,0,False
5492,和辰奉行走散了。请再次与其同行。,57,33,0,0,False
5493,和辰之陆行鸟雏鸟走散了。请再次与其同行。,57,33,0,0,False
5494,和梦明威走散了。请再次与其同行。,57,33,0,0,False
5495,和朱雀走散了。请再次与其同行。,57,33,0,0,False
5496,和青龙走散了。请再次与其同行。,57,33,0,0,False
5497,和琳走散了。请再次与其同行。,57,33,0,0,False
5498,和埃马内兰走散了。请再次与其同行。,57,33,0,0,False
5499,和希卡尔多走散了。请再次与其同行。,57,33,0,0,False
5500,,0,0,0,0,False
5501,感知到了与任务“”有关的目标！,67,17,0,0,False
5502,收下了Player Player带来的收藏品！,57,17,0,0,False
5503,Player Player在心中的形象变为了崖畔亭的协助者！,57,33,0,0,False
5504,发现了很多的！,59,33,0,0,False
5505,发现了很多的！,59,33,0,0,False
5506,开始警惕，消失了踪迹……,59,33,0,0,False
5507,没有钓到任何东西……,59,33,0,0,False
5508,发现了能够回收再利用的材料，收回到了背包里。,66,1,0,0,False
5509,收下了Player Player带来的收藏品！,57,17,0,0,False
5510,Player Player在心中的形象变为了蜂箱的协助者！,57,33,0,0,False
5511,收下了Player Player带来的收藏品！,57,17,0,0,False
5512,Player Player在心中的形象变为了精通制作的英雄！,57,33,0,0,False
5513,若要采集该道具，需完成任务“一流工匠的新工作”，并且达到50级学会收藏品采集技能。,57,9,0,0,False
5514,受到慎重提纯效果的影响，耐久没有下降。,67,17,0,0,False
5515,触发了洞察效果！现在正是使用大胆提纯、慎重提纯的机会！,67,17,0,0,False
5516,收藏价值已提升到最大。,67,17,0,0,False
5517,附近的鱼已经有所警惕了。最好换个位置试试。,67,17,0,0,False
5518,附近的鱼已经有所警惕了。最好换个钓场试试。,67,17,0,0,False
5519,由于提纯技能导致耐久变为0，没能采集到收藏品……,67,17,0,0,False
5520,收藏品价值已达到最大，该技能无法使用。,60,8,0,0,False
5521,未记录在鱼类图鉴中的鱼，无法作为放生的对象。,60,8,0,0,False
5522,无法在未知的钓场使用放生列表。,60,8,0,0,False
5523,放弃了修改中的设置。,57,32,0,0,False
5524,收下了Player Player带来的收藏品！,57,17,0,0,False
5525,Player Player在心中的形象变为了服务人员的协助者！,57,33,0,0,False
5526,设置修改成功。,57,32,0,0,False
5527,放生列表只在鱼类图鉴中记录的鱼出现的钓场使用。,60,8,0,0,False
5528,将钓到的×UNKNOWN放生了。,67,17,0,0,False
5529,未满足采集该道具所需的条件。,60,9,0,0,False
5530,背包已满，无法获得。,60,33,0,0,False
5531,这里似乎已经无法捕到更多的鱼了……（成果：UNKNOWN条）,67,17,0,0,False
5532,无法执行，状态“”档数不足。,60,8,0,0,False
5533,可以执行技能“”了！,67,17,0,0,False
5534,正在执行技能，无法结束刺鱼。,60,8,0,0,False
5535,,67,17,0,0,False
5536,,67,17,0,0,False
5537,鉴别力不足，无法获得大尺寸的鱼。,60,8,0,0,False
5538,采集过程中无法关闭。,60,9,0,0,False
5539,正在执行技能，无法中止采集。,60,9,0,0,False
5540,收下了Player Player带来的收藏品！,57,17,0,0,False
5541,Player Player在心中的形象变为了莱韦耶勒尔的协助者！,57,33,0,0,False
5542,获得了升华后的！,67,33,0,0,False
5543,该采集地点会影响不定性道具的升华几率。,59,32,0,0,False
5544,已无法采集。,60,9,0,0,False
5545,获得率为0%，无法采集。,60,8,0,0,False
5546,受到的效果影响，完成了高效的提钩技能！,67,17,0,0,False
5547,收下了Player Player带来的收藏品！,57,17,0,0,False
5548,Player Player在心中的形象变为了多半是个可以沟通的人！,57,33,0,0,False
5549,无法找到当前搜索的鱼。,57,33,0,0,False
5550,采集地点的特殊效果发动，得到了影响收藏价值上升量的效果！,59,32,0,0,False
5551,采集地点的特殊效果发动，得到了影响慎重提纯追加效果发生率的效果！,59,32,0,0,False
5552,采集地点的特殊效果发动，得到了影响集中检查上升率的效果！,59,32,0,0,False
5553,采集地点的特殊效果发动，得到了影响价值提升的效果！,59,32,0,0,False
5554,收下了Player Player带来的收藏品！,57,17,0,0,False
5555,Player Player在心中的形象变为了一位慷慨温柔的人！,57,33,0,0,False
5556,将作为游动饵保留了下来。,67,17,0,0,False
5557,"放走了，
将作为游动饵保留了下来。",67,17,0,0,False
5558,将钓饵换成了。,67,17,0,0,False
5559,放走了作为游动饵保留下来的鱼。,67,17,0,0,False
5560,大物の知識により、より大きな獲物を狙うことができた！,67,17,0,0,False
5561,没有更多效果了……,67,17,0,0,False
5562,执行谦逊之饵后，无法执行雄心之饵。,60,8,0,0,False
5563,执行雄心之饵后，无法执行谦逊之饵。,60,8,0,0,False
5564,,67,17,0,0,False
5565,现在感觉能钓到大型猎物！！！,67,17,0,0,False
5566,引诱了大型猎物……,67,17,0,0,False
5567,进一步引诱了大型猎物！,67,17,0,0,False
5568,进一步持续引诱了大型猎物！！,67,17,0,0,False
5569,现在感觉能钓到小型猎物！！！,67,17,0,0,False
5570,引诱了小型猎物……,67,17,0,0,False
5571,进一步引诱了小型猎物！,67,17,0,0,False
5572,进一步持续引诱了小型猎物！！,67,17,0,0,False
5573,触发了强化洞察效果！现在正是使用大胆提纯、慎重提纯的大好机会！,67,17,0,0,False
5574,受到的效果影响，的耐久/采集次数恢复了UNKNOWN次，采集力恢复了UNKNOWN点！,59,33,0,0,False
5575,,67,17,0,0,False
5576,刚刚使用的钓饵种类被用光了，钓饵变为了未选择状态。,60,8,0,0,False
5577,该技能无法在以小钓大发动过程中执行。,60,8,0,0,False
5578,专一垂钓发动时无法执行。,60,8,0,0,False
5579,没有凑近的鱼类。似乎没有效果……,67,17,0,0,False
5580,该技能没有效果。,60,8,0,0,False
5581,大鱼知识预示着机会的到来！,67,17,0,0,False
5582,,67,17,0,0,False
5583,,67,17,0,0,False
5584,提起了钓竿。,67,1,0,0,False
5585,目前无法使用游动饵。,60,8,0,0,False
5586,,67,17,0,0,False
5587,收下了Player Player带来的收藏品！,57,17,0,0,False
5588,开始认为Player Player是婚姻调解人！,57,33,0,0,False
5589,,0,0,0,0,False
5590,,0,0,0,0,False
5591,,0,0,0,0,False
5592,,0,0,0,0,False
5593,,0,0,0,0,False
5594,,0,0,0,0,False
5595,,0,0,0,0,False
5596,,0,0,0,0,False
5597,,0,0,0,0,False
5598,,0,0,0,0,False
5599,,0,0,0,0,False
5600,,0,0,0,0,False
5601,无法向黑名单中的玩家发送同好会邀请。,60,9,0,0,False
5602,同好会的操作失败。,60,8,0,0,False
5603,无法创建更多同好会。,60,9,0,0,False
5604,该名称不符合规范，请更换为其他名称。,60,9,0,0,False
5605,名字中含有无法使用的词。,60,9,0,0,False
5606,创建了同好会“UNKNOWN”。,57,33,0,0,False
5607,当前正在执行任务，无法使用该指令。,60,9,0,0,False
5608,没有搜索到同好会。,60,9,0,0,False
5609,公告板输入完成。,57,33,0,0,False
5610,创建了投票问卷。,57,33,0,0,False
5611,已删除投票问卷。,57,33,0,0,False
5612,备忘信息编辑完成。,57,33,0,0,False
5613,同好会的名称已改为“UNKNOWN”。,57,33,0,0,False
5614,更改了同好会的主要活动。,57,33,0,0,False
5615,已将从同好会黑名单中移除。,57,33,0,0,False
5616,解散了同好会“”。,57,33,0,0,False
5617,将设定到了“”分组中。,57,33,0,0,False
5618,更改了分组的名字。,57,33,0,0,False
5619,将移除出了同好会。,57,33,0,0,False
5620,将管理员权限转交给了。,57,33,0,0,False
5621,将任命为同好会管理员。,57,33,0,0,False
5622,取消了的管理员权限。,57,33,0,0,False
5623,放弃了管理员权限。,57,33,0,0,False
5624,同好会黑名单已达上限，无法继续添加。,60,9,0,0,False
5625,将加入到同好会黑名单中。,57,33,0,0,False
5626,会长无法退出。需要转交会长权限。,60,9,0,0,False
5627,退出了同好会。,57,33,0,0,False
5628,同好会“”开始进行招募。,57,33,0,0,False
5629,同好会“”取消了招募。,57,33,0,0,False
5630,加入同好会的数量已达上限，无法继续加入。,60,9,0,0,False
5631,招募已结束。,60,9,0,0,False
5632,加入了同好会“”。,57,33,0,0,False
5633,无法发送同好会邀请，该玩家正处于“忙碌中”状态。,60,9,0,0,False
5634,无法向同好会黑名单中的玩家发送邀请。,60,9,0,0,False
5635,同好会黑名单中的玩家无法加入。,60,9,0,0,False
5636,无法发送邀请，对方加入的同好会数量已达上限。,60,9,0,0,False
5637,向发送了加入同好会“”的邀请。,57,33,0,0,False
5638,加入了同好会“”。,57,33,0,0,False
5639,被邀请的玩家已加入该同好会。,60,9,0,0,False
5640,成为了同好会“”的会长。,57,33,1,0,False
5641,被移除出了同好会“”。,57,33,1,0,False
5642,被游戏管理员移除出了同好会“”。,57,33,0,0,False
5643,拒绝了来自同好会“”的邀请。,57,33,0,0,False
5644,撤销了发给的同好会邀请。,57,33,0,0,False
5645,回答了投票问卷。,57,33,0,0,False
5646,收到了发来的加入同好会的邀请。,57,33,1,0,False
5647,同好会“”发来的邀请被取消了。,57,33,1,0,False
5648,无法进行同好招募。请稍后再试。,60,9,0,0,False
5649,被任命为同好会“”的管理员。,57,33,1,0,False
5650,同好会“”的管理员权限被剥夺。,57,33,1,0,False
5651,同好会“”解散了。,57,33,1,0,False
5652,该玩家已在同好会黑名单中。,60,9,0,0,False
5653,将同好会“”的名称复制到了剪贴板。,57,33,0,0,False
5654,免费试用期间，在加入同好会满14日之前，无法在告示板上留言。,60,9,0,0,False
5655,无法执行，对方现在处于离线状态。,60,9,0,0,False
5656,对方已退出同好会，无法设置分组。,60,9,0,0,False
5657,已加入该同好会。,60,8,0,0,False
5658,仅可加入自身原始服务器所在大区的同好会。,60,9,0,0,False
5659,"超出显示上限，列表未能显示全部已加入的同好会。
请退出部分不需要的同好会后再次尝试。",57,65,0,0,False
5660,"超出显示上限，列表未能显示全部已加入的跨服通讯贝。
请退出部分不需要的跨服通讯贝后再次尝试。
（注意，列表更新后需要切换一次场景才能正常使用。）",57,65,0,0,False
5661,,0,0,0,0,False
5662,,0,0,0,0,False
5663,,0,0,0,0,False
5664,,0,0,0,0,False
5665,,0,0,0,0,False
5666,,0,0,0,0,False
5667,,0,0,0,0,False
5668,,0,0,0,0,False
5669,,0,0,0,0,False
5670,陆行鸟鞍囊的持有情况可能与实际情况不符。使用一次陆行鸟鞍囊可令情报更新。,57,1,0,0,False
5671,投影台的持有情况可能与实际情况不符。使用一次投影台可令情报更新。,57,1,0,0,False
5672,部分雇员的持有情况可能与实际情况不符。将雇员传唤出来一次可令情报更新。,57,1,0,0,False
5673,,0,0,0,0,False
5674,,0,0,0,0,False
5675,,0,0,0,0,False
5676,,0,0,0,0,False
5677,,0,0,0,0,False
5678,,0,0,0,0,False
5679,,0,0,0,0,False
5680,染色1中所需的道具不足。,60,8,0,0,False
5681,染色2中所需的道具不足。,60,8,0,0,False
5682,染色1、染色2中所需的道具不足。,60,8,0,0,False
5683,,0,0,0,0,False
5684,,0,0,0,0,False
5685,,0,0,0,0,False
5686,,0,0,0,0,False
5687,,0,0,0,0,False
5688,,0,0,0,0,False
5689,,0,0,0,0,False
5690,,0,0,0,0,False
5691,找到了UNKNOWN个结果。,57,33,0,0,False
5692,找到了UNKNOWN个结果，仅显示其中的前UNKNOWN项。,57,33,0,0,False
5693,没搜索到相应道具。,57,33,0,0,False
5694,,0,0,0,0,False
5695,,0,0,0,0,False
5696,,0,0,0,0,False
5697,,0,0,0,0,False
5698,,0,0,0,0,False
5699,,0,0,0,0,False
5700,,0,0,0,0,False
5701,学会了技能“”。,64,33,0,0,False
5702,已经学会该技能了。,60,8,0,0,False
5703,在这里无法使用。,60,8,0,0,False
5704,,0,0,0,0,False
5705,使用了。,43,1,0,0,False
5706,已可以在雨天时自动使用。,57,33,0,0,False
5707,已解除自动使用。,57,33,0,0,False
5708,,0,0,0,0,False
5709,,0,0,0,0,False
5710,,0,0,0,0,False
5711,,0,0,0,0,False
5712,,0,0,0,0,False
5713,,0,0,0,0,False
5714,,0,0,0,0,False
5715,,0,0,0,0,False
5716,,0,0,0,0,False
5717,,0,0,0,0,False
5718,,0,0,0,0,False
5719,,0,0,0,0,False
5720,,0,0,0,0,False
5721,,0,0,0,0,False
5722,,0,0,0,0,False
5723,,0,0,0,0,False
5724,,0,0,0,0,False
5725,,0,0,0,0,False
5726,,0,0,0,0,False
5727,,0,0,0,0,False
5728,,0,0,0,0,False
5729,,0,0,0,0,False
5730,,0,0,0,0,False
5731,,0,0,0,0,False
5732,,0,0,0,0,False
5733,,0,0,0,0,False
5734,,0,0,0,0,False
5735,,0,0,0,0,False
5736,,0,0,0,0,False
5737,,0,0,0,0,False
5738,,0,0,0,0,False
5739,,0,0,0,0,False
5740,,0,0,0,0,False
5741,,0,0,0,0,False
5742,,0,0,0,0,False
5743,,0,0,0,0,False
5744,,0,0,0,0,False
5745,,0,0,0,0,False
5746,,0,0,0,0,False
5747,,0,0,0,0,False
5748,,0,0,0,0,False
5749,,0,0,0,0,False
5750,,0,0,0,0,False
5751,获得了UNKNOWN个。,62,1,0,0,False
5752,的持有数量已达上限，无法获得新的。,60,9,0,0,False
5753,"回想起了与强敌激斗的情景！
向宗长报告，挑战幻巧拼图吧！",57,33,0,0,False
5754,,0,0,0,0,False
5755,,0,0,0,0,False
5756,将加入了市场布告板的收藏夹。（UNKNOWN/UNKNOWN）,57,33,0,0,False
5757,市场布告板的收藏夹已满，无法继续添加。,57,8,0,0,False
5758,已经将从市场布告板的收藏夹中删除。（UNKNOWN/UNKNOWN）,57,33,0,0,False
5759,当前任务不支持分享功能。,60,9,0,0,False
5760,删除了战术板“UNKNOWN”。,57,33,0,0,False
5761,分享了战术板“UNKNOWN”。,57,33,0,0,False
5762,将战术板UNKNOWN“UNKNOWN”分享给了全队。,57,33,0,0,False
5763,战术板UNKNOWN“UNKNOWN”分享失败。,60,9,0,0,False
5764,战术板UNKNOWN“UNKNOWN”存在异常设置，无法分享。,60,9,0,0,False
5765,战术板UNKNOWN“UNKNOWN”显示失败。,60,9,0,0,False
5766,战术板UNKNOWN“UNKNOWN”存在异常设置，无法显示。,60,9,0,0,False
5767,战术板“UNKNOWN”保存失败。,60,9,0,0,False
5768,战术板“UNKNOWN”删除失败。,60,9,0,0,False
5769,将加入了市场布告板的期望列表。（UNKNOWN/UNKNOWN）,57,33,0,0,False
5770,已经将从市场布告板的期望列表中删除。（UNKNOWN/UNKNOWN）,57,33,0,0,False
5771,商品已发生变化。关闭窗口后重新开启幻想试穿即可更新商品状态。,57,33,0,0,False
5772,无法添加，图形数量已达上限。,60,8,0,0,False
5773,ストラテジーボードを保存することができませんでした。,60,8,0,0,False
5774,无法使用该战术板。,60,8,0,0,False
5775,随身见闻录增加了关于“”的信息。,57,513,0,0,False
5776,"获得了“” ×UNKNOWN。
本周已领取“每周小莫古挑战”的奖励。",57,33,0,0,True
5777,"“莫古莫古★大收集”的活动目标已更新。
请重新打开莫古莫古指南书进行确认。",57,33,0,0,False
5778,"“莫古莫古★大收集”的活动内容有所变动。
请重新打开莫古莫古指南书进行确认。",57,33,0,0,False
5779,,0,0,0,0,False
5780,设置修改成功。,57,32,0,0,False
5781,放弃了修改中的设置。,57,32,0,0,False
5782,每周任务的任务完成次数增加UNKNOWN（距目标达成还差UNKNOWN次）。,57,33,0,0,False
5783,无法查看，尚未到达过该地区。,60,8,0,0,False
5784,无法显示，尚未开放。,60,8,0,0,False
5785,设置修改成功。,57,32,0,0,False
5786,放弃了修改中的设置。,57,32,0,0,False
5787,试戴了。,57,1,0,0,False
5788,,0,0,0,0,False
5789,,0,0,0,0,False
5790,设置修改成功。,57,32,0,0,False
5791,放弃了修改中的设置。,57,32,0,0,False
5792,因个人肖像无法显示，最优队员推荐将以列表形式显示。,57,1,0,0,False
5793,,0,0,0,0,False
5794,,0,0,0,0,False
5795,无法添加，列表已满。,60,8,0,0,False
5796,已固定到历史记录中。,57,32,0,0,False
5797,已从历史记录中删除。,57,32,0,0,False
5798,无法从历史记录中删除。,60,8,0,0,False
5799,无法固定到历史记录中。,60,8,0,0,False
5800,角色正在UNKNOWN大区游玩，无法操作。,60,8,0,0,False
5801,让角色在原始服务器下线后，才能前往其他大区游玩。,60,8,0,0,False
5802,身处非原始大区时无法备份角色设定。,60,8,0,0,False
5803,返回原始服务器修改角色姓名后，才可前往其他服务器。,60,8,0,0,False
5804,返回原始服务器修改雇员姓名后，才可前往其他服务器。,60,8,0,0,False
5805,仅可从自身原始服务器所在的大区进行该操作。,60,9,0,0,False
5806,原始服务器不在当前大区的角色无法进行该操作。,60,9,0,0,False
5807,已获取UNKNOWN的信息。,57,32,0,0,False
5808,已获取角色信息。,57,32,0,0,False
5809,请稍后再次选择“获取角色信息”的次级指令。,60,8,0,0,False
5810,现在无法使用获取角色信息的指令。,60,8,0,0,False
5811,无法获取角色信息。,60,8,0,0,False
5812,已将加入的所有跨服通讯贝频道号重置回初始状态。,57,33,0,0,False
5813,需要玩家持有才可以使用UNKNOWN，请选择其他种族。,60,8,0,0,False
5814,在该大区无法进行系统以及角色设置的备份。,60,8,0,0,False
5815,,0,0,0,0,False
5816,,0,0,0,0,False
5817,,0,0,0,0,False
5818,,0,0,0,0,False
5819,,0,0,0,0,False
5820,目标以太之光成功添加到PlayStation®Plus赠送的免费点中。,57,33,0,0,False
5821,"无法添加到免费点中。
只有使用“PlayStation®Plus”的玩家才能够使用这项服务。",60,9,0,0,False
5822,已经添加到静态密码锁赠送的免费点中。,60,9,0,0,False
5823,没有开启免费传送所对应的服务，传送时会消耗相应的金币。,60,9,0,0,False
5824,"没有开启PlayStation®Plus服务，传送时会消耗相应的金币。
要从收藏夹中删除可以通过快捷指令“地图&移动”的“传送”中的次级指令实现。",60,9,0,0,False
5825,删除成功。,57,32,0,0,False
5826,,0,0,0,0,False
5827,,0,0,0,0,False
5828,,0,0,0,0,False
5829,,0,0,0,0,False
5830,,0,0,0,0,False
5831,,0,0,0,0,False
5832,,0,0,0,0,False
5833,,0,0,0,0,False
5834,,0,0,0,0,False
5835,,0,0,0,0,False
5836,,0,0,0,0,False
5837,,0,0,0,0,False
5838,,0,0,0,0,False
5839,,0,0,0,0,False
5840,"搜索结果过多，搜索中止了。
请增加检索文字后再次进行搜索。",60,8,0,0,False
5841,消耗了UNKNOWN个。（剩余持有数量：UNKNOWN个）,57,1,0,0,False
5842,随身见闻录增加了关于“”的信息。,57,513,0,0,False
5843,"****和****更新了！
请阅读说明了解详情！",57,1,0,0,False
5844,"****和****开放并更新了！
请阅读说明了解详情！",57,1,0,0,False
5845,,0,0,0,0,False
5846,,0,0,0,0,False
5847,,0,0,0,0,False
5848,,0,0,0,0,False
5849,,0,0,0,0,False
5850,无法保存，肖像未能正确展示玩家形象。,60,8,0,0,False
5851,无法保存，部分项目未满足使用条件。,60,8,0,0,False
5852,,0,0,0,0,False
5853,已经学会此设计样式了。,60,8,0,0,False
5854,可以使用“”记载的设计样式了。,64,33,0,0,False
5855,无法获取冒险者铭牌信息。,60,9,0,0,False
5856,无法查看该玩家的冒险者铭牌，该玩家未设置冒险者铭牌。,60,9,0,0,False
5857,无法查看该玩家的冒险者铭牌，该玩家未设置冒险者铭牌。,60,9,0,0,False
5858,无法查看该玩家的冒险者铭牌，该玩家冒险者铭牌未公开。,60,9,0,0,False
5859,无法查看该玩家的冒险者铭牌，该玩家冒险者铭牌未公开。,60,9,0,0,False
5860,无法查看该玩家的冒险者铭牌，该玩家处于其他大区或其他原因致使数据获取失败。,60,9,0,0,False
5861,无法保存，未能在肖像范围内正确展示玩家角色表情。,60,8,0,0,False
5862,更改了肖像的名字。,57,33,0,0,False
5863,所选肖像已删除。,57,33,0,0,False
5864,所选肖像已应用于冒险者铭牌。,57,33,0,0,False
5865,所选肖像已设定为个人肖像。,57,1,0,0,False
5866,更新了铭牌样式。,57,33,0,0,False
5867,更新了铭牌个人信息。,57,33,0,0,False
5868,更新了铭牌可见范围。,57,33,0,0,False
5869,未满足使用条件，无法设置所选的项目。,60,9,0,0,False
5870,未满足使用条件，无法设置所选的项目。,60,9,0,0,False
5871,无法保存，镜头与角色距离过近。,60,8,0,0,False
5872,无法保存，镜头与角色距离过远。,60,8,0,0,False
5873,无法保存，不符合该组合的使用条件。,60,8,0,0,False
5874,"无法更新，肖像不是最新版本。
请调整所设置的内容，并再次尝试保存肖像。",60,9,0,0,False
5875,设置修改成功。,57,32,0,0,False
5876,"当前与编辑肖像时的装备和外貌不一致，
任务内的肖像将按照默认设置进行显示。",57,513,0,0,False
5877,未满足使用条件，无法更新肖像。(UNKNOWN),60,9,0,0,False
5878,"设置有无效数据，无法更新冒险者铭牌。(UNKNOWN)
请确认设备环境后，尝试再次启动程序。
现在的玩家装备情报与应用于冒险者铭牌的装备情报不一致。
请尝试更新套装或重新装备套装。",60,9,0,0,False
5879,肖像角色的职业或特职发生了变化，动作恢复为默认设置。,57,33,0,0,False
5880,采用与投影模板关联套装的肖像只能在都市或休息区进行编辑。,60,9,0,0,False
5881,正在编辑其他的肖像，无法打开。,60,8,0,0,False
5882,装备中的武器或装饰品干预到了肖像镜头，无法保存。,60,8,0,0,False
5883,只有装备中的套装可应用于冒险者铭牌。,60,9,0,0,False
5884,"所选肖像的警告未消除，无法使用。
请确认显示在肖像列表的警告信息。",60,9,0,0,False
5885,"与投影模板相关联的肖像
只能在可使用投影模板的区域使用。",60,9,0,0,False
5886,"肖像设置中含有未解锁的项目，更新失败。
请在“编辑肖像”处将肖像设置初始化。",60,9,0,0,False
5887,"肖像设置过旧，更新失败。
请在“编辑肖像”处更新设置。",60,9,0,0,False
5888,,0,0,0,0,False
5889,,0,0,0,0,False
5890,,0,0,0,0,False
5891,,0,0,0,0,False
5892,,0,0,0,0,False
5893,,0,0,0,0,False
5894,,0,0,0,0,False
5895,,0,0,0,0,False
5896,,0,0,0,0,False
5897,,0,0,0,0,False
5898,,0,0,0,0,False
5899,,0,0,0,0,False
5900,开始练习制作。,66,1,0,0,False
5901,练习制作成功了！,66,16,0,0,False
5902,练习制作成功了！,66,1,0,0,False
5903,练习制作失败了……,66,16,0,0,False
5904,练习制作失败了……,66,1,0,0,False
5905,   作业进展   UNKNOWN / UNKNOWN,66,1,0,0,False
5906,   制品品质   UNKNOWN / UNKNOWN,66,1,0,0,False
5907,   优质率   UNKNOWN %,66,1,0,0,False
5908,   收藏价值   UNKNOWN / UNKNOWN,66,1,0,0,False
5909,停止了练习。,66,1,0,0,False
5910,无法取消发送的魔晶石镶嵌委托。,60,8,0,0,False
5911,未满足采集地点所需条件，无法采集收藏品。,60,9,0,0,False
5912,的   成功,66,1,0,0,False
5913,的   失败,66,1,0,0,False
5914,未满足需要的品质，制作失败了……,66,16,0,0,False
5915,未满足需要的品质，制作失败了……,66,1,0,0,False
5916,未满足需要的品质，练习制作失败了……,66,16,0,0,False
5917,未满足需要的品质，练习制作失败了……,66,1,0,0,False
5918,   耐久完全恢复了！,66,1,0,0,False
5919,尚未习得所选配方，无法查看。,60,8,0,0,False
5920,无法开始制作。,60,8,0,0,False
5921,通过精制魔晶石获得了。,57,16,0,0,False
5922,,0,0,0,0,False
5923,,0,0,0,0,False
5924,,0,0,0,0,False
5925,,0,0,0,0,False
5926,,0,0,0,0,False
5927,,0,0,0,0,False
5928,,0,0,0,0,False
5929,,0,0,0,0,False
5930,,0,0,0,0,False
5931,,0,0,0,0,False
5932,,0,0,0,0,False
5933,,0,0,0,0,False
5934,,0,0,0,0,False
5935,,0,0,0,0,False
5936,,0,0,0,0,False
5937,,0,0,0,0,False
5938,,0,0,0,0,False
5939,,0,0,0,0,False
5940,,0,0,0,0,False
5941,,0,0,0,0,False
5942,,0,0,0,0,False
5943,,0,0,0,0,False
5944,,0,0,0,0,False
5945,,0,0,0,0,False
5946,,0,0,0,0,False
5947,,0,0,0,0,False
5948,,0,0,0,0,False
5949,,0,0,0,0,False
5950,,0,0,0,0,False
5951,,0,0,0,0,False
5952,,0,0,0,0,False
5953,,0,0,0,0,False
5954,,0,0,0,0,False
5955,,0,0,0,0,False
5956,,0,0,0,0,False
5957,,0,0,0,0,False
5958,,0,0,0,0,False
5959,,0,0,0,0,False
5960,,0,0,0,0,False
5961,,0,0,0,0,False
5962,,0,0,0,0,False
5963,,0,0,0,0,False
5964,,0,0,0,0,False
5965,,0,0,0,0,False
5966,,0,0,0,0,False
5967,,0,0,0,0,False
5968,,0,0,0,0,False
5969,,0,0,0,0,False
5970,,0,0,0,0,False
5971,,0,0,0,0,False
5972,,0,0,0,0,False
5973,,0,0,0,0,False
5974,,0,0,0,0,False
5975,,0,0,0,0,False
5976,,0,0,0,0,False
5977,,0,0,0,0,False
5978,,0,0,0,0,False
5979,,0,0,0,0,False
5980,,0,0,0,0,False
5981,,0,0,0,0,False
5982,,0,0,0,0,False
5983,,0,0,0,0,False
5984,,0,0,0,0,False
5985,,0,0,0,0,False
5986,,0,0,0,0,False
5987,,0,0,0,0,False
5988,,0,0,0,0,False
5989,,0,0,0,0,False
5990,,0,0,0,0,False
5991,,0,0,0,0,False
5992,,0,0,0,0,False
5993,,0,0,0,0,False
5994,,0,0,0,0,False
5995,,0,0,0,0,False
5996,,0,0,0,0,False
5997,,0,0,0,0,False
5998,,0,0,0,0,False
5999,,0,0,0,0,False
6000,无法执行，有队员未满足进入条件。,60,9,0,0,False
6001,无法执行，有队员没有激活«»。,60,9,0,0,False
6002,无法执行，不是队长。,60,9,0,0,False
6003,无法执行，有队员未携带。,60,9,0,0,False
6004,无法执行，有队员仍处于无法挑战的时间。,60,9,0,0,False
6005,无法执行，有受到中途退出或取消参加惩罚的队员。,60,9,0,0,False
6006,无法执行，有队员的设限特职外的战斗精英或魔法导师没有达到60级。,60,9,0,0,False
6007,无法执行，有队员未达到平均品级。,60,9,0,0,False
6008,无法执行，有队员处于无法战斗状态。,60,9,0,0,False
6009,无法执行，有队员距离过远。,60,9,0,0,False
6010,无法执行，有队员在参加其他任务。,60,9,0,0,False
6011,,0,0,0,0,False
6012,无法执行，有队员处于防沉迷状态。,60,9,0,0,False
6013,无法执行，正处于团队申请状态。,60,9,0,0,False
6014,无法执行，未组成队伍。,60,9,0,0,False
6015,无法执行，队长没有“”权限。,60,9,0,0,False
6016,无法执行，当前职业搭配无法进行匹配。,60,9,0,0,False
6017,无法执行，有队员尚未开放任务。,60,9,0,0,False
6018,无法执行，有团队成员未满足进入条件。,60,9,0,0,False
6019,无法代表团队使用航行管制面板，其他玩家正在使用。,60,9,0,0,False
6020,Firstname Lastname不满足进入条件。,60,9,0,0,False
6021,Firstname Lastname未激活«»。,60,9,0,0,False
6022,Firstname Lastname未携带。,60,9,0,0,False
6023,Firstname Lastname尚未度过再挑战时间。,60,9,0,0,False
6024,Firstname Lastname正处于中途退出或取消参加惩罚状态。,60,9,0,0,False
6025,Firstname Lastname不是设限特职外的战斗精英或魔法导师。,60,9,0,0,False
6026,Firstname Lastname等级不够。,60,9,0,0,False
6027,Firstname Lastname处于无法战斗状态。,60,9,0,0,False
6028,Firstname Lastname在参加其他任务。,60,9,0,0,False
6029,Firstname Lastname正处于防沉迷状态。,60,9,0,0,False
6030,Firstname Lastname尚未开放任务。,60,9,0,0,False
6031,Firstname Lastname未达到进入所需的平均品级。,60,9,0,0,False
6032,无法执行，未达到进入条件。,60,9,0,0,False
6033,需要激活«»才能开始“云冠群岛探索”。,60,9,0,0,False
6034,无法执行，尚未度过再挑战时间。,60,9,0,0,False
6035,现在无法申请参加任务，正处于中途退出或取消参加等行为的惩罚时间中。,60,9,0,0,False
6036,无法执行，未携带“”。,60,9,0,0,False
6037,无法执行，设限特职外的战斗精英或魔法导师未达到60级。,60,9,0,0,False
6038,,0,0,0,0,False
6039,无法执行，正处于防沉迷状态。,60,9,0,0,False
6040,无法执行，未达到可进入的平均品级。,60,9,0,0,False
6041,Firstname Lastname选择了飞空艇。,57,65,0,0,False
6042,请使用航行管制面板选择小队要搭乘的飞空艇。,57,65,0,0,False
6043,以0金币的价格买入了“”×UNKNOWN。,57,65,0,0,False
6044,无法使用航行管制面板，其他玩家正在使用。,60,9,0,0,False
6045,无法执行，未完成“苍穹之禁城主线任务”中的“苍穹之禁城”。,60,9,0,0,False
6046,Firstname Lastname未完成“苍穹之禁城主线任务”中的“苍穹之禁城”。,60,9,0,0,False
6047,无法使用，正在进行团队邀请。,60,9,0,0,False
6048,,0,0,0,0,False
6049,,0,0,0,0,False
6050,无法进行该操作，其他玩家正在操作该潜水艇。,60,9,0,0,False
6051,已将第UNKNOWN艘潜水艇登记为“UNKNOWN”。,57,33,0,0,False
6052,将第UNKNOWN艘潜水艇登记为“”。,69,33,1,0,False
6053,已将第UNKNOWN艘潜水艇的名字更改为“UNKNOWN”。,57,33,0,0,False
6054,拆解了登记为“UNKNOWN”的第UNKNOWN艘潜水艇。,57,33,0,0,False
6055,拆解了登记为“”的第UNKNOWN艘潜水艇。,69,33,1,0,False
6056,无法进行该操作，潜水艇等级不足。,60,9,0,0,False
6057,潜水艇“UNKNOWN”出发了。,57,33,0,0,False
6058,潜水艇“UNKNOWN”的探索中止了。,57,33,0,0,False
6059,接受了“UNKNOWN”探索完成的报告。,57,33,0,0,False
6060,接受了“”探索完成的报告。,69,33,1,0,False
6061,发现了目的地“”！,57,33,0,0,False
6062,升级！潜水艇“UNKNOWN”升到了UNKNOWN级！,57,33,0,0,False
6063,通过潜水艇“UNKNOWN”的探索，工房可以登记第UNKNOWN艘潜水艇了。,57,33,0,0,False
6064,无法进行该操作，正在探索中的飞空艇或潜水艇总数已达上限。,60,9,0,0,False
6065,部队房屋的交流簿有新的留言。,79,33,0,0,False
6066,个人房屋的交流簿有新的留言。,79,33,0,0,False
6067,共享房屋（第UNKNOWN区UNKNOWN号）的交流簿有新的留言。,79,33,0,0,False
6068,个人房间的交流簿有新的留言。,79,33,0,0,False
6069,公寓的交流簿有新的留言。,79,33,0,0,False
6070,已将交流簿的设置变更为“全部公开”。,57,33,0,0,False
6071,已将交流簿的设置变更为“得到批准前非公开”。,57,33,0,0,False
6072,このメッセージはすでに削除されています。,60,9,0,0,False
6073,无法执行，没有满足条件。,60,9,0,0,False
6074,没有“”权限。,60,9,0,0,False
6075,没有“”权限。,60,9,0,0,False
6076,现在处于无法留言状态。,60,9,0,0,False
6077,留言已经达到上限，无法继续书写新留言。,60,9,0,0,False
6078,无法在自己的房屋、个人房间、公寓的交流簿上点赞。,60,9,0,0,False
6079,通过服装模特购买了。,57,1,0,0,False
6080,通过服装模特购买了多件装备，共计花费0金币。,57,1,0,0,False
6081,通过服装模特出售的已被买走，获得0金币。,71,17,1,0,False
6082,通过服装模特售出多件装备，共计获得0金币。,71,17,1,0,False
6083,设置服装模特需要先雇用雇员。,60,9,0,0,False
6084,通过服装模特购买道具失败。,60,9,0,0,False
6085,无法通过自己的服装模特购买道具。,60,9,0,0,False
6086,无法变更服装模特的设定，正在出售或展示装备。,60,9,0,0,False
6087,将服装模特的职业设定为。,57,33,0,0,False
6088,无法对服装模特进行设定，雇员的雇用契约已过期。,60,9,0,0,False
6089,装备正在展示中，无法进行出售。,60,9,0,0,False
6090,装备正在出售中，无法进行展示。,60,9,0,0,False
6091,更改了房屋宣传设置。,57,33,0,0,False
6092,潜水艇“UNKNOWN”的上升了UNKNOWN。,57,33,0,0,False
6093,巡航速度不足，出发失败。,60,9,0,0,False
6094,设定了。,57,33,0,0,False
6095,取下了鱼拓。,57,33,0,0,False
6096,无法进行该操作，没有设置鱼拓。,60,9,0,0,False
6097,该土地刚经过自动拆除，现在无法购买或搬迁。,60,9,0,0,False
6098,无法进行操作，加入所属部队未满30天。,60,9,0,0,False
6099,无法参加抽选，已参加其他抽选。,60,9,0,0,False
6100,无法参加抽选，有其他抽选未处理完毕。,60,9,0,0,False
6101,房屋操作处理失败。请稍后再试。,60,9,0,0,False
6102,无法购买土地，所属部队与参加抽选时不符。,60,9,0,0,False
6103,该账号已被添加进黑名单，无法将设定为室友，,60,9,0,0,False
6104,移动失败，您当前被禁止进入该房屋。,60,9,0,0,False
6105,不是主权限人或副权限人，无法使用。,60,9,0,0,False
6106,无法将加入禁止进入名单。,60,9,0,0,False
6107,由于进入了禁止进入的土地，移动到了住宅区的入口。,60,9,0,0,False
6108,将加入了禁止进入名单。,57,33,0,0,False
6109,“UNKNOWN”的内部改建完成了。,57,33,0,0,False
6110,,0,0,0,0,False
6111,仓库容量不足以收纳全部布置中的家具，内部改建失败。,60,9,0,0,False
6112,,0,0,0,0,False
6113,房屋即将到达自动拆除期限，操作失败。,60,9,0,0,False
6114,由于房屋进行了内部改建，角色被移动到了室外。,57,513,0,0,False
6115,将家具的屏幕空间环境光遮蔽设定为了开启。,57,1,0,0,False
6116,"因长期无人进入，房屋有可能在近期被拆除。
可以从任务情报的房屋选项进行确认，并采取相应的措施。",57,65,0,0,False
6117,调整了室内环境设置。,57,33,0,0,False
6118,,0,0,0,0,False
6119,,0,0,0,0,False
6120,,0,0,0,0,False
6121,不可在市场出售，无法添加到收藏夹。,57,8,0,0,False
6122,,0,0,0,0,False
6123,,0,0,0,0,False
6124,,0,0,0,0,False
6125,,0,0,0,0,False
6126,,0,0,0,0,False
6127,,0,0,0,0,False
6128,,0,0,0,0,False
6129,,0,0,0,0,False
6130,,0,0,0,0,False
6131,,0,0,0,0,False
6132,,0,0,0,0,False
6133,,0,0,0,0,False
6134,,0,0,0,0,False
6135,,0,0,0,0,False
6136,,0,0,0,0,False
6137,,0,0,0,0,False
6138,,0,0,0,0,False
6139,,0,0,0,0,False
6140,,0,0,0,0,False
6141,,0,0,0,0,False
6142,,0,0,0,0,False
6143,,0,0,0,0,False
6144,,0,0,0,0,False
6145,,0,0,0,0,False
6146,,0,0,0,0,False
6147,,0,0,0,0,False
6148,,0,0,0,0,False
6149,,0,0,0,0,False
6150,,0,0,0,0,False
6151,,0,0,0,0,False
6152,,0,0,0,0,False
6153,,0,0,0,0,False
6154,,0,0,0,0,False
6155,,0,0,0,0,False
6156,,0,0,0,0,False
6157,,0,0,0,0,False
6158,,0,0,0,0,False
6159,,0,0,0,0,False
6160,,0,0,0,0,False
6161,,0,0,0,0,False
6162,,0,0,0,0,False
6163,,0,0,0,0,False
6164,,0,0,0,0,False
6165,,0,0,0,0,False
6166,,0,0,0,0,False
6167,,0,0,0,0,False
6168,,0,0,0,0,False
6169,,0,0,0,0,False
6170,,0,0,0,0,False
6171,,0,0,0,0,False
6172,,0,0,0,0,False
6173,,0,0,0,0,False
6174,,0,0,0,0,False
6175,,0,0,0,0,False
6176,,0,0,0,0,False
6177,,0,0,0,0,False
6178,,0,0,0,0,False
6179,,0,0,0,0,False
6180,,0,0,0,0,False
6181,,0,0,0,0,False
6182,,0,0,0,0,False
6183,,0,0,0,0,False
6184,,0,0,0,0,False
6185,,0,0,0,0,False
6186,,0,0,0,0,False
6187,,0,0,0,0,False
6188,,0,0,0,0,False
6189,,0,0,0,0,False
6190,,0,0,0,0,False
6191,,0,0,0,0,False
6192,,0,0,0,0,False
6193,,0,0,0,0,False
6194,,0,0,0,0,False
6195,,0,0,0,0,False
6196,,0,0,0,0,False
6197,,0,0,0,0,False
6198,,0,0,0,0,False
6199,,0,0,0,0,False
6200,,0,0,0,0,False
6201,,0,0,0,0,False
6202,,0,0,0,0,False
6203,,0,0,0,0,False
6204,,0,0,0,0,False
6205,,0,0,0,0,False
6206,,0,0,0,0,False
6207,,0,0,0,0,False
6208,,0,0,0,0,False
6209,,0,0,0,0,False
6210,,0,0,0,0,False
6211,,0,0,0,0,False
6212,,0,0,0,0,False
6213,,0,0,0,0,False
6214,,0,0,0,0,False
6215,,0,0,0,0,False
6216,,0,0,0,0,False
6217,,0,0,0,0,False
6218,,0,0,0,0,False
6219,,0,0,0,0,False
6220,,0,0,0,0,False
6221,,0,0,0,0,False
6222,,0,0,0,0,False
6223,,0,0,0,0,False
6224,,0,0,0,0,False
6225,,0,0,0,0,False
6226,,0,0,0,0,False
6227,,0,0,0,0,False
6228,,0,0,0,0,False
6229,,0,0,0,0,False
6230,,0,0,0,0,False
6231,,0,0,0,0,False
6232,,0,0,0,0,False
6233,,0,0,0,0,False
6234,,0,0,0,0,False
6235,,0,0,0,0,False
6236,,0,0,0,0,False
6237,,0,0,0,0,False
6238,,0,0,0,0,False
6239,,0,0,0,0,False
6240,,0,0,0,0,False
6241,,0,0,0,0,False
6242,,0,0,0,0,False
6243,,0,0,0,0,False
6244,,0,0,0,0,False
6245,,0,0,0,0,False
6246,,0,0,0,0,False
6247,,0,0,0,0,False
6248,,0,0,0,0,False
6249,,0,0,0,0,False
6250,,0,0,0,0,False
6251,,0,0,0,0,False
6252,,0,0,0,0,False
6253,,0,0,0,0,False
6254,,0,0,0,0,False
6255,,0,0,0,0,False
6256,,0,0,0,0,False
6257,,0,0,0,0,False
6258,,0,0,0,0,False
6259,,0,0,0,0,False
6260,,0,0,0,0,False
6261,,0,0,0,0,False
6262,,0,0,0,0,False
6263,,0,0,0,0,False
6264,,0,0,0,0,False
6265,,0,0,0,0,False
6266,,0,0,0,0,False
6267,,0,0,0,0,False
6268,,0,0,0,0,False
6269,,0,0,0,0,False
6270,,0,0,0,0,False
6271,,0,0,0,0,False
6272,,0,0,0,0,False
6273,,0,0,0,0,False
6274,,0,0,0,0,False
6275,,0,0,0,0,False
6276,,0,0,0,0,False
6277,,0,0,0,0,False
6278,,0,0,0,0,False
6279,,0,0,0,0,False
6280,,0,0,0,0,False
6281,,0,0,0,0,False
6282,,0,0,0,0,False
6283,,0,0,0,0,False
6284,,0,0,0,0,False
6285,,0,0,0,0,False
6286,,0,0,0,0,False
6287,,0,0,0,0,False
6288,,0,0,0,0,False
6289,,0,0,0,0,False
6290,,0,0,0,0,False
6291,,0,0,0,0,False
6292,,0,0,0,0,False
6293,,0,0,0,0,False
6294,,0,0,0,0,False
6295,,0,0,0,0,False
6296,,0,0,0,0,False
6297,,0,0,0,0,False
6298,,0,0,0,0,False
6299,,0,0,0,0,False
6300,,0,0,0,0,False
6301,,0,0,0,0,False
6302,,0,0,0,0,False
6303,,0,0,0,0,False
6304,,0,0,0,0,False
6305,,0,0,0,0,False
6306,,0,0,0,0,False
6307,,0,0,0,0,False
6308,,0,0,0,0,False
6309,,0,0,0,0,False
6310,,0,0,0,0,False
6311,,0,0,0,0,False
6312,,0,0,0,0,False
6313,,0,0,0,0,False
6314,,0,0,0,0,False
6315,,0,0,0,0,False
6316,,0,0,0,0,False
6317,,0,0,0,0,False
6318,,0,0,0,0,False
6319,,0,0,0,0,False
6320,,0,0,0,0,False
6321,,0,0,0,0,False
6322,,0,0,0,0,False
6323,,0,0,0,0,False
6324,,0,0,0,0,False
6325,,0,0,0,0,False
6326,,0,0,0,0,False
6327,,0,0,0,0,False
6328,,0,0,0,0,False
6329,,0,0,0,0,False
6330,,0,0,0,0,False
6331,,0,0,0,0,False
6332,,0,0,0,0,False
6333,,0,0,0,0,False
6334,,0,0,0,0,False
6335,,0,0,0,0,False
6336,,0,0,0,0,False
6337,,0,0,0,0,False
6338,,0,0,0,0,False
6339,,0,0,0,0,False
6340,,0,0,0,0,False
6341,,0,0,0,0,False
6342,,0,0,0,0,False
6343,,0,0,0,0,False
6344,,0,0,0,0,False
6345,,0,0,0,0,False
6346,,0,0,0,0,False
6347,,0,0,0,0,False
6348,,0,0,0,0,False
6349,,0,0,0,0,False
6350,,0,0,0,0,False
6351,,0,0,0,0,False
6352,,0,0,0,0,False
6353,,0,0,0,0,False
6354,,0,0,0,0,False
6355,,0,0,0,0,False
6356,,0,0,0,0,False
6357,,0,0,0,0,False
6358,,0,0,0,0,False
6359,,0,0,0,0,False
6360,,0,0,0,0,False
6361,,0,0,0,0,False
6362,,0,0,0,0,False
6363,,0,0,0,0,False
6364,,0,0,0,0,False
6365,,0,0,0,0,False
6366,,0,0,0,0,False
6367,,0,0,0,0,False
6368,,0,0,0,0,False
6369,,0,0,0,0,False
6370,,0,0,0,0,False
6371,,0,0,0,0,False
6372,,0,0,0,0,False
6373,,0,0,0,0,False
6374,,0,0,0,0,False
6375,,0,0,0,0,False
6376,,0,0,0,0,False
6377,,0,0,0,0,False
6378,,0,0,0,0,False
6379,,0,0,0,0,False
6380,,0,0,0,0,False
6381,,0,0,0,0,False
6382,,0,0,0,0,False
6383,,0,0,0,0,False
6384,,0,0,0,0,False
6385,,0,0,0,0,False
6386,,0,0,0,0,False
6387,,0,0,0,0,False
6388,,0,0,0,0,False
6389,,0,0,0,0,False
6390,,0,0,0,0,False
6391,,0,0,0,0,False
6392,,0,0,0,0,False
6393,,0,0,0,0,False
6394,,0,0,0,0,False
6395,,0,0,0,0,False
6396,,0,0,0,0,False
6397,,0,0,0,0,False
6398,,0,0,0,0,False
6399,,0,0,0,0,False
6400,,0,0,0,0,False
6401,,0,0,0,0,False
6402,,0,0,0,0,False
6403,,0,0,0,0,False
6404,,0,0,0,0,False
6405,,0,0,0,0,False
6406,,0,0,0,0,False
6407,,0,0,0,0,False
6408,,0,0,0,0,False
6409,,0,0,0,0,False
6410,,0,0,0,0,False
6411,,0,0,0,0,False
6412,,0,0,0,0,False
6413,,0,0,0,0,False
6414,,0,0,0,0,False
6415,,0,0,0,0,False
6416,,0,0,0,0,False
6417,,0,0,0,0,False
6418,,0,0,0,0,False
6419,,0,0,0,0,False
6420,,0,0,0,0,False
6421,,0,0,0,0,False
6422,,0,0,0,0,False
6423,,0,0,0,0,False
6424,,0,0,0,0,False
6425,,0,0,0,0,False
6426,,0,0,0,0,False
6427,,0,0,0,0,False
6428,,0,0,0,0,False
6429,,0,0,0,0,False
6430,,0,0,0,0,False
6431,,0,0,0,0,False
6432,,0,0,0,0,False
6433,,0,0,0,0,False
6434,,0,0,0,0,False
6435,,0,0,0,0,False
6436,,0,0,0,0,False
6437,,0,0,0,0,False
6438,,0,0,0,0,False
6439,,0,0,0,0,False
6440,,0,0,0,0,False
6441,,0,0,0,0,False
6442,,0,0,0,0,False
6443,,0,0,0,0,False
6444,,0,0,0,0,False
6445,,0,0,0,0,False
6446,,0,0,0,0,False
6447,,0,0,0,0,False
6448,,0,0,0,0,False
6449,,0,0,0,0,False
6450,,0,0,0,0,False
6451,,0,0,0,0,False
6452,,0,0,0,0,False
6453,,0,0,0,0,False
6454,,0,0,0,0,False
6455,,0,0,0,0,False
6456,,0,0,0,0,False
6457,,0,0,0,0,False
6458,,0,0,0,0,False
6459,,0,0,0,0,False
6460,,0,0,0,0,False
6461,,0,0,0,0,False
6462,,0,0,0,0,False
6463,,0,0,0,0,False
6464,,0,0,0,0,False
6465,,0,0,0,0,False
6466,,0,0,0,0,False
6467,,0,0,0,0,False
6468,,0,0,0,0,False
6469,,0,0,0,0,False
6470,,0,0,0,0,False
6471,,0,0,0,0,False
6472,,0,0,0,0,False
6473,,0,0,0,0,False
6474,,0,0,0,0,False
6475,,0,0,0,0,False
6476,,0,0,0,0,False
6477,,0,0,0,0,False
6478,,0,0,0,0,False
6479,,0,0,0,0,False
6480,,0,0,0,0,False
6481,,0,0,0,0,False
6482,,0,0,0,0,False
6483,,0,0,0,0,False
6484,,0,0,0,0,False
6485,,0,0,0,0,False
6486,,0,0,0,0,False
6487,,0,0,0,0,False
6488,,0,0,0,0,False
6489,,0,0,0,0,False
6490,,0,0,0,0,False
6491,,0,0,0,0,False
6492,,0,0,0,0,False
6493,,0,0,0,0,False
6494,,0,0,0,0,False
6495,,0,0,0,0,False
6496,,0,0,0,0,False
6497,,0,0,0,0,False
6498,,0,0,0,0,False
6499,,0,0,0,0,False
6500,,0,0,0,0,False
6501,,0,0,0,0,False
6502,,0,0,0,0,False
6503,,0,0,0,0,False
6504,,0,0,0,0,False
6505,,0,0,0,0,False
6506,,0,0,0,0,False
6507,,0,0,0,0,False
6508,,0,0,0,0,False
6509,,0,0,0,0,False
6510,,0,0,0,0,False
6511,,0,0,0,0,False
6512,,0,0,0,0,False
6513,,0,0,0,0,False
6514,,0,0,0,0,False
6515,,0,0,0,0,False
6516,,0,0,0,0,False
6517,,0,0,0,0,False
6518,,0,0,0,0,False
6519,,0,0,0,0,False
6520,,0,0,0,0,False
6521,,0,0,0,0,False
6522,,0,0,0,0,False
6523,,0,0,0,0,False
6524,,0,0,0,0,False
6525,,0,0,0,0,False
6526,,0,0,0,0,False
6527,,0,0,0,0,False
6528,,0,0,0,0,False
6529,,0,0,0,0,False
6530,,0,0,0,0,False
6531,,0,0,0,0,False
6532,,0,0,0,0,False
6533,,0,0,0,0,False
6534,,0,0,0,0,False
6535,,0,0,0,0,False
6536,,0,0,0,0,False
6537,,0,0,0,0,False
6538,,0,0,0,0,False
6539,,0,0,0,0,False
6540,,0,0,0,0,False
6541,,0,0,0,0,False
6542,,0,0,0,0,False
6543,,0,0,0,0,False
6544,,0,0,0,0,False
6545,,0,0,0,0,False
6546,,0,0,0,0,False
6547,,0,0,0,0,False
6548,,0,0,0,0,False
6549,,0,0,0,0,False
6550,,0,0,0,0,False
6551,,0,0,0,0,False
6552,,0,0,0,0,False
6553,,0,0,0,0,False
6554,,0,0,0,0,False
6555,,0,0,0,0,False
6556,,0,0,0,0,False
6557,,0,0,0,0,False
6558,,0,0,0,0,False
6559,,0,0,0,0,False
6560,,0,0,0,0,False
6561,,0,0,0,0,False
6562,,0,0,0,0,False
6563,,0,0,0,0,False
6564,,0,0,0,0,False
6565,,0,0,0,0,False
6566,,0,0,0,0,False
6567,,0,0,0,0,False
6568,,0,0,0,0,False
6569,,0,0,0,0,False
6570,,0,0,0,0,False
6571,,0,0,0,0,False
6572,,0,0,0,0,False
6573,,0,0,0,0,False
6574,,0,0,0,0,False
6575,,0,0,0,0,False
6576,,0,0,0,0,False
6577,,0,0,0,0,False
6578,,0,0,0,0,False
6579,,0,0,0,0,False
6580,,0,0,0,0,False
6581,,0,0,0,0,False
6582,,0,0,0,0,False
6583,,0,0,0,0,False
6584,,0,0,0,0,False
6585,,0,0,0,0,False
6586,,0,0,0,0,False
6587,,0,0,0,0,False
6588,,0,0,0,0,False
6589,,0,0,0,0,False
6590,,0,0,0,0,False
6591,,0,0,0,0,False
6592,,0,0,0,0,False
6593,,0,0,0,0,False
6594,,0,0,0,0,False
6595,,0,0,0,0,False
6596,,0,0,0,0,False
6597,,0,0,0,0,False
6598,,0,0,0,0,False
6599,,0,0,0,0,False
6600,,0,0,0,0,False
6601,,0,0,0,0,False
6602,,0,0,0,0,False
6603,,0,0,0,0,False
6604,,0,0,0,0,False
6605,,0,0,0,0,False
6606,,0,0,0,0,False
6607,,0,0,0,0,False
6608,,0,0,0,0,False
6609,,0,0,0,0,False
6610,,0,0,0,0,False
6611,,0,0,0,0,False
6612,,0,0,0,0,False
6613,,0,0,0,0,False
6614,,0,0,0,0,False
6615,,0,0,0,0,False
6616,,0,0,0,0,False
6617,,0,0,0,0,False
6618,,0,0,0,0,False
6619,,0,0,0,0,False
6620,,0,0,0,0,False
6621,,0,0,0,0,False
6622,,0,0,0,0,False
6623,,0,0,0,0,False
6624,,0,0,0,0,False
6625,,0,0,0,0,False
6626,,0,0,0,0,False
6627,,0,0,0,0,False
6628,,0,0,0,0,False
6629,,0,0,0,0,False
6630,,0,0,0,0,False
6631,,0,0,0,0,False
6632,,0,0,0,0,False
6633,,0,0,0,0,False
6634,,0,0,0,0,False
6635,,0,0,0,0,False
6636,,0,0,0,0,False
6637,,0,0,0,0,False
6638,,0,0,0,0,False
6639,,0,0,0,0,False
6640,,0,0,0,0,False
6641,,0,0,0,0,False
6642,,0,0,0,0,False
6643,,0,0,0,0,False
6644,,0,0,0,0,False
6645,,0,0,0,0,False
6646,,0,0,0,0,False
6647,,0,0,0,0,False
6648,,0,0,0,0,False
6649,,0,0,0,0,False
6650,,0,0,0,0,False
6651,,0,0,0,0,False
6652,,0,0,0,0,False
6653,,0,0,0,0,False
6654,,0,0,0,0,False
6655,,0,0,0,0,False
6656,,0,0,0,0,False
6657,,0,0,0,0,False
6658,,0,0,0,0,False
6659,,0,0,0,0,False
6660,,0,0,0,0,False
6661,,0,0,0,0,False
6662,,0,0,0,0,False
6663,,0,0,0,0,False
6664,,0,0,0,0,False
6665,,0,0,0,0,False
6666,,0,0,0,0,False
6667,,0,0,0,0,False
6668,,0,0,0,0,False
6669,,0,0,0,0,False
6670,,0,0,0,0,False
6671,,0,0,0,0,False
6672,,0,0,0,0,False
6673,,0,0,0,0,False
6674,,0,0,0,0,False
6675,,0,0,0,0,False
6676,,0,0,0,0,False
6677,,0,0,0,0,False
6678,,0,0,0,0,False
6679,,0,0,0,0,False
6680,,0,0,0,0,False
6681,,0,0,0,0,False
6682,,0,0,0,0,False
6683,,0,0,0,0,False
6684,,0,0,0,0,False
6685,,0,0,0,0,False
6686,,0,0,0,0,False
6687,,0,0,0,0,False
6688,,0,0,0,0,False
6689,,0,0,0,0,False
6690,,0,0,0,0,False
6691,,0,0,0,0,False
6692,,0,0,0,0,False
6693,,0,0,0,0,False
6694,,0,0,0,0,False
6695,,0,0,0,0,False
6696,,0,0,0,0,False
6697,,0,0,0,0,False
6698,,0,0,0,0,False
6699,,0,0,0,0,False
6700,,0,0,0,0,False
6701,,0,0,0,0,False
6702,,0,0,0,0,False
6703,,0,0,0,0,False
6704,,0,0,0,0,False
6705,,0,0,0,0,False
6706,,0,0,0,0,False
6707,,0,0,0,0,False
6708,,0,0,0,0,False
6709,,0,0,0,0,False
6710,,0,0,0,0,False
6711,,0,0,0,0,False
6712,,0,0,0,0,False
6713,,0,0,0,0,False
6714,,0,0,0,0,False
6715,,0,0,0,0,False
6716,,0,0,0,0,False
6717,,0,0,0,0,False
6718,,0,0,0,0,False
6719,,0,0,0,0,False
6720,,0,0,0,0,False
6721,,0,0,0,0,False
6722,,0,0,0,0,False
6723,,0,0,0,0,False
6724,,0,0,0,0,False
6725,,0,0,0,0,False
6726,,0,0,0,0,False
6727,,0,0,0,0,False
6728,,0,0,0,0,False
6729,,0,0,0,0,False
6730,,0,0,0,0,False
6731,,0,0,0,0,False
6732,,0,0,0,0,False
6733,,0,0,0,0,False
6734,,0,0,0,0,False
6735,,0,0,0,0,False
6736,,0,0,0,0,False
6737,,0,0,0,0,False
6738,,0,0,0,0,False
6739,,0,0,0,0,False
6740,,0,0,0,0,False
6741,,0,0,0,0,False
6742,,0,0,0,0,False
6743,,0,0,0,0,False
6744,,0,0,0,0,False
6745,,0,0,0,0,False
6746,,0,0,0,0,False
6747,,0,0,0,0,False
6748,,0,0,0,0,False
6749,,0,0,0,0,False
6750,,0,0,0,0,False
6751,,0,0,0,0,False
6752,,0,0,0,0,False
6753,,0,0,0,0,False
6754,,0,0,0,0,False
6755,,0,0,0,0,False
6756,,0,0,0,0,False
6757,,0,0,0,0,False
6758,,0,0,0,0,False
6759,,0,0,0,0,False
6760,,0,0,0,0,False
6761,,0,0,0,0,False
6762,,0,0,0,0,False
6763,,0,0,0,0,False
6764,,0,0,0,0,False
6765,,0,0,0,0,False
6766,,0,0,0,0,False
6767,,0,0,0,0,False
6768,,0,0,0,0,False
6769,,0,0,0,0,False
6770,,0,0,0,0,False
6771,,0,0,0,0,False
6772,,0,0,0,0,False
6773,,0,0,0,0,False
6774,,0,0,0,0,False
6775,,0,0,0,0,False
6776,,0,0,0,0,False
6777,,0,0,0,0,False
6778,,0,0,0,0,False
6779,,0,0,0,0,False
6780,,0,0,0,0,False
6781,,0,0,0,0,False
6782,,0,0,0,0,False
6783,,0,0,0,0,False
6784,,0,0,0,0,False
6785,,0,0,0,0,False
6786,,0,0,0,0,False
6787,,0,0,0,0,False
6788,,0,0,0,0,False
6789,,0,0,0,0,False
6790,,0,0,0,0,False
6791,,0,0,0,0,False
6792,,0,0,0,0,False
6793,,0,0,0,0,False
6794,,0,0,0,0,False
6795,,0,0,0,0,False
6796,,0,0,0,0,False
6797,,0,0,0,0,False
6798,,0,0,0,0,False
6799,,0,0,0,0,False
6800,,0,0,0,0,False
6801,,0,0,0,0,False
6802,,0,0,0,0,False
6803,,0,0,0,0,False
6804,,0,0,0,0,False
6805,,0,0,0,0,False
6806,,0,0,0,0,False
6807,,0,0,0,0,False
6808,,0,0,0,0,False
6809,,0,0,0,0,False
6810,,0,0,0,0,False
6811,,0,0,0,0,False
6812,,0,0,0,0,False
6813,,0,0,0,0,False
6814,,0,0,0,0,False
6815,,0,0,0,0,False
6816,,0,0,0,0,False
6817,,0,0,0,0,False
6818,,0,0,0,0,False
6819,,0,0,0,0,False
6820,,0,0,0,0,False
6821,,0,0,0,0,False
6822,,0,0,0,0,False
6823,,0,0,0,0,False
6824,,0,0,0,0,False
6825,,0,0,0,0,False
6826,,0,0,0,0,False
6827,,0,0,0,0,False
6828,,0,0,0,0,False
6829,,0,0,0,0,False
6830,,0,0,0,0,False
6831,,0,0,0,0,False
6832,,0,0,0,0,False
6833,,0,0,0,0,False
6834,,0,0,0,0,False
6835,,0,0,0,0,False
6836,,0,0,0,0,False
6837,,0,0,0,0,False
6838,,0,0,0,0,False
6839,,0,0,0,0,False
6840,,0,0,0,0,False
6841,,0,0,0,0,False
6842,,0,0,0,0,False
6843,,0,0,0,0,False
6844,,0,0,0,0,False
6845,,0,0,0,0,False
6846,,0,0,0,0,False
6847,,0,0,0,0,False
6848,,0,0,0,0,False
6849,,0,0,0,0,False
6850,,0,0,0,0,False
6851,,0,0,0,0,False
6852,,0,0,0,0,False
6853,,0,0,0,0,False
6854,,0,0,0,0,False
6855,,0,0,0,0,False
6856,,0,0,0,0,False
6857,,0,0,0,0,False
6858,,0,0,0,0,False
6859,,0,0,0,0,False
6860,,0,0,0,0,False
6861,,0,0,0,0,False
6862,,0,0,0,0,False
6863,,0,0,0,0,False
6864,,0,0,0,0,False
6865,,0,0,0,0,False
6866,,0,0,0,0,False
6867,,0,0,0,0,False
6868,,0,0,0,0,False
6869,,0,0,0,0,False
6870,,0,0,0,0,False
6871,,0,0,0,0,False
6872,,0,0,0,0,False
6873,,0,0,0,0,False
6874,,0,0,0,0,False
6875,,0,0,0,0,False
6876,,0,0,0,0,False
6877,,0,0,0,0,False
6878,,0,0,0,0,False
6879,,0,0,0,0,False
6880,,0,0,0,0,False
6881,,0,0,0,0,False
6882,,0,0,0,0,False
6883,,0,0,0,0,False
6884,,0,0,0,0,False
6885,,0,0,0,0,False
6886,,0,0,0,0,False
6887,,0,0,0,0,False
6888,,0,0,0,0,False
6889,,0,0,0,0,False
6890,,0,0,0,0,False
6891,,0,0,0,0,False
6892,,0,0,0,0,False
6893,,0,0,0,0,False
6894,,0,0,0,0,False
6895,,0,0,0,0,False
6896,,0,0,0,0,False
6897,,0,0,0,0,False
6898,,0,0,0,0,False
6899,,0,0,0,0,False
6900,,0,0,0,0,False
6901,,0,0,0,0,False
6902,,0,0,0,0,False
6903,,0,0,0,0,False
6904,,0,0,0,0,False
6905,,0,0,0,0,False
6906,,0,0,0,0,False
6907,,0,0,0,0,False
6908,,0,0,0,0,False
6909,,0,0,0,0,False
6910,,0,0,0,0,False
6911,,0,0,0,0,False
6912,,0,0,0,0,False
6913,,0,0,0,0,False
6914,,0,0,0,0,False
6915,,0,0,0,0,False
6916,,0,0,0,0,False
6917,,0,0,0,0,False
6918,,0,0,0,0,False
6919,,0,0,0,0,False
6920,,0,0,0,0,False
6921,,0,0,0,0,False
6922,,0,0,0,0,False
6923,,0,0,0,0,False
6924,,0,0,0,0,False
6925,,0,0,0,0,False
6926,,0,0,0,0,False
6927,,0,0,0,0,False
6928,,0,0,0,0,False
6929,,0,0,0,0,False
6930,,0,0,0,0,False
6931,,0,0,0,0,False
6932,,0,0,0,0,False
6933,,0,0,0,0,False
6934,,0,0,0,0,False
6935,,0,0,0,0,False
6936,,0,0,0,0,False
6937,,0,0,0,0,False
6938,,0,0,0,0,False
6939,,0,0,0,0,False
6940,,0,0,0,0,False
6941,,0,0,0,0,False
6942,,0,0,0,0,False
6943,,0,0,0,0,False
6944,,0,0,0,0,False
6945,,0,0,0,0,False
6946,,0,0,0,0,False
6947,,0,0,0,0,False
6948,,0,0,0,0,False
6949,,0,0,0,0,False
6950,,0,0,0,0,False
6951,,0,0,0,0,False
6952,,0,0,0,0,False
6953,,0,0,0,0,False
6954,,0,0,0,0,False
6955,,0,0,0,0,False
6956,,0,0,0,0,False
6957,,0,0,0,0,False
6958,,0,0,0,0,False
6959,,0,0,0,0,False
6960,,0,0,0,0,False
6961,,0,0,0,0,False
6962,,0,0,0,0,False
6963,,0,0,0,0,False
6964,,0,0,0,0,False
6965,强欲陷阱没有被完全解除……,57,33,0,0,False
6966,挑战第1次的陷阱解除！,57,33,0,0,False
6967,强欲陷阱发动了！,57,33,0,0,False
6968,没有挑战强欲陷阱的解除……,57,33,0,0,False
6969,强欲陷阱解除成功了，财宝的数量增加到了开始时的UNKNOWN倍！,57,33,0,0,False
6970,强欲陷阱解除中断了，获得了开始时UNKNOWN倍的财宝！,57,33,0,0,False
6971,所有强欲陷阱都成功解除了，获得了开始时UNKNOWN倍的财宝！,57,33,0,0,False
6972,强欲陷阱解除失败，失去了所有的财宝……,57,33,0,0,False
6973,宝箱被设置了强欲陷阱……,57,33,0,0,False
6974,解錠成功率アップ！ 開かない左の扉が消灯した！,57,33,0,0,False
6975,左侧的门发光了！,57,33,0,0,False
6976,左侧的门发光了！,57,33,0,0,False
6977,无法执行，正在申请参加任务。,60,9,0,0,False
6978,门上着锁……,57,33,0,0,False
6979,门紧紧地关闭着……,57,33,0,0,False
6980,无法执行，未达到进入条件。,60,9,0,0,False
6981,无法执行，不是战斗精英或魔法导师职业。,60,9,0,0,False
6982,无法执行，正处于防沉迷状态。,60,9,0,0,False
6983,无法执行，正处于战斗中。,60,9,0,0,False
6984,无法执行，有队员未满足进入条件。,60,9,0,0,False
6985,未满足进入条件。,60,9,0,0,False
6986,无法执行，尚未完成分配。,60,9,0,0,False
6987,,60,9,0,0,False
6988,无法执行，有队员不是战斗精英或魔法导师职业。,60,9,0,0,False
6989,不是战斗精英或魔法导师职业。,60,9,0,0,False
6990,无法执行，有队员处于无法战斗状态。,60,9,0,0,False
6991,处于无法战斗状态。,60,9,0,0,False
6992,无法执行，有队员没在当前区域中。,60,9,0,0,False
6993,,0,0,0,0,False
6994,无法执行，有队员处于防沉迷状态。,60,9,0,0,False
6995,正处于防沉迷状态。,60,9,0,0,False
6996,无法执行，正处于团队申请状态。,60,9,0,0,False
6997,把手放到了门上！,57,33,0,0,False
6998,打开了通往第二区的大门！,57,33,0,0,False
6999,陷阱发动，被强制传送出宝物库……,57,17,0,0,False
7000,"由于新人或回归者正和指导者处于同一队伍，
在到达90级以前，都会获得一部分额外经验值作为奖励。",57,33,0,0,False
7001,"由于失去组队状态、等级到达90级或解除了新人、回归者状态等原因，
额外经验值奖励失效了。",57,33,0,0,False
7002,无法获得物品，背包中已有同样的道具。,57,33,0,0,False
7003,由于效果对象移动到了其它区域，奖励效果消失。,57,33,0,0,False
7004,聊天频道切换为新人频道。,57,33,0,0,False
7005,达到人数上限，无法加入新人频道。,75,1,0,0,False
7006,达到人数上限，无法招待进入新人频道。,60,9,0,0,False
7007,UNKNOWN加入了新人频道。,75,33,0,0,False
7008,"Beginner - UNKNOWN将UNKNOWN从新人频道中除名了。
除名理由：UNKNOWN",75,1,0,0,False
7009,由于被除名，当前处于参加限制之中，限制时间结束前无法加入新人频道。,60,9,0,0,False
7010,由于被除名，当前处于限制参加时间之中，限制时间结束前无法被招待进入新人频道。,60,9,0,0,False
7011,"加入了新人频道。
当前参加人数：指导者UNKNOWN人/新人及回归者UNKNOWN人
※新人频道的人数上限为指导者100人，新人及回归者412人。",75,1,0,0,False
7012,正在发送任务参加申请，无法撤销指导者身份。,60,9,0,0,False
7013,"受到的招待，加入了新人频道。
在新人频道中，会得到被称为指导者的资深冒险者们的帮助。
他们会回答新人的问题，助新人们的冒险之旅一臂之力。
如果有什么不明白或是烦恼之处，就试着在新人频道发言求助吧！",75,33,0,0,False
7014,无法除名，除名理由中含有非法字符串。,60,9,0,0,False
7015,无法向黑名单中的玩家发送新人频道的加入招待。,60,9,0,0,False
7016,该对象无法招待。,60,9,0,0,False
7017,无法发送招待，该玩家已经加入新人频道。,60,9,0,0,False
7018,当前无法发送招待。,60,9,0,0,False
7019,无法发送招待，对象玩家不是新人或回归者。,60,9,0,0,False
7020,无法重新加入，被从新人频道除名不足3小时。,57,1,0,0,False
7021,无法重新加入，被从新人频道除名不足30分钟。,57,1,0,0,False
7022,无法成为指导者，取消指导者认证不足30日。,60,9,0,0,False
7023,无法除名，对象玩家已退出频道。,60,9,0,0,False
7024,无法发送招待，对象玩家处于任务中。,60,9,0,0,False
7025,加入了新人频道。,75,1,0,0,False
7026,一段时间内没有进行任何操作，已退出新人频道。,75,1,0,0,False
7027,"加入了新人频道。
当前参加人数：指导者UNKNOWN人/新人及回归者UNKNOWN人
新人需要有各位指导者的招待才能加入新人频道。
使用玩家搜索等功能发现了没有参加聊天频道的新人时，
请积极邀请他们参加新人频道。
※新人频道的人数上限为指导者100人，新人及回归者412人。",75,1,0,0,False
7028,"作为冒险者的经验得到了认可，从新人中毕业了！
今后请以成为资深冒险者及指导者为目标，
继续享受精彩的冒险之旅吧！",57,33,0,0,False
7029,成为了指导者，新人或回归者状态被解除了。,57,33,0,0,False
7030,退出了新人频道。,75,1,0,0,False
7031,无法发送招待，对象玩家处于战斗或过场剧情中。,60,9,0,0,False
7032,无法发送招待，对象玩家设置了拒绝新人频道的招待。,60,9,0,0,False
7033,对UNKNOWN发送了加入新人频道的招待。,57,33,0,0,False
7034,收到了UNKNOWN发来的新人频道招待。,57,33,1,0,False
7035,UNKNOWN谢绝了新人频道的招待。,57,33,0,0,False
7036,谢绝了UNKNOWN发来的新人频道招待。,57,33,0,0,False
7037,无法发送招待，对象玩家已经收到了新人频道的招待。,60,9,0,0,False
7038,回归者的状态已结束，今后作为冒险者体验更多冒险吧！,57,33,0,0,False
7039,"成为了回归者，指导者状态被解除了。
要想再次成为指导者，需要到各地的冒险者指导教官那里进行认定。",57,33,0,0,False
7040,无法成为指导者，可认证的指导员不存在。,60,9,0,0,False
7041,"满足了回归者活动中的再次回归者条件，
回归者的状态延长了。",57,33,0,0,False
7042,正在发送任务参加申请，无法进行指导者认证。,60,9,0,0,False
7043,"保留了回归者的支援效果。
下次登入游戏时将再次显示确认画面。",57,33,0,0,False
7044,,0,0,0,0,False
7045,,0,0,0,0,False
7046,,0,0,0,0,False
7047,,0,0,0,0,False
7048,,0,0,0,0,False
7049,,0,0,0,0,False
7050,,0,0,0,0,False
7051,,0,0,0,0,False
7052,,0,0,0,0,False
7053,,0,0,0,0,False
7054,,0,0,0,0,False
7055,,0,0,0,0,False
7056,,0,0,0,0,False
7057,,0,0,0,0,False
7058,,0,0,0,0,False
7059,,0,0,0,0,False
7060,,0,0,0,0,False
7061,,0,0,0,0,False
7062,,0,0,0,0,False
7063,,0,0,0,0,False
7064,,0,0,0,0,False
7065,,0,0,0,0,False
7066,,0,0,0,0,False
7067,,0,0,0,0,False
7068,,0,0,0,0,False
7069,,0,0,0,0,False
7070,,0,0,0,0,False
7071,,0,0,0,0,False
7072,,0,0,0,0,False
7073,,0,0,0,0,False
7074,,0,0,0,0,False
7075,,0,0,0,0,False
7076,,0,0,0,0,False
7077,,0,0,0,0,False
7078,,0,0,0,0,False
7079,,0,0,0,0,False
7080,,0,0,0,0,False
7081,,0,0,0,0,False
7082,,0,0,0,0,False
7083,,0,0,0,0,False
7084,,0,0,0,0,False
7085,,0,0,0,0,False
7086,,0,0,0,0,False
7087,,0,0,0,0,False
7088,,0,0,0,0,False
7089,,0,0,0,0,False
7090,,0,0,0,0,False
7091,,0,0,0,0,False
7092,,0,0,0,0,False
7093,,0,0,0,0,False
7094,,0,0,0,0,False
7095,,0,0,0,0,False
7096,,0,0,0,0,False
7097,,0,0,0,0,False
7098,,0,0,0,0,False
7099,,0,0,0,0,False
7100,开始了“UNKNOWN”的挑战。,57,1,0,0,False
7101,距离“UNKNOWN”结束还有UNKNOWN分钟。,57,33,0,0,False
7102,限制时间已到，“UNKNOWN”挑战结束。,57,1,0,0,False
7103,结束了“”的挑战。,57,1,0,0,False
7104,您正处于防沉迷状态，无法进入初学者学堂。,60,129,0,0,False
7105,当前状态无法使用。,60,9,0,0,False
7106,正在发送任务参加申请，无法使用初学者学堂。,60,9,0,0,False
7107,组队状态下无法使用初学者学堂。,60,9,0,0,False
7108,目前职业为能工巧匠或大地使者，无法使用初学者学堂。,60,9,0,0,False
7109,无法进入初学者学堂。,60,9,0,0,False
7110,目前职业为设限特职，无法使用初学者学堂。,60,9,0,0,False
7111,当前职业无法使用初学者学堂。,60,9,0,0,False
7112,,0,0,0,0,False
7113,,0,0,0,0,False
7114,,0,0,0,0,False
7115,,0,0,0,0,False
7116,,0,0,0,0,False
7117,,0,0,0,0,False
7118,,0,0,0,0,False
7119,,0,0,0,0,False
7120,深层迷宫中无法查看普通地图。,60,9,0,0,False
7121,无法执行，没有存档。,60,9,0,0,False
7122,无法转换随机组队的存档。,60,9,0,0,False
7123,无法获取道具，背包已满。,60,9,0,0,False
7124,,0,0,0,0,False
7125,,0,0,0,0,False
7126,,0,0,0,0,False
7127,,0,0,0,0,False
7128,,0,0,0,0,False
7129,,0,0,0,0,False
7130,,0,0,0,0,False
7131,可以在旅馆进行管弦乐琴的播放。,57,33,0,0,False
7132,无法放入该观赏鱼，容量不足。,60,9,0,0,False
7133,,0,0,0,0,False
7134,无法设置，观赏鱼的条数已达到上限。,60,9,0,0,False
7135,正在播放播放列表之外的曲目，无法更改播放模式。,60,8,0,0,False
7136,,0,0,0,0,False
7137,每日只能进行1次留言。,60,8,0,0,False
7138,"搜索结果过多，搜索中止了。
请增加检索文字后再次进行搜索。",60,8,0,0,False
7139,找到了UNKNOWN个结果。,57,33,0,0,False
7140,找到了UNKNOWN个结果，仅显示其中的前UNKNOWN项。,57,33,0,0,False
7141,设置修改成功。,57,32,0,0,False
7142,放弃了修改中的设置。,57,32,0,0,False
7143,已设定为副权限人。,60,8,0,0,False
7144,无法设定为副权限人，无法获取情报。,60,8,0,0,False
7145,无法设置，没有可以追加副权限的成员。,60,8,0,0,False
7146,无法从禁止进入名单中删除，不是主权限人。,60,8,0,0,False
7147,,0,0,0,0,False
7148,,0,0,0,0,False
7149,,0,0,0,0,False
7150,,0,0,0,0,False
7151,,0,0,0,0,False
7152,,0,0,0,0,False
7153,,0,0,0,0,False
7154,,0,0,0,0,False
7155,,0,0,0,0,False
7156,,0,0,0,0,False
7157,,0,0,0,0,False
7158,,0,0,0,0,False
7159,,0,0,0,0,False
7160,,0,0,0,0,False
7161,,0,0,0,0,False
7162,,0,0,0,0,False
7163,,0,0,0,0,False
7164,,0,0,0,0,False
7165,,0,0,0,0,False
7166,,0,0,0,0,False
7167,,0,0,0,0,False
7168,,0,0,0,0,False
7169,,0,0,0,0,False
7170,,0,0,0,0,False
7171,,0,0,0,0,False
7172,,0,0,0,0,False
7173,,0,0,0,0,False
7174,,0,0,0,0,False
7175,,0,0,0,0,False
7176,,0,0,0,0,False
7177,,0,0,0,0,False
7178,,0,0,0,0,False
7179,,0,0,0,0,False
7180,,0,0,0,0,False
7181,,0,0,0,0,False
7182,（仮）ここでは採集はできません。,60,9,0,0,False
7183,,0,0,0,0,False
7184,,0,0,0,0,False
7185,,0,0,0,0,False
7186,,0,0,0,0,False
7187,,0,0,0,0,False
7188,,0,0,0,0,False
7189,,0,0,0,0,False
7190,现在无法使用该指令。,60,9,0,0,False
7191,无法如此移动陆行鸟鞍囊中的道具。,60,9,0,0,False
7192,无法使用，契约已过期。,60,8,0,0,False
7193,陆行鸟鞍囊已满。,60,8,0,0,False
7194,陆行鸟鞍囊中还剩下UNKNOWN格空位。,60,8,0,0,False
7195,,0,0,0,0,False
7196,,0,0,0,0,False
7197,,0,0,0,0,False
7198,,0,0,0,0,False
7199,,0,0,0,0,False
7200,无法执行，小队成员的人数不符合参加条件。,60,9,0,0,False
7201,无法执行，当前职业不是设限特职外的战斗精英或魔法导师。,60,9,0,0,False
7202,无法执行，当前小队构成和上次中断时不同。,60,9,0,0,False
7203,无法执行，当前职业构成和上次中断时不同。,60,9,0,0,False
7204,无法执行，小队成员中有人的攻略进度不同。,60,9,0,0,False
7205,"无法执行，当前专用装备强化值未达到规定值。
所需强化值（武器·盾）：UNKNOWN，所需强化值（防具）:UNKNOWN。",60,9,0,0,False
7206,无法执行，小队成员中有人的攻略进度存档已满。,60,9,0,0,False
7207,无法执行，小队成员中有人正在申请参加任务。,60,9,0,0,False
7208,无法执行，小队成员中有人处于免费试用期。,60,9,0,0,False
7209,无法执行，小队成员中有人没有攻略进度存档。,60,9,0,0,False
7210,Firstname Lastname不是战斗精英或魔法导师。,60,9,0,0,False
7211,Firstname Lastname与上次中断时的职业不同。,60,9,0,0,False
7212,Firstname Lastname的攻略进度不一致。,60,9,0,0,False
7213,Firstname Lastname的强化值未达到规定值。,60,9,0,0,False
7214,Firstname Lastname的攻略进度存档已满。,60,9,0,0,False
7215,Firstname Lastname正在申请参加任务。,60,9,0,0,False
7216,Firstname Lastname处于免费试用期。,60,9,0,0,False
7217,Firstname Lastname没有相应攻略进度的存档。,60,9,0,0,False
7218,无法执行，正在申请参加任务。,60,9,0,0,False
7219,不是战斗精英或魔法导师。,60,9,0,0,False
7220,获得了！,57,33,0,0,False
7221,等人获得了！,57,33,0,0,False
7222,"无法获得更多的了。
被重新放回了宝箱中……",57,33,0,0,False
7223,宝箱竟然是！,57,33,0,0,False
7224,触发了地雷……,57,33,0,0,False
7225,触发了诱饵陷阱……,57,33,0,0,False
7226,触发了弱化陷阱……,57,33,0,0,False
7227,触发了妨碍陷阱……,57,33,0,0,False
7228,触发了蛙变陷阱……,57,33,0,0,False
7229,触发了陷阱，宝箱爆炸了……,57,33,0,0,False
7230,这一层启动了失明的魔法效果……,57,1,0,0,False
7231,这一层启动了最大体力降低的魔法效果……,57,1,0,0,False
7232,这一层启动了伤害降低的魔法效果……,57,1,0,0,False
7233,这一层启动了能力封印的魔法效果……,57,1,0,0,False
7234,这一层启动了加速的魔法效果……,57,1,0,0,False
7235,这一层启动了最大体力魔力上升的魔法效果……,57,1,0,0,False
7236,这一层覆盖了强大的结界，导致无法使用道具……,57,1,0,0,False
7237,这一层覆盖了强大的结界，导致无法全力奔跑……,57,1,0,0,False
7238,这一层覆盖了强大的结界，导致身体变得沉重……,57,1,0,0,False
7239,这一层覆盖了强大的结界，导致自愈能力降低……,57,1,0,0,False
7240,四周弥漫的妖雾增强了魔物的力量……,57,1,0,0,False
7241,暗淡无光……,57,33,0,0,False
7242,开始散发光辉！,57,33,0,0,False
7243,从中溢出了生命力……倒下的冒险者重新恢复了活力！,57,33,0,0,False
7244,散发着光辉……但现在并没有什么作用……,57,33,0,0,False
7245,启动了！,57,33,0,0,False
7246,距离传送还有3秒……,57,1,0,0,False
7247,传送中断了……,57,1,0,0,False
7248,成功进行了传送！,57,1,0,0,False
7249,等级切换为该任务中的专用等级。,57,33,0,0,False
7250,散发出光辉，强化值提升到UNKNOWN！,57,33,0,0,False
7251,的强化失败了……,57,33,0,0,False
7252,散发出强烈的光辉，强化值提升到了UNKNOWN！,57,33,0,0,False
7253,散发出炫目的光辉，强化值提升到了UNKNOWN！,57,33,0,0,False
7254,Firstname Lastname打碎了！,57,1,0,0,False
7255,这一层的陷阱全部被清除了！,57,33,0,0,False
7256,这一层的地图全部被点亮了！,57,33,0,0,False
7257,Firstname Lastname附加了强化自身的魔法。,57,33,0,0,False
7258,Firstname Lastname附加了强化防御的魔法。,57,33,0,0,False
7259,察觉到某处有宝箱的气息！,57,33,0,0,False
7260,察觉到远处魔物的气息消失了！,57,33,0,0,False
7261,察觉到远处的魔物的气息发生了变化！,57,33,0,0,False
7262,Firstname Lastname的诅咒被解除了！,57,33,0,0,False
7263,感觉到运气得到了提升！,57,33,0,0,False
7264,在自身的周围展开了变身魔法！,57,33,0,0,False
7265,充斥在这一层的污秽魔力消散了！,57,33,0,0,False
7266,已经发动了同样的效果……,57,33,0,0,False
7267,现在并无效果……,57,33,0,0,False
7268,Firstname Lastname变化成了曼提克的样子！,57,33,0,0,False
7269,Firstname Lastname变化成了梦魔的样子！,57,33,0,0,False
7270,地下UNKNOWN层,57,33,0,0,False
7271,复唱时间结束前无法执行。,60,8,0,0,False
7272,这一层似乎有宝藏……,57,33,0,0,False
7273,这一层似乎没有宝藏……,57,33,0,0,False
7274,发现了埋藏的宝藏！,57,33,0,0,False
7275,获得了埋藏的宝藏！,57,33,0,0,False
7276,等人获得了埋藏的宝藏！,57,33,0,0,False
7277,Firstname Lastname的聚魔装备散发出了更加耀眼的光辉！,57,33,0,0,False
7278,艾·乌纳·科特罗开始受理新的道具了！,57,1,0,0,False
7279,发现了！,57,33,0,0,False
7280,等人发现了！,57,33,0,0,False
7281,无法进行该操作，珍稀道具只能持有一个。,60,9,0,0,False
7282,Firstname Lastname还没有解锁该任务。,60,9,0,0,False
7283,无法转换该存档，该存档已抵达挑战型任务层级。,60,9,0,0,False
7284,无法进行鉴定，背包已满。,60,9,0,0,False
7285,可以在陷入无法战斗状态时复活一次了！,57,33,0,0,False
7286,Firstname Lastname变化成了基路伯的样子！,57,33,0,0,False
7287,发动了重生的效果，重新苏醒了过来！,57,33,0,0,False
7288,可以感知到宝藏埋藏的位置了！,57,33,0,0,False
7289,无法进行该操作，存档中有团灭的记录。,60,9,0,0,False
7290,第UNKNOWN朝圣路,57,33,0,0,False
7291,所需的供品不足，无法挑战卓异的悲寂深想战。,60,9,0,0,False
7292,无法继续增加，所选供品不足。,60,8,0,0,False
7293,,0,0,0,0,False
7294,,0,0,0,0,False
7295,,0,0,0,0,False
7296,,0,0,0,0,False
7297,,0,0,0,0,False
7298,,0,0,0,0,False
7299,,0,0,0,0,False
7300,获得了0点经验值。,64,1,0,0,False
7301,"在当前任务的战斗中下线的角色，
将以无法战斗的状态回归。",57,33,0,0,False
7302,,0,0,0,0,False
7303,,0,0,0,0,False
7304,,0,0,0,0,False
7305,,0,0,0,0,False
7306,,0,0,0,0,False
7307,,0,0,0,0,False
7308,,0,0,0,0,False
7309,,0,0,0,0,False
7310,设置修改成功。,57,32,0,0,False
7311,放弃了修改中的设置。,57,32,0,0,False
7312,该技能无法使用。,60,8,0,0,False
7313,只有队长才能执行合奏准备确认。,60,9,0,0,False
7314,小队的状态发生了改变，合奏准备确认已中断。,60,33,0,0,False
7315,,0,0,0,0,False
7316,,0,0,0,0,False
7317,,0,0,0,0,False
7318,,0,0,0,0,False
7319,,0,0,0,0,False
7320,向发送了自定赛邀请。,57,33,0,0,False
7321,接受邀请加入了自定赛。,57,33,0,0,False
7322,收到了发来的自定赛邀请。,57,33,0,0,False
7323,接受邀请加入了的自定赛。,57,33,0,0,False
7324,自定赛的参加申请已取消。,57,33,0,0,False
7325,自定赛结成完毕，可以申请比赛了。,57,33,0,0,False
7326,无法发送邀请，不是小队队长。,60,9,0,0,False
7327,无法发送邀请，对方不是轻锐小队或满编小队。,60,9,0,0,False
7328,无法发送邀请，该玩家已经加入自定赛中了。,60,9,0,0,False
7329,无法发送邀请，该玩家已经收到您的邀请了。,60,9,0,0,False
7330,无法发送邀请，已经加入自定赛中了。,60,9,0,0,False
7331,无法发送邀请，该玩家已经加入到其他编成中了。,60,9,0,0,False
7332,无法发送邀请，该玩家正在执行任务。,60,9,0,0,False
7333,无法发送邀请，该玩家的在线状态为“忙碌”。,60,9,0,0,False
7334,无法发送邀请，该玩家正在发送任务参加申请。,60,9,0,0,False
7335,无法发送邀请，该玩家处于其他区域。,60,9,0,0,False
7336,无法发送邀请，当前小队中有人呼叫出了陆行鸟搭档。,60,9,0,0,False
7337,无法发送邀请，该玩家所在小队中有人呼叫出了陆行鸟搭档。,60,9,0,0,False
7338,无法发送自定赛邀请。,60,9,0,0,False
7339,无法发送邀请，该玩家已被记入黑名单。,60,9,0,0,False
7340,无法发送邀请，该名称的玩家不存在，或已经下线，或处于其他区域。,60,9,0,0,False
7341,无法申请，只有发起自定赛的队长才有申请的权限。,60,9,0,0,False
7342,无法发送邀请，当前在线状态为“忙碌”。,60,9,0,0,False
7343,无法发送邀请，当前不是轻锐小队或满编小队。,60,9,0,0,False
7344,无法发送邀请，对方小队中有下线的队员。,60,9,0,0,False
7345,无法发送邀请，当前小队中有下线的队员。,60,9,0,0,False
7346,只有一支小队或各小队不是轻锐小队或满编小队。,60,9,0,0,False
7347,获得了全体成员的同意，再次开始战斗。,57,513,0,0,False
7348,有成员退出，再战取消。,57,33,0,0,False
7349,没有开放对战功能，无法发送自定赛邀请。,60,9,0,0,False
7350,,0,0,0,0,False
7351,,0,0,0,0,False
7352,,0,0,0,0,False
7353,,0,0,0,0,False
7354,,0,0,0,0,False
7355,,0,0,0,0,False
7356,,0,0,0,0,False
7357,,0,0,0,0,False
7358,,0,0,0,0,False
7359,,0,0,0,0,False
7360,,0,0,0,0,False
7361,,0,0,0,0,False
7362,,0,0,0,0,False
7363,,0,0,0,0,False
7364,,0,0,0,0,False
7365,,0,0,0,0,False
7366,,0,0,0,0,False
7367,,0,0,0,0,False
7368,,0,0,0,0,False
7369,,0,0,0,0,False
7370,,0,0,0,0,False
7371,,0,0,0,0,False
7372,,0,0,0,0,False
7373,,0,0,0,0,False
7374,,0,0,0,0,False
7375,,0,0,0,0,False
7376,,0,0,0,0,False
7377,,0,0,0,0,False
7378,,0,0,0,0,False
7379,,0,0,0,0,False
7380,"对UNKNOWN进行了举报。
针对举报不会单独进行回复，敬请谅解。",57,33,0,0,False
7381,"根据其他玩家的举报，我们判断您的账号很可能在散布现实金钱交易的消息，
因此被禁止发言。如果您对此事并无头绪，
请通过情报服务台内的“举报不良行为”进行咨询。
",57,33,0,0,False
7382,发送失败。发言受到限制。,60,9,0,0,False
7383,,0,0,0,0,False
7384,,0,0,0,0,False
7385,,0,0,0,0,False
7386,,0,0,0,0,False
7387,,0,0,0,0,False
7388,,0,0,0,0,False
7389,,0,0,0,0,False
7390,未满足队员招募设定的任务参加条件，无法加入小队。,60,9,0,0,False
7391,有队员未满足队员招募设定的任务参加条件，无法加入小队。,60,9,0,0,False
7392,申请中的任务内容发生改变，参加申请已取消。,60,9,0,0,False
7393,■目的,57,1,0,0,False
7394,UNKNOWN,57,1,0,0,False
7395,■自由留言,57,1,0,0,False
7396,UNKNOWN,57,1,0,0,False
7397,■任务搜索器设置,57,1,0,0,False
7398,正在招募队员的任务已结束，队员招募结束。,57,33,0,0,False
7399,,0,0,0,0,False
7400,向提出了决斗申请。,57,33,0,0,False
7401,拒绝了决斗申请。,57,33,0,0,False
7402,收到了提出的决斗申请。,57,33,0,0,False
7403,拒绝了提出的决斗申请。,57,33,0,0,False
7404,无法申请决斗，处于决斗场地外。,60,9,0,0,False
7405,移动到了决斗场地外，决斗申请被撤销了。,60,9,0,0,False
7406,移动到了决斗场地外，决斗申请被撤销了。,60,9,0,0,False
7407,回复时间已过，决斗申请被撤销了。,60,9,0,0,False
7408,决斗申请成立，决斗开始。,57,33,0,0,False
7409,在决斗中赢了！,57,33,0,0,False
7410,无法申请，现在处于无法战斗状态。,60,9,0,0,False
7411,无法申请，对方现在处于无法战斗状态。,60,9,0,0,False
7412,无法申请，现在正在申请决斗。,60,9,0,0,False
7413,无法申请，现在收到了其他决斗申请。,60,9,0,0,False
7414,无法申请，对方正在向其他玩家申请决斗。,60,9,0,0,False
7415,无法申请，正处于决斗中。,60,9,0,0,False
7416,无法申请，对方正处于决斗中。,60,9,0,0,False
7417,对方取消了决斗申请。,60,9,0,0,False
7418,无法申请，对方收到了其他决斗申请。,60,9,0,0,False
7419,无法申请决斗，不是可以进行对战的特职。,60,9,0,0,False
7420,无法申请决斗，对方不是可以进行对战的特职。,60,9,0,0,False
7421,与对方距离过远时决斗申请将会被取消。,60,9,0,0,False
7422,距离太远。,60,8,0,0,False
7423,无法申请决斗，召唤兽位于决斗场地外。,60,9,0,0,False
7424,无法申请决斗，的召唤兽位于决斗场地外。,60,9,0,0,False
7425,无法申请决斗，该玩家已被记入黑名单。,60,9,0,0,False
7426,无法申请决斗。,60,9,0,0,False
7427,移动到了决斗场地外，的决斗申请被撤销了。,60,9,0,0,False
7428,决斗申请被取消了。,60,9,0,0,False
7429,目前无法进行决斗。,60,9,0,0,False
7430,开始鉴定道具。,57,33,0,0,False
7431,道具鉴定完毕，获得了。,57,33,0,0,False
7432,アイテム鑑定の結果、を入手しました。,57,1,0,0,False
7433,アイテム鑑定の結果、×UNKNOWNを入手しました。,57,1,0,0,False
7434,所持数量不足，无法鉴定。,60,8,0,0,False
7435,背包已满，无法鉴定。,60,8,0,0,False
7436,未达到鉴定所需的义军等级，无法鉴定。,60,8,0,0,False
7437,所持数量不足，无法鉴定。,60,8,0,0,False
7438,,0,0,0,0,False
7439,,0,0,0,0,False
7440,密码错误，无法加入。,60,9,0,0,False
7441,搜索结果已更新。,57,33,0,0,False
7442,密码错误，无法进行招募。,60,9,0,0,False
7443,无法加入，招募人处于离线状态。,60,9,0,0,False
7444,"成立了跨服小队。
跨服组队与通常的组队状态不同，在副本外无法获得来自其他队员的技能效果。",57,33,0,0,False
7445,已达到申请数量的极限，无法进行队员招募。,60,9,0,0,False
7446,"加入了跨服小队。
跨服组队与通常的组队状态不同，在副本外无法获得来自其他队员的技能效果。",57,33,0,0,False
7447,解散了跨服小队。,57,33,1,0,False
7448,跨服小队解散了。,57,33,1,0,False
7449,队员招募服务器发生问题。,60,9,0,0,False
7450,正在通过任务搜索器发送申请，无法加入。,60,9,0,0,False
7451,招募队员结束，队员已经集齐。,57,33,1,0,False
7452,招募队员结束，队员已经集齐。,57,33,1,0,False
7453,无法加入队伍，该任务尚未开启。,60,9,0,0,False
7454,无法加入队伍，该任务尚未完成。,60,9,0,0,False
7455,加入了UNKNOWN组建的“UNKNOWN：UNKNOWN”队伍。,57,33,0,0,False
7456,加入了UNKNOWN组建的“UNKNOWN”队伍。,57,33,0,0,False
7457,无法加入队伍，邀请你的玩家已退队。,60,9,0,0,False
7458,无法加入队伍，该跨服小队已招满。,60,9,0,0,False
7459,跨服小队加入失败。,60,9,0,0,False
7460,招募信息已变更，加入失败。,60,9,0,0,False
7461,由于正在切换区域等原因，申请失败。,60,9,0,0,False
7462,在副本任务中，申请失败。,60,9,0,0,False
7463,条件不足，无法创建或加入该任务。,60,9,0,0,False
7464,"成立了队员招募用的团队。
团队与通常的组队状态不同，在副本外无法获得来自其他队员的护盾等为队友施加的技能效果，也不会有组队加成。",57,33,0,0,False
7465,"加入了队员招募用的团队。
团队与通常的组队状态不同，在副本外无法获得来自其他队员的护盾等为队友施加的技能效果，也不会有组队加成。",57,33,0,0,False
7466,加入了UNKNOWN组建的“UNKNOWN：UNKNOWN”队员招募用的UNKNOWN队伍。,57,33,0,0,False
7467,加入了UNKNOWN组建的“UNKNOWN”队员招募用的UNKNOWN队伍。,57,33,0,0,False
7468,解散了队员招募用的团队。,57,33,1,0,False
7469,队员招募用的团队解散了。,57,33,1,0,False
7470,无法加入队伍，该任务已经完成。,60,9,0,0,False
7471,当前状态下无法进行该操作。,60,9,0,0,False
7472,"团队结成后在公共区域内无法使用小队会话进行发言。
若要与其他团队成员对话请使用团队会话。
小队会话可以在进入副本之后使用。",60,9,0,0,False
7473,"加入了团队。
若要在公共区域内与团队成员对话，需使用团队会话。",57,33,0,0,False
7474,"已切换到跨服小队
入队邀请已被撤销。",57,33,0,0,False
7475,,0,0,0,0,False
7476,,0,0,0,0,False
7477,,0,0,0,0,False
7478,申请跨界传送时无法加入队伍。,60,9,0,0,False
7479,当前所设招募条件下无法获取情报。,60,9,0,0,False
7480,身上的部分装备耐久度过低。,60,9,0,0,False
7481,申请组队参加纷争前线，以自由身份开始匹配。,57,33,0,0,False
7482,无法招募，当前未开放队员招募。,60,9,0,0,False
7483,无法申请，对方已离线。,60,9,0,0,False
7484,该好友信息有更新。,57,33,0,0,False
7485,"向UNKNOWN发送悄悄话失败。
按option+R键回复队员招募的悄悄话。",60,9,0,0,False
7486,"无法发送悄悄话，队员招募已结束。
以队员招募为渠道的悄悄话只能在招募中使用。",60,9,0,0,False
7487,"向发送了好友申请。
若一周以内未得到回复，该邀请将会被自动撤销。",57,33,0,0,False
7488,"收到了发来的好友申请。
若一周以内未回复，该邀请将会被自动撤销。",57,33,1,0,False
7489,此大区内不存在该名称的服务器。,60,9,0,0,False
7490,好友申请已被撤销，回复期限已过。,60,9,0,0,False
7491,该场所无法显示队员招募界面。,60,9,0,0,False
7492,该招募设置了限制重复职业，加入招募失败。,60,9,0,0,False
7493,无法结成跨服小队。,60,9,0,0,False
7494,队伍中有成员的职业与参加标准不符，无法申请参加。,60,9,0,0,False
7495,队伍中有成员没有满足参加条件，无法申请参加。,60,9,0,0,False
7496,队伍中有成员没有开放对应内容，无法申请参加。,60,9,0,0,False
7497,该招募没有开放加入许可或正在设置中，加入招募失败。,60,9,0,0,False
7498,有玩家加入该招募失败，目前无法进行加入操作。,60,9,0,0,False
7499,因剧情进度等原因，无法申请参加。,60,9,0,0,False
7500,该指令只有在参战“水晶冲突”时才可使用。,60,8,0,0,False
7501,大家好！,32,1,0,0,False
7502,辛苦了！,32,1,0,0,False
7503,谢谢！,32,1,0,0,False
7504,漂亮！,32,1,0,0,False
7505,可以使用净化！,32,1,0,0,False
7506,可以使用奋战技！,32,1,0,0,False
7507,我来瞄准攻击补给箱！,32,1,0,0,False
7508,我来瞄准防御补给箱！,32,1,0,0,False
7509,我来瞄准奋战补给箱！,32,1,0,0,False
7510,我来瞄准狼心！,32,1,0,0,False
7511,我来攻击防护职业！,32,1,0,0,False
7512,我来攻击治疗职业！,32,1,0,0,False
7513,我来攻击近战职业！,32,1,0,0,False
7514,我来攻击远程职业！,32,1,0,0,False
7515,我来拖住防护职业！,32,1,0,0,False
7516,我来拖住治疗职业！,32,1,0,0,False
7517,我来拖住近战职业！,32,1,0,0,False
7518,我来拖住远程职业！,32,1,0,0,False
7519,我来拾取战章！,32,1,0,0,False
7520,请去拾取战章！,32,1,0,0,False
7521,大家全力攻击！,32,1,0,0,False
7522,先后退，观察情况！,32,1,0,0,False
7523,我没有魔力了！,32,1,0,0,False
7524,无法发送这条快捷发言。,60,8,0,0,False
7525,该指令仅可在比赛结束后使用。,60,8,0,0,False
7526,,0,0,0,0,False
7527,,0,0,0,0,False
7528,目标错误。,60,8,0,0,False
7529,当前没有组成小队。,60,1,0,0,False
7530,无法搭乘，没有满足条件。,60,8,0,0,False
7531,青磷机车将会在30秒后出现于！,57,33,0,0,False
7532,青磷机车从出现了！,57,33,0,0,False
7533,猎隼阵营占领了载货车站！,57,33,0,0,False
7534,猎隼阵营控制了载货车站，并获得了哥布林坦克认证钥匙！,57,33,0,0,False
7535,哥布林佣兵将会在30秒后出现于！,57,33,0,0,False
7536,哥布林佣兵在出现了！,57,33,0,0,False
7537,哥布林佣兵与猎隼阵营结下了契约！,57,33,0,0,False
7538,猎隼阵营的同伴哥布林佣兵因契约到期而撤退了……,57,33,0,0,False
7539,保护猎隼阵营的魔导结界效果减弱了！,57,33,0,0,False
7540,找到了神秘字符“UNKNOWN”！,57,33,0,0,False
7541,找到了钥匙！,57,33,0,0,False
7542,没有钥匙，无法前进……,60,8,0,0,False
7543,墙壁上浮现出文字——“错误报告接连不断。”,57,32,0,0,False
7544,墙壁上浮现出文字——“这是式样，不用改。”,57,32,0,0,False
7545,墙壁上浮现出文字——“截止日期是什么时候来着？”,57,32,0,0,False
7546,墙壁上浮现出文字——“总算能喘口气休息了。”,57,32,0,0,False
7547,墙壁上浮现出文字——“发现了重大漏洞。”,57,32,0,0,False
7548,墙壁上浮现出文字——“希望用户能够满意。”,57,32,0,0,False
7549,墙壁上浮现出文字——“这东西改来改去已经是第几次了？”,57,32,0,0,False
7550,墙壁上浮现出文字——“好喜欢戴眼镜的女孩……”,57,32,0,0,False
7551,好像并不是这个排序组合……,57,33,0,0,False
7552,已经获得了招募设定任务的周常奖励，无法申请参加。,60,9,0,0,False
7553,无法申请参加，水晶段位的玩家无法在组队情况下进行申请。,60,9,0,0,False
7554,无法申请参加，小队内有水晶段位的玩家。,60,1,0,0,False
7555,无法申请参加，小队成员间的段位·阶位差距过大。,60,1,0,0,False
7556,获得了0点系列赛经验值。,64,1,1,0,False
7557,系列赛等级提升！的系列赛等级升到了UNKNOWN级。,64,1,1,0,False
7558,额外系列赛等级提升！到达星里路标UNKNOWN！,64,1,1,0,False
7559,本任务中无法查看普通地图。,60,9,0,0,False
7560,无法申请参加群狼盛宴，不在可申请参加时间内。,60,9,0,0,False
7561,群狼盛宴的参加申请已取消，可申请参加时间已过。,60,9,0,0,False
7562,同一战队成员,60,1,0,0,False
7563,无法申请参加，不符合必要的职业构成。,60,9,0,0,False
7564,无法申请参加，职业等级不足。,60,9,0,0,False
7565,无法申请参加，平均品级不足。,60,9,0,0,False
7566,无法申请参加，不符合必要的小队人数。,60,9,0,0,False
7567,无法申请参加，正处于惩罚状态。,60,9,0,0,False
7568,无法申请参加，该任务尚未开启。,60,9,0,0,False
7569,和参加申请者不在同一区域内,60,1,0,0,False
7570,无法申请参加，正处于正处于防沉迷状态。,60,9,0,0,False
7571,正在申请参加任务，无法重复申请。,60,9,0,0,False
7572,无法申请参加任务，不在可申请参加时间内。,60,9,0,0,False
7573,该任务不在可申请参加时间内,60,1,0,0,False
7574,已将可以参赛的竞赛陆行鸟登记完毕。,60,1,0,0,False
7575,当前小队构成和上次中断时不同。,60,1,0,0,False
7576,当前职业构成和上次中断时不同。,60,1,0,0,False
7577,攻略进度存在差异。,60,1,0,0,False
7578,"当前专用装备强化值未达到规定值。
所需强化值（武器·盾）：UNKNOWN，所需强化值（防具）:UNKNOWN。",60,1,0,0,False
7579,存档空位不足。,60,1,0,0,False
7580,存档数据存在差异。,60,1,0,0,False
7581,此存档不是未团灭的存档。,60,1,0,0,False
7582,没有满足所选层数的开始条件。,60,1,0,0,False
7583,无法申请参加，有成员正处于其他任务中或是离线状态。,60,9,0,0,False
7584,发送任务参加申请时无法执行该操作。,60,9,0,0,False
7585,无法申请参加，满足条件的任务低于2个。,60,9,0,0,False
7586,满足2个或以上任务的条件。,60,1,0,0,False
7587,无法申请参加，现在正处于跨服组队状态。,60,9,0,0,False
7588,"尚未在举办时间内参加过该机遇任务
※已参加过则无法再次参加。",60,1,0,0,False
7589,段位初段或以上,60,1,0,0,False
7590,,0,0,0,0,False
7591,UNKNOWN秒后B级即将进入可契约状态。,57,1,0,0,False
7592,B级进入了可契约状态！,57,1,0,0,False
7593,**黑涡团**与B级签订了契约。,57,33,0,0,False
7594,已失效。,57,1,0,0,False
7595,**黑涡团**中一名成员达到了斗志昂扬V状态！,57,33,0,0,False
7596,**黑涡团**斗志昂扬V状态的成员被打倒了！,57,33,0,0,False
7597,战斗已经过去了5分钟，无垢的大地同时出现的数量减少了！,57,33,0,0,False
7598,战斗已经过去了10分钟，无垢的大地同时出现的数量减少了！,57,33,0,0,False
7599,战斗已经过去了15分钟，无垢的大地同时出现的数量减少了！,57,33,0,0,False
7600,当前窗口设置已保存完毕。,57,33,0,0,False
7601,放弃了修改的内容。,60,32,0,0,False
7602,,0,0,0,0,False
7603,,0,0,0,0,False
7604,,0,0,0,0,False
7605,,0,0,0,0,False
7606,,0,0,0,0,False
7607,,0,0,0,0,False
7608,,0,0,0,0,False
7609,,0,0,0,0,False
7610,,0,0,0,0,False
7611,无法申请成立战队，不是队长。,60,9,0,0,False
7612,无法申请成立战队，队伍中有人已加入其它战队。,60,9,0,0,False
7613,无法申请成立战队，必要人数不足。,60,9,0,0,False
7614,无法申请成立战队，队伍中有免费试用期的队员。,60,9,0,0,False
7615,无法申请成立战队，队伍中有尚未开启对战功能的队员。,60,9,0,0,False
7616,无法申请成立战队，队伍中有队员收到了其他战队的邀请。,60,9,0,0,False
7617,,0,0,0,0,False
7618,该名称已被使用，请更换为其他名称。,60,9,0,0,False
7619,战队名称请控制在7个字符之内。,60,9,0,0,False
7620,战队名称中存在无法使用的字词。,60,9,0,0,False
7621,当前状态下无法进行该操作。,60,9,0,0,False
7622,战队消息：战队更名为“”。,77,1,0,0,False
7623,战队消息：将战队更名为“”。,77,1,0,0,False
7624,在改变战队名后30日内无法再次进行变更。,60,9,0,0,False
7625,战队消息：战队名已被修改为“”。,77,1,0,0,False
7626,战队“”成立了。,57,32,0,0,False
7627,战队消息：“”成立了。,77,1,0,0,False
7628,没有成立战队，未获得全员同意。,60,9,0,0,False
7629,"战队成立失败。
通过小队全体进行区域移动可能能够解决这个问题。",60,9,0,0,False
7630,免费试用期间无法同意成立战队。,60,9,0,0,False
7631,战队消息：战队成员上线了。,78,1,0,0,False
7632,战队消息：战队成员下线了。,78,1,0,0,False
7633,没有开放对战功能，无法同意成立战队。,60,9,0,0,False
7634,战队消息：邀请加入战队。,77,1,0,0,False
7635,收到了发来的战队邀请。,57,33,0,0,False
7636,战队消息：谢绝了战队的邀请。,77,1,0,0,False
7637,谢绝了发来的战队邀请。,57,1,0,0,False
7638,战队邀请失败。,60,9,0,0,False
7639,无法邀请，战队人数已达上限。,60,9,0,0,False
7640,无法向黑名单中的玩家发送战队邀请。,60,9,0,0,False
7641,无法发送战队邀请，目标已经加入了其他战队。,60,9,0,0,False
7642,已向目标发送过战队邀请。,60,9,0,0,False
7643,无法发送战队邀请，目标所收到的战队邀请已达上限。,60,9,0,0,False
7644,无法发送战队邀请，目标正处于“忙碌中”状态。,60,9,0,0,False
7645,来自的战队邀请被取消了。,57,1,0,0,False
7646,战队消息：加入了“”战队。,77,33,0,0,False
7647,战队消息：加入了战队。,77,1,0,0,False
7648,"战队加入失败。
通过进行区域移动可能能够解决这个问题。",60,9,0,0,False
7649,,0,0,0,0,False
7650,退出了“”战队。,57,33,0,0,False
7651,战队消息：退出了战队。,77,1,0,0,False
7652,退出战队失败。,60,9,0,0,False
7653,"战队队长无法退出战队。
请先转交队长权限之后再次尝试退出战队。",60,9,0,0,False
7654,,0,0,0,0,False
7655,战队消息：将从战队中除名了。,77,1,0,0,False
7656,被“”战队除名了。,57,33,0,0,False
7657,战队消息：退出了战队。,77,1,0,0,False
7658,无法将战队队长从战队中除名。,60,9,0,0,False
7659,除名失败。,60,9,0,0,False
7660,,0,0,0,0,False
7661,战队消息：将任命为战队副队长。,77,1,0,0,False
7662,战队消息：被任命为战队副队长。,77,1,0,0,False
7663,最多只能任命一位战队副队长。,60,9,0,0,False
7664,更改战队成员权限设置失败。,60,9,0,0,False
7665,,0,0,0,0,False
7666,战队消息：解除了的战队副队长职务。,77,1,0,0,False
7667,战队消息： 的战队副队长职务被解除。,77,1,0,0,False
7668,解除战队副队长失败。,60,9,0,0,False
7669,,0,0,0,0,False
7670,战队消息：将战队队长的职务转让给了。,77,1,0,0,False
7671,战队消息：被任命为战队队长。,77,1,0,0,False
7672,战队队长转让失败。,60,9,0,0,False
7673,,0,0,0,0,False
7674,由于战队队长久未登录，您已自动接任战队队长一职。,57,32,0,0,False
7675,战队消息：由于战队队长久未登录，您已自动接任战队队长一职。,77,1,0,0,False
7676,由于战队队长久未登录，自动接任战队队长一职。,57,32,0,0,False
7677,战队消息：由于战队队长久未登录，自动接任战队队长一职。,77,1,0,0,False
7678,,0,0,0,0,False
7679,战队消息：战队队徽已变更。,77,1,0,0,False
7680,战队消息：更改了战队队徽。,77,1,0,0,False
7681,战队队徽更改失败。,60,9,0,0,False
7682,只有战队队长或战队副队长有权更改战队队徽。,60,9,0,0,False
7683,,0,0,0,0,False
7684,战队消息：战队段位已升至“”。,77,1,0,0,False
7685,战队消息：战队段位已降至“”。,77,1,0,0,False
7686,,0,0,0,0,False
7687,一句话留言更新失败。,60,9,0,0,False
7688,,0,0,0,0,False
7689,“”战队解散了。,57,33,0,0,False
7690,战队解散失败。,60,9,0,0,False
7691,只有战队队长有权解散战队。,60,9,0,0,False
7692,无法解散战队，能够回应解散决议的成员人数不足。,60,9,0,0,False
7693,无法解散战队，未得到过半成员的同意。,60,9,0,0,False
7694,无法解散战队，战队情报获取失败。,60,9,0,0,False
7695,正在申请解散战队，无法重复申请。,60,9,0,0,False
7696,战队指令处理失败。,60,9,0,0,False
7697,正在申请成立战队，无法重复申请。,60,9,0,0,False
7698,"战队成立失败。
通过小队全体进行区域移动可能能够解决这个问题。",60,9,0,0,False
7699,"战队加入失败。
通过进行区域移动可能能够解决这个问题。",60,9,0,0,False
7700,,0,0,0,0,False
7701,通常状态下无法进行该操作。,60,9,0,0,False
7702,无法战斗状态下无法进行该操作。,60,9,0,0,False
7703,表达感情时无法进行该操作。,60,9,0,0,False
7704,骑乘状态下无法进行该操作。,60,9,0,0,False
7705,制作状态下无法进行该操作。,60,9,0,0,False
7706,采集状态下无法进行该操作。,60,9,0,0,False
7707,镶嵌魔晶石时无法进行该操作。,60,9,0,0,False
7708,操控机械的情况下无法进行该操作。,60,9,0,0,False
7709,搬运过程中无法进行该操作。,60,9,0,0,False
7710,骑乘状态下无法进行该操作。,60,9,0,0,False
7711,当前姿态下无法进行该操作。,60,9,0,0,False
7712,陆行鸟竞赛中无法进行该操作。,60,9,0,0,False
7713,小游戏中无法进行该操作。,60,9,0,0,False
7714,萌宠之王中无法进行该操作。,60,9,0,0,False
7715,自定赛中无法进行该操作。,60,9,0,0,False
7716,演奏状态下无法进行该操作。,60,9,0,0,False
7717,,0,0,0,0,False
7718,,0,0,0,0,False
7719,,0,0,0,0,False
7720,,0,0,0,0,False
7721,,0,0,0,0,False
7722,,0,0,0,0,False
7723,,0,0,0,0,False
7724,,0,0,0,0,False
7725,当前状态下无法进行该操作。,60,9,0,0,False
7726,战斗状态下无法进行该操作。,60,9,0,0,False
7727,咏唱状态下无法进行该操作。,60,9,0,0,False
7728,当前状态下无法进行该操作。,60,9,0,0,False
7729,当前状态下无法进行该操作。,60,9,0,0,False
7730,当前状态下无法进行该操作。,60,9,0,0,False
7731,当前状态下无法进行该操作。,60,9,0,0,False
7732,当前状态下无法进行该操作。,60,9,0,0,False
7733,当前状态下无法进行该操作。,60,9,0,0,False
7734,任务状态下无法进行该操作。,60,9,0,0,False
7735,当前状态下无法进行该操作。,60,9,0,0,False
7736,决斗区内无法进行该操作。,60,9,0,0,False
7737,交易状态下无法进行该操作。,60,9,0,0,False
7738,当前状态下无法进行该操作。,60,9,0,0,False
7739,处理道具状态下或进行部分其他操作时无法进行该操作。,60,9,0,0,False
7740,制作状态下无法进行该操作。,60,9,0,0,False
7741,准备制作状态下无法进行该操作。,60,9,0,0,False
7742,采集状态下无法进行该操作。,60,9,0,0,False
7743,钓鱼状态下无法进行该操作。,60,9,0,0,False
7744,,0,0,0,0,False
7745,切换区域时无法进行该操作。,60,9,0,0,False
7746,潜行状态下无法进行该操作。,60,9,0,0,False
7747,,0,0,0,0,False
7748,跳跃中无法进行该操作。,60,9,0,0,False
7749,自由移动时无法进行该操作。,60,9,0,0,False
7750,当前状态下无法进行该操作。,60,9,0,0,False
7751,切换区域时无法进行该操作。,60,9,0,0,False
7752,系统错误，无法进行该操作。,60,9,0,0,False
7753,等待退出时无法进行该操作。,60,9,0,0,False
7754,该场所无法进行该操作。,60,9,0,0,False
7755,认证参加任务时无法进行该操作。,60,9,0,0,False
7756,该任务中无法进行该操作。,60,9,0,0,False
7757,当前状态下无法进行该操作。,60,9,0,0,False
7758,过场剧情状态下无法进行该操作。,60,9,0,0,False
7759,确认参加任务时无法进行该操作。,60,9,0,0,False
7760,创建角色时无法进行该操作。,60,9,0,0,False
7761,跳跃中无法进行该操作。,60,9,0,0,False
7762,对战过场中无法进行该操作。,60,9,0,0,False
7763,当前状态下无法进行该操作。,60,9,0,0,False
7764,骑乘状态下无法进行该操作。,60,9,0,0,False
7765,搬运过程中无法进行该操作。,60,9,0,0,False
7766,招募队员时无法进行该操作。,60,9,0,0,False
7767,使用房屋功能时无法进行该操作。,60,9,0,0,False
7768,改变姿态时无法进行该操作。,60,9,0,0,False
7769,免费试用期间无法使用该指令。,60,9,0,0,False
7770,强制移动中无法进行该操作。,60,9,0,0,False
7771,当前状态下无法进行该操作。,60,9,0,0,False
7772,当前状态下无法进行该操作。,60,9,0,0,False
7773,当前状态下无法进行该操作。,60,9,0,0,False
7774,,0,0,0,0,False
7775,,0,0,0,0,False
7776,申请对局状态下无法进行该操作。,60,9,0,0,False
7777,飞行中无法进行该操作。,60,9,0,0,False
7778,当前状态下无法进行该操作。,60,9,0,0,False
7779,深层迷宫中无法进行该操作。,60,9,0,0,False
7780,游泳中无法进行该操作。,60,9,0,0,False
7781,潜水中无法进行该操作。,60,9,0,0,False
7782,申请对局时无法进行该操作。,60,9,0,0,False
7783,申请对局状态下无法进行该操作。,60,9,0,0,False
7784,跨服组队或是团队加入状态下无法进行该操作。,60,9,0,0,False
7785,当前状态无法使用。,60,9,0,0,False
7786,任务回顾状态下无法进行该操作。,60,9,0,0,False
7787,咏唱状态下无法进行该操作。,60,9,0,0,False
7788,当前状态下无法进行该操作。,60,9,0,0,False
7789,改变姿态时无法进行该操作。,60,9,0,0,False
7790,当前状态下无法进行该操作。,60,9,0,0,False
7791,发送任务参加申请时无法进行该操作。,60,9,0,0,False
7792,申请跨界传送时无法进行该操作。,60,9,0,0,False
7793,等待跨界传送时无法进行该操作。,60,9,0,0,False
7794,使用时尚配饰时无法进行该操作。,60,9,0,0,False
7795,任务状态下无法进行该操作。,60,9,0,0,False
7796,进行服务器内招募时无法进行该操作。,60,9,0,0,False
7797,换装状态下无法进行该操作。,60,9,0,0,False
7798,编辑肖像时无法进行该操作。,60,9,0,0,False
7799,执行任务时无法进行该操作。,60,9,0,0,False
7800,当前状态下无法进行该操作。,60,9,0,0,False
7801,无法进行当前操作，正在参加任务。,60,9,0,0,False
7802,无法进行当前操作，正在编辑战术板。,60,9,0,0,False
7803,,0,0,0,0,False
7804,,0,0,0,0,False
7805,,0,0,0,0,False
7806,,0,0,0,0,False
7807,,0,0,0,0,False
7808,,0,0,0,0,False
7809,,0,0,0,0,False
7810,,0,0,0,0,False
7811,,0,0,0,0,False
7812,,0,0,0,0,False
7813,,0,0,0,0,False
7814,,0,0,0,0,False
7815,,0,0,0,0,False
7816,,0,0,0,0,False
7817,,0,0,0,0,False
7818,,0,0,0,0,False
7819,,0,0,0,0,False
7820,,0,0,0,0,False
7821,,0,0,0,0,False
7822,,0,0,0,0,False
7823,,0,0,0,0,False
7824,,0,0,0,0,False
7825,,0,0,0,0,False
7826,,0,0,0,0,False
7827,,0,0,0,0,False
7828,,0,0,0,0,False
7829,,0,0,0,0,False
7830,,0,0,0,0,False
7831,,0,0,0,0,False
7832,,0,0,0,0,False
7833,,0,0,0,0,False
7834,,0,0,0,0,False
7835,,0,0,0,0,False
7836,,0,0,0,0,False
7837,,0,0,0,0,False
7838,,0,0,0,0,False
7839,,0,0,0,0,False
7840,,0,0,0,0,False
7841,,0,0,0,0,False
7842,,0,0,0,0,False
7843,,0,0,0,0,False
7844,,0,0,0,0,False
7845,,0,0,0,0,False
7846,,0,0,0,0,False
7847,,0,0,0,0,False
7848,,0,0,0,0,False
7849,,0,0,0,0,False
7850,,0,0,0,0,False
7851,,0,0,0,0,False
7852,,0,0,0,0,False
7853,,0,0,0,0,False
7854,,0,0,0,0,False
7855,,0,0,0,0,False
7856,,0,0,0,0,False
7857,,0,0,0,0,False
7858,,0,0,0,0,False
7859,,0,0,0,0,False
7860,,0,0,0,0,False
7861,,0,0,0,0,False
7862,,0,0,0,0,False
7863,,0,0,0,0,False
7864,,0,0,0,0,False
7865,,0,0,0,0,False
7866,,0,0,0,0,False
7867,,0,0,0,0,False
7868,,0,0,0,0,False
7869,,0,0,0,0,False
7870,,0,0,0,0,False
7871,,0,0,0,0,False
7872,,0,0,0,0,False
7873,,0,0,0,0,False
7874,,0,0,0,0,False
7875,,0,0,0,0,False
7876,,0,0,0,0,False
7877,,0,0,0,0,False
7878,,0,0,0,0,False
7879,,0,0,0,0,False
7880,,0,0,0,0,False
7881,,0,0,0,0,False
7882,,0,0,0,0,False
7883,,0,0,0,0,False
7884,,0,0,0,0,False
7885,,0,0,0,0,False
7886,,0,0,0,0,False
7887,,0,0,0,0,False
7888,,0,0,0,0,False
7889,,0,0,0,0,False
7890,,0,0,0,0,False
7891,,0,0,0,0,False
7892,,0,0,0,0,False
7893,,0,0,0,0,False
7894,,0,0,0,0,False
7895,,0,0,0,0,False
7896,,0,0,0,0,False
7897,,0,0,0,0,False
7898,,0,0,0,0,False
7899,,0,0,0,0,False
7900,同一桌的成员尚未凑齐，请稍候。,57,513,0,0,False
7901,同卓メンバーが揃わなかったためゲーム不成立として全員退出されます。,57,513,0,0,False
7902,"对战时间已超过80分钟，
下一局将会是最后一局。",57,1025,0,0,False
7903,限制时间已到，对战结束。,57,513,0,0,False
7904,设置修改成功。,57,32,0,0,False
7905,放弃了修改中的设置。,57,32,0,0,False
7906,当前设置已修改为初期设置。,60,8,0,0,False
7907,无法重置，正在使用任务搜索器申请参加任务。,60,8,0,0,False
7908,未满足推荐解析度，因此将窗口尺寸缩小为60%。,57,513,0,0,False
7909,将语音角色设置为了“”。,57,32,0,0,False
7910,将语音角色“”的服装设置为了“”。,57,32,0,0,False
7911,,0,0,0,0,False
7912,,0,0,0,0,False
7913,,0,0,0,0,False
7914,,0,0,0,0,False
7915,,0,0,0,0,False
7916,,0,0,0,0,False
7917,,0,0,0,0,False
7918,,0,0,0,0,False
7919,,0,0,0,0,False
7920,无法切换区域，正在等待参加任务确认。,60,9,0,0,False
7921,有效技能已保存到UNKNOWN。,57,513,0,0,False
7922,已换上UNKNOWN保存的有效技能。,57,513,0,0,False
7923,无法招募队员，只有队长有招募权限。,60,9,0,0,False
7924,目前正在招募队员。,60,9,0,0,False
7925,当前队员人数未满足规定人数。,60,9,0,0,False
7926,当前职业不是青魔法师。,60,9,0,0,False
7927,メンバー全員を青魔道士で構成してください。,60,9,0,0,False
7928,变更了有效技能组的名称。,57,33,0,0,False
7929,,0,0,0,0,False
7930,,0,0,0,0,False
7931,大于等于24小时的航行计划无法设置闹钟。,60,9,0,0,False
7932,"未满足条件，无法获取大地工票。
若要获取大地工票，需完成支线任务“一流工匠的新工作”。",60,1,0,0,False
7933,现在无法发动该技能，正在移动海域。,60,8,0,0,False
7934,该任务中途退出后，一定时间内无法再次参加。,60,9,0,0,False
7935,航线开放 远洋航线,60,1,0,0,False
7936,,0,0,0,0,False
7937,,0,0,0,0,False
7938,,0,0,0,0,False
7939,,0,0,0,0,False
7940,,0,0,0,0,False
7941,,0,0,0,0,False
7942,,0,0,0,0,False
7943,,0,0,0,0,False
7944,,0,0,0,0,False
7945,,0,0,0,0,False
7946,,0,0,0,0,False
7947,,0,0,0,0,False
7948,,0,0,0,0,False
7949,,0,0,0,0,False
7950,,0,0,0,0,False
7951,,0,0,0,0,False
7952,无法执行该操作，不是队长。,60,9,0,0,False
7953,操作失败，小队全员未处于同一区域。,60,9,0,0,False
7954,招募队员时无法执行该操作。,60,9,0,0,False
7955,只有跨服组队可以使用此功能。,60,9,0,0,False
7956,操作失败，正在使用任务搜索器申请参加任务。,60,9,0,0,False
7957,当前状态下无法进行操作。,60,9,0,0,False
7958,小队队长将跨服小队更改为了服务器内小队。,57,33,0,0,False
7959,更改失败，部分玩家被移出了小队。,60,9,0,0,False
7960,无法在发射弹力球后使用。,60,9,0,0,False
7961,能够感受到强大魔物的气息……,57,33,0,0,False
7962,强大魔物出现了！,57,33,0,0,False
7963,当前状态无法使用。,60,9,0,0,False
7964,魔力不足。,60,9,0,0,False
7965,仅限在莫古力回合使用。,60,9,0,0,False
7966,黄色い花が置かれている…,57,33,0,0,False
7967,白い花が置かれている…,57,33,0,0,False
7968,"贴完了9个印花。
将奇谈书交给库洛·阿里亚珀领取奖励吧。",57,32,0,0,False
7969,无法发动“胡思乱想”中的“再想想”，没有贴任何印花或已完成了所有任务。,60,8,0,0,False
7970,无法领取奖励，背包已满。,60,9,0,0,False
7971,无法领取奖励中的珍稀道具，背包中已有同样的物品。,60,9,0,0,False
7972,退还了。,57,1,0,0,False
7973,无法发动“胡思乱想”，奇想点不足。,60,8,0,0,False
7974,无法发动“胡思乱想”，未满足使用条件。,60,8,0,0,False
7975,"队伍中有初次执行该任务的队员。
会额外获得天书奇谈的奇想点。（UNKNOWN/9）",57,33,0,0,False
7976,"完成了天书奇谈的目标任务。
可以在库洛的奇谈书中添加印花了。",57,33,0,0,False
7977,"无法查看，已超过有效期限。
去找库洛领取新的奇谈书吧。",60,8,0,0,False
7978,获得了UNKNOWN个天书奇谈的奇想点。,57,33,0,0,False
7979,无法发动“胡思乱想”，已经贴完了9个印花。,60,8,0,0,False
7980,换上了的最强装备。,57,33,0,0,False
7981,无法替换为最强装备，兵装库已满。,60,8,0,0,False
7982,预计替换的道具情况发生了改变，最强窗口关闭了。,60,8,0,0,False
7983,装备的状态发生了改变，无法进行替换。,60,8,0,0,False
7984,兵装库中没有更强的装备了。,60,8,0,0,False
7985,无法穿上部分装备。,60,8,0,0,False
7986,完成了天书奇谈的目标任务。,57,33,0,0,False
7987,“不屈的斗志”令自身突破了极限！,57,33,0,0,False
7988,当前为设限特职或非战斗职业，无法领取奖励。,60,9,0,0,False
7989,,0,0,0,0,False
7990,无法出让道具，金币已满。,60,8,0,0,False
7991,1次只能出让10件道具。,60,8,0,0,False
7992,出让了×UNKNOWN个。,57,1,0,0,False
7993,出让了×UNKNOWN个，获得了0金币。,57,1,0,0,False
7994,任务中无法显示。,0,8,0,0,False
7995,该目标任务并非通过任务搜索器进入，无法查看。,60,8,0,0,False
7996,目标任务未开放，无法查看。,60,8,0,0,False
7997,由于主线剧情未进行到指定阶段，得到的奇谈书仅为苍穹之章版本。,57,17,0,0,False
7998,,0,0,0,0,False
7999,,0,0,0,0,False
8000,在面前跳起了莫古莫古舞。,29,1,0,0,False
8001,跳起了莫古莫古舞。,29,1,0,0,False
8002,觉得太棒了。,29,1,0,0,False
8003,表示太棒了。,29,1,0,0,False
8004,在面前做起了热身动作。,29,1,0,0,False
8005,做起了热身动作。,29,1,0,0,False
8006,在面前跳起了东方传统舞蹈。,29,1,0,0,False
8007,跳起了东方传统舞蹈。,29,1,0,0,False
8008,对摆出了战队演武正红一式的造型。,29,1,0,0,False
8009,摆出了战队演武正红一式的造型。,29,1,0,0,False
8010,对摆出了战队演武正黑二式的造型。,29,1,0,0,False
8011,摆出了战队演武正黑二式的造型。,29,1,0,0,False
8012,对摆出了战队演武正黄三式的造型。,29,1,0,0,False
8013,摆出了战队演武正黄三式的造型。,29,1,0,0,False
8014,对抛出飞眼。,29,1,0,0,False
8015,抛出飞眼。,29,1,0,0,False
8016,对摆出了战队演武逆红一式的造型。,29,1,0,0,False
8017,摆出了战队演武逆红一式的造型。,29,1,0,0,False
8018,对摆出了战队演武逆黑二式的造型。,29,1,0,0,False
8019,摆出了战队演武逆黑二式的造型。,29,1,0,0,False
8020,对摆出了战队演武逆黄三式的造型。,29,1,0,0,False
8021,摆出了战队演武逆黄三式的造型。,29,1,0,0,False
8022,在面前捂住了脸。,29,1,0,0,False
8023,捂住了脸。,29,1,0,0,False
8024,在面前斩裂了空间。,29,1,0,0,False
8025,斩裂了空间。,29,1,0,0,False
8026,对炫耀自己肉体的美感。,29,1,0,0,False
8027,炫耀自己肉体的美感。,29,1,0,0,False
8028,为默哀。,29,1,0,0,False
8029,献上了默哀。,29,1,0,0,False
8030,阴险地看着。,29,1,0,0,False
8031,做出了阴险的表情。,29,1,0,0,False
8032,向撒起了娇。,29,1,0,0,False
8033,撒起了娇。,29,1,0,0,False
8034,开始在面前装死。,29,1,0,0,False
8035,开始装死。,29,1,0,0,False
8036,在面前与冰共舞。,29,1,0,0,False
8037,与冰共舞。,29,1,0,0,False
8038,在面前跳起了日月之舞。,29,1,0,0,False
8039,跳起了日月之舞。,29,1,0,0,False
8040,对表达了爱意。,29,1,0,0,False
8041,表达了爱意。,29,1,0,0,False
8042,在面前调整了一下眼镜的位置。,29,1,0,0,False
8043,调整了一下眼镜的位置。,29,1,0,0,False
8044,在面前跳起了小黄莺之舞。,29,1,0,0,False
8045,跳起了小黄莺之舞。,29,1,0,0,False
8046,向索吻。,29,1,0,0,False
8047,嘟起了嘴。,29,1,0,0,False
8048,对着爆气。,29,1,0,0,False
8049,开始蓄力。,29,1,0,0,False
8050,恭敬地对行了东方礼。,29,1,0,0,False
8051,恭敬地行了东方礼。,29,1,0,0,False
8052,在面前做起了深蹲。,29,1,0,0,False
8053,做起了深蹲。,29,1,0,0,False
8054,在面前做起了俯卧撑。,29,1,0,0,False
8055,做起了俯卧撑。,29,1,0,0,False
8056,在面前做起了仰卧起坐。,29,1,0,0,False
8057,做起了仰卧起坐。,29,1,0,0,False
8058,在面前做起了深呼吸。,29,1,0,0,False
8059,做起了深呼吸。,29,1,0,0,False
8060,和说起了话。,29,1,0,0,False
8061,说起了话。,29,1,0,0,False
8062,对做出了认真的表情。,29,1,0,0,False
8063,做出了认真的表情。,29,1,0,0,False
8064,对做出了困惑的表情。,29,1,0,0,False
8065,做出了困惑的表情。,29,1,0,0,False
8066,对露出了柔和的微笑。,29,1,0,0,False
8067,露出了柔和的微笑。,29,1,0,0,False
8068,对做出了满足的表情。,29,1,0,0,False
8069,做出了满足的表情。,29,1,0,0,False
8070,对做出了立正的姿势。,29,1,0,0,False
8071,做出了立正的姿势。,29,1,0,0,False
8072,对做出了稍息的姿势。,29,1,0,0,False
8073,做出了稍息的姿势。,29,1,0,0,False
8074,对一个右直拳接一个左勾拳。,29,1,0,0,False
8075,练起了拳。,29,1,0,0,False
8076,开始为祝祷。,29,1,0,0,False
8077,开始祝祷。,29,1,0,0,False
8078,对使用了“百万核爆”，没有造成伤害。,29,1,0,0,False
8079,放出了核爆般的光芒。,29,1,0,0,False
8080,在面前练起武来。,29,1,0,0,False
8081,开始练武。,29,1,0,0,False
8082,被迷得神魂颠倒。,29,1,0,0,False
8083,中了魅惑拥抱。,29,1,0,0,False
8084,热烈声援。,29,1,0,0,False
8085,开始声援。,29,1,0,0,False
8086,热烈声援。,29,1,0,0,False
8087,开始声援。,29,1,0,0,False
8088,热烈声援。,29,1,0,0,False
8089,开始声援。,29,1,0,0,False
8090,对咧嘴笑了。,29,1,0,0,False
8091,咧嘴笑了。,29,1,0,0,False
8092,对着陷入了沉思。,29,1,0,0,False
8093,陷入了沉思。,29,1,0,0,False
8094,对皱起了眉。,29,1,0,0,False
8095,皱起了眉。,29,1,0,0,False
8096,对露出了苦笑。,29,1,0,0,False
8097,露出了苦笑。,29,1,0,0,False
8098,被吓得抱住了头。,29,1,0,0,False
8099,害怕地抱住了头。,29,1,0,0,False
8100,在面前单膝跪地。,29,1,0,0,False
8101,单膝跪地。,29,1,0,0,False
8102,令大吃一惊。,29,1,0,0,False
8103,大吃了一惊。,29,1,0,0,False
8104,向打招呼。,29,1,0,0,False
8105,打了个招呼。,29,1,0,0,False
8106,对着跳起了方形步。,29,1,0,0,False
8107,踩着方形步翩翩起舞。,29,1,0,0,False
8108,在面前秀起了侧步。,29,1,0,0,False
8109,跳起了侧步。,29,1,0,0,False
8110,向展现了究极的力量。,29,1,0,0,False
8111,展开双翼，发动究极！,29,1,0,0,False
8112,在面前开始跳起了胡鹰之舞。,29,1,0,0,False
8113,跳起了胡鹰之舞。,29,1,0,0,False
8114,向撩起水花。,29,1,0,0,False
8115,撩起了水花。,29,1,0,0,False
8116,感觉热意从身上扑面而来。,29,1,0,0,False
8117,觉得好热。,29,1,0,0,False
8118,觉得好冷。,29,1,0,0,False
8119,感觉好冷。,29,1,0,0,False
8120,对进行了说明。,29,1,0,0,False
8121,进行了说明。,29,1,0,0,False
8122,对做出仿佛正在思索的表情。,29,1,0,0,False
8123,做出仿佛正在思索的表情。,29,1,0,0,False
8124,对抛出飞眼。,29,1,0,0,False
8125,抛出飞眼。,29,1,0,0,False
8126,对跳起了幻想舞步。,29,1,0,0,False
8127,跳起了幻想舞步。,29,1,0,0,False
8128,对跳起了波波托步。,29,1,0,0,False
8129,跳起了波波托步。,29,1,0,0,False
8130,为哼唱了一首歌。,29,1,0,0,False
8131,开始哼唱一首歌。,29,1,0,0,False
8132,开始对进行确认。,29,1,0,0,False
8133,开始进行确认。,29,1,0,0,False
8134,向说明自己的计划。,29,1,0,0,False
8135,讲起了自己的计划。,29,1,0,0,False
8136,对做出了忍耐的表情。,29,1,0,0,False
8137,做出了忍耐的表情。,29,1,0,0,False
8138,开始在面前欣赏神典石。,29,1,0,0,False
8139,开始欣赏神典石。,29,1,0,0,False
8140,对跳起了趾踵步。,29,1,0,0,False
8141,跳起了趾踵步。,29,1,0,0,False
8142,对跳起了古菩步。,29,1,0,0,False
8143,跳起了古菩步。,29,1,0,0,False
8144,对撒钱以示心意。,29,1,0,0,False
8145,撒了一把钱以示心意。,29,1,0,0,False
8146,为鼓劲。,29,1,0,0,False
8147,振作起了精神。,29,1,0,0,False
8148,提醒注意。,29,1,0,0,False
8149,提醒起了周围的人。,29,1,0,0,False
8150,对模仿起了仙人刺。,29,1,0,0,False
8151,优雅地模仿起了仙人刺。,29,1,0,0,False
8152,对非常绅士地跳起了舞。,29,1,0,0,False
8153,跳起了绅士舞步。,29,1,0,0,False
8154,向道了声啦哩吼。,29,1,0,0,False
8155,啦哩吼了一下。,29,1,0,0,False
8156,对做出了欧米茄M的架势。,29,1,0,0,False
8157,做出了欧米茄M的架势。,29,1,0,0,False
8158,对做出了欧米茄F的架势。,29,1,0,0,False
8159,做出了欧米茄F的架势。,29,1,0,0,False
8160,向举起杯子想要碰撞一下。,29,1,0,0,False
8161,高举杯子一饮而尽。,29,1,0,0,False
8162,对感到头疼露出了苦相。,29,1,0,0,False
8163,因头痛而面露苦相。,29,1,0,0,False
8164,对华丽地打了个响指。,29,1,0,0,False
8165,华丽地打了个响指。,29,1,0,0,False
8166,在面前优雅地吃起了面包。,29,1,0,0,False
8167,优雅地吃起了面包。,29,1,0,0,False
8168,在面前悠闲地看起了书。,29,1,0,0,False
8169,悠闲地看起了书。,29,1,0,0,False
8170,对发表了自己的主张。,29,1,0,0,False
8171,发表了自己的主张。,29,1,0,0,False
8172,对产生了疑问。,29,1,0,0,False
8173,心怀疑问。,29,1,0,0,False
8174,对着嘿哟嘿哟鼓起劲来。,29,1,0,0,False
8175,嘿哟嘿哟鼓起劲来。,29,1,0,0,False
8176,在面前撒下了一片花雨。,29,1,0,0,False
8177,沐浴在花雨中。,29,1,0,0,False
8178,在面前跳起了火焰之舞。,29,1,0,0,False
8179,跳起了火焰之舞。,29,1,0,0,False
8180,与默契地击掌。,29,1,0,0,False
8181,做出了击掌的动作。,29,1,0,0,False
8182,对周围进行巡视。,29,1,0,0,False
8183,巡视四周。,29,1,0,0,False
8184,诅咒了。,29,1,0,0,False
8185,满脸恶意地诅咒着。,29,1,0,0,False
8186,在面前跳起了蜜蜂之舞。,29,1,0,0,False
8187,跳起了蜜蜂之舞。,29,1,0,0,False
8188,在面前跳起了啦哩吼舞。,29,1,0,0,False
8189,跳起了啦哩吼舞。,29,1,0,0,False
8190,在面前大口地吃起了饭团。,29,1,0,0,False
8191,大口地吃起了饭团。,29,1,0,0,False
8192,在面前悠闲地吃起了苹果。,29,1,0,0,False
8193,悠闲地吃起了苹果。,29,1,0,0,False
8194,在面前搓起了手。,29,1,0,0,False
8195,搓起了手。,29,1,0,0,False
8196,开始为清扫地面。,29,1,0,0,False
8197,开始扫地。,29,1,0,0,False
8198,当着的面将脚下涂成了一片漆黑。,29,1,0,0,False
8199,将自己的脚下涂成了一片漆黑。,29,1,0,0,False
8200,对露出了虚伪的笑容。,29,1,0,0,False
8201,露出了虚伪的笑容。,29,1,0,0,False
8202,当着的面将脚下涂成了一片粉红。,29,1,0,0,False
8203,将自己的脚下涂成了一片粉红。,29,1,0,0,False
8204,当着的面将脚下涂成了一片奶黄。,29,1,0,0,False
8205,将自己的脚下涂成了一片奶黄。,29,1,0,0,False
8206,当着的面将脚下涂成了一片碧蓝。,29,1,0,0,False
8207,将自己的脚下涂成了一片碧蓝。,29,1,0,0,False
8208,为表演起了默剧。,29,1,0,0,False
8209,表演起了默剧。,29,1,0,0,False
8210,对的言行举止感到困惑。,29,1,0,0,False
8211,感到困惑。,29,1,0,0,False
8212,提醒保持安静。,29,1,0,0,False
8213,提醒周围保持安静。,29,1,0,0,False
8214,在的面前愉快地吃起了披萨。,29,1,0,0,False
8215,愉快地吃起了披萨。,29,1,0,0,False
8216,伤透了脑筋。,29,1,0,0,False
8217,为伤透了脑筋。,29,1,0,0,False
8218,愉快地吃起了水煮蛋。,29,1,0,0,False
8219,在面前愉快地吃起了水煮蛋。,29,1,0,0,False
8220,面带幸福的微笑。,29,1,0,0,False
8221,对露出了幸福的微笑。,29,1,0,0,False
8222,收回了武器。,29,1,0,0,False
8223,在的面前收回了武器。,29,1,0,0,False
8224,亮出了武器。,29,1,0,0,False
8225,对亮出了武器。,29,1,0,0,False
8226,优雅地喝起了红茶。,29,1,0,0,False
8227,在面前优雅地喝起了红茶。,29,1,0,0,False
8228,干劲十足。,29,1,0,0,False
8229,对表示自己干劲十足。,29,1,0,0,False
8230,向大家展现身边事物的魅力。,29,1,0,0,False
8231,向大家展现的魅力。,29,1,0,0,False
8232,向大家展现身边事物的魅力。,29,1,0,0,False
8233,向大家展现的魅力。,29,1,0,0,False
8234,做了一个鬼脸。,29,1,0,0,False
8235,对做了一个鬼脸。,29,1,0,0,False
8236,两眼放光，眼中充满了兴奋与期待。,29,1,0,0,False
8237,两眼放光地看向，眼中充满了兴奋与期待。,29,1,0,0,False
8238,开始品尝恋人巧克力，仿佛有种恋爱的味道。,29,1,0,0,False
8239,开始在面前品尝恋人巧克力，仿佛有种人生赢家的味道。,29,1,0,0,False
8240,开始手舞足蹈地观战。,29,1,0,0,False
8241,开始在面前手舞足蹈地观战。,29,1,0,0,False
8242,有滋有味地吃起了南瓜曲奇。,29,1,0,0,False
8243,在面前有滋有味地吃起了南瓜曲奇。,29,1,0,0,False
8244,表演了魔术。,29,1,0,0,False
8245,向表演了魔术。,29,1,0,0,False
8246,跳了公主之舞。,29,1,0,0,False
8247,在面前跳了公主之舞。,29,1,0,0,False
8248,展示了通讯珠的用法。,29,1,0,0,False
8249,向展示了通讯珠的用法。,29,1,0,0,False
8250,摇了摇兔兔耳。,29,1,0,0,False
8251,对摇了摇兔兔耳。,29,1,0,0,False
8252,做出了吓唬人的表情。,29,1,0,0,False
8253,张牙舞爪地吓唬起了。,29,1,0,0,False
8254,像光之战士一样英勇降临。,29,1,0,0,False
8255,像光之战士一样英勇降临于面前。,29,1,0,0,False
8256,开心地跳了起来，动作格外可爱。,29,1,0,0,False
8257,在面前开心地跳了起来，动作格外可爱。,29,1,0,0,False
8258,开心地跳了起来，动作格外欢乐。,29,1,0,0,False
8259,在面前开心地跳了起来，动作格外欢乐。,29,1,0,0,False
8260,开心地跳了起来，跳得格外的高。,29,1,0,0,False
8261,在面前开心地跳了起来，跳得格外的高。,29,1,0,0,False
8262,开心地跳了起来，动作格外舒展。,29,1,0,0,False
8263,在面前开心地跳了起来，动作格外舒展。,29,1,0,0,False
8264,开心地跳了起来，动作好像仙人刺。,29,1,0,0,False
8265,在面前开心地跳了起来，动作好像仙人刺。,29,1,0,0,False
8266,以手抚胸。,29,1,0,0,False
8267,面向以手抚胸。,29,1,0,0,False
8268,开始声援。,29,1,0,0,False
8269,热烈声援。,29,1,0,0,False
8270,开始声援。,29,1,0,0,False
8271,热烈声援。,29,1,0,0,False
8272,开始声援。,29,1,0,0,False
8273,热烈声援。,29,1,0,0,False
8274,施展了守护天节的魔咒。,29,1,0,0,False
8275,对施展了守护天节的魔咒。,29,1,0,0,False
8276,比对了文献。,29,1,0,0,False
8277,在面前比对了文献。,29,1,0,0,False
8278,愉快地吃起了炸鸡。,29,1,0,0,False
8279,在的面前愉快地吃起了炸鸡。,29,1,0,0,False
8280,跃向高空，发动众生离绝。,29,1,0,0,False
8281,向发动了“众生离绝”，没有造成伤害。,29,1,0,0,False
8282,垂头丧气，提不起一点精神。,29,1,0,0,False
8283,在的面前垂头丧气，提不起一点精神。,29,1,0,0,False
8284,通过比心传达爱意。,29,1,0,0,False
8285,通过比心向传达爱意。,29,1,0,0,False
8286,跳起了兔兔舞。,29,1,0,0,False
8287,在面前跳起了兔兔舞。,29,1,0,0,False
8288,得意洋洋地摆出了骄傲的姿势。,29,1,0,0,False
8289,在面前得意洋洋地摆出了骄傲的姿势。,29,1,0,0,False
8290,庆祝了胜利。,29,1,0,0,False
8291,在面前庆祝了胜利。,29,1,0,0,False
8292,烹饪了一份简单美味的煎蛋。,29,1,0,0,False
8293,为烹饪了一份简单美味的煎蛋。,29,1,0,0,False
8294,用大团扇扇风。,29,1,0,0,False
8295,对着用大团扇扇风。,29,1,0,0,False
8296,开始等待指示。,29,1,0,0,False
8297,开始等待的指示。,29,1,0,0,False
8298,开始浇水。,29,1,0,0,False
8299,开始给浇水。,29,1,0,0,False
8300,开始摇晃摇壶。,29,1,0,0,False
8301,开始在面前摇晃摇壶。,29,1,0,0,False
8302,摆出了象征自由的姿势。,29,1,0,0,False
8303,在面前摆出了象征自由的姿势。,29,1,0,0,False
8304,送上花束。,29,1,0,0,False
8305,给送上花束。,29,1,0,0,False
8306,吹起了泡泡。,29,1,0,0,False
8307,对着吹起了泡泡。,29,1,0,0,False
8308,高呼噢霍卡利！,29,1,0,0,False
8309,向高呼噢霍卡利！,29,1,0,0,False
8310,拍了张照片。,29,1,0,0,False
8311,为拍了张照片。,29,1,0,0,False
8312,使用触控板记录了自己的模样。,29,1,0,0,False
8313,在面前使用触控板记录了自己的模样。,29,1,0,0,False
8314,开始大惊小怪起来。,29,1,0,0,False
8315,在面前显得有些大惊小怪。,29,1,0,0,False
8316,转了个圈。,29,1,0,0,False
8317,在面前转了个圈。,29,1,0,0,False
8318,有些晕头转向。,29,1,0,0,False
8319,在面前不禁有些晕头转向。,29,1,0,0,False
8320,气愤到浑身颤抖。,29,1,0,0,False
8321,在面前气愤到浑身颤抖。,29,1,0,0,False
8322,玩起了神典石。,29,1,0,0,False
8323,在面前玩起了神典石。,29,1,0,0,False
8324,认真地看起了书。,29,1,0,0,False
8325,在面前认真地看起了书。,29,1,0,0,False
8326,,0,0,0,0,False
8327,,0,0,0,0,False
8328,用森都风格马克杯饮用了潘趣软饮。,29,1,0,0,False
8329,在面前用森都风格马克杯饮用了潘趣软饮。,29,1,0,0,False
8330,用沙都风格马克杯饮用了潘趣软饮。,29,1,0,0,False
8331,在面前用沙都风格马克杯饮用了潘趣软饮。,29,1,0,0,False
8332,用海都风格马克杯饮用了潘趣软饮。,29,1,0,0,False
8333,在面前用海都风格马克杯饮用了潘趣软饮。,29,1,0,0,False
8334,用森都风格马克杯持续饮用了潘趣软饮。,29,1,0,0,False
8335,在面前用森都风格马克杯持续饮用了潘趣软饮。,29,1,0,0,False
8336,用沙都风格马克杯持续饮用了潘趣软饮。,29,1,0,0,False
8337,在面前用沙都风格马克杯持续饮用了潘趣软饮。,29,1,0,0,False
8338,用海都风格马克杯持续饮用了潘趣软饮。,29,1,0,0,False
8339,在面前用海都风格马克杯持续饮用了潘趣软饮。,29,1,0,0,False
8340,跃跃欲试。,29,1,0,0,False
8341,在面前跃跃欲试。,29,1,0,0,False
8342,饮用了绿茶。,29,1,0,0,False
8343,在面前饮用绿茶。,29,1,0,0,False
8344,以端坐的姿势持续享用绿茶。,29,1,0,0,False
8345,在面前以端坐的姿势持续享用绿茶。,29,1,0,0,False
8346,用羽毛笔记述了内容。,29,1,0,0,False
8347,在面前用羽毛笔记述了内容。,29,1,0,0,False
8348,,0,0,0,0,False
8349,,0,0,0,0,False
8350,气得直跺脚。,29,1,0,0,False
8351,气得对直跺脚。,29,1,0,0,False
8352,开始声援。,29,1,0,0,False
8353,热烈声援。,29,1,0,0,False
8354,开始声援。,29,1,0,0,False
8355,热烈声援。,29,1,0,0,False
8356,开始声援。,29,1,0,0,False
8357,热烈声援。,29,1,0,0,False
8358,开始声援。,29,1,0,0,False
8359,热烈声援。,29,1,0,0,False
8360,开始声援。,29,1,0,0,False
8361,热烈声援。,29,1,0,0,False
8362,开始声援。,29,1,0,0,False
8363,热烈声援。,29,1,0,0,False
8364,做出了非常感动的表情。,29,1,0,0,False
8365,对做出了非常感动的表情。,29,1,0,0,False
8366,走起了模特步。,29,1,0,0,False
8367,在面前走起了模特步。,29,1,0,0,False
8368,,0,0,0,0,False
8369,,0,0,0,0,False
8370,,0,0,0,0,False
8371,,0,0,0,0,False
8372,,0,0,0,0,False
8373,,0,0,0,0,False
8374,抱起了书本。,29,1,0,0,False
8375,在面前抱起了书本。,29,1,0,0,False
8376,让神机手铠发出了光芒。,29,1,0,0,False
8377,在面前让神机手铠发出了光芒。,29,1,0,0,False
8378,让神机项环发出了光芒。,29,1,0,0,False
8379,在面前让神机项环发出了光芒。,29,1,0,0,False
8380,让神机王冠发出了光芒。,29,1,0,0,False
8381,在面前让神机王冠发出了光芒。,29,1,0,0,False
8382,,0,0,0,0,False
8383,,0,0,0,0,False
8384,,0,0,0,0,False
8385,,0,0,0,0,False
8386,,0,0,0,0,False
8387,,0,0,0,0,False
8388,,0,0,0,0,False
8389,,0,0,0,0,False
8390,,0,0,0,0,False
8391,,0,0,0,0,False
8392,,0,0,0,0,False
8393,,0,0,0,0,False
8394,,0,0,0,0,False
8395,,0,0,0,0,False
8396,,0,0,0,0,False
8397,,0,0,0,0,False
8398,,0,0,0,0,False
8399,,0,0,0,0,False
8400,,0,0,0,0,False
8401,,0,0,0,0,False
8402,,0,0,0,0,False
8403,,0,0,0,0,False
8404,,0,0,0,0,False
8405,,0,0,0,0,False
8406,,0,0,0,0,False
8407,,0,0,0,0,False
8408,,0,0,0,0,False
8409,,0,0,0,0,False
8410,,0,0,0,0,False
8411,,0,0,0,0,False
8412,,0,0,0,0,False
8413,,0,0,0,0,False
8414,,0,0,0,0,False
8415,,0,0,0,0,False
8416,,0,0,0,0,False
8417,,0,0,0,0,False
8418,,0,0,0,0,False
8419,,0,0,0,0,False
8420,,0,0,0,0,False
8421,,0,0,0,0,False
8422,,0,0,0,0,False
8423,,0,0,0,0,False
8424,,0,0,0,0,False
8425,,0,0,0,0,False
8426,,0,0,0,0,False
8427,,0,0,0,0,False
8428,,0,0,0,0,False
8429,,0,0,0,0,False
8430,,0,0,0,0,False
8431,,0,0,0,0,False
8432,,0,0,0,0,False
8433,,0,0,0,0,False
8434,,0,0,0,0,False
8435,,0,0,0,0,False
8436,,0,0,0,0,False
8437,,0,0,0,0,False
8438,,0,0,0,0,False
8439,,0,0,0,0,False
8440,,0,0,0,0,False
8441,,0,0,0,0,False
8442,,0,0,0,0,False
8443,,0,0,0,0,False
8444,,0,0,0,0,False
8445,,0,0,0,0,False
8446,,0,0,0,0,False
8447,,0,0,0,0,False
8448,,0,0,0,0,False
8449,,0,0,0,0,False
8450,,0,0,0,0,False
8451,,0,0,0,0,False
8452,,0,0,0,0,False
8453,,0,0,0,0,False
8454,,0,0,0,0,False
8455,,0,0,0,0,False
8456,,0,0,0,0,False
8457,,0,0,0,0,False
8458,,0,0,0,0,False
8459,,0,0,0,0,False
8460,,0,0,0,0,False
8461,,0,0,0,0,False
8462,,0,0,0,0,False
8463,,0,0,0,0,False
8464,,0,0,0,0,False
8465,,0,0,0,0,False
8466,,0,0,0,0,False
8467,,0,0,0,0,False
8468,,0,0,0,0,False
8469,,0,0,0,0,False
8470,,0,0,0,0,False
8471,,0,0,0,0,False
8472,,0,0,0,0,False
8473,,0,0,0,0,False
8474,,0,0,0,0,False
8475,,0,0,0,0,False
8476,,0,0,0,0,False
8477,,0,0,0,0,False
8478,,0,0,0,0,False
8479,,0,0,0,0,False
8480,,0,0,0,0,False
8481,,0,0,0,0,False
8482,,0,0,0,0,False
8483,,0,0,0,0,False
8484,,0,0,0,0,False
8485,,0,0,0,0,False
8486,,0,0,0,0,False
8487,,0,0,0,0,False
8488,,0,0,0,0,False
8489,,0,0,0,0,False
8490,,0,0,0,0,False
8491,,0,0,0,0,False
8492,,0,0,0,0,False
8493,,0,0,0,0,False
8494,,0,0,0,0,False
8495,,0,0,0,0,False
8496,,0,0,0,0,False
8497,,0,0,0,0,False
8498,,0,0,0,0,False
8499,,0,0,0,0,False
8500,,0,0,0,0,False
8501,,0,0,0,0,False
8502,,0,0,0,0,False
8503,,0,0,0,0,False
8504,,0,0,0,0,False
8505,,0,0,0,0,False
8506,,0,0,0,0,False
8507,,0,0,0,0,False
8508,,0,0,0,0,False
8509,,0,0,0,0,False
8510,,0,0,0,0,False
8511,,0,0,0,0,False
8512,,0,0,0,0,False
8513,,0,0,0,0,False
8514,,0,0,0,0,False
8515,,0,0,0,0,False
8516,,0,0,0,0,False
8517,,0,0,0,0,False
8518,,0,0,0,0,False
8519,,0,0,0,0,False
8520,,0,0,0,0,False
8521,,0,0,0,0,False
8522,,0,0,0,0,False
8523,,0,0,0,0,False
8524,,0,0,0,0,False
8525,,0,0,0,0,False
8526,,0,0,0,0,False
8527,,0,0,0,0,False
8528,,0,0,0,0,False
8529,,0,0,0,0,False
8530,,0,0,0,0,False
8531,,0,0,0,0,False
8532,,0,0,0,0,False
8533,,0,0,0,0,False
8534,,0,0,0,0,False
8535,,0,0,0,0,False
8536,,0,0,0,0,False
8537,,0,0,0,0,False
8538,,0,0,0,0,False
8539,,0,0,0,0,False
8540,,0,0,0,0,False
8541,,0,0,0,0,False
8542,,0,0,0,0,False
8543,,0,0,0,0,False
8544,,0,0,0,0,False
8545,,0,0,0,0,False
8546,,0,0,0,0,False
8547,,0,0,0,0,False
8548,,0,0,0,0,False
8549,,0,0,0,0,False
8550,,0,0,0,0,False
8551,,0,0,0,0,False
8552,,0,0,0,0,False
8553,,0,0,0,0,False
8554,,0,0,0,0,False
8555,,0,0,0,0,False
8556,,0,0,0,0,False
8557,,0,0,0,0,False
8558,,0,0,0,0,False
8559,,0,0,0,0,False
8560,,0,0,0,0,False
8561,,0,0,0,0,False
8562,,0,0,0,0,False
8563,,0,0,0,0,False
8564,,0,0,0,0,False
8565,,0,0,0,0,False
8566,,0,0,0,0,False
8567,,0,0,0,0,False
8568,,0,0,0,0,False
8569,,0,0,0,0,False
8570,,0,0,0,0,False
8571,,0,0,0,0,False
8572,,0,0,0,0,False
8573,,0,0,0,0,False
8574,,0,0,0,0,False
8575,,0,0,0,0,False
8576,,0,0,0,0,False
8577,,0,0,0,0,False
8578,,0,0,0,0,False
8579,,0,0,0,0,False
8580,,0,0,0,0,False
8581,,0,0,0,0,False
8582,,0,0,0,0,False
8583,,0,0,0,0,False
8584,,0,0,0,0,False
8585,,0,0,0,0,False
8586,,0,0,0,0,False
8587,,0,0,0,0,False
8588,,0,0,0,0,False
8589,,0,0,0,0,False
8590,,0,0,0,0,False
8591,,0,0,0,0,False
8592,,0,0,0,0,False
8593,,0,0,0,0,False
8594,,0,0,0,0,False
8595,,0,0,0,0,False
8596,,0,0,0,0,False
8597,,0,0,0,0,False
8598,,0,0,0,0,False
8599,,0,0,0,0,False
8600,,0,0,0,0,False
8601,,0,0,0,0,False
8602,,0,0,0,0,False
8603,,0,0,0,0,False
8604,,0,0,0,0,False
8605,,0,0,0,0,False
8606,,0,0,0,0,False
8607,,0,0,0,0,False
8608,,0,0,0,0,False
8609,,0,0,0,0,False
8610,,0,0,0,0,False
8611,,0,0,0,0,False
8612,,0,0,0,0,False
8613,,0,0,0,0,False
8614,,0,0,0,0,False
8615,,0,0,0,0,False
8616,,0,0,0,0,False
8617,,0,0,0,0,False
8618,,0,0,0,0,False
8619,,0,0,0,0,False
8620,,0,0,0,0,False
8621,,0,0,0,0,False
8622,,0,0,0,0,False
8623,,0,0,0,0,False
8624,,0,0,0,0,False
8625,,0,0,0,0,False
8626,,0,0,0,0,False
8627,,0,0,0,0,False
8628,,0,0,0,0,False
8629,,0,0,0,0,False
8630,,0,0,0,0,False
8631,,0,0,0,0,False
8632,,0,0,0,0,False
8633,,0,0,0,0,False
8634,,0,0,0,0,False
8635,,0,0,0,0,False
8636,,0,0,0,0,False
8637,,0,0,0,0,False
8638,,0,0,0,0,False
8639,,0,0,0,0,False
8640,,0,0,0,0,False
8641,,0,0,0,0,False
8642,,0,0,0,0,False
8643,,0,0,0,0,False
8644,,0,0,0,0,False
8645,,0,0,0,0,False
8646,,0,0,0,0,False
8647,,0,0,0,0,False
8648,,0,0,0,0,False
8649,,0,0,0,0,False
8650,,0,0,0,0,False
8651,,0,0,0,0,False
8652,,0,0,0,0,False
8653,,0,0,0,0,False
8654,,0,0,0,0,False
8655,,0,0,0,0,False
8656,,0,0,0,0,False
8657,,0,0,0,0,False
8658,,0,0,0,0,False
8659,,0,0,0,0,False
8660,,0,0,0,0,False
8661,,0,0,0,0,False
8662,,0,0,0,0,False
8663,,0,0,0,0,False
8664,,0,0,0,0,False
8665,,0,0,0,0,False
8666,,0,0,0,0,False
8667,,0,0,0,0,False
8668,,0,0,0,0,False
8669,,0,0,0,0,False
8670,,0,0,0,0,False
8671,,0,0,0,0,False
8672,,0,0,0,0,False
8673,,0,0,0,0,False
8674,,0,0,0,0,False
8675,,0,0,0,0,False
8676,,0,0,0,0,False
8677,,0,0,0,0,False
8678,,0,0,0,0,False
8679,,0,0,0,0,False
8680,,0,0,0,0,False
8681,,0,0,0,0,False
8682,,0,0,0,0,False
8683,,0,0,0,0,False
8684,,0,0,0,0,False
8685,,0,0,0,0,False
8686,,0,0,0,0,False
8687,,0,0,0,0,False
8688,,0,0,0,0,False
8689,,0,0,0,0,False
8690,,0,0,0,0,False
8691,,0,0,0,0,False
8692,,0,0,0,0,False
8693,,0,0,0,0,False
8694,,0,0,0,0,False
8695,,0,0,0,0,False
8696,,0,0,0,0,False
8697,,0,0,0,0,False
8698,,0,0,0,0,False
8699,,0,0,0,0,False
8700,,0,0,0,0,False
8701,,0,0,0,0,False
8702,,0,0,0,0,False
8703,,0,0,0,0,False
8704,,0,0,0,0,False
8705,,0,0,0,0,False
8706,,0,0,0,0,False
8707,,0,0,0,0,False
8708,,0,0,0,0,False
8709,,0,0,0,0,False
8710,,0,0,0,0,False
8711,,0,0,0,0,False
8712,,0,0,0,0,False
8713,,0,0,0,0,False
8714,,0,0,0,0,False
8715,,0,0,0,0,False
8716,,0,0,0,0,False
8717,,0,0,0,0,False
8718,,0,0,0,0,False
8719,,0,0,0,0,False
8720,,0,0,0,0,False
8721,,0,0,0,0,False
8722,,0,0,0,0,False
8723,,0,0,0,0,False
8724,,0,0,0,0,False
8725,,0,0,0,0,False
8726,,0,0,0,0,False
8727,,0,0,0,0,False
8728,,0,0,0,0,False
8729,,0,0,0,0,False
8730,,0,0,0,0,False
8731,,0,0,0,0,False
8732,,0,0,0,0,False
8733,,0,0,0,0,False
8734,,0,0,0,0,False
8735,,0,0,0,0,False
8736,,0,0,0,0,False
8737,,0,0,0,0,False
8738,,0,0,0,0,False
8739,,0,0,0,0,False
8740,,0,0,0,0,False
8741,,0,0,0,0,False
8742,,0,0,0,0,False
8743,,0,0,0,0,False
8744,,0,0,0,0,False
8745,,0,0,0,0,False
8746,,0,0,0,0,False
8747,,0,0,0,0,False
8748,,0,0,0,0,False
8749,,0,0,0,0,False
8750,,0,0,0,0,False
8751,,0,0,0,0,False
8752,,0,0,0,0,False
8753,,0,0,0,0,False
8754,,0,0,0,0,False
8755,,0,0,0,0,False
8756,,0,0,0,0,False
8757,,0,0,0,0,False
8758,,0,0,0,0,False
8759,,0,0,0,0,False
8760,,0,0,0,0,False
8761,,0,0,0,0,False
8762,,0,0,0,0,False
8763,,0,0,0,0,False
8764,,0,0,0,0,False
8765,,0,0,0,0,False
8766,,0,0,0,0,False
8767,,0,0,0,0,False
8768,,0,0,0,0,False
8769,,0,0,0,0,False
8770,,0,0,0,0,False
8771,,0,0,0,0,False
8772,,0,0,0,0,False
8773,,0,0,0,0,False
8774,,0,0,0,0,False
8775,,0,0,0,0,False
8776,,0,0,0,0,False
8777,,0,0,0,0,False
8778,,0,0,0,0,False
8779,,0,0,0,0,False
8780,,0,0,0,0,False
8781,,0,0,0,0,False
8782,,0,0,0,0,False
8783,,0,0,0,0,False
8784,,0,0,0,0,False
8785,,0,0,0,0,False
8786,,0,0,0,0,False
8787,,0,0,0,0,False
8788,,0,0,0,0,False
8789,,0,0,0,0,False
8790,,0,0,0,0,False
8791,,0,0,0,0,False
8792,,0,0,0,0,False
8793,,0,0,0,0,False
8794,,0,0,0,0,False
8795,,0,0,0,0,False
8796,,0,0,0,0,False
8797,,0,0,0,0,False
8798,,0,0,0,0,False
8799,,0,0,0,0,False
8800,,0,0,0,0,False
8801,,0,0,0,0,False
8802,,0,0,0,0,False
8803,,0,0,0,0,False
8804,,0,0,0,0,False
8805,,0,0,0,0,False
8806,,0,0,0,0,False
8807,,0,0,0,0,False
8808,,0,0,0,0,False
8809,,0,0,0,0,False
8810,,0,0,0,0,False
8811,,0,0,0,0,False
8812,,0,0,0,0,False
8813,,0,0,0,0,False
8814,,0,0,0,0,False
8815,,0,0,0,0,False
8816,,0,0,0,0,False
8817,,0,0,0,0,False
8818,,0,0,0,0,False
8819,,0,0,0,0,False
8820,,0,0,0,0,False
8821,,0,0,0,0,False
8822,,0,0,0,0,False
8823,,0,0,0,0,False
8824,,0,0,0,0,False
8825,,0,0,0,0,False
8826,,0,0,0,0,False
8827,,0,0,0,0,False
8828,,0,0,0,0,False
8829,,0,0,0,0,False
8830,,0,0,0,0,False
8831,,0,0,0,0,False
8832,,0,0,0,0,False
8833,,0,0,0,0,False
8834,,0,0,0,0,False
8835,,0,0,0,0,False
8836,,0,0,0,0,False
8837,,0,0,0,0,False
8838,,0,0,0,0,False
8839,,0,0,0,0,False
8840,,0,0,0,0,False
8841,,0,0,0,0,False
8842,,0,0,0,0,False
8843,,0,0,0,0,False
8844,,0,0,0,0,False
8845,,0,0,0,0,False
8846,,0,0,0,0,False
8847,,0,0,0,0,False
8848,,0,0,0,0,False
8849,,0,0,0,0,False
8850,,0,0,0,0,False
8851,,0,0,0,0,False
8852,,0,0,0,0,False
8853,,0,0,0,0,False
8854,,0,0,0,0,False
8855,,0,0,0,0,False
8856,,0,0,0,0,False
8857,,0,0,0,0,False
8858,,0,0,0,0,False
8859,,0,0,0,0,False
8860,,0,0,0,0,False
8861,,0,0,0,0,False
8862,,0,0,0,0,False
8863,,0,0,0,0,False
8864,,0,0,0,0,False
8865,,0,0,0,0,False
8866,,0,0,0,0,False
8867,,0,0,0,0,False
8868,,0,0,0,0,False
8869,,0,0,0,0,False
8870,,0,0,0,0,False
8871,,0,0,0,0,False
8872,,0,0,0,0,False
8873,,0,0,0,0,False
8874,,0,0,0,0,False
8875,,0,0,0,0,False
8876,,0,0,0,0,False
8877,,0,0,0,0,False
8878,,0,0,0,0,False
8879,,0,0,0,0,False
8880,,0,0,0,0,False
8881,,0,0,0,0,False
8882,,0,0,0,0,False
8883,,0,0,0,0,False
8884,,0,0,0,0,False
8885,,0,0,0,0,False
8886,,0,0,0,0,False
8887,,0,0,0,0,False
8888,,0,0,0,0,False
8889,,0,0,0,0,False
8890,,0,0,0,0,False
8891,,0,0,0,0,False
8892,,0,0,0,0,False
8893,,0,0,0,0,False
8894,,0,0,0,0,False
8895,,0,0,0,0,False
8896,,0,0,0,0,False
8897,,0,0,0,0,False
8898,,0,0,0,0,False
8899,,0,0,0,0,False
8900,,0,0,0,0,False
8901,,0,0,0,0,False
8902,,0,0,0,0,False
8903,,0,0,0,0,False
8904,,0,0,0,0,False
8905,,0,0,0,0,False
8906,,0,0,0,0,False
8907,,0,0,0,0,False
8908,,0,0,0,0,False
8909,,0,0,0,0,False
8910,,0,0,0,0,False
8911,,0,0,0,0,False
8912,,0,0,0,0,False
8913,,0,0,0,0,False
8914,,0,0,0,0,False
8915,,0,0,0,0,False
8916,,0,0,0,0,False
8917,,0,0,0,0,False
8918,,0,0,0,0,False
8919,,0,0,0,0,False
8920,,0,0,0,0,False
8921,,0,0,0,0,False
8922,,0,0,0,0,False
8923,,0,0,0,0,False
8924,,0,0,0,0,False
8925,,0,0,0,0,False
8926,,0,0,0,0,False
8927,,0,0,0,0,False
8928,,0,0,0,0,False
8929,,0,0,0,0,False
8930,,0,0,0,0,False
8931,,0,0,0,0,False
8932,,0,0,0,0,False
8933,,0,0,0,0,False
8934,,0,0,0,0,False
8935,,0,0,0,0,False
8936,,0,0,0,0,False
8937,,0,0,0,0,False
8938,,0,0,0,0,False
8939,,0,0,0,0,False
8940,,0,0,0,0,False
8941,,0,0,0,0,False
8942,,0,0,0,0,False
8943,,0,0,0,0,False
8944,,0,0,0,0,False
8945,,0,0,0,0,False
8946,,0,0,0,0,False
8947,,0,0,0,0,False
8948,,0,0,0,0,False
8949,,0,0,0,0,False
8950,,0,0,0,0,False
8951,,0,0,0,0,False
8952,,0,0,0,0,False
8953,,0,0,0,0,False
8954,,0,0,0,0,False
8955,,0,0,0,0,False
8956,,0,0,0,0,False
8957,,0,0,0,0,False
8958,,0,0,0,0,False
8959,,0,0,0,0,False
8960,,0,0,0,0,False
8961,,0,0,0,0,False
8962,,0,0,0,0,False
8963,,0,0,0,0,False
8964,,0,0,0,0,False
8965,,0,0,0,0,False
8966,,0,0,0,0,False
8967,,0,0,0,0,False
8968,,0,0,0,0,False
8969,,0,0,0,0,False
8970,,0,0,0,0,False
8971,,0,0,0,0,False
8972,,0,0,0,0,False
8973,,0,0,0,0,False
8974,,0,0,0,0,False
8975,,0,0,0,0,False
8976,,0,0,0,0,False
8977,,0,0,0,0,False
8978,,0,0,0,0,False
8979,,0,0,0,0,False
8980,,0,0,0,0,False
8981,,0,0,0,0,False
8982,,0,0,0,0,False
8983,,0,0,0,0,False
8984,,0,0,0,0,False
8985,,0,0,0,0,False
8986,,0,0,0,0,False
8987,,0,0,0,0,False
8988,,0,0,0,0,False
8989,,0,0,0,0,False
8990,,0,0,0,0,False
8991,,0,0,0,0,False
8992,,0,0,0,0,False
8993,,0,0,0,0,False
8994,,0,0,0,0,False
8995,,0,0,0,0,False
8996,,0,0,0,0,False
8997,,0,0,0,0,False
8998,,0,0,0,0,False
8999,,0,0,0,0,False
9000,,0,0,0,0,False
9001,由于没有，未能获得报酬。,60,9,0,0,False
9002,发现了财宝！！,57,33,0,0,False
9003,财宝好像是在正北方向很近的地方！,57,33,0,0,False
9004,财宝好像是在正北方向不远的地方！,57,33,0,0,False
9005,财宝好像是在正北方向稍远的地方！,57,33,0,0,False
9006,财宝好像是在正北方向很远的地方！,57,33,0,0,False
9007,"看起来很喜欢你。
可以使用任务道具“”请它帮忙寻找财宝！",57,65,0,0,False
9008,不见了……,57,33,0,0,False
9009,倒下了……,57,33,0,0,False
9010,使用获得了最高评价。,57,33,0,0,False
9011,心满意足地离开了。,57,33,0,0,False
9012,一定时间经过，发现的财宝消失了。,57,33,0,0,False
9013,,0,0,0,0,False
9014,,0,0,0,0,False
9015,,0,0,0,0,False
9016,,0,0,0,0,False
9017,,0,0,0,0,False
9018,,0,0,0,0,False
9019,,0,0,0,0,False
9020,【放出了微弱的光芒】,57,33,0,0,False
9021,【放出了暗淡的光芒】,57,33,0,0,False
9022,【放出了光芒】,57,33,0,0,False
9023,【放出了明亮的光芒】,57,33,0,0,False
9024,【放出了非常明亮的光芒】,57,33,0,0,False
9025,【放出了夺目的光芒】,57,33,0,0,False
9026,【放出了璀璨夺目的光芒】,57,33,0,0,False
9027,【中的混合以太已满】,57,33,0,0,False
9028,,0,0,0,0,False
9029,,0,0,0,0,False
9030,小队成员中存在超域旅者，无法申请组建战队。,60,9,0,0,False
9031,未在原始大区，无法同意组建战队。,60,9,0,0,False
9032,,0,0,0,0,False
9033,,0,0,0,0,False
9034,,0,0,0,0,False
9035,"已继承的热键栏／十字热键栏配置。
建议玩家确认已习得的特职技能，并调整热键栏／十字热键栏。",57,33,0,0,False
9036,"未继承热键栏／十字热键栏配置。
下次使用时，将再次确认是否继承热键栏配置。",57,33,0,0,False
9037,,0,0,0,0,False
9038,,0,0,0,0,False
9039,,0,0,0,0,False
9040,,0,0,0,0,False
9041,交换和需要完成任务“”或任务“”。,57,9,0,0,False
9042,,0,0,0,0,False
9043,交换和需要突破“”。,57,9,0,0,False
9044,交换和需要达成成就“”。,57,9,0,0,False
9045,,0,0,0,0,False
9046,,0,0,0,0,False
9047,,0,0,0,0,False
9048,,0,0,0,0,False
9049,,0,0,0,0,False
9050,,0,0,0,0,False
9051,获得了0点元素经验值。,64,1,0,0,False
9052,失去了0点元素经验值……,64,1,0,0,False
9053,元素等级提升了！ 的元素等级升到了UNKNOWN级。,64,1,0,0,False
9054,元素等级下降了……的元素等级降到了UNKNOWN级。,64,1,0,0,False
9055,,0,0,0,0,False
9056,,0,0,0,0,False
9057,,0,0,0,0,False
9058,,0,0,0,0,False
9059,,0,0,0,0,False
9060,,0,0,0,0,False
9061,当前元素等级与推荐元素等级相差过大，无法获得全部报酬。,60,9,0,0,False
9062,无法获取道具，背包已满。,60,9,0,0,False
9063,附近出现了新的恶名精英！,57,32,1,0,False
9064,魔素以太完全恢复了！,57,33,0,0,False
9065,无法进行旋转操作，魔素以太不足。,60,8,0,0,False
9066,当前无法进行该操作。,60,8,0,0,False
9067,"本任务中元素等级超过UNKNOWN的角色，
会自动被同步回UNKNOWN级。",57,65,0,0,False
9068,本任务中，当前角色会获得促进角色成长的强化状态。,57,65,0,0,False
9069,发动了的效果，重新苏醒了过来！,57,33,0,0,False
9070,提取出了新的文理技能“UNKNOWN”。,57,33,0,0,False
9071,至今提取出的文理技能已达到UNKNOWN种。,57,33,0,0,False
9072,操控文理融合器时无法使用文理技能。,60,8,0,0,False
9073,保留提取出的属性，的性能更新了。,57,33,0,0,False
9074,不保留提取出的属性，武器的性能未发生变化。,57,33,0,0,False
9075,已将魔素板的属性自动调整关闭。,57,32,0,0,False
9076,,0,0,0,0,False
9077,,0,0,0,0,False
9078,,0,0,0,0,False
9079,,0,0,0,0,False
9080,岛内以太之光“”开放。,57,33,0,0,False
9081,无法开放，元素等级未达到UNKNOWN级。,60,33,0,0,False
9082,没有可移动的岛内以太之光。,60,33,0,0,False
9083,,0,0,0,0,False
9084,,0,0,0,0,False
9085,,0,0,0,0,False
9086,,0,0,0,0,False
9087,,0,0,0,0,False
9088,,0,0,0,0,False
9089,,0,0,0,0,False
9090,,0,0,0,0,False
9091,,0,0,0,0,False
9092,,0,0,0,0,False
9093,,0,0,0,0,False
9094,,0,0,0,0,False
9095,,0,0,0,0,False
9096,,0,0,0,0,False
9097,,0,0,0,0,False
9098,,0,0,0,0,False
9099,,0,0,0,0,False
9100,消耗了一个“地脉安定器”，通过不稳定以太之节进行了传送！,57,33,0,0,False
9101,无法利用不稳定以太之节进行传送，未持有“地脉安定器”。,60,8,0,0,False
9102,绝对的美德的分身出现在了丰水地带某处！,57,33,0,0,False
9103,发现了隐藏的陷阱！,57,33,0,0,False
9104,附近感觉到有隐藏的陷阱！,57,32,0,0,False
9105,附近没感觉到隐藏的陷阱！,57,32,0,0,False
9106,影之力正在向地面聚集……,57,33,0,0,False
9107,在此处无法发挥效果……,60,9,0,0,False
9108,无法使用以太之节，元素等级不足。,60,8,0,0,False
9109,无法使用以太之节，尚未做好传送准备。,60,8,0,0,False
9110,发生了“乱灵流”，丰水地带的以太出现了紊乱！,57,33,0,0,False
9111,通过打倒分身，本体被削弱了！,57,33,0,0,False
9112,没有打倒分身，未对本体产生影响……,57,33,0,0,False
9113,被传送到了别的地方……,57,33,0,0,False
9114,,0,0,0,0,False
9115,,0,0,0,0,False
9116,,0,0,0,0,False
9117,,0,0,0,0,False
9118,,0,0,0,0,False
9119,,0,0,0,0,False
9120,,0,0,0,0,False
9121,,0,0,0,0,False
9122,,0,0,0,0,False
9123,,0,0,0,0,False
9124,,0,0,0,0,False
9125,,0,0,0,0,False
9126,,0,0,0,0,False
9127,,0,0,0,0,False
9128,,0,0,0,0,False
9129,,0,0,0,0,False
9130,,0,0,0,0,False
9131,,0,0,0,0,False
9132,,0,0,0,0,False
9133,,0,0,0,0,False
9134,,0,0,0,0,False
9135,,0,0,0,0,False
9136,,0,0,0,0,False
9137,,0,0,0,0,False
9138,,0,0,0,0,False
9139,,0,0,0,0,False
9140,,0,0,0,0,False
9141,,0,0,0,0,False
9142,,0,0,0,0,False
9143,,0,0,0,0,False
9144,,0,0,0,0,False
9145,,0,0,0,0,False
9146,,0,0,0,0,False
9147,,0,0,0,0,False
9148,,0,0,0,0,False
9149,,0,0,0,0,False
9150,,0,0,0,0,False
9151,,0,0,0,0,False
9152,,0,0,0,0,False
9153,,0,0,0,0,False
9154,,0,0,0,0,False
9155,,0,0,0,0,False
9156,,0,0,0,0,False
9157,,0,0,0,0,False
9158,,0,0,0,0,False
9159,,0,0,0,0,False
9160,,0,0,0,0,False
9161,,0,0,0,0,False
9162,,0,0,0,0,False
9163,,0,0,0,0,False
9164,,0,0,0,0,False
9165,,0,0,0,0,False
9166,,0,0,0,0,False
9167,,0,0,0,0,False
9168,,0,0,0,0,False
9169,,0,0,0,0,False
9170,,0,0,0,0,False
9171,,0,0,0,0,False
9172,,0,0,0,0,False
9173,,0,0,0,0,False
9174,,0,0,0,0,False
9175,,0,0,0,0,False
9176,,0,0,0,0,False
9177,,0,0,0,0,False
9178,,0,0,0,0,False
9179,,0,0,0,0,False
9180,,0,0,0,0,False
9181,,0,0,0,0,False
9182,,0,0,0,0,False
9183,,0,0,0,0,False
9184,,0,0,0,0,False
9185,,0,0,0,0,False
9186,,0,0,0,0,False
9187,,0,0,0,0,False
9188,,0,0,0,0,False
9189,,0,0,0,0,False
9190,,0,0,0,0,False
9191,,0,0,0,0,False
9192,,0,0,0,0,False
9193,,0,0,0,0,False
9194,,0,0,0,0,False
9195,,0,0,0,0,False
9196,,0,0,0,0,False
9197,,0,0,0,0,False
9198,,0,0,0,0,False
9199,"退出后将没有成员担任管理员。
请在当前大区邀请新的成员正式加入或解散该跨服贝。",60,9,0,0,False
9200,跨服贝管理员的权限只能转让给同一大区的成员。,60,9,0,0,False
9201,距离阿尔菲诺发动“星体风暴”还有40秒！,57,33,0,0,False
9202,距离阿尔菲诺发动“星体风暴”还有30秒！,57,33,0,0,False
9203,距离阿尔菲诺发动“星体风暴”还有20秒！,57,33,0,0,False
9204,距离阿尔菲诺发动“星体风暴”还有10秒！,57,33,0,0,False
9205,距离阿尔菲诺发动“星体风暴”还有5秒！,57,33,0,0,False
9206,获得了！,57,33,0,0,False
9207,等人获得了！,57,33,0,0,False
9208,无法获得更多的，将其重新放回了宝箱中……,57,33,0,0,False
9209,Firstname Lastname使用了！,57,33,0,0,False
9210,触发了獭獭陷阱……,57,33,0,0,False
9211,这一层启动了冲刺的魔法效果……,57,33,0,0,False
9212,这一层覆盖了强大的结界，导致无法使用魔石……,57,33,0,0,False
9213,这一层的魔物暂时被削弱了！,57,33,0,0,False
9214,获得了隐形魔法的效果！,57,33,0,0,False
9215,等人获得了隐形魔法的效果！,57,33,0,0,False
9216,这一层的魔物暂时被石化了！,57,33,0,0,False
9217,传送灯笼是假的……,57,33,0,0,False
9218,第UNKNOWN层,57,33,0,0,False
9219,   的体力变成了UNKNOWN。,41,1,0,0,False
9220,从岩壁的对面传来一阵不祥的震动！,57,33,0,0,False
9221,炎精使地面开始燃烧！,57,33,0,0,False
9222,水精被召唤了出来！,57,33,0,0,False
9223,接受了缇坦妮雅的魔力，周围的树木开始生长！,57,33,0,0,False
9224,光暗以太中和了……,57,33,0,0,False
9225,厄瑞玻斯的巨腕从次元裂缝中伸了出来！,57,33,0,0,False
9226,快使用“完美隐形”！,57,33,0,0,False
9227,「シャインブレード」を叩き込め！,57,33,0,0,False
9228,快使用“绝脉隐形”！,57,33,0,0,False
9229,●予備,57,33,0,0,False
9230,●予備,57,33,0,0,False
9231,●予備,57,33,0,0,False
9232,水精即将被召唤……,57,33,0,0,False
9233,接受了缇坦妮雅的魔力，根开始伸长！,57,33,0,0,False
9234,隐形的负荷侵蚀了桑克瑞德……,57,33,0,0,False
9235,隐形的负荷增加了……,57,33,0,0,False
9236,隐形的负荷再次增加了……,57,33,0,0,False
9237,隐形的负荷快要到达极限了……,57,33,0,0,False
9238,桑克瑞德快要撑不下去了……,57,33,0,0,False
9239,●予備,57,33,0,0,False
9240,跨服通讯贝名称不能由纯符号构成。,60,8,0,0,False
9241,跨服通讯贝名称请控制在7个字符之内。,60,8,0,0,False
9242,跨服通讯贝名称中含有无效空格。,60,8,0,0,False
9243,跨服通讯贝名称中含有无效字符。,60,8,0,0,False
9244,跨服通讯贝名称中含有无法连续使用的字符。,60,8,0,0,False
9245,无法邀请对方加入跨服通讯贝，该玩家正处于离线或超域传送状态。,60,9,0,0,False
9246,该名称不符合规范，请更换为其他名称。,60,8,0,0,False
9247,无法创建跨服通讯贝。,60,8,0,0,False
9248,该名称已被使用，请更换为其他名称。,60,8,0,0,False
9249,无法创建更多跨服通讯贝。,60,8,0,0,False
9250,跨服通讯贝名字中含有无法使用的词。,60,8,0,0,False
9251,创建了跨服通讯贝“UNKNOWN”。,57,33,0,0,False
9252,更改跨服通讯贝名称失败，名字中含有无法使用的字符。,60,8,0,0,False
9253,更改跨服通讯贝名称失败。,60,8,0,0,False
9254,跨服通讯贝的名称已改为“UNKNOWN”。,57,33,0,0,False
9255,跨服通讯贝的名称已改为“UNKNOWN”。,57,33,1,0,False
9256,跨服通讯贝“”解散了。,57,33,1,0,False
9257,无法解散跨服通讯贝。,60,8,0,0,False
9258,"向发送了加入
跨服通讯贝“”的邀请。",57,33,0,0,False
9259,跨服通讯贝人员已满，无法增加新成员。,60,8,0,0,False
9260,无法向黑名单中的玩家发送跨服通讯贝邀请。,60,8,0,0,False
9261,无法发送跨服通讯贝邀请。,60,8,0,0,False
9262,被邀请的玩家已加入该跨服通讯贝。,60,8,0,0,False
9263,对方无法再持有更多的跨服通讯贝了。,60,8,0,0,False
9264,无法发送跨服通讯贝邀请，该玩家正处于“忙碌中”状态。,60,8,0,0,False
9265,无法发送跨服通讯贝邀请。,60,8,0,0,False
9266,"收到了发来的加入
跨服通讯贝“”的邀请。",57,33,1,0,False
9267,正式加入了跨服通讯贝“”。,57,33,0,0,False
9268,"正式加入了
跨服通讯贝“”。",57,33,1,0,False
9269,拒绝了正式加入跨服通讯贝“”。,57,33,0,0,False
9270,"拒绝了正式加入
跨服通讯贝“”。",57,33,1,0,False
9271,无法进行跨服通讯贝的正规加入操作。,60,8,0,0,False
9272,无法加入跨服通讯贝。,60,8,0,0,False
9273,无法退出跨服通讯贝。,60,8,0,0,False
9274,无法离开跨服通讯贝。,60,8,0,0,False
9275,撤销了发给的跨服通讯贝邀请。,57,33,1,0,False
9276,跨服通讯贝“”发来的邀请已被撤销。,57,33,1,0,False
9277,退出了跨服通讯贝“”。,57,33,0,0,False
9278,"退出了
跨服通讯贝“”。",57,33,0,0,False
9279,跨服通讯贝管理员无法退出跨服通讯贝，请转交权限之后再退出。,60,9,0,0,False
9280,"被移除出了
跨服通讯贝“”。",57,33,0,0,False
9281,被移除出了跨服通讯贝“”。,57,33,1,0,False
9282,无法移除出跨服通讯贝。,60,8,0,0,False
9283,无法移出跨服通讯贝。,60,8,0,0,False
9284,"将任命为
“”的队长。",57,33,0,0,False
9285,接受了跨服通讯贝“”的队长任命。,57,33,1,0,False
9286,无法进行跨服通讯贝队长操作。,60,8,0,0,False
9287,无法转让跨服通讯贝队长权限。,60,8,0,0,False
9288,"解除了作为
“”队长的任命。",57,33,1,0,False
9289,解除了跨服通讯贝“”的队长任命。,57,33,1,0,False
9290,辞退了跨服通讯贝“”的队长职务。,57,33,0,0,False
9291,"辞退了
跨服通讯贝“”的队长职务。",57,33,1,0,False
9292,"跨服通讯贝“”
的管理员权限转交给了。",57,33,0,0,False
9293,"跨服通讯贝“”
的管理员权限转交给了。",57,33,1,0,False
9294,无法转交跨服通讯贝管理员权限。,60,9,0,0,False
9295,跨服通讯贝管理员权限转让的对象仅限在线成员。,60,9,0,0,False
9296,无法连续创建跨服通讯贝，请稍候。,60,9,0,0,False
9297,无法发送跨服通讯贝邀请。,60,8,0,0,False
9298,重新连接跨服通讯贝，请先移动到其他区域。,60,9,0,0,False
9299,"已将跨服通讯贝UNKNOWN的频道号变更为跨服贝UNKNOWN。
跨服通讯贝UNKNOWN的频道号已变更为跨服贝UNKNOWN。",57,33,0,0,False
9300,学会了UNKNOWN！,64,513,0,0,False
9301,无法使用，没有被设置为有效技能。,60,8,0,0,False
9302,获得了首次达成奖励。,62,1,0,0,False
9303,达成了“每周目标：初级”！,57,33,0,0,False
9304,达成了“每周目标：中级”！,57,33,0,0,False
9305,达成了“每周目标：高级”！,57,33,0,0,False
9306,技能复唱中，无法替换。,60,8,0,0,False
9307,当前状态下无法进行该操作。,60,8,0,0,False
9308,技能正在施放中，无法移除。,60,8,0,0,False
9309,获得了青魔法师记录的首次达成奖励。,57,33,0,0,False
9310,完成了青魔法师记录中记载的任务，获得了额外的报酬。,57,33,0,0,False
9311,完成了青魔法师记录中记载的每周目标！,57,33,0,0,False
9312,完成了青魔法师记录中记载的特别任务！,57,33,0,0,False
9313,"达成了挑战青魔法师记录的条件。
在完成任务时,青魔法师记录中将记下对应任务的完成情况。",57,33,0,0,False
9314,,0,0,0,0,False
9315,,0,0,0,0,False
9316,,0,0,0,0,False
9317,,0,0,0,0,False
9318,,0,0,0,0,False
9319,,0,0,0,0,False
9320,,0,0,0,0,False
9321,,0,0,0,0,False
9322,,0,0,0,0,False
9323,,0,0,0,0,False
9324,,0,0,0,0,False
9325,,0,0,0,0,False
9326,,0,0,0,0,False
9327,,0,0,0,0,False
9328,,0,0,0,0,False
9329,,0,0,0,0,False
9330,从北方传来了通缉令中恶名精英的气息！,57,33,1,0,False
9331,感觉到了强大的恶名精英的气息……,57,33,1,0,False
9332,特殊恶名精英的手下开始了侦察活动……,57,33,1,0,False
9333,通缉令中的恶名精英消失了踪迹……,57,33,1,0,False
9334,特殊恶名精英的手下侦察结束回去了……,57,33,1,0,False
9335,,0,0,0,0,False
9336,,0,0,0,0,False
9337,,0,0,0,0,False
9338,,0,0,0,0,False
9339,,0,0,0,0,False
9340,调整前进的方向，避开危险！,57,33,0,0,False
9341,大量的魔力涌入了布料之中！,57,33,0,0,False
9342,究极神兵创造出了台风眼！,57,33,0,0,False
9343,Player Player的坚定信念，让光之力绽放出了耀眼的光芒！,57,33,0,0,False
9344,Player Player的坚定信念，让光之力绽放出了耀眼的光芒！,57,33,0,0,False
9345,坚定的信念让光之力愈发闪耀，突破了极限！,57,33,0,0,False
9346,带有魔力的头发缠绕在了身上！,57,33,0,0,False
9347,身体麻痹，无法动弹！,57,33,0,0,False
9348,格威德鲁特再次开始吸收起了雷力！,57,33,0,0,False
9349,,0,0,0,0,False
9350,将手伸向了召唤魔法阵！,57,513,0,0,False
9351,召唤魔法阵散发着诡异的光芒……,57,513,0,0,False
9352,消失后，召唤失败，出现了！,57,1,0,0,False
9353,召唤失败，出现了！,57,1,0,0,False
9354,被吸入，强制传送出宝物库……,57,17,0,0,False
9355,因为团灭导致被强制传送出宝物库……,57,17,0,0,False
9356,启动了召唤魔法阵！,57,1,0,0,False
9357,发动了“召唤式变动”！,57,513,0,0,False
9358,,0,0,0,0,False
9359,好像还有没拿走的财宝……,57,513,0,0,False
9360,讨伐了所有的魔物！,57,513,0,0,False
9361,陷阱发动，散发出了吸引魔物的气味！,57,33,0,0,False
9362,更多魔物出现了！,57,33,0,0,False
9363,陷阱发动，散发出了吸引魔物的气味！,57,33,0,0,False
9364,更多魔物出现了！,57,33,0,0,False
9365,打开了通往第二区的大门！,57,33,0,0,False
9366,打倒了所有魔物！,57,513,0,0,False
9367,,0,0,0,0,False
9368,,0,0,0,0,False
9369,,0,0,0,0,False
9370,,0,0,0,0,False
9371,,0,0,0,0,False
9372,无法传送，您的伴侣正位于特殊的场所。,60,9,0,0,False
9373,无法传送，您的伴侣当前所在的位置无法确定,60,9,0,0,False
9374,无法传送，您的伴侣处于离线状态。,60,9,0,0,False
9375,无法传送，您的伴侣正在移动到其他区域。,60,9,0,0,False
9376,无法传送，您的伴侣正在房屋内。,60,9,0,0,False
9377,无法传送，您的伴侣正处于特殊场景。,60,9,0,0,False
9378,当前状态无法传送。,60,9,0,0,False
9379,无法传送，您的伴侣现在所处位置不明。,60,9,0,0,False
9380,无法传送，您未开启您的伴侣所在区域的以太之光。,60,9,0,0,False
9381,无法传送，您尚未与您伴侣所在区域的风脉泉共鸣完毕。,60,9,0,0,False
9382,您的伴侣正在飞行中，传送至附近的安全地点。,60,9,0,0,False
9383,无法移动到您的伴侣所在场所，传送至附近的安全地点。,60,9,0,0,False
9384,您的伴侣正在潜水中，传送至附近的安全地点。,60,9,0,0,False
9385,永结同心周年纪念设定完成。,57,33,0,0,False
9386,收到了永结同心周年纪念的通知。,57,1,0,0,False
9387,无法传送，尚未完成移动到您的伴侣所在区域的任务。,60,9,0,0,False
9388,有效技能已达上限。,60,8,0,0,False
9389,无法设置更多对战额外技能。,60,8,0,0,False
9390,美容师增加了新的面妆！,57,33,0,0,False
9391,学会了新的情感动作“欧米茄M架势”“欧米茄F架势”。,64,33,0,0,False
9392,本任务有初次完成奖励，完成任务时会附加额外的报酬。,57,65,0,0,False
9393,初次完成了本任务，额外获得了0点奖励经验值。,62,1,0,0,False
9394,人工爆弹怪已经达到了最高热量，无法再继续升高了！,60,8,0,0,False
9395,学会了新的情感动作“黑色陆行鸟之笔”“红色陆行鸟之笔”“黄色陆行鸟之笔”“蓝色陆行鸟之笔”。,64,33,0,0,False
9396,背包已满，无法使用。,60,9,0,0,False
9397,学会了新的情感动作“展现左侧”“展现右侧”。,64,33,0,0,False
9398,学会了新的情感动作“雀跃1”“雀跃2”“雀跃3”“雀跃4”“雀跃5”。,64,33,0,0,False
9399,局部的以太吸收开始加速……！,57,4097,0,40,False
9400,重力场发生了紊乱！,57,33,0,40,False
9401,无法使用此功能，不在原始服务器。,60,9,0,0,False
9402,不在原始服务器的角色无法使用此功能。,60,9,0,0,False
9403,不在原始服务器的角色无法使用此功能。,60,9,0,0,False
9404,申请跨界传送时无法使用此功能。,60,9,0,0,False
9405,您所申请传送的服务器状态已改变，申请已被取消。,60,9,0,0,False
9406,无法参加，同一时间段已在别的服务器参加过这个机遇任务。,60,9,0,0,False
9407,无法指定当前服务器为目标。,60,9,0,0,False
9408,无法指定UNKNOWN为目标服务器。,60,9,0,0,False
9409,组队状态下无法使用本功能。,60,9,0,0,False
9410,"发生了意外错误，申请失败。
请稍后再尝试申请。",60,9,0,0,False
9411,"发生了意外错误，申请已被取消。
请稍后再尝试申请。",60,9,0,0,False
9412,申请已被取消。,60,9,0,0,False
9413,"跨界传送功能受到限制。
如有不明之处，请联系客服。",60,9,0,0,False
9414,使用跨界传送移动到了UNKNOWN。,57,33,0,0,False
9415,,0,0,0,0,False
9416,只能在非组队或跨服小队的状态下使用该功能。,60,9,0,0,False
9417,来自其他大区的角色无法使用此功能。,60,9,0,0,False
9418,无法查看其他大区玩家的个人信息。,60,9,0,0,False
9419,服务器繁忙，非原始服务器角色无法传送。,60,9,0,0,False
9420,该服务器繁忙，无法前往。,60,8,0,0,False
9421,同一大区内的移动请使用跨界传送功能。,60,8,0,0,False
9422,无法通过此选项前往原始服务器。,60,8,0,0,False
9423,原始服务器故障中。,60,8,0,0,False
9424,,0,0,0,0,False
9425,,0,0,0,0,False
9426,,0,0,0,0,False
9427,,0,0,0,0,False
9428,,0,0,0,0,False
9429,,0,0,0,0,False
9430,,0,0,0,0,False
9431,,0,0,0,0,False
9432,,0,0,0,0,False
9433,,0,0,0,0,False
9434,,0,0,0,0,False
9435,,0,0,0,0,False
9436,,0,0,0,0,False
9437,,0,0,0,0,False
9438,,0,0,0,0,False
9439,,0,0,0,0,False
9440,,0,0,0,0,False
9441,,0,0,0,0,False
9442,,0,0,0,0,False
9443,,0,0,0,0,False
9444,,0,0,0,0,False
9445,,0,0,0,0,False
9446,,0,0,0,0,False
9447,,0,0,0,0,False
9448,,0,0,0,0,False
9449,,0,0,0,0,False
9450,,0,0,0,0,False
9451,无法出发，不符合必要的职业构成。,60,9,0,0,False
9452,无法出发，有未达到必要等级的成员。,60,9,0,0,False
9453,已取消，发生意外错误。,60,9,0,0,False
9454,的等级升到了UNKNOWN级。,57,33,0,0,False
9455,的投影功能开放。,57,33,0,0,False
9456,脱离队伍后才可进入。,60,9,0,0,False
9457,当前无法使用此功能。,60,9,0,0,False
9458,无法出发，未达到必要平均品级。,60,9,0,0,False
9459,“亲信战友”开放了剧情模式。,57,33,0,0,False
9460,的幻象棱晶中追加了新的造型。,57,33,0,0,False
9461,此任务无法和幻体一同前往。,60,8,0,0,False
9462,此任务中受到不屈的意志影响，有一定次数机会受到致命伤害也不会倒下。,57,33,0,0,False
9463,虽然受到了致命伤害，但在不屈的意志的影响下试图重新站起来！,57,33,0,0,False
9464,选中的任务没有可以替换的队员，以当前队伍配置出发。,60,8,0,0,False
9465,剧情辅助器内的任务会在今后的更新中逐步增加。,60,9,0,0,False
9466,"该任务中，头目战全灭时会为角色附加无法战斗后立刻恢复的特殊状态。
该特殊状态会在每次击败头目后重置。",57,33,0,0,False
9467,,0,0,0,0,False
9468,获得了UNKNOWN个。,62,33,0,0,False
9469,获得了。,62,33,0,0,False
9470,"当前职业并非青魔法师，只能编辑有效技能组的技能。
如果想要保存热键栏上的青魔法设置，请将职业转换成青魔法师。",57,9,0,0,False
9471,有效技能与热键栏上的青魔法设置已保存到UNKNOWN。,57,513,0,0,False
9472,读取了被保存在UNKNOWN里的有效技能与热键栏上的青魔法设置。,57,513,0,0,False
9473,"有效技能组与热键栏上的设置已保存到UNKNOWN。
所有热键栏均被设置为共用，因此无法保存热键栏的青魔法设置。",57,9,0,0,False
9474,,0,0,0,0,False
9475,,0,0,0,0,False
9476,,0,0,0,0,False
9477,,0,0,0,0,False
9478,,0,0,0,0,False
9479,,0,0,0,0,False
9480,多变技能1和多变技能2不能为相同的技能。,60,9,0,0,False
9481,当前职业无法使用该技能。,60,9,0,0,False
9482,有3个属性尚未选择，无法完成属性调整。,57,9,0,0,False
9483,"有重复选择的属性。
请对3个属性重新进行选择。",57,9,0,0,False
9484,"与原来的武器选择了同样的属性，数值没有发生变化。
请选择其他属性。",57,9,0,0,False
9485,,0,0,0,0,False
9486,,0,0,0,0,False
9487,,0,0,0,0,False
9488,,0,0,0,0,False
9489,,0,0,0,0,False
9490,坚定的信念化作了力量……！,57,2049,0,40,False
9491,坚定的信念化为了超越极限的力量……！,57,33,0,40,False
9492,雷力注入了格威德鲁特体内……,57,4097,0,30,False
9493,更多雷力注入了格威德鲁特体内……,57,4097,0,30,False
9494,格威德鲁特体内充满了雷力……,57,4097,0,30,False
9495,格威德鲁特的雷力超越了临界点！,57,4097,0,30,False
9496,突破极限吧！,57,2049,0,80,False
9497,虚拟空间的秩序崩坏了……,57,4097,0,40,False
9498,请控制进行接下来的战斗。,57,33,0,0,False
9499,电球被空洞吞没了……,57,33,0,0,False
9500,请控制进行接下来的战斗。,57,33,0,0,False
9501,请控制玩家角色进行接下来的战斗。,57,33,0,0,False
9502,正在进行永恒吐息的发动准备！,57,33,0,0,False
9503,伊甸让以太加速了！,57,33,0,0,False
9504,永恒吐息的发动准备已完成！,57,33,0,0,False
9505,牢笼被破坏了！,57,513,0,0,False
9506,黑暗开始变浓了……,57,33,0,0,False
9507,黑暗变得更浓了……,57,33,0,0,False
9508,浓郁的黑暗吞噬了周围的一切……,57,33,0,0,False
9509,英雄们心中的光明就要消失了……,57,33,0,0,False
9510,引出了观众们的心中黑暗……,57,33,0,0,False
9511,次元裂缝开启了！,57,33,0,0,False
9512,受到了隆卡的诅咒……,57,33,0,0,False
9513,被传送到了迷宫的起点……,57,33,0,0,False
9514,距离雅·修特拉身上隆卡诅咒到达极限，还剩30秒……,57,33,0,0,False
9515,隆卡诅咒侵蚀了肉体……,57,33,0,0,False
9516,隆卡诅咒严重侵蚀了肉体……,57,33,0,0,False
9517,隆卡诅咒的侵蚀使肉体濒临死亡……,57,33,0,0,False
9518,卫兵团被压制了……,57,33,0,0,False
9519,卫兵团的人数只剩不到一半了……,57,33,0,0,False
9520,卫兵团接近全灭……,57,33,0,0,False
9521,卫兵团几乎全灭了……,57,33,0,0,False
9522,移动到了工厂废墟下层……,57,513,0,0,False
9523,移动到了工厂废墟下层……,57,513,0,0,False
9524,移动到了工厂废墟深层……,57,513,0,0,False
9525,可以使用无线存取点了！,57,33,0,0,False
9526,无线存取点的使用受到了限制……,57,33,0,0,False
9527,机械生物们一起开始准备射击……,57,33,0,0,False
9528,地板下的机械生物动作很可疑……,57,33,0,0,False
9529,地面上的滚轴开始运作……,57,33,0,0,False
9530,地板下开始充满可燃性液体……,57,33,0,0,False
9531,墙面的火炎放射器开始运作……,57,33,0,0,False
9532,墙面的左臂开始运作……,57,33,0,0,False
9533,墙面的右臂开始运作……,57,33,0,0,False
9534,所有装置开始全力运作……,57,33,0,0,False
9535,必灭之炎开始灼烧肉体……,57,33,0,0,False
9536,必灭之炎进一步灼烧肉体……,57,33,0,0,False
9537,凉南希的种子萌发了新芽，并袭击了过来……,57,33,0,0,False
9538,凉南希的种子没能发芽，就此枯萎！,57,33,0,0,False
9539,必灭之炎开始灼烧！,57,33,0,0,False
9540,在UNKNOWNUNKNOWN米处发现了??级的！,59,33,0,0,False
9541,"此次战斗中可以使用任务指令“鼻吸指示”。
将恶梦之雾作为目标，对艾泽尔二世下达指示。",57,33,0,0,False
9542,突破极限，跨越危机！,57,33,0,0,False
9543,使出“恐惧咆哮”，打倒禁卫旗手！,57,33,0,0,False
9544,不明物体正在观察周围……,57,33,0,0,False
9545,被不明物体的声波所引诱，新的不明物体出现了！,57,33,0,0,False
9546,克琉普斯将魔力注入了地面……,57,33,0,0,False
9547,从排水沟感觉到了某种生物的气息……,57,33,0,0,False
9548,触摸正确的石像！,57,33,0,0,False
9549,凑齐一对的同伴咒符！,57,33,0,0,False
9550,打倒华迦斯！,57,33,0,0,False
9551,西德的记忆开始变得清晰，道路出现了！,57,33,0,0,False
9552,吸收了电流，雷电变得活跃了……,57,33,0,0,False
9553,次元孔打开了！,57,33,0,0,False
9554,次元孔在地面上打开了！,57,33,0,0,False
9555,次元孔正在脚下生成！,57,33,0,0,False
9556,暗黑心象开始凝聚以太了……,57,33,0,0,False
9557,周围环境的以太变得相当混乱……,57,33,0,0,False
9558,克琉普斯再次将魔力注入了地面……,57,33,0,0,False
9559,在被分离的世界中阻止“光之泛滥”……,57,33,0,0,False
9560,在被分离的世界中成功阻止了“光之泛滥”，受到了光之祝福！,57,33,0,0,False
9561,凑齐了2张一样的咒符，解放了魔物……,57,33,0,0,False
9562,凑齐了2张一样的咒符，解放了雅·修特拉！,57,33,0,0,False
9563,选中了不同的咒符……,57,33,0,0,False
9564,"使用采矿工或园艺工参加在本任务时，
可使用任务指令“以太钻孔机”。
通过采集活动积攒高压以太，攻击资源魔物吧。",57,65,0,0,False
9565,积雨云互相融合，形成了积雨云团……,57,33,0,0,False
9566,空中开始聚集不祥的以太了……,57,33,0,0,False
9567,空中不祥的以太浓度正在升高……,57,33,0,0,False
9568,空中生成了类似卫月的物体……,57,33,0,0,False
9569,高浓度以太形成了卫月的形态……,57,33,0,0,False
9570,卫月开始向地面降落……,57,33,0,0,False
9571,卫月正在逐渐接近地面……,57,33,0,0,False
9572,卫月即将达到地面……,57,33,0,0,False
9573,卫月落到了地面，变成以太散开了！,57,33,0,0,False
9574,卫月落到了地面！,57,33,0,0,False
9575,拉姆强大的以太使雷平原被风暴所包围……,57,33,0,0,False
9576,拉姆通过落雷补充了雷属性以太……,57,33,0,0,False
9577,维梅的咒符被夺走了……,57,33,0,0,False
9578,夏梅的咒符被夺走了……,57,33,0,0,False
9579,奥梅的咒符被夺走了……,57,33,0,0,False
9580,解放了维梅！,57,33,0,0,False
9581,解放了夏梅！,57,33,0,0,False
9582,解放了奥梅！,57,33,0,0,False
9583,光之泛滥延迟了。粉碎永久冰晶，救出琳！,57,33,0,0,False
9584,凑齐了2张一样的咒符，解放了维梅！,57,33,0,0,False
9585,凑齐了2张一样的咒符，解放了夏梅！,57,33,0,0,False
9586,凑齐了2张一样的咒符，解放了奥梅！,57,33,0,0,False
9587,距离卫月降落还有 15 秒！,57,33,0,0,False
9588,距离卫月降落还有 10 秒！,57,33,0,0,False
9589,距离卫月降落还有 5 秒！,57,33,0,0,False
9590,"想要退出任务时，
可以从起始地点的退出点，
或任务菜单退出。",57,65,0,0,False
9591,在被分离的世界中成功阻止了“光之泛滥”！,57,33,0,0,False
9592,光之战士的圣剑被赋予了魔法剑·绝对爆炎的力量！,57,33,0,0,False
9593,光之战士的圣剑被赋予了魔法剑·绝对冰封的力量！,57,33,0,0,False
9594,光之战士正在积攒力量！,57,33,0,0,False
9595,光之战士即将突破极限！,57,33,0,0,False
9596,光之战士的圣剑被赋予了魔法剑的力量！,57,33,0,0,False
9597,移动到了第二司令室……,57,513,0,0,False
9598,隐藏身形，躲开不祥的剑气！,57,33,0,0,False
9599,●アルバートの内なる獣が呼び起こされた,57,33,0,0,False
9600,光之战士正在奋勇对抗突破极限的劲敌！,57,33,0,0,False
9601,进行该任务时，无法切换成70级以下的战斗职业。,60,9,0,0,False
9602,"已同步到特殊的等级。
进行该任务时，无论原始等级如何都将自动同步为80级，
无论原始道具品级多低，都将自动同步为430。",57,33,0,0,False
9603,"抵抗组织的英雄单挑获胜！
博兹雅义军的士气上升了！",57,33,1,0,False
9604,昇格に必要な戦果を挙げました。報告へ行きましょう。,57,33,0,0,False
9605,义军等级提升了！  Player Player的义军等级升到了UNKNOWN级。,64,1,0,0,False
9606,"装备品级已被同步至UNKNOWN级。
在品级同步状态下，所有装备的性能都会被调整至规定的品级。",57,33,0,0,False
9607,陷入无法战斗状态，失去了0点战果……,64,1,1,0,False
9608,在无法战斗状态下使用了返回，失去了0点战果……,64,1,1,0,False
9609,"附近出现了新的紧急遭遇战！
紧急遭遇战附近的角色可能会被强制转移至区域外。",57,33,1,0,False
9610,"参战中的紧急遭遇战即将开战。
请通过博兹雅搜索器进入。",57,33,1,0,False
9611,无法发送参加申请，只有队长有申请权限。,60,9,1,0,False
9612,无法申请参加，队伍中有不符合条件的队员。,60,9,1,0,False
9613,无法申请参加，队伍中有陷入无法战斗状态的队员。,60,9,1,0,False
9614,无法申请参加，队伍中有故事进度条件不符的队员。,60,9,1,0,False
9615,无法申请参加，队伍中有正在参加紧急遭遇战的队员。,60,9,1,0,False
9616,"小队队长发送了以下紧急遭遇战的参加申请：
",57,33,1,0,False
9617,"发送了以下紧急遭遇战的参加申请：
",57,33,1,0,False
9618,"取消了以下紧急遭遇战的参加申请：
",60,9,1,0,False
9619,"小队队长取消了以下紧急遭遇战的参加申请：
",60,9,1,0,False
9620,"小队状态出现变化，以下紧急遭遇战的参加申请已取消：
",60,9,1,0,False
9621,进入了紧急遭遇战，其他紧急遭遇战的参加申请已取消。,60,9,1,0,False
9622,"以下紧急遭遇战可以参战了！
请通过博兹雅搜索器进入：
",57,33,1,0,False
9623,"无法参加以下紧急遭遇战:
",60,9,1,0,False
9624,无法申请参加，现在处于无法战斗状态。,60,9,1,0,False
9625,无法申请参加，正在参加紧急遭遇战。,60,9,0,0,False
9626,攻城战开始了！,57,33,1,0,False
9627,附近出现了新的冲突战！,57,32,1,0,False
9628,"向以下紧急遭遇战发送了攻击请求：
",57,33,1,0,False
9629,向紧急遭遇战发送了攻击请求！,57,33,0,0,False
9630,义军等级提升了！ 的义军等级升到了UNKNOWN级。,64,1,0,0,False
9631,出现了可以参加的紧急遭遇战。,57,33,1,0,False
9632,失传技能库的容量已满，无法移动失传技能。,60,9,0,0,False
9633,由于贡献不足，无法取得报酬。,60,9,0,0,False
9634,无法取消参加申请，只有队长有取消权限。,60,9,0,0,False
9635,取得了0战果！,64,1,1,0,False
9636,无法申请参战，距离开战时间不足10秒。,60,9,0,0,False
9637,删除了我的配置组UNKNOWN。,57,33,0,0,False
9638,无法出发，现在处于无法战斗状态。,60,9,0,0,False
9639,无法发送参加申请，正在申请其他紧急遭遇战。,60,9,0,0,False
9640,庞大的魔力注入了地面！,57,33,0,0,False
9641,带有魔力的羽毛四处飞散！,57,33,0,0,False
9642,兽王莱昂召集了周边的魔鸟！,57,33,0,0,False
9643,兽王莱昂将魔兽们召集到了圆坛之间！,57,33,0,0,False
9644,兽王莱昂似乎很期待在王者圆坛战斗！,57,33,0,0,False
9645,被邀请到王者圆坛决斗！,57,33,0,0,False
9646,战胜了兽王莱昂，义军的士气提高了！,57,33,0,0,False
9647,兽王莱昂胜利了，魔兽们的士气提高了！,57,33,0,0,False
9648,被风卷入了圆坛之间！,57,33,0,0,False
9649,庞大的魔力注入了地面！,57,33,0,0,False
9650,处刑俘虏开始了！,57,33,0,0,False
9651,已经没有可以救援的俘虏了……,57,33,0,0,False
9652,将编辑中的失传技能库的内容替换到了UNKNOWN。,57,33,0,0,False
9653,将编辑中的失传技能库的内容保存到了UNKNOWN。,57,33,0,0,False
9654,我的配置组名称更改成功。,57,33,0,0,False
9655,失传技能库的内容已变更。,57,33,0,0,False
9656,目前存入失传技能库的失传技能已超过技能库容量。,60,8,0,0,False
9657,无法变更失传技能库的内容。,60,8,0,0,False
9658,布里欧纳克开始攻击掘地装甲！,57,33,0,0,False
9659,需要连续变更失传技能库的内容时，请稍等片刻。,60,8,0,0,False
9660,没有习得失传技能。,60,8,0,0,False
9661,失去了兽王莱昂的控制，魔兽们失控了！,57,33,0,0,False
9662,在兽王莱昂的控制下，魔兽们平静了下来……,57,33,0,0,False
9663,存入了不超过失传技能库容量的失传技能。,57,33,0,0,False
9664,已达到失传技能库的可编辑上限，无法继续移动。,60,8,0,0,False
9665,"在此大规模决战中，取得的报酬会因人而异。
请注意不要忘记开启发现的宝箱。",57,33,1,0,False
9666,报名参加决斗！,57,33,1,0,False
9667,辞退了决斗邀请……,57,33,1,0,False
9668,同一失传技能无法继承到多个任务指令中。,60,8,0,0,False
9669,"有队员正在进行决斗，以下紧急遭遇战的参加申请已取消。
",60,9,1,0,False
9670,"虽然没能参加紧急遭遇战：
但因展现了敢于决斗的勇气，勇气值上升了1点。",57,33,1,0,False
9671,"成功参加了以下紧急遭遇战：
开始重新计算勇气值。",57,33,1,0,False
9672,参加该紧急遭遇战的人数较少，因此被赋予了超越之力！,57,33,1,0,False
9673,所有义军勋章已达到持有上限！,57,33,1,0,False
9674,用0战果交换了UNKNOWN张战果认定证！,57,33,1,0,False
9675,用UNKNOWN张战果认定证交换了坚守彗星勋章！,57,33,1,0,False
9676,用UNKNOWN张战果认定证交换了勇猛彗星勋章！,57,33,1,0,False
9677,用UNKNOWN张战果认定证交换了救命彗星勋章！,57,33,1,0,False
9678,旗舰达尔里阿达号攻略战开始了！,57,33,1,0,False
9679,参加该女王古殿的人数较少，因此被赋予了超越之力！,57,33,1,0,False
9680,无法获取道具，当前职业未满足参加条件。,60,9,0,0,False
9681,无法获取道具，未进入参加危命任务状态。,60,9,0,0,False
9682,祠堂里安置了紫州土偶……,57,33,0,0,False
9683,楔石已清理完成……,57,32,0,0,False
9684,灯笼中产生了神奇的灯火，开始发光……,57,33,0,0,False
9685,●目立った釣果もないまま時は過ぎ去った……,57,33,0,0,False
9686,移动到了智慧之河……,57,33,0,0,False
9687,移动到了风天……,57,33,0,0,False
9688,移动到了放浪神灵峰……,57,33,0,0,False
9689,移动到了翁法洛斯……,57,33,0,0,False
9690,移动到了星天……,57,33,0,0,False
9691,继续攻击裂痕！破坏魔法障壁！,57,2049,0,40,False
9692,持续攻击牢固的魔法障壁！找出魔法障壁的弱点！,57,2049,0,40,False
9693,六根山探索记中记录了“”！,57,33,0,0,False
9694,通过花式装填补充了弹药！,57,33,0,0,False
9695,某处设置了放屁坐垫……,57,33,0,0,False
9696,阿罗阿罗岛探索记中记录了“”！,57,33,0,0,False
9697,,0,0,0,0,False
9698,软性融合体解体了……,57,33,0,0,False
9699,软性融合体合体了……,57,33,0,0,False
9700,带着导火线的爆弹出现了……,57,33,0,0,False
9701,将的情报记录到了战果记录上。,57,33,0,0,False
9702,没有持有战果记录，无法使用该道具。,60,9,0,0,False
9703,已记录过该情报。,60,9,0,0,False
9704,临时以太之光“”开放。,57,33,0,0,False
9705,没有可移动的临时以太之光。,60,33,0,0,False
9706,没有可以显示的项目。,60,9,0,0,False
9707,光与暗的判纹铭刻于身……,57,33,0,0,False
9708,捷径传送功能可以使用了！,57,33,0,0,False
9709,捷径传送功能未启动，无法使用。,57,33,0,0,False
9710,无法从上次登出前的战友列表将角色加入到黑名单中。,60,9,0,0,False
9711,黑名单记录保存失败。,60,9,0,0,False
9712,黑名单记录已保存。,57,33,0,0,False
9713,"加入的小队中有黑名单人员。
该队员在小队列表中的名称为“其他游戏角色XX”。",57,33,0,0,False
9714,"有黑名单人员加入了小队。
该队员在小队列表中的名称为“其他游戏角色XX”。",57,33,0,0,False
9715,该队员以后在小队列表中的名称为“其他游戏角色XX”。,57,33,0,0,False
9716,屏蔽名单记录更新失败。,60,9,0,0,False
9717,屏蔽名单记录已更新。,57,33,0,0,False
9718,加入的小队中有屏蔽名单人员。,57,33,0,0,False
9719,有屏蔽名单人员加入了小队。,57,33,0,0,False
9720,好友名单中的玩家只有解除好友之后才能加入到屏蔽名单中。,60,9,0,0,False
9721,已加入到黑名单中，无法加入屏蔽名单。,60,9,0,0,False
9722,该角色已加入到屏蔽名单中。,60,9,0,0,False
9723,屏蔽名单已满。,60,9,0,0,False
9724,未能加入到屏蔽名单中。,60,9,0,0,False
9725,已将加入到屏蔽名单中。,57,33,0,0,False
9726,无法从屏蔽名单中删除。,60,9,0,0,False
9727,已将从屏蔽名单中删除。,57,33,0,0,False
9728,操作对象之后的发言将临时显示。,57,1,0,0,False
9729,操作对象之后的发言将再次被屏蔽。,57,1,0,0,False
9730,身体被附加了导火线……,57,33,0,30,False
9731,保存的文本过短。,60,8,0,0,False
9732,保存的文本过长。,60,8,0,0,False
9733,包含空格的文本无法保存为屏蔽词。,60,8,0,0,False
9734,包含定型文的文本无法保存为屏蔽词。,60,8,0,0,False
9735,尚未指定适用于屏蔽词的消息种类。,60,8,0,0,False
9736,该文本已记录到屏蔽词UNKNOWN中。,60,8,0,0,False
9737,已将UNKNOWN记录到屏蔽词UNKNOWN中。,57,33,0,0,False
9738,已将屏蔽词UNKNOWN更新为UNKNOWN。,57,33,0,0,False
9739,正在打开屏蔽词管理栏，无法执行指令。,60,8,0,0,False
9740,正在编辑屏蔽词，无法执行指令。,60,8,0,0,False
9741,已删除屏蔽词UNKNOWNUNKNOWN。,57,33,0,0,False
9742,无法保存更多屏蔽词。,60,9,0,0,False
9743,对方已被加入到屏蔽名单，无法发送悄悄话。,60,8,0,0,False
9744,和对方未处于同一区域，无法申请好友。,60,9,0,0,False
9745,该内容的登记版本与当前版本不同，无法保存备注。,60,9,0,0,False
9746,已将从屏蔽名单中移除，屏蔽名单中的已加入好友名单。,57,33,0,0,False
9747,,0,0,0,0,False
9748,,0,0,0,0,False
9749,,0,0,0,0,False
9750,,0,0,0,0,False
9751,突破极限，跨越危机！,57,33,0,0,False
9752,粒子炮的朝向发生了变化！,57,33,0,0,False
9753,无法进入该区域，没有完成特定的任务。,60,9,0,0,False
9754,●Player Playerは力を振り絞り、アゼムのクリスタルに触れた,57,33,0,0,False
9755,通过削弱人造圣石系统，对绿宝石神兵造成了UNKNOWN点伤害！,57,33,0,0,False
9756,"在本任务中，取得的报酬会因人而异。
请注意不要忘记开启发现的宝箱。",57,33,0,0,False
9757,仙子猪之母开始积攒魔力……,57,33,0,0,False
9758,仙子猪之母积攒好了魔力……,57,33,0,0,False
9759,仙子猪之母正在准备吐气……,57,33,0,0,False
9760,移动到了遗迹中层……,57,33,0,0,False
9761,移动到了遗迹深层……,57,33,0,0,False
9762,移动到了未满的圣所……,57,33,0,0,False
9763,移动到了无命的神殿……,57,33,0,0,False
9764,盖娅残存的记忆碎片被复原了出来！,57,33,0,0,False
9765,守护琳与盖娅之间的回忆！,57,33,0,0,False
9766,守护琳与盖娅之间的回忆！,57,33,0,0,False
9767,守护琳与盖娅之间的回忆！,57,33,0,0,False
9768,盖娅与琳之间的回忆正在逐渐消失！,57,33,0,0,False
9769,别的地方好像有什么动静。,57,33,0,0,False
9770,,0,0,0,0,False
9771,有魔力从雕像上流入，得到了雌狮子的加护！,57,32,1,0,False
9772,连接到构想冰神的记忆，强化了自身！,57,33,0,0,False
9773,连接到构想土神的记忆，强化了自身！,57,33,0,0,False
9774,时间的流动正在逐渐崩溃！,57,33,0,0,False
9775,部分吸引装置被魔物堵住了！,57,33,0,0,False
9776,影之王正准备露出真身！,57,33,0,0,False
9777,被影之王支配了影子……,57,33,0,0,False
9778,传送魔法阵开始散发光辉！,57,32,1,0,False
9779,体温上升了1个阶段！,57,33,0,0,False
9780,体温下降了1个阶段！,57,33,0,0,False
9781,体温上升了2个阶段！,57,33,0,0,False
9782,体温下降了2个阶段！,57,33,0,0,False
9783,体温恢复到了常温！,57,33,0,0,False
9784,吸引装置启动了！,57,33,0,0,False
9785,体温上升到了临界值，身体开始燃烧！,57,33,0,0,False
9786,体温下降到了临界值，身体开始冻结！,57,33,0,0,False
9787,仙子猪之母开始使劲吸气！,57,33,0,0,False
9788,仙子猪之母的吸力增强了！,57,33,0,0,False
9789,不祥的以太汇聚在一起，形成了异形之楔……,57,33,0,0,False
9790,从周围感知到了激烈的水流气息！,57,33,0,0,False
9791,,0,0,0,0,False
9792,,0,0,0,0,False
9793,,0,0,0,0,False
9794,,0,0,0,0,False
9795,在本任务中可以重组小队。另外团队会暂时解除。,57,33,0,0,False
9796,在本任务中无法使用返回技能。,57,33,0,0,False
9797,充斥在周围的压倒性的魔力消失了……,57,33,0,0,False
9798,黑暗溢出，产生了波动云！,57,33,0,0,False
9799,“”任务结束了。,57,1,0,0,False
9800,人造圣石系统生成了盖乌斯的幻影！,57,33,0,0,False
9801,魔力穿过地面启动装置！,57,33,0,0,False
9802,荀子开始准备攻击！,57,33,0,0,False
9803,孟子开始准备攻击！,57,33,0,0,False
9804,思想家们准备开始攻击！,57,33,0,0,False
9805,离开了电脑空间……,57,33,0,0,False
9806,移动到了单轨系统……,57,33,0,0,False
9807,移动到了最上层……,57,33,0,0,False
9808,異界の扉が出現した。扉同士に繋がりを感じる……,57,33,0,0,False
9809,无线存取点的使用受到了限制……,57,33,0,0,False
9810,可以使用无线存取点了！,57,33,0,0,False
9811,敌人设置了地雷！,57,33,0,0,False
9812,魔导炮塔出现了！,57,33,0,0,False
9813,,57,33,0,0,False
9814,,57,33,0,0,False
9815,解除了防卫机制，打开了隔离壁！,57,33,0,0,False
9816,装置の同時操作に成功し、魔導兵器格納庫への扉が解放された！,57,33,0,0,False
9817,没能同时操作装置！,57,33,0,0,False
9818,驱除了逻辑病毒，阻止了敌人的反击！,57,33,0,0,False
9819,要塞炮开始充能！,57,33,0,0,False
9820,落雷的地点好像改变了！,57,33,0,0,False
9821,跳上魔导要塞，攻击魔导核心！,57,33,0,0,False
9822,移动到了电脑空间……,57,33,0,0,False
9823,以太被吸收，结晶碎掉了……,57,33,0,0,False
9824,伴随着熟悉的气息，冷气从忘却的彼岸聚集了过来！,57,33,0,0,False
9825,●未使用になりました,57,33,0,0,False
9826,附近的魔导兵器回应了救援请求而聚集了过来……,57,33,0,0,False
9827,●未使用になりました,57,33,0,0,False
9828,●未使用になりました,57,33,0,0,False
9829,藏在魔导死神的背后躲过攻击！,57,33,0,0,False
9830,未能逃过险境……,57,33,0,0,False
9831,躲过了一劫，恢复了意识！,57,33,0,0,False
9832,微笑的协助机复制了框架工作员！,57,33,0,0,False
9833,打印出的工作员未能承受住自身的攻击动作，坏掉了……,57,33,0,0,False
9834,アニマが人々の魂を貪る……！,57,33,0,0,False
9835,慟哭が混沌を呼ぶ……！,57,33,0,0,False
9836,裂かれた次元が混沌に沈む……！,57,33,0,0,False
9837,地面上被撒下了腐烂毒素！,57,33,0,0,False
9838,生命加速，黄金蝶翩翩起舞……,57,33,0,0,False
9839,拉冬之王正在将以太储存到头部……,57,33,0,0,False
9840,絶叫が次元を引き裂く……！,57,33,0,0,False
9841,下水道开始溢水了……！,57,33,0,0,False
9842,下水道的水位下降了……,57,33,0,0,False
9843,治疗所有受伤的萨维奈的难民！,57,33,0,0,False
9844,通过削弱光之水晶的力量，对海德林的回声造成了UNKNOWN点伤害！,57,33,0,0,False
9845,,57,33,0,0,False
9846,,57,33,0,0,False
9847,末日野兽呼唤了流星群……,57,33,0,0,False
9848,极限槽攒满了！,57,33,0,0,False
9849,菲尼克司让共燃的火灵鸟环绕己身，猛烈燃烧了起来！,57,33,0,0,False
9850,末日野兽造成的重力场发生了巨大的紊乱！,57,33,0,0,False
9851,菲尼克司的火焰开始在地上蔓延！,57,33,0,0,False
9852,四周刮起了火焰风暴，火雨从天而降……,57,33,0,0,False
9853,中间的头正在激烈地喷出火焰！,57,33,0,0,False
9854,左右两边的头正在激烈地喷出火焰！,57,33,0,0,False
9855,斯伐婆奴造成地脉逐渐发生异常！,57,33,0,0,False
9856,拉冬之王将要释放以太！,57,33,0,0,False
9857,,57,33,0,0,False
9858,天体相撞的现象被记录了下来……,57,33,0,0,False
9859,,57,33,0,0,False
9860,天体相撞的绝望再次席卷而来……,57,33,0,0,False
9861,,57,33,0,0,False
9862,使用“疾隐”潜入敌阵！,57,33,0,0,False
9863,使用“终招”打倒被控制的帝国兵！,57,33,0,0,False
9864,给正在整备的魔导兵器装上炸药！,57,33,0,0,False
9865,解除魔导结界，继续潜入！,57,33,0,0,False
9866,使用“嗅觉干扰弹”打倒终末军犬！,57,33,0,0,False
9867,给正在整备的魔导兵器装上炸药！,57,33,0,0,False
9868,使得自律型魔导兵器停止了活动！,57,33,0,0,False
9869,敌军警戒度在不断上升！,57,33,0,0,False
9870,敌军警戒度似乎不再上升了……,57,33,0,0,False
9871,敌军警戒度达到最大值，请求了增援！,57,33,0,0,False
9872,快去守护前方的埃马内兰的车队！,57,33,0,0,False
9873,快去守护前方的希卡尔多的车队！,57,33,0,0,False
9874,魔导兵器的援军出现了！,57,33,0,0,False
9875,快去守护主力部队！,57,33,0,0,False
9876,维吉莉亚已对所有残存战力发出了增援请求！,57,33,0,0,False
9877,即将重现下一个星球的终结……,57,33,0,0,False
9878,分离的头部出现了！,57,33,0,0,False
9879,获得了魔导死神的认证密钥！,57,33,0,0,False
9880,取下了魔导死神的青磷水箱！,57,33,0,0,False
9881,绝望再次袭来！,57,33,0,0,False
9882,梅蒂恩她们体验过的绝望如今即将重现！,57,33,0,0,False
9883,火属性的力量正在侵蚀身体！,57,33,0,0,False
9884,冰属性的力量正在侵蚀身体！,57,33,0,0,False
9885,阿尔菲诺的祈祷为Player Player提供力量！,57,33,0,0,False
9886,阿莉塞的祈祷为Player Player提供力量！,57,33,0,0,False
9887,桑克瑞德的祈祷为Player Player提供力量！,57,33,0,0,False
9888,于里昂热的祈祷为Player Player提供力量！,57,33,0,0,False
9889,雅·修特拉的祈祷为Player Player提供力量！,57,33,0,0,False
9890,埃斯蒂尼安的祈祷为Player Player提供力量！,57,33,0,0,False
9891,古·拉哈·提亚的祈祷为Player Player提供力量！,57,33,0,0,False
9892,终结的命运正在交织……,57,33,0,0,False
9893,终结的命运再次交织……,57,33,0,0,False
9894,获得了军用恢复药！,57,33,0,0,False
9895,锁死病正侵蚀着全身……,57,33,0,0,False
9896,强烈的情感激发了Player Player的潜能量！,57,33,0,0,False
9897,只要有这份光在，就不会倒下！,57,33,0,0,False
9898,凭借着激发出的潜能量，Player Player再次站了起来！,57,33,0,0,False
9899,坚持对抗终结的命运吧！,57,33,0,0,False
9900,维涅斯开始吸收以太！,57,33,0,0,False
9901,,0,0,0,0,False
9902,,0,0,0,0,False
9903,冥狱枪盾开始吸收以太！,57,33,0,0,False
9904,可以从无人岛的树木采集新的开拓素材了！,57,17,0,0,False
9905,可以从无人岛的岩石采集新的开拓素材了！,57,17,0,0,False
9906,可以从无人岛的土壤采集新的开拓素材了！,57,17,0,0,False
9907,可以从无人岛的花草采集新的开拓素材了！,57,17,0,0,False
9908,可以从无人岛的海中采集新的开拓素材了！,57,17,0,0,False
9909,可以从无人岛的矿物采集新的开拓素材了！,57,17,0,0,False
9910,将做好的工具交给耕种小员吧！,57,17,0,0,False
9911,将做好的工具交给放牧小员吧！,57,17,0,0,False
9912,将制作好的饲料喂给动物吧！,57,17,0,0,False
9913,制作了动物更喜欢的饲料，将饲料喂给动物吧！,57,17,0,0,False
9914,制作了动物超喜欢的饲料，将饲料喂给动物吧！,57,17,0,0,False
9915,可以捕获栖息在无人岛内的小型动物了！,57,17,0,0,False
9916,可以捕获栖息在无人岛内的中型动物了！,57,17,0,0,False
9917,可以捕获栖息在无人岛内的大型动物了！,57,17,0,0,False
9918,在开拓采集笔记中记录了新发现的。,57,17,0,0,False
9919,获得了UNKNOWN点开拓经验。,64,1,0,0,False
9920,学会了新的开拓制作配方。,57,33,0,0,False
9921,已经制作过此工具，无需再次制作。,60,9,0,0,False
9922,缺少必要的材料。,60,9,0,0,False
9923,未选择必要的材料。,60,9,0,0,False
9924,无法制作，开拓作物数量不足。,60,9,0,0,False
9925,"到达了开拓等级的上限。
可以通过达成开拓目标提升等级上限。",57,33,0,0,False
9926,开拓等级提升！  的开拓等级达到了UNKNOWN。,57,33,0,0,False
9927,获得了×UNKNOWN。,62,1,0,0,False
9928,,0,0,0,0,False
9929,数量已达到上限，无法采集。,60,9,0,0,False
9930,数量已达到上限，舍弃了超出上限部分的。,60,9,0,0,False
9931,数量已达到上限，未能采集全部的。,60,9,0,0,False
9932,获得了UNKNOWN枚。,57,33,0,0,False
9933,获得了×UNKNOWN。,62,1,0,0,True
9934,持有数量已达到上限，无法获得更多的。,60,9,0,0,False
9935,谢尔达莱青船币不足，无法执行。,60,9,0,0,False
9936,"可以在探索中获得新的开拓素材了。
请收下开拓素材后，再次派出探索队。",60,9,0,0,False
9937,"可以在探索中获得新的开拓素材了。
请收下最近一次探索中收集的开拓素材。",60,9,0,0,False
9938,没有可以领取的开拓素材。,60,9,0,0,False
9939,数量已达上限，无法获得此次探索带回的素材。,60,9,0,0,False
9940,支付了UNKNOWN枚谢尔达莱青船币，对UNKNOWN进行探索。,57,33,0,0,False
9941,的数量已达到持有上限，无法制作。,60,9,0,0,False
9942,还有开拓素材尚未领取，无法变更探索的目的地和探索天数。,60,9,0,0,False
9943,可以在屯货仓库获得了。,57,17,0,0,False
9944,由于材料不足，未能按计划生产出所有的产品。,60,9,0,0,False
9945,开拓工房的剩余时间不足，无法设定该生产计划。,60,9,0,0,False
9946,开拓工房的休息日设置已变更。,57,33,0,0,False
9947,制作了用于扩张开拓据点的工具！,57,17,0,0,False
9948,可以建造小岛木屋了！,57,33,0,0,False
9949,可以建造新的地标建筑了！,57,33,0,0,False
9950,所持物品中没有可选道具。,60,9,0,0,False
9951,该地垄处于托管中，无法执行该动作。,60,9,0,0,False
9952,"尚未领取托管期间内收获的作物，无法执行该动作。
请去找耕种小员进行领取。",60,9,0,0,False
9953,数量已达到上限，无法获取更多的。,60,9,0,0,False
9954,将种有的地垄UNKNOWN托管给了耕种小员进行照料。,57,33,0,0,False
9955,,0,0,0,0,False
9956,无法结束托管，有未领取的作物。,60,9,0,0,False
9957,数量已达上限，无法回收。,60,9,0,0,False
9958,可以建造开拓工房了！,57,33,0,0,False
9959,可以建造屯货仓库了！,57,33,0,0,False
9960,可以改建小岛木屋了！,57,33,0,0,False
9961,可以改建开拓工房了！,57,33,0,0,False
9962,可以改建屯货仓库了！,57,33,0,0,False
9963,据点开拓完成！,57,33,0,0,False
9964,已将据点的景观从变更为！,57,33,0,0,False
9965,开始建造。,57,33,0,0,False
9966,建造完成。,57,33,0,0,False
9967,开始将当前建筑改建为。,57,33,0,0,False
9968,完成了的改建。,57,33,0,0,False
9969,选择的地点正在建造中，无法搬迁。,60,9,0,0,False
9970,搬迁完成。,57,33,0,0,False
9971,已将外观从变更为！,57,33,0,0,False
9972,已经改建为。,57,33,0,0,False
9973,素材不足，无法建造。,60,9,0,0,False
9974,没有可以改建的建筑。,60,9,0,0,False
9975,似乎对没有效果。,60,9,0,0,False
9976,产生了警惕逃走了。,57,33,0,0,False
9977,捕捉失败，但似乎并没有引起它的警惕。,57,33,0,0,False
9978,成功捕捉到了！,57,33,0,0,False
9979,目标不在范围内。,60,9,0,0,False
9980,UNKNOWN吃饱了。,57,33,0,0,False
9981,,0,0,0,0,False
9982,UNKNOWN感到很开心。,57,33,0,0,False
9983,当前服务器繁忙，无法前往无人岛。请稍后再试。,60,9,0,0,False
9984,未能找到UNKNOWN的无人岛。,60,9,0,0,False
9985,UNKNOWN的无人岛已经满员，无法进入。,60,9,0,0,False
9986,无法进入，UNKNOWN的无人岛被设置为禁止访问。,60,9,0,0,False
9987,已将UNKNOWN的昵称变更为UNKNOWN。,57,33,0,0,False
9988,已将UNKNOWN放归自然。,57,33,0,0,False
9989,已将UNKNOWN托管给放牧小员进行饲养。,57,33,0,0,False
9990,无法执行该动作，必须先设置道具。,60,8,0,0,False
9991,无法执行该动作，所需道具数量不足。,60,8,0,0,False
9992,无法变更探索的目的地和探索天数。,60,8,0,0,False
9993,已将探索目的地变更为UNKNOWN。,57,33,0,0,False
9994,支付了UNKNOWN枚谢尔达莱青船币，将探索目的地变更为UNKNOWN了。,57,33,0,0,False
9995,支付了UNKNOWN枚谢尔达莱青船币，延长了前往UNKNOWN进行探索的天数。,57,33,0,0,False
9996,获得了×UNKNOWN，但因超过持有数量上限，只得到了×UNKNOWN。,57,9,0,0,False
9997,获得了×UNKNOWN，但因超过持有数量上限，只得到了×UNKNOWN。,62,1,0,0,True
9998,将放养到了UNKNOWN。,57,33,0,0,False
9999,收回了。,57,33,0,0,False
10000,对安杰洛发出指示，治疗精神被污染的信徒们！,57,33,0,0,False
10001,发动不动宫防御真月奥丁的攻击！,57,33,0,0,False
10002,发动石化妨碍幻蝶的攻击并将其消灭！,57,33,0,0,False
10003,真月罗波那开始吸收周围的以太！,57,33,0,0,False
10004,发动石化妨碍罗波那吸收武气，并将其消灭！,57,33,0,0,False
10005,火狱之楔正在逐渐增幅真月伊弗利特的力量！,57,33,0,0,False
10006,真月伊弗利特的力量变弱了！,57,33,0,0,False
10007,无计可施的伊弗利特开始发狂了！,57,33,0,0,False
10008,不祥的以太波动形成了异形之楔！,57,33,0,0,False
10009,3人合力防御真月奥丁的攻击！,57,33,0,0,False
10010,阿莉塞的攻击打破了真月罗波那的防御！,57,33,0,0,False
10011,消耗灵魂量值，召唤出了化身！,57,33,0,0,False
10012,"钐镰客通过积攒灵魂量值，
可以召唤出化身。",57,33,0,0,False
10013,"灵魂量值可以通过以切割为起手的连击
或直接使用灵魂切割等技能进行积攒。",57,33,0,0,False
10014,掉落了青磷水箱……,57,33,0,0,False
10015,使用了驾驶席上的帝国式强壮剂，得到了伤害提高的效果！,57,33,0,0,False
10016,使用了麻袋里的帝国式恢复剂，得到了体力持续恢复的效果！,57,33,0,0,False
10017,"化身可以通过使用“隐匿挥割”或
“束缚挥割”来进行召唤",57,33,0,0,False
10018,魔剑佩罗涅吸收的以太被附加到了斗篷上！,57,33,0,0,False
10019,被魔剑佩罗涅吸收了以太！,57,33,0,0,False
10020,魔剑佩罗涅吸收的以太即将形成腐咒！,57,33,0,0,False
10021,斗篷中积攒的以太即将形成腐咒！,57,33,0,0,False
10022,通过六合结界，周围的毒气得到了净化！,57,33,0,0,False
10023,六合结界术式开始展开！,57,33,0,0,False
10024,六合结界术式展开了一半！,57,33,0,0,False
10025,六合结界术式还差一点就完全展开了！,57,33,0,0,False
10026,继承了师之理念的贤人思念化作名杖现身了！,57,33,0,0,False
10027,根据理念创造出了贝希摩斯！,57,33,0,0,False
10028,根据理念创造出了巨蟒！,57,33,0,0,False
10029,在该墓园展开的强力结界导致治愈力下降了……,57,33,0,0,False
10030,"进行了筛选设定，
无法显示指定成就。",57,513,0,0,False
10031,雷电正在侵蚀芙朵拉的身体……,57,33,0,0,False
10032,纱都召唤出的石板被盯上了……,57,33,0,0,False
10033,南风吹了起来……,57,33,0,0,False
10034,北风吹了起来……,57,33,0,0,False
10035,风停了……,57,33,0,0,False
10036,水晶的光辉给予了海德林力量……,57,33,0,0,False
10037,锁死病蔓延至全身……,57,33,0,0,False
10038,锁死病至今依然在全身蔓延……,57,33,0,0,False
10039,锁死病带来的剧痛影响着全身……,57,33,0,0,False
10040,回到自己的身体中！,57,33,0,0,False
10041,鸟儿之间的共燃使它们身上的火焰更加猛烈了！,57,33,0,0,False
10042,贯彻了爱与正义的贤人思念化作战斧现身了！,57,33,0,0,False
10043,祈祷友人笑容的骑士思念化作银剑与坚盾现身了！,57,33,0,0,False
10044,维涅斯正在吸收以太！,57,33,0,0,False
10045,维涅斯继续吸收着以太！,57,33,0,0,False
10046,维涅斯吸收以太，不断逼近极限！,57,33,0,0,False
10047,维涅斯突破了极限！,57,33,0,0,False
10048,打破了不杀的誓言……赫拉斯瓦尔格陷入了狂怒之中！,57,33,0,0,False
10049,打破了灭杀的誓言……尼德霍格陷入了狂怒之中！,57,33,0,0,False
10050,邪龙之影妄图再次控制埃斯蒂尼安！,57,33,0,0,False
10051,埃斯蒂尼安的意识逐渐远去……,57,33,0,0,False
10052,梅蒂恩将她们见证的第1次绝望铭刻于心！,57,33,0,0,False
10053,梅蒂恩将她们经历的第2次绝望铭刻于心！,57,33,0,0,False
10054,梅蒂恩将她们亲历的第3次绝望铭刻于心！,57,33,0,0,False
10055,Player Player将见证的第1次绝望铭刻于心！,57,33,0,0,False
10056,Player Player将经历的第2次绝望铭刻于心！,57,33,0,0,False
10057,Player Player将亲历的第3次绝望铭刻于心！,57,33,0,0,False
10058,梅蒂恩们体会过的绝望如轮回般返身袭来！,57,33,0,0,False
10059,Player Player体会过的绝望如轮回般返身袭来！,57,33,0,0,False
10060,切断了！,57,33,0,0,False
10061,突破极限，跨越危机！,57,33,0,0,False
10062,坏灭雷球于空中蓄势待发……,57,33,0,0,False
10063,ナルザルにUNKNOWNダメージを与えた！,57,33,0,0,False
10064,捷径传送功能可以使用了！,57,33,0,0,False
10065,捷径传送功能未启动，无法使用。,57,33,0,0,False
10066,移动到了炎天……,57,33,0,0,False
10067,二面宮へ移動した……,57,33,0,0,False
10068,魔导终端可以操作了。,57,33,0,0,False
10069,盖乌斯开始积攒剑气……,57,33,0,0,False
10070,盖乌斯开始压缩剑气……,57,33,0,0,False
10071,盖乌斯开始进一步压缩剑气……,57,33,0,0,False
10072,里塔提恩·萨斯·阿维纳昂扬如烈火般的斗志突破了极限！,57,33,0,0,False
10073,遗迹对绘制在地图上的契约做出了反应！,57,33,0,0,False
10074,通过古旧的传送装置移动到了海底遗迹的内部……,57,33,0,0,False
10075,太阳的火焰聚集到了阿泽玛的身边……,57,33,0,0,False
10076,黑暗开始聚集在虚空中！,57,33,0,0,False
10077,魂器出现了！,57,33,0,0,False
10078,灵魂短暂地进入了魂器……,57,33,0,0,False
10079,暗之力渐渐侵蚀着Player Player的身体……,57,33,0,0,False
10080,拉哈布雷亚正在聚集大量的魔力！,57,33,0,0,False
10081,索恩自走人偶正在将以太注入咒具……！,57,33,0,0,False
10082,咒具释放了所有以太，好像没有反应了……,57,33,0,0,False
10083,排水管中好像要喷出什么东西……,57,33,0,0,False
10084,水面开始起泡了……,57,33,0,0,False
10085,换气机关启动了……,57,33,0,0,False
10086,滚石机关启动了……,57,33,0,0,False
10087,斯卡米留尼的眷属现身了！,57,33,0,0,False
10088,墙壁腐烂崩塌了……,57,33,0,0,False
10089,阿格狄斯提斯破坏了地面！,57,33,0,0,False
10090,斯卡米留尼的能力让妖异们复活了！,57,33,0,0,False
10091,零将妖异的灵魂变成了结晶，封印了它们！,57,33,0,0,False
10092,瓦尔桑展开了魔法障壁！,57,33,0,0,False
10093,赫革摩涅创造出了魔法之楔。,57,33,0,0,False
10094,遭到了软体生物的寄生……,57,33,0,0,False
10095,遭到了甲壳生物的寄生……,57,33,0,0,False
10096,羽衣精的绒球附着了风属性的泡泡……,57,33,0,0,False
10097,羽衣精的绒球附着了冰属性的泡泡……,57,33,0,0,False
10098,羽衣精的绒球附着了雷属性的泡泡……,57,33,0,0,False
10099,没有足够的暗物质用于修理。,60,9,0,0,False
10100,未开放可以修理装备中道具的职业或对应职业的等级不足。,60,9,0,0,False
10101,未装备可供修理的道具。,60,9,0,0,False
10102,已经委托进行修理，无法进行该操作。,60,9,0,0,False
10103,正在修理其他玩家的装备，无法进行该操作。,60,9,0,0,False
10104,已经委托其他玩家进行修理，无法进行该操作。,60,9,0,0,False
10105,没有足够的金币委托修理。,60,9,0,0,False
10106,作为完成修理委托的报酬，获得了0金币。,57,1,0,0,False
10107,中断修理委托，与目标的距离过远。,60,8,0,0,False
10108,修理完成。,57,1,0,0,False
10109,修理完了UNKNOWN个道具。,57,1,0,0,False
10110,发生意外错误，已取消修理委托。,60,9,0,0,False
10111,修理委托被取消了。,57,1,0,0,False
10112,香气净化了勇士的灵魂……,57,33,0,0,False
10113,绒毛散落到了地板上……,57,33,0,0,False
10114,原型宝石兽将力量聚集到了手臂上！,57,33,0,0,False
10115,光芒开始汇聚在原型宝石兽的头部！,57,33,0,0,False
10116,饥饿的原型宝石兽开始寻找狩猎目标！,57,33,0,0,False
10117,红宝石之楔形成了光之障壁。,57,33,0,0,False
10118,放出的光芒在空间内扩散。,57,33,0,0,False
10119,格亚斯库图斯吐出了可燃性气体……,57,33,0,0,False
10120,无法结束托管，有未领取的采集物。,60,8,0,0,False
10121,没有可选的饲料。,60,8,0,0,False
10122,畜牧素材的数量已达上限，无法获取道具。,60,8,0,0,False
10123,没有可选的种子。,60,8,0,0,False
10124,的数量已达上限，无法获取道具。,60,8,0,0,False
10125,无法建造更多该类型的建筑。,60,8,0,0,False
10126,无法保存，生产计划的预设栏位已满。,60,8,0,0,False
10127,建筑已强化到最高等级，没有可供确认的情报。,60,8,0,0,False
10128,选中的土地正在建造中，无法搬迁。,60,8,0,0,False
10129,未持有超过指定数量的可出售道具。,60,8,0,0,False
10130,卖出了×UNKNOWN。,57,1,0,0,False
10131,保留了持有数量不超过UNKNOWN的道具，超出部分已卖出。,57,1,0,0,False
10132,已达上限，无法领取更多。,60,8,0,0,False
10133,无人岛上放养出的宠物数量已达上限，无法放养更多的宠物。,60,8,0,0,False
10134,开拓素材或物资不足，该产品的制造计划已取消。,60,9,0,0,False
10135,谢尔达莱青船币不足，已取消托管。,60,9,0,0,False
10136,"开拓据点一项中追加了变更景观的说明。
建筑一项中追加了改建、房屋外观变更的说明。
请点击开拓管理面板的查看信息按钮确认详情。",57,33,0,0,False
10137,"追加了关于屯货仓库的说明。
请点击开拓管理面板的查看信息按钮确认详情。",57,33,0,0,False
10138,已收回所有的宠物。,57,33,0,0,False
10139,"可以在无人岛内骑乘飞行坐骑了！
自由地在小岛的上空飞翔吧。",57,33,0,0,False
10140,未持有选中的道具。,60,8,0,0,False
10141,,0,0,0,0,False
10142,名字中含有无法使用的词。,60,8,0,0,False
10143,当前服务器繁忙，未能进入无人岛。,60,9,0,0,False
10144,无法制定生产计划，该生产日为休息日。,60,8,0,0,False
10145,无法制定生产计划，该生产日已结束。,60,8,0,0,False
10146,当前开拓工房的剩余时间不足，无法生产。,60,8,0,0,False
10147,UNKNOWN的目的UNKNOWN达成了！,57,1,0,0,False
10148,动物的昵称未遵循命名规范，请使用别的名称。,60,8,0,0,False
10149,将放归了大自然。,57,33,0,0,False
10150,机关启动了，从地下吹出了风……,57,33,0,0,False
10151,机关启动了，岩石滚了下来……,57,33,0,0,False
10152,希拉狄哈剑斗士启动了咒像……！,57,33,0,0,False
10153,技能复唱中，无法替换。,60,8,0,0,False
10154,当前状态下无法进行该操作。,60,8,0,0,False
10155,相同的多变技能无法设置到复数任务指令中。,60,8,0,0,False
10156,进行该任务时，无法切换成90级以下的战斗职业。,60,8,0,0,False
10157,"四周出现了瘴气……
如果瘴气充满四周，魔物会大幅增加自身力量……",57,33,0,0,False
10158,魔物受到高浓度瘴气的影响，大幅增加了自身的力量……！,57,33,0,0,False
10159,●カーバンクルの満腹ゲージが80を下回った。,57,33,0,0,False
10160,●カーバンクルの満腹ゲージが40を下回った。,57,33,0,0,False
10161,●カーバンクルの満腹ゲージが10を下回った。,57,33,0,0,False
10162,吃掉了活饵，原型宝石兽填饱了肚子。,57,33,0,0,False
10163,创造出了新的地面！,57,33,0,0,False
10164,生成了新的地面！,57,33,0,0,False
10165,地面的形状发生了变化！,57,33,0,0,False
10166,从果实中诞生出了扭曲的生命。,57,33,0,0,False
10167,"四周的瘴气变浓了……
魔物正在慢慢增加自身的力量……",57,33,0,0,False
10168,恢复了多变技能的使用次数！,57,33,0,0,False
10169,阿尔基克的权能扭曲了重力！,57,33,0,0,False
10170,维刹普巨龙正准备吐出强烈的火焰！,57,33,0,0,False
10171,维刹普巨龙正准备使出强力的攻击！,57,33,0,0,False
10172,维刹普巨龙正准备用尽全力吐出火焰！,57,33,0,0,False
10173,原型宝石兽因太过饥饿，开始泼洒出酸性的口水。,57,33,0,0,False
10174,妮美雅的权能编织了命运！,57,33,0,0,False
10175,アルジクの権能により、時間が加速する……！,57,33,0,0,False
10176,维刹普巨龙的火焰对魔法障壁的外层造成了损坏！,57,33,0,0,False
10177,维刹普巨龙的火焰对魔法障壁的外层造成了巨大损坏！,57,33,0,0,False
10178,维刹普巨龙的火焰烧穿了魔法障壁的外层！,57,33,0,0,False
10179,ヴィシャップの火炎により、魔法障壁中層が損傷した！,57,33,0,0,False
10180,ヴィシャップの火炎により、魔法障壁中層が大きく損傷した！,57,33,0,0,False
10181,维刹普巨龙的火焰烧穿了魔法障壁的中层！,57,33,0,0,False
10182,ヴィシャップの火炎により、魔法障壁内層が損傷した！,57,33,0,0,False
10183,维刹普巨龙的火焰对魔法障壁的内层造成了巨大损坏！,57,33,0,0,False
10184,随着猛毒一起有什么要从喷气口处溢出来了……,57,33,0,0,False
10185,当前状态下无法进行该操作。,60,9,0,0,False
10186,希拉狄哈水道探索记中记录了“”！,57,33,0,0,False
10187,赫淮斯托斯的腕部充满了火焰的魔力。,57,33,0,0,False
10188,赫淮斯托斯的腿部充满了火焰的魔力。,57,33,0,0,False
10189,活饵从喷气口中出现了。,57,33,0,0,False
10190,不同生物的概念正在侵蚀身体！,57,33,0,0,False
10191,概念被组合重造，诞生出了新的生物遗传因子！,57,33,0,0,False
10192,灵魂从身体中被剥离了出来！,57,33,0,0,False
10193,身体上被刻下了赫淮斯托斯的魔法术式……,57,33,0,0,False
10194,身体开始不受支配地咏唱起被刻下的魔法术式……,57,33,0,0,False
10195,在不死鸟概念的影响下，从死亡中生还了！,57,33,0,0,False
10196,短时间内操作太过频繁，请稍等后再次尝试。,60,8,0,0,False
10197,该指令尚未开放，无法使用。,60,8,0,0,False
10198,随着不断开拓，今后将可以在岛内骑乘坐骑。,60,8,0,0,False
10199,牧场的饲养数量已达上限，请选择要放归的动物。,60,9,0,0,False
10200,无法制定生产计划，开拓等级不足。,60,9,0,0,False
10201,在您更改设定的这段期间已进入新的一期，结束了与监工小员的对话。,57,33,0,0,False
10202,发送任务参加申请时，无法通过无人岛的船只切换区域。,60,8,0,0,False
10203,开拓作物的持有数量已达上限，无法继续获得作物。,60,9,0,0,False
10204,"可以在耕种中获得新的作物了。
请收下最近一次耕种中收集的作物。",60,9,0,0,False
10205,可以从无人岛的树木采集更多开拓素材了！,57,17,0,0,False
10206,可以从耕种小员的小店购买新种子了！,57,33,0,0,False
10207,畜牧素材的持有数量已达上限，无法继续获得素材。,60,9,0,0,False
10208,"可以在放牧中获得新的畜牧素材了。
请收下最近一次放牧中收集的畜牧素材。",60,9,0,0,False
10209,进入无人岛失败。,60,9,0,0,False
10210,Firstname Lastname来岛上游玩了。,57,33,0,0,False
10211,可以从无人岛的部分岩石采集更多的新开拓素材了！,57,17,0,0,False
10212,将做好的工具交给探险小员吧！,57,17,0,0,False
10213,将加入了无人岛庭具列表。,57,33,0,0,False
10214,无人岛庭具列表中已有。,60,9,0,0,False
10215,无法添加新的庭具，无人岛庭具列表已满。,60,9,0,0,False
10216,距离过远，无法选中无人岛庭具。,60,9,0,0,False
10217,无法进行该操作，不足。,60,9,0,0,False
10218,"可以使用“无人岛庭具”进行投影了，
具体操作请使用“查看说明”阅读“关于无人岛庭具投影”一栏的介绍。",57,33,0,0,False
10219,无法对无人岛庭具执行当前操作。,60,9,0,0,False
10220,撤除了位置不当的无人岛庭具。,60,9,0,0,False
10221,可以投影的无人岛庭具数量增加了！,57,17,0,0,False
10222,距离过远，无法撤除所选中的无人岛庭具。,60,9,0,0,False
10223,屯货仓库增加了新的探索地点“洞窟”。,57,17,0,0,False
10224,所选道具无法在无人岛投影。,60,9,0,0,False
10225,可以放养的宠物数量增加了！,57,17,0,0,False
10226,可以建造新的开拓工房了！,57,17,0,0,False
10227,,0,0,0,0,False
10228,复制了此工房的生产计划。,57,16,0,0,False
10229,将复制的生产计划粘贴到了所选工房。,57,16,0,0,False
10230,可以改建小岛木屋和屯货仓库了！,57,33,0,0,False
10231,可以从无人岛的部分矿物采集更多的新开拓素材了！,57,17,0,0,False
10232,可以从无人岛的水晶采集新开拓素材了！,57,17,0,0,False
10233,可以必定捕获栖息在无人岛内的小型动物了！,57,17,0,0,False
10234,可以必定捕获栖息在无人岛内的中型动物了！,57,17,0,0,False
10235,可以必定捕获栖息在无人岛内的大型动物了！,57,17,0,0,False
10236,复制的生产计划与所选工房的生产时间段不符，无法粘贴。,60,9,0,0,False
10237,更改了的朝向。,57,33,0,0,False
10238,已进入新的一期，无法继续领取奖励。,60,9,0,0,False
10239,的正在等待确认。请通过管理板进行确认。,57,1,0,0,False
10240,无法显示尚未通过开拓采集获得的道具。,60,8,0,0,False
10241,可以通过屯货仓库向特定的探索目的地发起委托时获得的道具。,57,32,0,0,False
10242,畜牧物资为可以通过饲养特定的动物获得的道具。,57,32,0,0,False
10243,耕种物资为可以通过培育特定的作物获得的道具。,57,32,0,0,False
10244,支付了UNKNOWN枚谢尔达莱青船币，将探索日数延长到了最大值。,57,33,0,0,False
10245,,0,0,0,0,False
10246,,0,0,0,0,False
10247,露琪亚等人的体力正在不断减少！,57,33,0,0,False
10248,露琪亚等人的体力正在进一步减少！,57,33,0,0,False
10249,露琪亚等人的体力已经快要到极限了！,57,33,0,0,False
10250,凯纳槽的周围汇聚了带有魔力的水！,57,33,0,0,False
10251,地底湖被水填满了！,57,33,0,0,False
10252,从次元裂缝中溢出了虚无瘴气！,57,33,0,0,False
10253,捷径传送功能可以使用了！,57,33,0,0,False
10254,捷径传送功能未启动，无法使用。,57,33,0,0,False
10255,移动到了冰天……,57,33,0,0,False
10256,移动到了冰天宫……,57,33,0,0,False
10257,移动到了双月之间……,57,33,0,0,False
10258,在强大魔力的影响下，体内以太失衡，属性耐性下降！,57,33,0,0,False
10259,新的妖异出现了……,57,33,0,0,False
10260,安杜马利乌士通过水晶获得了魔力……,57,33,0,0,False
10261,安杜马利乌士通过水晶进一步获得了魔力！,57,33,0,0,False
10262,攻撃を受けたことで、ゼロの集中力が削がれている……,57,33,0,0,False
10263,战神之盾开始汇聚起寒气……,57,33,0,0,False
10264,战神之盾汇聚着寒气……,57,33,0,0,False
10265,战神之盾进一步汇聚着寒气！,57,33,0,0,False
10266,战神之盾充满了寒气！,57,33,0,0,False
10267,瑞吉锁定了攻击目标！,57,33,0,0,False
10268,移动到了冥魂泉……,57,33,0,0,False
10269,能够感受到强大魔物的气息……,57,33,0,0,False
10270,这一层的魔物暂时陷入了缓速状态！,57,33,0,0,False
10271,这一层魔物的体力暂时大幅减少！,57,33,0,0,False
10272,Firstname Lastname变化成了恐慌装甲的样子！,57,33,0,0,False
10273,达拉伽布挥抬起了利爪！,57,33,0,0,False
10274,因为梅茵菲娜的神力，地面发生了变化！,57,33,0,0,False
10275,达拉伽布移动到了攻击位置……,57,33,0,0,False
10276,メネフィナの神力により、月が形成された……！,57,33,0,0,False
10277,慈愛の月が満ち始める……,57,33,0,0,False
10278,触发了猫头小鹰陷阱……,57,33,0,0,False
10279,打倒了强大的魔物，暂时拥有了其力量！,57,33,0,0,False
10280,至尊无影从魔法阵中抽出了魔力！,57,33,0,0,False
10281,至尊无影体内注入了魔力！,57,33,0,0,False
10282,至尊无影体内进一步注入了魔力！,57,33,0,0,False
10283,至尊无影充满了魔力！,57,33,0,0,False
10284,在这一层并无效果……,57,33,0,0,False
10285,获得了！,57,33,0,0,False
10286,等人获得了！,57,33,0,0,False
10287,"无法获得更多的了。
被重新放回了宝箱中……",57,33,0,0,False
10288,Firstname Lastname使用了！,57,33,0,0,False
10289,有什么东西正在靠近……,57,33,0,0,False
10290,提亚马特复制体释放的黑暗化为了实体！,57,33,0,0,False
10291,梅茵菲娜的猎犬达拉伽布出现了！,57,33,0,0,False
10292,卢比坎特的内心映射出了炼狱！,57,33,0,0,False
10293,卢比坎特试图释放出炼狱之炎！,57,33,0,0,False
10294,声音进一步靠近！,57,33,0,0,False
10295,已经召唤出亚灵复制体，无法使用。,60,9,0,0,False
10296,植物的以太流向了诺菲卡！,57,33,0,0,False
10297,快使用“极限技能”！,57,33,0,0,False
10298,披风的封印解除，卢比坎特的真正力量得以释放！,57,33,0,0,False
10299,科库托斯吞噬了灵魂获得了死者的能力……,57,33,0,0,False
10300,科库托斯的魔法中寄宿了言灵之力……,57,33,0,0,False
10301,科库托斯释放了被吞噬的灵魂……,57,33,0,0,False
10302,因这一层结下了强力的结界，无法使用亚灵复制体生成器……,57,33,0,0,False
10303,樱花中刻下了火花之印……,57,33,0,0,False
10304,樱花中刻下了风花之印……,57,33,0,0,False
10305,樱花中刻下了水花之印……,57,33,0,0,False
10306,樱花中刻下了雷花之印……,57,33,0,0,False
10307,榻榻米上设下了陷阱……,57,33,0,0,False
10308,楔石的力量减弱，发生了地震……,57,33,0,0,False
10309,地震の影響で土が流れ出した……,57,33,0,0,False
10310,听到了可怕的声音后，害怕的生物们纷纷四散落荒而逃……,57,33,0,0,False
10311,听到了可怕的声音后，奇怪的影子开始聚集……,57,33,0,0,False
10312,听到了可怕的声音后，死灵开始聚集……,57,33,0,0,False
10313,黑暗当中出现了恶鬼的巨腕……,57,33,0,0,False
10314,,0,0,0,0,False
10315,冰块开始共振……,57,33,0,0,False
10316,充满了冰属性的力量……,57,33,0,0,False
10317,充满了火属性的力量……,57,33,0,0,False
10318,充满了雷属性的力量……,57,33,0,0,False
10319,粘丝形成了可以站立的地面……,57,33,0,0,False
10320,粘丝攀上了身体！,57,33,0,0,False
10321,魔力集中到了万魔殿之眼上！,57,33,0,0,False
10322,粘丝形成了屏障……,57,33,0,0,False
10323,光芒集中到了特弥斯的权杖之上……,57,33,0,0,False
10324,黑暗集中到了特弥斯的权杖之上……,57,33,0,0,False
10325,粘丝开始侵蚀灵魂……,57,33,0,0,False
10326,特弥斯创造了幻影……,57,33,0,0,False
10327,意识开始与忆晶石中的记忆同化……,57,33,0,0,False
10328,黑暗之杖消失了……,57,33,0,0,False
10329,振動で砂が動き始めた……,57,33,0,0,False
10330,流沙出现了！,57,33,0,0,False
10331,木像中开始汇聚净化之光……,57,33,0,0,False
10332,木像的眼睛开始发出妖异的光芒……,57,33,0,0,False
10333,黑暗之杖变得透明了……,57,33,0,0,False
10334,该道具已有其他玩家使用过。,57,33,0,0,False
10335,保护被囚禁起来的克莱夫！,57,33,0,0,False
10336,抵挡住炎影伊弗利特的攻击！,57,33,0,0,False
10337,把握好时机使用闪躲躲避攻击！,57,33,0,0,False
10338,使用精准强击进行反击！,57,33,0,0,False
10339,魔物加强了戒备……,57,33,0,0,False
10340,魔物进一步加强了戒备……,57,33,0,0,False
10341,机关开始运作，周围的魔物动了起来……,57,33,0,0,False
10342,呼应着库阿库阿的咆哮声，魔物出现了……,57,33,0,0,False
10343,捕食了野兽后，亚波伦的翅膀得到了强化！,57,4097,0,50,False
10344,捕食了沙地巨虫后，亚波伦的镰刀得到了强化！,57,4097,0,50,False
10345,附近的海牛聚集了过来！,57,33,0,0,False
10346,,0,0,0,0,False
10347,领地受到侵犯的野兽们聚集了过来！,57,33,0,0,False
10348,感受到地面的骚动，沙地巨虫钻了出来！,57,33,0,0,False
10349,炮塔开始积聚能量！,57,4097,0,50,False
10350,没有可以合并递交的道具。,60,8,0,0,False
10351,,0,0,0,0,False
10352,,0,0,0,0,False
10353,,0,0,0,0,False
10354,,0,0,0,0,False
10355,,0,0,0,0,False
10356,,0,0,0,0,False
10357,,0,0,0,0,False
10358,,0,0,0,0,False
10359,,0,0,0,0,False
10360,,0,0,0,0,False
10361,,0,0,0,0,False
10362,,0,0,0,0,False
10363,,0,0,0,0,False
10364,,0,0,0,0,False
10365,,0,0,0,0,False
10366,,0,0,0,0,False
10367,,0,0,0,0,False
10368,,0,0,0,0,False
10369,,0,0,0,0,False
10370,,0,0,0,0,False
10371,,0,0,0,0,False
10372,,0,0,0,0,False
10373,,0,0,0,0,False
10374,,0,0,0,0,False
10375,,0,0,0,0,False
10376,,0,0,0,0,False
10377,,0,0,0,0,False
10378,,0,0,0,0,False
10379,,0,0,0,0,False
10380,,0,0,0,0,False
10381,,0,0,0,0,False
10382,,0,0,0,0,False
10383,,0,0,0,0,False
10384,,0,0,0,0,False
10385,,0,0,0,0,False
10386,,0,0,0,0,False
10387,,0,0,0,0,False
10388,,0,0,0,0,False
10389,,0,0,0,0,False
10390,,0,0,0,0,False
10391,,0,0,0,0,False
10392,,0,0,0,0,False
10393,,0,0,0,0,False
10394,,0,0,0,0,False
10395,,0,0,0,0,False
10396,,0,0,0,0,False
10397,,0,0,0,0,False
10398,,0,0,0,0,False
10399,,0,0,0,0,False
10400,和马丁走散了。请再次与其同行。,57,33,0,0,False
10401,和布尔塞爸爸走散了。请再次与其同行。,57,33,0,0,False
10402,和克莱夫走散了。请再次与其同行。,57,33,0,0,False
10403,和麦及娜走散了。请再次与其同行。,57,33,0,0,False
10404,和哈斯达德走散了。请再次与其同行。,57,33,0,0,False
10405,"克莱夫和异国的诗人，托加尔开始。
可通过目的列表的查看玩法。",57,1025,0,0,False
10406,和异国的诗人走散了。请再次与其同行。,57,33,0,0,False
10407,和克苏夸走散了。请再次与其同行。,57,33,0,0,False
10408,"迪里克和奥猴宝宝开始。
可通过目的列表的查看玩法。",57,1025,0,0,False
10409,Player Player在拉尔·索吉心中的形象变为了手艺不错的金属工匠！,57,33,0,0,False
10410,Player Player在帕梅卡心中的形象变为了工作细致的装帧工匠！,57,33,0,0,False
10411,Player Player在谢荣加心中的形象变为了异国的优秀调合工匠！,57,33,0,0,False
10412,Player Player在休涅心中的形象变为了春日青草一般的采集者！,57,33,0,0,False
10413,Player Player在多努哈努心中的形象变为了身手不凡的怪鱼猎人！,57,33,0,0,False
10414,完成了所有委托，Player Player在拉尔·索吉心中的形象变为了比任何人都值得尊敬的金属工匠！,57,33,0,0,False
10415,完成了所有委托，Player Player在帕梅卡心中的形象变为了传承后世的装帧工匠！,57,33,0,0,False
10416,完成了所有委托，Player Player在谢荣加心中的形象变为了一起举杯欢庆的伙伴！,57,33,0,0,False
10417,完成了所有委托，Player Player在休涅心中的形象变为了捧起大地之泪的采集者！,57,33,0,0,False
10418,完成了所有委托，Player Player在多努哈努心中的形象变为了伟大的怪鱼猎人！,57,33,0,0,False
10419,和乌克·拉玛特走散了。请再次与其同行。,57,33,0,0,False
10420,无法打开地图，当前职业等级未达到UNKNOWN级或以上。,57,33,0,0,False
10421,无法打开地图，当前职业不是。,57,33,0,0,False
10422,和特恩托瓦走散了。请再次与其同行。,57,33,0,0,False
10423,和伊陶喀走散了。请再次与其同行。,57,33,0,0,False
10424,和帕梅卡走散了。请再次与其同行。,57,33,0,0,False
10425,和维胡特走散了。请再次与其同行。,57,33,0,0,False
10426,和菲尔考克斯走散了。请再次与其同行。,57,33,0,0,False
10427,"柯纳开始。
可通过目的列表的查看玩法。",57,1025,0,0,False
10428,"埃伦维尔，以太指向器开始。
可通过目的列表的查看玩法。",57,1025,0,0,False
10429,和埃伦维尔走散了。请再次与其同行。,57,33,0,0,False
10430,和聪明伶俐的少年走散了。请再次与其同行。,57,33,0,0,False
10431,和斯菲因走散了。请再次与其同行。,57,33,0,0,False
10432,"乌克·拉玛特，蓝色鳞片的霍比格族孩子开始。
可通过目的列表的查看玩法。",57,1025,0,0,False
10433,和夏劳奇走散了。请再次与其同行。,57,33,0,0,False
10434,●出会いと別れが、あなたの想像力を輝かせる。新たなアクションを修得した……！,57,32,0,0,False
10435,和乌夫洛走散了。请再次与其同行。,57,33,0,0,False
10436,和玉米大人走散了。请再次与其同行。,57,33,0,0,False
10437,和辉鳞族小孩走散了。请再次与其同行。,57,33,0,0,False
10438,和神秘生物走散了。请再次与其同行。,57,33,0,0,False
10439,和迷路的珲族小孩走散了。请再次与其同行。,57,33,0,0,False
10440,和热爱工作的男性走散了。请再次与其同行。,57,33,0,0,False
10441,无法进行任务“”，正在等待参加任务确认。,60,9,0,0,False
10442,无法完成任务“”，正在等待参加任务确认。,60,9,0,0,False
10443,"神秘的元灵开始。
可通过目的列表的查看玩法。",57,1025,0,0,False
10444,把猫跟丢了……,57,33,0,0,False
10445,猫看起来还很有精神……,57,33,0,0,False
10446,猫看起来好像没玩够……,57,33,0,0,False
10447,猫看起来已经玩累了……,57,33,0,0,False
10448,无法捕获，尚未接触到目标。,60,9,0,0,False
10449,无法执行，尚未削弱目标。,60,9,0,0,False
10450,目标已削弱。使用。,57,17,0,0,False
10451,"午马独角幼兽开始。
可通过目的列表的查看玩法。",57,1025,0,0,False
10452,友好度上升后，可以接取新的友好部族任务了。,57,33,0,0,False
10453,和命名威走散了。请再次与其同行。,57,33,0,0,False
10454,当前职业未满足推进条件，无法移动。,60,1,0,0,False
10455,和普利修走散了。请再次与其同行。,57,33,0,0,False
10456,和阿尔夏尔走散了。请再次与其同行。,57,33,0,0,False
10457,和吉莉·阿里亚珀走散了。请再次与其同行。,57,33,0,0,False
10458,和午马独角幼兽走散了。请再次与其同行。,57,33,0,0,False
10459,和帮工陆行鸟走散了。请再次与其同行。,57,33,0,0,False
10460,正在走出变身范围。继续拉开距离的话变身状态便会解除。,57,17,0,0,False
10461,走出了变身范围，变身状态解除。,57,17,0,0,False
10462,和哈尔迪博尔德走散了，请再次与其同行。,57,33,0,0,False
10463,和如乌加走散了，请再次与其同行。,57,33,0,0,False
10464,和斯菲因走散了，请再次和她同行。,57,33,0,0,False
10465,和古鲁加走散了，请再次和他同行。,57,33,0,0,False
10466,和昂吉儿走散了，请再次与其同行。,57,33,0,0,False
10467,需返回原始服务器才能继续推进本任务。,60,9,0,0,False
10468,和雅·阿德布走散了。请再次与其同行。,57,33,0,0,False
10469,"开始。
有效时间为UNKNOWN秒。
可通过目的列表的查看玩法。",57,1025,0,0,False
10470,"开始和。
有效时间为UNKNOWN秒。
可通过目的列表的查看玩法。",57,1025,0,0,False
10471,"劳班开始。
可通过目的列表的查看玩法。",57,1025,0,0,False
10472,"该区域无法开始“昔日重现模式”。
请切换区域后再次尝试。",60,9,0,0,False
10473,"该区域无法中断“昔日重现模式”。
请切换区域后再次尝试。",60,9,0,0,False
10474,"该区域无法重新开启“昔日重现模式”。
请切换区域后再次尝试。",60,9,0,0,False
10475,和吉奥德走散了。请再次与其同行。,57,33,0,0,False
10476,和旅行艾露猫走散了。请再次与其同行。,57,33,0,0,False
10477,,0,0,0,0,False
10478,和亚纳走散了。请再次与其同行。,57,33,0,0,False
10479,和炮弹走散了。请再次与其同行。,57,33,0,0,False
10480,无法在未完成任务“”的情况下查看此过场动画。,60,9,0,0,False
10481,和杜拉尔·札拉尔走散了。请再次与其同行。,57,33,0,0,False
10482,,0,0,0,0,False
10483,无法操作，未满足条件。,60,9,0,0,False
10484,无法进行当前操作，目标是其他玩家招出的怪物。,60,9,0,0,False
10485,,0,0,0,0,False
10486,,0,0,0,0,False
10487,,0,0,0,0,False
10488,,0,0,0,0,False
10489,,0,0,0,0,False
10490,,0,0,0,0,False
10491,,0,0,0,0,False
10492,,0,0,0,0,False
10493,,0,0,0,0,False
10494,,0,0,0,0,False
10495,,0,0,0,0,False
10496,,0,0,0,0,False
10497,,0,0,0,0,False
10498,,0,0,0,0,False
10499,,0,0,0,0,False
10500,情绪激动的动物们袭击了过来！,57,33,0,0,False
10501,附近没有看到野兽的痕迹……和同伴一起调查吧。,57,33,0,0,False
10502,宝玉开始汇聚魔力……,57,33,0,0,False
10503,开始注入宝玉的力量……,57,33,0,0,False
10504,走投无路的巨大蜂鸟开始暴动了起来！,57,33,0,0,False
10505,泽罗姆斯开始使用阿珠达雅的力量……,57,33,0,0,False
10506,泽罗姆斯展开了领域……,57,33,0,0,False
10507,次元的壁垒开始崩坏……,57,33,0,0,False
10508,使用对的染色UNKNOWN进行了染色。,57,33,0,0,False
10509,西托加的声援在卡库加的心里回荡……！,57,33,0,40,False
10510,西托加的声援在Player Player的心里回荡……！,57,33,0,40,False
10511,将的染色UNKNOWN染回了原来的颜色。,57,33,0,0,False
10512,距离节目开始还有一段时间，请稍等片刻。,57,33,0,0,False
10513,节目马上就要开始了。,57,33,0,0,False
10514,距离结束还有UNKNOWN秒……,57,33,0,0,False
10515,提丰的旋转速度加快了！,57,33,0,0,False
10516,提丰的旋转速度进一步加快了！,57,33,0,0,False
10517,"金碟巨豆中心已开放，
节目中将显示专用界面。",57,65,0,0,False
10518,"已在先前的回合出局，接下来将进入观战模式。
按下退出按钮可退出任务。",57,65,0,0,False
10519,此处无法打开地图。,60,8,0,0,False
10520,参加人员未满足规定人数，将对报酬获得量进行调整。,57,513,0,0,False
10521,她生前的时代 ～雷光大战初期～,57,4,0,0,False
10522,,0,0,0,0,False
10523,,0,0,0,0,False
10524,结晶石飞散了出去！,57,4097,0,40,False
10525,结晶石中汇聚了魔力……,57,33,0,0,False
10526,结晶石开始覆盖全身……,57,4097,0,40,False
10527,她将逝的时代 ～雷光大战末期～,57,4,0,0,False
10528,我浅睡的时代 ～大战后复兴期～,57,4,0,0,False
10529,●パーツに攻撃を加えたことで、ボスにUNKNOWNダメージを与えた！,57,33,0,0,False
10530,艳翼蛇鸟正在积蓄力量……,57,4097,0,30,False
10531,艳翼蛇鸟的周围聚起了风……,57,4097,0,30,False
10532,艳翼蛇鸟的口中汇聚了魔力……,57,4097,0,30,False
10533,东南方传来雪崩逼近的巨响……,57,4097,0,50,False
10534,暗之王的憎恶从魔法阵中喷涌而出……,57,4097,0,50,False
10535,火山即将喷发……,57,4097,0,30,False
10536,瞌睡怪的舞蹈使植物充满活力！,57,4097,0,50,False
10537,,0,0,0,0,False
10538,麻痺毒の影響で、ローシュカナが動けなくなった……,57,4097,0,50,False
10539,强大的魔力在周围编织出了幻影……,57,33,0,0,False
10540,Binding circleが出現した……,57,33,0,0,False
10541,Binding circleに囚われた……,57,33,0,0,False
10542,念动反应即将摧毁周围的牢笼……！,57,4097,0,50,False
10543,锤颅巨兵正在将力量汇聚到拳头上……！,57,4097,0,50,False
10544,进入了自身也会释放敌人攻击的添乱状态……,57,4097,0,50,False
10545,蟒蛇将詹德在柔和的光芒中死而复生！,57,33,0,0,False
10546,力強い光に包まれ、蟒蛇のザンダーが異形に変じた……！,57,33,0,0,False
10547,避开翼刃！,57,4097,0,50,False
10548,天灾征兆汇聚了力量！,57,33,0,0,False
10549,学会了。,64,33,0,0,False
10550,已经学会此面部配饰了。,60,8,0,0,False
10551,用时尚配饰“”交换了面部配饰“”。,57,33,0,0,False
10552,羽环鳐生成了水泡……,57,4097,0,50,False
10553,两翼正在汇聚魔力……,57,4097,0,50,False
10554,受到了诅咒，开始慢慢走向死亡……,57,4097,0,40,False
10555,维剌赞的体力恢复了……,57,33,0,40,False
10556,祭器的力量不断增加……,57,33,0,40,False
10557,艳翼蛇鸟陷入了狂怒！,57,33,0,0,False
10558,雷转质开始汇聚能量……！,57,4097,0,40,False
10559,局部的以太吸收开始加速……！,57,4097,0,40,False
10560,重力发生扭曲，身体开始失去浮力……,57,4097,0,40,False
10561,重力发生扭曲，身体飘了起来……,57,4097,0,40,False
10562,身体被贴上了动态感应炸弹……！,57,4097,0,50,False
10563,图拉尔的水蛇？梦幻般地消失了……,57,33,0,0,False
10564,火焰侵蚀着身体……,57,33,0,0,False
10565,躲到特恩托瓦身后去！,57,2049,0,60,False
10566,能量开始在利刃上聚集……！,57,4097,0,40,False
10567,,0,0,0,0,False
10568,辽刻特特雪精的魔法把小弟们都给冻住了！,57,4097,0,40,False
10569,装备了“”。,57,1,0,0,False
10570,脱下了“”。,57,1,0,0,False
10571,佐拉加的剑准备高速回旋！,57,4097,0,50,False
10572,扭曲的世界相互同步了……,57,4097,0,40,False
10573,利刃跨越世界飞翔……,57,4097,0,50,False
10574,佐拉加将力量注入了多把剑中……,57,4097,0,50,False
10575,佐拉加的执念将世界带向了扭曲的晨曦……！,57,33,0,0,False
10576,雷电从天而降……,57,4097,0,35,False
10577,艳翼蛇鸟展开了雷之魔法阵……,57,4097,0,50,False
10578,通过“康复”为自己和洛苏卡纳进行治疗！,57,4097,0,50,False
10579,梦像准备杀死灵体……,57,4097,0,60,False
10580,野生野兽们响应呼唤开始聚集了过来……！,57,33,0,50,False
10581,艳翼蛇鸟展开了冰之魔法阵……,57,4097,0,50,False
10582,程序开始清除异物……,57,4097,0,50,False
10583,擂台已修复……,57,33,0,0,False
10584,破坏咒链，救出库伊奇！,57,4097,0,50,False
10585,地板的一部分开始发出淡淡的光……,57,2049,0,50,False
10586,蜂蜂小甜心魅惑了整个会场！,57,33,0,50,False
10587,对蜂蜂小甜心的好感使内心的悸动变得强烈……,57,4097,0,40,False
10588,对蜂蜂小甜心的爱意使内心的悸动变得更加强烈……,57,4097,0,40,False
10589,对蜂蜂小甜心的痴迷使你忘记了自我……,57,33,0,40,False
10590,,0,0,0,0,False
10591,在尊杜族的帮助下，周围充满了以太……！,57,33,0,0,False
10592,在信息素的作用下，甜甜小蜜蜂出现了……,57,4097,0,40,False
10593,蜂蜂小甜心在武器中注入了毒素……,57,4097,0,40,False
10594,为了方便进行教程，特别重置了“”的复唱时间。,57,33,0,40,False
10595,在违规药物的作用下，野蛮爆弹的力量增强了……,57,33,0,30,False
10596,梦像试图切割肉体……,57,4097,0,60,False
10597,无法装备，未习得面部配饰。,60,8,0,0,False
10598,"无需使用道具，已习得相同形状的时尚配饰。
和利姆萨·罗敏萨、格里达尼亚、乌尔达哈的失物管理人对话，
可以免费习得面部配饰。",60,9,0,0,False
10599,"无需交换，已习得相同形状的时尚配饰。
和利姆萨·罗敏萨、格里达尼亚、乌尔达哈的失物管理人对话，
可以免费习得面部配饰。",60,9,0,0,False
10600,崩落的岩块粉碎了结晶……,57,33,0,0,False
10601,猫生九命释放的以太产生了新的分身！,57,33,0,40,False
10602,导火线点着了……,57,4097,0,0,False
10603,打药后，野蛮爆弹的力量得到了飞跃性的强化！,57,33,0,30,False
10604,场地上出现了可疑的导火线……,57,33,0,0,False
10605,魔炎点燃了导火线……,57,33,0,0,False
10606,魔炎开始顺着导火线前进了！,57,4097,0,30,False
10607,蜂蜂小甜心恢复了体力！,57,33,0,30,False
10608,欧提斯还在抵御攻击……,57,4097,0,30,False
10609,欧提斯不顾一切地抵御攻击……,57,4097,0,30,False
10610,欧提斯的身体发出了悲鸣……！,57,4097,0,30,False
10611,欧提斯快要到极限了……！,57,4097,0,30,False
10612,永久冰晶化为碎片消失了……,57,33,0,0,False
10613,超越极限，跨越危机吧！,57,2049,0,50,False
10614,魔力集中到了暗黑之云身上……,57,4097,0,30,False
10615,暗云带来了恐惧……,57,4097,0,30,False
10616,黑暗外溢，形成了生于黑暗之物……,57,4097,0,30,False
10617,大量魔力集中到了暗黑之云身上……,57,4097,0,30,False
10618,水池里充满了电！,57,4097,0,50,False
10619,火灵出现了……,57,4097,0,50,False
10620,保护犎牛！,57,4097,0,50,False
10621,认真处理，不要让队友受到攻击！,57,4097,0,40,False
10622,认真处理，和队友一起承受猛烈的攻击！,57,4097,0,50,False
10623,让防护职业单独承受攻击！,57,4097,0,60,False
10624,躲避跟踪型连续攻击，不要让自己和队友受到攻击！,57,4097,0,180,False
10625,处理所有攻击！,57,4097,0,80,False
10626,寻找合适的击退位置，不要踩入外侧的雷环！,57,4097,0,50,False
10627,远离命中位置的同时处理击退攻击！,57,4097,0,40,False
10628,远离命中位置的同时处理攻击！,57,4097,0,50,False
10629,踏入预兆内部阻止伤害扩散！,57,4097,0,50,False
10630,处理所有攻击！,57,4097,0,60,False
10631,远离敌人处理攻击！,57,4097,0,50,False
10632,代替爆弹怪承受攻击，防止其爆炸！,57,4097,0,50,False
10633,处理视线攻击！,57,4097,0,40,False
10634,异常状态被解除后处理攻击！,57,4097,0,110,False
10635,用“康复”解除队友的异常状态！,57,4097,0,110,False
10636,处理所有攻击！,57,4097,0,70,False
10637,魔力正向光流残滓汇聚……,57,4097,0,40,False
10638,普利修将力量集中于拳头……,57,4097,0,40,False
10639,赤蜻出现了……,57,4097,0,50,False
10640,场上卷起了强风！,57,4097,0,50,False
10641,反弹发霉刺的双拳！,57,4097,0,50,False
10642,未加入大国防联军，无法使用。,60,9,0,0,False
10643,暗黑之破片云出现了……,57,4097,0,30,False
10644,坦伽塔的火灵的守护消失了！,57,2049,0,50,False
10645,叽喳鸟变得更加吵闹了……,57,4097,0,50,False
10646,进化加鲁拉准备朝叽喳鸟泄愤……,57,4097,0,50,False
10647,时间的法则陷入了混乱……,57,33,0,0,False
10648,躲避针对防护职业的攻击！,57,4097,0,60,False
10649,地下的雷转质被掘到了地面！,57,4097,0,50,False
10650,大脑发生了变化，身体不由自主地被特定属性吸引了过去……,57,4097,0,50,False
10651,启动魔法阵，维持住回廊恶魔的封印！,57,4097,0,50,False
10652,踏入预兆内部阻止伤害扩散！,57,4097,0,114,False
10653,方舟天使TT正在积蓄魔力……,57,4097,0,40,False
10654,方舟天使HM正在积蓄力量……,57,4097,0,40,False
10655,Fafnirが力を溜めている……,57,4097,0,50,False
10656,通过消耗生于黑暗之物，对暗黑之云造成了UNKNOWN点伤害！,57,33,0,30,False
10657,保护洛苏卡纳！,57,4097,0,50,False
10658,法芙尼尔抬起了尾巴……,57,4097,0,50,False
10659,法芙尼尔的口中冒出了火焰……,57,4097,0,50,False
10660,法芙尼尔的腿部正在蓄力……,57,4097,0,50,False
10661,暗之王架起了大剑……,57,4097,0,50,False
10662,暗之王的双手汇聚魔力……,57,4097,0,50,False
10663,已经拿不动更多钱袋了……,57,9,0,0,False
10664,生于黑暗之物创造出了暗之植物……,57,4097,0,30,False
10665,生于黑暗之物正在操纵暗之植物……,57,4097,0,30,False
10666,距离万亿斩击发动还有 15 秒！,57,4097,0,30,False
10667,距离万亿斩击发动还有 10 秒！,57,4097,0,30,False
10668,距离万亿斩击发动还有 5 秒！,57,4097,0,30,False
10669,无上次使用地点，无法传送。,60,8,0,0,False
10670,方舟天使HM开始咏唱秘法……,57,4097,0,40,False
10671,追击阿帕西！,57,5,0,50,False
10672,神秘土偶召唤出了剑……,57,4097,0,50,False
10673,神秘土偶召唤出了魔物……,57,4097,0,50,False
10674,神秘土偶召唤出了爆炸物……,57,4097,0,50,False
10675,回廊恶魔的眷属出现了……,57,4097,0,50,False
10676,在完美节奏的律动下，极限槽增加了！,57,33,0,40,False
10677,炽热诅咒即将发动……,57,4097,0,40,False
10678,冻结诅咒即将发动……,57,4097,0,40,False
10679,强制移动的诅咒即将发动……,57,4097,0,40,False
10680,光芒在祈祷中绽放……,57,33,0,40,False
10681,新月岛南部的稀有魔物消失了……,57,33,0,0,False
10682,被酷暑夺走了体力……,57,4097,0,50,False
10683,似乎上着锁……,57,33,0,0,False
10684,魔锁芯的配置发生了改变……,57,33,0,0,False
10685,以太晶球似乎对属性攻击有反应……,57,4097,0,40,False
10686,太阳之路防卫塔的兵器传送装置停止了！,57,33,0,0,False
10687,个人用小型传送装置启动了！,57,33,0,0,False
10688,个人用小型传送装置停止了！,57,33,0,0,False
10689,截击系统可以被破坏了！,57,33,0,0,False
10690,雷属性能量被激活了……,57,4097,0,40,False
10691,魔力流向了魔法阵……,57,4097,0,40,False
10692,发现了隐藏通道！,57,33,0,0,False
10693,不能再买更多东西了……,57,9,0,0,False
10694,灵变炮塔启动了……,57,4097,0,50,False
10695,福博斯的毒气逐渐侵蚀着身体……,57,4097,0,50,False
10696,罪喰いの幻影が現れた……,57,33,0,40,False
10697,罪喰いの幻影が消え去った……,57,33,0,40,False
10698,被敌人打倒的人们的记忆实体化了……,57,33,0,0,False
10699,"此次战斗可以使用由旅行艾露猫提供的“回复药G”这一任务指令。
请注意使用次数限制，善加利用。",57,65,0,0,False
10700,无法分享，其他成员正在实时分享。,60,8,0,0,False
10701,小队成员不在，无法使用。,60,8,0,0,False
10702,战斗时无法使用。,60,8,0,0,False
10703,开始了实时分享。,57,33,0,0,False
10704,新規ストラテジーボードUNKNOWNを保存しました。,57,33,0,0,False
10705,リアルタイム共同編集では、リンクを使用することはできません。,60,8,0,0,False
10706,无法继续添加UNKNOWN图形，数量已达上限。,60,8,0,0,False
10707,このストラテジーボードは現在廃止されたオブジェクトが含まれています。,60,8,0,0,False
10708,战术板读取失败。,60,8,0,0,False
10709,无法选择不同层的图形。,60,8,0,0,False
10710,无法新建更多文件夹，请选择其他文件夹。,60,8,0,0,False
10711,分享了战术板“UNKNOWN”。,57,33,0,0,False
10712,分享了战术板文件夹“UNKNOWN”。,57,33,0,0,False
10713,无法保存，文件夹“UNKNOWN”的战术板数量已达上限。,60,8,0,0,False
10714,无法移动，文件夹“UNKNOWN”的战术板数量已达上限。,60,8,0,0,False
10715,"可保存的战术板已达上限，
请先删除其他战术板后重试。",60,8,0,0,False
10716,目标图形被锁定，无法进行该操作。,60,8,0,0,False
10717,无法设置，分组需要至少UNKNOWN个图形。,60,8,0,0,False
10718,无法设置，能分组的图形数量最多为UNKNOWN个。,60,8,0,0,False
10719,分享码生成失败。,60,8,0,0,False
10720,当前分享码无法识别为战术板。,60,8,0,0,False
10721,文件夹移动时发生错误。,60,8,0,0,False
10722,保存中断，文件夹数量已达上限。,60,8,0,0,False
10723,保存中断，可保存的战术板数量已超过上限。,60,8,0,0,False
10724,文字无法分组。,60,8,0,0,False
10725,操作中断，可保存的战术板数量已超过上限。,60,8,0,0,False
10726,操作中断，可保存的文件夹数量已达到上限。,60,8,0,0,False
10727,,0,0,0,0,False
10728,,0,0,0,0,False
10729,,0,0,0,0,False
10730,,0,0,0,0,False
10731,,0,0,0,0,False
10732,,0,0,0,0,False
10733,,0,0,0,0,False
10734,,0,0,0,0,False
10735,,0,0,0,0,False
10736,,0,0,0,0,False
10737,,0,0,0,0,False
10738,,0,0,0,0,False
10739,,0,0,0,0,False
10740,,0,0,0,0,False
10741,,0,0,0,0,False
10742,,0,0,0,0,False
10743,,0,0,0,0,False
10744,,0,0,0,0,False
10745,,0,0,0,0,False
10746,,0,0,0,0,False
10747,,0,0,0,0,False
10748,,0,0,0,0,False
10749,,0,0,0,0,False
10750,获得了×UNKNOWN。,62,33,0,0,True
10751,使用“”进行填充。,57,17,0,0,False
10752,数量已达到上限，无法获取更多的。,60,9,0,0,False
10753,无法进行采集，无法持有更多的“”。,60,9,0,0,False
10754,无法进行采集，无法持有更多的“”。,60,9,0,0,False
10755,的背包已满，无法获取更多道具。,60,9,0,0,False
10756,的背包已满，无法进行采集作业。,60,9,0,0,False
10757,的背包已满，无法进行制作作业。,60,9,0,0,False
10758,使用“提钩”华丽地钓到了鱼！,67,1,0,0,False
10759,当前没有能在该探索场景使用的钓饵。,60,8,0,0,False
10760,目前该钓场无法进行垂钓。,67,17,0,0,False
10761,该配方无法使用任务专用的制作能力。,60,9,0,0,False
10762,正在执行机甲行动，无法领取任务。,60,8,0,0,False
10763,尚未满足探索任务的领取条件。,60,8,0,0,False
10764,可以使用特殊技能“”了！,57,33,0,0,False
10765,完成了探索任务的目标！,57,1,0,0,False
10766,完成了探索任务的目标！,57,1,0,0,False
10767,无法驾驶，与申请驾驶员时的职业不同。,60,9,0,0,False
10768,将能量罐安装回。,57,17,0,0,False
10769,请通过“当前任务”窗口选择“汇报”，完成任务。,57,33,0,0,False
10770,探索任务的评价已更新为银星！,57,33,0,0,False
10771,评价已成功达到了金星！,57,33,0,0,False
10772,无法获取更多道具，探索任务处于无法推进状态。,60,9,0,0,False
10773,●このミッションを受注するためには、のレべルが10以上になっている必要があります。,60,9,0,0,False
10774,该探索任务无需进行制作。,60,8,0,0,False
10775,当前状态无法执行。,60,8,0,0,False
10776,无法进行任务汇报，当前职业不符合探索任务的条件。,60,8,0,0,False
10777,以铜星评价完成了探索任务“”！,57,33,0,0,False
10778,以银星评价完成了探索任务“”！,57,33,0,0,False
10779,以金星评价完成了探索任务“”！,57,33,0,0,False
10780,完成了探索任务“”！,57,33,0,0,False
10781,放弃了探索任务。,57,33,0,0,False
10782,执行探索任务的过程中离开了星球探索场景范围，放弃了探索任务。,57,33,0,0,False
10783,结束了探索任务“”。,57,33,0,0,False
10784,装上了提供的。,57,33,0,0,False
10785,当前状态无法装备提供的钓饵。,60,9,0,0,False
10786,探索轨迹中追加了“”等UNKNOWN条新内容。,57,17,0,0,False
10787,分析员记录下了你的一点活跃表现。,57,1,0,0,False
10788,分析员记录下了你的活跃表现。,57,1,0,0,False
10789,分析员记录下了你的出色的活跃表现。,57,1,0,0,False
10790,分析员记录下了你的极度出色的活跃表现。,57,1,0,0,False
10791,分析员记录下了你的无比出色的活跃表现。,57,1,0,0,False
10792,"开始进入数据统计期。（地球时间）8月27日 上午8点之前的数据将计入统计结果。具体内容可以通过探索触控板“”进行确认。
※因维护等原因造成的无法游玩的时间也可能包含在内。",57,65,0,0,False
10793,"目前为数据统计期。此次数据统计期截止到（地球时间）8月27日 上午8点。
具体内容可以通过探索触控板“”进行确认。
※因维护等原因造成的无法游玩的时间也可能包含在内。",57,65,0,0,False
10794,"数据统计期已结束。下次数据统计期预计将于（地球时间）8月27日 上午8点开始。
※因维护等原因造成的无法游玩的时间也可能包含在内。",57,65,0,0,False
10795,"恭喜！
您在（地球时间）8月27日 上午8点结束的数据收集阶段当中被选为了贡献之星！
直至（地球时间）8月27日 上午8点为止，您都将拥有这份特别的荣誉！",57,65,0,0,False
10796,无法显示，未能获取目标情报。,60,8,0,0,False
10797,无法显示，不存在贡献之星。,60,8,0,0,False
10798,"贡献之星发生了变化，因此界面关闭了。
请通过贡献板重新开启。",60,9,0,0,False
10799,改变了投影的姿势动作。,57,33,0,0,False
10800,获得了宇宙好运道的奖品×UNKNOWN。,62,1,0,0,False
10801,由于任务评价已定，无法继续进行宇宙精选。,60,8,0,0,False
10802,由于任务评价已定，无法继续进行宇宙制作。,60,8,0,0,False
10803,获得了UNKNOWN(+UNKNOWN%)。,64,1,0,0,False
10804,获得了UNKNOWN(+UNKNOWN%)点评价。,57,1,0,0,False
10805,评价更新为UNKNOWN(+UNKNOWN%)。,57,1,0,0,False
10806,"该画面中可以领取探索任务。
具体内容可以通过探索触控板“”进行确认。",57,33,0,0,False
10807,"发生了紧急情况，可以领取紧急探索任务了。
具体内容可以通过探索触控板“”进行确认。",57,33,0,0,False
10808,,0,0,0,0,False
10809,,0,0,0,0,False
10810,"伴随着探索的推进，开启了宇宙飞线。
具体内容可以通过探索触控板“”进行确认。",57,33,0,0,False
10811,"伴随着探索的推进，据点中开放了全息投影装置。
具体内容可以通过探索触控板“”进行确认。",57,33,0,0,False
10812,要参加此联合工程，需要先完成任务“”。,60,8,0,0,False
10813,F.A.T.E.参加条件クエスト『』をコンプリートしていないためアクセスできません。,60,8,0,0,False
10814,F.A.T.E.参加条件クエスト『』をコンプリートしていないため実行できません。,60,8,0,0,False
10815,"出现了连续任务。
可通过探索任务进行领取。",57,33,0,0,False
10816,,57,17,0,0,False
10817,"当前职业无法交纳物品。
请转换为领取紧急探索任务时的职业。",60,9,0,0,False
10818,交纳了任务物资，完成了汇报。,57,33,0,0,False
10819,"可以参加探索任务。
请选择探索触控板的“探索任务”。",57,33,0,0,False
10820,联合工程的进度达到了规定值。请在做完手头的工作后稍作休息，等待工程竣工。,57,33,1,0,False
10821,场景发生了变化，已移动到安全位置。,60,9,1,0,False
10822,限制时间已过。,57,33,0,0,False
10823,背包已满。,57,33,0,0,False
10824,钓饵已用光。,57,33,0,0,False
10825,没有可用的采集地点了。,57,33,0,0,False
10826,制作素材已用光。,57,33,0,0,False
10827,可精选的道具已全部精选。,57,33,0,0,False
10828,探索任务的评价已定。,57,33,0,0,False
10829,华丽地钓上了鱼，评价值获得了提升！,67,17,0,0,False
10830,"机甲行动已发令。
想成为驾驶员的话请先进行申请。",57,33,1,0,False
10831,"已申请成为驾驶员。
申请通过后，辞退或未在规定时间内驾驶机甲
也会消耗驾驶申请书，敬请注意。",57,33,0,0,False
10832,"当前职业不是能工巧匠或大地使者，
无法申请成为驾驶员。",60,9,0,0,False
10833,未完成特定任务，无法参加。,60,9,0,0,False
10834,道具持有数量已达上限，无法申请。,60,9,0,0,False
10835,"已被选为驾驶员！
消耗了驾驶申请书。
请在规定时间内通过“驾驶确认”画面选择“驾驶”进行出动。",57,33,0,0,False
10836,"进入了机甲行动“”的准备阶段。
机甲驾驶程序会自动将冒险者带到任务地点。",57,513,0,0,False
10837,拒绝了驾驶机甲。,57,1,0,0,False
10838,很遗憾，经过抽选，您未能被选为驾驶员。,57,33,1,0,False
10839,道具持有数量已达上限，可能无法领取报酬。,60,9,0,0,False
10840,坐上了！,57,1,0,0,False
10841,已到达机甲行动“”的任务地点。,57,33,0,0,False
10842,在机甲行动开始前，请在有效范围内进行事先调查或原地待命。,57,33,0,0,False
10843,附近开始了新的机甲行动！,57,33,1,0,False
10844,"此机甲行动将使用特殊热键栏上的专用技能。
参加时请按下任务情报的“加入行动”按键。",60,9,0,0,False
10845,"参加了机甲行动！
此机甲行动将使用特殊热键栏上的专用技能。",57,33,0,0,False
10846,当前职业不是能工巧匠或大地使者，无法参加。,60,9,0,0,False
10847,未完成特定任务，无法参加。,60,9,0,0,False
10848,机甲行动参加过程中无法转换职业。,60,9,0,0,False
10849,脱离了机甲行动的任务范围，参加状态已解除。,57,33,0,0,False
10850,机甲行动“”开始了。,57,33,0,0,False
10851,获得了UNKNOWN贡献度！,57,33,0,0,False
10852,"离开了机甲行动的任务范围。
请迅速回到任务范围内。",60,8,0,0,False
10853,"离开了任务范围，失去了驾驶权利，机甲已返回。
同时机甲行动的贡献度已重置。",60,9,0,0,False
10854,无法攻击对方。,60,256,0,0,False
10855,完成了机甲行动“”！,57,33,0,0,False
10856,"限制时间已过……
机甲行动未能成功。",57,33,0,0,False
10857,"已退出驾驶状态。
机甲自动回到了机甲库。",57,33,0,0,False
10858,机甲行动已结束，获得的任务相关道具已自动回收。,57,33,0,0,False
10859,在机甲行动中担任了协助员，接下来数次探索任务能获得的信用点报酬提升。,57,33,0,0,False
10860,目标的耐久减少了！,57,1,0,0,False
10861,破坏了目标！,57,17,0,0,False
10862,新的目标出现了！,57,33,0,0,False
10863,在野外探查器的帮助下，发现了新的需要机甲处理的目标！,57,33,0,0,False
10864,向野外探查器投入了物资。,57,33,0,0,False
10865,协助员投放的燃料使野外探查器的功率开始提升了。,57,33,0,0,False
10866,当前状态下无法播放过场动画。,60,9,0,0,False
10867,协助员投放的燃料使野外探查器的功率达到了50%。,57,33,0,0,False
10868,协助员投放的燃料使野外探查器的功率达到了75%！,57,33,0,0,False
10869,已满足指定内容，请交纳物品。,60,8,0,0,False
10870,"获得了可在任务中作为货币使用的。
具体内容可以通过探索触控板“”进行确认。",57,33,0,0,False
10871,存在无法获取的情报，无法查看贡献板。请稍后再试。,60,8,0,0,False
10872,获得了×UNKNOWN(+UNKNOWN)。,57,1,0,0,False
10873,获得了×UNKNOWN(+UNKNOWN)。,57,1,0,0,False
10874,获得了UNKNOWN点的技巧点！,57,1,0,0,False
10875,获得了UNKNOWN点日常成果。,57,1,0,0,False
10876,完成了探索成果“”！,57,1,0,0,False
10877,完成了日常成果的目标值！,57,1,0,0,False
10878,已将“”的完成情况记录在了任务记录中。,57,1,0,0,False
10879,已将“”的金星评价记录在了任务记录中。,57,1,0,0,False
10880,的持有数量已达上限，无法完全领取。,60,9,0,0,False
10881,已结束。,57,1,0,0,False
10882,联合工程已结束。,57,1,0,0,False
10883,获得了×UNKNOWN。,57,1,0,0,True
10884,发生了紧急情况。,57,1,1,0,False
10885,未满足领取条件，无法领取探索任务。,57,9,0,0,False
10886,具体内容可以通过探索触控板“”进行确认。,57,33,0,0,False
10887,具体内容可以通过探索触控板“”进行确认。,57,33,0,0,False
10888,具体内容可以通过探索触控板“”进行确认。,57,33,0,0,False
10889,获得了银星的评价。,57,33,0,0,False
10890,获得了金星的评价。,57,33,0,0,False
10891,不是可领取任务的职业，无法开始此任务。,60,8,0,0,False
10892,"已回绝驾驶员申请。
想要驾驶时，需要再次进行申请。",57,33,0,0,False
10893,当前机甲行动未发令。,60,8,0,0,False
10894,未持有驾驶申请书，无法申请。,60,8,0,0,False
10895,"已安装了填充完成的能量罐！
为其他“”提供能量吧。",57,65,0,0,False
10896,似乎不是这个迷你工程车。寻找。,60,8,0,0,False
10897,目标副本区为当前所在副本区，移动失败。,60,9,0,0,False
10898,此消息只能在对应的探索场景内阅览。,60,8,0,0,False
10899,背包已满，无法获得。,60,9,0,0,False
10900,解锁了多玛方城战语音“”。,57,33,0,0,False
10901,"队伍中有初次执行该任务的队员，在完成任务时会附加额外的报酬。
额外报酬将根据初次执行该任务的队员数量等比增加。",57,65,0,0,False
10902,因队伍中有初次执行该任务的队员，奖励中额外增加了UNKNOWN人份的。,57,65,0,0,False
10903,因队伍中有初次执行该任务的队员，额外进行了UNKNOWN人份的概率判定，奖励中追加了UNKNOWN个。,57,65,0,0,False
10904,因队伍中有初次执行该任务的队员，额外进行了UNKNOWN人份的概率判定，但奖励中未能追加。,57,65,0,0,False
10905,仅可在自己土地的庭院内使用内部改建功能。,60,9,0,0,False
10906,,0,0,0,0,False
10907,变更了装修风格。,57,9,0,0,False
10908,没有更改装修风格的权限。,57,9,0,0,False
10909,操作取消，仓库空间不足。,60,9,0,0,False
10910,,0,0,0,0,False
10911,,0,0,0,0,False
10912,,0,0,0,0,False
10913,被巨齿牛头魔附加了死亡宣告……,57,4097,0,50,False
10914,粪便胡蜂出现了……,57,4097,0,50,False
10915,审判化身的武器出现了……,57,4097,0,50,False
10916,捷径传送功能可以使用了！,57,33,0,0,False
10917,捷径传送功能未启动，无法使用。,57,33,0,0,False
10918,可以使用传送功能了。,57,33,0,0,False
10919,传送功能未运行。,57,33,0,0,False
10920,交给了对方xUNKNOWN。,57,1,0,0,False
10921,交给了对方0金币。,57,1,0,0,False
10922,从对方那里收到了×UNKNOWN。,57,1,0,0,False
10923,从对方那里收到了0金币。,57,1,0,0,False
10924,在剑嚎的干涉下，再次使用传送装置的所需时间延长了……,57,4097,0,0,False
10925,再次使用传送装置的所需时间恢复了原状！,57,4097,0,0,False
10926,剑嚎斗志昂扬，剑技开始加速……！,57,4097,0,0,False
10927,被索取猫夺走了斗志……,57,4097,0,50,False
10928,打倒了魔物，战意开始高扬了起来！,57,2049,0,50,False
10929,寻找，卸除能量罐。,60,8,0,0,False
10930,使用进行填充。,60,8,0,0,False
10931,将填充后的能量罐装进。,60,8,0,0,False
10932,解锁了探索触控板的“机甲行动”。,57,16,0,0,False
10933,"解锁了探索触控板的“机甲行动”。
具体内容可以通过探索触控板“”进行确认。",57,1,0,0,False
10934,解锁了探索触控板的“探索成果”。,57,16,0,0,False
10935,"解锁了探索触控板的“探索成果”。
具体内容可以通过探索触控板“”进行确认。",57,1,0,0,False
10936,解锁了探索触控板的“探索轨迹”。,57,16,0,0,False
10937,"解锁了探索触控板的“探索轨迹”。
具体内容可以通过探索触控板“”进行确认。",57,1,0,0,False
10938,该指令尚未解锁，无法使用。,60,8,0,0,False
10939,使用冷却剂来冷却沸腾的熔融玻璃。,57,17,0,0,False
10940,"完成了施工！
冷却剂用光了，请在冷却剂补充装置处进行补充。",57,65,0,0,False
10941,使用冷却剂来冷却沸腾的熔融玻璃。,60,8,0,0,False
10942,该任务需要使用技能“收藏品采集”。,60,8,0,0,False
10943,紧急探索任务的物资交纳时间结束了。,60,8,0,0,False
10944,未开启“矿脉勘探”，看不到探索任务的目标矿脉、石场。,60,9,0,0,False
10945,未开启“三角测量”，看不到探索任务的目标良材、草场。,60,9,0,0,False
10946,强心剂的复唱时间重置了。,57,33,0,0,False
10947,无法执行，正处于需要使用宇宙精选的探索任务中。,60,8,0,0,False
10948,护锁刃龙正在积蓄力量……,57,4097,0,50,False
10949,护锁刃龙即将释放力量！,57,4097,0,50,False
10950,,0,0,0,0,False
10951,,0,0,0,0,False
10952,获得了0点知见。,64,1,0,0,False
10953,的获得了0点辅助经验值。,64,1,0,0,False
10954,失去了0点知见……,64,1,0,0,False
10955,知见等级提升了！  的知见等级达到了UNKNOWN级。,64,1,0,0,False
10956,知见等级下降了……的知见等级降到了UNKNOWN级。,64,1,0,0,False
10957,辅助职业等级提升了！  的达到了UNKNOWN级。,64,1,0,0,False
10958,将辅助职业切换成了。,57,33,0,0,False
10959,习得了！,57,33,0,0,False
10960,无法更改知见等级同步设定，有队员处于战斗状态。,60,9,0,0,False
10961,无法更改知见等级同步设定，有队员刚刚结束战斗。,60,9,0,0,False
10962,知见等级同步设定已更改为有效。,57,33,0,0,False
10963,知见等级同步设定更改失败。,60,8,0,0,False
10964,新月岛南部的稀有魔物消失，出现了个人战利品！,57,33,0,0,False
10965,在当前区域中感知到了UNKNOWN个银宝箱、UNKNOWN个铜宝箱……！,57,33,0,0,False
10966,当前区域现在似乎没有宝箱……,57,33,0,0,False
10967,无法切换辅助职业，当前处于无法战斗状态。,60,9,0,0,False
10968,无法切换辅助职业，当前处于战斗状态。,60,9,0,0,False
10969,现在无法变更职业及辅助职业。,60,9,0,0,False
10970,现在无法变更辅助职业。,60,9,0,0,False
10971,获得了勇往直前状态！,57,33,0,0,False
10972,知见水晶感知到的技能，发出了光芒！,57,33,0,0,False
10973,记录了有关“”的情报！,57,1,0,0,False
10974,新月狂战士正在积蓄怒气……,57,4097,0,30,False
10975,"出现了新的紧急遭遇战！
请有意愿参加的人员前往战场准备战斗。",57,33,1,0,False
10976,"紧急遭遇战即将开战。
请有意愿参加的人员前往战场准备战斗。",57,33,1,0,False
10977,新月狂战士释放了怒气……,57,4097,0,50,False
10978,该情报已经收录于新月岛调查笔记中。,60,9,0,0,False
10979,クレセント・バーサーカーが怒りを収めた……,57,5,0,50,False
10980,已习得该辅助职业。,60,9,0,0,False
10981,クレセント・バーサーカーがさらに怒りを蓄積した……,57,4097,0,30,False
10982,新月狂战士愤怒到了极点……,57,4097,0,30,False
10983,"开放了魔路。
",57,33,0,0,False
10984,无法使用，还未与其他魔路共鸣。,60,33,0,0,False
10985,发现了财宝！！,57,33,0,0,False
10986,财宝好像是在正北方向很近的地方！,57,33,0,0,False
10987,财宝好像是在正北方向不远的地方！,57,33,0,0,False
10988,财宝好像是在正北方向稍远的地方！,57,33,0,0,False
10989,财宝好像是在正北方向很远的地方！,57,33,0,0,False
10990,"很想要圣灵药。
使用任务道具，
探知财宝的气息吧！",57,65,0,0,False
10991,不见了……,57,33,0,0,False
10992,耗尽了力量……,57,33,0,0,False
10993,时间过了太久，已经发现的财宝消失了。,57,33,0,0,False
10994,似乎能够告知第二处财宝所在地！,57,33,0,0,False
10995,时间过了太久，已经发现的财宝消失了。,57,33,0,0,False
10996,为回报好运胡萝卜之恩，幸福兔似乎想把财宝让给你！,57,33,0,0,False
10997,附近没有感觉到幸福兔的气息……,57,33,0,0,False
10998,该道具只能在特定任务中使用。,57,33,0,0,False
10999,可在调查队营地中承接新的任务。,57,17,0,0,False
11000,若想继续探索财宝，请在打开第一个财宝后使用。,57,33,0,0,False
11001,新月岛解说中添加了“”等页面。,57,513,0,0,False
11002,"已参加紧急遭遇战：
",57,33,0,0,False
11003,无法参加紧急遭遇战，处于无法战斗状态。,57,33,0,0,False
11004,使用了0个。,57,33,0,0,False
11005,获得了！,57,33,0,0,False
11006,参加人数超出限制，返还了先前使用的。,57,33,0,0,False
11007,,64,1,0,0,False
11008,,64,1,0,0,False
11009,成功从身上窃得战利品！,62,33,0,0,False
11010,未满足条件，操作取消。,60,9,0,0,False
11011,未满足条件，操作取消。,60,9,0,0,False
11012,辅助职业“”已达到满级。,64,32,0,0,False
11013,的辅助职业“”已达到满级。,64,1,0,0,False
11014,习得了辅助技能“UNKNOWN”。,64,33,0,0,False
11015,习得了辅助特性“”。,64,33,0,0,False
11016,新月岛解说中添加了“”等页面。,57,513,0,0,False
11017,无法参加任务，人数超过上限。,57,33,0,0,False
11018,未开放。,60,9,0,0,False
11019,,0,0,0,0,False
11020,,0,0,0,0,False
11021,,0,0,0,0,False
11022,,0,0,0,0,False
11023,,0,0,0,0,False
11024,,0,0,0,0,False
11025,,0,0,0,0,False
11026,,0,0,0,0,False
11027,,0,0,0,0,False
11028,,0,0,0,0,False
11029,,0,0,0,0,False
11030,,0,0,0,0,False
11031,,0,0,0,0,False
11032,,0,0,0,0,False
11033,,0,0,0,0,False
11034,,0,0,0,0,False
11035,,0,0,0,0,False
11036,,0,0,0,0,False
11037,,0,0,0,0,False
11038,,0,0,0,0,False
11039,,0,0,0,0,False
11040,,0,0,0,0,False
11041,,0,0,0,0,False
11042,,0,0,0,0,False
11043,,0,0,0,0,False
11044,,0,0,0,0,False
11045,,0,0,0,0,False
11046,,0,0,0,0,False
11047,,0,0,0,0,False
11048,,0,0,0,0,False
11049,,0,0,0,0,False
11050,,0,0,0,0,False
11051,,0,0,0,0,False
11052,,0,0,0,0,False
11053,,0,0,0,0,False
11054,,0,0,0,0,False
11055,,0,0,0,0,False
11056,,0,0,0,0,False
11057,,0,0,0,0,False
11058,,0,0,0,0,False
11059,,0,0,0,0,False
11060,,0,0,0,0,False
11061,,0,0,0,0,False
11062,,0,0,0,0,False
11063,,0,0,0,0,False
11064,,0,0,0,0,False
11065,,0,0,0,0,False
11066,,0,0,0,0,False
11067,,0,0,0,0,False
11068,,0,0,0,0,False
11069,,0,0,0,0,False
11070,,0,0,0,0,False
11071,,0,0,0,0,False
11072,,0,0,0,0,False
11073,,0,0,0,0,False
11074,,0,0,0,0,False
11075,,0,0,0,0,False
11076,,0,0,0,0,False
11077,,0,0,0,0,False
11078,,0,0,0,0,False
11079,,0,0,0,0,False
11080,,0,0,0,0,False
11081,,0,0,0,0,False
11082,,0,0,0,0,False
11083,,0,0,0,0,False
11084,,0,0,0,0,False
11085,,0,0,0,0,False
11086,,0,0,0,0,False
11087,,0,0,0,0,False
11088,,0,0,0,0,False
11089,,0,0,0,0,False
11090,,0,0,0,0,False
11091,,0,0,0,0,False
11092,,0,0,0,0,False
11093,,0,0,0,0,False
11094,,0,0,0,0,False
11095,,0,0,0,0,False
11096,,0,0,0,0,False
11097,,0,0,0,0,False
11098,,0,0,0,0,False
11099,,0,0,0,0,False
11100,现持有道具的耐久度均未满100%，没有可以选择的对象。,60,8,0,0,False
11101,将加入了市场布告板的收藏夹。（UNKNOWN/UNKNOWN）,57,33,0,0,False
11102,收藏失败，市场布告板的收藏夹已满。,57,8,0,0,False
11103,将从市场布告板的收藏夹中删除了。（UNKNOWN/UNKNOWN）,57,33,0,0,False
11104,,0,0,0,0,False
11105,,0,0,0,0,False
11106,,0,0,0,0,False
11107,,0,0,0,0,False
11108,,0,0,0,0,False
11109,,0,0,0,0,False
11110,,0,0,0,0,False
11111,,0,0,0,0,False
11112,,0,0,0,0,False
11113,,0,0,0,0,False
11114,,0,0,0,0,False
11115,,0,0,0,0,False
11116,,0,0,0,0,False
11117,,0,0,0,0,False
11118,,0,0,0,0,False
11119,,0,0,0,0,False
11120,,0,0,0,0,False
11121,,0,0,0,0,False
11122,,0,0,0,0,False
11123,,0,0,0,0,False
11124,,0,0,0,0,False
11125,,0,0,0,0,False
11126,,0,0,0,0,False
11127,,0,0,0,0,False
11128,,0,0,0,0,False
11129,,0,0,0,0,False
11130,学会了新的情感动作。,64,33,0,0,False
11131,学会了新的情感动作。,64,33,0,0,False
11132,可以在护锁刃龙的尸体上剥取材料了！,57,33,0,0,False
11133,将食材搬运到中央的蛋糕台上！,57,33,0,0,False
11134,如果拿到了不需要的食材，可以重新获取食材！,57,33,0,0,False
11135,搬运必要食材！,57,33,0,0,False
11136,似乎不是配方所需的食材……,57,33,0,0,False
11137,已经达到了所需数量……,57,33,0,0,False
11138,装饰上了！,57,33,0,0,False
11139,时间已经过去了一半。,57,4097,0,50,False
11140,剩余时间还剩下1分钟。,57,4097,0,50,False
11141,"被糕点师人偶发现时，
请使用“停止信号”使其停止行动。",57,5,0,50,False
11142,中积攒了0点以太作为随机任务的奖励。,62,1,0,0,False
11143,中积攒了0点以太。,62,1,0,0,False
11144,发出了炫目的光芒！！,57,17,0,0,False
11145,4个魔法球发出了炫目的光芒！！,57,17,0,0,False
11146,旋风越来越猛烈……,57,4097,0,50,False
11147,得到宽恕的不敬的胡须发出了光芒……,57,4097,0,30,False
11148,护锁刃龙即将进一步释放力量！,57,4097,0,50,False
11149,目的列表会显示正在制作的蛋糕所需的食材与数量。,57,5,0,50,False
11150,无法进行领取，为珍稀道具，只能持有1个。,60,9,0,0,False
11151,无法获得。,60,9,0,0,False
11152,发行了新的探索任务！,57,33,0,0,False
11153,"日常成果已更新，界面关闭。
请通过探索触控板重新打开。",60,9,0,0,False
11154,探索任务“”已开始。,57,33,0,0,False
11155,移动失败。,60,9,0,0,False
11156,完成了日常成果“”！,57,1,0,0,False
11157,当前状态无法进行驾驶。,60,9,0,0,False
11158,完成了，宇宙工具得到了升级！,57,17,0,0,False
11159,研究数据提交失败。,60,9,0,0,False
11160,,0,0,0,0,False
11161,,0,0,0,0,False
11162,贡献度不足，无法获得报酬。,57,1,0,0,False
11163,获得了铜星的评价。,57,33,0,0,False
11164,参加计划的方法请通过探索触控板“”进行确认。,57,33,0,0,False
11165,任务剩余时间还有不到UNKNOWN分UNKNOWN秒。,57,33,0,0,False
11166,身处当前无法进入的区域，进行了区域移动。,60,9,0,0,False
11167,被选为了驾驶员，任务参加申请被取消。,60,9,0,0,False
11168,受到机甲驾驶程序的影响，探索任务被放弃。,57,8,0,0,False
11169,探索触控板中解锁了“宇宙研究”！,57,17,0,0,False
11170,副本区切换失败。,60,9,0,0,False
11171,连续成功次数已达到UNKNOWN次，获得了UNKNOWN点评价。,57,1,0,0,False
11172,通过获得额外采集奖励，获得了UNKNOWN点评价。,57,1,0,0,False
11173,连续成功次数已达到UNKNOWN次，获得了UNKNOWN点评价。通过获得额外采集奖励，获得了UNKNOWN点评价。,57,1,0,0,False
11174,在探索任务中消耗了UNKNOWN点采集力（总计UNKNOWN）,57,1,0,0,False
11175,恢复了在探索任务中使用的UNKNOWN点采集力。,57,33,0,0,False
11176,,0,0,0,0,False
11177,吸取成功！,57,17,0,0,False
11178,采掘成功！,57,17,0,0,False
11179,提起了法恩娜石块！,57,1,0,0,False
11180,提起了巨型法恩娜石块！,57,1,0,0,False
11181,背包已满，没有领取报酬的空间，无法开始任务。,60,8,0,0,False
11182,背包已满，没有领取报酬的空间，无法汇报任务。,60,8,0,0,False
11183,"当前地点无法使用。
请移动到宇宙探索计划的最新探索场景后再次使用。",60,9,0,0,False
11184,无法选择移动到当前所在区域。,60,8,0,0,False
11185,可以使用拖曳光束了！,57,17,0,0,False
11186,可以使用等离子铲斗冲了！,57,17,0,0,False
11187,探索轨迹中追加了“”等UNKNOWN条新内容。,57,1,0,0,False
11188,取下了！,57,17,0,0,False
11189,将充满了！,57,17,0,0,False
11190,设置修改成功。,57,32,0,0,False
11191,放弃了修改中的设置。,57,32,0,0,False
11192,需返回原始服务器才能前往宇宙探索计划的探索场景。,60,8,0,0,False
11193,,0,0,0,0,False
11194,,0,0,0,0,False
11195,首次触发了金星连锁。,57,16,0,0,False
11196,"首次触发了金星连锁。
具体内容可以通过探索触控板“”进行确认。",57,1,0,0,False
11197,达到了UNKNOWN金星连锁，报酬量增加UNKNOWN%！,57,1,0,0,False
11198,达到了金星评价，报酬量增加UNKNOWN%，金星连锁已重置。,57,1,0,0,False
11199,未达成金星评价，金星连锁已重置。,57,1,0,0,False
11200,接受了A类以下的任务，金星连锁已重置。,57,1,0,0,False
11201,知觉发生错乱，无法正确感知攻击预兆……,57,4097,0,30,False
11202,光与暗的以太中和了……,57,33,0,30,False
11203,深渊烈焰出现了……,57,33,0,30,False
11204,玻璃窗碎了……,57,33,0,30,False
11205,卓异的悲寂吞噬以太恢复了体力……,57,33,0,30,False
11206,虚无界的瘴气涌出了次元裂缝……,57,4097,0,30,False
11207,光芒集中到了得到宽恕的模仿脚下……,57,4097,0,30,False
11208,药液喷射装置启动了……,57,4097,0,30,False
11209,,0,0,0,0,False
11210,正在蓄力！,57,4097,0,30,False
11211,被轰炸的人们的记忆实体化了……,57,33,0,0,False
11212,牺牲了的人们的记忆实体化了……,57,33,0,0,False
11213,得到宽恕的模仿锁定了攻击目标！,57,4097,0,30,False
11214,在亡途中移动就是走向死亡……,57,4097,0,30,False
11215,抗拒光芒者必将踏上亡途……,57,4097,0,30,False
11216,接受了光芒，逃离了亡途！,57,2049,0,30,False
11217,,0,0,0,0,False
11218,,0,0,0,0,False
11219,,0,0,0,0,False
11220,,0,0,0,0,False
11221,,0,0,0,0,False
11222,,0,0,0,0,False
11223,被侵蚀的食罪灵吞噬以太恢复了体力……,57,33,0,30,False
11224,在飞空艇被彻底破坏之前逃离这里！,57,4097,0,50,False
11225,免疫了以太吸取！,57,33,0,30,False
11226,逃离了永暗渊狱……,57,33,0,0,False
11227,被拖入了永暗渊狱……,57,33,0,0,False
11228,永远之暗吸收了以太……,57,4097,0,0,False
11229,得到宽恕的天真们摆出了喷气的姿势……,57,4097,0,30,False
11230,不适配当前职业或特职。,60,8,0,0,False
11231,黑暗正在扩大……,57,33,0,0,False
11232,光芒正在扩大……,57,33,0,0,False
11233,大量的瘴气涌出了次元裂缝……,57,4097,0,30,False
11234,,0,0,0,0,False
11235,,0,0,0,0,False
11236,,0,0,0,0,False
11237,,0,0,0,0,False
11238,,0,0,0,0,False
11239,,0,0,0,0,False
11240,获得了临时加速状态！,57,33,0,0,False
11241,等人获得了临时加速状态！,57,33,0,0,False
11242,的异常状态解除了，暂时不会陷入异常状态了！,57,33,0,0,False
11243,等人的异常状态解除了，暂时不会陷入异常状态了！,57,33,0,0,False
11244,察觉到远处有神秘的气息！,57,33,0,0,False
11245,察觉到了灯火般温暖的神秘气息……,57,1,0,0,False
11246,在当前所在的层并无效果……,57,33,0,0,False
11247,触发了妖灵陷阱……,57,33,0,0,False
11248,,0,0,0,0,False
11249,,0,0,0,0,False
11250,Firstname Lastname点燃召唤了妖灵王的分身！,57,33,0,0,False
11251,Firstname Lastname点燃召唤了妖灵王的分身！,57,33,0,0,False
11252,已经召唤出了菲奥·乌儿，无法使用。,60,9,0,0,False
11253,当前所在的层覆盖了强大的结界，无法使用杜松香……,57,33,0,0,False
11254,"在本任务中，只有进入任务时指定了所需道具的玩家可以在打倒敌人后开启宝箱。
指定的道具将在开启宝箱时被消耗。",57,65,0,0,False
11255,获得了报酬，消耗了UNKNOWN个。,57,33,0,0,False
11256,"到达了第99朝圣路，伊尔美格的文滔处
追加了练习任务“卓异的悲寂歼灭战”。
具体内容请查看深层迷宫的相关说明。",57,513,0,0,False
11257,"没有开启宝箱所需的道具或权利。
宝箱被严密地封锁着……",60,9,0,0,False
11258,无法开启宝箱，背包已满。,60,9,0,0,False
11259,点亮了光耀烛台，接下来的层将发动特效“”……,57,33,0,0,False
11260,被强制送出了巡梦金库……,57,17,0,0,False
11261,小队全灭，被强制传送出了巡梦金库……,57,17,0,0,False
11262,90秒之内捡拾100个“发光的袋子”！,57,2049,0,0,False
11263,剩余时间：60秒,57,2049,0,0,False
11264,剩余时间：30秒,57,2049,0,0,False
11265,“奇梦抚心”结束了……,57,33,0,0,False
11266,潜网巡梦发出了怪异的光……,57,513,0,0,False
11267,操作了潜网巡梦……,57,513,0,0,False
11268,潜网巡梦启动了！,57,1,0,0,False
11269,小梦怡情！打倒所有敌人！,57,33,0,0,False
11270,打倒了所有敌人！,57,513,0,0,False
11271,"学会了新的情感动作“”
“”
“”
“”
“”
“”。",64,33,0,0,False
11272,学会了新的情感动作“”“”。,64,33,0,0,False
11273,获得了UNKNOWN个“发光的袋子”！,57,17,0,0,False
11274,获得了UNKNOWN个“发光的袋子”，出现了金宝箱！,57,17,0,0,False
11275,风灵趁乱出现了……,57,4097,0,40,False
11276,调皮的妖灵出现了……,57,4097,0,40,False
11277,巨大的怪鸟前来报恩！,57,2049,0,40,False
11278,火仙女佩莉制造出了幻影……,57,4097,0,40,False
11279,火仙女佩莉散播了诅咒……,57,4097,0,50,False
11280,格莱杨拉波尔的口中汇聚了雷电……,57,4097,0,60,False
11281,格莱杨拉波尔的前照灯发出了怪异的光芒……,57,4097,0,60,False
11282,格莱杨拉波尔将魔力集中到了腕部……,57,4097,0,60,False
11283,被异空间吞噬了……,57,33,0,30,False
11284,无法转换该存档，存档中有团灭的记录。,60,9,0,0,False
11285,远处传来的咆哮声正在逐渐变得清晰……！,57,4097,0,60,False
11286,沙球隐藏了起来……,57,4097,0,30,False
11287,从悬崖方向传来了地鸣……,57,4097,0,30,False
11288,还不能吃魔花之果……,57,33,0,50,False
11289,所选目标无法设定为图标。,60,8,0,0,False
11290,没有可以修理的道具。,60,8,0,0,False
11291,自动修理已中断。,57,33,0,0,False
11292,,0,0,0,0,False
11293,,0,0,0,0,False
11294,,0,0,0,0,False
11295,,0,0,0,0,False
11296,,0,0,0,0,False
11297,,0,0,0,0,False
11298,,0,0,0,0,False
11299,,0,0,0,0,False
11300,周围的岩块崩塌了……,57,4097,0,50,False
11301,UNKNOWN秒后B级的将变为可控制状态……,57,1,0,0,False
11302,B级的已变为可控制状态！,57,1,0,0,False
11303,**黑涡团**控制了B级的！,57,33,0,0,False
11304,已失效。,57,1,0,0,False
11305,沙球变得巨大起来……,57,4097,0,30,False
11306,,0,0,0,0,False
11307,战斗已经过去了5分钟，战略目标点同时出现的数量减少了！,57,33,0,0,False
11308,战斗已经过去了10分钟，战略目标点同时出现的数量减少了！,57,33,0,0,False
11309,战斗已经过去了15分钟，战略目标点同时出现的数量减少了！,57,33,0,0,False
11310,天气发生了变化，要下雪了……,57,65,0,0,False
11311,进入了“极限槽增长”状态！,57,65,0,0,False
11312,天气发生了变化，极光要出现了……,57,65,0,0,False
11313,高等级的战略目标点出现概率增加！,57,2049,0,50,False
11314,无法进行该操作，割草之魂不足。,60,8,0,0,False
11315,积攒了足够的割草之魂，可以使用大转圈割草了！,57,17,0,0,False
11316,"フシギナ・トラップが出現した。
刈ると何かいいことが起こりそうな気がする……！",57,17,0,0,False
11317,发现预言蛋的概率提升！,57,17,0,0,False
11318,发现金预言蛋的概率提升！,57,17,0,0,False
11319,割草之魂达到了上限！,57,17,0,0,False
11320,收割了怪怪陷阱草，积攒了割草之魂！,57,17,0,0,False
11321,障碍物消失，可以继续前进了！,57,2049,0,30,False
11322,限制时间剩余UNKNOWN分UNKNOWN秒。,57,33,0,0,False
11323,数量达到上限，无法获取更多的。,60,9,0,0,False
11324,“年轻商人与护卫所前往的，是美丽的海边……”,57,17,0,40,False
11325,寻找被困的居民！,57,33,0,50,False
11326,寻找发出惨叫的人！,57,33,0,50,False
11327,破坏雷球！,57,4097,0,50,False
11328,破坏逼近的凶器！,57,4097,0,0,False
11329,破坏可以破坏的凶器！,57,4097,0,0,False
11330,放弃了任务，当前行星的金星连锁已重置。,57,1,0,0,False
11331,获得了×UNKNOWN(+UNKNOWN)。,57,1,0,0,False
11332,骑乘状态下无法装备提供的钓饵。,60,9,0,0,False
11333,受到加钩影响，鱼的获得量增加！,67,17,0,0,False
11334,"发生了紧急情况，收到了紧急探索任务的参加邀请！
请通过探索触控板的“探索任务”领取紧急探索任务。",57,33,1,0,False
11335,"紧急情况发生中，收到了紧急探索任务的参加邀请！
通过探索触控板的“探索任务”可以领取紧急探索任务。",57,1,1,0,False
11336,取出了！将的以太传递给“”！,57,65,0,0,False
11337,"被“”吸收，消失了！
从“”那里领取新的。",57,65,0,0,False
11338,将的以太传递给“”！,60,8,0,0,False
11339,使用活性剂对劣化结晶体进行活化。,57,65,0,0,False
11340,"已完成活化作业！
活性剂用光了。使用活性剂补充装置进行补充。",57,65,0,0,False
11341,使用活性剂对劣化结晶体进行活化。,60,8,0,0,False
11342,“年轻商人与护卫所前往的，是甜美微风轻拂的大地……”,57,17,0,0,False
11343,“年轻商人与护卫所前往的，是不可思议的溪谷……”,57,17,0,0,False
11344,“在人鱼女王开辟的道路尽头，等待着商人们的将是……”,57,17,0,0,False
11345,“然而，神灯灵出现在了他们面前。”,57,17,0,50,False
11346,“穿过幽暗的洞穴，眼前是璀璨闪耀的大海……”,57,17,0,50,False
11347,“旅途的尽头，在海湾最深处等待着商人们的是……”,57,17,0,50,False
11348,“招致毁灭的怪鱼，终被讨伐倒地……”,57,17,0,50,False
11349,“他们终于踏入了曾经极尽荣华的宫殿之中。”,57,17,0,50,False
11350,“宫殿内四处散落宝石，充盈着炫目光辉。”,57,17,0,50,False
11351,“他们深信最深处沉睡着最具价值的宝物而继续前行。”,57,17,0,50,False
11352,“等待着商人们的，是可怕的食人鸟。”,57,17,0,50,False
11353,“然而，神灯灵出现在了他们面前。”,57,17,0,50,False
11354,“等待着商人们的，是可怕的食人鸟。”,57,17,0,50,False
11355,“怪鸟虽终伏诛，艰险的旅途仍将继续……”,57,17,0,50,False
11356,“旅途的尽头，在溪谷最深处等待着商人们的是……”,57,17,0,50,False
11357,的数量已经达到上限，无法全部领取。,60,9,0,0,False
11358,商客奇谭探索记中记录了“”！,57,65,0,50,False
11359,“年轻商人踏上旅途，随科尔沃首屈一指的护卫一同启程。”,57,17,0,50,False
11360,“越过岔路，前往民居林立的背街小巷……”,57,17,0,50,False
11361,“越过岔路，前往生机勃勃的市场……”,57,17,0,50,False
11362,“越过岔路，前往正门大道……”,57,17,0,50,False
11363,星内传送网“”开放。,57,33,0,0,False
11364,无法使用，还未与其他星内以太之光共鸣。,57,33,0,0,False
11365,可以执行技能“”了！,67,17,0,0,False
11366,受到的效果影响，的耐久/采集次数恢复了UNKNOWN次，采集力恢复了UNKNOWN点！,59,17,0,0,False
11367,雪精发动了能力，各地出现了雪人！,57,2049,0,50,False
11368,天气发生了变化，雪停了……,57,65,0,0,False
11369,天气发生了变化，极光消失了……,57,65,0,0,False
11370,“这条路的前方，商人们会有什么收获呢？”,57,17,0,50,False
11371,在“以太增强”的影响下，致命美人的部分攻击得到强化……,57,4097,0,0,False
11372,_rsv_11372_-1_4_0_0_SF15185AF_EF15185AF,57,4097,0,0,False
11373,このコンテンツの攻略中は、レベル89以下のバトルクラス・ジョブにはチェンジできません。,60,9,0,0,False
11374,"已同步到特殊的等级。
进行该任务时，无论原始等级如何都将自动同步为UNKNOWN级，
无论原始道具品级多低，都将自动同步为UNKNOWN。",57,33,0,0,False
11375,“在领地遭侵的狂暴怪鸟面前，护卫毅然迎战。”,57,17,0,50,False
11376,“以财宝为赌注，与刚剑剑士的战斗拉开序幕。”,57,17,0,50,False
11377,“旅途的尽头，在宫殿最深处等待着商人们的是……”,57,17,0,50,False
11378,“此刻正是展现护卫实力之时，手持武器全力迎战。”,57,17,0,50,False
11379,探索无人机发现了星球遗物！,57,2049,0,40,False
11380,已使用过探索无人机的能源包。请在回收星球遗物之后再次使用。,60,8,0,0,False
11381,无法使用其他星球的能源包。,60,8,0,0,False
11382,该道具为任务专用道具，无法在这里使用。,60,8,0,0,False
11383,“星球遗物”解析完毕！,57,17,0,0,False
11384,“使魔虽终伏诛，艰险的旅途仍将继续……”,57,17,0,50,False
11385,丹丹企图从水下发动袭击……,57,4097,0,40,False
11386,开始解析“星球遗物”……,57,17,0,0,False
11387,将分享码复制到了剪贴板。,57,16,0,0,False
11388,,0,0,0,0,False
11389,,0,0,0,0,False
11390,保存了战术板文件夹“UNKNOWN”。,57,32,0,0,False
11391,已将战术板“UNKNOWN”移动到目标位置。,57,32,0,0,False
11392,已保存战术板“UNKNOWN”。,57,33,0,0,False
11393,正在实时分享，无法进行该操作。,60,8,0,0,False
11394,分享期间的战术板无法进行分享。,60,8,0,0,False
11395,×UNKNOWN,62,0,0,0,True
11396,,0,0,0,0,False
11397,,0,0,0,0,False
11398,,0,0,0,0,False
11399,,0,0,0,0,False
11400,,0,0,0,0,False
11401,,0,0,0,0,False
11402,,0,0,0,0,False
11403,,0,0,0,0,False
11404,,0,0,0,0,False
11405,,0,0,0,0,False
11406,,0,0,0,0,False
11407,,0,0,0,0,False
11408,,0,0,0,0,False
11409,,0,0,0,0,False
11410,,0,0,0,0,False
11411,,0,0,0,0,False
11412,,0,0,0,0,False
11413,,0,0,0,0,False
11414,,0,0,0,0,False
11415,,0,0,0,0,False
11416,,0,0,0,0,False
11417,,0,0,0,0,False
11418,,0,0,0,0,False
11419,,0,0,0,0,False
11420,,0,0,0,0,False
11421,,0,0,0,0,False
11422,,0,0,0,0,False
11423,,0,0,0,0,False
11424,,0,0,0,0,False
11425,,0,0,0,0,False
11426,,0,0,0,0,False
11427,,0,0,0,0,False
11428,,0,0,0,0,False
11429,,0,0,0,0,False
11430,,0,0,0,0,False
11431,,0,0,0,0,False
11432,,0,0,0,0,False
11433,,0,0,0,0,False
11434,,0,0,0,0,False
11435,,0,0,0,0,False
11436,,0,0,0,0,False
11437,,0,0,0,0,False
11438,,0,0,0,0,False
11439,,0,0,0,0,False
11440,,0,0,0,0,False
11441,,0,0,0,0,False
11442,,0,0,0,0,False
11443,,0,0,0,0,False
11444,,0,0,0,0,False
11445,,0,0,0,0,False
11446,,0,0,0,0,False
11447,,0,0,0,0,False
11448,,0,0,0,0,False
11449,,0,0,0,0,False
11450,,0,0,0,0,False
11451,,0,0,0,0,False
11452,,0,0,0,0,False
11453,,0,0,0,0,False
11454,,0,0,0,0,False
11455,,0,0,0,0,False
11456,,0,0,0,0,False
11457,,0,0,0,0,False
11458,,0,0,0,0,False
11459,,0,0,0,0,False
11460,,0,0,0,0,False
11461,,0,0,0,0,False
11462,,0,0,0,0,False
11463,,0,0,0,0,False
11464,,0,0,0,0,False
11465,,0,0,0,0,False
11466,,0,0,0,0,False
11467,,0,0,0,0,False
11468,,0,0,0,0,False
11469,,0,0,0,0,False
11470,,0,0,0,0,False
11471,,0,0,0,0,False
11472,,0,0,0,0,False
11473,,0,0,0,0,False
11474,,0,0,0,0,False
11475,,0,0,0,0,False
11476,,0,0,0,0,False
11477,,0,0,0,0,False
11478,,0,0,0,0,False
11479,,0,0,0,0,False
11480,,0,0,0,0,False
11481,,0,0,0,0,False
11482,,0,0,0,0,False
11483,,0,0,0,0,False
11484,,0,0,0,0,False
11485,,0,0,0,0,False
11486,,0,0,0,0,False
11487,,0,0,0,0,False
11488,,0,0,0,0,False
11489,,0,0,0,0,False
11490,,0,0,0,0,False
11491,,0,0,0,0,False
11492,,0,0,0,0,False
11493,,0,0,0,0,False
11494,,0,0,0,0,False
11495,,0,0,0,0,False
11496,,0,0,0,0,False
11497,,0,0,0,0,False
11498,,0,0,0,0,False
11499,,0,0,0,0,False
11500,因有其他玩家在同一位置执行技能，已取消。,57,8,0,0,False
11501,清除了地面的重力畸变点！,57,17,0,0,False
11502,清除了重力块！,57,17,0,0,False
11503,清除了中重力块！,57,17,0,0,False
11504,命中了巨大重力块！,57,17,0,0,False
11505,离开了标记所示地点，技能已取消。,57,8,0,0,False
11506,当前区域存在未共鸣的星内以太之光。,57,1,0,0,False
11507,"追加了新的星内以太之光。
请通过地图确认具体位置！",57,1,0,0,False
11508,限制时间已到，任务结束。,57,33,0,0,False
11509,通过收集浮空石，发现了新的需要机甲处理的目标！,57,33,0,0,False
11510,又发现了新的需要机甲处理的目标！,57,33,0,0,False
11511,压缩吸取了浮空石！,57,17,0,0,False
11512,压缩吸取了小浮空石！,57,17,0,0,False
11513,“而后，商人们抵达了被遗忘的村庄……”,57,17,0,50,False
11514,回答超时，自动选择“我没有意见，都可以”。,57,33,0,0,False
11515,根据投票选择了“”路线。,57,33,0,0,False
11516,根据投票选择了“任务就此结束”。退出点已出现，可从这里结束任务。,57,33,0,0,False
11517,未完成特定任务，无法使用任务专用道具。,57,8,0,0,False
11518,,0,0,0,0,False
11519,,0,0,0,0,False
11520,架子上的炸弹淋湿了……,57,17,0,50,False
11521,周围的磁场似乎发生了变化……,57,17,0,50,False
11522,当前职业不是能工巧匠或大地使者，无法使用。,57,8,0,0,False
11523,,0,0,0,0,False
11524,小队人数发生了变化，实时分享结束。,60,8,0,0,False
11525,进入了战斗状态，实时分享结束。,60,8,0,0,False
11526,因切换区域等原因，实时分享结束。,60,8,0,0,False
11527,,0,0,0,0,False
11528,,0,0,0,0,False
11529,,0,0,0,0,False
11530,,0,0,0,0,False
11531,,0,0,0,0,False
11532,删除了战术板文件夹“UNKNOWN”。,57,33,0,0,False
11533,,0,0,0,0,False
11534,,0,0,0,0,False
11535,,0,0,0,0,False
11536,,0,0,0,0,False
11537,,0,0,0,0,False
11538,,0,0,0,0,False
11539,,0,0,0,0,False
11540,,0,0,0,0,False
11541,,0,0,0,0,False
11542,,0,0,0,0,False
11543,,0,0,0,0,False
11544,,0,0,0,0,False
11545,,0,0,0,0,False
11546,,0,0,0,0,False
11547,,0,0,0,0,False
11548,,0,0,0,0,False
11549,,0,0,0,0,False
11550,,0,0,0,0,False
11551,,0,0,0,0,False
11552,,0,0,0,0,False
11553,,0,0,0,0,False
11554,,0,0,0,0,False
11555,,0,0,0,0,False
11556,,0,0,0,0,False
11557,,0,0,0,0,False
11558,,0,0,0,0,False
11559,,0,0,0,0,False
11560,,0,0,0,0,False
11561,,0,0,0,0,False
11562,,0,0,0,0,False
11563,,0,0,0,0,False
11564,,0,0,0,0,False
11565,,0,0,0,0,False
11566,,0,0,0,0,False
11567,,0,0,0,0,False
11568,,0,0,0,0,False
11569,,0,0,0,0,False
11570,,0,0,0,0,False
11571,,0,0,0,0,False
11572,,0,0,0,0,False
11573,,0,0,0,0,False
11574,,0,0,0,0,False
11575,,0,0,0,0,False
11576,,0,0,0,0,False
11577,,0,0,0,0,False
11578,,0,0,0,0,False
11579,,0,0,0,0,False
11580,,0,0,0,0,False
11581,,0,0,0,0,False
11582,,0,0,0,0,False
11583,,0,0,0,0,False
11584,,0,0,0,0,False
11585,,0,0,0,0,False
11586,,0,0,0,0,False
11587,,0,0,0,0,False
11588,,0,0,0,0,False
11589,,0,0,0,0,False
11590,,0,0,0,0,False
11591,,0,0,0,0,False
11592,,0,0,0,0,False
11593,,0,0,0,0,False
11594,,0,0,0,0,False
11595,,0,0,0,0,False
11596,,0,0,0,0,False
11597,,0,0,0,0,False
11598,,0,0,0,0,False
11599,,0,0,0,0,False
11600,,0,0,0,0,False
11601,,0,0,0,0,False
11602,,0,0,0,0,False
11603,,0,0,0,0,False
11604,,0,0,0,0,False
11605,,0,0,0,0,False
11606,,0,0,0,0,False
11607,,0,0,0,0,False
11608,,0,0,0,0,False
11609,,0,0,0,0,False
11610,,0,0,0,0,False
11611,,0,0,0,0,False
11612,,0,0,0,0,False
11613,,0,0,0,0,False
11614,,0,0,0,0,False
11615,,0,0,0,0,False
11616,,0,0,0,0,False
11617,,0,0,0,0,False
11618,,0,0,0,0,False
11619,,0,0,0,0,False
11620,,0,0,0,0,False
11621,,0,0,0,0,False
11622,,0,0,0,0,False
11623,,0,0,0,0,False
11624,,0,0,0,0,False
11625,,0,0,0,0,False
11626,,0,0,0,0,False
11627,,0,0,0,0,False
11628,,0,0,0,0,False
11629,,0,0,0,0,False
11630,,0,0,0,0,False
11631,,0,0,0,0,False
11632,,0,0,0,0,False
11633,,0,0,0,0,False
11634,,0,0,0,0,False
11635,,0,0,0,0,False
11636,,0,0,0,0,False
11637,,0,0,0,0,False
11638,,0,0,0,0,False
11639,,0,0,0,0,False
11640,,0,0,0,0,False
11641,,0,0,0,0,False
11642,,0,0,0,0,False
11643,,0,0,0,0,False
11644,,0,0,0,0,False
11645,,0,0,0,0,False
11646,,0,0,0,0,False
11647,,0,0,0,0,False
11648,,0,0,0,0,False
11649,,0,0,0,0,False
11650,,0,0,0,0,False
11651,,0,0,0,0,False
11652,,0,0,0,0,False
11653,,0,0,0,0,False
11654,,0,0,0,0,False
11655,,0,0,0,0,False
11656,,0,0,0,0,False
11657,,0,0,0,0,False
11658,,0,0,0,0,False
11659,,0,0,0,0,False
11660,,0,0,0,0,False
11661,,0,0,0,0,False
11662,,0,0,0,0,False
11663,,0,0,0,0,False
11664,,0,0,0,0,False
11665,,0,0,0,0,False
11666,,0,0,0,0,False
11667,,0,0,0,0,False
11668,,0,0,0,0,False
11669,,0,0,0,0,False
11670,,0,0,0,0,False
11671,,0,0,0,0,False
11672,,0,0,0,0,False
11673,,0,0,0,0,False
11674,,0,0,0,0,False
11675,,0,0,0,0,False
11676,,0,0,0,0,False
11677,,0,0,0,0,False
11678,,0,0,0,0,False
11679,,0,0,0,0,False
11680,,0,0,0,0,False
11681,,0,0,0,0,False
11682,,0,0,0,0,False
11683,,0,0,0,0,False
11684,,0,0,0,0,False
11685,,0,0,0,0,False
11686,,0,0,0,0,False
11687,,0,0,0,0,False
11688,,0,0,0,0,False
11689,,0,0,0,0,False
11690,,0,0,0,0,False
11691,,0,0,0,0,False
11692,,0,0,0,0,False
11693,,0,0,0,0,False
11694,,0,0,0,0,False
11695,,0,0,0,0,False
11696,,0,0,0,0,False
11697,,0,0,0,0,False
11698,,0,0,0,0,False
11699,,0,0,0,0,False
